dataset,column,data_path,data_type,storage,algorithm,generic_matcher,requested_index,actual_index,pattern_name,pattern,iteration,row_count,total_input_sequence_bytes,total_loaded_symbols,records_seen,records_loaded,records_skipped,records_truncated,records_invalid_dna,load_ns,index_build_ns,compile_ns,candidate_prepare_ns,execute_ns,query_total_ns,candidate_rows_seen,rows_after_len_filter,rows_matched,ns_per_table_row,ns_per_candidate_row,ns_per_loaded_symbol,fallback_reason
job_movie_info_info,movie_info.info,benchmarks/job/../../data/job/movie_info__info.csv,job-csv,utf8,BM,static,full-scan,full-scan,prefix_japan_200,Japan:%200%,0,6674158,100000014,100000000,6674158,6674158,0,1,0,1959891761,0,44407440,190,43774133,43774323,6674158,4439405,54763,6.558778350767243,6.5587498827567465,0.43774323,
job_movie_info_info,movie_info.info,benchmarks/job/../../data/job/movie_info__info.csv,job-csv,utf8,BM,static,full-scan,full-scan,prefix_japan_200,Japan:%200%,1,6674158,100000014,100000000,6674158,6674158,0,1,0,1959891761,0,44407440,150,45482756,45482906,6674158,4439405,54763,6.8147781338110365,6.8147556590659075,0.45482906,
job_movie_info_info,movie_info.info,benchmarks/job/../../data/job/movie_info__info.csv,job-csv,utf8,BM,static,full-scan,full-scan,prefix_japan_200,Japan:%200%,2,6674158,100000014,100000000,6674158,6674158,0,1,0,1959891761,0,44407440,110,43907877,43907987,6674158,4439405,54763,6.57880544631997,6.578788964840209,0.43907987,
job_movie_info_info,movie_info.info,benchmarks/job/../../data/job/movie_info__info.csv,job-csv,utf8,BM,static,full-scan,full-scan,prefix_japan_200,Japan:%200%,3,6674158,100000014,100000000,6674158,6674158,0,1,0,1959891761,0,44407440,120,43573861,43573981,6674158,4439405,54763,6.528760781509817,6.528742801713714,0.43573981,
job_movie_info_info,movie_info.info,benchmarks/job/../../data/job/movie_info__info.csv,job-csv,utf8,BM,static,full-scan,full-scan,prefix_japan_200,Japan:%200%,4,6674158,100000014,100000000,6674158,6674158,0,1,0,1959891761,0,44407440,120,43480654,43480774,6674158,4439405,54763,6.514795424381623,6.514777444585519,0.43480774,
job_movie_info_info,movie_info.info,benchmarks/job/../../data/job/movie_info__info.csv,job-csv,utf8,BM,static,full-scan,full-scan,prefix_japan_2007,Japan:%2007%,0,6674158,100000014,100000000,6674158,6674158,0,1,0,1959891761,0,4688,160,38823633,38823793,6674158,3725759,8501,5.817032350747465,5.817008377685994,0.38823793,
job_movie_info_info,movie_info.info,benchmarks/job/../../data/job/movie_info__info.csv,job-csv,utf8,BM,static,full-scan,full-scan,prefix_japan_2007,Japan:%2007%,1,6674158,100000014,100000000,6674158,6674158,0,1,0,1959891761,0,4688,100,39256727,39256827,6674158,3725759,8501,5.881914542628448,5.881899559465029,0.39256827,
job_movie_info_info,movie_info.info,benchmarks/job/../../data/job/movie_info__info.csv,job-csv,utf8,BM,static,full-scan,full-scan,prefix_japan_2007,Japan:%2007%,2,6674158,100000014,100000000,6674158,6674158,0,1,0,1959891761,0,4688,110,38974612,38974722,6674158,3725759,8501,5.839646289464529,5.8396298079847675,0.38974722,
job_movie_info_info,movie_info.info,benchmarks/job/../../data/job/movie_info__info.csv,job-csv,utf8,BM,static,full-scan,full-scan,prefix_japan_2007,Japan:%2007%,3,6674158,100000014,100000000,6674158,6674158,0,1,0,1959891761,0,4688,110,39926257,39926367,6674158,3725759,8501,5.9822328149858,5.982216333506039,0.39926367,
job_movie_info_info,movie_info.info,benchmarks/job/../../data/job/movie_info__info.csv,job-csv,utf8,BM,static,full-scan,full-scan,prefix_japan_2007,Japan:%2007%,4,6674158,100000014,100000000,6674158,6674158,0,1,0,1959891761,0,4688,120,40428744,40428864,6674158,3725759,8501,6.0575227616727085,6.057504781876605,0.40428864,
job_movie_info_info,movie_info.info,benchmarks/job/../../data/job/movie_info__info.csv,job-csv,utf8,BM,static,full-scan,full-scan,prefix_japan_201,Japan:%201%,0,6674158,100000014,100000000,6674158,6674158,0,1,0,1959891761,0,8057,160,45206150,45206310,6674158,4439405,23878,6.773335303119884,6.773311330058413,0.4520631,
job_movie_info_info,movie_info.info,benchmarks/job/../../data/job/movie_info__info.csv,job-csv,utf8,BM,static,full-scan,full-scan,prefix_japan_201,Japan:%201%,1,6674158,100000014,100000000,6674158,6674158,0,1,0,1959891761,0,8057,120,45192665,45192785,6674158,4439405,23878,6.7713088302674285,6.771290850471325,0.45192785,
job_movie_info_info,movie_info.info,benchmarks/job/../../data/job/movie_info__info.csv,job-csv,utf8,BM,static,full-scan,full-scan,prefix_japan_201,Japan:%201%,2,6674158,100000014,100000000,6674158,6674158,0,1,0,1959891761,0,8057,110,44667747,44667857,6674158,4439405,23878,6.692658010193945,6.692641528714184,0.44667857,
job_movie_info_info,movie_info.info,benchmarks/job/../../data/job/movie_info__info.csv,job-csv,utf8,BM,static,full-scan,full-scan,prefix_japan_201,Japan:%201%,3,6674158,100000014,100000000,6674158,6674158,0,1,0,1959891761,0,8057,180,44787609,44787789,6674158,4439405,23878,6.7106276177459385,6.710600648051784,0.44787789,
job_movie_info_info,movie_info.info,benchmarks/job/../../data/job/movie_info__info.csv,job-csv,utf8,BM,static,full-scan,full-scan,prefix_japan_201,Japan:%201%,4,6674158,100000014,100000000,6674158,6674158,0,1,0,1959891761,0,8057,130,46631974,46632104,6674158,4439405,23878,6.986964348161971,6.986944870049525,0.46632104,
job_movie_info_info,movie_info.info,benchmarks/job/../../data/job/movie_info__info.csv,job-csv,utf8,BM,static,full-scan,full-scan,prefix_usa_space_199,USA:% 199%,0,6674158,100000014,100000000,6674158,6674158,0,1,0,1959891761,0,5338,160,57656519,57656679,6674158,4607775,78136,8.638794436691489,8.638770463630019,0.57656679,
job_movie_info_info,movie_info.info,benchmarks/job/../../data/job/movie_info__info.csv,job-csv,utf8,BM,static,full-scan,full-scan,prefix_usa_space_199,USA:% 199%,1,6674158,100000014,100000000,6674158,6674158,0,1,0,1959891761,0,5338,110,57705973,57706083,6674158,4607775,78136,8.646196718747143,8.646180237267382,0.57706083,
job_movie_info_info,movie_info.info,benchmarks/job/../../data/job/movie_info__info.csv,job-csv,utf8,BM,static,full-scan,full-scan,prefix_usa_space_199,USA:% 199%,2,6674158,100000014,100000000,6674158,6674158,0,1,0,1959891761,0,5338,140,57105000,57105140,6674158,4607775,78136,8.556156447000506,8.556135470571718,0.5710514,
job_movie_info_info,movie_info.info,benchmarks/job/../../data/job/movie_info__info.csv,job-csv,utf8,BM,static,full-scan,full-scan,prefix_usa_space_199,USA:% 199%,3,6674158,100000014,100000000,6674158,6674158,0,1,0,1959891761,0,5338,110,56053788,56053898,6674158,4607775,78136,8.398647140208547,8.398630658728786,0.56053898,
job_movie_info_info,movie_info.info,benchmarks/job/../../data/job/movie_info__info.csv,job-csv,utf8,BM,static,full-scan,full-scan,prefix_usa_space_199,USA:% 199%,4,6674158,100000014,100000000,6674158,6674158,0,1,0,1959891761,0,5338,109,56252578,56252687,6674158,4607775,78136,8.428432020938072,8.428415689289945,0.56252687,
job_movie_info_info,movie_info.info,benchmarks/job/../../data/job/movie_info__info.csv,job-csv,utf8,BM,static,full-scan,full-scan,prefix_usa_space_200,USA:% 200%,0,6674158,100000014,100000000,6674158,6674158,0,1,0,1959891761,0,4678,160,59667205,59667365,6674158,4607775,268914,8.940058805919788,8.940034832858316,0.59667365,
job_movie_info_info,movie_info.info,benchmarks/job/../../data/job/movie_info__info.csv,job-csv,utf8,BM,static,full-scan,full-scan,prefix_usa_space_200,USA:% 200%,1,6674158,100000014,100000000,6674158,6674158,0,1,0,1959891761,0,4678,120,58495908,58496028,6674158,4607775,268914,8.764555469019463,8.76453748922336,0.58496028,
job_movie_info_info,movie_info.info,benchmarks/job/../../data/job/movie_info__info.csv,job-csv,utf8,BM,static,full-scan,full-scan,prefix_usa_space_200,USA:% 200%,2,6674158,100000014,100000000,6674158,6674158,0,1,0,1959891761,0,4678,110,58081647,58081757,6674158,4607775,268914,8.702484568090837,8.702468086611075,0.58081757,
job_movie_info_info,movie_info.info,benchmarks/job/../../data/job/movie_info__info.csv,job-csv,utf8,BM,static,full-scan,full-scan,prefix_usa_space_200,USA:% 200%,3,6674158,100000014,100000000,6674158,6674158,0,1,0,1959891761,0,4678,110,58947197,58947307,6674158,4607775,268914,8.83217133906629,8.83215485758653,0.58947307,
job_movie_info_info,movie_info.info,benchmarks/job/../../data/job/movie_info__info.csv,job-csv,utf8,BM,static,full-scan,full-scan,prefix_usa_space_200,USA:% 200%,4,6674158,100000014,100000000,6674158,6674158,0,1,0,1959891761,0,4678,100,59042053,59042153,6674158,4607775,268914,8.846382270242929,8.84636728707951,0.59042153,
job_movie_info_info,movie_info.info,benchmarks/job/../../data/job/movie_info__info.csv,job-csv,utf8,BM,static,full-scan,full-scan,prefix_usa_200,USA:%200%,0,6674158,100000014,100000000,6674158,6674158,0,1,0,1959891761,0,4392,150,69073674,69073824,6674158,5402091,294734,10.34944392985602,10.349421455110893,0.69073824,
job_movie_info_info,movie_info.info,benchmarks/job/../../data/job/movie_info__info.csv,job-csv,utf8,BM,static,full-scan,full-scan,prefix_usa_200,USA:%200%,1,6674158,100000014,100000000,6674158,6674158,0,1,0,1959891761,0,4392,120,68178574,68178694,6674158,5402091,294734,10.215325139141147,10.215307159345045,0.68178694,
job_movie_info_info,movie_info.info,benchmarks/job/../../data/job/movie_info__info.csv,job-csv,utf8,BM,static,full-scan,full-scan,prefix_usa_200,USA:%200%,2,6674158,100000014,100000000,6674158,6674158,0,1,0,1959891761,0,4392,130,67760589,67760719,6674158,5402091,294734,10.152699261839471,10.152679783727026,0.67760719,
job_movie_info_info,movie_info.info,benchmarks/job/../../data/job/movie_info__info.csv,job-csv,utf8,BM,static,full-scan,full-scan,prefix_usa_200,USA:%200%,3,6674158,100000014,100000000,6674158,6674158,0,1,0,1959891761,0,4392,120,67937437,67937557,6674158,5402091,294734,10.179195188366831,10.17917720857073,0.67937557,
job_movie_info_info,movie_info.info,benchmarks/job/../../data/job/movie_info__info.csv,job-csv,utf8,BM,static,full-scan,full-scan,prefix_usa_200,USA:%200%,4,6674158,100000014,100000000,6674158,6674158,0,1,0,1959891761,0,4392,130,68047936,68048066,6674158,5402091,294734,10.195752932429828,10.195733454317384,0.68048066,
job_movie_info_info,movie_info.info,benchmarks/job/../../data/job/movie_info__info.csv,job-csv,utf8,BM,static,full-scan,full-scan,prefix_usa_2008,USA:%2008%,0,6674158,100000014,100000000,6674158,6674158,0,1,0,1959891761,0,6392,180,58730384,58730564,6674158,4607775,45638,8.799696381176473,8.799669411482318,0.58730564,
job_movie_info_info,movie_info.info,benchmarks/job/../../data/job/movie_info__info.csv,job-csv,utf8,BM,static,full-scan,full-scan,prefix_usa_2008,USA:%2008%,1,6674158,100000014,100000000,6674158,6674158,0,1,0,1959891761,0,6392,200,57992125,57992325,6674158,4607775,45638,8.689084825381718,8.68905485905488,0.57992325,
job_movie_info_info,movie_info.info,benchmarks/job/../../data/job/movie_info__info.csv,job-csv,utf8,BM,static,full-scan,full-scan,prefix_usa_2008,USA:%2008%,2,6674158,100000014,100000000,6674158,6674158,0,1,0,1959891761,0,6392,110,57983141,57983251,6674158,4607775,45638,8.687725253133054,8.687708771653293,0.57983251,
job_movie_info_info,movie_info.info,benchmarks/job/../../data/job/movie_info__info.csv,job-csv,utf8,BM,static,full-scan,full-scan,prefix_usa_2008,USA:%2008%,3,6674158,100000014,100000000,6674158,6674158,0,1,0,1959891761,0,6392,111,57170220,57170331,6674158,4607775,45638,8.565924121065159,8.565907489753764,0.57170331,
job_movie_info_info,movie_info.info,benchmarks/job/../../data/job/movie_info__info.csv,job-csv,utf8,BM,static,full-scan,full-scan,prefix_usa_2008,USA:%2008%,4,6674158,100000014,100000000,6674158,6674158,0,1,0,1959891761,0,6392,120,57329990,57330110,6674158,4607775,45638,8.589864069744827,8.589846089948725,0.5733011,
job_movie_info_info,movie_info.info,benchmarks/job/../../data/job/movie_info__info.csv,job-csv,utf8,BM,static,full-scan,full-scan,prefix_usa_201,USA:%201%,0,6674158,100000014,100000000,6674158,6674158,0,1,0,1959891761,0,4702,170,68533100,68533270,6674158,5402091,227707,10.268451840666643,10.26842636928883,0.6853327,
job_movie_info_info,movie_info.info,benchmarks/job/../../data/job/movie_info__info.csv,job-csv,utf8,BM,static,full-scan,full-scan,prefix_usa_201,USA:%201%,1,6674158,100000014,100000000,6674158,6674158,0,1,0,1959891761,0,4702,110,69686114,69686224,6674158,5402091,227707,10.441200822635604,10.441184341155843,0.69686224,
job_movie_info_info,movie_info.info,benchmarks/job/../../data/job/movie_info__info.csv,job-csv,utf8,BM,static,full-scan,full-scan,prefix_usa_201,USA:%201%,2,6674158,100000014,100000000,6674158,6674158,0,1,0,1959891761,0,4702,100,69847923,69848023,6674158,5402091,227707,10.465443431216341,10.465428448052922,0.69848023,
job_movie_info_info,movie_info.info,benchmarks/job/../../data/job/movie_info__info.csv,job-csv,utf8,BM,static,full-scan,full-scan,prefix_usa_201,USA:%201%,3,6674158,100000014,100000000,6674158,6674158,0,1,0,1959891761,0,4702,110,70036947,70037057,6674158,5402091,227707,10.493766704354318,10.493750222874556,0.70037057,
job_movie_info_info,movie_info.info,benchmarks/job/../../data/job/movie_info__info.csv,job-csv,utf8,BM,static,full-scan,full-scan,prefix_usa_201,USA:%201%,4,6674158,100000014,100000000,6674158,6674158,0,1,0,1959891761,0,4702,100,70158819,70158919,6674158,5402091,227707,10.512025486960303,10.512010503796883,0.70158919,
job_movie_info_info,movie_info.info,benchmarks/job/../../data/job/movie_info__info.csv,job-csv,utf8,FftStr0,static,full-scan,full-scan,prefix_japan_200,Japan:%200%,0,6674158,100000014,100000000,6674158,6674158,0,1,0,1959891761,0,8224,170,112592183,112592353,6674158,4439405,54763,16.86989624758659,16.869870776208774,1.12592353,
job_movie_info_info,movie_info.info,benchmarks/job/../../data/job/movie_info__info.csv,job-csv,utf8,FftStr0,static,full-scan,full-scan,prefix_japan_200,Japan:%200%,1,6674158,100000014,100000000,6674158,6674158,0,1,0,1959891761,0,8224,120,114380456,114380576,6674158,4439405,54763,17.137828621977484,17.137810642181382,1.14380576,
job_movie_info_info,movie_info.info,benchmarks/job/../../data/job/movie_info__info.csv,job-csv,utf8,FftStr0,static,full-scan,full-scan,prefix_japan_200,Japan:%200%,2,6674158,100000014,100000000,6674158,6674158,0,1,0,1959891761,0,8224,120,112148181,112148301,6674158,4439405,54763,16.803363210760068,16.803345230963966,1.12148301,
job_movie_info_info,movie_info.info,benchmarks/job/../../data/job/movie_info__info.csv,job-csv,utf8,FftStr0,static,full-scan,full-scan,prefix_japan_200,Japan:%200%,3,6674158,100000014,100000000,6674158,6674158,0,1,0,1959891761,0,8224,170,112986848,112987018,6674158,4439405,54763,16.929029549495233,16.92900407811742,1.12987018,
job_movie_info_info,movie_info.info,benchmarks/job/../../data/job/movie_info__info.csv,job-csv,utf8,FftStr0,static,full-scan,full-scan,prefix_japan_200,Japan:%200%,4,6674158,100000014,100000000,6674158,6674158,0,1,0,1959891761,0,8224,110,116940147,116940257,6674158,4439405,54763,17.52134980921938,17.52133332773962,1.16940257,
job_movie_info_info,movie_info.info,benchmarks/job/../../data/job/movie_info__info.csv,job-csv,utf8,FftStr0,static,full-scan,full-scan,prefix_japan_2007,Japan:%2007%,0,6674158,100000014,100000000,6674158,6674158,0,1,0,1959891761,0,5022,160,114574585,114574745,6674158,3725759,8501,17.166921280557037,17.166897307495567,1.14574745,
job_movie_info_info,movie_info.info,benchmarks/job/../../data/job/movie_info__info.csv,job-csv,utf8,FftStr0,static,full-scan,full-scan,prefix_japan_2007,Japan:%2007%,1,6674158,100000014,100000000,6674158,6674158,0,1,0,1959891761,0,5022,150,114582668,114582818,6674158,3725759,8501,17.168130871339876,17.168108396594747,1.14582818,
job_movie_info_info,movie_info.info,benchmarks/job/../../data/job/movie_info__info.csv,job-csv,utf8,FftStr0,static,full-scan,full-scan,prefix_japan_2007,Japan:%2007%,2,6674158,100000014,100000000,6674158,6674158,0,1,0,1959891761,0,5022,110,114146991,114147101,6674158,3725759,8501,17.102846681184353,17.10283019970459,1.14147101,
job_movie_info_info,movie_info.info,benchmarks/job/../../data/job/movie_info__info.csv,job-csv,utf8,FftStr0,static,full-scan,full-scan,prefix_japan_2007,Japan:%2007%,3,6674158,100000014,100000000,6674158,6674158,0,1,0,1959891761,0,5022,110,114526972,114527082,6674158,3725759,8501,17.159779855376513,17.15976337389675,1.14527082,
job_movie_info_info,movie_info.info,benchmarks/job/../../data/job/movie_info__info.csv,job-csv,utf8,FftStr0,static,full-scan,full-scan,prefix_japan_2007,Japan:%2007%,4,6674158,100000014,100000000,6674158,6674158,0,1,0,1959891761,0,5022,120,116395315,116395435,6674158,3725759,8501,17.439718238615267,17.439700258819165,1.16395435,
job_movie_info_info,movie_info.info,benchmarks/job/../../data/job/movie_info__info.csv,job-csv,utf8,FftStr0,static,full-scan,full-scan,prefix_japan_201,Japan:%201%,0,6674158,100000014,100000000,6674158,6674158,0,1,0,1959891761,0,4672,150,112893343,112893493,6674158,4439405,23878,16.915016545907363,16.914994071162234,1.12893493,
job_movie_info_info,movie_info.info,benchmarks/job/../../data/job/movie_info__info.csv,job-csv,utf8,FftStr0,static,full-scan,full-scan,prefix_japan_201,Japan:%201%,1,6674158,100000014,100000000,6674158,6674158,0,1,0,1959891761,0,4672,110,112608066,112608176,6674158,4439405,23878,16.872267033534417,16.872250552054656,1.12608176,
job_movie_info_info,movie_info.info,benchmarks/job/../../data/job/movie_info__info.csv,job-csv,utf8,FftStr0,static,full-scan,full-scan,prefix_japan_201,Japan:%201%,2,6674158,100000014,100000000,6674158,6674158,0,1,0,1959891761,0,4672,172,113903450,113903622,6674158,4439405,23878,17.06636582472276,17.066340053681678,1.13903622,
job_movie_info_info,movie_info.info,benchmarks/job/../../data/job/movie_info__info.csv,job-csv,utf8,FftStr0,static,full-scan,full-scan,prefix_japan_201,Japan:%201%,3,6674158,100000014,100000000,6674158,6674158,0,1,0,1959891761,0,4672,121,116493801,116493922,6674158,4439405,23878,17.454474706772,17.454456577144263,1.16493922,
job_movie_info_info,movie_info.info,benchmarks/job/../../data/job/movie_info__info.csv,job-csv,utf8,FftStr0,static,full-scan,full-scan,prefix_japan_201,Japan:%201%,4,6674158,100000014,100000000,6674158,6674158,0,1,0,1959891761,0,4672,151,117895989,117896140,6674158,4439405,23878,17.66457132120636,17.6645486966296,1.1789614,
job_movie_info_info,movie_info.info,benchmarks/job/../../data/job/movie_info__info.csv,job-csv,utf8,FftStr0,static,full-scan,full-scan,prefix_usa_space_199,USA:% 199%,0,6674158,100000014,100000000,6674158,6674158,0,1,0,1959891761,0,4400,161,593495887,593496048,6674158,4607775,78136,88.92448275872403,88.92445863583092,5.93496048,
job_movie_info_info,movie_info.info,benchmarks/job/../../data/job/movie_info__info.csv,job-csv,utf8,FftStr0,static,full-scan,full-scan,prefix_usa_space_199,USA:% 199%,1,6674158,100000014,100000000,6674158,6674158,0,1,0,1959891761,0,4400,110,597867570,597867680,6674158,4607775,78136,89.57949152537294,89.57947504389318,5.9786768,
job_movie_info_info,movie_info.info,benchmarks/job/../../data/job/movie_info__info.csv,job-csv,utf8,FftStr0,static,full-scan,full-scan,prefix_usa_space_199,USA:% 199%,2,6674158,100000014,100000000,6674158,6674158,0,1,0,1959891761,0,4400,120,591857852,591857972,6674158,4607775,78136,88.67904715471225,88.67902917491615,5.91857972,
job_movie_info_info,movie_info.info,benchmarks/job/../../data/job/movie_info__info.csv,job-csv,utf8,FftStr0,static,full-scan,full-scan,prefix_usa_space_199,USA:% 199%,3,6674158,100000014,100000000,6674158,6674158,0,1,0,1959891761,0,4400,111,587160643,587160754,6674158,4607775,78136,87.97525530561309,87.97523867430169,5.87160754,
job_movie_info_info,movie_info.info,benchmarks/job/../../data/job/movie_info__info.csv,job-csv,utf8,FftStr0,static,full-scan,full-scan,prefix_usa_space_199,USA:% 199%,4,6674158,100000014,100000000,6674158,6674158,0,1,0,1959891761,0,4400,191,582750607,582750798,6674158,4607775,78136,87.31450439141537,87.31447577357324,5.82750798,
job_movie_info_info,movie_info.info,benchmarks/job/../../data/job/movie_info__info.csv,job-csv,utf8,FftStr0,static,full-scan,full-scan,prefix_usa_space_200,USA:% 200%,0,6674158,100000014,100000000,6674158,6674158,0,1,0,1959891761,0,4823,231,603307393,603307624,6674158,4607775,268914,90.39456722480948,90.39453261370198,6.03307624,
job_movie_info_info,movie_info.info,benchmarks/job/../../data/job/movie_info__info.csv,job-csv,utf8,FftStr0,static,full-scan,full-scan,prefix_usa_space_200,USA:% 200%,1,6674158,100000014,100000000,6674158,6674158,0,1,0,1959891761,0,4823,121,577757051,577757172,6674158,4607775,268914,86.56630124728842,86.56628311766069,5.77757172,
job_movie_info_info,movie_info.info,benchmarks/job/../../data/job/movie_info__info.csv,job-csv,utf8,FftStr0,static,full-scan,full-scan,prefix_usa_space_200,USA:% 200%,2,6674158,100000014,100000000,6674158,6674158,0,1,0,1959891761,0,4823,151,590727047,590727198,6674158,4607775,268914,88.50962143838969,88.50959881381291,5.90727198,
job_movie_info_info,movie_info.info,benchmarks/job/../../data/job/movie_info__info.csv,job-csv,utf8,FftStr0,static,full-scan,full-scan,prefix_usa_space_200,USA:% 200%,3,6674158,100000014,100000000,6674158,6674158,0,1,0,1959891761,0,4823,121,585456711,585456832,6674158,4607775,268914,87.71995388781626,87.71993575818853,5.85456832,
job_movie_info_info,movie_info.info,benchmarks/job/../../data/job/movie_info__info.csv,job-csv,utf8,FftStr0,static,full-scan,full-scan,prefix_usa_space_200,USA:% 200%,4,6674158,100000014,100000000,6674158,6674158,0,1,0,1959891761,0,4823,110,574450830,574450940,6674158,4607775,268914,86.07092310370837,86.0709066222286,5.7445094,
job_movie_info_info,movie_info.info,benchmarks/job/../../data/job/movie_info__info.csv,job-csv,utf8,FftStr0,static,full-scan,full-scan,prefix_usa_200,USA:%200%,0,6674158,100000014,100000000,6674158,6674158,0,1,0,1959891761,0,4136,421,552319159,552319580,6674158,5402091,294734,82.75494526800234,82.75488218888435,5.5231958,
job_movie_info_info,movie_info.info,benchmarks/job/../../data/job/movie_info__info.csv,job-csv,utf8,FftStr0,static,full-scan,full-scan,prefix_usa_200,USA:%200%,1,6674158,100000014,100000000,6674158,6674158,0,1,0,1959891761,0,4136,111,549922749,549922860,6674158,5402091,294734,82.39584079370012,82.39582416238872,5.4992286,
job_movie_info_info,movie_info.info,benchmarks/job/../../data/job/movie_info__info.csv,job-csv,utf8,FftStr0,static,full-scan,full-scan,prefix_usa_200,USA:%200%,2,6674158,100000014,100000000,6674158,6674158,0,1,0,1959891761,0,4136,111,539141747,539141858,6674158,5402091,294734,80.7805056458058,80.7804890144944,5.39141858,
job_movie_info_info,movie_info.info,benchmarks/job/../../data/job/movie_info__info.csv,job-csv,utf8,FftStr0,static,full-scan,full-scan,prefix_usa_200,USA:%200%,3,6674158,100000014,100000000,6674158,6674158,0,1,0,1959891761,0,4136,121,543976843,543976964,6674158,5402091,294734,81.50495747928053,81.5049393496528,5.43976964,
job_movie_info_info,movie_info.info,benchmarks/job/../../data/job/movie_info__info.csv,job-csv,utf8,FftStr0,static,full-scan,full-scan,prefix_usa_200,USA:%200%,4,6674158,100000014,100000000,6674158,6674158,0,1,0,1959891761,0,4136,121,543694678,543694799,6674158,5402091,294734,81.46268023621856,81.46266210659083,5.43694799,
job_movie_info_info,movie_info.info,benchmarks/job/../../data/job/movie_info__info.csv,job-csv,utf8,FftStr0,static,full-scan,full-scan,prefix_usa_2008,USA:%2008%,0,6674158,100000014,100000000,6674158,6674158,0,1,0,1959891761,0,5487,150,582559482,582559632,6674158,4607775,45638,87.2858616772333,87.28583920248816,5.82559632,
job_movie_info_info,movie_info.info,benchmarks/job/../../data/job/movie_info__info.csv,job-csv,utf8,FftStr0,static,full-scan,full-scan,prefix_usa_2008,USA:%2008%,1,6674158,100000014,100000000,6674158,6674158,0,1,0,1959891761,0,5487,111,585570611,585570722,6674158,4607775,45638,87.73701821263447,87.73700158132307,5.85570722,
job_movie_info_info,movie_info.info,benchmarks/job/../../data/job/movie_info__info.csv,job-csv,utf8,FftStr0,static,full-scan,full-scan,prefix_usa_2008,USA:%2008%,2,6674158,100000014,100000000,6674158,6674158,0,1,0,1959891761,0,5487,131,589026706,589026837,6674158,4607775,45638,88.25485357104222,88.25483394309813,5.89026837,
job_movie_info_info,movie_info.info,benchmarks/job/../../data/job/movie_info__info.csv,job-csv,utf8,FftStr0,static,full-scan,full-scan,prefix_usa_2008,USA:%2008%,3,6674158,100000014,100000000,6674158,6674158,0,1,0,1959891761,0,5487,101,576328147,576328248,6674158,4607775,45638,86.3522032292313,86.35218809623626,5.76328248,
job_movie_info_info,movie_info.info,benchmarks/job/../../data/job/movie_info__info.csv,job-csv,utf8,FftStr0,static,full-scan,full-scan,prefix_usa_2008,USA:%2008%,4,6674158,100000014,100000000,6674158,6674158,0,1,0,1959891761,0,5487,190,581236645,581236835,6674158,4607775,45638,87.08766484101815,87.08763637300765,5.81236835,
job_movie_info_info,movie_info.info,benchmarks/job/../../data/job/movie_info__info.csv,job-csv,utf8,FftStr0,static,full-scan,full-scan,prefix_usa_201,USA:%201%,0,6674158,100000014,100000000,6674158,6674158,0,1,0,1959891761,0,4721,199,546188425,546188624,6674158,5402091,227707,81.83633411135906,81.83630429486387,5.46188624,
job_movie_info_info,movie_info.info,benchmarks/job/../../data/job/movie_info__info.csv,job-csv,utf8,FftStr0,static,full-scan,full-scan,prefix_usa_201,USA:%201%,1,6674158,100000014,100000000,6674158,6674158,0,1,0,1959891761,0,4721,100,539205174,539205274,6674158,5402091,227707,80.79000736871977,80.78999238555635,5.39205274,
job_movie_info_info,movie_info.info,benchmarks/job/../../data/job/movie_info__info.csv,job-csv,utf8,FftStr0,static,full-scan,full-scan,prefix_usa_201,USA:%201%,2,6674158,100000014,100000000,6674158,6674158,0,1,0,1959891761,0,4721,139,544397921,544398060,6674158,5402091,227707,81.56805098111252,81.56803015451537,5.4439806,
job_movie_info_info,movie_info.info,benchmarks/job/../../data/job/movie_info__info.csv,job-csv,utf8,FftStr0,static,full-scan,full-scan,prefix_usa_201,USA:%201%,3,6674158,100000014,100000000,6674158,6674158,0,1,0,1959891761,0,4721,100,556192267,556192367,6674158,5402091,227707,83.33521127309243,83.335196289929,5.56192367,
job_movie_info_info,movie_info.info,benchmarks/job/../../data/job/movie_info__info.csv,job-csv,utf8,FftStr0,static,full-scan,full-scan,prefix_usa_201,USA:%201%,4,6674158,100000014,100000000,6674158,6674158,0,1,0,1959891761,0,4721,109,538183708,538183817,6674158,5402091,227707,80.63696079715224,80.63694446550411,5.38183817,
job_movie_info_info,movie_info.info,benchmarks/job/../../data/job/movie_info__info.csv,job-csv,utf8,FftStr1,static,full-scan,full-scan,prefix_japan_200,Japan:%200%,0,6674158,100000014,100000000,6674158,6674158,0,1,0,1959891761,0,5880,190,119779869,119780059,6674158,4439405,54763,17.946841983662956,17.94681351565246,1.19780059,
job_movie_info_info,movie_info.info,benchmarks/job/../../data/job/movie_info__info.csv,job-csv,utf8,FftStr1,static,full-scan,full-scan,prefix_japan_200,Japan:%200%,1,6674158,100000014,100000000,6674158,6674158,0,1,0,1959891761,0,5880,100,118494929,118495029,6674158,4439405,54763,17.754303838776366,17.75428885561295,1.18495029,
job_movie_info_info,movie_info.info,benchmarks/job/../../data/job/movie_info__info.csv,job-csv,utf8,FftStr1,static,full-scan,full-scan,prefix_japan_200,Japan:%200%,2,6674158,100000014,100000000,6674158,6674158,0,1,0,1959891761,0,5880,110,117170992,117171102,6674158,4439405,54763,17.555937692814584,17.555921211334823,1.17171102,
job_movie_info_info,movie_info.info,benchmarks/job/../../data/job/movie_info__info.csv,job-csv,utf8,FftStr1,static,full-scan,full-scan,prefix_japan_200,Japan:%200%,3,6674158,100000014,100000000,6674158,6674158,0,1,0,1959891761,0,5880,100,132411186,132411286,6674158,4439405,54763,19.839399366931378,19.83938438376796,1.32411286,
job_movie_info_info,movie_info.info,benchmarks/job/../../data/job/movie_info__info.csv,job-csv,utf8,FftStr1,static,full-scan,full-scan,prefix_japan_200,Japan:%200%,4,6674158,100000014,100000000,6674158,6674158,0,1,0,1959891761,0,5880,110,129482264,129482374,6674158,4439405,54763,19.400555695564893,19.400539214085132,1.29482374,
job_movie_info_info,movie_info.info,benchmarks/job/../../data/job/movie_info__info.csv,job-csv,utf8,FftStr1,static,full-scan,full-scan,prefix_japan_2007,Japan:%2007%,0,6674158,100000014,100000000,6674158,6674158,0,1,0,1959891761,0,5188,241,120568682,120568923,6674158,3725759,8501,18.065038765938716,18.065002656514874,1.20568923,
job_movie_info_info,movie_info.info,benchmarks/job/../../data/job/movie_info__info.csv,job-csv,utf8,FftStr1,static,full-scan,full-scan,prefix_japan_2007,Japan:%2007%,1,6674158,100000014,100000000,6674158,6674158,0,1,0,1959891761,0,5188,111,121228393,121228504,6674158,3725759,8501,18.163864865051142,18.163848233739746,1.21228504,
job_movie_info_info,movie_info.info,benchmarks/job/../../data/job/movie_info__info.csv,job-csv,utf8,FftStr1,static,full-scan,full-scan,prefix_japan_2007,Japan:%2007%,2,6674158,100000014,100000000,6674158,6674158,0,1,0,1959891761,0,5188,110,122631640,122631750,6674158,3725759,8501,18.374115506405452,18.37409902492569,1.2263175,
job_movie_info_info,movie_info.info,benchmarks/job/../../data/job/movie_info__info.csv,job-csv,utf8,FftStr1,static,full-scan,full-scan,prefix_japan_2007,Japan:%2007%,3,6674158,100000014,100000000,6674158,6674158,0,1,0,1959891761,0,5188,110,122786269,122786379,6674158,3725759,8501,18.39728382216903,18.397267340689268,1.22786379,
job_movie_info_info,movie_info.info,benchmarks/job/../../data/job/movie_info__info.csv,job-csv,utf8,FftStr1,static,full-scan,full-scan,prefix_japan_2007,Japan:%2007%,4,6674158,100000014,100000000,6674158,6674158,0,1,0,1959891761,0,5188,110,142374809,142374919,6674158,3725759,8501,21.33226678181727,21.33225030033751,1.42374919,
job_movie_info_info,movie_info.info,benchmarks/job/../../data/job/movie_info__info.csv,job-csv,utf8,FftStr1,static,full-scan,full-scan,prefix_japan_201,Japan:%201%,0,6674158,100000014,100000000,6674158,6674158,0,1,0,1959891761,0,4807,151,119370377,119370528,6674158,4439405,23878,17.885481284680406,17.88545866010364,1.19370528,
job_movie_info_info,movie_info.info,benchmarks/job/../../data/job/movie_info__info.csv,job-csv,utf8,FftStr1,static,full-scan,full-scan,prefix_japan_201,Japan:%201%,1,6674158,100000014,100000000,6674158,6674158,0,1,0,1959891761,0,4807,100,123510925,123511025,6674158,4439405,23878,18.5058587165602,18.505843733396784,1.23511025,
job_movie_info_info,movie_info.info,benchmarks/job/../../data/job/movie_info__info.csv,job-csv,utf8,FftStr1,static,full-scan,full-scan,prefix_japan_201,Japan:%201%,2,6674158,100000014,100000000,6674158,6674158,0,1,0,1959891761,0,4807,110,122040001,122040111,6674158,4439405,23878,18.28546926818334,18.28545278670358,1.22040111,
job_movie_info_info,movie_info.info,benchmarks/job/../../data/job/movie_info__info.csv,job-csv,utf8,FftStr1,static,full-scan,full-scan,prefix_japan_201,Japan:%201%,3,6674158,100000014,100000000,6674158,6674158,0,1,0,1959891761,0,4807,110,121781914,121782024,6674158,4439405,23878,18.246799671209462,18.2467831897297,1.21782024,
job_movie_info_info,movie_info.info,benchmarks/job/../../data/job/movie_info__info.csv,job-csv,utf8,FftStr1,static,full-scan,full-scan,prefix_japan_201,Japan:%201%,4,6674158,100000014,100000000,6674158,6674158,0,1,0,1959891761,0,4807,100,121278842,121278942,6674158,4439405,23878,18.17142207301655,18.171407089853133,1.21278942,
job_movie_info_info,movie_info.info,benchmarks/job/../../data/job/movie_info__info.csv,job-csv,utf8,FftStr1,static,full-scan,full-scan,prefix_usa_space_199,USA:% 199%,0,6674158,100000014,100000000,6674158,6674158,0,1,0,1959891761,0,4857,170,626446011,626446181,6674158,4607775,78136,93.86145503297944,93.86142956160162,6.26446181,
job_movie_info_info,movie_info.info,benchmarks/job/../../data/job/movie_info__info.csv,job-csv,utf8,FftStr1,static,full-scan,full-scan,prefix_usa_space_199,USA:% 199%,1,6674158,100000014,100000000,6674158,6674158,0,1,0,1959891761,0,4857,451,626235290,626235741,6674158,4607775,78136,93.82992446387993,93.82985688981292,6.26235741,
job_movie_info_info,movie_info.info,benchmarks/job/../../data/job/movie_info__info.csv,job-csv,utf8,FftStr1,static,full-scan,full-scan,prefix_usa_space_199,USA:% 199%,2,6674158,100000014,100000000,6674158,6674158,0,1,0,1959891761,0,4857,120,623498115,623498235,6674158,4607775,78136,93.41975946628773,93.41974148649163,6.23498235,
job_movie_info_info,movie_info.info,benchmarks/job/../../data/job/movie_info__info.csv,job-csv,utf8,FftStr1,static,full-scan,full-scan,prefix_usa_space_199,USA:% 199%,3,6674158,100000014,100000000,6674158,6674158,0,1,0,1959891761,0,4857,179,620700155,620700334,6674158,4607775,78136,93.00054538714846,93.00051856728594,6.20700334,
job_movie_info_info,movie_info.info,benchmarks/job/../../data/job/movie_info__info.csv,job-csv,utf8,FftStr1,static,full-scan,full-scan,prefix_usa_space_199,USA:% 199%,4,6674158,100000014,100000000,6674158,6674158,0,1,0,1959891761,0,4857,99,620580456,620580555,6674158,4607775,78136,92.9825987038365,92.98258387050471,6.20580555,
job_movie_info_info,movie_info.info,benchmarks/job/../../data/job/movie_info__info.csv,job-csv,utf8,FftStr1,static,full-scan,full-scan,prefix_usa_space_200,USA:% 200%,0,6674158,100000014,100000000,6674158,6674158,0,1,0,1959891761,0,4557,468,621397828,621398296,6674158,4607775,268914,93.10512217421284,93.10505205300804,6.21398296,
job_movie_info_info,movie_info.info,benchmarks/job/../../data/job/movie_info__info.csv,job-csv,utf8,FftStr1,static,full-scan,full-scan,prefix_usa_space_200,USA:% 200%,1,6674158,100000014,100000000,6674158,6674158,0,1,0,1959891761,0,4557,110,616451804,616451914,6674158,4607775,268914,92.36399767581169,92.36398119433193,6.16451914,
job_movie_info_info,movie_info.info,benchmarks/job/../../data/job/movie_info__info.csv,job-csv,utf8,FftStr1,static,full-scan,full-scan,prefix_usa_space_200,USA:% 200%,2,6674158,100000014,100000000,6674158,6674158,0,1,0,1959891761,0,4557,110,619404935,619405045,6674158,4607775,268914,92.8064701195267,92.80645363804693,6.19405045,
job_movie_info_info,movie_info.info,benchmarks/job/../../data/job/movie_info__info.csv,job-csv,utf8,FftStr1,static,full-scan,full-scan,prefix_usa_space_200,USA:% 200%,3,6674158,100000014,100000000,6674158,6674158,0,1,0,1959891761,0,4557,281,632886337,632886618,6674158,4607775,268914,94.8264362336043,94.82639413091509,6.32886618,
job_movie_info_info,movie_info.info,benchmarks/job/../../data/job/movie_info__info.csv,job-csv,utf8,FftStr1,static,full-scan,full-scan,prefix_usa_space_200,USA:% 200%,4,6674158,100000014,100000000,6674158,6674158,0,1,0,1959891761,0,4557,100,633067544,633067644,6674158,4607775,268914,94.85355965501566,94.85354467185223,6.33067644,
job_movie_info_info,movie_info.info,benchmarks/job/../../data/job/movie_info__info.csv,job-csv,utf8,FftStr1,static,full-scan,full-scan,prefix_usa_200,USA:%200%,0,6674158,100000014,100000000,6674158,6674158,0,1,0,1959891761,0,4793,151,590211663,590211814,6674158,5402091,294734,88.43240061143294,88.43237798685617,5.90211814,
job_movie_info_info,movie_info.info,benchmarks/job/../../data/job/movie_info__info.csv,job-csv,utf8,FftStr1,static,full-scan,full-scan,prefix_usa_200,USA:%200%,1,6674158,100000014,100000000,6674158,6674158,0,1,0,1959891761,0,4793,110,585748159,585748269,6674158,5402091,294734,87.76362036979047,87.76360388831071,5.85748269,
job_movie_info_info,movie_info.info,benchmarks/job/../../data/job/movie_info__info.csv,job-csv,utf8,FftStr1,static,full-scan,full-scan,prefix_usa_200,USA:%200%,2,6674158,100000014,100000000,6674158,6674158,0,1,0,1959891761,0,4793,140,585039167,585039307,6674158,5402091,294734,87.65739543474997,87.65737445832119,5.85039307,
job_movie_info_info,movie_info.info,benchmarks/job/../../data/job/movie_info__info.csv,job-csv,utf8,FftStr1,static,full-scan,full-scan,prefix_usa_200,USA:%200%,3,6674158,100000014,100000000,6674158,6674158,0,1,0,1959891761,0,4793,100,587057792,587057892,6674158,5402091,294734,87.95984332405676,87.95982834089334,5.87057892,
job_movie_info_info,movie_info.info,benchmarks/job/../../data/job/movie_info__info.csv,job-csv,utf8,FftStr1,static,full-scan,full-scan,prefix_usa_200,USA:%200%,4,6674158,100000014,100000000,6674158,6674158,0,1,0,1959891761,0,4793,100,591990289,591990389,6674158,5402091,294734,88.69888741021714,88.69887242705371,5.91990389,
job_movie_info_info,movie_info.info,benchmarks/job/../../data/job/movie_info__info.csv,job-csv,utf8,FftStr1,static,full-scan,full-scan,prefix_usa_2008,USA:%2008%,0,6674158,100000014,100000000,6674158,6674158,0,1,0,1959891761,0,4581,179,632997487,632997666,6674158,4607775,45638,94.84307473691813,94.8430479170556,6.32997666,
job_movie_info_info,movie_info.info,benchmarks/job/../../data/job/movie_info__info.csv,job-csv,utf8,FftStr1,static,full-scan,full-scan,prefix_usa_2008,USA:%2008%,1,6674158,100000014,100000000,6674158,6674158,0,1,0,1959891761,0,4581,110,649016760,649016870,6674158,4607775,45638,97.24325825070369,97.24324176922393,6.4901687,
job_movie_info_info,movie_info.info,benchmarks/job/../../data/job/movie_info__info.csv,job-csv,utf8,FftStr1,static,full-scan,full-scan,prefix_usa_2008,USA:%2008%,2,6674158,100000014,100000000,6674158,6674158,0,1,0,1959891761,0,4581,169,649790409,649790578,6674158,4607775,45638,97.35918418473162,97.35915886318544,6.49790578,
job_movie_info_info,movie_info.info,benchmarks/job/../../data/job/movie_info__info.csv,job-csv,utf8,FftStr1,static,full-scan,full-scan,prefix_usa_2008,USA:%2008%,3,6674158,100000014,100000000,6674158,6674158,0,1,0,1959891761,0,4581,140,636742190,636742330,6674158,4607775,45638,95.40414386354054,95.40412288711175,6.3674233,
job_movie_info_info,movie_info.info,benchmarks/job/../../data/job/movie_info__info.csv,job-csv,utf8,FftStr1,static,full-scan,full-scan,prefix_usa_2008,USA:%2008%,4,6674158,100000014,100000000,6674158,6674158,0,1,0,1959891761,0,4581,120,634240228,634240348,6674158,4607775,45638,95.02926781175992,95.02924983196382,6.34240348,
job_movie_info_info,movie_info.info,benchmarks/job/../../data/job/movie_info__info.csv,job-csv,utf8,FftStr1,static,full-scan,full-scan,prefix_usa_201,USA:%201%,0,6674158,100000014,100000000,6674158,6674158,0,1,0,1959891761,0,5239,499,599033948,599034447,6674158,5402091,227707,89.754310131705,89.75423536571954,5.99034447,
job_movie_info_info,movie_info.info,benchmarks/job/../../data/job/movie_info__info.csv,job-csv,utf8,FftStr1,static,full-scan,full-scan,prefix_usa_201,USA:%201%,1,6674158,100000014,100000000,6674158,6674158,0,1,0,1959891761,0,5239,149,593401458,593401607,6674158,5402091,227707,88.91033250935924,88.91031018444573,5.93401607,
job_movie_info_info,movie_info.info,benchmarks/job/../../data/job/movie_info__info.csv,job-csv,utf8,FftStr1,static,full-scan,full-scan,prefix_usa_201,USA:%201%,2,6674158,100000014,100000000,6674158,6674158,0,1,0,1959891761,0,5239,110,613104173,613104283,6674158,5402091,227707,91.86241665240769,91.86240017092793,6.13104283,
job_movie_info_info,movie_info.info,benchmarks/job/../../data/job/movie_info__info.csv,job-csv,utf8,FftStr1,static,full-scan,full-scan,prefix_usa_201,USA:%201%,3,6674158,100000014,100000000,6674158,6674158,0,1,0,1959891761,0,5239,120,602389644,602389764,6674158,5402091,227707,90.2570427610494,90.2570247812533,6.02389764,
job_movie_info_info,movie_info.info,benchmarks/job/../../data/job/movie_info__info.csv,job-csv,utf8,FftStr1,static,full-scan,full-scan,prefix_usa_201,USA:%201%,4,6674158,100000014,100000000,6674158,6674158,0,1,0,1959891761,0,5239,110,594810141,594810251,6674158,5402091,227707,89.12139194187492,89.12137546039516,5.94810251,
job_movie_info_info,movie_info.info,benchmarks/job/../../data/job/movie_info__info.csv,job-csv,utf8,FftstrV2,static,full-scan,full-scan,prefix_japan_200,Japan:%200%,0,6674158,100000014,100000000,6674158,6674158,0,1,0,1959891761,0,28440,159,69147263,69147422,6674158,4439405,54763,10.360471238469332,10.360447415239495,0.69147422,
job_movie_info_info,movie_info.info,benchmarks/job/../../data/job/movie_info__info.csv,job-csv,utf8,FftstrV2,static,full-scan,full-scan,prefix_japan_200,Japan:%200%,1,6674158,100000014,100000000,6674158,6674158,0,1,0,1959891761,0,28440,129,71153858,71153987,6674158,4439405,54763,10.661118151533122,10.661098823252312,0.71153987,
job_movie_info_info,movie_info.info,benchmarks/job/../../data/job/movie_info__info.csv,job-csv,utf8,FftstrV2,static,full-scan,full-scan,prefix_japan_200,Japan:%200%,2,6674158,100000014,100000000,6674158,6674158,0,1,0,1959891761,0,28440,129,72344227,72344356,6674158,4439405,54763,10.839473084095403,10.839453755814592,0.72344356,
job_movie_info_info,movie_info.info,benchmarks/job/../../data/job/movie_info__info.csv,job-csv,utf8,FftstrV2,static,full-scan,full-scan,prefix_japan_200,Japan:%200%,3,6674158,100000014,100000000,6674158,6674158,0,1,0,1959891761,0,28440,109,71986611,71986720,6674158,4439405,54763,10.785887897769276,10.78587156612115,0.7198672,
job_movie_info_info,movie_info.info,benchmarks/job/../../data/job/movie_info__info.csv,job-csv,utf8,FftstrV2,static,full-scan,full-scan,prefix_japan_200,Japan:%200%,4,6674158,100000014,100000000,6674158,6674158,0,1,0,1959891761,0,28440,119,71159439,71159558,6674158,4439405,54763,10.66195286356721,10.66193503360274,0.71159558,
job_movie_info_info,movie_info.info,benchmarks/job/../../data/job/movie_info__info.csv,job-csv,utf8,FftstrV2,static,full-scan,full-scan,prefix_japan_2007,Japan:%2007%,0,6674158,100000014,100000000,6674158,6674158,0,1,0,1959891761,0,6353,179,51851718,51851897,6674158,3725759,8501,7.769054463499366,7.7690276436368455,0.51851897,
job_movie_info_info,movie_info.info,benchmarks/job/../../data/job/movie_info__info.csv,job-csv,utf8,FftstrV2,static,full-scan,full-scan,prefix_japan_2007,Japan:%2007%,1,6674158,100000014,100000000,6674158,6674158,0,1,0,1959891761,0,6353,139,45714036,45714175,6674158,3725759,8501,6.849429546019138,6.8494087194219855,0.45714175,
job_movie_info_info,movie_info.info,benchmarks/job/../../data/job/movie_info__info.csv,job-csv,utf8,FftstrV2,static,full-scan,full-scan,prefix_japan_2007,Japan:%2007%,2,6674158,100000014,100000000,6674158,6674158,0,1,0,1959891761,0,6353,99,44263460,44263559,6674158,3725759,8501,6.632081380153122,6.632066546821337,0.44263559,
job_movie_info_info,movie_info.info,benchmarks/job/../../data/job/movie_info__info.csv,job-csv,utf8,FftstrV2,static,full-scan,full-scan,prefix_japan_2007,Japan:%2007%,3,6674158,100000014,100000000,6674158,6674158,0,1,0,1959891761,0,6353,109,44313045,44313154,6674158,3725759,8501,6.639512280050907,6.63949594840278,0.44313154,
job_movie_info_info,movie_info.info,benchmarks/job/../../data/job/movie_info__info.csv,job-csv,utf8,FftstrV2,static,full-scan,full-scan,prefix_japan_2007,Japan:%2007%,4,6674158,100000014,100000000,6674158,6674158,0,1,0,1959891761,0,6353,129,45902075,45902204,6674158,3725759,8501,6.87760223836475,6.877582910083938,0.45902204,
job_movie_info_info,movie_info.info,benchmarks/job/../../data/job/movie_info__info.csv,job-csv,utf8,FftstrV2,static,full-scan,full-scan,prefix_japan_201,Japan:%201%,0,6674158,100000014,100000000,6674158,6674158,0,1,0,1959891761,0,5559,308,55787241,55787549,6674158,4439405,23878,8.358739634272968,8.358693486129637,0.55787549,
job_movie_info_info,movie_info.info,benchmarks/job/../../data/job/movie_info__info.csv,job-csv,utf8,FftstrV2,static,full-scan,full-scan,prefix_japan_201,Japan:%201%,1,6674158,100000014,100000000,6674158,6674158,0,1,0,1959891761,0,5559,208,59078649,59078857,6674158,4439405,23878,8.851881690544335,8.851850525564423,0.59078857,
job_movie_info_info,movie_info.info,benchmarks/job/../../data/job/movie_info__info.csv,job-csv,utf8,FftstrV2,static,full-scan,full-scan,prefix_japan_201,Japan:%201%,2,6674158,100000014,100000000,6674158,6674158,0,1,0,1959891761,0,5559,129,54904649,54904778,6674158,4439405,23878,8.22647261272508,8.22645328444427,0.54904778,
job_movie_info_info,movie_info.info,benchmarks/job/../../data/job/movie_info__info.csv,job-csv,utf8,FftstrV2,static,full-scan,full-scan,prefix_japan_201,Japan:%201%,3,6674158,100000014,100000000,6674158,6674158,0,1,0,1959891761,0,5559,129,54613938,54614067,6674158,4439405,23878,8.182914908517299,8.182895580236488,0.54614067,
job_movie_info_info,movie_info.info,benchmarks/job/../../data/job/movie_info__info.csv,job-csv,utf8,FftstrV2,static,full-scan,full-scan,prefix_japan_201,Japan:%201%,4,6674158,100000014,100000000,6674158,6674158,0,1,0,1959891761,0,5559,318,56859705,56860023,6674158,4439405,23878,8.519430166322104,8.51938251986243,0.56860023,
job_movie_info_info,movie_info.info,benchmarks/job/../../data/job/movie_info__info.csv,job-csv,utf8,FftstrV2,static,full-scan,full-scan,prefix_usa_space_199,USA:% 199%,0,6674158,100000014,100000000,6674158,6674158,0,1,0,1959891761,0,6939,268,92472435,92472703,6674158,4607775,78136,13.855336208702282,13.855296053824318,0.92472703,
job_movie_info_info,movie_info.info,benchmarks/job/../../data/job/movie_info__info.csv,job-csv,utf8,FftstrV2,static,full-scan,full-scan,prefix_usa_space_199,USA:% 199%,1,6674158,100000014,100000000,6674158,6674158,0,1,0,1959891761,0,6939,119,102564957,102565076,6674158,4607775,78136,15.367492948174137,15.367475118209668,1.02565076,
job_movie_info_info,movie_info.info,benchmarks/job/../../data/job/movie_info__info.csv,job-csv,utf8,FftstrV2,static,full-scan,full-scan,prefix_usa_space_199,USA:% 199%,2,6674158,100000014,100000000,6674158,6674158,0,1,0,1959891761,0,6939,139,94436049,94436188,6674158,4607775,78136,14.149528374965051,14.149507548367898,0.94436188,
job_movie_info_info,movie_info.info,benchmarks/job/../../data/job/movie_info__info.csv,job-csv,utf8,FftstrV2,static,full-scan,full-scan,prefix_usa_space_199,USA:% 199%,3,6674158,100000014,100000000,6674158,6674158,0,1,0,1959891761,0,6939,109,94235509,94235618,6674158,4607775,78136,14.11947664409503,14.119460312446904,0.94235618,
job_movie_info_info,movie_info.info,benchmarks/job/../../data/job/movie_info__info.csv,job-csv,utf8,FftstrV2,static,full-scan,full-scan,prefix_usa_space_199,USA:% 199%,4,6674158,100000014,100000000,6674158,6674158,0,1,0,1959891761,0,6939,109,93421943,93422052,6674158,4607775,78136,13.997578720791447,13.99756238914332,0.93422052,
job_movie_info_info,movie_info.info,benchmarks/job/../../data/job/movie_info__info.csv,job-csv,utf8,FftstrV2,static,full-scan,full-scan,prefix_usa_space_200,USA:% 200%,0,6674158,100000014,100000000,6674158,6674158,0,1,0,1959891761,0,5082,159,187203429,187203588,6674158,4607775,268914,28.049019516769008,28.04899569353917,1.87203588,
job_movie_info_info,movie_info.info,benchmarks/job/../../data/job/movie_info__info.csv,job-csv,utf8,FftstrV2,static,full-scan,full-scan,prefix_usa_space_200,USA:% 200%,1,6674158,100000014,100000000,6674158,6674158,0,1,0,1959891761,0,5082,129,191814476,191814605,6674158,4607775,268914,28.73989572916913,28.73987640088832,1.91814605,
job_movie_info_info,movie_info.info,benchmarks/job/../../data/job/movie_info__info.csv,job-csv,utf8,FftstrV2,static,full-scan,full-scan,prefix_usa_space_200,USA:% 200%,2,6674158,100000014,100000000,6674158,6674158,0,1,0,1959891761,0,5082,129,188269114,188269243,6674158,4607775,268914,28.208688346904584,28.208669018623773,1.88269243,
job_movie_info_info,movie_info.info,benchmarks/job/../../data/job/movie_info__info.csv,job-csv,utf8,FftstrV2,static,full-scan,full-scan,prefix_usa_space_200,USA:% 200%,3,6674158,100000014,100000000,6674158,6674158,0,1,0,1959891761,0,5082,228,190427206,190427434,6674158,4607775,268914,28.53205363133447,28.532019469721874,1.90427434,
job_movie_info_info,movie_info.info,benchmarks/job/../../data/job/movie_info__info.csv,job-csv,utf8,FftstrV2,static,full-scan,full-scan,prefix_usa_space_200,USA:% 200%,4,6674158,100000014,100000000,6674158,6674158,0,1,0,1959891761,0,5082,120,189715274,189715394,6674158,4607775,268914,28.42536751452393,28.425349534727825,1.89715394,
job_movie_info_info,movie_info.info,benchmarks/job/../../data/job/movie_info__info.csv,job-csv,utf8,FftstrV2,static,full-scan,full-scan,prefix_usa_200,USA:%200%,0,6674158,100000014,100000000,6674158,6674158,0,1,0,1959891761,0,5420,160,201767020,201767180,6674158,5402091,294734,30.231106305844122,30.231082332782652,2.0176718,
job_movie_info_info,movie_info.info,benchmarks/job/../../data/job/movie_info__info.csv,job-csv,utf8,FftstrV2,static,full-scan,full-scan,prefix_usa_200,USA:%200%,1,6674158,100000014,100000000,6674158,6674158,0,1,0,1959891761,0,5420,170,199949422,199949592,6674158,5402091,294734,29.95877412551516,29.958748654137345,1.99949592,
job_movie_info_info,movie_info.info,benchmarks/job/../../data/job/movie_info__info.csv,job-csv,utf8,FftstrV2,static,full-scan,full-scan,prefix_usa_200,USA:%200%,2,6674158,100000014,100000000,6674158,6674158,0,1,0,1959891761,0,5420,110,202643045,202643155,6674158,5402091,294734,30.362355071606036,30.362338590126274,2.02643155,
job_movie_info_info,movie_info.info,benchmarks/job/../../data/job/movie_info__info.csv,job-csv,utf8,FftstrV2,static,full-scan,full-scan,prefix_usa_200,USA:%200%,3,6674158,100000014,100000000,6674158,6674158,0,1,0,1959891761,0,5420,210,207334044,207334254,6674158,5402091,294734,31.06523010093558,31.065198636292397,2.07334254,
job_movie_info_info,movie_info.info,benchmarks/job/../../data/job/movie_info__info.csv,job-csv,utf8,FftstrV2,static,full-scan,full-scan,prefix_usa_200,USA:%200%,4,6674158,100000014,100000000,6674158,6674158,0,1,0,1959891761,0,5420,250,203755326,203755576,6674158,5402091,294734,30.529030927946266,30.52899347003772,2.03755576,
job_movie_info_info,movie_info.info,benchmarks/job/../../data/job/movie_info__info.csv,job-csv,utf8,FftstrV2,static,full-scan,full-scan,prefix_usa_2008,USA:%2008%,0,6674158,100000014,100000000,6674158,6674158,0,1,0,1959891761,0,5569,160,77857871,77858031,6674158,4607775,45638,11.665596019752604,11.665572046691134,0.77858031,
job_movie_info_info,movie_info.info,benchmarks/job/../../data/job/movie_info__info.csv,job-csv,utf8,FftstrV2,static,full-scan,full-scan,prefix_usa_2008,USA:%2008%,1,6674158,100000014,100000000,6674158,6674158,0,1,0,1959891761,0,5569,190,77351139,77351329,6674158,4607775,45638,11.589676031043917,11.58964756303342,0.77351329,
job_movie_info_info,movie_info.info,benchmarks/job/../../data/job/movie_info__info.csv,job-csv,utf8,FftstrV2,static,full-scan,full-scan,prefix_usa_2008,USA:%2008%,2,6674158,100000014,100000000,6674158,6674158,0,1,0,1959891761,0,5569,120,77503518,77503638,6674158,4607775,45638,11.612496737416166,11.612478757620062,0.77503638,
job_movie_info_info,movie_info.info,benchmarks/job/../../data/job/movie_info__info.csv,job-csv,utf8,FftstrV2,static,full-scan,full-scan,prefix_usa_2008,USA:%2008%,3,6674158,100000014,100000000,6674158,6674158,0,1,0,1959891761,0,5569,420,77046307,77046727,6674158,4607775,45638,11.544037015605564,11.543974086319203,0.77046727,
job_movie_info_info,movie_info.info,benchmarks/job/../../data/job/movie_info__info.csv,job-csv,utf8,FftstrV2,static,full-scan,full-scan,prefix_usa_2008,USA:%2008%,4,6674158,100000014,100000000,6674158,6674158,0,1,0,1959891761,0,5569,170,78302352,78302522,6674158,4607775,45638,11.732194832666533,11.73216936128872,0.78302522,
job_movie_info_info,movie_info.info,benchmarks/job/../../data/job/movie_info__info.csv,job-csv,utf8,FftstrV2,static,full-scan,full-scan,prefix_usa_201,USA:%201%,0,6674158,100000014,100000000,6674158,6674158,0,1,0,1959891761,0,7039,280,170355019,170355299,6674158,5402091,227707,25.524612842548827,25.524570889691255,1.70355299,
job_movie_info_info,movie_info.info,benchmarks/job/../../data/job/movie_info__info.csv,job-csv,utf8,FftstrV2,static,full-scan,full-scan,prefix_usa_201,USA:%201%,1,6674158,100000014,100000000,6674158,6674158,0,1,0,1959891761,0,7039,220,169935820,169936040,6674158,5402091,227707,25.461794581428848,25.461761618469325,1.6993604,
job_movie_info_info,movie_info.info,benchmarks/job/../../data/job/movie_info__info.csv,job-csv,utf8,FftstrV2,static,full-scan,full-scan,prefix_usa_201,USA:%201%,2,6674158,100000014,100000000,6674158,6674158,0,1,0,1959891761,0,7039,110,176171007,176171117,6674158,5402091,227707,26.396006357655903,26.39598987617614,1.76171117,
job_movie_info_info,movie_info.info,benchmarks/job/../../data/job/movie_info__info.csv,job-csv,utf8,FftstrV2,static,full-scan,full-scan,prefix_usa_201,USA:%201%,3,6674158,100000014,100000000,6674158,6674158,0,1,0,1959891761,0,7039,110,167862029,167862139,6674158,5402091,227707,25.151058605445062,25.1510421239653,1.67862139,
job_movie_info_info,movie_info.info,benchmarks/job/../../data/job/movie_info__info.csv,job-csv,utf8,FftstrV2,static,full-scan,full-scan,prefix_usa_201,USA:%201%,4,6674158,100000014,100000000,6674158,6674158,0,1,0,1959891761,0,7039,380,168970324,168970704,6674158,5402091,227707,25.317156711003847,25.31709977498285,1.68970704,
job_movie_info_info,movie_info.info,benchmarks/job/../../data/job/movie_info__info.csv,job-csv,utf8,LibcMemmem,static,full-scan,full-scan,prefix_japan_200,Japan:%200%,0,6674158,100000014,100000000,6674158,6674158,0,1,0,1959891761,0,4740,599,45479556,45480155,6674158,4439405,54763,6.814365946985372,6.814276197836491,0.45480155,
job_movie_info_info,movie_info.info,benchmarks/job/../../data/job/movie_info__info.csv,job-csv,utf8,LibcMemmem,static,full-scan,full-scan,prefix_japan_200,Japan:%200%,1,6674158,100000014,100000000,6674158,6674158,0,1,0,1959891761,0,4740,110,44651825,44651935,6674158,4439405,54763,6.69027239091433,6.690255909434568,0.44651935,
job_movie_info_info,movie_info.info,benchmarks/job/../../data/job/movie_info__info.csv,job-csv,utf8,LibcMemmem,static,full-scan,full-scan,prefix_japan_200,Japan:%200%,2,6674158,100000014,100000000,6674158,6674158,0,1,0,1959891761,0,4740,110,44598721,44598831,6674158,4439405,54763,6.682315731812163,6.6822992503324015,0.44598831,
job_movie_info_info,movie_info.info,benchmarks/job/../../data/job/movie_info__info.csv,job-csv,utf8,LibcMemmem,static,full-scan,full-scan,prefix_japan_200,Japan:%200%,3,6674158,100000014,100000000,6674158,6674158,0,1,0,1959891761,0,4740,780,46107954,46108734,6674158,4439405,54763,6.908546965774559,6.908430097099889,0.46108734,
job_movie_info_info,movie_info.info,benchmarks/job/../../data/job/movie_info__info.csv,job-csv,utf8,LibcMemmem,static,full-scan,full-scan,prefix_japan_200,Japan:%200%,4,6674158,100000014,100000000,6674158,6674158,0,1,0,1959891761,0,4740,110,44635036,44635146,6674158,4439405,54763,6.687756867607869,6.687740386128108,0.44635146,
job_movie_info_info,movie_info.info,benchmarks/job/../../data/job/movie_info__info.csv,job-csv,utf8,LibcMemmem,static,full-scan,full-scan,prefix_japan_2007,Japan:%2007%,0,6674158,100000014,100000000,6674158,6674158,0,1,0,1959891761,0,5690,790,43972846,43973636,6674158,3725759,8501,6.588641743273084,6.588523376282072,0.43973636,
job_movie_info_info,movie_info.info,benchmarks/job/../../data/job/movie_info__info.csv,job-csv,utf8,LibcMemmem,static,full-scan,full-scan,prefix_japan_2007,Japan:%2007%,1,6674158,100000014,100000000,6674158,6674158,0,1,0,1959891761,0,5690,350,41000750,41001100,6674158,3725759,8501,6.143261816696578,6.14320937562461,0.410011,
job_movie_info_info,movie_info.info,benchmarks/job/../../data/job/movie_info__info.csv,job-csv,utf8,LibcMemmem,static,full-scan,full-scan,prefix_japan_2007,Japan:%2007%,2,6674158,100000014,100000000,6674158,6674158,0,1,0,1959891761,0,5690,110,40889004,40889114,6674158,3725759,8501,6.126482771309879,6.126466289830118,0.40889114,
job_movie_info_info,movie_info.info,benchmarks/job/../../data/job/movie_info__info.csv,job-csv,utf8,LibcMemmem,static,full-scan,full-scan,prefix_japan_2007,Japan:%2007%,3,6674158,100000014,100000000,6674158,6674158,0,1,0,1959891761,0,5690,110,43292899,43293009,6674158,3725759,8501,6.486662287587438,6.486645806107677,0.43293009,
job_movie_info_info,movie_info.info,benchmarks/job/../../data/job/movie_info__info.csv,job-csv,utf8,LibcMemmem,static,full-scan,full-scan,prefix_japan_2007,Japan:%2007%,4,6674158,100000014,100000000,6674158,6674158,0,1,0,1959891761,0,5690,100,44003513,44003613,6674158,3725759,8501,6.593133246171277,6.593118263007858,0.44003613,
job_movie_info_info,movie_info.info,benchmarks/job/../../data/job/movie_info__info.csv,job-csv,utf8,LibcMemmem,static,full-scan,full-scan,prefix_japan_201,Japan:%201%,0,6674158,100000014,100000000,6674158,6674158,0,1,0,1959891761,0,2539,1010,46266819,46267829,6674158,4439405,23878,6.93238442961644,6.932233099665906,0.46267829,
job_movie_info_info,movie_info.info,benchmarks/job/../../data/job/movie_info__info.csv,job-csv,utf8,LibcMemmem,static,full-scan,full-scan,prefix_japan_201,Japan:%201%,1,6674158,100000014,100000000,6674158,6674158,0,1,0,1959891761,0,2539,110,45765685,45765795,6674158,4439405,23878,6.8571638549761635,6.857147373496402,0.45765795,
job_movie_info_info,movie_info.info,benchmarks/job/../../data/job/movie_info__info.csv,job-csv,utf8,LibcMemmem,static,full-scan,full-scan,prefix_japan_201,Japan:%201%,2,6674158,100000014,100000000,6674158,6674158,0,1,0,1959891761,0,2539,340,46868261,46868601,6674158,4439405,23878,7.022399080153631,7.022348137398006,0.46868601,
job_movie_info_info,movie_info.info,benchmarks/job/../../data/job/movie_info__info.csv,job-csv,utf8,LibcMemmem,static,full-scan,full-scan,prefix_japan_201,Japan:%201%,3,6674158,100000014,100000000,6674158,6674158,0,1,0,1959891761,0,2539,110,44645064,44645174,6674158,4439405,23878,6.689259379235553,6.689242897755792,0.44645174,
job_movie_info_info,movie_info.info,benchmarks/job/../../data/job/movie_info__info.csv,job-csv,utf8,LibcMemmem,static,full-scan,full-scan,prefix_japan_201,Japan:%201%,4,6674158,100000014,100000000,6674158,6674158,0,1,0,1959891761,0,2539,280,57906821,57907101,6674158,4439405,23878,8.676315574189283,8.67627362133171,0.57907101,
job_movie_info_info,movie_info.info,benchmarks/job/../../data/job/movie_info__info.csv,job-csv,utf8,LibcMemmem,static,full-scan,full-scan,prefix_usa_space_199,USA:% 199%,0,6674158,100000014,100000000,6674158,6674158,0,1,0,1959891761,0,6700,710,63926015,63926725,6674158,4607775,78136,9.578245675334626,9.57813929487435,0.63926725,
job_movie_info_info,movie_info.info,benchmarks/job/../../data/job/movie_info__info.csv,job-csv,utf8,LibcMemmem,static,full-scan,full-scan,prefix_usa_space_199,USA:% 199%,1,6674158,100000014,100000000,6674158,6674158,0,1,0,1959891761,0,6700,110,64483977,64484087,6674158,4607775,78136,9.661756134631515,9.661739653151754,0.64484087,
job_movie_info_info,movie_info.info,benchmarks/job/../../data/job/movie_info__info.csv,job-csv,utf8,LibcMemmem,static,full-scan,full-scan,prefix_usa_space_199,USA:% 199%,2,6674158,100000014,100000000,6674158,6674158,0,1,0,1959891761,0,6700,110,65398142,65398252,6674158,4607775,78136,9.798726970503246,9.798710489023485,0.65398252,
job_movie_info_info,movie_info.info,benchmarks/job/../../data/job/movie_info__info.csv,job-csv,utf8,LibcMemmem,static,full-scan,full-scan,prefix_usa_space_199,USA:% 199%,3,6674158,100000014,100000000,6674158,6674158,0,1,0,1959891761,0,6700,110,64565238,64565348,6674158,4607775,78136,9.673931603057644,9.673915121577883,0.64565348,
job_movie_info_info,movie_info.info,benchmarks/job/../../data/job/movie_info__info.csv,job-csv,utf8,LibcMemmem,static,full-scan,full-scan,prefix_usa_space_199,USA:% 199%,4,6674158,100000014,100000000,6674158,6674158,0,1,0,1959891761,0,6700,150,64721917,64722067,6674158,4607775,78136,9.697413066936683,9.697390592191555,0.64722067,
job_movie_info_info,movie_info.info,benchmarks/job/../../data/job/movie_info__info.csv,job-csv,utf8,LibcMemmem,static,full-scan,full-scan,prefix_usa_space_200,USA:% 200%,0,6674158,100000014,100000000,6674158,6674158,0,1,0,1959891761,0,3299,1010,68516080,68517090,6674158,4607775,268914,10.266027564825405,10.26587623487487,0.6851709,
job_movie_info_info,movie_info.info,benchmarks/job/../../data/job/movie_info__info.csv,job-csv,utf8,LibcMemmem,static,full-scan,full-scan,prefix_usa_space_200,USA:% 200%,1,6674158,100000014,100000000,6674158,6674158,0,1,0,1959891761,0,3299,110,66159912,66160022,6674158,4607775,268914,9.912864214482186,9.912847733002426,0.66160022,
job_movie_info_info,movie_info.info,benchmarks/job/../../data/job/movie_info__info.csv,job-csv,utf8,LibcMemmem,static,full-scan,full-scan,prefix_usa_space_200,USA:% 200%,2,6674158,100000014,100000000,6674158,6674158,0,1,0,1959891761,0,3299,110,67226198,67226308,6674158,4607775,268914,10.07262758837894,10.072611106899178,0.67226308,
job_movie_info_info,movie_info.info,benchmarks/job/../../data/job/movie_info__info.csv,job-csv,utf8,LibcMemmem,static,full-scan,full-scan,prefix_usa_space_200,USA:% 200%,3,6674158,100000014,100000000,6674158,6674158,0,1,0,1959891761,0,3299,100,67100023,67100123,6674158,4607775,268914,10.053721083618338,10.053706100454919,0.67100123,
job_movie_info_info,movie_info.info,benchmarks/job/../../data/job/movie_info__info.csv,job-csv,utf8,LibcMemmem,static,full-scan,full-scan,prefix_usa_space_200,USA:% 200%,4,6674158,100000014,100000000,6674158,6674158,0,1,0,1959891761,0,3299,120,67381369,67381489,6674158,4607775,268914,10.09587861120459,10.095860631408486,0.67381489,
job_movie_info_info,movie_info.info,benchmarks/job/../../data/job/movie_info__info.csv,job-csv,utf8,LibcMemmem,static,full-scan,full-scan,prefix_usa_200,USA:%200%,0,6674158,100000014,100000000,6674158,6674158,0,1,0,1959891761,0,3155,603,73312353,73312956,6674158,5402091,294734,10.98460000497441,10.984509656498991,0.73312956,
job_movie_info_info,movie_info.info,benchmarks/job/../../data/job/movie_info__info.csv,job-csv,utf8,LibcMemmem,static,full-scan,full-scan,prefix_usa_200,USA:%200%,1,6674158,100000014,100000000,6674158,6674158,0,1,0,1959891761,0,3155,140,75595657,75595797,6674158,5402091,294734,11.326641802606412,11.326620826177624,0.75595797,
job_movie_info_info,movie_info.info,benchmarks/job/../../data/job/movie_info__info.csv,job-csv,utf8,LibcMemmem,static,full-scan,full-scan,prefix_usa_200,USA:%200%,2,6674158,100000014,100000000,6674158,6674158,0,1,0,1959891761,0,3155,110,74760237,74760347,6674158,5402091,294734,11.201464963820156,11.201448482340394,0.74760347,
job_movie_info_info,movie_info.info,benchmarks/job/../../data/job/movie_info__info.csv,job-csv,utf8,LibcMemmem,static,full-scan,full-scan,prefix_usa_200,USA:%200%,3,6674158,100000014,100000000,6674158,6674158,0,1,0,1959891761,0,3155,101,74639092,74639193,6674158,5402091,294734,11.183312262011178,11.183297129016125,0.74639193,
job_movie_info_info,movie_info.info,benchmarks/job/../../data/job/movie_info__info.csv,job-csv,utf8,LibcMemmem,static,full-scan,full-scan,prefix_usa_200,USA:%200%,4,6674158,100000014,100000000,6674158,6674158,0,1,0,1959891761,0,3155,111,75124588,75124699,6674158,5402091,294734,11.256056419401519,11.256039788090122,0.75124699,
job_movie_info_info,movie_info.info,benchmarks/job/../../data/job/movie_info__info.csv,job-csv,utf8,LibcMemmem,static,full-scan,full-scan,prefix_usa_2008,USA:%2008%,0,6674158,100000014,100000000,6674158,6674158,0,1,0,1959891761,0,2964,371,63943751,63944122,6674158,4607775,45638,9.580852296274676,9.58079670873839,0.63944122,
job_movie_info_info,movie_info.info,benchmarks/job/../../data/job/movie_info__info.csv,job-csv,utf8,LibcMemmem,static,full-scan,full-scan,prefix_usa_2008,USA:%2008%,1,6674158,100000014,100000000,6674158,6674158,0,1,0,1959891761,0,2964,101,65039459,65039560,6674158,4607775,45638,9.744983561971413,9.744968428976359,0.6503956,
job_movie_info_info,movie_info.info,benchmarks/job/../../data/job/movie_info__info.csv,job-csv,utf8,LibcMemmem,static,full-scan,full-scan,prefix_usa_2008,USA:%2008%,2,6674158,100000014,100000000,6674158,6674158,0,1,0,1959891761,0,2964,111,64672111,64672222,6674158,4607775,45638,9.68994470913035,9.689928077818955,0.64672222,
job_movie_info_info,movie_info.info,benchmarks/job/../../data/job/movie_info__info.csv,job-csv,utf8,LibcMemmem,static,full-scan,full-scan,prefix_usa_2008,USA:%2008%,3,6674158,100000014,100000000,6674158,6674158,0,1,0,1959891761,0,2964,111,63958758,63958869,6674158,4607775,45638,9.583061863384115,9.58304523207272,0.63958869,
job_movie_info_info,movie_info.info,benchmarks/job/../../data/job/movie_info__info.csv,job-csv,utf8,LibcMemmem,static,full-scan,full-scan,prefix_usa_2008,USA:%2008%,4,6674158,100000014,100000000,6674158,6674158,0,1,0,1959891761,0,2964,110,66987712,66987822,6674158,4607775,45638,10.036894841266868,10.036878359787107,0.66987822,
job_movie_info_info,movie_info.info,benchmarks/job/../../data/job/movie_info__info.csv,job-csv,utf8,LibcMemmem,static,full-scan,full-scan,prefix_usa_201,USA:%201%,0,6674158,100000014,100000000,6674158,6674158,0,1,0,1959891761,0,1879,542,73598264,73598806,6674158,5402091,227707,11.027429377608382,11.027348168862648,0.73598806,
job_movie_info_info,movie_info.info,benchmarks/job/../../data/job/movie_info__info.csv,job-csv,utf8,LibcMemmem,static,full-scan,full-scan,prefix_usa_201,USA:%201%,1,6674158,100000014,100000000,6674158,6674158,0,1,0,1959891761,0,1879,141,73912231,73912372,6674158,5402091,227707,11.074411483815636,11.074390357555215,0.73912372,
job_movie_info_info,movie_info.info,benchmarks/job/../../data/job/movie_info__info.csv,job-csv,utf8,LibcMemmem,static,full-scan,full-scan,prefix_usa_201,USA:%201%,2,6674158,100000014,100000000,6674158,6674158,0,1,0,1959891761,0,1879,110,75029027,75029137,6674158,5402091,227707,11.2417382087748,11.241721727295038,0.75029137,
job_movie_info_info,movie_info.info,benchmarks/job/../../data/job/movie_info__info.csv,job-csv,utf8,LibcMemmem,static,full-scan,full-scan,prefix_usa_201,USA:%201%,3,6674158,100000014,100000000,6674158,6674158,0,1,0,1959891761,0,1879,111,73927784,73927895,6674158,5402091,227707,11.076737320273208,11.076720688961814,0.73927895,
job_movie_info_info,movie_info.info,benchmarks/job/../../data/job/movie_info__info.csv,job-csv,utf8,LibcMemmem,static,full-scan,full-scan,prefix_usa_201,USA:%201%,4,6674158,100000014,100000000,6674158,6674158,0,1,0,1959891761,0,1879,121,74428682,74428803,6674158,5402091,227707,11.151789184493385,11.151771054865648,0.74428803,
job_movie_info_info,movie_info.info,benchmarks/job/../../data/job/movie_info__info.csv,job-csv,utf8,Naive,static,full-scan,full-scan,prefix_japan_200,Japan:%200%,0,6674158,100000014,100000000,6674158,6674158,0,1,0,1959891761,0,3687,633,43913489,43914122,6674158,4439405,54763,6.5797246633957425,6.579629819971299,0.43914122,
job_movie_info_info,movie_info.info,benchmarks/job/../../data/job/movie_info__info.csv,job-csv,utf8,Naive,static,full-scan,full-scan,prefix_japan_200,Japan:%200%,1,6674158,100000014,100000000,6674158,6674158,0,1,0,1959891761,0,3687,110,45991126,45991236,6674158,4439405,54763,6.89094204842019,6.890925566940429,0.45991236,
job_movie_info_info,movie_info.info,benchmarks/job/../../data/job/movie_info__info.csv,job-csv,utf8,Naive,static,full-scan,full-scan,prefix_japan_200,Japan:%200%,2,6674158,100000014,100000000,6674158,6674158,0,1,0,1959891761,0,3687,231,48585694,48585925,6674158,4439405,54763,7.279708541511903,7.279673930404405,0.48585925,
job_movie_info_info,movie_info.info,benchmarks/job/../../data/job/movie_info__info.csv,job-csv,utf8,Naive,static,full-scan,full-scan,prefix_japan_200,Japan:%200%,3,6674158,100000014,100000000,6674158,6674158,0,1,0,1959891761,0,3687,121,47759943,47760064,6674158,4439405,54763,7.155968438265921,7.155950308638183,0.47760064,
job_movie_info_info,movie_info.info,benchmarks/job/../../data/job/movie_info__info.csv,job-csv,utf8,Naive,static,full-scan,full-scan,prefix_japan_200,Japan:%200%,4,6674158,100000014,100000000,6674158,6674158,0,1,0,1959891761,0,3687,111,45348812,45348923,6674158,4439405,54763,6.794703241967001,6.7946866106556065,0.45348923,
job_movie_info_info,movie_info.info,benchmarks/job/../../data/job/movie_info__info.csv,job-csv,utf8,Naive,static,full-scan,full-scan,prefix_japan_2007,Japan:%2007%,0,6674158,100000014,100000000,6674158,6674158,0,1,0,1959891761,0,3426,291,40523146,40523437,6674158,3725759,8501,6.071692788813211,6.071649187807661,0.40523437,
job_movie_info_info,movie_info.info,benchmarks/job/../../data/job/movie_info__info.csv,job-csv,utf8,Naive,static,full-scan,full-scan,prefix_japan_2007,Japan:%2007%,1,6674158,100000014,100000000,6674158,6674158,0,1,0,1959891761,0,3426,120,41052037,41052157,6674158,3725759,8501,6.150911770443552,6.15089379064745,0.41052157,
job_movie_info_info,movie_info.info,benchmarks/job/../../data/job/movie_info__info.csv,job-csv,utf8,Naive,static,full-scan,full-scan,prefix_japan_2007,Japan:%2007%,2,6674158,100000014,100000000,6674158,6674158,0,1,0,1959891761,0,3426,130,40612601,40612731,6674158,3725759,8501,6.0850718547568095,6.085052376644365,0.40612731,
job_movie_info_info,movie_info.info,benchmarks/job/../../data/job/movie_info__info.csv,job-csv,utf8,Naive,static,full-scan,full-scan,prefix_japan_2007,Japan:%2007%,3,6674158,100000014,100000000,6674158,6674158,0,1,0,1959891761,0,3426,111,41457188,41457299,6674158,3725759,8501,6.211614858383634,6.211598227072239,0.41457299,
job_movie_info_info,movie_info.info,benchmarks/job/../../data/job/movie_info__info.csv,job-csv,utf8,Naive,static,full-scan,full-scan,prefix_japan_2007,Japan:%2007%,4,6674158,100000014,100000000,6674158,6674158,0,1,0,1959891761,0,3426,110,40682882,40682992,6674158,3725759,8501,6.09559917520682,6.095582693727059,0.40682992,
job_movie_info_info,movie_info.info,benchmarks/job/../../data/job/movie_info__info.csv,job-csv,utf8,Naive,static,full-scan,full-scan,prefix_japan_201,Japan:%201%,0,6674158,100000014,100000000,6674158,6674158,0,1,0,1959891761,0,2692,834,48470002,48470836,6674158,4439405,23878,7.262464568564305,7.262339608981388,0.48470836,
job_movie_info_info,movie_info.info,benchmarks/job/../../data/job/movie_info__info.csv,job-csv,utf8,Naive,static,full-scan,full-scan,prefix_japan_201,Japan:%201%,1,6674158,100000014,100000000,6674158,6674158,0,1,0,1959891761,0,2692,211,46889593,46889804,6674158,4439405,23878,7.025575960293418,7.025544345818604,0.46889804,
job_movie_info_info,movie_info.info,benchmarks/job/../../data/job/movie_info__info.csv,job-csv,utf8,Naive,static,full-scan,full-scan,prefix_japan_201,Japan:%201%,2,6674158,100000014,100000000,6674158,6674158,0,1,0,1959891761,0,2692,101,45512405,45512506,6674158,4439405,23878,6.819213150183139,6.819198017188086,0.45512506,
job_movie_info_info,movie_info.info,benchmarks/job/../../data/job/movie_info__info.csv,job-csv,utf8,Naive,static,full-scan,full-scan,prefix_japan_201,Japan:%201%,3,6674158,100000014,100000000,6674158,6674158,0,1,0,1959891761,0,2692,110,46842142,46842252,6674158,4439405,23878,7.018451166424289,7.018434684944528,0.46842252,
job_movie_info_info,movie_info.info,benchmarks/job/../../data/job/movie_info__info.csv,job-csv,utf8,Naive,static,full-scan,full-scan,prefix_japan_201,Japan:%201%,4,6674158,100000014,100000000,6674158,6674158,0,1,0,1959891761,0,2692,111,45824990,45825101,6674158,4439405,23878,6.866049769873593,6.866033138562198,0.45825101,
job_movie_info_info,movie_info.info,benchmarks/job/../../data/job/movie_info__info.csv,job-csv,utf8,Naive,static,full-scan,full-scan,prefix_usa_space_199,USA:% 199%,0,6674158,100000014,100000000,6674158,6674158,0,1,0,1959891761,0,2190,352,59441521,59441873,6674158,4607775,78136,8.906272971062418,8.90622023032718,0.59441873,
job_movie_info_info,movie_info.info,benchmarks/job/../../data/job/movie_info__info.csv,job-csv,utf8,Naive,static,full-scan,full-scan,prefix_usa_space_199,USA:% 199%,1,6674158,100000014,100000000,6674158,6674158,0,1,0,1959891761,0,2190,181,60415502,60415683,6674158,4607775,78136,9.05218051475557,9.05215339522978,0.60415683,
job_movie_info_info,movie_info.info,benchmarks/job/../../data/job/movie_info__info.csv,job-csv,utf8,Naive,static,full-scan,full-scan,prefix_usa_space_199,USA:% 199%,2,6674158,100000014,100000000,6674158,6674158,0,1,0,1959891761,0,2190,101,59768459,59768560,6674158,4607775,78136,8.955221018141915,8.95520588514686,0.5976856,
job_movie_info_info,movie_info.info,benchmarks/job/../../data/job/movie_info__info.csv,job-csv,utf8,Naive,static,full-scan,full-scan,prefix_usa_space_199,USA:% 199%,3,6674158,100000014,100000000,6674158,6674158,0,1,0,1959891761,0,2190,241,60445371,60445612,6674158,4607775,78136,9.056664825735322,9.056628716311481,0.60445612,
job_movie_info_info,movie_info.info,benchmarks/job/../../data/job/movie_info__info.csv,job-csv,utf8,Naive,static,full-scan,full-scan,prefix_usa_space_199,USA:% 199%,4,6674158,100000014,100000000,6674158,6674158,0,1,0,1959891761,0,2190,141,68759220,68759361,6674158,4607775,78136,10.302327424672894,10.302306298412473,0.68759361,
job_movie_info_info,movie_info.info,benchmarks/job/../../data/job/movie_info__info.csv,job-csv,utf8,Naive,static,full-scan,full-scan,prefix_usa_space_200,USA:% 200%,0,6674158,100000014,100000000,6674158,6674158,0,1,0,1959891761,0,3396,683,61223005,61223688,6674158,4607775,268914,9.173245224341407,9.173142889335255,0.61223688,
job_movie_info_info,movie_info.info,benchmarks/job/../../data/job/movie_info__info.csv,job-csv,utf8,Naive,static,full-scan,full-scan,prefix_usa_space_200,USA:% 200%,1,6674158,100000014,100000000,6674158,6674158,0,1,0,1959891761,0,3396,110,60696665,60696775,6674158,4607775,268914,9.094296988474051,9.094280506994291,0.60696775,
job_movie_info_info,movie_info.info,benchmarks/job/../../data/job/movie_info__info.csv,job-csv,utf8,Naive,static,full-scan,full-scan,prefix_usa_space_200,USA:% 200%,2,6674158,100000014,100000000,6674158,6674158,0,1,0,1959891761,0,3396,261,61047276,61047537,6674158,4607775,268914,9.146852232146736,9.146813126090212,0.61047537,
job_movie_info_info,movie_info.info,benchmarks/job/../../data/job/movie_info__info.csv,job-csv,utf8,Naive,static,full-scan,full-scan,prefix_usa_space_200,USA:% 200%,3,6674158,100000014,100000000,6674158,6674158,0,1,0,1959891761,0,3396,151,60637811,60637962,6674158,4607775,268914,9.085484940572279,9.085462315995516,0.60637962,
job_movie_info_info,movie_info.info,benchmarks/job/../../data/job/movie_info__info.csv,job-csv,utf8,Naive,static,full-scan,full-scan,prefix_usa_space_200,USA:% 200%,4,6674158,100000014,100000000,6674158,6674158,0,1,0,1959891761,0,3396,100,60998071,60998171,6674158,4607775,268914,9.139455643693182,9.139440660529763,0.60998171,
job_movie_info_info,movie_info.info,benchmarks/job/../../data/job/movie_info__info.csv,job-csv,utf8,Naive,static,full-scan,full-scan,prefix_usa_200,USA:%200%,0,6674158,100000014,100000000,6674158,6674158,0,1,0,1959891761,0,2421,382,68731900,68732282,6674158,5402091,294734,10.298270133850592,10.29821289816633,0.68732282,
job_movie_info_info,movie_info.info,benchmarks/job/../../data/job/movie_info__info.csv,job-csv,utf8,Naive,static,full-scan,full-scan,prefix_usa_200,USA:%200%,1,6674158,100000014,100000000,6674158,6674158,0,1,0,1959891761,0,2421,110,67781332,67781442,6674158,5402091,294734,10.155804222794846,10.155787741315084,0.67781442,
job_movie_info_info,movie_info.info,benchmarks/job/../../data/job/movie_info__info.csv,job-csv,utf8,Naive,static,full-scan,full-scan,prefix_usa_200,USA:%200%,2,6674158,100000014,100000000,6674158,6674158,0,1,0,1959891761,0,2421,332,68126508,68126840,6674158,5402091,294734,10.20755576958172,10.20750602547917,0.6812684,
job_movie_info_info,movie_info.info,benchmarks/job/../../data/job/movie_info__info.csv,job-csv,utf8,Naive,static,full-scan,full-scan,prefix_usa_200,USA:%200%,3,6674158,100000014,100000000,6674158,6674158,0,1,0,1959891761,0,2421,100,68382779,68382879,6674158,5402091,294734,10.245918511368775,10.245903528205355,0.68382879,
job_movie_info_info,movie_info.info,benchmarks/job/../../data/job/movie_info__info.csv,job-csv,utf8,Naive,static,full-scan,full-scan,prefix_usa_200,USA:%200%,4,6674158,100000014,100000000,6674158,6674158,0,1,0,1959891761,0,2421,121,66845638,66845759,6674158,5402091,294734,10.015609309818556,10.01559118019082,0.66845759,
job_movie_info_info,movie_info.info,benchmarks/job/../../data/job/movie_info__info.csv,job-csv,utf8,Naive,static,full-scan,full-scan,prefix_usa_2008,USA:%2008%,0,6674158,100000014,100000000,6674158,6674158,0,1,0,1959891761,0,2211,643,60643869,60644512,6674158,4607775,45638,9.08646633777624,9.086369996035454,0.60644512,
job_movie_info_info,movie_info.info,benchmarks/job/../../data/job/movie_info__info.csv,job-csv,utf8,Naive,static,full-scan,full-scan,prefix_usa_2008,USA:%2008%,1,6674158,100000014,100000000,6674158,6674158,0,1,0,1959891761,0,2211,101,62234140,62234241,6674158,4607775,45638,9.324658031769701,9.324642898774647,0.62234241,
job_movie_info_info,movie_info.info,benchmarks/job/../../data/job/movie_info__info.csv,job-csv,utf8,Naive,static,full-scan,full-scan,prefix_usa_2008,USA:%2008%,2,6674158,100000014,100000000,6674158,6674158,0,1,0,1959891761,0,2211,201,63016264,63016465,6674158,4607775,45638,9.441859931994419,9.441829815835945,0.63016465,
job_movie_info_info,movie_info.info,benchmarks/job/../../data/job/movie_info__info.csv,job-csv,utf8,Naive,static,full-scan,full-scan,prefix_usa_2008,USA:%2008%,3,6674158,100000014,100000000,6674158,6674158,0,1,0,1959891761,0,2211,110,61270432,61270542,6674158,4607775,45638,9.18026543572987,9.180248954250109,0.61270542,
job_movie_info_info,movie_info.info,benchmarks/job/../../data/job/movie_info__info.csv,job-csv,utf8,Naive,static,full-scan,full-scan,prefix_usa_2008,USA:%2008%,4,6674158,100000014,100000000,6674158,6674158,0,1,0,1959891761,0,2211,110,61715987,61716097,6674158,4607775,45638,9.24702366950258,9.247007188022819,0.61716097,
job_movie_info_info,movie_info.info,benchmarks/job/../../data/job/movie_info__info.csv,job-csv,utf8,Naive,static,full-scan,full-scan,prefix_usa_201,USA:%201%,0,6674158,100000014,100000000,6674158,6674158,0,1,0,1959891761,0,2269,639,67390956,67391595,6674158,5402091,227707,10.097392809699741,10.097297067285492,0.67391595,
job_movie_info_info,movie_info.info,benchmarks/job/../../data/job/movie_info__info.csv,job-csv,utf8,Naive,static,full-scan,full-scan,prefix_usa_201,USA:%201%,1,6674158,100000014,100000000,6674158,6674158,0,1,0,1959891761,0,2269,120,68582567,68582687,6674158,5402091,227707,10.27585607053354,10.27583809073744,0.68582687,
job_movie_info_info,movie_info.info,benchmarks/job/../../data/job/movie_info__info.csv,job-csv,utf8,Naive,static,full-scan,full-scan,prefix_usa_201,USA:%201%,2,6674158,100000014,100000000,6674158,6674158,0,1,0,1959891761,0,2269,130,68022931,68023061,6674158,5402091,227707,10.192006392416841,10.191986914304396,0.68023061,
job_movie_info_info,movie_info.info,benchmarks/job/../../data/job/movie_info__info.csv,job-csv,utf8,Naive,static,full-scan,full-scan,prefix_usa_201,USA:%201%,3,6674158,100000014,100000000,6674158,6674158,0,1,0,1959891761,0,2269,120,70073498,70073618,6674158,5402091,227707,10.499244698732035,10.499226718935931,0.70073618,
job_movie_info_info,movie_info.info,benchmarks/job/../../data/job/movie_info__info.csv,job-csv,utf8,Naive,static,full-scan,full-scan,prefix_usa_201,USA:%201%,4,6674158,100000014,100000000,6674158,6674158,0,1,0,1959891761,0,2269,110,70407965,70408075,6674158,5402091,227707,10.54935693760921,10.549340456129448,0.70408075,
job_movie_info_info,movie_info.info,benchmarks/job/../../data/job/movie_info__info.csv,job-csv,utf8,NaiveAuto,static,full-scan,full-scan,prefix_japan_200,Japan:%200%,0,6674158,100000014,100000000,6674158,6674158,0,1,0,1959891761,0,2939,790,44150644,44151434,6674158,4439405,54763,6.615281508169271,6.615163141178258,0.44151434,
job_movie_info_info,movie_info.info,benchmarks/job/../../data/job/movie_info__info.csv,job-csv,utf8,NaiveAuto,static,full-scan,full-scan,prefix_japan_200,Japan:%200%,1,6674158,100000014,100000000,6674158,6674158,0,1,0,1959891761,0,2939,180,44534957,44535137,6674158,4439405,54763,6.672772355703896,6.6727453860097405,0.44535137,
job_movie_info_info,movie_info.info,benchmarks/job/../../data/job/movie_info__info.csv,job-csv,utf8,NaiveAuto,static,full-scan,full-scan,prefix_japan_200,Japan:%200%,2,6674158,100000014,100000000,6674158,6674158,0,1,0,1959891761,0,2939,230,43896180,43896410,6674158,4439405,54763,6.577070845490922,6.577036384215058,0.4389641,
job_movie_info_info,movie_info.info,benchmarks/job/../../data/job/movie_info__info.csv,job-csv,utf8,NaiveAuto,static,full-scan,full-scan,prefix_japan_200,Japan:%200%,3,6674158,100000014,100000000,6674158,6674158,0,1,0,1959891761,0,2939,110,43439187,43439297,6674158,4439405,54763,6.508580857690213,6.508564376210452,0.43439297,
job_movie_info_info,movie_info.info,benchmarks/job/../../data/job/movie_info__info.csv,job-csv,utf8,NaiveAuto,static,full-scan,full-scan,prefix_japan_200,Japan:%200%,4,6674158,100000014,100000000,6674158,6674158,0,1,0,1959891761,0,2939,110,43729039,43729149,6674158,4439405,54763,6.552009856524224,6.5519933750444626,0.43729149,
job_movie_info_info,movie_info.info,benchmarks/job/../../data/job/movie_info__info.csv,job-csv,utf8,NaiveAuto,static,full-scan,full-scan,prefix_japan_2007,Japan:%2007%,0,6674158,100000014,100000000,6674158,6674158,0,1,0,1959891761,0,2549,680,39742420,39743100,6674158,3725759,8501,5.954773620882214,5.9546717353709635,0.397431,
job_movie_info_info,movie_info.info,benchmarks/job/../../data/job/movie_info__info.csv,job-csv,utf8,NaiveAuto,static,full-scan,full-scan,prefix_japan_2007,Japan:%2007%,1,6674158,100000014,100000000,6674158,6674158,0,1,0,1959891761,0,2549,100,38791107,38791207,6674158,3725759,8501,5.812149937115663,5.812134953952244,0.38791207,
job_movie_info_info,movie_info.info,benchmarks/job/../../data/job/movie_info__info.csv,job-csv,utf8,NaiveAuto,static,full-scan,full-scan,prefix_japan_2007,Japan:%2007%,2,6674158,100000014,100000000,6674158,6674158,0,1,0,1959891761,0,2549,110,39930565,39930675,6674158,3725759,8501,5.982878289665902,5.982861808186141,0.39930675,
job_movie_info_info,movie_info.info,benchmarks/job/../../data/job/movie_info__info.csv,job-csv,utf8,NaiveAuto,static,full-scan,full-scan,prefix_japan_2007,Japan:%2007%,3,6674158,100000014,100000000,6674158,6674158,0,1,0,1959891761,0,2549,120,39627937,39628057,6674158,3725759,8501,5.937536540189789,5.937518560393686,0.39628057,
job_movie_info_info,movie_info.info,benchmarks/job/../../data/job/movie_info__info.csv,job-csv,utf8,NaiveAuto,static,full-scan,full-scan,prefix_japan_2007,Japan:%2007%,4,6674158,100000014,100000000,6674158,6674158,0,1,0,1959891761,0,2549,110,39777293,39777403,6674158,3725759,8501,5.959913295429925,5.959896813950164,0.39777403,
job_movie_info_info,movie_info.info,benchmarks/job/../../data/job/movie_info__info.csv,job-csv,utf8,NaiveAuto,static,full-scan,full-scan,prefix_japan_201,Japan:%201%,0,6674158,100000014,100000000,6674158,6674158,0,1,0,1959891761,0,3089,550,43332361,43332911,6674158,4439405,23878,6.492640869454993,6.492558462056188,0.43332911,
job_movie_info_info,movie_info.info,benchmarks/job/../../data/job/movie_info__info.csv,job-csv,utf8,NaiveAuto,static,full-scan,full-scan,prefix_japan_201,Japan:%201%,1,6674158,100000014,100000000,6674158,6674158,0,1,0,1959891761,0,3089,110,43002376,43002486,6674158,4439405,23878,6.443132751726885,6.443116270247123,0.43002486,
job_movie_info_info,movie_info.info,benchmarks/job/../../data/job/movie_info__info.csv,job-csv,utf8,NaiveAuto,static,full-scan,full-scan,prefix_japan_201,Japan:%201%,2,6674158,100000014,100000000,6674158,6674158,0,1,0,1959891761,0,3089,110,43643139,43643249,6674158,4439405,23878,6.539139319147075,6.539122837667313,0.43643249,
job_movie_info_info,movie_info.info,benchmarks/job/../../data/job/movie_info__info.csv,job-csv,utf8,NaiveAuto,static,full-scan,full-scan,prefix_japan_201,Japan:%201%,3,6674158,100000014,100000000,6674158,6674158,0,1,0,1959891761,0,3089,110,43814459,43814569,6674158,4439405,23878,6.56480847471696,6.5647919932372,0.43814569,
job_movie_info_info,movie_info.info,benchmarks/job/../../data/job/movie_info__info.csv,job-csv,utf8,NaiveAuto,static,full-scan,full-scan,prefix_japan_201,Japan:%201%,4,6674158,100000014,100000000,6674158,6674158,0,1,0,1959891761,0,3089,110,43068603,43068713,6674158,4439405,23878,6.453055651364561,6.453039169884801,0.43068713,
job_movie_info_info,movie_info.info,benchmarks/job/../../data/job/movie_info__info.csv,job-csv,utf8,NaiveAuto,static,full-scan,full-scan,prefix_usa_space_199,USA:% 199%,0,6674158,100000014,100000000,6674158,6674158,0,1,0,1959891761,0,2110,320,57467065,57467385,6674158,4607775,78136,8.610432207328625,8.610384261205683,0.57467385,
job_movie_info_info,movie_info.info,benchmarks/job/../../data/job/movie_info__info.csv,job-csv,utf8,NaiveAuto,static,full-scan,full-scan,prefix_usa_space_199,USA:% 199%,1,6674158,100000014,100000000,6674158,6674158,0,1,0,1959891761,0,2110,130,56185402,56185532,6674158,4607775,78136,8.418370077543864,8.418350599431419,0.56185532,
job_movie_info_info,movie_info.info,benchmarks/job/../../data/job/movie_info__info.csv,job-csv,utf8,NaiveAuto,static,full-scan,full-scan,prefix_usa_space_199,USA:% 199%,2,6674158,100000014,100000000,6674158,6674158,0,1,0,1959891761,0,2110,100,55045451,55045551,6674158,4607775,78136,8.247564861365284,8.247549878201864,0.55045551,
job_movie_info_info,movie_info.info,benchmarks/job/../../data/job/movie_info__info.csv,job-csv,utf8,NaiveAuto,static,full-scan,full-scan,prefix_usa_space_199,USA:% 199%,3,6674158,100000014,100000000,6674158,6674158,0,1,0,1959891761,0,2110,130,54777968,54778098,6674158,4607775,78136,8.207491941305555,8.20747246319311,0.54778098,
job_movie_info_info,movie_info.info,benchmarks/job/../../data/job/movie_info__info.csv,job-csv,utf8,NaiveAuto,static,full-scan,full-scan,prefix_usa_space_199,USA:% 199%,4,6674158,100000014,100000000,6674158,6674158,0,1,0,1959891761,0,2110,110,54696006,54696116,6674158,4607775,78136,8.195208444271172,8.19519196279141,0.54696116,
job_movie_info_info,movie_info.info,benchmarks/job/../../data/job/movie_info__info.csv,job-csv,utf8,NaiveAuto,static,full-scan,full-scan,prefix_usa_space_200,USA:% 200%,0,6674158,100000014,100000000,6674158,6674158,0,1,0,1959891761,0,3139,889,59375379,59376268,6674158,4607775,268914,8.896443266701208,8.89631006637841,0.59376268,
job_movie_info_info,movie_info.info,benchmarks/job/../../data/job/movie_info__info.csv,job-csv,utf8,NaiveAuto,static,full-scan,full-scan,prefix_usa_space_200,USA:% 200%,1,6674158,100000014,100000000,6674158,6674158,0,1,0,1959891761,0,3139,100,56725458,56725558,6674158,4607775,268914,8.499283055630388,8.499268072466968,0.56725558,
job_movie_info_info,movie_info.info,benchmarks/job/../../data/job/movie_info__info.csv,job-csv,utf8,NaiveAuto,static,full-scan,full-scan,prefix_usa_space_200,USA:% 200%,2,6674158,100000014,100000000,6674158,6674158,0,1,0,1959891761,0,3139,150,56890407,56890557,6674158,4607775,268914,8.524005125440542,8.523982650695414,0.56890557,
job_movie_info_info,movie_info.info,benchmarks/job/../../data/job/movie_info__info.csv,job-csv,utf8,NaiveAuto,static,full-scan,full-scan,prefix_usa_space_200,USA:% 200%,3,6674158,100000014,100000000,6674158,6674158,0,1,0,1959891761,0,3139,100,56111051,56111151,6674158,4607775,268914,8.40722545076098,8.40721046759756,0.56111151,
job_movie_info_info,movie_info.info,benchmarks/job/../../data/job/movie_info__info.csv,job-csv,utf8,NaiveAuto,static,full-scan,full-scan,prefix_usa_space_200,USA:% 200%,4,6674158,100000014,100000000,6674158,6674158,0,1,0,1959891761,0,3139,110,60016032,60016142,6674158,4607775,268914,8.9923166337986,8.992300152318839,0.60016142,
job_movie_info_info,movie_info.info,benchmarks/job/../../data/job/movie_info__info.csv,job-csv,utf8,NaiveAuto,static,full-scan,full-scan,prefix_usa_200,USA:%200%,0,6674158,100000014,100000000,6674158,6674158,0,1,0,1959891761,0,2649,600,65282598,65283198,6674158,5402091,294734,9.781488241662844,9.781398342682328,0.65283198,
job_movie_info_info,movie_info.info,benchmarks/job/../../data/job/movie_info__info.csv,job-csv,utf8,NaiveAuto,static,full-scan,full-scan,prefix_usa_200,USA:%200%,1,6674158,100000014,100000000,6674158,6674158,0,1,0,1959891761,0,2649,110,64931603,64931713,6674158,5402091,294734,9.728824669718637,9.728808188238876,0.64931713,
job_movie_info_info,movie_info.info,benchmarks/job/../../data/job/movie_info__info.csv,job-csv,utf8,NaiveAuto,static,full-scan,full-scan,prefix_usa_200,USA:%200%,2,6674158,100000014,100000000,6674158,6674158,0,1,0,1959891761,0,2649,110,63602417,63602527,6674158,5402091,294734,9.529670559192635,9.529654077712873,0.63602527,
job_movie_info_info,movie_info.info,benchmarks/job/../../data/job/movie_info__info.csv,job-csv,utf8,NaiveAuto,static,full-scan,full-scan,prefix_usa_200,USA:%200%,3,6674158,100000014,100000000,6674158,6674158,0,1,0,1959891761,0,2649,110,64152121,64152231,6674158,5402091,294734,9.612033607834876,9.612017126355115,0.64152231,
job_movie_info_info,movie_info.info,benchmarks/job/../../data/job/movie_info__info.csv,job-csv,utf8,NaiveAuto,static,full-scan,full-scan,prefix_usa_200,USA:%200%,4,6674158,100000014,100000000,6674158,6674158,0,1,0,1959891761,0,2649,110,65068101,65068211,6674158,5402091,294734,9.749276388122667,9.749259906642905,0.65068211,
job_movie_info_info,movie_info.info,benchmarks/job/../../data/job/movie_info__info.csv,job-csv,utf8,NaiveAuto,static,full-scan,full-scan,prefix_usa_2008,USA:%2008%,0,6674158,100000014,100000000,6674158,6674158,0,1,0,1959891761,0,1999,630,55954687,55955317,6674158,4607775,45638,8.383876587878202,8.38378219394866,0.55955317,
job_movie_info_info,movie_info.info,benchmarks/job/../../data/job/movie_info__info.csv,job-csv,utf8,NaiveAuto,static,full-scan,full-scan,prefix_usa_2008,USA:%2008%,1,6674158,100000014,100000000,6674158,6674158,0,1,0,1959891761,0,1999,120,55685788,55685908,6674158,4607775,45638,8.343510597141991,8.343492617345888,0.55685908,
job_movie_info_info,movie_info.info,benchmarks/job/../../data/job/movie_info__info.csv,job-csv,utf8,NaiveAuto,static,full-scan,full-scan,prefix_usa_2008,USA:%2008%,2,6674158,100000014,100000000,6674158,6674158,0,1,0,1959891761,0,1999,459,54798320,54798779,6674158,4607775,45638,8.210590609332293,8.210521836612198,0.54798779,
job_movie_info_info,movie_info.info,benchmarks/job/../../data/job/movie_info__info.csv,job-csv,utf8,NaiveAuto,static,full-scan,full-scan,prefix_usa_2008,USA:%2008%,3,6674158,100000014,100000000,6674158,6674158,0,1,0,1959891761,0,1999,110,55679339,55679449,6674158,4607775,45638,8.342542834616742,8.34252635313698,0.55679449,
job_movie_info_info,movie_info.info,benchmarks/job/../../data/job/movie_info__info.csv,job-csv,utf8,NaiveAuto,static,full-scan,full-scan,prefix_usa_2008,USA:%2008%,4,6674158,100000014,100000000,6674158,6674158,0,1,0,1959891761,0,1999,170,55645437,55645607,6674158,4607775,45638,8.337472232452393,8.337446761074581,0.55645607,
job_movie_info_info,movie_info.info,benchmarks/job/../../data/job/movie_info__info.csv,job-csv,utf8,NaiveAuto,static,full-scan,full-scan,prefix_usa_201,USA:%201%,0,6674158,100000014,100000000,6674158,6674158,0,1,0,1959891761,0,2149,920,63330036,63330956,6674158,5402091,227707,9.488980632463301,9.488842787359843,0.63330956,
job_movie_info_info,movie_info.info,benchmarks/job/../../data/job/movie_info__info.csv,job-csv,utf8,NaiveAuto,static,full-scan,full-scan,prefix_usa_201,USA:%201%,1,6674158,100000014,100000000,6674158,6674158,0,1,0,1959891761,0,2149,110,63239938,63240048,6674158,5402091,227707,9.475359738262116,9.475343256782354,0.63240048,
job_movie_info_info,movie_info.info,benchmarks/job/../../data/job/movie_info__info.csv,job-csv,utf8,NaiveAuto,static,full-scan,full-scan,prefix_usa_201,USA:%201%,2,6674158,100000014,100000000,6674158,6674158,0,1,0,1959891761,0,2149,110,63340343,63340453,6674158,5402091,227707,9.49040358349323,9.490387102013468,0.63340453,
job_movie_info_info,movie_info.info,benchmarks/job/../../data/job/movie_info__info.csv,job-csv,utf8,NaiveAuto,static,full-scan,full-scan,prefix_usa_201,USA:%201%,3,6674158,100000014,100000000,6674158,6674158,0,1,0,1959891761,0,2149,109,63317840,63317949,6674158,5402091,227707,9.487031772397357,9.48701544074923,0.63317949,
job_movie_info_info,movie_info.info,benchmarks/job/../../data/job/movie_info__info.csv,job-csv,utf8,NaiveAuto,static,full-scan,full-scan,prefix_usa_201,USA:%201%,4,6674158,100000014,100000000,6674158,6674158,0,1,0,1959891761,0,2149,160,62859740,62859900,6674158,5402091,227707,9.418401542187045,9.418377569125573,0.628599,
job_movie_info_info,movie_info.info,benchmarks/job/../../data/job/movie_info__info.csv,job-csv,utf8,NaiveAutoWildcard,static,full-scan,full-scan,prefix_japan_200,Japan:%200%,0,6674158,100000014,100000000,6674158,6674158,0,1,0,1959891761,0,2110,930,39477281,39478211,6674158,4439405,54763,5.9150848691325555,5.914945525712756,0.39478211,
job_movie_info_info,movie_info.info,benchmarks/job/../../data/job/movie_info__info.csv,job-csv,utf8,NaiveAutoWildcard,static,full-scan,full-scan,prefix_japan_200,Japan:%200%,1,6674158,100000014,100000000,6674158,6674158,0,1,0,1959891761,0,2110,110,39316685,39316795,6674158,4439405,54763,5.890899646067714,5.890883164587953,0.39316795,
job_movie_info_info,movie_info.info,benchmarks/job/../../data/job/movie_info__info.csv,job-csv,utf8,NaiveAutoWildcard,static,full-scan,full-scan,prefix_japan_200,Japan:%200%,2,6674158,100000014,100000000,6674158,6674158,0,1,0,1959891761,0,2110,110,38918429,38918539,6674158,4439405,54763,5.831228298760682,5.831211817280922,0.38918539,
job_movie_info_info,movie_info.info,benchmarks/job/../../data/job/movie_info__info.csv,job-csv,utf8,NaiveAutoWildcard,static,full-scan,full-scan,prefix_japan_200,Japan:%200%,3,6674158,100000014,100000000,6674158,6674158,0,1,0,1959891761,0,2110,110,39288401,39288511,6674158,4439405,54763,5.886661808126209,5.886645326646447,0.39288511,
job_movie_info_info,movie_info.info,benchmarks/job/../../data/job/movie_info__info.csv,job-csv,utf8,NaiveAutoWildcard,static,full-scan,full-scan,prefix_japan_200,Japan:%200%,4,6674158,100000014,100000000,6674158,6674158,0,1,0,1959891761,0,2110,110,39129567,39129677,6674158,4439405,54763,5.862863450340852,5.862846968861091,0.39129677,
job_movie_info_info,movie_info.info,benchmarks/job/../../data/job/movie_info__info.csv,job-csv,utf8,NaiveAutoWildcard,static,full-scan,full-scan,prefix_japan_2007,Japan:%2007%,0,6674158,100000014,100000000,6674158,6674158,0,1,0,1959891761,0,2659,1050,37169027,37170077,6674158,3725759,8501,5.56925337997692,5.569096056761017,0.37170077,
job_movie_info_info,movie_info.info,benchmarks/job/../../data/job/movie_info__info.csv,job-csv,utf8,NaiveAutoWildcard,static,full-scan,full-scan,prefix_japan_2007,Japan:%2007%,1,6674158,100000014,100000000,6674158,6674158,0,1,0,1959891761,0,2659,150,35700877,35701027,6674158,3725759,8501,5.349143217766196,5.349120743021067,0.35701027,
job_movie_info_info,movie_info.info,benchmarks/job/../../data/job/movie_info__info.csv,job-csv,utf8,NaiveAutoWildcard,static,full-scan,full-scan,prefix_japan_2007,Japan:%2007%,2,6674158,100000014,100000000,6674158,6674158,0,1,0,1959891761,0,2659,120,37856969,37857089,6674158,3725759,8501,5.672189510646886,5.672171530850783,0.37857089,
job_movie_info_info,movie_info.info,benchmarks/job/../../data/job/movie_info__info.csv,job-csv,utf8,NaiveAutoWildcard,static,full-scan,full-scan,prefix_japan_2007,Japan:%2007%,3,6674158,100000014,100000000,6674158,6674158,0,1,0,1959891761,0,2659,130,35891232,35891362,6674158,3725759,8501,5.377661421860256,5.37764194374781,0.35891362,
job_movie_info_info,movie_info.info,benchmarks/job/../../data/job/movie_info__info.csv,job-csv,utf8,NaiveAutoWildcard,static,full-scan,full-scan,prefix_japan_2007,Japan:%2007%,4,6674158,100000014,100000000,6674158,6674158,0,1,0,1959891761,0,2659,110,36101397,36101507,6674158,3725759,8501,5.409147790627672,5.40913130914791,0.36101507,
job_movie_info_info,movie_info.info,benchmarks/job/../../data/job/movie_info__info.csv,job-csv,utf8,NaiveAutoWildcard,static,full-scan,full-scan,prefix_japan_201,Japan:%201%,0,6674158,100000014,100000000,6674158,6674158,0,1,0,1959891761,0,2409,910,39284482,39285392,6674158,4439405,23878,5.886194483259161,5.886058136472046,0.39285392,
job_movie_info_info,movie_info.info,benchmarks/job/../../data/job/movie_info__info.csv,job-csv,utf8,NaiveAutoWildcard,static,full-scan,full-scan,prefix_japan_201,Japan:%201%,1,6674158,100000014,100000000,6674158,6674158,0,1,0,1959891761,0,2409,120,39897274,39897394,6674158,4439405,23878,5.977891743048336,5.977873763252234,0.39897394,
job_movie_info_info,movie_info.info,benchmarks/job/../../data/job/movie_info__info.csv,job-csv,utf8,NaiveAutoWildcard,static,full-scan,full-scan,prefix_japan_201,Japan:%201%,2,6674158,100000014,100000000,6674158,6674158,0,1,0,1959891761,0,2409,110,38130803,38130913,6674158,4439405,23878,5.713217008048057,5.713200526568295,0.38130913,
job_movie_info_info,movie_info.info,benchmarks/job/../../data/job/movie_info__info.csv,job-csv,utf8,NaiveAutoWildcard,static,full-scan,full-scan,prefix_japan_201,Japan:%201%,3,6674158,100000014,100000000,6674158,6674158,0,1,0,1959891761,0,2409,110,37918060,37918170,6674158,4439405,23878,5.681341376695007,5.681324895215247,0.3791817,
job_movie_info_info,movie_info.info,benchmarks/job/../../data/job/movie_info__info.csv,job-csv,utf8,NaiveAutoWildcard,static,full-scan,full-scan,prefix_japan_201,Japan:%201%,4,6674158,100000014,100000000,6674158,6674158,0,1,0,1959891761,0,2409,110,37960981,37961091,6674158,4439405,23878,5.687772300266191,5.68775581878643,0.37961091,
job_movie_info_info,movie_info.info,benchmarks/job/../../data/job/movie_info__info.csv,job-csv,utf8,NaiveAutoWildcard,static,full-scan,full-scan,prefix_usa_space_199,USA:% 199%,0,6674158,100000014,100000000,6674158,6674158,0,1,0,1959891761,0,1950,320,54964308,54964628,6674158,4607775,78136,8.23544003603151,8.23539208990857,0.54964628,
job_movie_info_info,movie_info.info,benchmarks/job/../../data/job/movie_info__info.csv,job-csv,utf8,NaiveAutoWildcard,static,full-scan,full-scan,prefix_usa_space_199,USA:% 199%,1,6674158,100000014,100000000,6674158,6674158,0,1,0,1959891761,0,1950,100,55307263,55307363,6674158,4607775,78136,8.286792581176531,8.286777598013114,0.55307363,
job_movie_info_info,movie_info.info,benchmarks/job/../../data/job/movie_info__info.csv,job-csv,utf8,NaiveAutoWildcard,static,full-scan,full-scan,prefix_usa_space_199,USA:% 199%,2,6674158,100000014,100000000,6674158,6674158,0,1,0,1959891761,0,1950,130,55640351,55640481,6674158,4607775,78136,8.336704195495521,8.336684717383077,0.55640481,
job_movie_info_info,movie_info.info,benchmarks/job/../../data/job/movie_info__info.csv,job-csv,utf8,NaiveAutoWildcard,static,full-scan,full-scan,prefix_usa_space_199,USA:% 199%,3,6674158,100000014,100000000,6674158,6674158,0,1,0,1959891761,0,1950,150,54559510,54559660,6674158,4607775,78136,8.17476301879578,8.17474054405065,0.5455966,
job_movie_info_info,movie_info.info,benchmarks/job/../../data/job/movie_info__info.csv,job-csv,utf8,NaiveAutoWildcard,static,full-scan,full-scan,prefix_usa_space_199,USA:% 199%,4,6674158,100000014,100000000,6674158,6674158,0,1,0,1959891761,0,1950,110,55401287,55401397,6674158,4607775,78136,8.300881849066204,8.300865367586443,0.55401397,
job_movie_info_info,movie_info.info,benchmarks/job/../../data/job/movie_info__info.csv,job-csv,utf8,NaiveAutoWildcard,static,full-scan,full-scan,prefix_usa_space_200,USA:% 200%,0,6674158,100000014,100000000,6674158,6674158,0,1,0,1959891761,0,2739,650,57040073,57040723,6674158,4607775,268914,8.546504742620717,8.546407352058491,0.57040723,
job_movie_info_info,movie_info.info,benchmarks/job/../../data/job/movie_info__info.csv,job-csv,utf8,NaiveAutoWildcard,static,full-scan,full-scan,prefix_usa_space_200,USA:% 200%,1,6674158,100000014,100000000,6674158,6674158,0,1,0,1959891761,0,2739,369,57165788,57166157,6674158,4607775,268914,8.56529872382404,8.565243435951022,0.57166157,
job_movie_info_info,movie_info.info,benchmarks/job/../../data/job/movie_info__info.csv,job-csv,utf8,NaiveAutoWildcard,static,full-scan,full-scan,prefix_usa_space_200,USA:% 200%,2,6674158,100000014,100000000,6674158,6674158,0,1,0,1959891761,0,2739,110,70504814,70504924,6674158,4607775,268914,10.563867981549134,10.563851500069372,0.70504924,
job_movie_info_info,movie_info.info,benchmarks/job/../../data/job/movie_info__info.csv,job-csv,utf8,NaiveAutoWildcard,static,full-scan,full-scan,prefix_usa_space_200,USA:% 200%,3,6674158,100000014,100000000,6674158,6674158,0,1,0,1959891761,0,2739,110,56886610,56886720,6674158,4607775,268914,8.523430221460146,8.523413739980384,0.5688672,
job_movie_info_info,movie_info.info,benchmarks/job/../../data/job/movie_info__info.csv,job-csv,utf8,NaiveAutoWildcard,static,full-scan,full-scan,prefix_usa_space_200,USA:% 200%,4,6674158,100000014,100000000,6674158,6674158,0,1,0,1959891761,0,2739,100,65341527,65341627,6674158,4607775,268914,9.790242754217086,9.790227771053667,0.65341627,
job_movie_info_info,movie_info.info,benchmarks/job/../../data/job/movie_info__info.csv,job-csv,utf8,NaiveAutoWildcard,static,full-scan,full-scan,prefix_usa_200,USA:%200%,0,6674158,100000014,100000000,6674158,6674158,0,1,0,1959891761,0,3160,730,62595953,62596683,6674158,5402091,294734,9.378963308929755,9.378853931836796,0.62596683,
job_movie_info_info,movie_info.info,benchmarks/job/../../data/job/movie_info__info.csv,job-csv,utf8,NaiveAutoWildcard,static,full-scan,full-scan,prefix_usa_200,USA:%200%,1,6674158,100000014,100000000,6674158,6674158,0,1,0,1959891761,0,3160,110,62723778,62723888,6674158,5402091,294734,9.398022641957233,9.398006160477472,0.62723888,
job_movie_info_info,movie_info.info,benchmarks/job/../../data/job/movie_info__info.csv,job-csv,utf8,NaiveAutoWildcard,static,full-scan,full-scan,prefix_usa_200,USA:%200%,2,6674158,100000014,100000000,6674158,6674158,0,1,0,1959891761,0,3160,129,62554424,62554553,6674158,5402091,294734,9.372650902181219,9.372631573900408,0.62554553,
job_movie_info_info,movie_info.info,benchmarks/job/../../data/job/movie_info__info.csv,job-csv,utf8,NaiveAutoWildcard,static,full-scan,full-scan,prefix_usa_200,USA:%200%,3,6674158,100000014,100000000,6674158,6674158,0,1,0,1959891761,0,3160,110,62622057,62622167,6674158,5402091,294734,9.382781618295521,9.38276513681576,0.62622167,
job_movie_info_info,movie_info.info,benchmarks/job/../../data/job/movie_info__info.csv,job-csv,utf8,NaiveAutoWildcard,static,full-scan,full-scan,prefix_usa_200,USA:%200%,4,6674158,100000014,100000000,6674158,6674158,0,1,0,1959891761,0,3160,110,64111086,64111196,6674158,5402091,294734,9.60588526672578,9.605868785246019,0.64111196,
job_movie_info_info,movie_info.info,benchmarks/job/../../data/job/movie_info__info.csv,job-csv,utf8,NaiveAutoWildcard,static,full-scan,full-scan,prefix_usa_2008,USA:%2008%,0,6674158,100000014,100000000,6674158,6674158,0,1,0,1959891761,0,1910,960,55166856,55167816,6674158,4607775,45638,8.26588402611985,8.265740187751025,0.55167816,
job_movie_info_info,movie_info.info,benchmarks/job/../../data/job/movie_info__info.csv,job-csv,utf8,NaiveAutoWildcard,static,full-scan,full-scan,prefix_usa_2008,USA:%2008%,1,6674158,100000014,100000000,6674158,6674158,0,1,0,1959891761,0,1910,110,55301083,55301193,6674158,4607775,45638,8.285868119993562,8.285851638513803,0.55301193,
job_movie_info_info,movie_info.info,benchmarks/job/../../data/job/movie_info__info.csv,job-csv,utf8,NaiveAutoWildcard,static,full-scan,full-scan,prefix_usa_2008,USA:%2008%,2,6674158,100000014,100000000,6674158,6674158,0,1,0,1959891761,0,1910,110,54629961,54630071,6674158,4607775,45638,8.185312813990919,8.185296332511157,0.54630071,
job_movie_info_info,movie_info.info,benchmarks/job/../../data/job/movie_info__info.csv,job-csv,utf8,NaiveAutoWildcard,static,full-scan,full-scan,prefix_usa_2008,USA:%2008%,3,6674158,100000014,100000000,6674158,6674158,0,1,0,1959891761,0,1910,120,56773017,56773137,6674158,4607775,45638,8.50641189495364,8.506393915157538,0.56773137,
job_movie_info_info,movie_info.info,benchmarks/job/../../data/job/movie_info__info.csv,job-csv,utf8,NaiveAutoWildcard,static,full-scan,full-scan,prefix_usa_2008,USA:%2008%,4,6674158,100000014,100000000,6674158,6674158,0,1,0,1959891761,0,1910,110,68751710,68751820,6674158,4607775,45638,10.301197544319448,10.301181062839687,0.6875182,
job_movie_info_info,movie_info.info,benchmarks/job/../../data/job/movie_info__info.csv,job-csv,utf8,NaiveAutoWildcard,static,full-scan,full-scan,prefix_usa_201,USA:%201%,0,6674158,100000014,100000000,6674158,6674158,0,1,0,1959891761,0,2159,610,67586026,67586636,6674158,5402091,227707,10.126616121464311,10.126524724167453,0.67586636,
job_movie_info_info,movie_info.info,benchmarks/job/../../data/job/movie_info__info.csv,job-csv,utf8,NaiveAutoWildcard,static,full-scan,full-scan,prefix_usa_201,USA:%201%,1,6674158,100000014,100000000,6674158,6674158,0,1,0,1959891761,0,2159,140,67480116,67480256,6674158,5402091,227707,10.110677032218895,10.110656055790109,0.67480256,
job_movie_info_info,movie_info.info,benchmarks/job/../../data/job/movie_info__info.csv,job-csv,utf8,NaiveAutoWildcard,static,full-scan,full-scan,prefix_usa_201,USA:%201%,2,6674158,100000014,100000000,6674158,6674158,0,1,0,1959891761,0,2159,110,66311225,66311335,6674158,5402091,227707,9.93553568854678,9.935519207067019,0.66311335,
job_movie_info_info,movie_info.info,benchmarks/job/../../data/job/movie_info__info.csv,job-csv,utf8,NaiveAutoWildcard,static,full-scan,full-scan,prefix_usa_201,USA:%201%,3,6674158,100000014,100000000,6674158,6674158,0,1,0,1959891761,0,2159,110,66203048,66203158,6674158,5402091,227707,9.91932735185472,9.919310870374959,0.66203158,
job_movie_info_info,movie_info.info,benchmarks/job/../../data/job/movie_info__info.csv,job-csv,utf8,NaiveAutoWildcard,static,full-scan,full-scan,prefix_usa_201,USA:%201%,4,6674158,100000014,100000000,6674158,6674158,0,1,0,1959891761,0,2159,110,78871525,78871635,6674158,5402091,227707,11.817465963496819,11.817449482017057,0.78871635,
job_movie_info_info,movie_info.info,benchmarks/job/../../data/job/movie_info__info.csv,job-csv,utf8,NaiveAvx2V2,static,full-scan,full-scan,prefix_japan_200,Japan:%200%,0,6674158,100000014,100000000,6674158,6674158,0,1,0,1959891761,0,2579,809,43585302,43586111,6674158,4439405,54763,6.530578239232574,6.530457025440512,0.43586111,
job_movie_info_info,movie_info.info,benchmarks/job/../../data/job/movie_info__info.csv,job-csv,utf8,NaiveAvx2V2,static,full-scan,full-scan,prefix_japan_200,Japan:%200%,1,6674158,100000014,100000000,6674158,6674158,0,1,0,1959891761,0,2579,110,43177137,43177247,6674158,4439405,54763,6.469317477950027,6.469300996470267,0.43177247,
job_movie_info_info,movie_info.info,benchmarks/job/../../data/job/movie_info__info.csv,job-csv,utf8,NaiveAvx2V2,static,full-scan,full-scan,prefix_japan_200,Japan:%200%,2,6674158,100000014,100000000,6674158,6674158,0,1,0,1959891761,0,2579,110,42994729,42994839,6674158,4439405,54763,6.441986989220213,6.441970507740452,0.42994839,
job_movie_info_info,movie_info.info,benchmarks/job/../../data/job/movie_info__info.csv,job-csv,utf8,NaiveAvx2V2,static,full-scan,full-scan,prefix_japan_200,Japan:%200%,3,6674158,100000014,100000000,6674158,6674158,0,1,0,1959891761,0,2579,110,42899365,42899475,6674158,4439405,54763,6.4276984452570645,6.427681963777303,0.42899475,
job_movie_info_info,movie_info.info,benchmarks/job/../../data/job/movie_info__info.csv,job-csv,utf8,NaiveAvx2V2,static,full-scan,full-scan,prefix_japan_200,Japan:%200%,4,6674158,100000014,100000000,6674158,6674158,0,1,0,1959891761,0,2579,110,44222784,44222894,6674158,4439405,54763,6.625988476748677,6.625971995268916,0.44222894,
job_movie_info_info,movie_info.info,benchmarks/job/../../data/job/movie_info__info.csv,job-csv,utf8,NaiveAvx2V2,static,full-scan,full-scan,prefix_japan_2007,Japan:%2007%,0,6674158,100000014,100000000,6674158,6674158,0,1,0,1959891761,0,2219,740,39830190,39830930,6674158,3725759,8501,5.967933333313356,5.967822457904053,0.3983093,
job_movie_info_info,movie_info.info,benchmarks/job/../../data/job/movie_info__info.csv,job-csv,utf8,NaiveAvx2V2,static,full-scan,full-scan,prefix_japan_2007,Japan:%2007%,1,6674158,100000014,100000000,6674158,6674158,0,1,0,1959891761,0,2219,110,40113372,40113482,6674158,3725759,8501,6.010268561217759,6.010252079737999,0.40113482,
job_movie_info_info,movie_info.info,benchmarks/job/../../data/job/movie_info__info.csv,job-csv,utf8,NaiveAvx2V2,static,full-scan,full-scan,prefix_japan_2007,Japan:%2007%,2,6674158,100000014,100000000,6674158,6674158,0,1,0,1959891761,0,2219,110,39594028,39594138,6674158,3725759,8501,5.932454400989608,5.932437919509847,0.39594138,
job_movie_info_info,movie_info.info,benchmarks/job/../../data/job/movie_info__info.csv,job-csv,utf8,NaiveAvx2V2,static,full-scan,full-scan,prefix_japan_2007,Japan:%2007%,3,6674158,100000014,100000000,6674158,6674158,0,1,0,1959891761,0,2219,110,39267839,39267949,6674158,3725759,8501,5.883580970063939,5.883564488584178,0.39267949,
job_movie_info_info,movie_info.info,benchmarks/job/../../data/job/movie_info__info.csv,job-csv,utf8,NaiveAvx2V2,static,full-scan,full-scan,prefix_japan_2007,Japan:%2007%,4,6674158,100000014,100000000,6674158,6674158,0,1,0,1959891761,0,2219,110,51333669,51333779,6674158,3725759,8501,7.691423996854734,7.691407515374973,0.51333779,
job_movie_info_info,movie_info.info,benchmarks/job/../../data/job/movie_info__info.csv,job-csv,utf8,NaiveAvx2V2,static,full-scan,full-scan,prefix_japan_201,Japan:%201%,0,6674158,100000014,100000000,6674158,6674158,0,1,0,1959891761,0,2899,310,43758175,43758485,6674158,4439405,23878,6.5564053173448995,6.5563588695382995,0.43758485,
job_movie_info_info,movie_info.info,benchmarks/job/../../data/job/movie_info__info.csv,job-csv,utf8,NaiveAvx2V2,static,full-scan,full-scan,prefix_japan_201,Japan:%201%,1,6674158,100000014,100000000,6674158,6674158,0,1,0,1959891761,0,2899,110,43229846,43229956,6674158,4439405,23878,6.477214953556689,6.477198472076927,0.43229956,
job_movie_info_info,movie_info.info,benchmarks/job/../../data/job/movie_info__info.csv,job-csv,utf8,NaiveAvx2V2,static,full-scan,full-scan,prefix_japan_201,Japan:%201%,2,6674158,100000014,100000000,6674158,6674158,0,1,0,1959891761,0,2899,250,42016096,42016346,6674158,4439405,23878,6.295377783984137,6.295340326075589,0.42016346,
job_movie_info_info,movie_info.info,benchmarks/job/../../data/job/movie_info__info.csv,job-csv,utf8,NaiveAvx2V2,static,full-scan,full-scan,prefix_japan_201,Japan:%201%,3,6674158,100000014,100000000,6674158,6674158,0,1,0,1959891761,0,2899,120,42116627,42116747,6674158,4439405,23878,6.3104210298887145,6.310403050092611,0.42116747,
job_movie_info_info,movie_info.info,benchmarks/job/../../data/job/movie_info__info.csv,job-csv,utf8,NaiveAvx2V2,static,full-scan,full-scan,prefix_japan_201,Japan:%201%,4,6674158,100000014,100000000,6674158,6674158,0,1,0,1959891761,0,2899,230,42733495,42733725,6674158,4439405,23878,6.402863851889632,6.402829390613768,0.42733725,
job_movie_info_info,movie_info.info,benchmarks/job/../../data/job/movie_info__info.csv,job-csv,utf8,NaiveAvx2V2,static,full-scan,full-scan,prefix_usa_space_199,USA:% 199%,0,6674158,100000014,100000000,6674158,6674158,0,1,0,1959891761,0,2760,800,54534199,54534999,6674158,4607775,78136,8.171068020864954,8.1709481555576,0.54534999,
job_movie_info_info,movie_info.info,benchmarks/job/../../data/job/movie_info__info.csv,job-csv,utf8,NaiveAvx2V2,static,full-scan,full-scan,prefix_usa_space_199,USA:% 199%,1,6674158,100000014,100000000,6674158,6674158,0,1,0,1959891761,0,2760,110,54393533,54393643,6674158,4607775,78136,8.149888420382016,8.149871938902255,0.54393643,
job_movie_info_info,movie_info.info,benchmarks/job/../../data/job/movie_info__info.csv,job-csv,utf8,NaiveAvx2V2,static,full-scan,full-scan,prefix_usa_space_199,USA:% 199%,2,6674158,100000014,100000000,6674158,6674158,0,1,0,1959891761,0,2760,150,64057895,64058045,6674158,4607775,78136,9.597921565536806,9.597899090791678,0.64058045,
job_movie_info_info,movie_info.info,benchmarks/job/../../data/job/movie_info__info.csv,job-csv,utf8,NaiveAvx2V2,static,full-scan,full-scan,prefix_usa_space_199,USA:% 199%,3,6674158,100000014,100000000,6674158,6674158,0,1,0,1959891761,0,2760,100,55974395,55974495,6674158,4607775,78136,8.386750058958748,8.386735075795329,0.55974495,
job_movie_info_info,movie_info.info,benchmarks/job/../../data/job/movie_info__info.csv,job-csv,utf8,NaiveAvx2V2,static,full-scan,full-scan,prefix_usa_space_199,USA:% 199%,4,6674158,100000014,100000000,6674158,6674158,0,1,0,1959891761,0,2760,110,55119928,55120038,6674158,4607775,78136,8.258725370301393,8.258708888821632,0.55120038,
job_movie_info_info,movie_info.info,benchmarks/job/../../data/job/movie_info__info.csv,job-csv,utf8,NaiveAvx2V2,static,full-scan,full-scan,prefix_usa_space_200,USA:% 200%,0,6674158,100000014,100000000,6674158,6674158,0,1,0,1959891761,0,2460,770,57545852,57546622,6674158,4607775,268914,8.622304416527149,8.62218904616882,0.57546622,
job_movie_info_info,movie_info.info,benchmarks/job/../../data/job/movie_info__info.csv,job-csv,utf8,NaiveAvx2V2,static,full-scan,full-scan,prefix_usa_space_200,USA:% 200%,1,6674158,100000014,100000000,6674158,6674158,0,1,0,1959891761,0,2460,120,56754816,56754936,6674158,4607775,268914,8.5036848093797,8.503666829583597,0.56754936,
job_movie_info_info,movie_info.info,benchmarks/job/../../data/job/movie_info__info.csv,job-csv,utf8,NaiveAvx2V2,static,full-scan,full-scan,prefix_usa_space_200,USA:% 200%,2,6674158,100000014,100000000,6674158,6674158,0,1,0,1959891761,0,2460,110,57542964,57543074,6674158,4607775,268914,8.621772813889033,8.621756332409271,0.57543074,
job_movie_info_info,movie_info.info,benchmarks/job/../../data/job/movie_info__info.csv,job-csv,utf8,NaiveAvx2V2,static,full-scan,full-scan,prefix_usa_space_200,USA:% 200%,3,6674158,100000014,100000000,6674158,6674158,0,1,0,1959891761,0,2460,100,58030420,58030520,6674158,4607775,268914,8.694807644649707,8.694792661486288,0.5803052,
job_movie_info_info,movie_info.info,benchmarks/job/../../data/job/movie_info__info.csv,job-csv,utf8,NaiveAvx2V2,static,full-scan,full-scan,prefix_usa_space_200,USA:% 200%,4,6674158,100000014,100000000,6674158,6674158,0,1,0,1959891761,0,2460,100,57029296,57029396,6674158,4607775,268914,8.544807599700217,8.544792616536798,0.57029396,
job_movie_info_info,movie_info.info,benchmarks/job/../../data/job/movie_info__info.csv,job-csv,utf8,NaiveAvx2V2,static,full-scan,full-scan,prefix_usa_200,USA:%200%,0,6674158,100000014,100000000,6674158,6674158,0,1,0,1959891761,0,2409,650,64745463,64746113,6674158,5402091,294734,9.70101591841248,9.700918527850254,0.64746113,
job_movie_info_info,movie_info.info,benchmarks/job/../../data/job/movie_info__info.csv,job-csv,utf8,NaiveAvx2V2,static,full-scan,full-scan,prefix_usa_200,USA:%200%,1,6674158,100000014,100000000,6674158,6674158,0,1,0,1959891761,0,2409,150,63782920,63783070,6674158,5402091,294734,9.55672161192468,9.556699137179551,0.6378307,
job_movie_info_info,movie_info.info,benchmarks/job/../../data/job/movie_info__info.csv,job-csv,utf8,NaiveAvx2V2,static,full-scan,full-scan,prefix_usa_200,USA:%200%,2,6674158,100000014,100000000,6674158,6674158,0,1,0,1959891761,0,2409,110,64238966,64239076,6674158,5402091,294734,9.625045736106337,9.625029254626575,0.64239076,
job_movie_info_info,movie_info.info,benchmarks/job/../../data/job/movie_info__info.csv,job-csv,utf8,NaiveAvx2V2,static,full-scan,full-scan,prefix_usa_200,USA:%200%,3,6674158,100000014,100000000,6674158,6674158,0,1,0,1959891761,0,2409,110,64052082,64052192,6674158,5402091,294734,9.597044600981876,9.597028119502115,0.64052192,
job_movie_info_info,movie_info.info,benchmarks/job/../../data/job/movie_info__info.csv,job-csv,utf8,NaiveAvx2V2,static,full-scan,full-scan,prefix_usa_200,USA:%200%,4,6674158,100000014,100000000,6674158,6674158,0,1,0,1959891761,0,2409,110,63750404,63750514,6674158,5402091,294734,9.551843693241905,9.551827211762143,0.63750514,
job_movie_info_info,movie_info.info,benchmarks/job/../../data/job/movie_info__info.csv,job-csv,utf8,NaiveAvx2V2,static,full-scan,full-scan,prefix_usa_2008,USA:%2008%,0,6674158,100000014,100000000,6674158,6674158,0,1,0,1959891761,0,2459,1190,55349138,55350328,6674158,4607775,45638,8.29323009733962,8.29305179769493,0.55350328,
job_movie_info_info,movie_info.info,benchmarks/job/../../data/job/movie_info__info.csv,job-csv,utf8,NaiveAvx2V2,static,full-scan,full-scan,prefix_usa_2008,USA:%2008%,1,6674158,100000014,100000000,6674158,6674158,0,1,0,1959891761,0,2459,300,54520710,54521010,6674158,4607775,45638,8.168972026134233,8.168927076643975,0.5452101,
job_movie_info_info,movie_info.info,benchmarks/job/../../data/job/movie_info__info.csv,job-csv,utf8,NaiveAvx2V2,static,full-scan,full-scan,prefix_usa_2008,USA:%2008%,2,6674158,100000014,100000000,6674158,6674158,0,1,0,1959891761,0,2459,130,55010361,55010491,6674158,4607775,45638,8.24231176427049,8.242292286158044,0.55010491,
job_movie_info_info,movie_info.info,benchmarks/job/../../data/job/movie_info__info.csv,job-csv,utf8,NaiveAvx2V2,static,full-scan,full-scan,prefix_usa_2008,USA:%2008%,3,6674158,100000014,100000000,6674158,6674158,0,1,0,1959891761,0,2459,110,55181460,55181570,6674158,4607775,45638,8.267944810416536,8.267928328936774,0.5518157,
job_movie_info_info,movie_info.info,benchmarks/job/../../data/job/movie_info__info.csv,job-csv,utf8,NaiveAvx2V2,static,full-scan,full-scan,prefix_usa_2008,USA:%2008%,4,6674158,100000014,100000000,6674158,6674158,0,1,0,1959891761,0,2459,110,54835235,54835345,6674158,4607775,45638,8.216069352868182,8.21605287138842,0.54835345,
job_movie_info_info,movie_info.info,benchmarks/job/../../data/job/movie_info__info.csv,job-csv,utf8,NaiveAvx2V2,static,full-scan,full-scan,prefix_usa_201,USA:%201%,0,6674158,100000014,100000000,6674158,6674158,0,1,0,1959891761,0,2409,550,64364846,64365396,6674158,5402091,227707,9.643972468137553,9.643890060738748,0.64365396,
job_movie_info_info,movie_info.info,benchmarks/job/../../data/job/movie_info__info.csv,job-csv,utf8,NaiveAvx2V2,static,full-scan,full-scan,prefix_usa_201,USA:%201%,1,6674158,100000014,100000000,6674158,6674158,0,1,0,1959891761,0,2409,110,65536617,65536727,6674158,5402091,227707,9.819474906048073,9.819458424568312,0.65536727,
job_movie_info_info,movie_info.info,benchmarks/job/../../data/job/movie_info__info.csv,job-csv,utf8,NaiveAvx2V2,static,full-scan,full-scan,prefix_usa_201,USA:%201%,2,6674158,100000014,100000000,6674158,6674158,0,1,0,1959891761,0,2409,110,64881768,64881878,6674158,5402091,227707,9.721357810228646,9.721341328748885,0.64881878,
job_movie_info_info,movie_info.info,benchmarks/job/../../data/job/movie_info__info.csv,job-csv,utf8,NaiveAvx2V2,static,full-scan,full-scan,prefix_usa_201,USA:%201%,3,6674158,100000014,100000000,6674158,6674158,0,1,0,1959891761,0,2409,110,63148779,63148889,6674158,5402091,227707,9.461701236320746,9.461684754840984,0.63148889,
job_movie_info_info,movie_info.info,benchmarks/job/../../data/job/movie_info__info.csv,job-csv,utf8,NaiveAvx2V2,static,full-scan,full-scan,prefix_usa_201,USA:%201%,4,6674158,100000014,100000000,6674158,6674158,0,1,0,1959891761,0,2409,110,63280458,63280568,6674158,5402091,227707,9.481430916079601,9.48141443459984,0.63280568,
job_movie_info_info,movie_info.info,benchmarks/job/../../data/job/movie_info__info.csv,job-csv,utf8,NaiveAvx2V2Wildcard,static,full-scan,full-scan,prefix_japan_200,Japan:%200%,0,6674158,100000014,100000000,6674158,6674158,0,1,0,1959891761,0,2589,940,38891464,38892404,6674158,4439405,54763,5.827312449001058,5.8271716072649165,0.38892404,
job_movie_info_info,movie_info.info,benchmarks/job/../../data/job/movie_info__info.csv,job-csv,utf8,NaiveAvx2V2Wildcard,static,full-scan,full-scan,prefix_japan_200,Japan:%200%,1,6674158,100000014,100000000,6674158,6674158,0,1,0,1959891761,0,2589,110,38873093,38873203,6674158,4439405,54763,5.824435531792925,5.824419050313163,0.38873203,
job_movie_info_info,movie_info.info,benchmarks/job/../../data/job/movie_info__info.csv,job-csv,utf8,NaiveAvx2V2Wildcard,static,full-scan,full-scan,prefix_japan_200,Japan:%200%,2,6674158,100000014,100000000,6674158,6674158,0,1,0,1959891761,0,2589,110,38737058,38737168,6674158,4439405,54763,5.804053185435526,5.804036703955765,0.38737168,
job_movie_info_info,movie_info.info,benchmarks/job/../../data/job/movie_info__info.csv,job-csv,utf8,NaiveAvx2V2Wildcard,static,full-scan,full-scan,prefix_japan_200,Japan:%200%,3,6674158,100000014,100000000,6674158,6674158,0,1,0,1959891761,0,2589,120,38597780,38597900,6674158,4439405,54763,5.783186433404783,5.78316845360868,0.385979,
job_movie_info_info,movie_info.info,benchmarks/job/../../data/job/movie_info__info.csv,job-csv,utf8,NaiveAvx2V2Wildcard,static,full-scan,full-scan,prefix_japan_200,Japan:%200%,4,6674158,100000014,100000000,6674158,6674158,0,1,0,1959891761,0,2589,340,39651227,39651567,6674158,4439405,54763,5.941059081909658,5.941008139154032,0.39651567,
job_movie_info_info,movie_info.info,benchmarks/job/../../data/job/movie_info__info.csv,job-csv,utf8,NaiveAvx2V2Wildcard,static,full-scan,full-scan,prefix_japan_2007,Japan:%2007%,0,6674158,100000014,100000000,6674158,6674158,0,1,0,1959891761,0,2889,670,35323919,35324589,6674158,3725759,8501,5.292740897053981,5.292640509859071,0.35324589,
job_movie_info_info,movie_info.info,benchmarks/job/../../data/job/movie_info__info.csv,job-csv,utf8,NaiveAvx2V2Wildcard,static,full-scan,full-scan,prefix_japan_2007,Japan:%2007%,1,6674158,100000014,100000000,6674158,6674158,0,1,0,1959891761,0,2889,110,35687745,35687855,6674158,3725759,8501,5.34716963548061,5.347153154000849,0.35687855,
job_movie_info_info,movie_info.info,benchmarks/job/../../data/job/movie_info__info.csv,job-csv,utf8,NaiveAvx2V2Wildcard,static,full-scan,full-scan,prefix_japan_2007,Japan:%2007%,2,6674158,100000014,100000000,6674158,6674158,0,1,0,1959891761,0,2889,110,34690062,34690172,6674158,3725759,8501,5.197685161184377,5.197668679704616,0.34690172,
job_movie_info_info,movie_info.info,benchmarks/job/../../data/job/movie_info__info.csv,job-csv,utf8,NaiveAvx2V2Wildcard,static,full-scan,full-scan,prefix_japan_2007,Japan:%2007%,3,6674158,100000014,100000000,6674158,6674158,0,1,0,1959891761,0,2889,100,35106039,35106139,6674158,3725759,8501,5.260010176564594,5.259995193401175,0.35106139,
job_movie_info_info,movie_info.info,benchmarks/job/../../data/job/movie_info__info.csv,job-csv,utf8,NaiveAvx2V2Wildcard,static,full-scan,full-scan,prefix_japan_2007,Japan:%2007%,4,6674158,100000014,100000000,6674158,6674158,0,1,0,1959891761,0,2889,110,35028444,35028554,6674158,3725759,8501,5.248385489225757,5.248369007745996,0.35028554,
job_movie_info_info,movie_info.info,benchmarks/job/../../data/job/movie_info__info.csv,job-csv,utf8,NaiveAvx2V2Wildcard,static,full-scan,full-scan,prefix_japan_201,Japan:%201%,0,6674158,100000014,100000000,6674158,6674158,0,1,0,1959891761,0,2719,650,38004240,38004890,6674158,4439405,23878,5.694334776012195,5.69423738544997,0.3800489,
job_movie_info_info,movie_info.info,benchmarks/job/../../data/job/movie_info__info.csv,job-csv,utf8,NaiveAvx2V2Wildcard,static,full-scan,full-scan,prefix_japan_201,Japan:%201%,1,6674158,100000014,100000000,6674158,6674158,0,1,0,1959891761,0,2719,150,39531456,39531606,6674158,4439405,23878,5.923085129240273,5.923062654495144,0.39531606,
job_movie_info_info,movie_info.info,benchmarks/job/../../data/job/movie_info__info.csv,job-csv,utf8,NaiveAvx2V2Wildcard,static,full-scan,full-scan,prefix_japan_201,Japan:%201%,2,6674158,100000014,100000000,6674158,6674158,0,1,0,1959891761,0,2719,110,39501154,39501264,6674158,4439405,23878,5.918538937795599,5.918522456315838,0.39501264,
job_movie_info_info,movie_info.info,benchmarks/job/../../data/job/movie_info__info.csv,job-csv,utf8,NaiveAvx2V2Wildcard,static,full-scan,full-scan,prefix_japan_201,Japan:%201%,3,6674158,100000014,100000000,6674158,6674158,0,1,0,1959891761,0,2719,110,41495203,41495313,6674158,4439405,23878,6.217310558125834,6.2172940766460725,0.41495313,
job_movie_info_info,movie_info.info,benchmarks/job/../../data/job/movie_info__info.csv,job-csv,utf8,NaiveAvx2V2Wildcard,static,full-scan,full-scan,prefix_japan_201,Japan:%201%,4,6674158,100000014,100000000,6674158,6674158,0,1,0,1959891761,0,2719,110,39465297,39465407,6674158,4439405,23878,5.913166424888353,5.913149943408592,0.39465407,
job_movie_info_info,movie_info.info,benchmarks/job/../../data/job/movie_info__info.csv,job-csv,utf8,NaiveAvx2V2Wildcard,static,full-scan,full-scan,prefix_usa_space_199,USA:% 199%,0,6674158,100000014,100000000,6674158,6674158,0,1,0,1959891761,0,2889,660,55055998,55056658,6674158,4607775,78136,8.249229041326261,8.249130152447695,0.55056658,
job_movie_info_info,movie_info.info,benchmarks/job/../../data/job/movie_info__info.csv,job-csv,utf8,NaiveAvx2V2Wildcard,static,full-scan,full-scan,prefix_usa_space_199,USA:% 199%,1,6674158,100000014,100000000,6674158,6674158,0,1,0,1959891761,0,2889,110,54999607,54999717,6674158,4607775,78136,8.240697478243698,8.240680996763937,0.54999717,
job_movie_info_info,movie_info.info,benchmarks/job/../../data/job/movie_info__info.csv,job-csv,utf8,NaiveAvx2V2Wildcard,static,full-scan,full-scan,prefix_usa_space_199,USA:% 199%,2,6674158,100000014,100000000,6674158,6674158,0,1,0,1959891761,0,2889,420,55144429,55144849,6674158,4607775,78136,8.262442842977347,8.262379913690985,0.55144849,
job_movie_info_info,movie_info.info,benchmarks/job/../../data/job/movie_info__info.csv,job-csv,utf8,NaiveAvx2V2Wildcard,static,full-scan,full-scan,prefix_usa_space_199,USA:% 199%,3,6674158,100000014,100000000,6674158,6674158,0,1,0,1959891761,0,2889,110,54788295,54788405,6674158,4607775,78136,8.209036255959179,8.209019774479417,0.54788405,
job_movie_info_info,movie_info.info,benchmarks/job/../../data/job/movie_info__info.csv,job-csv,utf8,NaiveAvx2V2Wildcard,static,full-scan,full-scan,prefix_usa_space_199,USA:% 199%,4,6674158,100000014,100000000,6674158,6674158,0,1,0,1959891761,0,2889,110,54537713,54537823,6674158,4607775,78136,8.171491145399914,8.171474663920153,0.54537823,
job_movie_info_info,movie_info.info,benchmarks/job/../../data/job/movie_info__info.csv,job-csv,utf8,NaiveAvx2V2Wildcard,static,full-scan,full-scan,prefix_usa_space_200,USA:% 200%,0,6674158,100000014,100000000,6674158,6674158,0,1,0,1959891761,0,2590,960,56611779,56612739,6674158,4607775,268914,8.482379200492407,8.482235362123582,0.56612739,
job_movie_info_info,movie_info.info,benchmarks/job/../../data/job/movie_info__info.csv,job-csv,utf8,NaiveAvx2V2Wildcard,static,full-scan,full-scan,prefix_usa_space_200,USA:% 200%,1,6674158,100000014,100000000,6674158,6674158,0,1,0,1959891761,0,2590,100,56255633,56255733,6674158,4607775,268914,8.428888408095823,8.428873424932403,0.56255733,
job_movie_info_info,movie_info.info,benchmarks/job/../../data/job/movie_info__info.csv,job-csv,utf8,NaiveAvx2V2Wildcard,static,full-scan,full-scan,prefix_usa_space_200,USA:% 200%,2,6674158,100000014,100000000,6674158,6674158,0,1,0,1959891761,0,2590,120,56589076,56589196,6674158,4607775,268914,8.47885171432861,8.478833734532506,0.56589196,
job_movie_info_info,movie_info.info,benchmarks/job/../../data/job/movie_info__info.csv,job-csv,utf8,NaiveAvx2V2Wildcard,static,full-scan,full-scan,prefix_usa_space_200,USA:% 200%,3,6674158,100000014,100000000,6674158,6674158,0,1,0,1959891761,0,2590,110,56223206,56223316,6674158,4607775,268914,8.424031316010199,8.424014834530437,0.56223316,
job_movie_info_info,movie_info.info,benchmarks/job/../../data/job/movie_info__info.csv,job-csv,utf8,NaiveAvx2V2Wildcard,static,full-scan,full-scan,prefix_usa_space_200,USA:% 200%,4,6674158,100000014,100000000,6674158,6674158,0,1,0,1959891761,0,2590,100,56551098,56551198,6674158,4607775,268914,8.473158411892557,8.473143428729138,0.56551198,
job_movie_info_info,movie_info.info,benchmarks/job/../../data/job/movie_info__info.csv,job-csv,utf8,NaiveAvx2V2Wildcard,static,full-scan,full-scan,prefix_usa_200,USA:%200%,0,6674158,100000014,100000000,6674158,6674158,0,1,0,1959891761,0,1990,1189,61570863,61572052,6674158,5402091,294734,9.225441171755298,9.225263021942244,0.61572052,
job_movie_info_info,movie_info.info,benchmarks/job/../../data/job/movie_info__info.csv,job-csv,utf8,NaiveAvx2V2Wildcard,static,full-scan,full-scan,prefix_usa_200,USA:%200%,1,6674158,100000014,100000000,6674158,6674158,0,1,0,1959891761,0,1990,120,61911821,61911941,6674158,5402091,294734,9.276367296069408,9.276349316273304,0.61911941,
job_movie_info_info,movie_info.info,benchmarks/job/../../data/job/movie_info__info.csv,job-csv,utf8,NaiveAvx2V2Wildcard,static,full-scan,full-scan,prefix_usa_200,USA:%200%,2,6674158,100000014,100000000,6674158,6674158,0,1,0,1959891761,0,1990,110,70382186,70382296,6674158,5402091,294734,10.545494427911356,10.545477946431594,0.70382296,
job_movie_info_info,movie_info.info,benchmarks/job/../../data/job/movie_info__info.csv,job-csv,utf8,NaiveAvx2V2Wildcard,static,full-scan,full-scan,prefix_usa_200,USA:%200%,3,6674158,100000014,100000000,6674158,6674158,0,1,0,1959891761,0,1990,100,62518541,62518641,6674158,5402091,294734,9.367270148534093,9.367255165370674,0.62518641,
job_movie_info_info,movie_info.info,benchmarks/job/../../data/job/movie_info__info.csv,job-csv,utf8,NaiveAvx2V2Wildcard,static,full-scan,full-scan,prefix_usa_200,USA:%200%,4,6674158,100000014,100000000,6674158,6674158,0,1,0,1959891761,0,1990,120,62960908,62961028,6674158,5402091,294734,9.43355371568968,9.433535735893576,0.62961028,
job_movie_info_info,movie_info.info,benchmarks/job/../../data/job/movie_info__info.csv,job-csv,utf8,NaiveAvx2V2Wildcard,static,full-scan,full-scan,prefix_usa_2008,USA:%2008%,0,6674158,100000014,100000000,6674158,6674158,0,1,0,1959891761,0,2239,290,60029346,60029636,6674158,4607775,45638,8.994338461870397,8.994295010696481,0.60029636,
job_movie_info_info,movie_info.info,benchmarks/job/../../data/job/movie_info__info.csv,job-csv,utf8,NaiveAvx2V2Wildcard,static,full-scan,full-scan,prefix_usa_2008,USA:%2008%,1,6674158,100000014,100000000,6674158,6674158,0,1,0,1959891761,0,2239,110,57171868,57171978,6674158,4607775,45638,8.566170893766675,8.566154412286913,0.57171978,
job_movie_info_info,movie_info.info,benchmarks/job/../../data/job/movie_info__info.csv,job-csv,utf8,NaiveAvx2V2Wildcard,static,full-scan,full-scan,prefix_usa_2008,USA:%2008%,2,6674158,100000014,100000000,6674158,6674158,0,1,0,1959891761,0,2239,110,56775030,56775140,6674158,4607775,45638,8.506712007716928,8.506695526237168,0.5677514,
job_movie_info_info,movie_info.info,benchmarks/job/../../data/job/movie_info__info.csv,job-csv,utf8,NaiveAvx2V2Wildcard,static,full-scan,full-scan,prefix_usa_2008,USA:%2008%,3,6674158,100000014,100000000,6674158,6674158,0,1,0,1959891761,0,2239,110,58165801,58165911,6674158,4607775,45638,8.715093499434685,8.715077017954924,0.58165911,
job_movie_info_info,movie_info.info,benchmarks/job/../../data/job/movie_info__info.csv,job-csv,utf8,NaiveAvx2V2Wildcard,static,full-scan,full-scan,prefix_usa_2008,USA:%2008%,4,6674158,100000014,100000000,6674158,6674158,0,1,0,1959891761,0,2239,120,57633632,57633752,6674158,4607775,45638,8.635359246814355,8.635341267018251,0.57633752,
job_movie_info_info,movie_info.info,benchmarks/job/../../data/job/movie_info__info.csv,job-csv,utf8,NaiveAvx2V2Wildcard,static,full-scan,full-scan,prefix_usa_201,USA:%201%,0,6674158,100000014,100000000,6674158,6674158,0,1,0,1959891761,0,2439,540,64092024,64092564,6674158,5402091,227707,9.603093603717502,9.603012694635039,0.64092564,
job_movie_info_info,movie_info.info,benchmarks/job/../../data/job/movie_info__info.csv,job-csv,utf8,NaiveAvx2V2Wildcard,static,full-scan,full-scan,prefix_usa_201,USA:%201%,1,6674158,100000014,100000000,6674158,6674158,0,1,0,1959891761,0,2439,100,62779359,62779459,6674158,5402091,227707,9.406348935700953,9.406333952537533,0.62779459,
job_movie_info_info,movie_info.info,benchmarks/job/../../data/job/movie_info__info.csv,job-csv,utf8,NaiveAvx2V2Wildcard,static,full-scan,full-scan,prefix_usa_201,USA:%201%,2,6674158,100000014,100000000,6674158,6674158,0,1,0,1959891761,0,2439,110,75694479,75694589,6674158,5402091,227707,11.341443969411571,11.341427487931812,0.75694589,
job_movie_info_info,movie_info.info,benchmarks/job/../../data/job/movie_info__info.csv,job-csv,utf8,NaiveAvx2V2Wildcard,static,full-scan,full-scan,prefix_usa_201,USA:%201%,3,6674158,100000014,100000000,6674158,6674158,0,1,0,1959891761,0,2439,110,62068577,62068687,6674158,5402091,227707,9.299852805402569,9.299836323922808,0.62068687,
job_movie_info_info,movie_info.info,benchmarks/job/../../data/job/movie_info__info.csv,job-csv,utf8,NaiveAvx2V2Wildcard,static,full-scan,full-scan,prefix_usa_201,USA:%201%,4,6674158,100000014,100000000,6674158,6674158,0,1,0,1959891761,0,2439,100,61289639,61289739,6674158,5402091,227707,9.183141753611467,9.183126770448048,0.61289739,
job_movie_info_info,movie_info.info,benchmarks/job/../../data/job/movie_info__info.csv,job-csv,utf8,NaiveVectorizedV2,static,full-scan,full-scan,prefix_japan_200,Japan:%200%,0,6674158,100000014,100000000,6674158,6674158,0,1,0,1959891761,0,2869,700,43051243,43051943,6674158,4439405,54763,6.450542974859151,6.450438092715216,0.43051943,
job_movie_info_info,movie_info.info,benchmarks/job/../../data/job/movie_info__info.csv,job-csv,utf8,NaiveVectorizedV2,static,full-scan,full-scan,prefix_japan_200,Japan:%200%,1,6674158,100000014,100000000,6674158,6674158,0,1,0,1959891761,0,2869,150,42062918,42063068,6674158,4439405,54763,6.302378217596886,6.302355742851757,0.42063068,
job_movie_info_info,movie_info.info,benchmarks/job/../../data/job/movie_info__info.csv,job-csv,utf8,NaiveVectorizedV2,static,full-scan,full-scan,prefix_japan_200,Japan:%200%,2,6674158,100000014,100000000,6674158,6674158,0,1,0,1959891761,0,2869,120,42760861,42760981,6674158,4439405,54763,6.406947662911187,6.4069296831150835,0.42760981,
job_movie_info_info,movie_info.info,benchmarks/job/../../data/job/movie_info__info.csv,job-csv,utf8,NaiveVectorizedV2,static,full-scan,full-scan,prefix_japan_200,Japan:%200%,3,6674158,100000014,100000000,6674158,6674158,0,1,0,1959891761,0,2869,110,42244667,42244777,6674158,4439405,54763,6.3296039740144,6.329587492534639,0.42244777,
job_movie_info_info,movie_info.info,benchmarks/job/../../data/job/movie_info__info.csv,job-csv,utf8,NaiveVectorizedV2,static,full-scan,full-scan,prefix_japan_200,Japan:%200%,4,6674158,100000014,100000000,6674158,6674158,0,1,0,1959891761,0,2869,110,42812515,42812625,6674158,4439405,54763,6.414685567827433,6.414669086347671,0.42812625,
job_movie_info_info,movie_info.info,benchmarks/job/../../data/job/movie_info__info.csv,job-csv,utf8,NaiveVectorizedV2,static,full-scan,full-scan,prefix_japan_2007,Japan:%2007%,0,6674158,100000014,100000000,6674158,6674158,0,1,0,1959891761,0,2609,870,38934242,38935112,6674158,3725759,8501,5.833711458434157,5.83358110491241,0.38935112,
job_movie_info_info,movie_info.info,benchmarks/job/../../data/job/movie_info__info.csv,job-csv,utf8,NaiveVectorizedV2,static,full-scan,full-scan,prefix_japan_2007,Japan:%2007%,1,6674158,100000014,100000000,6674158,6674158,0,1,0,1959891761,0,2609,110,38306945,38307055,6674158,3725759,8501,5.73960865175802,5.739592170278258,0.38307055,
job_movie_info_info,movie_info.info,benchmarks/job/../../data/job/movie_info__info.csv,job-csv,utf8,NaiveVectorizedV2,static,full-scan,full-scan,prefix_japan_2007,Japan:%2007%,2,6674158,100000014,100000000,6674158,6674158,0,1,0,1959891761,0,2609,110,38140399,38140509,6674158,3725759,8501,5.714654792409769,5.714638310930008,0.38140509,
job_movie_info_info,movie_info.info,benchmarks/job/../../data/job/movie_info__info.csv,job-csv,utf8,NaiveVectorizedV2,static,full-scan,full-scan,prefix_japan_2007,Japan:%2007%,3,6674158,100000014,100000000,6674158,6674158,0,1,0,1959891761,0,2609,110,38698983,38699093,6674158,3725759,8501,5.798348345963641,5.798331864483879,0.38699093,
job_movie_info_info,movie_info.info,benchmarks/job/../../data/job/movie_info__info.csv,job-csv,utf8,NaiveVectorizedV2,static,full-scan,full-scan,prefix_japan_2007,Japan:%2007%,4,6674158,100000014,100000000,6674158,6674158,0,1,0,1959891761,0,2609,110,38245327,38245437,6674158,3725759,8501,5.730376326122336,5.730359844642575,0.38245437,
job_movie_info_info,movie_info.info,benchmarks/job/../../data/job/movie_info__info.csv,job-csv,utf8,NaiveVectorizedV2,static,full-scan,full-scan,prefix_japan_201,Japan:%201%,0,6674158,100000014,100000000,6674158,6674158,0,1,0,1959891761,0,3979,600,42085230,42085830,6674158,4439405,23878,6.30578868525438,6.305698786273864,0.4208583,
job_movie_info_info,movie_info.info,benchmarks/job/../../data/job/movie_info__info.csv,job-csv,utf8,NaiveVectorizedV2,static,full-scan,full-scan,prefix_japan_201,Japan:%201%,1,6674158,100000014,100000000,6674158,6674158,0,1,0,1959891761,0,3979,130,41981668,41981798,6674158,4439405,23878,6.290201400686049,6.290181922573604,0.41981798,
job_movie_info_info,movie_info.info,benchmarks/job/../../data/job/movie_info__info.csv,job-csv,utf8,NaiveVectorizedV2,static,full-scan,full-scan,prefix_japan_201,Japan:%201%,2,6674158,100000014,100000000,6674158,6674158,0,1,0,1959891761,0,3979,180,41780513,41780693,6674158,4439405,23878,6.260069509891735,6.26004254019758,0.41780693,
job_movie_info_info,movie_info.info,benchmarks/job/../../data/job/movie_info__info.csv,job-csv,utf8,NaiveVectorizedV2,static,full-scan,full-scan,prefix_japan_201,Japan:%201%,3,6674158,100000014,100000000,6674158,6674158,0,1,0,1959891761,0,3979,110,42522626,42522736,6674158,4439405,23878,6.371251025222957,6.371234543743196,0.42522736,
job_movie_info_info,movie_info.info,benchmarks/job/../../data/job/movie_info__info.csv,job-csv,utf8,NaiveVectorizedV2,static,full-scan,full-scan,prefix_japan_201,Japan:%201%,4,6674158,100000014,100000000,6674158,6674158,0,1,0,1959891761,0,3979,140,43378009,43378149,6674158,4439405,23878,6.499418952922601,6.499397976493814,0.43378149,
job_movie_info_info,movie_info.info,benchmarks/job/../../data/job/movie_info__info.csv,job-csv,utf8,NaiveVectorizedV2,static,full-scan,full-scan,prefix_usa_space_199,USA:% 199%,0,6674158,100000014,100000000,6674158,6674158,0,1,0,1959891761,0,2050,630,54914561,54915191,6674158,4607775,78136,8.228032809531928,8.227938415602388,0.54915191,
job_movie_info_info,movie_info.info,benchmarks/job/../../data/job/movie_info__info.csv,job-csv,utf8,NaiveVectorizedV2,static,full-scan,full-scan,prefix_usa_space_199,USA:% 199%,1,6674158,100000014,100000000,6674158,6674158,0,1,0,1959891761,0,2050,109,54519518,54519627,6674158,4607775,78136,8.168764808984145,8.168748477336017,0.54519627,
job_movie_info_info,movie_info.info,benchmarks/job/../../data/job/movie_info__info.csv,job-csv,utf8,NaiveVectorizedV2,static,full-scan,full-scan,prefix_usa_space_199,USA:% 199%,2,6674158,100000014,100000000,6674158,6674158,0,1,0,1959891761,0,2050,110,55464271,55464381,6674158,4607775,78136,8.310318844714194,8.310302363234433,0.55464381,
job_movie_info_info,movie_info.info,benchmarks/job/../../data/job/movie_info__info.csv,job-csv,utf8,NaiveVectorizedV2,static,full-scan,full-scan,prefix_usa_space_199,USA:% 199%,3,6674158,100000014,100000000,6674158,6674158,0,1,0,1959891761,0,2050,100,54841866,54841966,6674158,4607775,78136,8.217061388118172,8.217046404954752,0.54841966,
job_movie_info_info,movie_info.info,benchmarks/job/../../data/job/movie_info__info.csv,job-csv,utf8,NaiveVectorizedV2,static,full-scan,full-scan,prefix_usa_space_199,USA:% 199%,4,6674158,100000014,100000000,6674158,6674158,0,1,0,1959891761,0,2050,109,55736375,55736484,6674158,4607775,78136,8.35108848187292,8.351072150224793,0.55736484,
job_movie_info_info,movie_info.info,benchmarks/job/../../data/job/movie_info__info.csv,job-csv,utf8,NaiveVectorizedV2,static,full-scan,full-scan,prefix_usa_space_200,USA:% 200%,0,6674158,100000014,100000000,6674158,6674158,0,1,0,1959891761,0,2339,350,57305003,57305353,6674158,4607775,268914,8.58615468797712,8.586102246905153,0.57305353,
job_movie_info_info,movie_info.info,benchmarks/job/../../data/job/movie_info__info.csv,job-csv,utf8,NaiveVectorizedV2,static,full-scan,full-scan,prefix_usa_space_200,USA:% 200%,1,6674158,100000014,100000000,6674158,6674158,0,1,0,1959891761,0,2339,100,58961369,58961469,6674158,4607775,268914,8.834293254669728,8.834278271506308,0.58961469,
job_movie_info_info,movie_info.info,benchmarks/job/../../data/job/movie_info__info.csv,job-csv,utf8,NaiveVectorizedV2,static,full-scan,full-scan,prefix_usa_space_200,USA:% 200%,2,6674158,100000014,100000000,6674158,6674158,0,1,0,1959891761,0,2339,110,58115582,58115692,6674158,4607775,268914,8.707569104597164,8.707552623117403,0.58115692,
job_movie_info_info,movie_info.info,benchmarks/job/../../data/job/movie_info__info.csv,job-csv,utf8,NaiveVectorizedV2,static,full-scan,full-scan,prefix_usa_space_200,USA:% 200%,3,6674158,100000014,100000000,6674158,6674158,0,1,0,1959891761,0,2339,110,58313931,58314041,6674158,4607775,268914,8.737288059407643,8.737271577927883,0.58314041,
job_movie_info_info,movie_info.info,benchmarks/job/../../data/job/movie_info__info.csv,job-csv,utf8,NaiveVectorizedV2,static,full-scan,full-scan,prefix_usa_space_200,USA:% 200%,4,6674158,100000014,100000000,6674158,6674158,0,1,0,1959891761,0,2339,110,57462318,57462428,6674158,4607775,268914,8.609689491917932,8.60967301043817,0.57462428,
job_movie_info_info,movie_info.info,benchmarks/job/../../data/job/movie_info__info.csv,job-csv,utf8,NaiveVectorizedV2,static,full-scan,full-scan,prefix_usa_200,USA:%200%,0,6674158,100000014,100000000,6674158,6674158,0,1,0,1959891761,0,2519,1049,65406596,65407645,6674158,5402091,294734,9.800134339043217,9.79997716565895,0.65407645,
job_movie_info_info,movie_info.info,benchmarks/job/../../data/job/movie_info__info.csv,job-csv,utf8,NaiveVectorizedV2,static,full-scan,full-scan,prefix_usa_200,USA:%200%,1,6674158,100000014,100000000,6674158,6674158,0,1,0,1959891761,0,2519,110,65818818,65818928,6674158,5402091,294734,9.861757543048876,9.861741061569115,0.65818928,
job_movie_info_info,movie_info.info,benchmarks/job/../../data/job/movie_info__info.csv,job-csv,utf8,NaiveVectorizedV2,static,full-scan,full-scan,prefix_usa_200,USA:%200%,2,6674158,100000014,100000000,6674158,6674158,0,1,0,1959891761,0,2519,150,65220103,65220253,6674158,5402091,294734,9.772057089448587,9.772034614703458,0.65220253,
job_movie_info_info,movie_info.info,benchmarks/job/../../data/job/movie_info__info.csv,job-csv,utf8,NaiveVectorizedV2,static,full-scan,full-scan,prefix_usa_200,USA:%200%,3,6674158,100000014,100000000,6674158,6674158,0,1,0,1959891761,0,2519,110,65496575,65496685,6674158,5402091,294734,9.813475347751732,9.81345886627197,0.65496685,
job_movie_info_info,movie_info.info,benchmarks/job/../../data/job/movie_info__info.csv,job-csv,utf8,NaiveVectorizedV2,static,full-scan,full-scan,prefix_usa_200,USA:%200%,4,6674158,100000014,100000000,6674158,6674158,0,1,0,1959891761,0,2519,110,65011467,65011577,6674158,5402091,294734,9.7407908233518,9.740774341872038,0.65011577,
job_movie_info_info,movie_info.info,benchmarks/job/../../data/job/movie_info__info.csv,job-csv,utf8,NaiveVectorizedV2,static,full-scan,full-scan,prefix_usa_2008,USA:%2008%,0,6674158,100000014,100000000,6674158,6674158,0,1,0,1959891761,0,2579,481,55364007,55364488,6674158,4607775,45638,8.295351713279787,8.29527964426374,0.55364488,
job_movie_info_info,movie_info.info,benchmarks/job/../../data/job/movie_info__info.csv,job-csv,utf8,NaiveVectorizedV2,static,full-scan,full-scan,prefix_usa_2008,USA:%2008%,1,6674158,100000014,100000000,6674158,6674158,0,1,0,1959891761,0,2579,100,55945383,55945483,6674158,4607775,45638,8.38240314358755,8.382388160424131,0.55945483,
job_movie_info_info,movie_info.info,benchmarks/job/../../data/job/movie_info__info.csv,job-csv,utf8,NaiveVectorizedV2,static,full-scan,full-scan,prefix_usa_2008,USA:%2008%,2,6674158,100000014,100000000,6674158,6674158,0,1,0,1959891761,0,2579,110,55284147,55284257,6674158,4607775,45638,8.283330571436876,8.283314089957114,0.55284257,
job_movie_info_info,movie_info.info,benchmarks/job/../../data/job/movie_info__info.csv,job-csv,utf8,NaiveVectorizedV2,static,full-scan,full-scan,prefix_usa_2008,USA:%2008%,3,6674158,100000014,100000000,6674158,6674158,0,1,0,1959891761,0,2579,120,56669776,56669896,6674158,4607775,45638,8.490943127207956,8.490925147411854,0.56669896,
job_movie_info_info,movie_info.info,benchmarks/job/../../data/job/movie_info__info.csv,job-csv,utf8,NaiveVectorizedV2,static,full-scan,full-scan,prefix_usa_2008,USA:%2008%,4,6674158,100000014,100000000,6674158,6674158,0,1,0,1959891761,0,2579,110,55323601,55323711,6674158,4607775,45638,8.289242028732314,8.289225547252553,0.55323711,
job_movie_info_info,movie_info.info,benchmarks/job/../../data/job/movie_info__info.csv,job-csv,utf8,NaiveVectorizedV2,static,full-scan,full-scan,prefix_usa_201,USA:%201%,0,6674158,100000014,100000000,6674158,6674158,0,1,0,1959891761,0,2095,641,63880993,63881634,6674158,5402091,227707,9.571489617117246,9.571393575039728,0.63881634,
job_movie_info_info,movie_info.info,benchmarks/job/../../data/job/movie_info__info.csv,job-csv,utf8,NaiveVectorizedV2,static,full-scan,full-scan,prefix_usa_201,USA:%201%,1,6674158,100000014,100000000,6674158,6674158,0,1,0,1959891761,0,2095,120,63785859,63785979,6674158,5402091,227707,9.557157472148546,9.557139492352444,0.63785979,
job_movie_info_info,movie_info.info,benchmarks/job/../../data/job/movie_info__info.csv,job-csv,utf8,NaiveVectorizedV2,static,full-scan,full-scan,prefix_usa_201,USA:%201%,2,6674158,100000014,100000000,6674158,6674158,0,1,0,1959891761,0,2095,110,64064894,64065004,6674158,5402091,227707,9.598964243879154,9.598947762399392,0.64065004,
job_movie_info_info,movie_info.info,benchmarks/job/../../data/job/movie_info__info.csv,job-csv,utf8,NaiveVectorizedV2,static,full-scan,full-scan,prefix_usa_201,USA:%201%,3,6674158,100000014,100000000,6674158,6674158,0,1,0,1959891761,0,2095,111,63209603,63209714,6674158,5402091,227707,9.470814745470514,9.47079811415912,0.63209714,
job_movie_info_info,movie_info.info,benchmarks/job/../../data/job/movie_info__info.csv,job-csv,utf8,NaiveVectorizedV2,static,full-scan,full-scan,prefix_usa_201,USA:%201%,4,6674158,100000014,100000000,6674158,6674158,0,1,0,1959891761,0,2095,110,63462972,63463082,6674158,5402091,227707,9.50877728696264,9.50876080548288,0.63463082,
job_movie_info_info,movie_info.info,benchmarks/job/../../data/job/movie_info__info.csv,job-csv,utf8,NaiveVectorizedV2Wildcard,static,full-scan,full-scan,prefix_japan_200,Japan:%200%,0,6674158,100000014,100000000,6674158,6674158,0,1,0,1959891761,0,2365,621,37725942,37726563,6674158,4439405,54763,5.652632586762255,5.652539541317422,0.37726563,
job_movie_info_info,movie_info.info,benchmarks/job/../../data/job/movie_info__info.csv,job-csv,utf8,NaiveVectorizedV2Wildcard,static,full-scan,full-scan,prefix_japan_200,Japan:%200%,1,6674158,100000014,100000000,6674158,6674158,0,1,0,1959891761,0,2365,110,37630537,37630647,6674158,4439405,54763,5.638261335737032,5.638244854257271,0.37630647,
job_movie_info_info,movie_info.info,benchmarks/job/../../data/job/movie_info__info.csv,job-csv,utf8,NaiveVectorizedV2Wildcard,static,full-scan,full-scan,prefix_japan_200,Japan:%200%,2,6674158,100000014,100000000,6674158,6674158,0,1,0,1959891761,0,2365,120,38297218,38297338,6674158,4439405,54763,5.738152737768569,5.738134757972467,0.38297338,
job_movie_info_info,movie_info.info,benchmarks/job/../../data/job/movie_info__info.csv,job-csv,utf8,NaiveVectorizedV2Wildcard,static,full-scan,full-scan,prefix_japan_200,Japan:%200%,3,6674158,100000014,100000000,6674158,6674158,0,1,0,1959891761,0,2365,160,37676743,37676903,6674158,4439405,54763,5.6451919478082475,5.645167974746777,0.37676903,
job_movie_info_info,movie_info.info,benchmarks/job/../../data/job/movie_info__info.csv,job-csv,utf8,NaiveVectorizedV2Wildcard,static,full-scan,full-scan,prefix_japan_200,Japan:%200%,4,6674158,100000014,100000000,6674158,6674158,0,1,0,1959891761,0,2365,111,38352798,38352909,6674158,4439405,54763,5.74647903151229,5.746462400200894,0.38352909,
job_movie_info_info,movie_info.info,benchmarks/job/../../data/job/movie_info__info.csv,job-csv,utf8,NaiveVectorizedV2Wildcard,static,full-scan,full-scan,prefix_japan_2007,Japan:%2007%,0,6674158,100000014,100000000,6674158,6674158,0,1,0,1959891761,0,1985,872,34772365,34773237,6674158,3725759,8501,5.21013092587859,5.210000272693574,0.34773237,
job_movie_info_info,movie_info.info,benchmarks/job/../../data/job/movie_info__info.csv,job-csv,utf8,NaiveVectorizedV2Wildcard,static,full-scan,full-scan,prefix_japan_2007,Japan:%2007%,1,6674158,100000014,100000000,6674158,6674158,0,1,0,1959891761,0,1985,110,35282238,35282348,6674158,3725759,8501,5.2864118589940485,5.286395377514287,0.35282348,
job_movie_info_info,movie_info.info,benchmarks/job/../../data/job/movie_info__info.csv,job-csv,utf8,NaiveVectorizedV2Wildcard,static,full-scan,full-scan,prefix_japan_2007,Japan:%2007%,2,6674158,100000014,100000000,6674158,6674158,0,1,0,1959891761,0,1985,100,34558772,34558872,6674158,3725759,8501,5.178012267614881,5.177997284451462,0.34558872,
job_movie_info_info,movie_info.info,benchmarks/job/../../data/job/movie_info__info.csv,job-csv,utf8,NaiveVectorizedV2Wildcard,static,full-scan,full-scan,prefix_japan_2007,Japan:%2007%,3,6674158,100000014,100000000,6674158,6674158,0,1,0,1959891761,0,1985,111,34404255,34404366,6674158,3725759,8501,5.15486238114231,5.154845749830915,0.34404366,
job_movie_info_info,movie_info.info,benchmarks/job/../../data/job/movie_info__info.csv,job-csv,utf8,NaiveVectorizedV2Wildcard,static,full-scan,full-scan,prefix_japan_2007,Japan:%2007%,4,6674158,100000014,100000000,6674158,6674158,0,1,0,1959891761,0,1985,120,34006233,34006353,6674158,3725759,8501,5.095227442922388,5.095209463126285,0.34006353,
job_movie_info_info,movie_info.info,benchmarks/job/../../data/job/movie_info__info.csv,job-csv,utf8,NaiveVectorizedV2Wildcard,static,full-scan,full-scan,prefix_japan_201,Japan:%201%,0,6674158,100000014,100000000,6674158,6674158,0,1,0,1959891761,0,2325,611,37704334,37704945,6674158,4439405,23878,5.649393526494278,5.649301979365787,0.37704945,
job_movie_info_info,movie_info.info,benchmarks/job/../../data/job/movie_info__info.csv,job-csv,utf8,NaiveVectorizedV2Wildcard,static,full-scan,full-scan,prefix_japan_201,Japan:%201%,1,6674158,100000014,100000000,6674158,6674158,0,1,0,1959891761,0,2325,110,37741421,37741531,6674158,4439405,23878,5.654875266662851,5.65485878518309,0.37741531,
job_movie_info_info,movie_info.info,benchmarks/job/../../data/job/movie_info__info.csv,job-csv,utf8,NaiveVectorizedV2Wildcard,static,full-scan,full-scan,prefix_japan_201,Japan:%201%,2,6674158,100000014,100000000,6674158,6674158,0,1,0,1959891761,0,2325,120,37560597,37560717,6674158,4439405,23878,5.62778360955794,5.627765629761837,0.37560717,
job_movie_info_info,movie_info.info,benchmarks/job/../../data/job/movie_info__info.csv,job-csv,utf8,NaiveVectorizedV2Wildcard,static,full-scan,full-scan,prefix_japan_201,Japan:%201%,3,6674158,100000014,100000000,6674158,6674158,0,1,0,1959891761,0,2325,110,37417797,37417907,6674158,4439405,23878,5.606386153878886,5.606369672399125,0.37417907,
job_movie_info_info,movie_info.info,benchmarks/job/../../data/job/movie_info__info.csv,job-csv,utf8,NaiveVectorizedV2Wildcard,static,full-scan,full-scan,prefix_japan_201,Japan:%201%,4,6674158,100000014,100000000,6674158,6674158,0,1,0,1959891761,0,2325,110,37300125,37300235,6674158,4439405,23878,5.588755165820168,5.588738684340407,0.37300235,
job_movie_info_info,movie_info.info,benchmarks/job/../../data/job/movie_info__info.csv,job-csv,utf8,NaiveVectorizedV2Wildcard,static,full-scan,full-scan,prefix_usa_space_199,USA:% 199%,0,6674158,100000014,100000000,6674158,6674158,0,1,0,1959891761,0,2956,832,53653679,53654511,6674158,4607775,78136,8.03914306493793,8.03901840501828,0.53654511,
job_movie_info_info,movie_info.info,benchmarks/job/../../data/job/movie_info__info.csv,job-csv,utf8,NaiveVectorizedV2Wildcard,static,full-scan,full-scan,prefix_usa_space_199,USA:% 199%,1,6674158,100000014,100000000,6674158,6674158,0,1,0,1959891761,0,2956,110,54532211,54532321,6674158,4607775,78136,8.170666771748586,8.170650290268824,0.54532321,
job_movie_info_info,movie_info.info,benchmarks/job/../../data/job/movie_info__info.csv,job-csv,utf8,NaiveVectorizedV2Wildcard,static,full-scan,full-scan,prefix_usa_space_199,USA:% 199%,2,6674158,100000014,100000000,6674158,6674158,0,1,0,1959891761,0,2956,110,53426568,53426678,6674158,4607775,78136,8.005006474224913,8.004989992745152,0.53426678,
job_movie_info_info,movie_info.info,benchmarks/job/../../data/job/movie_info__info.csv,job-csv,utf8,NaiveVectorizedV2Wildcard,static,full-scan,full-scan,prefix_usa_space_199,USA:% 199%,3,6674158,100000014,100000000,6674158,6674158,0,1,0,1959891761,0,2956,110,54223608,54223718,6674158,4607775,78136,8.12442827994183,8.124411798462068,0.54223718,
job_movie_info_info,movie_info.info,benchmarks/job/../../data/job/movie_info__info.csv,job-csv,utf8,NaiveVectorizedV2Wildcard,static,full-scan,full-scan,prefix_usa_space_199,USA:% 199%,4,6674158,100000014,100000000,6674158,6674158,0,1,0,1959891761,0,2956,130,53982265,53982395,6674158,4607775,78136,8.088270460483555,8.08825098237111,0.53982395,
job_movie_info_info,movie_info.info,benchmarks/job/../../data/job/movie_info__info.csv,job-csv,utf8,NaiveVectorizedV2Wildcard,static,full-scan,full-scan,prefix_usa_space_200,USA:% 200%,0,6674158,100000014,100000000,6674158,6674158,0,1,0,1959891761,0,2575,791,56030381,56031172,6674158,4607775,268914,8.395242066489885,8.39512354966724,0.56031172,
job_movie_info_info,movie_info.info,benchmarks/job/../../data/job/movie_info__info.csv,job-csv,utf8,NaiveVectorizedV2Wildcard,static,full-scan,full-scan,prefix_usa_space_200,USA:% 200%,1,6674158,100000014,100000000,6674158,6674158,0,1,0,1959891761,0,2575,111,56111721,56111832,6674158,4607775,268914,8.407327486103865,8.40731085479247,0.56111832,
job_movie_info_info,movie_info.info,benchmarks/job/../../data/job/movie_info__info.csv,job-csv,utf8,NaiveVectorizedV2Wildcard,static,full-scan,full-scan,prefix_usa_space_200,USA:% 200%,2,6674158,100000014,100000000,6674158,6674158,0,1,0,1959891761,0,2575,110,56242528,56242638,6674158,4607775,268914,8.42692636284607,8.426909881366308,0.56242638,
job_movie_info_info,movie_info.info,benchmarks/job/../../data/job/movie_info__info.csv,job-csv,utf8,NaiveVectorizedV2Wildcard,static,full-scan,full-scan,prefix_usa_space_200,USA:% 200%,3,6674158,100000014,100000000,6674158,6674158,0,1,0,1959891761,0,2575,120,56465560,56465680,6674158,4607775,268914,8.460345110199668,8.460327130403565,0.5646568,
job_movie_info_info,movie_info.info,benchmarks/job/../../data/job/movie_info__info.csv,job-csv,utf8,NaiveVectorizedV2Wildcard,static,full-scan,full-scan,prefix_usa_space_200,USA:% 200%,4,6674158,100000014,100000000,6674158,6674158,0,1,0,1959891761,0,2575,110,62916098,62916208,6674158,4607775,268914,9.426838261845164,9.426821780365403,0.62916208,
job_movie_info_info,movie_info.info,benchmarks/job/../../data/job/movie_info__info.csv,job-csv,utf8,NaiveVectorizedV2Wildcard,static,full-scan,full-scan,prefix_usa_200,USA:%200%,0,6674158,100000014,100000000,6674158,6674158,0,1,0,1959891761,0,2635,321,61920284,61920605,6674158,5402091,294734,9.277665437348052,9.277617341393476,0.61920605,
job_movie_info_info,movie_info.info,benchmarks/job/../../data/job/movie_info__info.csv,job-csv,utf8,NaiveVectorizedV2Wildcard,static,full-scan,full-scan,prefix_usa_200,USA:%200%,1,6674158,100000014,100000000,6674158,6674158,0,1,0,1959891761,0,2635,111,61289319,61289430,6674158,5402091,294734,9.1830954556365,9.183078824325106,0.6128943,
job_movie_info_info,movie_info.info,benchmarks/job/../../data/job/movie_info__info.csv,job-csv,utf8,NaiveVectorizedV2Wildcard,static,full-scan,full-scan,prefix_usa_200,USA:%200%,2,6674158,100000014,100000000,6674158,6674158,0,1,0,1959891761,0,2635,110,61766028,61766138,6674158,5402091,294734,9.254521394309215,9.254504912829454,0.61766138,
job_movie_info_info,movie_info.info,benchmarks/job/../../data/job/movie_info__info.csv,job-csv,utf8,NaiveVectorizedV2Wildcard,static,full-scan,full-scan,prefix_usa_200,USA:%200%,3,6674158,100000014,100000000,6674158,6674158,0,1,0,1959891761,0,2635,110,61277416,61277526,6674158,5402091,294734,9.181311859863072,9.181295378383311,0.61277526,
job_movie_info_info,movie_info.info,benchmarks/job/../../data/job/movie_info__info.csv,job-csv,utf8,NaiveVectorizedV2Wildcard,static,full-scan,full-scan,prefix_usa_200,USA:%200%,4,6674158,100000014,100000000,6674158,6674158,0,1,0,1959891761,0,2635,111,60768831,60768942,6674158,5402091,294734,9.105109888018832,9.105093256707438,0.60768942,
job_movie_info_info,movie_info.info,benchmarks/job/../../data/job/movie_info__info.csv,job-csv,utf8,NaiveVectorizedV2Wildcard,static,full-scan,full-scan,prefix_usa_2008,USA:%2008%,0,6674158,100000014,100000000,6674158,6674158,0,1,0,1959891761,0,2675,902,55215999,55216901,6674158,4607775,45638,8.273238511884196,8.273103363750154,0.55216901,
job_movie_info_info,movie_info.info,benchmarks/job/../../data/job/movie_info__info.csv,job-csv,utf8,NaiveVectorizedV2Wildcard,static,full-scan,full-scan,prefix_usa_2008,USA:%2008%,1,6674158,100000014,100000000,6674158,6674158,0,1,0,1959891761,0,2675,120,55909965,55910085,6674158,4607775,45638,8.377099403400399,8.377081423604295,0.55910085,
job_movie_info_info,movie_info.info,benchmarks/job/../../data/job/movie_info__info.csv,job-csv,utf8,NaiveVectorizedV2Wildcard,static,full-scan,full-scan,prefix_usa_2008,USA:%2008%,2,6674158,100000014,100000000,6674158,6674158,0,1,0,1959891761,0,2675,110,54755506,54755616,6674158,4607775,45638,8.204123426505635,8.204106945025874,0.54755616,
job_movie_info_info,movie_info.info,benchmarks/job/../../data/job/movie_info__info.csv,job-csv,utf8,NaiveVectorizedV2Wildcard,static,full-scan,full-scan,prefix_usa_2008,USA:%2008%,3,6674158,100000014,100000000,6674158,6674158,0,1,0,1959891761,0,2675,100,54076432,54076532,6674158,4607775,45638,8.10237516103155,8.10236017786813,0.54076532,
job_movie_info_info,movie_info.info,benchmarks/job/../../data/job/movie_info__info.csv,job-csv,utf8,NaiveVectorizedV2Wildcard,static,full-scan,full-scan,prefix_usa_2008,USA:%2008%,4,6674158,100000014,100000000,6674158,6674158,0,1,0,1959891761,0,2675,100,55133581,55133681,6674158,4607775,45638,8.260769523286683,8.260754540123264,0.55133681,
job_movie_info_info,movie_info.info,benchmarks/job/../../data/job/movie_info__info.csv,job-csv,utf8,NaiveVectorizedV2Wildcard,static,full-scan,full-scan,prefix_usa_201,USA:%201%,0,6674158,100000014,100000000,6674158,6674158,0,1,0,1959891761,0,2199,880,60974845,60975725,6674158,5402091,227707,9.136092522832094,9.135960670994004,0.60975725,
job_movie_info_info,movie_info.info,benchmarks/job/../../data/job/movie_info__info.csv,job-csv,utf8,NaiveVectorizedV2Wildcard,static,full-scan,full-scan,prefix_usa_201,USA:%201%,1,6674158,100000014,100000000,6674158,6674158,0,1,0,1959891761,0,2199,100,61194941,61195041,6674158,5402091,227707,9.16895299751669,9.168938014353271,0.61195041,
job_movie_info_info,movie_info.info,benchmarks/job/../../data/job/movie_info__info.csv,job-csv,utf8,NaiveVectorizedV2Wildcard,static,full-scan,full-scan,prefix_usa_201,USA:%201%,2,6674158,100000014,100000000,6674158,6674158,0,1,0,1959891761,0,2199,100,61504479,61504579,6674158,5402091,227707,9.215331581901417,9.215316598737997,0.61504579,
job_movie_info_info,movie_info.info,benchmarks/job/../../data/job/movie_info__info.csv,job-csv,utf8,NaiveVectorizedV2Wildcard,static,full-scan,full-scan,prefix_usa_201,USA:%201%,3,6674158,100000014,100000000,6674158,6674158,0,1,0,1959891761,0,2199,130,62203841,62203971,6674158,5402091,227707,9.32012262820269,9.320103150090244,0.62203971,
job_movie_info_info,movie_info.info,benchmarks/job/../../data/job/movie_info__info.csv,job-csv,utf8,NaiveVectorizedV2Wildcard,static,full-scan,full-scan,prefix_usa_201,USA:%201%,4,6674158,100000014,100000000,6674158,6674158,0,1,0,1959891761,0,2199,110,60377272,60377382,6674158,5402091,227707,9.046441813334356,9.046425331854595,0.60377382,
job_movie_info_info,movie_info.info,benchmarks/job/../../data/job/movie_info__info.csv,job-csv,utf8,NaiveWildcard,static,full-scan,full-scan,prefix_japan_200,Japan:%200%,0,6674158,100000014,100000000,6674158,6674158,0,1,0,1959891761,0,2429,980,38240427,38241407,6674158,4439405,54763,5.72977250463654,5.729625669635031,0.38241407,
job_movie_info_info,movie_info.info,benchmarks/job/../../data/job/movie_info__info.csv,job-csv,utf8,NaiveWildcard,static,full-scan,full-scan,prefix_japan_200,Japan:%200%,1,6674158,100000014,100000000,6674158,6674158,0,1,0,1959891761,0,2429,120,38655083,38655203,6674158,4439405,54763,5.791772235538925,5.791754255742822,0.38655203,
job_movie_info_info,movie_info.info,benchmarks/job/../../data/job/movie_info__info.csv,job-csv,utf8,NaiveWildcard,static,full-scan,full-scan,prefix_japan_200,Japan:%200%,2,6674158,100000014,100000000,6674158,6674158,0,1,0,1959891761,0,2429,110,38789850,38789960,6674158,4439405,54763,5.811963097067825,5.811946615588064,0.3878996,
job_movie_info_info,movie_info.info,benchmarks/job/../../data/job/movie_info__info.csv,job-csv,utf8,NaiveWildcard,static,full-scan,full-scan,prefix_japan_200,Japan:%200%,3,6674158,100000014,100000000,6674158,6674158,0,1,0,1959891761,0,2429,110,39784867,39784977,6674158,4439405,54763,5.961048120227301,5.9610316387475395,0.39784977,
job_movie_info_info,movie_info.info,benchmarks/job/../../data/job/movie_info__info.csv,job-csv,utf8,NaiveWildcard,static,full-scan,full-scan,prefix_japan_200,Japan:%200%,4,6674158,100000014,100000000,6674158,6674158,0,1,0,1959891761,0,2429,120,38728799,38728919,6674158,4439405,54763,5.802817224285071,5.802799244488968,0.38728919,
job_movie_info_info,movie_info.info,benchmarks/job/../../data/job/movie_info__info.csv,job-csv,utf8,NaiveWildcard,static,full-scan,full-scan,prefix_japan_2007,Japan:%2007%,0,6674158,100000014,100000000,6674158,6674158,0,1,0,1959891761,0,2308,750,35026045,35026795,6674158,3725759,8501,5.248121935381212,5.248009561655568,0.35026795,
job_movie_info_info,movie_info.info,benchmarks/job/../../data/job/movie_info__info.csv,job-csv,utf8,NaiveWildcard,static,full-scan,full-scan,prefix_japan_2007,Japan:%2007%,1,6674158,100000014,100000000,6674158,6674158,0,1,0,1959891761,0,2308,110,34940216,34940326,6674158,3725759,8501,5.235166143804207,5.235149662324446,0.34940326,
job_movie_info_info,movie_info.info,benchmarks/job/../../data/job/movie_info__info.csv,job-csv,utf8,NaiveWildcard,static,full-scan,full-scan,prefix_japan_2007,Japan:%2007%,2,6674158,100000014,100000000,6674158,6674158,0,1,0,1959891761,0,2308,110,35061680,35061790,6674158,3725759,8501,5.253365293419784,5.253348811940023,0.3506179,
job_movie_info_info,movie_info.info,benchmarks/job/../../data/job/movie_info__info.csv,job-csv,utf8,NaiveWildcard,static,full-scan,full-scan,prefix_japan_2007,Japan:%2007%,3,6674158,100000014,100000000,6674158,6674158,0,1,0,1959891761,0,2308,100,37348464,37348564,6674158,3725759,8501,5.5959963788690645,5.595981395705645,0.37348564,
job_movie_info_info,movie_info.info,benchmarks/job/../../data/job/movie_info__info.csv,job-csv,utf8,NaiveWildcard,static,full-scan,full-scan,prefix_japan_2007,Japan:%2007%,4,6674158,100000014,100000000,6674158,6674158,0,1,0,1959891761,0,2308,110,36152920,36153030,6674158,3725759,8501,5.41686756591618,5.416851084436419,0.3615303,
job_movie_info_info,movie_info.info,benchmarks/job/../../data/job/movie_info__info.csv,job-csv,utf8,NaiveWildcard,static,full-scan,full-scan,prefix_japan_201,Japan:%201%,0,6674158,100000014,100000000,6674158,6674158,0,1,0,1959891761,0,2469,880,38764211,38765091,6674158,4439405,23878,5.808236934157088,5.808105082318998,0.38765091,
job_movie_info_info,movie_info.info,benchmarks/job/../../data/job/movie_info__info.csv,job-csv,utf8,NaiveWildcard,static,full-scan,full-scan,prefix_japan_201,Japan:%201%,1,6674158,100000014,100000000,6674158,6674158,0,1,0,1959891761,0,2469,120,39178380,39178500,6674158,4439405,23878,5.87017868021704,5.870160700420937,0.391785,
job_movie_info_info,movie_info.info,benchmarks/job/../../data/job/movie_info__info.csv,job-csv,utf8,NaiveWildcard,static,full-scan,full-scan,prefix_japan_201,Japan:%201%,2,6674158,100000014,100000000,6674158,6674158,0,1,0,1959891761,0,2469,110,38714538,38714648,6674158,4439405,23878,5.800678977033508,5.8006624955537465,0.38714648,
job_movie_info_info,movie_info.info,benchmarks/job/../../data/job/movie_info__info.csv,job-csv,utf8,NaiveWildcard,static,full-scan,full-scan,prefix_japan_201,Japan:%201%,3,6674158,100000014,100000000,6674158,6674158,0,1,0,1959891761,0,2469,110,39944731,39944841,6674158,4439405,23878,5.985000804595876,5.984984323116114,0.39944841,
job_movie_info_info,movie_info.info,benchmarks/job/../../data/job/movie_info__info.csv,job-csv,utf8,NaiveWildcard,static,full-scan,full-scan,prefix_japan_201,Japan:%201%,4,6674158,100000014,100000000,6674158,6674158,0,1,0,1959891761,0,2469,120,39973189,39973309,6674158,4439405,23878,5.989266211558072,5.989248231761969,0.39973309,
job_movie_info_info,movie_info.info,benchmarks/job/../../data/job/movie_info__info.csv,job-csv,utf8,NaiveWildcard,static,full-scan,full-scan,prefix_usa_space_199,USA:% 199%,0,6674158,100000014,100000000,6674158,6674158,0,1,0,1959891761,0,2323,1116,54366744,54367860,6674158,4607775,78136,8.146025311357628,8.145858099253868,0.5436786,
job_movie_info_info,movie_info.info,benchmarks/job/../../data/job/movie_info__info.csv,job-csv,utf8,NaiveWildcard,static,full-scan,full-scan,prefix_usa_space_199,USA:% 199%,1,6674158,100000014,100000000,6674158,6674158,0,1,0,1959891761,0,2323,110,54584662,54584772,6674158,4607775,78136,8.178525590793626,8.178509109313865,0.54584772,
job_movie_info_info,movie_info.info,benchmarks/job/../../data/job/movie_info__info.csv,job-csv,utf8,NaiveWildcard,static,full-scan,full-scan,prefix_usa_space_199,USA:% 199%,2,6674158,100000014,100000000,6674158,6674158,0,1,0,1959891761,0,2323,100,53972706,53972806,6674158,4607775,78136,8.086833724943281,8.086818741779862,0.53972806,
job_movie_info_info,movie_info.info,benchmarks/job/../../data/job/movie_info__info.csv,job-csv,utf8,NaiveWildcard,static,full-scan,full-scan,prefix_usa_space_199,USA:% 199%,3,6674158,100000014,100000000,6674158,6674158,0,1,0,1959891761,0,2323,110,54599756,54599866,6674158,4607775,78136,8.180787149480128,8.180770668000369,0.54599866,
job_movie_info_info,movie_info.info,benchmarks/job/../../data/job/movie_info__info.csv,job-csv,utf8,NaiveWildcard,static,full-scan,full-scan,prefix_usa_space_199,USA:% 199%,4,6674158,100000014,100000000,6674158,6674158,0,1,0,1959891761,0,2323,110,54459818,54459928,6674158,4607775,78136,8.159820010254476,8.159803528774717,0.54459928,
job_movie_info_info,movie_info.info,benchmarks/job/../../data/job/movie_info__info.csv,job-csv,utf8,NaiveWildcard,static,full-scan,full-scan,prefix_usa_space_200,USA:% 200%,0,6674158,100000014,100000000,6674158,6674158,0,1,0,1959891761,0,2625,1237,57035656,57036893,6674158,4607775,268914,8.54593088746176,8.545745545730263,0.57036893,
job_movie_info_info,movie_info.info,benchmarks/job/../../data/job/movie_info__info.csv,job-csv,utf8,NaiveWildcard,static,full-scan,full-scan,prefix_usa_space_200,USA:% 200%,1,6674158,100000014,100000000,6674158,6674158,0,1,0,1959891761,0,2625,101,56060429,56060530,6674158,4607775,268914,8.399640823606513,8.39962569061146,0.5606053,
job_movie_info_info,movie_info.info,benchmarks/job/../../data/job/movie_info__info.csv,job-csv,utf8,NaiveWildcard,static,full-scan,full-scan,prefix_usa_space_200,USA:% 200%,2,6674158,100000014,100000000,6674158,6674158,0,1,0,1959891761,0,2625,101,67163714,67163815,6674158,4607775,268914,10.063264160063337,10.063249027068283,0.67163815,
job_movie_info_info,movie_info.info,benchmarks/job/../../data/job/movie_info__info.csv,job-csv,utf8,NaiveWildcard,static,full-scan,full-scan,prefix_usa_space_200,USA:% 200%,3,6674158,100000014,100000000,6674158,6674158,0,1,0,1959891761,0,2625,121,58914735,58914856,6674158,4607775,268914,8.827309152705105,8.827291023077368,0.58914856,
job_movie_info_info,movie_info.info,benchmarks/job/../../data/job/movie_info__info.csv,job-csv,utf8,NaiveWildcard,static,full-scan,full-scan,prefix_usa_space_200,USA:% 200%,4,6674158,100000014,100000000,6674158,6674158,0,1,0,1959891761,0,2625,101,55064230,55064331,6674158,4607775,268914,8.250378699455421,8.250363566460369,0.55064331,
job_movie_info_info,movie_info.info,benchmarks/job/../../data/job/movie_info__info.csv,job-csv,utf8,NaiveWildcard,static,full-scan,full-scan,prefix_usa_200,USA:%200%,0,6674158,100000014,100000000,6674158,6674158,0,1,0,1959891761,0,2031,714,62195792,62196506,6674158,5402091,294734,9.31900413505344,9.318897155266628,0.62196506,
job_movie_info_info,movie_info.info,benchmarks/job/../../data/job/movie_info__info.csv,job-csv,utf8,NaiveWildcard,static,full-scan,full-scan,prefix_usa_200,USA:%200%,1,6674158,100000014,100000000,6674158,6674158,0,1,0,1959891761,0,2031,111,62312560,62312671,6674158,5402091,294734,9.33640932683943,9.336392695528035,0.62312671,
job_movie_info_info,movie_info.info,benchmarks/job/../../data/job/movie_info__info.csv,job-csv,utf8,NaiveWildcard,static,full-scan,full-scan,prefix_usa_200,USA:%200%,2,6674158,100000014,100000000,6674158,6674158,0,1,0,1959891761,0,2031,110,60709877,60709987,6674158,5402091,294734,9.096276564025006,9.096260082545244,0.60709987,
job_movie_info_info,movie_info.info,benchmarks/job/../../data/job/movie_info__info.csv,job-csv,utf8,NaiveWildcard,static,full-scan,full-scan,prefix_usa_200,USA:%200%,3,6674158,100000014,100000000,6674158,6674158,0,1,0,1959891761,0,2031,181,61272753,61272934,6674158,5402091,294734,9.18062383299886,9.18059671347307,0.61272934,
job_movie_info_info,movie_info.info,benchmarks/job/../../data/job/movie_info__info.csv,job-csv,utf8,NaiveWildcard,static,full-scan,full-scan,prefix_usa_200,USA:%200%,4,6674158,100000014,100000000,6674158,6674158,0,1,0,1959891761,0,2031,100,61265832,61265932,6674158,5402091,294734,9.179574711896242,9.179559728732823,0.61265932,
job_movie_info_info,movie_info.info,benchmarks/job/../../data/job/movie_info__info.csv,job-csv,utf8,NaiveWildcard,static,full-scan,full-scan,prefix_usa_2008,USA:%2008%,0,6674158,100000014,100000000,6674158,6674158,0,1,0,1959891761,0,2101,311,54259746,54260057,6674158,4607775,45638,8.129873011696755,8.129826414058522,0.54260057,
job_movie_info_info,movie_info.info,benchmarks/job/../../data/job/movie_info__info.csv,job-csv,utf8,NaiveWildcard,static,full-scan,full-scan,prefix_usa_2008,USA:%2008%,1,6674158,100000014,100000000,6674158,6674158,0,1,0,1959891761,0,2101,121,55853052,55853173,6674158,4607775,45638,8.368572185435227,8.36855405580749,0.55853173,
job_movie_info_info,movie_info.info,benchmarks/job/../../data/job/movie_info__info.csv,job-csv,utf8,NaiveWildcard,static,full-scan,full-scan,prefix_usa_2008,USA:%2008%,2,6674158,100000014,100000000,6674158,6674158,0,1,0,1959891761,0,2101,101,54875664,54875765,6674158,4607775,45638,8.22212554752225,8.222110414527195,0.54875765,
job_movie_info_info,movie_info.info,benchmarks/job/../../data/job/movie_info__info.csv,job-csv,utf8,NaiveWildcard,static,full-scan,full-scan,prefix_usa_2008,USA:%2008%,3,6674158,100000014,100000000,6674158,6674158,0,1,0,1959891761,0,2101,161,59799063,59799224,6674158,4607775,45638,8.959815455372798,8.959791332479693,0.59799224,
job_movie_info_info,movie_info.info,benchmarks/job/../../data/job/movie_info__info.csv,job-csv,utf8,NaiveWildcard,static,full-scan,full-scan,prefix_usa_2008,USA:%2008%,4,6674158,100000014,100000000,6674158,6674158,0,1,0,1959891761,0,2101,110,63600503,63600613,6674158,4607775,45638,9.52938378144479,9.52936729996503,0.63600613,
job_movie_info_info,movie_info.info,benchmarks/job/../../data/job/movie_info__info.csv,job-csv,utf8,NaiveWildcard,static,full-scan,full-scan,prefix_usa_201,USA:%201%,0,6674158,100000014,100000000,6674158,6674158,0,1,0,1959891761,0,2564,1186,61201576,61202762,6674158,5402091,227707,9.170109847564293,9.16993214724614,0.61202762,
job_movie_info_info,movie_info.info,benchmarks/job/../../data/job/movie_info__info.csv,job-csv,utf8,NaiveWildcard,static,full-scan,full-scan,prefix_usa_201,USA:%201%,1,6674158,100000014,100000000,6674158,6674158,0,1,0,1959891761,0,2564,121,63132861,63132982,6674158,5402091,227707,9.459317864515643,9.459299734887907,0.63132982,
job_movie_info_info,movie_info.info,benchmarks/job/../../data/job/movie_info__info.csv,job-csv,utf8,NaiveWildcard,static,full-scan,full-scan,prefix_usa_201,USA:%201%,2,6674158,100000014,100000000,6674158,6674158,0,1,0,1959891761,0,2564,110,63507959,63508069,6674158,5402091,227707,9.515517762690065,9.515501281210303,0.63508069,
job_movie_info_info,movie_info.info,benchmarks/job/../../data/job/movie_info__info.csv,job-csv,utf8,NaiveWildcard,static,full-scan,full-scan,prefix_usa_201,USA:%201%,3,6674158,100000014,100000000,6674158,6674158,0,1,0,1959891761,0,2564,121,62369229,62369350,6674158,5402091,227707,9.344901634033835,9.344883504406098,0.6236935,
job_movie_info_info,movie_info.info,benchmarks/job/../../data/job/movie_info__info.csv,job-csv,utf8,NaiveWildcard,static,full-scan,full-scan,prefix_usa_201,USA:%201%,4,6674158,100000014,100000000,6674158,6674158,0,1,0,1959891761,0,2564,131,63168448,63168579,6674158,5402091,227707,9.464651421197999,9.46463179325392,0.63168579,
job_movie_info_info,movie_info.info,benchmarks/job/../../data/job/movie_info__info.csv,job-csv,utf8,PairHorspool,static,full-scan,full-scan,prefix_japan_200,Japan:%200%,0,6674158,100000014,100000000,6674158,6674158,0,1,0,1959891761,0,3217,654,43381779,43382433,6674158,4439405,54763,6.5000608316434825,6.49996284175472,0.43382433,
job_movie_info_info,movie_info.info,benchmarks/job/../../data/job/movie_info__info.csv,job-csv,utf8,PairHorspool,static,full-scan,full-scan,prefix_japan_200,Japan:%200%,1,6674158,100000014,100000000,6674158,6674158,0,1,0,1959891761,0,3217,110,43781766,43781876,6674158,4439405,54763,6.5599100291003,6.559893547620539,0.43781876,
job_movie_info_info,movie_info.info,benchmarks/job/../../data/job/movie_info__info.csv,job-csv,utf8,PairHorspool,static,full-scan,full-scan,prefix_japan_200,Japan:%200%,2,6674158,100000014,100000000,6674158,6674158,0,1,0,1959891761,0,3217,111,43042329,43042440,6674158,4439405,54763,6.4491191248394175,6.449102493528023,0.4304244,
job_movie_info_info,movie_info.info,benchmarks/job/../../data/job/movie_info__info.csv,job-csv,utf8,PairHorspool,static,full-scan,full-scan,prefix_japan_200,Japan:%200%,3,6674158,100000014,100000000,6674158,6674158,0,1,0,1959891761,0,3217,131,42913427,42913558,6674158,4439405,54763,6.4298085241614,6.42978889621732,0.42913558,
job_movie_info_info,movie_info.info,benchmarks/job/../../data/job/movie_info__info.csv,job-csv,utf8,PairHorspool,static,full-scan,full-scan,prefix_japan_200,Japan:%200%,4,6674158,100000014,100000000,6674158,6674158,0,1,0,1959891761,0,3217,111,42470588,42470699,6674158,4439405,54763,6.363454236474474,6.363437605163078,0.42470699,
job_movie_info_info,movie_info.info,benchmarks/job/../../data/job/movie_info__info.csv,job-csv,utf8,PairHorspool,static,full-scan,full-scan,prefix_japan_2007,Japan:%2007%,0,6674158,100000014,100000000,6674158,6674158,0,1,0,1959891761,0,2602,814,38220831,38221645,6674158,3725759,8501,5.726811531881625,5.726689568931392,0.38221645,
job_movie_info_info,movie_info.info,benchmarks/job/../../data/job/movie_info__info.csv,job-csv,utf8,PairHorspool,static,full-scan,full-scan,prefix_japan_2007,Japan:%2007%,1,6674158,100000014,100000000,6674158,6674158,0,1,0,1959891761,0,2602,101,38212220,38212321,6674158,3725759,8501,5.725414501724412,5.7253993687293585,0.38212321,
job_movie_info_info,movie_info.info,benchmarks/job/../../data/job/movie_info__info.csv,job-csv,utf8,PairHorspool,static,full-scan,full-scan,prefix_japan_2007,Japan:%2007%,2,6674158,100000014,100000000,6674158,6674158,0,1,0,1959891761,0,2602,141,39194836,39194977,6674158,3725759,8501,5.872647456053633,5.872626329793212,0.39194977,
job_movie_info_info,movie_info.info,benchmarks/job/../../data/job/movie_info__info.csv,job-csv,utf8,PairHorspool,static,full-scan,full-scan,prefix_japan_2007,Japan:%2007%,3,6674158,100000014,100000000,6674158,6674158,0,1,0,1959891761,0,2602,121,38791057,38791178,6674158,3725759,8501,5.812145591998272,5.812127462370534,0.38791178,
job_movie_info_info,movie_info.info,benchmarks/job/../../data/job/movie_info__info.csv,job-csv,utf8,PairHorspool,static,full-scan,full-scan,prefix_japan_2007,Japan:%2007%,4,6674158,100000014,100000000,6674158,6674158,0,1,0,1959891761,0,2602,111,39718121,39718232,6674158,3725759,8501,5.951047607803112,5.951030976491716,0.39718232,
job_movie_info_info,movie_info.info,benchmarks/job/../../data/job/movie_info__info.csv,job-csv,utf8,PairHorspool,static,full-scan,full-scan,prefix_japan_201,Japan:%201%,0,6674158,100000014,100000000,6674158,6674158,0,1,0,1959891761,0,3015,783,43263490,43264273,6674158,4439405,23878,6.482356725747278,6.482239407577705,0.43264273,
job_movie_info_info,movie_info.info,benchmarks/job/../../data/job/movie_info__info.csv,job-csv,utf8,PairHorspool,static,full-scan,full-scan,prefix_japan_201,Japan:%201%,1,6674158,100000014,100000000,6674158,6674158,0,1,0,1959891761,0,3015,111,43405634,43405745,6674158,4439405,23878,6.5035537066997815,6.503537075388386,0.43405745,
job_movie_info_info,movie_info.info,benchmarks/job/../../data/job/movie_info__info.csv,job-csv,utf8,PairHorspool,static,full-scan,full-scan,prefix_japan_201,Japan:%201%,2,6674158,100000014,100000000,6674158,6674158,0,1,0,1959891761,0,3015,111,43408326,43408437,6674158,4439405,23878,6.503957053459028,6.5039404221476325,0.43408437,
job_movie_info_info,movie_info.info,benchmarks/job/../../data/job/movie_info__info.csv,job-csv,utf8,PairHorspool,static,full-scan,full-scan,prefix_japan_201,Japan:%201%,3,6674158,100000014,100000000,6674158,6674158,0,1,0,1959891761,0,3015,101,42491874,42491975,6674158,4439405,23878,6.366642054323557,6.366626921328503,0.42491975,
job_movie_info_info,movie_info.info,benchmarks/job/../../data/job/movie_info__info.csv,job-csv,utf8,PairHorspool,static,full-scan,full-scan,prefix_japan_201,Japan:%201%,4,6674158,100000014,100000000,6674158,6674158,0,1,0,1959891761,0,3015,111,41938964,41939075,6674158,4439405,23878,6.2838001437784365,6.283783512467041,0.41939075,
job_movie_info_info,movie_info.info,benchmarks/job/../../data/job/movie_info__info.csv,job-csv,utf8,PairHorspool,static,full-scan,full-scan,prefix_usa_space_199,USA:% 199%,0,6674158,100000014,100000000,6674158,6674158,0,1,0,1959891761,0,3557,242,54033416,54033658,6674158,4607775,78136,8.095951279547172,8.095915020291699,0.54033658,
job_movie_info_info,movie_info.info,benchmarks/job/../../data/job/movie_info__info.csv,job-csv,utf8,PairHorspool,static,full-scan,full-scan,prefix_usa_space_199,USA:% 199%,1,6674158,100000014,100000000,6674158,6674158,0,1,0,1959891761,0,3557,110,53350525,53350635,6674158,4607775,78136,7.993612827266001,7.99359634578624,0.53350635,
job_movie_info_info,movie_info.info,benchmarks/job/../../data/job/movie_info__info.csv,job-csv,utf8,PairHorspool,static,full-scan,full-scan,prefix_usa_space_199,USA:% 199%,2,6674158,100000014,100000000,6674158,6674158,0,1,0,1959891761,0,3557,111,53926516,53926627,6674158,4607775,78136,8.079914649907899,8.079898018596504,0.53926627,
job_movie_info_info,movie_info.info,benchmarks/job/../../data/job/movie_info__info.csv,job-csv,utf8,PairHorspool,static,full-scan,full-scan,prefix_usa_space_199,USA:% 199%,3,6674158,100000014,100000000,6674158,6674158,0,1,0,1959891761,0,3557,412,55868999,55869411,6674158,4607775,78136,8.371005151511246,8.370943420877959,0.55869411,
job_movie_info_info,movie_info.info,benchmarks/job/../../data/job/movie_info__info.csv,job-csv,utf8,PairHorspool,static,full-scan,full-scan,prefix_usa_space_199,USA:% 199%,4,6674158,100000014,100000000,6674158,6674158,0,1,0,1959891761,0,3557,110,53648348,53648458,6674158,4607775,78136,8.038236134056161,8.0382196525764,0.53648458,
job_movie_info_info,movie_info.info,benchmarks/job/../../data/job/movie_info__info.csv,job-csv,utf8,PairHorspool,static,full-scan,full-scan,prefix_usa_space_200,USA:% 200%,0,6674158,100000014,100000000,6674158,6674158,0,1,0,1959891761,0,2372,342,56390596,56390938,6674158,4607775,268914,8.449146394196841,8.449095151777946,0.56390938,
job_movie_info_info,movie_info.info,benchmarks/job/../../data/job/movie_info__info.csv,job-csv,utf8,PairHorspool,static,full-scan,full-scan,prefix_usa_space_200,USA:% 200%,1,6674158,100000014,100000000,6674158,6674158,0,1,0,1959891761,0,2372,111,57520305,57520416,6674158,4607775,268914,8.618377928721495,8.6183612974101,0.57520416,
job_movie_info_info,movie_info.info,benchmarks/job/../../data/job/movie_info__info.csv,job-csv,utf8,PairHorspool,static,full-scan,full-scan,prefix_usa_space_200,USA:% 200%,2,6674158,100000014,100000000,6674158,6674158,0,1,0,1959891761,0,2372,121,55736510,55736631,6674158,4607775,268914,8.351110507123146,8.351092377495409,0.55736631,
job_movie_info_info,movie_info.info,benchmarks/job/../../data/job/movie_info__info.csv,job-csv,utf8,PairHorspool,static,full-scan,full-scan,prefix_usa_space_200,USA:% 200%,3,6674158,100000014,100000000,6674158,6674158,0,1,0,1959891761,0,2372,100,55091119,55091219,6674158,4607775,268914,8.254407372435594,8.254392389272175,0.55091219,
job_movie_info_info,movie_info.info,benchmarks/job/../../data/job/movie_info__info.csv,job-csv,utf8,PairHorspool,static,full-scan,full-scan,prefix_usa_space_200,USA:% 200%,4,6674158,100000014,100000000,6674158,6674158,0,1,0,1959891761,0,2372,221,55293719,55293940,6674158,4607775,268914,8.284781391150764,8.284748278359608,0.5529394,
job_movie_info_info,movie_info.info,benchmarks/job/../../data/job/movie_info__info.csv,job-csv,utf8,PairHorspool,static,full-scan,full-scan,prefix_usa_200,USA:%200%,0,6674158,100000014,100000000,6674158,6674158,0,1,0,1959891761,0,2722,694,77707732,77708426,6674158,5402091,294734,11.643180458119211,11.643076474965081,0.77708426,
job_movie_info_info,movie_info.info,benchmarks/job/../../data/job/movie_info__info.csv,job-csv,utf8,PairHorspool,static,full-scan,full-scan,prefix_usa_200,USA:%200%,1,6674158,100000014,100000000,6674158,6674158,0,1,0,1959891761,0,2722,131,63107927,63108058,6674158,5402091,294734,9.455583460865025,9.455563832920946,0.63108058,
job_movie_info_info,movie_info.info,benchmarks/job/../../data/job/movie_info__info.csv,job-csv,utf8,PairHorspool,static,full-scan,full-scan,prefix_usa_200,USA:%200%,2,6674158,100000014,100000000,6674158,6674158,0,1,0,1959891761,0,2722,120,62924999,62925119,6674158,5402091,294734,9.428173411537456,9.428155431741352,0.62925119,
job_movie_info_info,movie_info.info,benchmarks/job/../../data/job/movie_info__info.csv,job-csv,utf8,PairHorspool,static,full-scan,full-scan,prefix_usa_200,USA:%200%,3,6674158,100000014,100000000,6674158,6674158,0,1,0,1959891761,0,2722,110,64242231,64242341,6674158,5402091,294734,9.625534936391976,9.625518454912216,0.64242341,
job_movie_info_info,movie_info.info,benchmarks/job/../../data/job/movie_info__info.csv,job-csv,utf8,PairHorspool,static,full-scan,full-scan,prefix_usa_200,USA:%200%,4,6674158,100000014,100000000,6674158,6674158,0,1,0,1959891761,0,2722,121,62556412,62556533,6674158,5402091,294734,9.37294756881692,9.372929439189184,0.62556533,
job_movie_info_info,movie_info.info,benchmarks/job/../../data/job/movie_info__info.csv,job-csv,utf8,PairHorspool,static,full-scan,full-scan,prefix_usa_2008,USA:%2008%,0,6674158,100000014,100000000,6674158,6674158,0,1,0,1959891761,0,2350,371,54177438,54177809,6674158,4607775,45638,8.117549659447679,8.117494071911393,0.54177809,
job_movie_info_info,movie_info.info,benchmarks/job/../../data/job/movie_info__info.csv,job-csv,utf8,PairHorspool,static,full-scan,full-scan,prefix_usa_2008,USA:%2008%,1,6674158,100000014,100000000,6674158,6674158,0,1,0,1959891761,0,2350,120,55162975,55163095,6674158,4607775,45638,8.265176670974826,8.265158691178723,0.55163095,
job_movie_info_info,movie_info.info,benchmarks/job/../../data/job/movie_info__info.csv,job-csv,utf8,PairHorspool,static,full-scan,full-scan,prefix_usa_2008,USA:%2008%,2,6674158,100000014,100000000,6674158,6674158,0,1,0,1959891761,0,2350,121,55361135,55361256,6674158,4607775,45638,8.294867457438077,8.29484932781034,0.55361256,
job_movie_info_info,movie_info.info,benchmarks/job/../../data/job/movie_info__info.csv,job-csv,utf8,PairHorspool,static,full-scan,full-scan,prefix_usa_2008,USA:%2008%,3,6674158,100000014,100000000,6674158,6674158,0,1,0,1959891761,0,2350,111,53418904,53419015,6674158,4607775,45638,8.003858314412096,8.003841683100699,0.53419015,
job_movie_info_info,movie_info.info,benchmarks/job/../../data/job/movie_info__info.csv,job-csv,utf8,PairHorspool,static,full-scan,full-scan,prefix_usa_2008,USA:%2008%,4,6674158,100000014,100000000,6674158,6674158,0,1,0,1959891761,0,2350,120,53147781,53147901,6674158,4607775,45638,7.963236860739587,7.963218880943484,0.53147901,
job_movie_info_info,movie_info.info,benchmarks/job/../../data/job/movie_info__info.csv,job-csv,utf8,PairHorspool,static,full-scan,full-scan,prefix_usa_201,USA:%201%,0,6674158,100000014,100000000,6674158,6674158,0,1,0,1959891761,0,2210,582,69646036,69646618,6674158,5402091,227707,10.43526659093177,10.43517938892067,0.69646618,
job_movie_info_info,movie_info.info,benchmarks/job/../../data/job/movie_info__info.csv,job-csv,utf8,PairHorspool,static,full-scan,full-scan,prefix_usa_201,USA:%201%,1,6674158,100000014,100000000,6674158,6674158,0,1,0,1959891761,0,2210,171,64023540,64023711,6674158,5402091,227707,9.592777246208435,9.59275162499899,0.64023711,
job_movie_info_info,movie_info.info,benchmarks/job/../../data/job/movie_info__info.csv,job-csv,utf8,PairHorspool,static,full-scan,full-scan,prefix_usa_201,USA:%201%,2,6674158,100000014,100000000,6674158,6674158,0,1,0,1959891761,0,2210,111,64714108,64714219,6674158,5402091,227707,9.696237188271539,9.696220556960144,0.64714219,
job_movie_info_info,movie_info.info,benchmarks/job/../../data/job/movie_info__info.csv,job-csv,utf8,PairHorspool,static,full-scan,full-scan,prefix_usa_201,USA:%201%,3,6674158,100000014,100000000,6674158,6674158,0,1,0,1959891761,0,2210,131,64730387,64730518,6674158,5402091,227707,9.698679294077245,9.698659666133166,0.64730518,
job_movie_info_info,movie_info.info,benchmarks/job/../../data/job/movie_info__info.csv,job-csv,utf8,PairHorspool,static,full-scan,full-scan,prefix_usa_201,USA:%201%,4,6674158,100000014,100000000,6674158,6674158,0,1,0,1959891761,0,2210,141,63690681,63690822,6674158,5402091,227707,9.542899943333676,9.542878817073255,0.63690822,
job_movie_info_info,movie_info.info,benchmarks/job/../../data/job/movie_info__info.csv,job-csv,utf8,StdSearch,static,full-scan,full-scan,prefix_japan_200,Japan:%200%,0,6674158,100000014,100000000,6674158,6674158,0,1,0,1959891761,0,2511,311,43859481,43859792,6674158,4439405,54763,6.5715843107100556,6.571537713071821,0.43859792,
job_movie_info_info,movie_info.info,benchmarks/job/../../data/job/movie_info__info.csv,job-csv,utf8,StdSearch,static,full-scan,full-scan,prefix_japan_200,Japan:%200%,1,6674158,100000014,100000000,6674158,6674158,0,1,0,1959891761,0,2511,120,43834760,43834880,6674158,4439405,54763,6.567851705039048,6.567833725242944,0.4383488,
job_movie_info_info,movie_info.info,benchmarks/job/../../data/job/movie_info__info.csv,job-csv,utf8,StdSearch,static,full-scan,full-scan,prefix_japan_200,Japan:%200%,2,6674158,100000014,100000000,6674158,6674158,0,1,0,1959891761,0,2511,111,44081532,44081643,6674158,4439405,54763,6.604824608587331,6.604807977275935,0.44081643,
job_movie_info_info,movie_info.info,benchmarks/job/../../data/job/movie_info__info.csv,job-csv,utf8,StdSearch,static,full-scan,full-scan,prefix_japan_200,Japan:%200%,3,6674158,100000014,100000000,6674158,6674158,0,1,0,1959891761,0,2511,111,44105425,44105536,6674158,4439405,54763,6.608404535823095,6.6083879045117,0.44105536,
job_movie_info_info,movie_info.info,benchmarks/job/../../data/job/movie_info__info.csv,job-csv,utf8,StdSearch,static,full-scan,full-scan,prefix_japan_200,Japan:%200%,4,6674158,100000014,100000000,6674158,6674158,0,1,0,1959891761,0,2511,100,45018580,45018680,6674158,4439405,54763,6.745222393596316,6.745207410432896,0.4501868,
job_movie_info_info,movie_info.info,benchmarks/job/../../data/job/movie_info__info.csv,job-csv,utf8,StdSearch,static,full-scan,full-scan,prefix_japan_2007,Japan:%2007%,0,6674158,100000014,100000000,6674158,6674158,0,1,0,1959891761,0,3003,241,40292950,40293191,6674158,3725759,8501,6.037194654366888,6.037158544943048,0.40293191,
job_movie_info_info,movie_info.info,benchmarks/job/../../data/job/movie_info__info.csv,job-csv,utf8,StdSearch,static,full-scan,full-scan,prefix_japan_2007,Japan:%2007%,1,6674158,100000014,100000000,6674158,6674158,0,1,0,1959891761,0,3003,100,40003815,40003915,6674158,3725759,8501,5.993851958554172,5.993836975390753,0.40003915,
job_movie_info_info,movie_info.info,benchmarks/job/../../data/job/movie_info__info.csv,job-csv,utf8,StdSearch,static,full-scan,full-scan,prefix_japan_2007,Japan:%2007%,2,6674158,100000014,100000000,6674158,6674158,0,1,0,1959891761,0,3003,331,40280227,40280558,6674158,3725759,8501,6.0353018313321325,6.035252237061214,0.40280558,
job_movie_info_info,movie_info.info,benchmarks/job/../../data/job/movie_info__info.csv,job-csv,utf8,StdSearch,static,full-scan,full-scan,prefix_japan_2007,Japan:%2007%,3,6674158,100000014,100000000,6674158,6674158,0,1,0,1959891761,0,3003,110,41126640,41126750,6674158,3725759,8501,6.1620881615328855,6.162071680053124,0.4112675,
job_movie_info_info,movie_info.info,benchmarks/job/../../data/job/movie_info__info.csv,job-csv,utf8,StdSearch,static,full-scan,full-scan,prefix_japan_2007,Japan:%2007%,4,6674158,100000014,100000000,6674158,6674158,0,1,0,1959891761,0,3003,141,41639965,41640106,6674158,3725759,8501,6.239005129935491,6.23898400367507,0.41640106,
job_movie_info_info,movie_info.info,benchmarks/job/../../data/job/movie_info__info.csv,job-csv,utf8,StdSearch,static,full-scan,full-scan,prefix_japan_201,Japan:%201%,0,6674158,100000014,100000000,6674158,6674158,0,1,0,1959891761,0,3897,462,43596628,43597090,6674158,4439405,23878,6.532223240744376,6.532154018529378,0.4359709,
job_movie_info_info,movie_info.info,benchmarks/job/../../data/job/movie_info__info.csv,job-csv,utf8,StdSearch,static,full-scan,full-scan,prefix_japan_201,Japan:%201%,1,6674158,100000014,100000000,6674158,6674158,0,1,0,1959891761,0,3897,100,43284599,43284699,6674158,4439405,23878,6.485417186707297,6.485402203543877,0.43284699,
job_movie_info_info,movie_info.info,benchmarks/job/../../data/job/movie_info__info.csv,job-csv,utf8,StdSearch,static,full-scan,full-scan,prefix_japan_201,Japan:%201%,2,6674158,100000014,100000000,6674158,6674158,0,1,0,1959891761,0,3897,111,44199111,44199222,6674158,4439405,23878,6.622441662304069,6.622425030992673,0.44199222,
job_movie_info_info,movie_info.info,benchmarks/job/../../data/job/movie_info__info.csv,job-csv,utf8,StdSearch,static,full-scan,full-scan,prefix_japan_201,Japan:%201%,3,6674158,100000014,100000000,6674158,6674158,0,1,0,1959891761,0,3897,110,43574919,43575029,6674158,4439405,23878,6.528917805062451,6.52890132358269,0.43575029,
job_movie_info_info,movie_info.info,benchmarks/job/../../data/job/movie_info__info.csv,job-csv,utf8,StdSearch,static,full-scan,full-scan,prefix_japan_201,Japan:%201%,4,6674158,100000014,100000000,6674158,6674158,0,1,0,1959891761,0,3897,110,44563848,44563958,6674158,4439405,23878,6.677090653232962,6.677074171753201,0.44563958,
job_movie_info_info,movie_info.info,benchmarks/job/../../data/job/movie_info__info.csv,job-csv,utf8,StdSearch,static,full-scan,full-scan,prefix_usa_space_199,USA:% 199%,0,6674158,100000014,100000000,6674158,6674158,0,1,0,1959891761,0,2951,261,59640082,59640343,6674158,4607775,78136,8.936010055500635,8.93597094944411,0.59640343,
job_movie_info_info,movie_info.info,benchmarks/job/../../data/job/movie_info__info.csv,job-csv,utf8,StdSearch,static,full-scan,full-scan,prefix_usa_space_199,USA:% 199%,1,6674158,100000014,100000000,6674158,6674158,0,1,0,1959891761,0,2951,120,59300965,59301085,6674158,4607775,78136,8.8851784749477,8.885160495151599,0.59301085,
job_movie_info_info,movie_info.info,benchmarks/job/../../data/job/movie_info__info.csv,job-csv,utf8,StdSearch,static,full-scan,full-scan,prefix_usa_space_199,USA:% 199%,2,6674158,100000014,100000000,6674158,6674158,0,1,0,1959891761,0,2951,111,60641824,60641935,6674158,4607775,78136,9.086080221654926,9.086063590343532,0.60641935,
job_movie_info_info,movie_info.info,benchmarks/job/../../data/job/movie_info__info.csv,job-csv,utf8,StdSearch,static,full-scan,full-scan,prefix_usa_space_199,USA:% 199%,3,6674158,100000014,100000000,6674158,6674158,0,1,0,1959891761,0,2951,150,61308538,61308688,6674158,4607775,78136,9.185980913247784,9.185958438502654,0.61308688,
job_movie_info_info,movie_info.info,benchmarks/job/../../data/job/movie_info__info.csv,job-csv,utf8,StdSearch,static,full-scan,full-scan,prefix_usa_space_199,USA:% 199%,4,6674158,100000014,100000000,6674158,6674158,0,1,0,1959891761,0,2951,110,61215504,61215614,6674158,4607775,78136,9.172035483726937,9.172019002247175,0.61215614,
job_movie_info_info,movie_info.info,benchmarks/job/../../data/job/movie_info__info.csv,job-csv,utf8,StdSearch,static,full-scan,full-scan,prefix_usa_space_200,USA:% 200%,0,6674158,100000014,100000000,6674158,6674158,0,1,0,1959891761,0,3152,683,63023388,63024071,6674158,4607775,268914,9.442999551404087,9.442897216397933,0.63024071,
job_movie_info_info,movie_info.info,benchmarks/job/../../data/job/movie_info__info.csv,job-csv,utf8,StdSearch,static,full-scan,full-scan,prefix_usa_space_200,USA:% 200%,1,6674158,100000014,100000000,6674158,6674158,0,1,0,1959891761,0,3152,120,62735356,62735476,6674158,4607775,268914,9.399758890934256,9.399740911138155,0.62735476,
job_movie_info_info,movie_info.info,benchmarks/job/../../data/job/movie_info__info.csv,job-csv,utf8,StdSearch,static,full-scan,full-scan,prefix_usa_space_200,USA:% 200%,2,6674158,100000014,100000000,6674158,6674158,0,1,0,1959891761,0,3152,110,62778303,62778413,6674158,4607775,268914,9.406192211811588,9.406175730331826,0.62778413,
job_movie_info_info,movie_info.info,benchmarks/job/../../data/job/movie_info__info.csv,job-csv,utf8,StdSearch,static,full-scan,full-scan,prefix_usa_space_200,USA:% 200%,3,6674158,100000014,100000000,6674158,6674158,0,1,0,1959891761,0,3152,110,62536542,62536652,6674158,4607775,268914,9.369968766097536,9.369952284617774,0.62536652,
job_movie_info_info,movie_info.info,benchmarks/job/../../data/job/movie_info__info.csv,job-csv,utf8,StdSearch,static,full-scan,full-scan,prefix_usa_space_200,USA:% 200%,4,6674158,100000014,100000000,6674158,6674158,0,1,0,1959891761,0,3152,100,63191992,63192092,6674158,4607775,268914,9.468174412412772,9.468159429249352,0.63192092,
job_movie_info_info,movie_info.info,benchmarks/job/../../data/job/movie_info__info.csv,job-csv,utf8,StdSearch,static,full-scan,full-scan,prefix_usa_200,USA:%200%,0,6674158,100000014,100000000,6674158,6674158,0,1,0,1959891761,0,2651,753,67148104,67148857,6674158,5402091,294734,10.061022978479084,10.060910155258536,0.67148857,
job_movie_info_info,movie_info.info,benchmarks/job/../../data/job/movie_info__info.csv,job-csv,utf8,StdSearch,static,full-scan,full-scan,prefix_usa_200,USA:%200%,1,6674158,100000014,100000000,6674158,6674158,0,1,0,1959891761,0,2651,110,68251388,68251498,6674158,5402091,294734,10.226233481436909,10.226216999957147,0.68251498,
job_movie_info_info,movie_info.info,benchmarks/job/../../data/job/movie_info__info.csv,job-csv,utf8,StdSearch,static,full-scan,full-scan,prefix_usa_200,USA:%200%,2,6674158,100000014,100000000,6674158,6674158,0,1,0,1959891761,0,2651,111,67143942,67144053,6674158,5402091,294734,10.060303187308422,10.060286555997026,0.67144053,
job_movie_info_info,movie_info.info,benchmarks/job/../../data/job/movie_info__info.csv,job-csv,utf8,StdSearch,static,full-scan,full-scan,prefix_usa_200,USA:%200%,3,6674158,100000014,100000000,6674158,6674158,0,1,0,1959891761,0,2651,210,68050627,68050837,6674158,5402091,294734,10.196168115888176,10.196136651244997,0.68050837,
job_movie_info_info,movie_info.info,benchmarks/job/../../data/job/movie_info__info.csv,job-csv,utf8,StdSearch,static,full-scan,full-scan,prefix_usa_200,USA:%200%,4,6674158,100000014,100000000,6674158,6674158,0,1,0,1959891761,0,2651,110,68036746,68036856,6674158,5402091,294734,10.19407331981053,10.194056838330768,0.68036856,
job_movie_info_info,movie_info.info,benchmarks/job/../../data/job/movie_info__info.csv,job-csv,utf8,StdSearch,static,full-scan,full-scan,prefix_usa_2008,USA:%2008%,0,6674158,100000014,100000000,6674158,6674158,0,1,0,1959891761,0,2459,632,61715173,61715805,6674158,4607775,45638,9.246979918665396,9.246885225072585,0.61715805,
job_movie_info_info,movie_info.info,benchmarks/job/../../data/job/movie_info__info.csv,job-csv,utf8,StdSearch,static,full-scan,full-scan,prefix_usa_2008,USA:%2008%,1,6674158,100000014,100000000,6674158,6674158,0,1,0,1959891761,0,2459,121,61679050,61679171,6674158,4607775,45638,9.241490986578382,9.241472856950644,0.61679171,
job_movie_info_info,movie_info.info,benchmarks/job/../../data/job/movie_info__info.csv,job-csv,utf8,StdSearch,static,full-scan,full-scan,prefix_usa_2008,USA:%2008%,2,6674158,100000014,100000000,6674158,6674158,0,1,0,1959891761,0,2459,130,61506570,61506700,6674158,4607775,45638,9.21564937479754,9.215629896685096,0.615067,
job_movie_info_info,movie_info.info,benchmarks/job/../../data/job/movie_info__info.csv,job-csv,utf8,StdSearch,static,full-scan,full-scan,prefix_usa_2008,USA:%2008%,3,6674158,100000014,100000000,6674158,6674158,0,1,0,1959891761,0,2459,121,61606133,61606254,6674158,4607775,45638,9.230565713307955,9.230547583680218,0.61606254,
job_movie_info_info,movie_info.info,benchmarks/job/../../data/job/movie_info__info.csv,job-csv,utf8,StdSearch,static,full-scan,full-scan,prefix_usa_2008,USA:%2008%,4,6674158,100000014,100000000,6674158,6674158,0,1,0,1959891761,0,2459,101,61087568,61087669,6674158,4607775,45638,9.152865275290157,9.152850142295103,0.61087669,
job_movie_info_info,movie_info.info,benchmarks/job/../../data/job/movie_info__info.csv,job-csv,utf8,StdSearch,static,full-scan,full-scan,prefix_usa_201,USA:%201%,0,6674158,100000014,100000000,6674158,6674158,0,1,0,1959891761,0,2007,743,69269392,69270135,6674158,5402091,227707,10.378857527796015,10.37874620289181,0.69270135,
job_movie_info_info,movie_info.info,benchmarks/job/../../data/job/movie_info__info.csv,job-csv,utf8,StdSearch,static,full-scan,full-scan,prefix_usa_201,USA:%201%,1,6674158,100000014,100000000,6674158,6674158,0,1,0,1959891761,0,2007,342,70037010,70037352,6674158,5402091,227707,10.493810904686404,10.49375966226751,0.70037352,
job_movie_info_info,movie_info.info,benchmarks/job/../../data/job/movie_info__info.csv,job-csv,utf8,StdSearch,static,full-scan,full-scan,prefix_usa_201,USA:%201%,2,6674158,100000014,100000000,6674158,6674158,0,1,0,1959891761,0,2007,131,68748057,68748188,6674158,5402091,227707,10.30065335582406,10.300633727879982,0.68748188,
job_movie_info_info,movie_info.info,benchmarks/job/../../data/job/movie_info__info.csv,job-csv,utf8,StdSearch,static,full-scan,full-scan,prefix_usa_201,USA:%201%,3,6674158,100000014,100000000,6674158,6674158,0,1,0,1959891761,0,2007,110,68290224,68290334,6674158,5402091,227707,10.232052342782415,10.232035861302654,0.68290334,
job_movie_info_info,movie_info.info,benchmarks/job/../../data/job/movie_info__info.csv,job-csv,utf8,StdSearch,static,full-scan,full-scan,prefix_usa_201,USA:%201%,4,6674158,100000014,100000000,6674158,6674158,0,1,0,1959891761,0,2007,121,68418912,68419033,6674158,5402091,227707,10.251335524271376,10.251317394643639,0.68419033,
job_movie_info_info,movie_info.info,benchmarks/job/../../data/job/movie_info__info.csv,job-csv,utf8,TwoWay,static,full-scan,full-scan,prefix_japan_200,Japan:%200%,0,6674158,100000014,100000000,6674158,6674158,0,1,0,1959891761,0,2258,582,41910304,41910886,6674158,4439405,54763,6.2795765398421795,6.279489337831079,0.41910886,
job_movie_info_info,movie_info.info,benchmarks/job/../../data/job/movie_info__info.csv,job-csv,utf8,TwoWay,static,full-scan,full-scan,prefix_japan_200,Japan:%200%,1,6674158,100000014,100000000,6674158,6674158,0,1,0,1959891761,0,2258,111,42262006,42262117,6674158,4439405,54763,6.332202054551301,6.332185423239905,0.42262117,
job_movie_info_info,movie_info.info,benchmarks/job/../../data/job/movie_info__info.csv,job-csv,utf8,TwoWay,static,full-scan,full-scan,prefix_japan_200,Japan:%200%,2,6674158,100000014,100000000,6674158,6674158,0,1,0,1959891761,0,2258,101,43340115,43340216,6674158,4439405,54763,6.4937353895427705,6.493720256547717,0.43340216,
job_movie_info_info,movie_info.info,benchmarks/job/../../data/job/movie_info__info.csv,job-csv,utf8,TwoWay,static,full-scan,full-scan,prefix_japan_200,Japan:%200%,3,6674158,100000014,100000000,6674158,6674158,0,1,0,1959891761,0,2258,120,42262378,42262498,6674158,4439405,54763,6.332259140403928,6.332241160607825,0.42262498,
job_movie_info_info,movie_info.info,benchmarks/job/../../data/job/movie_info__info.csv,job-csv,utf8,TwoWay,static,full-scan,full-scan,prefix_japan_200,Japan:%200%,4,6674158,100000014,100000000,6674158,6674158,0,1,0,1959891761,0,2258,111,42448971,42449082,6674158,4439405,54763,6.360215326038131,6.360198694726735,0.42449082,
job_movie_info_info,movie_info.info,benchmarks/job/../../data/job/movie_info__info.csv,job-csv,utf8,TwoWay,static,full-scan,full-scan,prefix_japan_2007,Japan:%2007%,0,6674158,100000014,100000000,6674158,6674158,0,1,0,1959891761,0,2920,702,38317782,38318484,6674158,3725759,8501,5.741321077505208,5.741215895698004,0.38318484,
job_movie_info_info,movie_info.info,benchmarks/job/../../data/job/movie_info__info.csv,job-csv,utf8,TwoWay,static,full-scan,full-scan,prefix_japan_2007,Japan:%2007%,1,6674158,100000014,100000000,6674158,6674158,0,1,0,1959891761,0,2920,111,38684637,38684748,6674158,3725759,8501,5.796199011171147,5.796182379859752,0.38684748,
job_movie_info_info,movie_info.info,benchmarks/job/../../data/job/movie_info__info.csv,job-csv,utf8,TwoWay,static,full-scan,full-scan,prefix_japan_2007,Japan:%2007%,2,6674158,100000014,100000000,6674158,6674158,0,1,0,1959891761,0,2920,140,39358050,39358190,6674158,3725759,8501,5.897101926565119,5.897080950136332,0.3935819,
job_movie_info_info,movie_info.info,benchmarks/job/../../data/job/movie_info__info.csv,job-csv,utf8,TwoWay,static,full-scan,full-scan,prefix_japan_2007,Japan:%2007%,3,6674158,100000014,100000000,6674158,6674158,0,1,0,1959891761,0,2920,111,39299734,39299845,6674158,3725759,8501,5.888359999868148,5.888343368556753,0.39299845,
job_movie_info_info,movie_info.info,benchmarks/job/../../data/job/movie_info__info.csv,job-csv,utf8,TwoWay,static,full-scan,full-scan,prefix_japan_2007,Japan:%2007%,4,6674158,100000014,100000000,6674158,6674158,0,1,0,1959891761,0,2920,110,38472496,38472606,6674158,3725759,8501,5.764413428630248,5.764396947150487,0.38472606,
job_movie_info_info,movie_info.info,benchmarks/job/../../data/job/movie_info__info.csv,job-csv,utf8,TwoWay,static,full-scan,full-scan,prefix_japan_201,Japan:%201%,0,6674158,100000014,100000000,6674158,6674158,0,1,0,1959891761,0,2920,372,43360937,43361309,6674158,4439405,23878,6.496895788202797,6.4968400508348765,0.43361309,
job_movie_info_info,movie_info.info,benchmarks/job/../../data/job/movie_info__info.csv,job-csv,utf8,TwoWay,static,full-scan,full-scan,prefix_japan_201,Japan:%201%,1,6674158,100000014,100000000,6674158,6674158,0,1,0,1959891761,0,2920,110,42826624,42826734,6674158,4439405,23878,6.416799542354257,6.416783060874495,0.42826734,
job_movie_info_info,movie_info.info,benchmarks/job/../../data/job/movie_info__info.csv,job-csv,utf8,TwoWay,static,full-scan,full-scan,prefix_japan_201,Japan:%201%,2,6674158,100000014,100000000,6674158,6674158,0,1,0,1959891761,0,2920,110,44546932,44547042,6674158,4439405,23878,6.674556101308959,6.674539619829198,0.44547042,
job_movie_info_info,movie_info.info,benchmarks/job/../../data/job/movie_info__info.csv,job-csv,utf8,TwoWay,static,full-scan,full-scan,prefix_japan_201,Japan:%201%,3,6674158,100000014,100000000,6674158,6674158,0,1,0,1959891761,0,2920,110,43381958,43382068,6674158,4439405,23878,6.500006143097002,6.49998966161724,0.43382068,
job_movie_info_info,movie_info.info,benchmarks/job/../../data/job/movie_info__info.csv,job-csv,utf8,TwoWay,static,full-scan,full-scan,prefix_japan_201,Japan:%201%,4,6674158,100000014,100000000,6674158,6674158,0,1,0,1959891761,0,2920,120,43677742,43677862,6674158,4439405,23878,6.5443254415013845,6.544307461705282,0.43677862,
job_movie_info_info,movie_info.info,benchmarks/job/../../data/job/movie_info__info.csv,job-csv,utf8,TwoWay,static,full-scan,full-scan,prefix_usa_space_199,USA:% 199%,0,6674158,100000014,100000000,6674158,6674158,0,1,0,1959891761,0,2850,662,55071591,55072253,6674158,4607775,78136,8.251565665661497,8.25146647711966,0.55072253,
job_movie_info_info,movie_info.info,benchmarks/job/../../data/job/movie_info__info.csv,job-csv,utf8,TwoWay,static,full-scan,full-scan,prefix_usa_space_199,USA:% 199%,1,6674158,100000014,100000000,6674158,6674158,0,1,0,1959891761,0,2850,110,52932730,52932840,6674158,4607775,78136,7.93101391965848,7.930997438178719,0.5293284,
job_movie_info_info,movie_info.info,benchmarks/job/../../data/job/movie_info__info.csv,job-csv,utf8,TwoWay,static,full-scan,full-scan,prefix_usa_space_199,USA:% 199%,2,6674158,100000014,100000000,6674158,6674158,0,1,0,1959891761,0,2850,140,53542672,53542812,6674158,4607775,78136,8.022407021230244,8.022386044801456,0.53542812,
job_movie_info_info,movie_info.info,benchmarks/job/../../data/job/movie_info__info.csv,job-csv,utf8,TwoWay,static,full-scan,full-scan,prefix_usa_space_199,USA:% 199%,3,6674158,100000014,100000000,6674158,6674158,0,1,0,1959891761,0,2850,100,53279207,53279307,6674158,4607775,78136,7.982925636462308,7.982910653298888,0.53279307,
job_movie_info_info,movie_info.info,benchmarks/job/../../data/job/movie_info__info.csv,job-csv,utf8,TwoWay,static,full-scan,full-scan,prefix_usa_space_199,USA:% 199%,4,6674158,100000014,100000000,6674158,6674158,0,1,0,1959891761,0,2850,110,52996844,52996954,6674158,4607775,78136,7.940620225053108,7.940603743573346,0.52996954,
job_movie_info_info,movie_info.info,benchmarks/job/../../data/job/movie_info__info.csv,job-csv,utf8,TwoWay,static,full-scan,full-scan,prefix_usa_space_200,USA:% 200%,0,6674158,100000014,100000000,6674158,6674158,0,1,0,1959891761,0,2147,682,55955697,55956379,6674158,4607775,268914,8.384035709073714,8.383933523899195,0.55956379,
job_movie_info_info,movie_info.info,benchmarks/job/../../data/job/movie_info__info.csv,job-csv,utf8,TwoWay,static,full-scan,full-scan,prefix_usa_space_200,USA:% 200%,1,6674158,100000014,100000000,6674158,6674158,0,1,0,1959891761,0,2147,361,56728822,56729183,6674158,4607775,268914,8.499826195304337,8.499772106084393,0.56729183,
job_movie_info_info,movie_info.info,benchmarks/job/../../data/job/movie_info__info.csv,job-csv,utf8,TwoWay,static,full-scan,full-scan,prefix_usa_space_200,USA:% 200%,2,6674158,100000014,100000000,6674158,6674158,0,1,0,1959891761,0,2147,121,56344181,56344302,6674158,4607775,268914,8.442158846104633,8.442140716476896,0.56344302,
job_movie_info_info,movie_info.info,benchmarks/job/../../data/job/movie_info__info.csv,job-csv,utf8,TwoWay,static,full-scan,full-scan,prefix_usa_space_200,USA:% 200%,3,6674158,100000014,100000000,6674158,6674158,0,1,0,1959891761,0,2147,110,56101557,56101667,6674158,4607775,268914,8.405804447542296,8.405787966062535,0.56101667,
job_movie_info_info,movie_info.info,benchmarks/job/../../data/job/movie_info__info.csv,job-csv,utf8,TwoWay,static,full-scan,full-scan,prefix_usa_space_200,USA:% 200%,4,6674158,100000014,100000000,6674158,6674158,0,1,0,1959891761,0,2147,311,56676226,56676537,6674158,4607775,268914,8.49193815909063,8.491891561452396,0.56676537,
job_movie_info_info,movie_info.info,benchmarks/job/../../data/job/movie_info__info.csv,job-csv,utf8,TwoWay,static,full-scan,full-scan,prefix_usa_200,USA:%200%,0,6674158,100000014,100000000,6674158,6674158,0,1,0,1959891761,0,2046,521,62684335,62684856,6674158,5402091,294734,9.392174413611425,9.39209635133001,0.62684856,
job_movie_info_info,movie_info.info,benchmarks/job/../../data/job/movie_info__info.csv,job-csv,utf8,TwoWay,static,full-scan,full-scan,prefix_usa_200,USA:%200%,1,6674158,100000014,100000000,6674158,6674158,0,1,0,1959891761,0,2046,110,62385977,62386087,6674158,5402091,294734,9.347409366095318,9.347392884615557,0.62386087,
job_movie_info_info,movie_info.info,benchmarks/job/../../data/job/movie_info__info.csv,job-csv,utf8,TwoWay,static,full-scan,full-scan,prefix_usa_200,USA:%200%,2,6674158,100000014,100000000,6674158,6674158,0,1,0,1959891761,0,2046,101,63325624,63325725,6674158,5402091,294734,9.48819686318484,9.488181730189785,0.63325725,
job_movie_info_info,movie_info.info,benchmarks/job/../../data/job/movie_info__info.csv,job-csv,utf8,TwoWay,static,full-scan,full-scan,prefix_usa_200,USA:%200%,3,6674158,100000014,100000000,6674158,6674158,0,1,0,1959891761,0,2046,462,61910068,61910530,6674158,5402091,294734,9.27615588363356,9.276086661418564,0.6191053,
job_movie_info_info,movie_info.info,benchmarks/job/../../data/job/movie_info__info.csv,job-csv,utf8,TwoWay,static,full-scan,full-scan,prefix_usa_200,USA:%200%,4,6674158,100000014,100000000,6674158,6674158,0,1,0,1959891761,0,2046,110,62218291,62218401,6674158,5402091,294734,9.322284698684088,9.322268217204327,0.62218401,
job_movie_info_info,movie_info.info,benchmarks/job/../../data/job/movie_info__info.csv,job-csv,utf8,TwoWay,static,full-scan,full-scan,prefix_usa_2008,USA:%2008%,0,6674158,100000014,100000000,6674158,6674158,0,1,0,1959891761,0,3050,602,52676717,52677319,6674158,4607775,45638,7.892728790657937,7.892638592014154,0.52677319,
job_movie_info_info,movie_info.info,benchmarks/job/../../data/job/movie_info__info.csv,job-csv,utf8,TwoWay,static,full-scan,full-scan,prefix_usa_2008,USA:%2008%,1,6674158,100000014,100000000,6674158,6674158,0,1,0,1959891761,0,3050,110,52862844,52862954,6674158,4607775,45638,7.920542786071292,7.92052630459153,0.52862954,
job_movie_info_info,movie_info.info,benchmarks/job/../../data/job/movie_info__info.csv,job-csv,utf8,TwoWay,static,full-scan,full-scan,prefix_usa_2008,USA:%2008%,2,6674158,100000014,100000000,6674158,6674158,0,1,0,1959891761,0,3050,101,67533637,67533738,6674158,4607775,45638,10.118690327678788,10.118675194683734,0.67533738,
job_movie_info_info,movie_info.info,benchmarks/job/../../data/job/movie_info__info.csv,job-csv,utf8,TwoWay,static,full-scan,full-scan,prefix_usa_2008,USA:%2008%,3,6674158,100000014,100000000,6674158,6674158,0,1,0,1959891761,0,3050,120,54093912,54094032,6674158,4607775,45638,8.10499721462992,8.104979234833817,0.54094032,
job_movie_info_info,movie_info.info,benchmarks/job/../../data/job/movie_info__info.csv,job-csv,utf8,TwoWay,static,full-scan,full-scan,prefix_usa_2008,USA:%2008%,4,6674158,100000014,100000000,6674158,6674158,0,1,0,1959891761,0,3050,110,53403517,53403627,6674158,4607775,45638,8.001552705225139,8.001536223745378,0.53403627,
job_movie_info_info,movie_info.info,benchmarks/job/../../data/job/movie_info__info.csv,job-csv,utf8,TwoWay,static,full-scan,full-scan,prefix_usa_201,USA:%201%,0,6674158,100000014,100000000,6674158,6674158,0,1,0,1959891761,0,2738,492,61406518,61407010,6674158,5402091,227707,9.200712659184873,9.20063894202085,0.6140701,
job_movie_info_info,movie_info.info,benchmarks/job/../../data/job/movie_info__info.csv,job-csv,utf8,TwoWay,static,full-scan,full-scan,prefix_usa_201,USA:%201%,1,6674158,100000014,100000000,6674158,6674158,0,1,0,1959891761,0,2738,150,61802042,61802192,6674158,5402091,227707,9.259923424048397,9.259900949303267,0.61802192,
job_movie_info_info,movie_info.info,benchmarks/job/../../data/job/movie_info__info.csv,job-csv,utf8,TwoWay,static,full-scan,full-scan,prefix_usa_201,USA:%201%,2,6674158,100000014,100000000,6674158,6674158,0,1,0,1959891761,0,2738,120,61164321,61164441,6674158,5402091,227707,9.164368149510395,9.164350169714291,0.61164441,
job_movie_info_info,movie_info.info,benchmarks/job/../../data/job/movie_info__info.csv,job-csv,utf8,TwoWay,static,full-scan,full-scan,prefix_usa_201,USA:%201%,3,6674158,100000014,100000000,6674158,6674158,0,1,0,1959891761,0,2738,111,61342682,61342793,6674158,5402091,227707,9.191090921131924,9.191074289820529,0.61342793,
job_movie_info_info,movie_info.info,benchmarks/job/../../data/job/movie_info__info.csv,job-csv,utf8,TwoWay,static,full-scan,full-scan,prefix_usa_201,USA:%201%,4,6674158,100000014,100000000,6674158,6674158,0,1,0,1959891761,0,2738,110,62067725,62067835,6674158,5402091,227707,9.299725148850237,9.299708667370476,0.62067835,
job_movie_info_info,movie_info.info,benchmarks/job/../../data/job/movie_info__info.csv,job-csv,utf8,TwoWay2,static,full-scan,full-scan,prefix_japan_200,Japan:%200%,0,6674158,100000014,100000000,6674158,6674158,0,1,0,1959891761,0,3059,672,43099547,43100219,6674158,4439405,54763,6.457776246831435,6.457675559973258,0.43100219,
job_movie_info_info,movie_info.info,benchmarks/job/../../data/job/movie_info__info.csv,job-csv,utf8,TwoWay2,static,full-scan,full-scan,prefix_japan_200,Japan:%200%,1,6674158,100000014,100000000,6674158,6674158,0,1,0,1959891761,0,3059,110,42522284,42522394,6674158,4439405,54763,6.371199782804063,6.371183301324302,0.42522394,
job_movie_info_info,movie_info.info,benchmarks/job/../../data/job/movie_info__info.csv,job-csv,utf8,TwoWay2,static,full-scan,full-scan,prefix_japan_200,Japan:%200%,2,6674158,100000014,100000000,6674158,6674158,0,1,0,1959891761,0,3059,150,42397650,42397800,6674158,4439405,54763,6.352531660173463,6.352509185428334,0.423978,
job_movie_info_info,movie_info.info,benchmarks/job/../../data/job/movie_info__info.csv,job-csv,utf8,TwoWay2,static,full-scan,full-scan,prefix_japan_200,Japan:%200%,3,6674158,100000014,100000000,6674158,6674158,0,1,0,1959891761,0,3059,110,42111867,42111977,6674158,4439405,54763,6.309706332993615,6.309689851513854,0.42111977,
job_movie_info_info,movie_info.info,benchmarks/job/../../data/job/movie_info__info.csv,job-csv,utf8,TwoWay2,static,full-scan,full-scan,prefix_japan_200,Japan:%200%,4,6674158,100000014,100000000,6674158,6674158,0,1,0,1959891761,0,3059,110,42454015,42454125,6674158,4439405,54763,6.360970926969364,6.360954445489603,0.42454125,
job_movie_info_info,movie_info.info,benchmarks/job/../../data/job/movie_info__info.csv,job-csv,utf8,TwoWay2,static,full-scan,full-scan,prefix_japan_2007,Japan:%2007%,0,6674158,100000014,100000000,6674158,6674158,0,1,0,1959891761,0,3199,552,38636640,38637192,6674158,3725759,8501,5.789073617975481,5.788990910913407,0.38637192,
job_movie_info_info,movie_info.info,benchmarks/job/../../data/job/movie_info__info.csv,job-csv,utf8,TwoWay2,static,full-scan,full-scan,prefix_japan_2007,Japan:%2007%,1,6674158,100000014,100000000,6674158,6674158,0,1,0,1959891761,0,3199,131,38522177,38522308,6674158,3725759,8501,5.771860360512892,5.771840732568813,0.38522308,
job_movie_info_info,movie_info.info,benchmarks/job/../../data/job/movie_info__info.csv,job-csv,utf8,TwoWay2,static,full-scan,full-scan,prefix_japan_2007,Japan:%2007%,2,6674158,100000014,100000000,6674158,6674158,0,1,0,1959891761,0,3199,130,39133551,39133681,6674158,3725759,8501,5.86346337620416,5.863443898091714,0.39133681,
job_movie_info_info,movie_info.info,benchmarks/job/../../data/job/movie_info__info.csv,job-csv,utf8,TwoWay2,static,full-scan,full-scan,prefix_japan_2007,Japan:%2007%,3,6674158,100000014,100000000,6674158,6674158,0,1,0,1959891761,0,3199,121,38794079,38794200,6674158,3725759,8501,5.812598383196802,5.812580253569064,0.387942,
job_movie_info_info,movie_info.info,benchmarks/job/../../data/job/movie_info__info.csv,job-csv,utf8,TwoWay2,static,full-scan,full-scan,prefix_japan_2007,Japan:%2007%,4,6674158,100000014,100000000,6674158,6674158,0,1,0,1959891761,0,3199,120,39088258,39088378,6674158,3725759,8501,5.856675553680329,5.856657573884227,0.39088378,
job_movie_info_info,movie_info.info,benchmarks/job/../../data/job/movie_info__info.csv,job-csv,utf8,TwoWay2,static,full-scan,full-scan,prefix_japan_201,Japan:%201%,0,6674158,100000014,100000000,6674158,6674158,0,1,0,1959891761,0,3159,1113,43475594,43476707,6674158,4439405,23878,6.514186059125361,6.514019296516504,0.43476707,
job_movie_info_info,movie_info.info,benchmarks/job/../../data/job/movie_info__info.csv,job-csv,utf8,TwoWay2,static,full-scan,full-scan,prefix_japan_201,Japan:%201%,1,6674158,100000014,100000000,6674158,6674158,0,1,0,1959891761,0,3159,120,43588177,43588297,6674158,4439405,23878,6.530905771184919,6.530887791388817,0.43588297,
job_movie_info_info,movie_info.info,benchmarks/job/../../data/job/movie_info__info.csv,job-csv,utf8,TwoWay2,static,full-scan,full-scan,prefix_japan_201,Japan:%201%,2,6674158,100000014,100000000,6674158,6674158,0,1,0,1959891761,0,3159,111,44811139,44811250,6674158,4439405,23878,6.714142817715733,6.714126186404338,0.4481125,
job_movie_info_info,movie_info.info,benchmarks/job/../../data/job/movie_info__info.csv,job-csv,utf8,TwoWay2,static,full-scan,full-scan,prefix_japan_201,Japan:%201%,3,6674158,100000014,100000000,6674158,6674158,0,1,0,1959891761,0,3159,110,43225879,43225989,6674158,4439405,23878,6.4766205714638465,6.476604089984085,0.43225989,
job_movie_info_info,movie_info.info,benchmarks/job/../../data/job/movie_info__info.csv,job-csv,utf8,TwoWay2,static,full-scan,full-scan,prefix_japan_201,Japan:%201%,4,6674158,100000014,100000000,6674158,6674158,0,1,0,1959891761,0,3159,111,43542183,43542294,6674158,4439405,23878,6.5240130665171545,6.523996435205759,0.43542294,
job_movie_info_info,movie_info.info,benchmarks/job/../../data/job/movie_info__info.csv,job-csv,utf8,TwoWay2,static,full-scan,full-scan,prefix_usa_space_199,USA:% 199%,0,6674158,100000014,100000000,6674158,6674158,0,1,0,1959891761,0,3790,551,53785989,53786540,6674158,4607775,78136,8.058925185768752,8.058842628538311,0.5378654,
job_movie_info_info,movie_info.info,benchmarks/job/../../data/job/movie_info__info.csv,job-csv,utf8,TwoWay2,static,full-scan,full-scan,prefix_usa_space_199,USA:% 199%,1,6674158,100000014,100000000,6674158,6674158,0,1,0,1959891761,0,3790,101,54160218,54160319,6674158,4607775,78136,8.114929104165649,8.114913971170596,0.54160319,
job_movie_info_info,movie_info.info,benchmarks/job/../../data/job/movie_info__info.csv,job-csv,utf8,TwoWay2,static,full-scan,full-scan,prefix_usa_space_199,USA:% 199%,2,6674158,100000014,100000000,6674158,6674158,0,1,0,1959891761,0,3790,120,53451536,53451656,6674158,4607775,78136,8.008748968783777,8.008730988987674,0.53451656,
job_movie_info_info,movie_info.info,benchmarks/job/../../data/job/movie_info__info.csv,job-csv,utf8,TwoWay2,static,full-scan,full-scan,prefix_usa_space_199,USA:% 199%,3,6674158,100000014,100000000,6674158,6674158,0,1,0,1959891761,0,3790,100,53633837,53633937,6674158,4607775,78136,8.03606042889605,8.036045445732631,0.53633937,
job_movie_info_info,movie_info.info,benchmarks/job/../../data/job/movie_info__info.csv,job-csv,utf8,TwoWay2,static,full-scan,full-scan,prefix_usa_space_199,USA:% 199%,4,6674158,100000014,100000000,6674158,6674158,0,1,0,1959891761,0,3790,110,55343325,55343435,6674158,4607775,78136,8.292197307885129,8.29218082640537,0.55343435,
job_movie_info_info,movie_info.info,benchmarks/job/../../data/job/movie_info__info.csv,job-csv,utf8,TwoWay2,static,full-scan,full-scan,prefix_usa_space_200,USA:% 200%,0,6674158,100000014,100000000,6674158,6674158,0,1,0,1959891761,0,5074,702,56122898,56123600,6674158,4607775,268914,8.409090704775045,8.408985522967841,0.561236,
job_movie_info_info,movie_info.info,benchmarks/job/../../data/job/movie_info__info.csv,job-csv,utf8,TwoWay2,static,full-scan,full-scan,prefix_usa_space_200,USA:% 200%,1,6674158,100000014,100000000,6674158,6674158,0,1,0,1959891761,0,5074,111,56176984,56177095,6674158,4607775,268914,8.41710594804618,8.417089316734785,0.56177095,
job_movie_info_info,movie_info.info,benchmarks/job/../../data/job/movie_info__info.csv,job-csv,utf8,TwoWay2,static,full-scan,full-scan,prefix_usa_space_200,USA:% 200%,2,6674158,100000014,100000000,6674158,6674158,0,1,0,1959891761,0,5074,120,57085849,57085969,6674158,4607775,268914,8.553284024741398,8.553266044945294,0.57085969,
job_movie_info_info,movie_info.info,benchmarks/job/../../data/job/movie_info__info.csv,job-csv,utf8,TwoWay2,static,full-scan,full-scan,prefix_usa_space_200,USA:% 200%,3,6674158,100000014,100000000,6674158,6674158,0,1,0,1959891761,0,5074,121,58694410,58694531,6674158,4607775,268914,8.794297497901608,8.794279368273871,0.58694531,
job_movie_info_info,movie_info.info,benchmarks/job/../../data/job/movie_info__info.csv,job-csv,utf8,TwoWay2,static,full-scan,full-scan,prefix_usa_space_200,USA:% 200%,4,6674158,100000014,100000000,6674158,6674158,0,1,0,1959891761,0,5074,111,57118757,57118868,6674158,4607775,268914,8.558213335674703,8.558196704363308,0.57118868,
job_movie_info_info,movie_info.info,benchmarks/job/../../data/job/movie_info__info.csv,job-csv,utf8,TwoWay2,static,full-scan,full-scan,prefix_usa_200,USA:%200%,0,6674158,100000014,100000000,6674158,6674158,0,1,0,1959891761,0,2507,572,62749536,62750108,6674158,5402091,294734,9.401951227405764,9.401865523711006,0.62750108,
job_movie_info_info,movie_info.info,benchmarks/job/../../data/job/movie_info__info.csv,job-csv,utf8,TwoWay2,static,full-scan,full-scan,prefix_usa_200,USA:%200%,1,6674158,100000014,100000000,6674158,6674158,0,1,0,1959891761,0,2507,110,64210153,64210263,6674158,5402091,294734,9.620728637230345,9.620712155750583,0.64210263,
job_movie_info_info,movie_info.info,benchmarks/job/../../data/job/movie_info__info.csv,job-csv,utf8,TwoWay2,static,full-scan,full-scan,prefix_usa_200,USA:%200%,2,6674158,100000014,100000000,6674158,6674158,0,1,0,1959891761,0,2507,110,63342888,63342998,6674158,5402091,294734,9.490784905002249,9.490768423522487,0.63342998,
job_movie_info_info,movie_info.info,benchmarks/job/../../data/job/movie_info__info.csv,job-csv,utf8,TwoWay2,static,full-scan,full-scan,prefix_usa_200,USA:%200%,3,6674158,100000014,100000000,6674158,6674158,0,1,0,1959891761,0,2507,111,63207479,63207590,6674158,5402091,294734,9.47049650307949,9.470479871768093,0.6320759,
job_movie_info_info,movie_info.info,benchmarks/job/../../data/job/movie_info__info.csv,job-csv,utf8,TwoWay2,static,full-scan,full-scan,prefix_usa_200,USA:%200%,4,6674158,100000014,100000000,6674158,6674158,0,1,0,1959891761,0,2507,150,62667501,62667651,6674158,5402091,294734,9.38959656034514,9.389574085600012,0.62667651,
job_movie_info_info,movie_info.info,benchmarks/job/../../data/job/movie_info__info.csv,job-csv,utf8,TwoWay2,static,full-scan,full-scan,prefix_usa_2008,USA:%2008%,0,6674158,100000014,100000000,6674158,6674158,0,1,0,1959891761,0,2987,551,53696856,53697407,6674158,4607775,45638,8.045570242718258,8.045487685487817,0.53697407,
job_movie_info_info,movie_info.info,benchmarks/job/../../data/job/movie_info__info.csv,job-csv,utf8,TwoWay2,static,full-scan,full-scan,prefix_usa_2008,USA:%2008%,1,6674158,100000014,100000000,6674158,6674158,0,1,0,1959891761,0,2987,121,54448040,54448161,6674158,4607775,45638,8.158056941414932,8.158038811787195,0.54448161,
job_movie_info_info,movie_info.info,benchmarks/job/../../data/job/movie_info__info.csv,job-csv,utf8,TwoWay2,static,full-scan,full-scan,prefix_usa_2008,USA:%2008%,2,6674158,100000014,100000000,6674158,6674158,0,1,0,1959891761,0,2987,110,53838109,53838219,6674158,4607775,45638,8.066668334792194,8.066651853312433,0.53838219,
job_movie_info_info,movie_info.info,benchmarks/job/../../data/job/movie_info__info.csv,job-csv,utf8,TwoWay2,static,full-scan,full-scan,prefix_usa_2008,USA:%2008%,3,6674158,100000014,100000000,6674158,6674158,0,1,0,1959891761,0,2987,171,53738079,53738250,6674158,4607775,45638,8.051689816153589,8.051664194944141,0.5373825,
job_movie_info_info,movie_info.info,benchmarks/job/../../data/job/movie_info__info.csv,job-csv,utf8,TwoWay2,static,full-scan,full-scan,prefix_usa_2008,USA:%2008%,4,6674158,100000014,100000000,6674158,6674158,0,1,0,1959891761,0,2987,110,54079181,54079291,6674158,4607775,45638,8.102788546510286,8.102772065030525,0.54079291,
job_movie_info_info,movie_info.info,benchmarks/job/../../data/job/movie_info__info.csv,job-csv,utf8,TwoWay2,static,full-scan,full-scan,prefix_usa_201,USA:%201%,0,6674158,100000014,100000000,6674158,6674158,0,1,0,1959891761,0,2847,722,64518843,64519565,6674158,5402091,227707,9.667071861349402,9.666963682909515,0.64519565,
job_movie_info_info,movie_info.info,benchmarks/job/../../data/job/movie_info__info.csv,job-csv,utf8,TwoWay2,static,full-scan,full-scan,prefix_usa_201,USA:%201%,1,6674158,100000014,100000000,6674158,6674158,0,1,0,1959891761,0,2847,141,65407401,65407542,6674158,5402091,227707,9.800118906384895,9.800097780124474,0.65407542,
job_movie_info_info,movie_info.info,benchmarks/job/../../data/job/movie_info__info.csv,job-csv,utf8,TwoWay2,static,full-scan,full-scan,prefix_usa_201,USA:%201%,2,6674158,100000014,100000000,6674158,6674158,0,1,0,1959891761,0,2847,50,63345004,63345054,6674158,5402091,227707,9.491092958842149,9.49108546726044,0.63345054,
job_movie_info_info,movie_info.info,benchmarks/job/../../data/job/movie_info__info.csv,job-csv,utf8,TwoWay2,static,full-scan,full-scan,prefix_usa_201,USA:%201%,3,6674158,100000014,100000000,6674158,6674158,0,1,0,1959891761,0,2847,121,63749853,63749974,6674158,5402091,227707,9.55176278415944,9.551744654531703,0.63749974,
job_movie_info_info,movie_info.info,benchmarks/job/../../data/job/movie_info__info.csv,job-csv,utf8,TwoWay2,static,full-scan,full-scan,prefix_usa_201,USA:%201%,4,6674158,100000014,100000000,6674158,6674158,0,1,0,1959891761,0,2847,110,62771649,62771759,6674158,5402091,227707,9.40519523211767,9.405178750637909,0.62771759,
job_movie_info_info,movie_info.info,benchmarks/job/../../data/job/movie_info__info.csv,job-csv,utf8,TwoWay3,static,full-scan,full-scan,prefix_japan_200,Japan:%200%,0,6674158,100000014,100000000,6674158,6674158,0,1,0,1959891761,0,3388,551,42906549,42907100,6674158,4439405,54763,6.428840911467784,6.428758354237344,0.429071,
job_movie_info_info,movie_info.info,benchmarks/job/../../data/job/movie_info__info.csv,job-csv,utf8,TwoWay3,static,full-scan,full-scan,prefix_japan_200,Japan:%200%,1,6674158,100000014,100000000,6674158,6674158,0,1,0,1959891761,0,3388,110,43839921,43840031,6674158,4439405,54763,6.568623487786774,6.568607006307013,0.43840031,
job_movie_info_info,movie_info.info,benchmarks/job/../../data/job/movie_info__info.csv,job-csv,utf8,TwoWay3,static,full-scan,full-scan,prefix_japan_200,Japan:%200%,2,6674158,100000014,100000000,6674158,6674158,0,1,0,1959891761,0,3388,111,44062317,44062428,6674158,4439405,54763,6.6019455937363185,6.601928962424923,0.44062428,
job_movie_info_info,movie_info.info,benchmarks/job/../../data/job/movie_info__info.csv,job-csv,utf8,TwoWay3,static,full-scan,full-scan,prefix_japan_200,Japan:%200%,3,6674158,100000014,100000000,6674158,6674158,0,1,0,1959891761,0,3388,110,43263462,43263572,6674158,4439405,54763,6.482251693771708,6.482235212291948,0.43263572,
job_movie_info_info,movie_info.info,benchmarks/job/../../data/job/movie_info__info.csv,job-csv,utf8,TwoWay3,static,full-scan,full-scan,prefix_japan_200,Japan:%200%,4,6674158,100000014,100000000,6674158,6674158,0,1,0,1959891761,0,3388,111,43174552,43174663,6674158,4439405,54763,6.468930313007274,6.468913681695878,0.43174663,
job_movie_info_info,movie_info.info,benchmarks/job/../../data/job/movie_info__info.csv,job-csv,utf8,TwoWay3,static,full-scan,full-scan,prefix_japan_2007,Japan:%2007%,0,6674158,100000014,100000000,6674158,6674158,0,1,0,1959891761,0,2885,545,38202910,38203455,6674158,3725759,8501,5.72408609445566,5.724004436215025,0.38203455,
job_movie_info_info,movie_info.info,benchmarks/job/../../data/job/movie_info__info.csv,job-csv,utf8,TwoWay3,static,full-scan,full-scan,prefix_japan_2007,Japan:%2007%,1,6674158,100000014,100000000,6674158,6674158,0,1,0,1959891761,0,2885,99,38280239,38280338,6674158,3725759,8501,5.735605599987294,5.735590766655509,0.38280338,
job_movie_info_info,movie_info.info,benchmarks/job/../../data/job/movie_info__info.csv,job-csv,utf8,TwoWay3,static,full-scan,full-scan,prefix_japan_2007,Japan:%2007%,2,6674158,100000014,100000000,6674158,6674158,0,1,0,1959891761,0,2885,109,38627168,38627277,6674158,3725759,8501,5.787588037322461,5.787571705674334,0.38627277,
job_movie_info_info,movie_info.info,benchmarks/job/../../data/job/movie_info__info.csv,job-csv,utf8,TwoWay3,static,full-scan,full-scan,prefix_japan_2007,Japan:%2007%,3,6674158,100000014,100000000,6674158,6674158,0,1,0,1959891761,0,2885,99,38441712,38441811,6674158,3725759,8501,5.7597993634552855,5.7597845301235004,0.38441811,
job_movie_info_info,movie_info.info,benchmarks/job/../../data/job/movie_info__info.csv,job-csv,utf8,TwoWay3,static,full-scan,full-scan,prefix_japan_2007,Japan:%2007%,4,6674158,100000014,100000000,6674158,6674158,0,1,0,1959891761,0,2885,109,38744969,38745078,6674158,3725759,8501,5.80523835366199,5.805222022013863,0.38745078,
job_movie_info_info,movie_info.info,benchmarks/job/../../data/job/movie_info__info.csv,job-csv,utf8,TwoWay3,static,full-scan,full-scan,prefix_japan_201,Japan:%201%,0,6674158,100000014,100000000,6674158,6674158,0,1,0,1959891761,0,2756,545,42306136,42306681,6674158,4439405,23878,6.338879151497462,6.338797493256827,0.42306681,
job_movie_info_info,movie_info.info,benchmarks/job/../../data/job/movie_info__info.csv,job-csv,utf8,TwoWay3,static,full-scan,full-scan,prefix_japan_201,Japan:%201%,1,6674158,100000014,100000000,6674158,6674158,0,1,0,1959891761,0,2756,129,43248959,43249088,6674158,4439405,23878,6.480081532382062,6.480062204101252,0.43249088,
job_movie_info_info,movie_info.info,benchmarks/job/../../data/job/movie_info__info.csv,job-csv,utf8,TwoWay3,static,full-scan,full-scan,prefix_japan_201,Japan:%201%,2,6674158,100000014,100000000,6674158,6674158,0,1,0,1959891761,0,2756,110,42767500,42767610,6674158,4439405,23878,6.4079408968142495,6.407924415334489,0.4276761,
job_movie_info_info,movie_info.info,benchmarks/job/../../data/job/movie_info__info.csv,job-csv,utf8,TwoWay3,static,full-scan,full-scan,prefix_japan_201,Japan:%201%,3,6674158,100000014,100000000,6674158,6674158,0,1,0,1959891761,0,2756,109,44505237,44505346,6674158,4439405,23878,6.668308721489662,6.668292389841535,0.44505346,
job_movie_info_info,movie_info.info,benchmarks/job/../../data/job/movie_info__info.csv,job-csv,utf8,TwoWay3,static,full-scan,full-scan,prefix_japan_201,Japan:%201%,4,6674158,100000014,100000000,6674158,6674158,0,1,0,1959891761,0,2756,109,43524018,43524127,6674158,4439405,23878,6.521291075218777,6.5212747435706495,0.43524127,
job_movie_info_info,movie_info.info,benchmarks/job/../../data/job/movie_info__info.csv,job-csv,utf8,TwoWay3,static,full-scan,full-scan,prefix_usa_space_199,USA:% 199%,0,6674158,100000014,100000000,6674158,6674158,0,1,0,1959891761,0,3628,635,55270706,55271341,6674158,4607775,78136,8.281395346049644,8.281300202961932,0.55271341,
job_movie_info_info,movie_info.info,benchmarks/job/../../data/job/movie_info__info.csv,job-csv,utf8,TwoWay3,static,full-scan,full-scan,prefix_usa_space_199,USA:% 199%,1,6674158,100000014,100000000,6674158,6674158,0,1,0,1959891761,0,3628,129,56151494,56151623,6674158,4607775,78136,8.413289436660024,8.413270108379214,0.56151623,
job_movie_info_info,movie_info.info,benchmarks/job/../../data/job/movie_info__info.csv,job-csv,utf8,TwoWay3,static,full-scan,full-scan,prefix_usa_space_199,USA:% 199%,2,6674158,100000014,100000000,6674158,6674158,0,1,0,1959891761,0,3628,178,57016500,57016678,6674158,4607775,78136,8.542902040976555,8.542875370945668,0.57016678,
job_movie_info_info,movie_info.info,benchmarks/job/../../data/job/movie_info__info.csv,job-csv,utf8,TwoWay3,static,full-scan,full-scan,prefix_usa_space_199,USA:% 199%,3,6674158,100000014,100000000,6674158,6674158,0,1,0,1959891761,0,3628,129,57023937,57024066,6674158,4607775,78136,8.54400899708997,8.543989668809159,0.57024066,
job_movie_info_info,movie_info.info,benchmarks/job/../../data/job/movie_info__info.csv,job-csv,utf8,TwoWay3,static,full-scan,full-scan,prefix_usa_space_199,USA:% 199%,4,6674158,100000014,100000000,6674158,6674158,0,1,0,1959891761,0,3628,109,53833376,53833485,6674158,4607775,78136,8.065959031835925,8.065942700187799,0.53833485,
job_movie_info_info,movie_info.info,benchmarks/job/../../data/job/movie_info__info.csv,job-csv,utf8,TwoWay3,static,full-scan,full-scan,prefix_usa_space_200,USA:% 200%,0,6674158,100000014,100000000,6674158,6674158,0,1,0,1959891761,0,3103,614,58355889,58356503,6674158,4607775,268914,8.743650210258732,8.743558213635337,0.58356503,
job_movie_info_info,movie_info.info,benchmarks/job/../../data/job/movie_info__info.csv,job-csv,utf8,TwoWay3,static,full-scan,full-scan,prefix_usa_space_200,USA:% 200%,1,6674158,100000014,100000000,6674158,6674158,0,1,0,1959891761,0,3103,109,57644623,57644732,6674158,4607775,268914,8.63700439815779,8.636988066509662,0.57644732,
job_movie_info_info,movie_info.info,benchmarks/job/../../data/job/movie_info__info.csv,job-csv,utf8,TwoWay3,static,full-scan,full-scan,prefix_usa_space_200,USA:% 200%,2,6674158,100000014,100000000,6674158,6674158,0,1,0,1959891761,0,3103,119,56881753,56881872,6674158,4607775,268914,8.522703837697579,8.52268600773311,0.56881872,
job_movie_info_info,movie_info.info,benchmarks/job/../../data/job/movie_info__info.csv,job-csv,utf8,TwoWay3,static,full-scan,full-scan,prefix_usa_space_200,USA:% 200%,3,6674158,100000014,100000000,6674158,6674158,0,1,0,1959891761,0,3103,119,56846901,56847020,6674158,4607775,268914,8.517481905582697,8.517464075618228,0.5684702,
job_movie_info_info,movie_info.info,benchmarks/job/../../data/job/movie_info__info.csv,job-csv,utf8,TwoWay3,static,full-scan,full-scan,prefix_usa_space_200,USA:% 200%,4,6674158,100000014,100000000,6674158,6674158,0,1,0,1959891761,0,3103,109,57356915,57357024,6674158,4607775,268914,8.59389663834749,8.593880306699361,0.57357024,
job_movie_info_info,movie_info.info,benchmarks/job/../../data/job/movie_info__info.csv,job-csv,utf8,TwoWay3,static,full-scan,full-scan,prefix_usa_200,USA:%200%,0,6674158,100000014,100000000,6674158,6674158,0,1,0,1959891761,0,4054,892,65165363,65166255,6674158,5402091,294734,9.763966480865452,9.763832831047752,0.65166255,
job_movie_info_info,movie_info.info,benchmarks/job/../../data/job/movie_info__info.csv,job-csv,utf8,TwoWay3,static,full-scan,full-scan,prefix_usa_200,USA:%200%,1,6674158,100000014,100000000,6674158,6674158,0,1,0,1959891761,0,4054,109,64674819,64674928,6674158,5402091,294734,9.690350153532476,9.690333821884348,0.64674928,
job_movie_info_info,movie_info.info,benchmarks/job/../../data/job/movie_info__info.csv,job-csv,utf8,TwoWay3,static,full-scan,full-scan,prefix_usa_200,USA:%200%,2,6674158,100000014,100000000,6674158,6674158,0,1,0,1959891761,0,4054,149,65070074,65070223,6674158,5402091,294734,9.749577849370663,9.749555524457168,0.65070223,
job_movie_info_info,movie_info.info,benchmarks/job/../../data/job/movie_info__info.csv,job-csv,utf8,TwoWay3,static,full-scan,full-scan,prefix_usa_200,USA:%200%,3,6674158,100000014,100000000,6674158,6674158,0,1,0,1959891761,0,4054,109,65971680,65971789,6674158,5402091,294734,9.8846609564832,9.884644624835072,0.65971789,
job_movie_info_info,movie_info.info,benchmarks/job/../../data/job/movie_info__info.csv,job-csv,utf8,TwoWay3,static,full-scan,full-scan,prefix_usa_200,USA:%200%,4,6674158,100000014,100000000,6674158,6674158,0,1,0,1959891761,0,4054,138,66458499,66458637,6674158,5402091,294734,9.957606187926627,9.957585511161108,0.66458637,
job_movie_info_info,movie_info.info,benchmarks/job/../../data/job/movie_info__info.csv,job-csv,utf8,TwoWay3,static,full-scan,full-scan,prefix_usa_2008,USA:%2008%,0,6674158,100000014,100000000,6674158,6674158,0,1,0,1959891761,0,3499,257,55373211,55373468,6674158,4607775,45638,8.296697201354837,8.29665869462485,0.55373468,
job_movie_info_info,movie_info.info,benchmarks/job/../../data/job/movie_info__info.csv,job-csv,utf8,TwoWay3,static,full-scan,full-scan,prefix_usa_2008,USA:%2008%,1,6674158,100000014,100000000,6674158,6674158,0,1,0,1959891761,0,3499,99,55102564,55102663,6674158,4607775,45638,8.256122045657294,8.25610721232551,0.55102663,
job_movie_info_info,movie_info.info,benchmarks/job/../../data/job/movie_info__info.csv,job-csv,utf8,TwoWay3,static,full-scan,full-scan,prefix_usa_2008,USA:%2008%,2,6674158,100000014,100000000,6674158,6674158,0,1,0,1959891761,0,3499,119,54826362,54826481,6674158,4607775,45638,8.214741245262699,8.214723415298229,0.54826481,
job_movie_info_info,movie_info.info,benchmarks/job/../../data/job/movie_info__info.csv,job-csv,utf8,TwoWay3,static,full-scan,full-scan,prefix_usa_2008,USA:%2008%,3,6674158,100000014,100000000,6674158,6674158,0,1,0,1959891761,0,3499,109,54501129,54501238,6674158,4607775,45638,8.166009555062976,8.16599322341485,0.54501238,
job_movie_info_info,movie_info.info,benchmarks/job/../../data/job/movie_info__info.csv,job-csv,utf8,TwoWay3,static,full-scan,full-scan,prefix_usa_2008,USA:%2008%,4,6674158,100000014,100000000,6674158,6674158,0,1,0,1959891761,0,3499,109,54090864,54090973,6674158,4607775,45638,8.104538879660925,8.104522548012797,0.54090973,
job_movie_info_info,movie_info.info,benchmarks/job/../../data/job/movie_info__info.csv,job-csv,utf8,TwoWay3,static,full-scan,full-scan,prefix_usa_201,USA:%201%,0,6674158,100000014,100000000,6674158,6674158,0,1,0,1959891761,0,3776,545,66312913,66313458,6674158,5402091,227707,9.935853781106172,9.935772122865536,0.66313458,
job_movie_info_info,movie_info.info,benchmarks/job/../../data/job/movie_info__info.csv,job-csv,utf8,TwoWay3,static,full-scan,full-scan,prefix_usa_201,USA:%201%,1,6674158,100000014,100000000,6674158,6674158,0,1,0,1959891761,0,3776,169,66261575,66261744,6674158,5402091,227707,9.928105387975531,9.928080066429354,0.66261744,
job_movie_info_info,movie_info.info,benchmarks/job/../../data/job/movie_info__info.csv,job-csv,utf8,TwoWay3,static,full-scan,full-scan,prefix_usa_201,USA:%201%,2,6674158,100000014,100000000,6674158,6674158,0,1,0,1959891761,0,3776,100,67080429,67080529,6674158,5402091,227707,10.050785282577968,10.050770299414548,0.67080529,
job_movie_info_info,movie_info.info,benchmarks/job/../../data/job/movie_info__info.csv,job-csv,utf8,TwoWay3,static,full-scan,full-scan,prefix_usa_201,USA:%201%,3,6674158,100000014,100000000,6674158,6674158,0,1,0,1959891761,0,3776,109,66601693,66601802,6674158,5402091,227707,9.979056833835818,9.979040502187692,0.66601802,
job_movie_info_info,movie_info.info,benchmarks/job/../../data/job/movie_info__info.csv,job-csv,utf8,TwoWay3,static,full-scan,full-scan,prefix_usa_201,USA:%201%,4,6674158,100000014,100000000,6674158,6674158,0,1,0,1959891761,0,3776,109,67182202,67182311,6674158,5402091,227707,10.066035445969364,10.066019114321238,0.67182311,
job_movie_info_info,movie_info.info,benchmarks/job/../../data/job/movie_info__info.csv,job-csv,utf8,Utf8Kmp,static,full-scan,full-scan,prefix_japan_200,Japan:%200%,0,6674158,100000014,100000000,6674158,6674158,0,1,0,1959891761,0,3845,674,42978621,42979295,6674158,4439405,54763,6.439658006298322,6.439557019776877,0.42979295,
job_movie_info_info,movie_info.info,benchmarks/job/../../data/job/movie_info__info.csv,job-csv,utf8,Utf8Kmp,static,full-scan,full-scan,prefix_japan_200,Japan:%200%,1,6674158,100000014,100000000,6674158,6674158,0,1,0,1959891761,0,3845,119,42146605,42146724,6674158,4439405,54763,6.314912532786908,6.314894702822438,0.42146724,
job_movie_info_info,movie_info.info,benchmarks/job/../../data/job/movie_info__info.csv,job-csv,utf8,Utf8Kmp,static,full-scan,full-scan,prefix_japan_200,Japan:%200%,2,6674158,100000014,100000000,6674158,6674158,0,1,0,1959891761,0,3845,109,43366247,43366356,6674158,4439405,54763,6.497651988460567,6.49763565681244,0.43366356,
job_movie_info_info,movie_info.info,benchmarks/job/../../data/job/movie_info__info.csv,job-csv,utf8,Utf8Kmp,static,full-scan,full-scan,prefix_japan_200,Japan:%200%,3,6674158,100000014,100000000,6674158,6674158,0,1,0,1959891761,0,3845,109,44048980,44049089,6674158,4439405,54763,6.599946989567822,6.599930657919695,0.44049089,
job_movie_info_info,movie_info.info,benchmarks/job/../../data/job/movie_info__info.csv,job-csv,utf8,Utf8Kmp,static,full-scan,full-scan,prefix_japan_200,Japan:%200%,4,6674158,100000014,100000000,6674158,6674158,0,1,0,1959891761,0,3845,109,44309563,44309672,6674158,4439405,54763,6.638990566300648,6.638974234652521,0.44309672,
job_movie_info_info,movie_info.info,benchmarks/job/../../data/job/movie_info__info.csv,job-csv,utf8,Utf8Kmp,static,full-scan,full-scan,prefix_japan_2007,Japan:%2007%,0,6674158,100000014,100000000,6674158,6674158,0,1,0,1959891761,0,2815,565,39277842,39278407,6674158,3725759,8501,5.885147909294326,5.8850632544210075,0.39278407,
job_movie_info_info,movie_info.info,benchmarks/job/../../data/job/movie_info__info.csv,job-csv,utf8,Utf8Kmp,static,full-scan,full-scan,prefix_japan_2007,Japan:%2007%,1,6674158,100000014,100000000,6674158,6674158,0,1,0,1959891761,0,2815,119,46599188,46599307,6674158,3725759,8501,6.982050320055354,6.982032490090885,0.46599307,
job_movie_info_info,movie_info.info,benchmarks/job/../../data/job/movie_info__info.csv,job-csv,utf8,Utf8Kmp,static,full-scan,full-scan,prefix_japan_2007,Japan:%2007%,2,6674158,100000014,100000000,6674158,6674158,0,1,0,1959891761,0,2815,121,39572124,39572245,6674158,3725759,8501,5.929174137022228,5.929156007394491,0.39572245,
job_movie_info_info,movie_info.info,benchmarks/job/../../data/job/movie_info__info.csv,job-csv,utf8,Utf8Kmp,static,full-scan,full-scan,prefix_japan_2007,Japan:%2007%,3,6674158,100000014,100000000,6674158,6674158,0,1,0,1959891761,0,2815,160,40431678,40431838,6674158,3725759,8501,6.057968360952797,6.057944387891326,0.40431838,
job_movie_info_info,movie_info.info,benchmarks/job/../../data/job/movie_info__info.csv,job-csv,utf8,Utf8Kmp,static,full-scan,full-scan,prefix_japan_2007,Japan:%2007%,4,6674158,100000014,100000000,6674158,6674158,0,1,0,1959891761,0,2815,100,39257787,39257887,6674158,3725759,8501,5.882073364160693,5.8820583809972735,0.39257887,
job_movie_info_info,movie_info.info,benchmarks/job/../../data/job/movie_info__info.csv,job-csv,utf8,Utf8Kmp,static,full-scan,full-scan,prefix_japan_201,Japan:%201%,0,6674158,100000014,100000000,6674158,6674158,0,1,0,1959891761,0,2525,451,43057443,43057894,6674158,4439405,23878,6.451434622914231,6.45136704884721,0.43057894,
job_movie_info_info,movie_info.info,benchmarks/job/../../data/job/movie_info__info.csv,job-csv,utf8,Utf8Kmp,static,full-scan,full-scan,prefix_japan_201,Japan:%201%,1,6674158,100000014,100000000,6674158,6674158,0,1,0,1959891761,0,2525,110,44243150,44243260,6674158,4439405,23878,6.629039947810645,6.629023466330884,0.4424326,
job_movie_info_info,movie_info.info,benchmarks/job/../../data/job/movie_info__info.csv,job-csv,utf8,Utf8Kmp,static,full-scan,full-scan,prefix_japan_201,Japan:%201%,2,6674158,100000014,100000000,6674158,6674158,0,1,0,1959891761,0,2525,120,43864487,43864607,6674158,4439405,23878,6.5723057500286926,6.57228777023259,0.43864607,
job_movie_info_info,movie_info.info,benchmarks/job/../../data/job/movie_info__info.csv,job-csv,utf8,Utf8Kmp,static,full-scan,full-scan,prefix_japan_201,Japan:%201%,3,6674158,100000014,100000000,6674158,6674158,0,1,0,1959891761,0,2525,120,43515215,43515335,6674158,4439405,23878,6.5199737554909545,6.519955775694852,0.43515335,
job_movie_info_info,movie_info.info,benchmarks/job/../../data/job/movie_info__info.csv,job-csv,utf8,Utf8Kmp,static,full-scan,full-scan,prefix_japan_201,Japan:%201%,4,6674158,100000014,100000000,6674158,6674158,0,1,0,1959891761,0,2525,140,41922250,41922390,6674158,4439405,23878,6.281300202961932,6.281279226533145,0.4192239,
job_movie_info_info,movie_info.info,benchmarks/job/../../data/job/movie_info__info.csv,job-csv,utf8,Utf8Kmp,static,full-scan,full-scan,prefix_usa_space_199,USA:% 199%,0,6674158,100000014,100000000,6674158,6674158,0,1,0,1959891761,0,2694,1082,55651868,55652950,6674158,4607775,78136,8.33857244614227,8.338410328314074,0.5565295,
job_movie_info_info,movie_info.info,benchmarks/job/../../data/job/movie_info__info.csv,job-csv,utf8,Utf8Kmp,static,full-scan,full-scan,prefix_usa_space_199,USA:% 199%,1,6674158,100000014,100000000,6674158,6674158,0,1,0,1959891761,0,2694,111,55772353,55772464,6674158,4607775,78136,8.356479424071171,8.356462792759777,0.55772464,
job_movie_info_info,movie_info.info,benchmarks/job/../../data/job/movie_info__info.csv,job-csv,utf8,Utf8Kmp,static,full-scan,full-scan,prefix_usa_space_199,USA:% 199%,2,6674158,100000014,100000000,6674158,6674158,0,1,0,1959891761,0,2694,120,59110493,59110613,6674158,4607775,78136,8.856639743919757,8.856621764123654,0.59110613,
job_movie_info_info,movie_info.info,benchmarks/job/../../data/job/movie_info__info.csv,job-csv,utf8,Utf8Kmp,static,full-scan,full-scan,prefix_usa_space_199,USA:% 199%,3,6674158,100000014,100000000,6674158,6674158,0,1,0,1959891761,0,2694,101,55706025,55706126,6674158,4607775,78136,8.346539893122099,8.346524760127044,0.55706126,
job_movie_info_info,movie_info.info,benchmarks/job/../../data/job/movie_info__info.csv,job-csv,utf8,Utf8Kmp,static,full-scan,full-scan,prefix_usa_space_199,USA:% 199%,4,6674158,100000014,100000000,6674158,6674158,0,1,0,1959891761,0,2694,100,58210868,58210968,6674158,4607775,78136,8.721844463376504,8.721829480213085,0.58210968,
job_movie_info_info,movie_info.info,benchmarks/job/../../data/job/movie_info__info.csv,job-csv,utf8,Utf8Kmp,static,full-scan,full-scan,prefix_usa_space_200,USA:% 200%,0,6674158,100000014,100000000,6674158,6674158,0,1,0,1959891761,0,2625,762,59684178,59684940,6674158,4607775,268914,8.942692096890724,8.94257792518547,0.5968494,
job_movie_info_info,movie_info.info,benchmarks/job/../../data/job/movie_info__info.csv,job-csv,utf8,Utf8Kmp,static,full-scan,full-scan,prefix_usa_space_200,USA:% 200%,1,6674158,100000014,100000000,6674158,6674158,0,1,0,1959891761,0,2625,111,59948242,59948353,6674158,4607775,268914,8.982159697148315,8.982143065836919,0.59948353,
job_movie_info_info,movie_info.info,benchmarks/job/../../data/job/movie_info__info.csv,job-csv,utf8,Utf8Kmp,static,full-scan,full-scan,prefix_usa_space_200,USA:% 200%,2,6674158,100000014,100000000,6674158,6674158,0,1,0,1959891761,0,2625,130,60230811,60230941,6674158,4607775,268914,9.02450031899155,9.024480840879104,0.60230941,
job_movie_info_info,movie_info.info,benchmarks/job/../../data/job/movie_info__info.csv,job-csv,utf8,Utf8Kmp,static,full-scan,full-scan,prefix_usa_space_200,USA:% 200%,3,6674158,100000014,100000000,6674158,6674158,0,1,0,1959891761,0,2625,110,58548488,58548598,6674158,4607775,268914,8.772432118028972,8.77241563654921,0.58548598,
job_movie_info_info,movie_info.info,benchmarks/job/../../data/job/movie_info__info.csv,job-csv,utf8,Utf8Kmp,static,full-scan,full-scan,prefix_usa_space_200,USA:% 200%,4,6674158,100000014,100000000,6674158,6674158,0,1,0,1959891761,0,2625,110,59041471,59041581,6674158,4607775,268914,8.846296566548169,8.84628008506841,0.59041581,
job_movie_info_info,movie_info.info,benchmarks/job/../../data/job/movie_info__info.csv,job-csv,utf8,Utf8Kmp,static,full-scan,full-scan,prefix_usa_200,USA:%200%,0,6674158,100000014,100000000,6674158,6674158,0,1,0,1959891761,0,2474,751,65553706,65554457,6674158,5402091,294734,9.82213142092231,9.82201889736503,0.65554457,
job_movie_info_info,movie_info.info,benchmarks/job/../../data/job/movie_info__info.csv,job-csv,utf8,Utf8Kmp,static,full-scan,full-scan,prefix_usa_200,USA:%200%,1,6674158,100000014,100000000,6674158,6674158,0,1,0,1959891761,0,2474,110,63407757,63407867,6674158,5402091,294734,9.500504333280693,9.500487851800932,0.63407867,
job_movie_info_info,movie_info.info,benchmarks/job/../../data/job/movie_info__info.csv,job-csv,utf8,Utf8Kmp,static,full-scan,full-scan,prefix_usa_200,USA:%200%,2,6674158,100000014,100000000,6674158,6674158,0,1,0,1959891761,0,2474,110,64659983,64660093,6674158,5402091,294734,9.688127401239228,9.688110919759467,0.64660093,
job_movie_info_info,movie_info.info,benchmarks/job/../../data/job/movie_info__info.csv,job-csv,utf8,Utf8Kmp,static,full-scan,full-scan,prefix_usa_200,USA:%200%,3,6674158,100000014,100000000,6674158,6674158,0,1,0,1959891761,0,2474,111,64542398,64542509,6674158,5402091,294734,9.670509598364317,9.670492967052922,0.64542509,
job_movie_info_info,movie_info.info,benchmarks/job/../../data/job/movie_info__info.csv,job-csv,utf8,Utf8Kmp,static,full-scan,full-scan,prefix_usa_200,USA:%200%,4,6674158,100000014,100000000,6674158,6674158,0,1,0,1959891761,0,2474,120,64585390,64585510,6674158,5402091,294734,9.676952508466236,9.676934528670133,0.6458551,
job_movie_info_info,movie_info.info,benchmarks/job/../../data/job/movie_info__info.csv,job-csv,utf8,Utf8Kmp,static,full-scan,full-scan,prefix_usa_2008,USA:%2008%,0,6674158,100000014,100000000,6674158,6674158,0,1,0,1959891761,0,2835,701,57284018,57284719,6674158,4607775,45638,8.583063062037189,8.58295803006162,0.57284719,
job_movie_info_info,movie_info.info,benchmarks/job/../../data/job/movie_info__info.csv,job-csv,utf8,Utf8Kmp,static,full-scan,full-scan,prefix_usa_2008,USA:%2008%,1,6674158,100000014,100000000,6674158,6674158,0,1,0,1959891761,0,2835,121,57925162,57925283,6674158,4607775,45638,8.679039812962174,8.679021683334437,0.57925283,
job_movie_info_info,movie_info.info,benchmarks/job/../../data/job/movie_info__info.csv,job-csv,utf8,Utf8Kmp,static,full-scan,full-scan,prefix_usa_2008,USA:%2008%,2,6674158,100000014,100000000,6674158,6674158,0,1,0,1959891761,0,2835,110,57771206,57771316,6674158,4607775,45638,8.655970685740433,8.655954204260672,0.57771316,
job_movie_info_info,movie_info.info,benchmarks/job/../../data/job/movie_info__info.csv,job-csv,utf8,Utf8Kmp,static,full-scan,full-scan,prefix_usa_2008,USA:%2008%,3,6674158,100000014,100000000,6674158,6674158,0,1,0,1959891761,0,2835,150,57474637,57474787,6674158,4607775,45638,8.611541261084918,8.61151878633979,0.57474787,
job_movie_info_info,movie_info.info,benchmarks/job/../../data/job/movie_info__info.csv,job-csv,utf8,Utf8Kmp,static,full-scan,full-scan,prefix_usa_2008,USA:%2008%,4,6674158,100000014,100000000,6674158,6674158,0,1,0,1959891761,0,2835,121,58577063,58577184,6674158,4607775,45638,8.776715205124002,8.776697075496266,0.58577184,
job_movie_info_info,movie_info.info,benchmarks/job/../../data/job/movie_info__info.csv,job-csv,utf8,Utf8Kmp,static,full-scan,full-scan,prefix_usa_201,USA:%201%,0,6674158,100000014,100000000,6674158,6674158,0,1,0,1959891761,0,2434,882,65767530,65768412,6674158,5402091,227707,9.854188648215999,9.854056496714641,0.65768412,
job_movie_info_info,movie_info.info,benchmarks/job/../../data/job/movie_info__info.csv,job-csv,utf8,Utf8Kmp,static,full-scan,full-scan,prefix_usa_201,USA:%201%,1,6674158,100000014,100000000,6674158,6674158,0,1,0,1959891761,0,2434,180,66231330,66231510,6674158,5402091,227707,9.923575378347351,9.923548408653197,0.6623151,
job_movie_info_info,movie_info.info,benchmarks/job/../../data/job/movie_info__info.csv,job-csv,utf8,Utf8Kmp,static,full-scan,full-scan,prefix_usa_201,USA:%201%,2,6674158,100000014,100000000,6674158,6674158,0,1,0,1959891761,0,2434,111,66108034,66108145,6674158,5402091,227707,9.905091398795173,9.905074767483779,0.66108145,
job_movie_info_info,movie_info.info,benchmarks/job/../../data/job/movie_info__info.csv,job-csv,utf8,Utf8Kmp,static,full-scan,full-scan,prefix_usa_201,USA:%201%,3,6674158,100000014,100000000,6674158,6674158,0,1,0,1959891761,0,2434,130,65358506,65358636,6674158,5402091,227707,9.79279124048307,9.792771762370624,0.65358636,
job_movie_info_info,movie_info.info,benchmarks/job/../../data/job/movie_info__info.csv,job-csv,utf8,Utf8Kmp,static,full-scan,full-scan,prefix_usa_201,USA:%201%,4,6674158,100000014,100000000,6674158,6674158,0,1,0,1959891761,0,2434,120,65314249,65314369,6674158,5402091,227707,9.786158643532263,9.786140663736159,0.65314369,
