dataset,column,data_path,data_type,storage,algorithm,generic_matcher,requested_index,actual_index,pattern_name,pattern,iteration,row_count,total_input_sequence_bytes,total_loaded_symbols,records_seen,records_loaded,records_skipped,records_truncated,records_invalid_dna,load_ns,index_build_ns,compile_ns,candidate_prepare_ns,execute_ns,query_total_ns,candidate_rows_seen,rows_after_len_filter,rows_matched,ns_per_table_row,ns_per_candidate_row,ns_per_loaded_symbol,fallback_reason
job_title_title,title.title,benchmarks/job/../../data/job/title__title.csv,job-csv,utf8,BM,static,full-scan,full-scan,contains_champion,%Champion%,0,2528312,41409377,41409377,2528312,2528312,0,0,0,748959929,0,17249573,520,40851774,40852294,2528312,2138136,1870,16.15793224886802,16.157726578048912,0.9865469359753951,
job_title_title,title.title,benchmarks/job/../../data/job/title__title.csv,job-csv,utf8,BM,static,full-scan,full-scan,contains_champion,%Champion%,1,2528312,41409377,41409377,2528312,2528312,0,0,0,748959929,0,17249573,100,38537996,38538096,2528312,2138136,1870,15.242618790718867,15.24257923863827,0.9306610915687044,
job_title_title,title.title,benchmarks/job/../../data/job/title__title.csv,job-csv,utf8,BM,static,full-scan,full-scan,contains_champion,%Champion%,2,2528312,41409377,41409377,2528312,2528312,0,0,0,748959929,0,17249573,110,38154049,38154159,2528312,2138136,1870,15.090763719034676,15.090720211746019,0.921389351015834,
job_title_title,title.title,benchmarks/job/../../data/job/title__title.csv,job-csv,utf8,BM,static,full-scan,full-scan,contains_champion,%Champion%,3,2528312,41409377,41409377,2528312,2528312,0,0,0,748959929,0,17249573,100,37674664,37674764,2528312,2138136,1870,14.901153022253583,14.901113470172985,0.9098123837989642,
job_title_title,title.title,benchmarks/job/../../data/job/title__title.csv,job-csv,utf8,BM,static,full-scan,full-scan,contains_champion,%Champion%,4,2528312,41409377,41409377,2528312,2528312,0,0,0,748959929,0,17249573,100,37933818,37933918,2528312,2138136,1870,15.00365382120561,15.003614269125013,0.9160707247539609,
job_title_title,title.title,benchmarks/job/../../data/job/title__title.csv,job-csv,utf8,BM,static,full-scan,full-scan,contains_freddy,%Freddy%,0,2528312,41409377,41409377,2528312,2528312,0,0,0,748959929,0,11873,710,46443032,46443742,2528312,2471557,146,18.369466268403585,18.369185448631338,1.1215754827704845,
job_title_title,title.title,benchmarks/job/../../data/job/title__title.csv,job-csv,utf8,BM,static,full-scan,full-scan,contains_freddy,%Freddy%,1,2528312,41409377,41409377,2528312,2528312,0,0,0,748959929,0,11873,100,46559725,46559825,2528312,2471557,146,18.41537951012375,18.415339958043152,1.1243787850273623,
job_title_title,title.title,benchmarks/job/../../data/job/title__title.csv,job-csv,utf8,BM,static,full-scan,full-scan,contains_freddy,%Freddy%,2,2528312,41409377,41409377,2528312,2528312,0,0,0,748959929,0,11873,110,46822162,46822272,2528312,2471557,146,18.51918275908986,18.519139251801203,1.130716649033382,
job_title_title,title.title,benchmarks/job/../../data/job/title__title.csv,job-csv,utf8,BM,static,full-scan,full-scan,contains_freddy,%Freddy%,3,2528312,41409377,41409377,2528312,2528312,0,0,0,748959929,0,11873,130,46334820,46334950,2528312,2471557,146,18.32643676887979,18.326385351175013,1.1189482517450093,
job_title_title,title.title,benchmarks/job/../../data/job/title__title.csv,job-csv,utf8,BM,static,full-scan,full-scan,contains_freddy,%Freddy%,4,2528312,41409377,41409377,2528312,2528312,0,0,0,748959929,0,11873,120,46778369,46778489,2528312,2471557,146,18.50186567164179,18.501818209145075,1.1296593281275398,
job_title_title,title.title,benchmarks/job/../../data/job/title__title.csv,job-csv,utf8,BM,static,full-scan,full-scan,contains_jason,%Jason%,0,2528312,41409377,41409377,2528312,2528312,0,0,0,748959929,0,4181,400,58400125,58400525,2528312,2502331,482,23.09862271744943,23.098464509127037,1.410321266122888,
job_title_title,title.title,benchmarks/job/../../data/job/title__title.csv,job-csv,utf8,BM,static,full-scan,full-scan,contains_jason,%Jason%,1,2528312,41409377,41409377,2528312,2528312,0,0,0,748959929,0,4181,120,59034088,59034208,2528312,2502331,482,23.34925752834302,23.349210065846304,1.4256241527130438,
job_title_title,title.title,benchmarks/job/../../data/job/title__title.csv,job-csv,utf8,BM,static,full-scan,full-scan,contains_jason,%Jason%,2,2528312,41409377,41409377,2528312,2528312,0,0,0,748959929,0,4181,130,58893327,58893457,2528312,2502331,482,23.293587579381025,23.293536161676247,1.4222251399725236,
job_title_title,title.title,benchmarks/job/../../data/job/title__title.csv,job-csv,utf8,BM,static,full-scan,full-scan,contains_jason,%Jason%,3,2528312,41409377,41409377,2528312,2528312,0,0,0,748959929,0,4181,120,58687469,58687589,2528312,2502331,482,23.21216250209626,23.212115039599542,1.4172536090074477,
job_title_title,title.title,benchmarks/job/../../data/job/title__title.csv,job-csv,utf8,BM,static,full-scan,full-scan,contains_jason,%Jason%,4,2528312,41409377,41409377,2528312,2528312,0,0,0,748959929,0,4181,120,58038136,58038256,2528312,2502331,482,22.955337790589137,22.95529032809242,1.4015727886946958,
job_title_title,title.title,benchmarks/job/../../data/job/title__title.csv,job-csv,utf8,BM,static,full-scan,full-scan,contains_kung_fu_panda,%Kung%Fu%Panda%,0,2528312,41409377,41409377,2528312,2528312,0,0,0,748959929,0,7562,871,62663801,62664672,2528312,1799921,20,24.785181575691606,24.784837077069604,1.5132966622511612,
job_title_title,title.title,benchmarks/job/../../data/job/title__title.csv,job-csv,utf8,BM,static,full-scan,full-scan,contains_kung_fu_panda,%Kung%Fu%Panda%,1,2528312,41409377,41409377,2528312,2528312,0,0,0,748959929,0,7562,120,62677836,62677956,2528312,1799921,20,24.7904356740782,24.790388211581483,1.5136174591566542,
job_title_title,title.title,benchmarks/job/../../data/job/title__title.csv,job-csv,utf8,BM,static,full-scan,full-scan,contains_kung_fu_panda,%Kung%Fu%Panda%,2,2528312,41409377,41409377,2528312,2528312,0,0,0,748959929,0,7562,150,62990455,62990605,2528312,1799921,20,24.91409485854594,24.914035530425043,1.5211676572675799,
job_title_title,title.title,benchmarks/job/../../data/job/title__title.csv,job-csv,utf8,BM,static,full-scan,full-scan,contains_kung_fu_panda,%Kung%Fu%Panda%,3,2528312,41409377,41409377,2528312,2528312,0,0,0,748959929,0,7562,130,62725766,62725896,2528312,1799921,20,24.809396941516713,24.809345523811935,1.5147751679529011,
job_title_title,title.title,benchmarks/job/../../data/job/title__title.csv,job-csv,utf8,BM,static,full-scan,full-scan,contains_kung_fu_panda,%Kung%Fu%Panda%,4,2528312,41409377,41409377,2528312,2528312,0,0,0,748959929,0,7562,110,62432651,62432761,2528312,1799921,20,24.693455950056798,24.69341244276814,1.5076962157629177,
job_title_title,title.title,benchmarks/job/../../data/job/title__title.csv,job-csv,utf8,BM,static,full-scan,full-scan,contains_loser,%Loser%,0,2528312,41409377,41409377,2528312,2528312,0,0,0,748959929,0,3951,630,58649643,58650273,2528312,2502331,349,23.197403247700443,23.197154069592678,1.4163524604584126,
job_title_title,title.title,benchmarks/job/../../data/job/title__title.csv,job-csv,utf8,BM,static,full-scan,full-scan,contains_loser,%Loser%,1,2528312,41409377,41409377,2528312,2528312,0,0,0,748959929,0,3951,100,59036858,59036958,2528312,2502331,349,23.350345210559457,23.35030565847886,1.4256905627920942,
job_title_title,title.title,benchmarks/job/../../data/job/title__title.csv,job-csv,utf8,BM,static,full-scan,full-scan,contains_loser,%Loser%,2,2528312,41409377,41409377,2528312,2528312,0,0,0,748959929,0,3951,110,58834819,58834929,2528312,2502331,349,23.270438537648836,23.270395030360177,1.4208117402973728,
job_title_title,title.title,benchmarks/job/../../data/job/title__title.csv,job-csv,utf8,BM,static,full-scan,full-scan,contains_loser,%Loser%,3,2528312,41409377,41409377,2528312,2528312,0,0,0,748959929,0,3951,110,59009377,59009487,2528312,2502331,349,23.339479858498475,23.33943635120982,1.4250271623260595,
job_title_title,title.title,benchmarks/job/../../data/job/title__title.csv,job-csv,utf8,BM,static,full-scan,full-scan,contains_loser,%Loser%,4,2528312,41409377,41409377,2528312,2528312,0,0,0,748959929,0,3951,110,60331220,60331330,2528312,2502331,349,23.862296267232843,23.862252759944184,1.4569485070978005,
job_title_title,title.title,benchmarks/job/../../data/job/title__title.csv,job-csv,utf8,BM,static,full-scan,full-scan,contains_money,%Money%,0,2528312,41409377,41409377,2528312,2528312,0,0,0,748959929,0,3171,700,56983792,56984492,2528312,2502331,2286,22.53855220400014,22.538275339435955,1.37612531577087,
job_title_title,title.title,benchmarks/job/../../data/job/title__title.csv,job-csv,utf8,BM,static,full-scan,full-scan,contains_money,%Money%,1,2528312,41409377,41409377,2528312,2528312,0,0,0,748959929,0,3171,110,58257997,58258107,2528312,2502331,2286,23.042293435303872,23.042249928015213,1.4068819967999036,
job_title_title,title.title,benchmarks/job/../../data/job/title__title.csv,job-csv,utf8,BM,static,full-scan,full-scan,contains_money,%Money%,2,2528312,41409377,41409377,2528312,2528312,0,0,0,748959929,0,3171,110,58471303,58471413,2528312,2502331,2286,23.12666039634349,23.126616889054834,1.412033148916971,
job_title_title,title.title,benchmarks/job/../../data/job/title__title.csv,job-csv,utf8,BM,static,full-scan,full-scan,contains_money,%Money%,3,2528312,41409377,41409377,2528312,2528312,0,0,0,748959929,0,3171,110,57457326,57457436,2528312,2502331,2286,22.72561139606188,22.72556788877322,1.3875464970168472,
job_title_title,title.title,benchmarks/job/../../data/job/title__title.csv,job-csv,utf8,BM,static,full-scan,full-scan,contains_money,%Money%,4,2528312,41409377,41409377,2528312,2528312,0,0,0,748959929,0,3171,360,57398637,57398997,2528312,2502331,2286,22.70249755568142,22.702355168191268,1.3861352466133456,
job_title_title,title.title,benchmarks/job/../../data/job/title__title.csv,job-csv,utf8,BM,static,full-scan,full-scan,contains_mord,%Mord%,0,2528312,41409377,41409377,2528312,2528312,0,0,0,748959929,0,4450,790,65206263,65207053,2528312,2520211,637,25.790746157910892,25.79043369647417,1.5746929252280226,
job_title_title,title.title,benchmarks/job/../../data/job/title__title.csv,job-csv,utf8,BM,static,full-scan,full-scan,contains_mord,%Mord%,1,2528312,41409377,41409377,2528312,2528312,0,0,0,748959929,0,4450,110,65682037,65682147,2528312,2520211,637,25.97865571970548,25.978612212416824,1.5861660270812574,
job_title_title,title.title,benchmarks/job/../../data/job/title__title.csv,job-csv,utf8,BM,static,full-scan,full-scan,contains_mord,%Mord%,2,2528312,41409377,41409377,2528312,2528312,0,0,0,748959929,0,4450,110,71489753,71489863,2528312,2520211,637,28.275728232907962,28.275684725619307,1.7264172556858317,
job_title_title,title.title,benchmarks/job/../../data/job/title__title.csv,job-csv,utf8,BM,static,full-scan,full-scan,contains_mord,%Mord%,3,2528312,41409377,41409377,2528312,2528312,0,0,0,748959929,0,4450,110,64854340,64854450,2528312,2520211,637,25.65128433516117,25.65124082787251,1.5661778731904128,
job_title_title,title.title,benchmarks/job/../../data/job/title__title.csv,job-csv,utf8,BM,static,full-scan,full-scan,contains_mord,%Mord%,4,2528312,41409377,41409377,2528312,2528312,0,0,0,748959929,0,4450,100,64746402,64746502,2528312,2520211,637,25.608588655197618,25.60854910311702,1.5635710240219263,
job_title_title,title.title,benchmarks/job/../../data/job/title__title.csv,job-csv,utf8,BM,static,full-scan,full-scan,contains_movie,%Movie%,0,2528312,41409377,41409377,2528312,2528312,0,0,0,748959929,0,4111,680,56975883,56976563,2528312,2502331,3638,22.53541611952955,22.53514716538149,1.3759338374011278,
job_title_title,title.title,benchmarks/job/../../data/job/title__title.csv,job-csv,utf8,BM,static,full-scan,full-scan,contains_movie,%Movie%,1,2528312,41409377,41409377,2528312,2528312,0,0,0,748959929,0,4111,220,56501862,56502082,2528312,2502331,3638,22.347749011989027,22.347661997411713,1.3644755389582413,
job_title_title,title.title,benchmarks/job/../../data/job/title__title.csv,job-csv,utf8,BM,static,full-scan,full-scan,contains_movie,%Movie%,2,2528312,41409377,41409377,2528312,2528312,0,0,0,748959929,0,4111,100,56742422,56742522,2528312,2502331,3638,22.44284803457801,22.442808482497412,1.3702819532880197,
job_title_title,title.title,benchmarks/job/../../data/job/title__title.csv,job-csv,utf8,BM,static,full-scan,full-scan,contains_movie,%Movie%,3,2528312,41409377,41409377,2528312,2528312,0,0,0,748959929,0,4111,100,57127423,57127523,2528312,2502331,3638,22.59512394039976,22.59508438831916,1.3795793885042027,
job_title_title,title.title,benchmarks/job/../../data/job/title__title.csv,job-csv,utf8,BM,static,full-scan,full-scan,contains_movie,%Movie%,4,2528312,41409377,41409377,2528312,2528312,0,0,0,748959929,0,4111,100,57351441,57351541,2528312,2502331,3638,22.683727720312998,22.6836881682324,1.3849892259910117,
job_title_title,title.title,benchmarks/job/../../data/job/title__title.csv,job-csv,utf8,BM,static,full-scan,full-scan,contains_murder_upper,%Murder%,0,2528312,41409377,41409377,2528312,2528312,0,0,0,748959929,0,3700,1020,50459834,50460854,2528312,2471557,3622,19.958317644341363,19.957914213119267,1.2185852011248564,
job_title_title,title.title,benchmarks/job/../../data/job/title__title.csv,job-csv,utf8,BM,static,full-scan,full-scan,contains_murder_upper,%Murder%,1,2528312,41409377,41409377,2528312,2528312,0,0,0,748959929,0,3700,110,50194300,50194410,2528312,2471557,3622,19.852933498713767,19.85288999142511,1.2121508130875767,
job_title_title,title.title,benchmarks/job/../../data/job/title__title.csv,job-csv,utf8,BM,static,full-scan,full-scan,contains_murder_upper,%Murder%,2,2528312,41409377,41409377,2528312,2528312,0,0,0,748959929,0,3700,130,50010614,50010744,2528312,2471557,3622,19.78028977436329,19.780238356658515,1.2077154408770747,
job_title_title,title.title,benchmarks/job/../../data/job/title__title.csv,job-csv,utf8,BM,static,full-scan,full-scan,contains_murder_upper,%Murder%,3,2528312,41409377,41409377,2528312,2528312,0,0,0,748959929,0,3700,100,50288772,50288872,2528312,2471557,3622,19.890295185087915,19.890255633007317,1.2144319872284,
job_title_title,title.title,benchmarks/job/../../data/job/title__title.csv,job-csv,utf8,BM,static,full-scan,full-scan,contains_murder_upper,%Murder%,4,2528312,41409377,41409377,2528312,2528312,0,0,0,748959929,0,3700,460,49961299,49961759,2528312,2471557,3622,19.76091518768253,19.760733248111784,1.2065324962507888,
job_title_title,title.title,benchmarks/job/../../data/job/title__title.csv,job-csv,utf8,BM,static,full-scan,full-scan,contains_murder_lower,%murder%,0,2528312,41409377,41409377,2528312,2528312,0,0,0,748959929,0,3830,750,51224672,51225422,2528312,2471557,7,20.260720195925188,20.260423555320703,1.2370488452410187,
job_title_title,title.title,benchmarks/job/../../data/job/title__title.csv,job-csv,utf8,BM,static,full-scan,full-scan,contains_murder_lower,%murder%,1,2528312,41409377,41409377,2528312,2528312,0,0,0,748959929,0,3830,100,49698776,49698876,2528312,2471557,7,19.65693949164502,19.656899939564422,1.2001841032285996,
job_title_title,title.title,benchmarks/job/../../data/job/title__title.csv,job-csv,utf8,BM,static,full-scan,full-scan,contains_murder_lower,%murder%,2,2528312,41409377,41409377,2528312,2528312,0,0,0,748959929,0,3830,110,49691373,49691483,2528312,2471557,7,19.654015406326433,19.653971899037778,1.2000055687869924,
job_title_title,title.title,benchmarks/job/../../data/job/title__title.csv,job-csv,utf8,BM,static,full-scan,full-scan,contains_murder_lower,%murder%,3,2528312,41409377,41409377,2528312,2528312,0,0,0,748959929,0,3830,110,57080556,57080666,2528312,2471557,7,22.576591021994123,22.576547514705464,1.378447833204542,
job_title_title,title.title,benchmarks/job/../../data/job/title__title.csv,job-csv,utf8,BM,static,full-scan,full-scan,contains_murder_lower,%murder%,4,2528312,41409377,41409377,2528312,2528312,0,0,0,748959929,0,3830,100,49883840,49883940,2528312,2471557,7,19.73013615408225,19.73009660200165,1.2046532359083788,
job_title_title,title.title,benchmarks/job/../../data/job/title__title.csv,job-csv,utf8,BM,static,full-scan,full-scan,prefix_birdemic,Birdemic%,0,2528312,41409377,41409377,2528312,2528312,0,0,0,748959929,0,3470,800,9366257,9367057,2528312,2138136,8,3.7048659342676062,3.704549517622825,0.22620618030548975,
job_title_title,title.title,benchmarks/job/../../data/job/title__title.csv,job-csv,utf8,BM,static,full-scan,full-scan,prefix_birdemic,Birdemic%,1,2528312,41409377,41409377,2528312,2528312,0,0,0,748959929,0,3470,290,9230340,9230630,2528312,2138136,8,3.6509062172706535,3.65079151623692,0.22291158835835662,
job_title_title,title.title,benchmarks/job/../../data/job/title__title.csv,job-csv,utf8,BM,static,full-scan,full-scan,prefix_birdemic,Birdemic%,2,2528312,41409377,41409377,2528312,2528312,0,0,0,748959929,0,3470,100,9335223,9335323,2528312,2138136,8,3.6923144770107488,3.692274924930151,0.22543983214236718,
job_title_title,title.title,benchmarks/job/../../data/job/title__title.csv,job-csv,utf8,BM,static,full-scan,full-scan,prefix_birdemic,Birdemic%,3,2528312,41409377,41409377,2528312,2528312,0,0,0,748959929,0,3470,40,9096022,9096062,2528312,2138136,8,3.5976817734520106,3.5976659526197716,0.21966188962466157,
job_title_title,title.title,benchmarks/job/../../data/job/title__title.csv,job-csv,utf8,BM,static,full-scan,full-scan,prefix_birdemic,Birdemic%,4,2528312,41409377,41409377,2528312,2528312,0,0,0,748959929,0,3470,30,9225870,9225900,2528312,2138136,8,3.6490354038583845,3.6490235382342053,0.22279736302238984,
job_title_title,title.title,benchmarks/job/../../data/job/title__title.csv,job-csv,utf8,BM,static,full-scan,full-scan,prefix_champion,Champion%,0,2528312,41409377,41409377,2528312,2528312,0,0,0,748959929,0,3130,570,9179305,9179875,2528312,2138136,222,3.630831558763317,3.630606111903911,0.2216858997902818,
job_title_title,title.title,benchmarks/job/../../data/job/title__title.csv,job-csv,utf8,BM,static,full-scan,full-scan,prefix_champion,Champion%,1,2528312,41409377,41409377,2528312,2528312,0,0,0,748959929,0,3130,80,9175102,9175182,2528312,2138136,222,3.6289753796208695,3.6289437379563916,0.22157256797174224,
job_title_title,title.title,benchmarks/job/../../data/job/title__title.csv,job-csv,utf8,BM,static,full-scan,full-scan,prefix_champion,Champion%,2,2528312,41409377,41409377,2528312,2528312,0,0,0,748959929,0,3130,90,9241190,9241280,2528312,2138136,222,3.655118513854303,3.655082916981765,0.22316877648267927,
job_title_title,title.title,benchmarks/job/../../data/job/title__title.csv,job-csv,utf8,BM,static,full-scan,full-scan,prefix_champion,Champion%,3,2528312,41409377,41409377,2528312,2528312,0,0,0,748959929,0,3130,100,9259079,9259179,2528312,2138136,222,3.6621979407604757,3.6621583886798783,0.22360102157537892,
job_title_title,title.title,benchmarks/job/../../data/job/title__title.csv,job-csv,utf8,BM,static,full-scan,full-scan,prefix_champion,Champion%,4,2528312,41409377,41409377,2528312,2528312,0,0,0,748959929,0,3130,80,9283174,9283254,2528312,2138136,222,3.6717201041643595,3.671688462499881,0.2241824116310661,
job_title_title,title.title,benchmarks/job/../../data/job/title__title.csv,job-csv,utf8,BM,static,full-scan,full-scan,prefix_dragon_ball_z,Dragon Ball Z%,0,2528312,41409377,41409377,2528312,2528312,0,0,0,748959929,0,3371,1201,9658309,9659510,2528312,1303963,25,3.820537180537845,3.820062160049867,0.23326866279586866,
job_title_title,title.title,benchmarks/job/../../data/job/title__title.csv,job-csv,utf8,BM,static,full-scan,full-scan,prefix_dragon_ball_z,Dragon Ball Z%,1,2528312,41409377,41409377,2528312,2528312,0,0,0,748959929,0,3371,110,9692129,9692239,2528312,1303963,25,3.8334821809966493,3.8334386737079917,0.23405903933304767,
job_title_title,title.title,benchmarks/job/../../data/job/title__title.csv,job-csv,utf8,BM,static,full-scan,full-scan,prefix_dragon_ball_z,Dragon Ball Z%,2,2528312,41409377,41409377,2528312,2528312,0,0,0,748959929,0,3371,111,9774787,9774898,2528312,1303963,25,3.8661755352978586,3.866131632488395,0.23605518141458637,
job_title_title,title.title,benchmarks/job/../../data/job/title__title.csv,job-csv,utf8,BM,static,full-scan,full-scan,prefix_dragon_ball_z,Dragon Ball Z%,3,2528312,41409377,41409377,2528312,2528312,0,0,0,748959929,0,3371,100,9757885,9757985,2528312,1303963,25,3.8594860919063785,3.859446539825781,0.23564674735386626,
job_title_title,title.title,benchmarks/job/../../data/job/title__title.csv,job-csv,utf8,BM,static,full-scan,full-scan,prefix_dragon_ball_z,Dragon Ball Z%,4,2528312,41409377,41409377,2528312,2528312,0,0,0,748959929,0,3371,100,9816040,9816140,2528312,1303963,25,3.882487604377941,3.882448052297343,0.23705113940738592,
job_title_title,title.title,benchmarks/job/../../data/job/title__title.csv,job-csv,utf8,BM,static,full-scan,full-scan,prefix_kung_fu_panda,Kung Fu Panda%,0,2528312,41409377,41409377,2528312,2528312,0,0,0,748959929,0,4120,880,9748235,9749115,2528312,1303963,15,3.8559778223573673,3.855629764048108,0.23543254466252897,
job_title_title,title.title,benchmarks/job/../../data/job/title__title.csv,job-csv,utf8,BM,static,full-scan,full-scan,prefix_kung_fu_panda,Kung Fu Panda%,1,2528312,41409377,41409377,2528312,2528312,0,0,0,748959929,0,4120,110,9775957,9776067,2528312,1303963,15,3.8666378991200454,3.866594391831388,0.2360834117354627,
job_title_title,title.title,benchmarks/job/../../data/job/title__title.csv,job-csv,utf8,BM,static,full-scan,full-scan,prefix_kung_fu_panda,Kung Fu Panda%,2,2528312,41409377,41409377,2528312,2528312,0,0,0,748959929,0,4120,70,9680788,9680858,2528312,1303963,15,3.828980758703831,3.8289530722474123,0.23378419820225743,
job_title_title,title.title,benchmarks/job/../../data/job/title__title.csv,job-csv,utf8,BM,static,full-scan,full-scan,prefix_kung_fu_panda,Kung Fu Panda%,3,2528312,41409377,41409377,2528312,2528312,0,0,0,748959929,0,4120,40,9804358,9804398,2528312,1303963,15,3.8778433990741648,3.877827578241926,0.2367675804444003,
job_title_title,title.title,benchmarks/job/../../data/job/title__title.csv,job-csv,utf8,BM,static,full-scan,full-scan,prefix_kung_fu_panda,Kung Fu Panda%,4,2528312,41409377,41409377,2528312,2528312,0,0,0,748959929,0,4120,80,9605103,9605183,2528312,1303963,15,3.799049721711561,3.799018080047083,0.23195671357238723,
job_title_title,title.title,benchmarks/job/../../data/job/title__title.csv,job-csv,utf8,BM,static,full-scan,full-scan,prefix_loser,Loser%,0,2528312,41409377,41409377,2528312,2528312,0,0,0,748959929,0,2690,980,10438634,10439614,2528312,2502331,72,4.129084543363319,4.128696932973462,0.25210748763498664,
job_title_title,title.title,benchmarks/job/../../data/job/title__title.csv,job-csv,utf8,BM,static,full-scan,full-scan,prefix_loser,Loser%,1,2528312,41409377,41409377,2528312,2528312,0,0,0,748959929,0,2690,100,10451254,10451354,2528312,2502331,72,4.133727957625483,4.133688405544885,0.25239099829973294,
job_title_title,title.title,benchmarks/job/../../data/job/title__title.csv,job-csv,utf8,BM,static,full-scan,full-scan,prefix_loser,Loser%,2,2528312,41409377,41409377,2528312,2528312,0,0,0,748959929,0,2690,90,10414401,10414491,2528312,2502331,72,4.1191478741547725,4.119112277282234,0.25150078930190134,
job_title_title,title.title,benchmarks/job/../../data/job/title__title.csv,job-csv,utf8,BM,static,full-scan,full-scan,prefix_loser,Loser%,3,2528312,41409377,41409377,2528312,2528312,0,0,0,748959929,0,2690,30,10401681,10401711,2528312,2502331,72,4.1140931182543925,4.114081252630213,0.2511921635527142,
job_title_title,title.title,benchmarks/job/../../data/job/title__title.csv,job-csv,utf8,BM,static,full-scan,full-scan,prefix_loser,Loser%,4,2528312,41409377,41409377,2528312,2528312,0,0,0,748959929,0,2690,90,10451665,10451755,2528312,2502331,72,4.133886561468679,4.133850964596141,0.25240068209671446,
job_title_title,title.title,benchmarks/job/../../data/job/title__title.csv,job-csv,utf8,BM,static,full-scan,full-scan,prefix_one_piece,One Piece%,0,2528312,41409377,41409377,2528312,2528312,0,0,0,748959929,0,2850,820,9740273,9741093,2528312,2000434,14,3.852804954451824,3.852480627390923,0.23523882042465888,
job_title_title,title.title,benchmarks/job/../../data/job/title__title.csv,job-csv,utf8,BM,static,full-scan,full-scan,prefix_one_piece,One Piece%,1,2528312,41409377,41409377,2528312,2528312,0,0,0,748959929,0,2850,90,9674718,9674808,2528312,2000434,14,3.8265878578276733,3.8265522609551352,0.23363809602834643,
job_title_title,title.title,benchmarks/job/../../data/job/title__title.csv,job-csv,utf8,BM,static,full-scan,full-scan,prefix_one_piece,One Piece%,2,2528312,41409377,41409377,2528312,2528312,0,0,0,748959929,0,2850,100,9544128,9544228,2528312,2000434,14,3.774940750983265,3.774901198902667,0.2304847039838344,
job_title_title,title.title,benchmarks/job/../../data/job/title__title.csv,job-csv,utf8,BM,static,full-scan,full-scan,prefix_one_piece,One Piece%,3,2528312,41409377,41409377,2528312,2528312,0,0,0,748959929,0,2850,80,9757346,9757426,2528312,2000434,14,3.859264995775838,3.8592333541113595,0.23563324799597926,
job_title_title,title.title,benchmarks/job/../../data/job/title__title.csv,job-csv,utf8,BM,static,full-scan,full-scan,prefix_one_piece,One Piece%,4,2528312,41409377,41409377,2528312,2528312,0,0,0,748959929,0,2850,140,9752985,9753125,2528312,2000434,14,3.857563860789333,3.8575084878764963,0.23552938263234435,
job_title_title,title.title,benchmarks/job/../../data/job/title__title.csv,job-csv,utf8,BM,static,full-scan,full-scan,prefix_saw,Saw%,0,2528312,41409377,41409377,2528312,2528312,0,0,0,748959929,0,3850,800,9792627,9793427,2528312,2526814,131,3.873504140311797,3.873187723667016,0.2365026404526685,
job_title_title,title.title,benchmarks/job/../../data/job/title__title.csv,job-csv,utf8,BM,static,full-scan,full-scan,prefix_saw,Saw%,1,2528312,41409377,41409377,2528312,2528312,0,0,0,748959929,0,3850,30,9867075,9867105,2528312,2526814,131,3.902645322254532,3.9026334566303524,0.2382818992905882,
job_title_title,title.title,benchmarks/job/../../data/job/title__title.csv,job-csv,utf8,BM,static,full-scan,full-scan,prefix_saw,Saw%,2,2528312,41409377,41409377,2528312,2528312,0,0,0,748959929,0,3850,70,9969504,9969574,2528312,2526814,131,3.9431739437221354,3.943146257265717,0.2407564354324867,
job_title_title,title.title,benchmarks/job/../../data/job/title__title.csv,job-csv,utf8,BM,static,full-scan,full-scan,prefix_saw,Saw%,3,2528312,41409377,41409377,2528312,2528312,0,0,0,748959929,0,3850,40,10001526,10001566,2528312,2526814,131,3.955827445346935,3.955811624514696,0.24152901406848018,
job_title_title,title.title,benchmarks/job/../../data/job/title__title.csv,job-csv,utf8,BM,static,full-scan,full-scan,prefix_saw,Saw%,4,2528312,41409377,41409377,2528312,2528312,0,0,0,748959929,0,3850,130,9813440,9813570,2528312,2526814,131,3.881471115906581,3.881419698201804,0.2369890761698733,
job_title_title,title.title,benchmarks/job/../../data/job/title__title.csv,job-csv,utf8,BM,static,full-scan,full-scan,prefix_vampire,Vampire%,0,2528312,41409377,41409377,2528312,2528312,0,0,0,748959929,0,3121,870,11691352,11692222,2528312,2317545,284,4.624517069095902,4.6241729659947035,0.2823568681074337,
job_title_title,title.title,benchmarks/job/../../data/job/title__title.csv,job-csv,utf8,BM,static,full-scan,full-scan,prefix_vampire,Vampire%,1,2528312,41409377,41409377,2528312,2528312,0,0,0,748959929,0,3121,80,11866687,11866767,2528312,2317545,284,4.693553248175067,4.693521606510589,0.2865719761975651,
job_title_title,title.title,benchmarks/job/../../data/job/title__title.csv,job-csv,utf8,BM,static,full-scan,full-scan,prefix_vampire,Vampire%,2,2528312,41409377,41409377,2528312,2528312,0,0,0,748959929,0,3121,80,11773838,11773918,2528312,2317545,284,4.656829536860957,4.656797895196479,0.2843297545867449,
job_title_title,title.title,benchmarks/job/../../data/job/title__title.csv,job-csv,utf8,BM,static,full-scan,full-scan,prefix_vampire,Vampire%,3,2528312,41409377,41409377,2528312,2528312,0,0,0,748959929,0,3121,110,11780907,11781017,2528312,2317545,284,4.659637339062584,4.659593831773926,0.2845011891871737,
job_title_title,title.title,benchmarks/job/../../data/job/title__title.csv,job-csv,utf8,BM,static,full-scan,full-scan,prefix_vampire,Vampire%,4,2528312,41409377,41409377,2528312,2528312,0,0,0,748959929,0,3121,131,11639837,11639968,2528312,2317545,284,4.603849524900408,4.603797711674825,0.2810949800089965,
job_title_title,title.title,benchmarks/job/../../data/job/title__title.csv,job-csv,utf8,FftStr0,static,full-scan,full-scan,contains_champion,%Champion%,0,2528312,41409377,41409377,2528312,2528312,0,0,0,748959929,0,5871,309,2508610002,2508610311,2528312,2138136,1870,992.2075720876221,992.207449871693,60.580730567378495,
job_title_title,title.title,benchmarks/job/../../data/job/title__title.csv,job-csv,utf8,FftStr0,static,full-scan,full-scan,contains_champion,%Champion%,1,2528312,41409377,41409377,2528312,2528312,0,0,0,748959929,0,5871,99,2489424779,2489424878,2528312,2138136,1870,984.6193341644544,984.6192950078946,60.11741925023407,
job_title_title,title.title,benchmarks/job/../../data/job/title__title.csv,job-csv,utf8,FftStr0,static,full-scan,full-scan,contains_champion,%Champion%,2,2528312,41409377,41409377,2528312,2528312,0,0,0,748959929,0,5871,100,2504793413,2504793513,2528312,2138136,1870,990.6979490664127,990.6979095143321,60.488558255778635,
job_title_title,title.title,benchmarks/job/../../data/job/title__title.csv,job-csv,utf8,FftStr0,static,full-scan,full-scan,contains_champion,%Champion%,3,2528312,41409377,41409377,2528312,2528312,0,0,0,748959929,0,5871,160,2510778657,2510778817,2528312,2138136,1870,993.065261328507,993.065198045178,60.63309807824445,
job_title_title,title.title,benchmarks/job/../../data/job/title__title.csv,job-csv,utf8,FftStr0,static,full-scan,full-scan,contains_champion,%Champion%,4,2528312,41409377,41409377,2528312,2528312,0,0,0,748959929,0,5871,100,2498185532,2498185632,2528312,2138136,1870,988.0843946474961,988.0843550954154,60.32898374684555,
job_title_title,title.title,benchmarks/job/../../data/job/title__title.csv,job-csv,utf8,FftStr0,static,full-scan,full-scan,contains_freddy,%Freddy%,0,2528312,41409377,41409377,2528312,2528312,0,0,0,748959929,0,3919,311,2776553261,2776553572,2528312,2471557,146,1098.1847066343078,1098.1845836273371,67.0513244379407,
job_title_title,title.title,benchmarks/job/../../data/job/title__title.csv,job-csv,utf8,FftStr0,static,full-scan,full-scan,contains_freddy,%Freddy%,1,2528312,41409377,41409377,2528312,2528312,0,0,0,748959929,0,3919,100,2715950653,2715950753,2528312,2471557,146,1074.2150308189812,1074.2149912669006,65.58781971049697,
job_title_title,title.title,benchmarks/job/../../data/job/title__title.csv,job-csv,utf8,FftStr0,static,full-scan,full-scan,contains_freddy,%Freddy%,2,2528312,41409377,41409377,2528312,2528312,0,0,0,748959929,0,3919,100,2706516483,2706516583,2528312,2471557,146,1070.483620296862,1070.4835807447814,65.3599928103241,
job_title_title,title.title,benchmarks/job/../../data/job/title__title.csv,job-csv,utf8,FftStr0,static,full-scan,full-scan,contains_freddy,%Freddy%,3,2528312,41409377,41409377,2528312,2528312,0,0,0,748959929,0,3919,142,2725802287,2725802429,2528312,2471557,146,1078.1115736507204,1078.111517486766,65.8257290130204,
job_title_title,title.title,benchmarks/job/../../data/job/title__title.csv,job-csv,utf8,FftStr0,static,full-scan,full-scan,contains_freddy,%Freddy%,4,2528312,41409377,41409377,2528312,2528312,0,0,0,748959929,0,3919,111,2746730054,2746730165,2528312,2471557,146,1086.3889286607032,1086.3888847578937,66.33111541378659,
job_title_title,title.title,benchmarks/job/../../data/job/title__title.csv,job-csv,utf8,FftStr0,static,full-scan,full-scan,contains_jason,%Jason%,0,2528312,41409377,41409377,2528312,2528312,0,0,0,748959929,0,3678,331,2075003445,2075003776,2528312,2502331,482,820.7071658877544,820.7070349703675,50.10951447059926,
job_title_title,title.title,benchmarks/job/../../data/job/title__title.csv,job-csv,utf8,FftStr0,static,full-scan,full-scan,contains_jason,%Jason%,1,2528312,41409377,41409377,2528312,2528312,0,0,0,748959929,0,3678,110,2061714405,2061714515,2528312,2502331,482,815.4509866662025,815.4509431589139,49.78859051658758,
job_title_title,title.title,benchmarks/job/../../data/job/title__title.csv,job-csv,utf8,FftStr0,static,full-scan,full-scan,contains_jason,%Jason%,2,2528312,41409377,41409377,2528312,2528312,0,0,0,748959929,0,3678,110,2107399404,2107399514,2528312,2502331,482,833.5203542917171,833.5203107844285,50.89184302386389,
job_title_title,title.title,benchmarks/job/../../data/job/title__title.csv,job-csv,utf8,FftStr0,static,full-scan,full-scan,contains_jason,%Jason%,3,2528312,41409377,41409377,2528312,2528312,0,0,0,748959929,0,3678,120,2085900412,2085900532,2528312,2502331,482,825.0170596034034,825.0170121409067,50.37266153509144,
job_title_title,title.title,benchmarks/job/../../data/job/title__title.csv,job-csv,utf8,FftStr0,static,full-scan,full-scan,contains_jason,%Jason%,4,2528312,41409377,41409377,2528312,2528312,0,0,0,748959929,0,3678,110,2068231101,2068231211,2528312,2502331,482,818.0284755204262,818.0284320131376,49.945962988044954,
job_title_title,title.title,benchmarks/job/../../data/job/title__title.csv,job-csv,utf8,FftStr0,static,full-scan,full-scan,contains_kung_fu_panda,%Kung%Fu%Panda%,0,2528312,41409377,41409377,2528312,2528312,0,0,0,748959929,0,6196,249,1570551762,1570552011,2528312,1799921,20,621.1859972186977,621.185898734017,37.92744843758456,
job_title_title,title.title,benchmarks/job/../../data/job/title__title.csv,job-csv,utf8,FftStr0,static,full-scan,full-scan,contains_kung_fu_panda,%Kung%Fu%Panda%,1,2528312,41409377,41409377,2528312,2528312,0,0,0,748959929,0,6196,111,1585330531,1585330642,2528312,1799921,20,627.0312532630467,627.0312093602372,38.28433936593637,
job_title_title,title.title,benchmarks/job/../../data/job/title__title.csv,job-csv,utf8,FftStr0,static,full-scan,full-scan,contains_kung_fu_panda,%Kung%Fu%Panda%,2,2528312,41409377,41409377,2528312,2528312,0,0,0,748959929,0,6196,110,1581295867,1581295977,2528312,1799921,20,625.4354593104016,625.435415803113,38.1869057580847,
job_title_title,title.title,benchmarks/job/../../data/job/title__title.csv,job-csv,utf8,FftStr0,static,full-scan,full-scan,contains_kung_fu_panda,%Kung%Fu%Panda%,3,2528312,41409377,41409377,2528312,2528312,0,0,0,748959929,0,6196,119,1608927407,1608927526,2528312,1799921,20,636.3643118412601,636.3642647742842,38.85418334113068,
job_title_title,title.title,benchmarks/job/../../data/job/title__title.csv,job-csv,utf8,FftStr0,static,full-scan,full-scan,contains_kung_fu_panda,%Kung%Fu%Panda%,4,2528312,41409377,41409377,2528312,2528312,0,0,0,748959929,0,6196,109,1608723242,1608723351,2528312,1799921,20,636.2835563806999,636.283513268932,38.84925269462518,
job_title_title,title.title,benchmarks/job/../../data/job/title__title.csv,job-csv,utf8,FftStr0,static,full-scan,full-scan,contains_loser,%Loser%,0,2528312,41409377,41409377,2528312,2528312,0,0,0,748959929,0,4723,270,2078147727,2078147997,2528312,2502331,349,821.9507707118426,821.9506639212249,50.18544463974911,
job_title_title,title.title,benchmarks/job/../../data/job/title__title.csv,job-csv,utf8,FftStr0,static,full-scan,full-scan,contains_loser,%Loser%,1,2528312,41409377,41409377,2528312,2528312,0,0,0,748959929,0,4723,110,2067935172,2067935282,2528312,2502331,349,817.9114294438344,817.9113859365458,49.93881656321466,
job_title_title,title.title,benchmarks/job/../../data/job/title__title.csv,job-csv,utf8,FftStr0,static,full-scan,full-scan,contains_loser,%Loser%,2,2528312,41409377,41409377,2528312,2528312,0,0,0,748959929,0,4723,110,2068095478,2068095588,2528312,2502331,349,817.9748338021574,817.9747902948686,49.94268781199003,
job_title_title,title.title,benchmarks/job/../../data/job/title__title.csv,job-csv,utf8,FftStr0,static,full-scan,full-scan,contains_loser,%Loser%,3,2528312,41409377,41409377,2528312,2528312,0,0,0,748959929,0,4723,109,2064275023,2064275132,2528312,2502331,349,816.4637639658397,816.4637208540718,49.85042716291047,
job_title_title,title.title,benchmarks/job/../../data/job/title__title.csv,job-csv,utf8,FftStr0,static,full-scan,full-scan,contains_loser,%Loser%,4,2528312,41409377,41409377,2528312,2528312,0,0,0,748959929,0,4723,170,2078335116,2078335286,2528312,2502331,349,822.024847408073,822.024780169536,50.18996750422012,
job_title_title,title.title,benchmarks/job/../../data/job/title__title.csv,job-csv,utf8,FftStr0,static,full-scan,full-scan,contains_money,%Money%,0,2528312,41409377,41409377,2528312,2528312,0,0,0,748959929,0,4339,340,2079926833,2079927173,2528312,2502331,2286,822.6544718373366,822.6543373602625,50.2284101738599,
job_title_title,title.title,benchmarks/job/../../data/job/title__title.csv,job-csv,utf8,FftStr0,static,full-scan,full-scan,contains_money,%Money%,1,2528312,41409377,41409377,2528312,2528312,0,0,0,748959929,0,4339,110,2089555157,2089555267,2528312,2502331,2286,826.4625833362338,826.4625398289452,50.46092016791269,
job_title_title,title.title,benchmarks/job/../../data/job/title__title.csv,job-csv,utf8,FftStr0,static,full-scan,full-scan,contains_money,%Money%,2,2528312,41409377,41409377,2528312,2528312,0,0,0,748959929,0,4339,100,2058212296,2058212396,2528312,2502331,2286,814.0658257366971,814.0657861846164,49.70401742581155,
job_title_title,title.title,benchmarks/job/../../data/job/title__title.csv,job-csv,utf8,FftStr0,static,full-scan,full-scan,contains_money,%Money%,3,2528312,41409377,41409377,2528312,2528312,0,0,0,748959929,0,4339,110,2052768723,2052768833,2528312,2502331,2286,811.9127833115533,811.9127398042647,49.5725601715766,
job_title_title,title.title,benchmarks/job/../../data/job/title__title.csv,job-csv,utf8,FftStr0,static,full-scan,full-scan,contains_money,%Money%,4,2528312,41409377,41409377,2528312,2528312,0,0,0,748959929,0,4339,110,2057030900,2057031010,2528312,2502331,2286,813.5985629938077,813.5985194865191,49.67548799393915,
job_title_title,title.title,benchmarks/job/../../data/job/title__title.csv,job-csv,utf8,FftStr0,static,full-scan,full-scan,contains_mord,%Mord%,0,2528312,41409377,41409377,2528312,2528312,0,0,0,748959929,0,3539,309,1885685913,1885686222,2528312,2520211,637,745.828134344179,745.82801212825,45.53766220631622,
job_title_title,title.title,benchmarks/job/../../data/job/title__title.csv,job-csv,utf8,FftStr0,static,full-scan,full-scan,contains_mord,%Mord%,1,2528312,41409377,41409377,2528312,2528312,0,0,0,748959929,0,3539,110,1901848772,1901848882,2528312,2520211,637,752.2208026541028,752.2207591468142,45.927976216594615,
job_title_title,title.title,benchmarks/job/../../data/job/title__title.csv,job-csv,utf8,FftStr0,static,full-scan,full-scan,contains_mord,%Mord%,2,2528312,41409377,41409377,2528312,2528312,0,0,0,748959929,0,3539,120,1871662336,1871662456,2528312,2520211,637,740.2814431130336,740.2813956505368,45.199000603172564,
job_title_title,title.title,benchmarks/job/../../data/job/title__title.csv,job-csv,utf8,FftStr0,static,full-scan,full-scan,contains_mord,%Mord%,3,2528312,41409377,41409377,2528312,2528312,0,0,0,748959929,0,3539,110,1928652241,1928652351,2528312,2520211,637,762.8221323159484,762.8220888086597,46.575256396636924,
job_title_title,title.title,benchmarks/job/../../data/job/title__title.csv,job-csv,utf8,FftStr0,static,full-scan,full-scan,contains_mord,%Mord%,4,2528312,41409377,41409377,2528312,2528312,0,0,0,748959929,0,3539,250,1899981696,1899981946,2528312,2520211,637,751.4823906226763,751.4822917424748,45.88289135574293,
job_title_title,title.title,benchmarks/job/../../data/job/title__title.csv,job-csv,utf8,FftStr0,static,full-scan,full-scan,contains_movie,%Movie%,0,2528312,41409377,41409377,2528312,2528312,0,0,0,748959929,0,3553,312,2088790405,2088790717,2528312,2502331,3638,826.1601879040245,826.160064501533,50.44245695848068,
job_title_title,title.title,benchmarks/job/../../data/job/title__title.csv,job-csv,utf8,FftStr0,static,full-scan,full-scan,contains_movie,%Movie%,1,2528312,41409377,41409377,2528312,2528312,0,0,0,748959929,0,3553,111,2054339826,2054339937,2528312,2502331,3638,812.5341876319062,812.5341437290967,49.610500950062594,
job_title_title,title.title,benchmarks/job/../../data/job/title__title.csv,job-csv,utf8,FftStr0,static,full-scan,full-scan,contains_movie,%Movie%,2,2528312,41409377,41409377,2528312,2528312,0,0,0,748959929,0,3553,101,2083437221,2083437322,2528312,2502331,3638,824.042808798914,824.0427688513126,50.31317718206676,
job_title_title,title.title,benchmarks/job/../../data/job/title__title.csv,job-csv,utf8,FftStr0,static,full-scan,full-scan,contains_movie,%Movie%,3,2528312,41409377,41409377,2528312,2528312,0,0,0,748959929,0,3553,101,2058759078,2058759179,2528312,2502331,3638,814.2820897895513,814.2820498419499,49.71722175390371,
job_title_title,title.title,benchmarks/job/../../data/job/title__title.csv,job-csv,utf8,FftStr0,static,full-scan,full-scan,contains_movie,%Movie%,4,2528312,41409377,41409377,2528312,2528312,0,0,0,748959929,0,3553,141,2077721974,2077722115,2528312,2502331,3638,821.7823255199517,821.782269751518,50.17515996437232,
job_title_title,title.title,benchmarks/job/../../data/job/title__title.csv,job-csv,utf8,FftStr0,static,full-scan,full-scan,contains_murder_upper,%Murder%,0,2528312,41409377,41409377,2528312,2528312,0,0,0,748959929,0,4266,310,2758696240,2758696550,2528312,2471557,3622,1091.1218829005281,1091.1217602890783,66.62009307698592,
job_title_title,title.title,benchmarks/job/../../data/job/title__title.csv,job-csv,utf8,FftStr0,static,full-scan,full-scan,contains_murder_upper,%Murder%,1,2528312,41409377,41409377,2528312,2528312,0,0,0,748959929,0,4266,110,2716014481,2716014591,2528312,2471557,3622,1074.2402800761931,1074.2402365689045,65.58936134199749,
job_title_title,title.title,benchmarks/job/../../data/job/title__title.csv,job-csv,utf8,FftStr0,static,full-scan,full-scan,contains_murder_upper,%Murder%,2,2528312,41409377,41409377,2528312,2528312,0,0,0,748959929,0,4266,110,2773622605,2773622715,2528312,2471557,3622,1097.025491711466,1097.0254482041773,66.98054682155687,
job_title_title,title.title,benchmarks/job/../../data/job/title__title.csv,job-csv,utf8,FftStr0,static,full-scan,full-scan,contains_murder_upper,%Murder%,3,2528312,41409377,41409377,2528312,2528312,0,0,0,748959929,0,4266,110,2715059062,2715059172,2528312,2471557,3622,1073.8623919832678,1073.8623484759792,65.56628881424611,
job_title_title,title.title,benchmarks/job/../../data/job/title__title.csv,job-csv,utf8,FftStr0,static,full-scan,full-scan,contains_murder_upper,%Murder%,4,2528312,41409377,41409377,2528312,2528312,0,0,0,748959929,0,4266,109,2711838479,2711838588,2528312,2471557,3622,1072.588584003873,1072.5885408921051,65.48851454587206,
job_title_title,title.title,benchmarks/job/../../data/job/title__title.csv,job-csv,utf8,FftStr0,static,full-scan,full-scan,contains_murder_lower,%murder%,0,2528312,41409377,41409377,2528312,2528312,0,0,0,748959929,0,3903,309,2739564135,2739564444,2528312,2471557,7,1083.5547369153808,1083.5546146994516,66.15806955994532,
job_title_title,title.title,benchmarks/job/../../data/job/title__title.csv,job-csv,utf8,FftStr0,static,full-scan,full-scan,contains_murder_lower,%murder%,1,2528312,41409377,41409377,2528312,2528312,0,0,0,748959929,0,3903,110,2719943302,2719943412,2528312,2471557,7,1075.7942105246505,1075.7941670173618,65.68423891042843,
job_title_title,title.title,benchmarks/job/../../data/job/title__title.csv,job-csv,utf8,FftStr0,static,full-scan,full-scan,contains_murder_lower,%murder%,2,2528312,41409377,41409377,2528312,2528312,0,0,0,748959929,0,3903,109,2757253420,2757253529,2528312,2471557,7,1090.551138071567,1090.5510949597992,66.58524539019267,
job_title_title,title.title,benchmarks/job/../../data/job/title__title.csv,job-csv,utf8,FftStr0,static,full-scan,full-scan,contains_murder_lower,%murder%,3,2528312,41409377,41409377,2528312,2528312,0,0,0,748959929,0,3903,110,2726050365,2726050475,2528312,2471557,7,1078.2096810045596,1078.209637497271,65.83171910555428,
job_title_title,title.title,benchmarks/job/../../data/job/title__title.csv,job-csv,utf8,FftStr0,static,full-scan,full-scan,contains_murder_lower,%murder%,4,2528312,41409377,41409377,2528312,2528312,0,0,0,748959929,0,3903,109,2730979181,2730979290,2528312,2471557,7,1080.1591298858684,1080.1590867741006,65.95074564874521,
job_title_title,title.title,benchmarks/job/../../data/job/title__title.csv,job-csv,utf8,FftStr0,static,full-scan,full-scan,prefix_birdemic,Birdemic%,0,2528312,41409377,41409377,2528312,2528312,0,0,0,748959929,0,4599,990,10143704,10144694,2528312,2138136,8,4.012437547264736,4.0120459816668195,0.24498542926641953,
job_title_title,title.title,benchmarks/job/../../data/job/title__title.csv,job-csv,utf8,FftStr0,static,full-scan,full-scan,prefix_birdemic,Birdemic%,1,2528312,41409377,41409377,2528312,2528312,0,0,0,748959929,0,4599,100,10263259,10263359,2528312,2138136,8,4.059372023705935,4.059332471625337,0.2478510845502457,
job_title_title,title.title,benchmarks/job/../../data/job/title__title.csv,job-csv,utf8,FftStr0,static,full-scan,full-scan,prefix_birdemic,Birdemic%,2,2528312,41409377,41409377,2528312,2528312,0,0,0,748959929,0,4599,110,10229302,10229412,2528312,2138136,8,4.045945278905451,4.045901771616794,0.24703129438532725,
job_title_title,title.title,benchmarks/job/../../data/job/title__title.csv,job-csv,utf8,FftStr0,static,full-scan,full-scan,prefix_birdemic,Birdemic%,3,2528312,41409377,41409377,2528312,2528312,0,0,0,748959929,0,4599,100,9941711,9941811,2528312,2138136,8,3.9321930995858105,3.932153547505213,0.24008598342351298,
job_title_title,title.title,benchmarks/job/../../data/job/title__title.csv,job-csv,utf8,FftStr0,static,full-scan,full-scan,prefix_birdemic,Birdemic%,4,2528312,41409377,41409377,2528312,2528312,0,0,0,748959929,0,4599,100,10159972,10160072,2528312,2138136,8,4.018519866219043,4.018480314138445,0.24535679442846967,
job_title_title,title.title,benchmarks/job/../../data/job/title__title.csv,job-csv,utf8,FftStr0,static,full-scan,full-scan,prefix_champion,Champion%,0,2528312,41409377,41409377,2528312,2528312,0,0,0,748959929,0,4039,810,9901548,9902358,2528312,2138136,222,3.9165886172276205,3.9162682453747797,0.2391332282057757,
job_title_title,title.title,benchmarks/job/../../data/job/title__title.csv,job-csv,utf8,FftStr0,static,full-scan,full-scan,prefix_champion,Champion%,1,2528312,41409377,41409377,2528312,2528312,0,0,0,748959929,0,4039,80,10730884,10730964,2528312,2138136,222,4.2443195301845655,4.244287888520088,0.2591433336463864,
job_title_title,title.title,benchmarks/job/../../data/job/title__title.csv,job-csv,utf8,FftStr0,static,full-scan,full-scan,prefix_champion,Champion%,2,2528312,41409377,41409377,2528312,2528312,0,0,0,748959929,0,4039,110,10270196,10270306,2528312,2138136,222,4.062119706745054,4.0620761994563965,0.248018848484487,
job_title_title,title.title,benchmarks/job/../../data/job/title__title.csv,job-csv,utf8,FftStr0,static,full-scan,full-scan,prefix_champion,Champion%,3,2528312,41409377,41409377,2528312,2528312,0,0,0,748959929,0,4039,90,10642545,10642635,2528312,2138136,222,4.209383572913469,4.209347976040932,0.25701026605640553,
job_title_title,title.title,benchmarks/job/../../data/job/title__title.csv,job-csv,utf8,FftStr0,static,full-scan,full-scan,prefix_champion,Champion%,4,2528312,41409377,41409377,2528312,2528312,0,0,0,748959929,0,4039,100,10041148,10041248,2528312,2138136,222,3.9715225019696936,3.971482949889096,0.2424872994346184,
job_title_title,title.title,benchmarks/job/../../data/job/title__title.csv,job-csv,utf8,FftStr0,static,full-scan,full-scan,prefix_dragon_ball_z,Dragon Ball Z%,0,2528312,41409377,41409377,2528312,2528312,0,0,0,748959929,0,6389,950,10452992,10453942,2528312,1303963,25,4.13475156547135,4.134375820705673,0.25245349622139934,
job_title_title,title.title,benchmarks/job/../../data/job/title__title.csv,job-csv,utf8,FftStr0,static,full-scan,full-scan,prefix_dragon_ball_z,Dragon Ball Z%,1,2528312,41409377,41409377,2528312,2528312,0,0,0,748959929,0,6389,110,10259228,10259338,2528312,1303963,25,4.057781634545104,4.057738127256446,0.2477539809401141,
job_title_title,title.title,benchmarks/job/../../data/job/title__title.csv,job-csv,utf8,FftStr0,static,full-scan,full-scan,prefix_dragon_ball_z,Dragon Ball Z%,2,2528312,41409377,41409377,2528312,2528312,0,0,0,748959929,0,6389,130,10469579,10469709,2528312,1303963,25,4.140987742019181,4.140936324314405,0.25283425539099513,
job_title_title,title.title,benchmarks/job/../../data/job/title__title.csv,job-csv,utf8,FftStr0,static,full-scan,full-scan,prefix_dragon_ball_z,Dragon Ball Z%,3,2528312,41409377,41409377,2528312,2528312,0,0,0,748959929,0,6389,150,10269467,10269617,2528312,1303963,25,4.0618471929097355,4.0617878647888395,0.2480022097410449,
job_title_title,title.title,benchmarks/job/../../data/job/title__title.csv,job-csv,utf8,FftStr0,static,full-scan,full-scan,prefix_dragon_ball_z,Dragon Ball Z%,4,2528312,41409377,41409377,2528312,2528312,0,0,0,748959929,0,6389,100,10250229,10250329,2528312,1303963,25,4.054218387604061,4.054178835523464,0.24753642152114483,
job_title_title,title.title,benchmarks/job/../../data/job/title__title.csv,job-csv,utf8,FftStr0,static,full-scan,full-scan,prefix_kung_fu_panda,Kung Fu Panda%,0,2528312,41409377,41409377,2528312,2528312,0,0,0,748959929,0,4430,630,10235891,10236521,2528312,1303963,15,4.048757036315139,4.0485078582073735,0.2472029704769526,
job_title_title,title.title,benchmarks/job/../../data/job/title__title.csv,job-csv,utf8,FftStr0,static,full-scan,full-scan,prefix_kung_fu_panda,Kung Fu Panda%,1,2528312,41409377,41409377,2528312,2528312,0,0,0,748959929,0,4430,80,10457721,10457801,2528312,1303963,15,4.136277880261614,4.136246238597135,0.25254668767414684,
job_title_title,title.title,benchmarks/job/../../data/job/title__title.csv,job-csv,utf8,FftStr0,static,full-scan,full-scan,prefix_kung_fu_panda,Kung Fu Panda%,2,2528312,41409377,41409377,2528312,2528312,0,0,0,748959929,0,4430,130,10420936,10421066,2528312,1303963,15,4.1217484234540676,4.12169700574929,0.2516595697636311,
job_title_title,title.title,benchmarks/job/../../data/job/title__title.csv,job-csv,utf8,FftStr0,static,full-scan,full-scan,prefix_kung_fu_panda,Kung Fu Panda%,3,2528312,41409377,41409377,2528312,2528312,0,0,0,748959929,0,4430,100,10232282,10232382,2528312,1303963,15,4.047119975699202,4.047080423618604,0.24710301727070175,
job_title_title,title.title,benchmarks/job/../../data/job/title__title.csv,job-csv,utf8,FftStr0,static,full-scan,full-scan,prefix_kung_fu_panda,Kung Fu Panda%,4,2528312,41409377,41409377,2528312,2528312,0,0,0,748959929,0,4430,110,10298113,10298223,2528312,1303963,15,4.073161461085499,4.073117953796841,0.24869301945788752,
job_title_title,title.title,benchmarks/job/../../data/job/title__title.csv,job-csv,utf8,FftStr0,static,full-scan,full-scan,prefix_loser,Loser%,0,2528312,41409377,41409377,2528312,2528312,0,0,0,748959929,0,4169,560,10620778,10621338,2528312,2502331,72,4.2009601663085885,4.2007386746572415,0.25649596225511917,
job_title_title,title.title,benchmarks/job/../../data/job/title__title.csv,job-csv,utf8,FftStr0,static,full-scan,full-scan,prefix_loser,Loser%,1,2528312,41409377,41409377,2528312,2528312,0,0,0,748959929,0,4169,80,10826941,10827021,2528312,2502331,72,4.282312072244248,4.28228043057977,0.2614630256330589,
job_title_title,title.title,benchmarks/job/../../data/job/title__title.csv,job-csv,utf8,FftStr0,static,full-scan,full-scan,prefix_loser,Loser%,2,2528312,41409377,41409377,2528312,2528312,0,0,0,748959929,0,4169,90,10802604,10802694,2528312,2502331,72,4.272690237597258,4.272654640724721,0.2608755499992188,
job_title_title,title.title,benchmarks/job/../../data/job/title__title.csv,job-csv,utf8,FftStr0,static,full-scan,full-scan,prefix_loser,Loser%,3,2528312,41409377,41409377,2528312,2528312,0,0,0,748959929,0,4169,60,10610461,10610521,2528312,2502331,72,4.196681817750341,4.196658086501983,0.2562347412278142,
job_title_title,title.title,benchmarks/job/../../data/job/title__title.csv,job-csv,utf8,FftStr0,static,full-scan,full-scan,prefix_loser,Loser%,4,2528312,41409377,41409377,2528312,2528312,0,0,0,748959929,0,4169,40,10591564,10591604,2528312,2502331,72,4.1891997506636836,4.189183929831445,0.25577791233130603,
job_title_title,title.title,benchmarks/job/../../data/job/title__title.csv,job-csv,utf8,FftStr0,static,full-scan,full-scan,prefix_one_piece,One Piece%,0,2528312,41409377,41409377,2528312,2528312,0,0,0,748959929,0,4799,560,10306031,10306591,2528312,2000434,14,4.07647117918991,4.076249687538564,0.24889509929115813,
job_title_title,title.title,benchmarks/job/../../data/job/title__title.csv,job-csv,utf8,FftStr0,static,full-scan,full-scan,prefix_one_piece,One Piece%,1,2528312,41409377,41409377,2528312,2528312,0,0,0,748959929,0,4799,100,10179178,10179278,2528312,2000434,14,4.026116238818627,4.026076686738029,0.24582060242055803,
job_title_title,title.title,benchmarks/job/../../data/job/title__title.csv,job-csv,utf8,FftStr0,static,full-scan,full-scan,prefix_one_piece,One Piece%,2,2528312,41409377,41409377,2528312,2528312,0,0,0,748959929,0,4799,40,10349735,10349775,2528312,2000434,14,4.093551349675199,4.093535528842959,0.24993795487432713,
job_title_title,title.title,benchmarks/job/../../data/job/title__title.csv,job-csv,utf8,FftStr0,static,full-scan,full-scan,prefix_one_piece,One Piece%,3,2528312,41409377,41409377,2528312,2528312,0,0,0,748959929,0,4799,80,10273017,10273097,2528312,2000434,14,4.063223605314534,4.0631919636500555,0.24808624867744328,
job_title_title,title.title,benchmarks/job/../../data/job/title__title.csv,job-csv,utf8,FftStr0,static,full-scan,full-scan,prefix_one_piece,One Piece%,4,2528312,41409377,41409377,2528312,2528312,0,0,0,748959929,0,4799,80,10254130,10254210,2528312,2000434,14,4.055753403852056,4.055721762187578,0.24763014425452476,
job_title_title,title.title,benchmarks/job/../../data/job/title__title.csv,job-csv,utf8,FftStr0,static,full-scan,full-scan,prefix_saw,Saw%,0,2528312,41409377,41409377,2528312,2528312,0,0,0,748959929,0,3319,1340,10320280,10321620,2528312,2526814,131,4.08241546138293,4.081885463502922,0.24925803641044877,
job_title_title,title.title,benchmarks/job/../../data/job/title__title.csv,job-csv,utf8,FftStr0,static,full-scan,full-scan,prefix_saw,Saw%,1,2528312,41409377,41409377,2528312,2528312,0,0,0,748959929,0,3319,30,10185808,10185838,2528312,2526814,131,4.028710855305833,4.028698989681653,0.24597902064549293,
job_title_title,title.title,benchmarks/job/../../data/job/title__title.csv,job-csv,utf8,FftStr0,static,full-scan,full-scan,prefix_saw,Saw%,2,2528312,41409377,41409377,2528312,2528312,0,0,0,748959929,0,3319,110,10162641,10162751,2528312,2526814,131,4.019579466458254,4.0195359591695965,0.24542148992002463,
job_title_title,title.title,benchmarks/job/../../data/job/title__title.csv,job-csv,utf8,FftStr0,static,full-scan,full-scan,prefix_saw,Saw%,3,2528312,41409377,41409377,2528312,2528312,0,0,0,748959929,0,3319,100,10030511,10030611,2528312,2526814,131,3.967315347156522,3.967275795075924,0.24223042524885124,
job_title_title,title.title,benchmarks/job/../../data/job/title__title.csv,job-csv,utf8,FftStr0,static,full-scan,full-scan,prefix_saw,Saw%,4,2528312,41409377,41409377,2528312,2528312,0,0,0,748959929,0,3319,110,10110889,10110999,2528312,2526814,131,3.999110473707359,3.9990669664187015,0.2441717246796541,
job_title_title,title.title,benchmarks/job/../../data/job/title__title.csv,job-csv,utf8,FftStr0,static,full-scan,full-scan,prefix_vampire,Vampire%,0,2528312,41409377,41409377,2528312,2528312,0,0,0,748959929,0,4160,890,11745675,11746565,2528312,2317545,284,4.646010856255082,4.645658842737763,0.28366920371682963,
job_title_title,title.title,benchmarks/job/../../data/job/title__title.csv,job-csv,utf8,FftStr0,static,full-scan,full-scan,prefix_vampire,Vampire%,1,2528312,41409377,41409377,2528312,2528312,0,0,0,748959929,0,4160,100,11773011,11773111,2528312,2317545,284,4.656510351570534,4.656470799489936,0.2843102662471836,
job_title_title,title.title,benchmarks/job/../../data/job/title__title.csv,job-csv,utf8,FftStr0,static,full-scan,full-scan,prefix_vampire,Vampire%,2,2528312,41409377,41409377,2528312,2528312,0,0,0,748959929,0,4160,100,11766533,11766633,2528312,2317545,284,4.6539481677894186,4.65390861570882,0.28415382825006036,
job_title_title,title.title,benchmarks/job/../../data/job/title__title.csv,job-csv,utf8,FftStr0,static,full-scan,full-scan,prefix_vampire,Vampire%,3,2528312,41409377,41409377,2528312,2528312,0,0,0,748959929,0,4160,140,12225310,12225450,2528312,2317545,284,4.835419837425128,4.835364464512291,0.2952338548826755,
job_title_title,title.title,benchmarks/job/../../data/job/title__title.csv,job-csv,utf8,FftStr0,static,full-scan,full-scan,prefix_vampire,Vampire%,4,2528312,41409377,41409377,2528312,2528312,0,0,0,748959929,0,4160,40,11844512,11844552,2528312,2317545,284,4.684766753470299,4.68475093263806,0.28603550350443574,
job_title_title,title.title,benchmarks/job/../../data/job/title__title.csv,job-csv,utf8,FftStr1,static,full-scan,full-scan,contains_champion,%Champion%,0,2528312,41409377,41409377,2528312,2528312,0,0,0,748959929,0,6430,301,2771882055,2771882356,2528312,2138136,1870,1096.3371435170975,1096.337024465335,66.93851868382372,
job_title_title,title.title,benchmarks/job/../../data/job/title__title.csv,job-csv,utf8,FftStr1,static,full-scan,full-scan,contains_champion,%Champion%,1,2528312,41409377,41409377,2528312,2528312,0,0,0,748959929,0,6430,110,2786613137,2786613247,2528312,2138136,1870,1102.1635173981692,1102.1634738908806,67.29425673320321,
job_title_title,title.title,benchmarks/job/../../data/job/title__title.csv,job-csv,utf8,FftStr1,static,full-scan,full-scan,contains_champion,%Champion%,2,2528312,41409377,41409377,2528312,2528312,0,0,0,748959929,0,6430,100,2794960961,2794961061,2528312,2138136,1870,1105.465251519591,1105.4652119675104,67.49584909234447,
job_title_title,title.title,benchmarks/job/../../data/job/title__title.csv,job-csv,utf8,FftStr1,static,full-scan,full-scan,contains_champion,%Champion%,3,2528312,41409377,41409377,2528312,2528312,0,0,0,748959929,0,6430,100,2790620688,2790620788,2528312,2138136,1870,1103.748583244473,1103.7485436923923,67.39103532033336,
job_title_title,title.title,benchmarks/job/../../data/job/title__title.csv,job-csv,utf8,FftStr1,static,full-scan,full-scan,contains_champion,%Champion%,4,2528312,41409377,41409377,2528312,2528312,0,0,0,748959929,0,6430,110,2820213227,2820213337,2528312,2138136,1870,1115.4530520758515,1115.4530085685628,68.10566932702224,
job_title_title,title.title,benchmarks/job/../../data/job/title__title.csv,job-csv,utf8,FftStr1,static,full-scan,full-scan,contains_freddy,%Freddy%,0,2528312,41409377,41409377,2528312,2528312,0,0,0,748959929,0,3819,312,3056215127,3056215439,2528312,2471557,146,1208.7967936710343,1208.7966702685428,73.80491232698333,
job_title_title,title.title,benchmarks/job/../../data/job/title__title.csv,job-csv,utf8,FftStr1,static,full-scan,full-scan,contains_freddy,%Freddy%,1,2528312,41409377,41409377,2528312,2528312,0,0,0,748959929,0,3819,101,3059218768,3059218869,2528312,2471557,146,1209.984712725328,1209.9846727777267,73.87744251742788,
job_title_title,title.title,benchmarks/job/../../data/job/title__title.csv,job-csv,utf8,FftStr1,static,full-scan,full-scan,contains_freddy,%Freddy%,2,2528312,41409377,41409377,2528312,2528312,0,0,0,748959929,0,3819,111,3016215105,3016215216,2528312,2471557,146,1192.9758732308355,1192.975829328026,72.83894215554125,
job_title_title,title.title,benchmarks/job/../../data/job/title__title.csv,job-csv,utf8,FftStr1,static,full-scan,full-scan,contains_freddy,%Freddy%,3,2528312,41409377,41409377,2528312,2528312,0,0,0,748959929,0,3819,101,3053159825,3053159926,2528312,2471557,146,1207.5882747066028,1207.5882347590014,73.7311243779398,
job_title_title,title.title,benchmarks/job/../../data/job/title__title.csv,job-csv,utf8,FftStr1,static,full-scan,full-scan,contains_freddy,%Freddy%,4,2528312,41409377,41409377,2528312,2528312,0,0,0,748959929,0,3819,110,3059912418,3059912528,2528312,2471557,146,1210.259069292081,1210.2590257847924,73.89419377161845,
job_title_title,title.title,benchmarks/job/../../data/job/title__title.csv,job-csv,utf8,FftStr1,static,full-scan,full-scan,contains_jason,%Jason%,0,2528312,41409377,41409377,2528312,2528312,0,0,0,748959929,0,4284,250,2407720694,2407720944,2528312,2502331,482,952.3037283373254,952.303629457124,58.14434117180753,
job_title_title,title.title,benchmarks/job/../../data/job/title__title.csv,job-csv,utf8,FftStr1,static,full-scan,full-scan,contains_jason,%Jason%,1,2528312,41409377,41409377,2528312,2528312,0,0,0,748959929,0,4284,109,2428869155,2428869264,2528312,2502331,482,960.6683289087739,960.6682857970061,58.65505448198363,
job_title_title,title.title,benchmarks/job/../../data/job/title__title.csv,job-csv,utf8,FftStr1,static,full-scan,full-scan,contains_jason,%Jason%,2,2528312,41409377,41409377,2528312,2528312,0,0,0,748959929,0,4284,100,2417965838,2417965938,2528312,2502331,482,956.3558366214296,956.355797069349,58.391748757775325,
job_title_title,title.title,benchmarks/job/../../data/job/title__title.csv,job-csv,utf8,FftStr1,static,full-scan,full-scan,contains_jason,%Jason%,3,2528312,41409377,41409377,2528312,2528312,0,0,0,748959929,0,4284,170,2396920142,2396920312,2528312,2502331,482,948.0318536636302,948.0317864250931,57.88351541729305,
job_title_title,title.title,benchmarks/job/../../data/job/title__title.csv,job-csv,utf8,FftStr1,static,full-scan,full-scan,contains_jason,%Jason%,4,2528312,41409377,41409377,2528312,2528312,0,0,0,748959929,0,4284,110,2439321616,2439321726,2528312,2502331,482,964.8024951034524,964.8024515961638,58.907472237507946,
job_title_title,title.title,benchmarks/job/../../data/job/title__title.csv,job-csv,utf8,FftStr1,static,full-scan,full-scan,contains_kung_fu_panda,%Kung%Fu%Panda%,0,2528312,41409377,41409377,2528312,2528312,0,0,0,748959929,0,5969,312,1733115628,1733115940,2528312,1799921,20,685.4834134394806,685.4832900369892,41.853224210545356,
job_title_title,title.title,benchmarks/job/../../data/job/title__title.csv,job-csv,utf8,FftStr1,static,full-scan,full-scan,contains_kung_fu_panda,%Kung%Fu%Panda%,1,2528312,41409377,41409377,2528312,2528312,0,0,0,748959929,0,5969,100,1757140587,1757140687,2528312,1799921,20,694.9857007363015,694.9856611842209,42.43340070052249,
job_title_title,title.title,benchmarks/job/../../data/job/title__title.csv,job-csv,utf8,FftStr1,static,full-scan,full-scan,contains_kung_fu_panda,%Kung%Fu%Panda%,2,2528312,41409377,41409377,2528312,2528312,0,0,0,748959929,0,5969,110,1743670447,1743670557,2528312,1799921,20,689.6579840620936,689.6579405548049,42.108108919387995,
job_title_title,title.title,benchmarks/job/../../data/job/title__title.csv,job-csv,utf8,FftStr1,static,full-scan,full-scan,contains_kung_fu_panda,%Kung%Fu%Panda%,3,2528312,41409377,41409377,2528312,2528312,0,0,0,748959929,0,5969,110,1752199769,1752199879,2528312,1799921,20,693.0315083739665,693.0314648666779,42.314084536939546,
job_title_title,title.title,benchmarks/job/../../data/job/title__title.csv,job-csv,utf8,FftStr1,static,full-scan,full-scan,contains_kung_fu_panda,%Kung%Fu%Panda%,4,2528312,41409377,41409377,2528312,2528312,0,0,0,748959929,0,5969,99,1762668484,1762668583,2528312,1799921,20,697.1720986175757,697.1720594610159,42.56689452246528,
job_title_title,title.title,benchmarks/job/../../data/job/title__title.csv,job-csv,utf8,FftStr1,static,full-scan,full-scan,contains_loser,%Loser%,0,2528312,41409377,41409377,2528312,2528312,0,0,0,748959929,0,3675,240,2272468236,2272468476,2528312,2502331,349,898.8085631836577,898.8084682586643,54.878113138480686,
job_title_title,title.title,benchmarks/job/../../data/job/title__title.csv,job-csv,utf8,FftStr1,static,full-scan,full-scan,contains_loser,%Loser%,1,2528312,41409377,41409377,2528312,2528312,0,0,0,748959929,0,3675,110,2248756774,2248756884,2528312,2502331,349,889.4301352048324,889.4300916975436,54.30549906606902,
job_title_title,title.title,benchmarks/job/../../data/job/title__title.csv,job-csv,utf8,FftStr1,static,full-scan,full-scan,contains_loser,%Loser%,2,2528312,41409377,41409377,2528312,2528312,0,0,0,748959929,0,3675,110,2270292417,2270292527,2528312,2502331,349,897.947930081414,897.9478865741254,54.82556588571714,
job_title_title,title.title,benchmarks/job/../../data/job/title__title.csv,job-csv,utf8,FftStr1,static,full-scan,full-scan,contains_loser,%Loser%,3,2528312,41409377,41409377,2528312,2528312,0,0,0,748959929,0,3675,100,2265791819,2265791919,2528312,2502331,349,896.1678459778698,896.1678064257892,54.716880164606195,
job_title_title,title.title,benchmarks/job/../../data/job/title__title.csv,job-csv,utf8,FftStr1,static,full-scan,full-scan,contains_loser,%Loser%,4,2528312,41409377,41409377,2528312,2528312,0,0,0,748959929,0,3675,130,2260513792,2260513922,2528312,2502331,349,894.0802883504884,894.0802369327836,54.589421183515995,
job_title_title,title.title,benchmarks/job/../../data/job/title__title.csv,job-csv,utf8,FftStr1,static,full-scan,full-scan,contains_money,%Money%,0,2528312,41409377,41409377,2528312,2528312,0,0,0,748959929,0,4426,502,2275180431,2275180933,2528312,2502331,2286,899.8813963624742,899.8811978110297,54.94361658713194,
job_title_title,title.title,benchmarks/job/../../data/job/title__title.csv,job-csv,utf8,FftStr1,static,full-scan,full-scan,contains_money,%Money%,1,2528312,41409377,41409377,2528312,2528312,0,0,0,748959929,0,4426,130,2292901642,2292901772,2528312,2502331,2286,906.8903568863336,906.8903054686289,55.3715592485248,
job_title_title,title.title,benchmarks/job/../../data/job/title__title.csv,job-csv,utf8,FftStr1,static,full-scan,full-scan,contains_money,%Money%,2,2528312,41409377,41409377,2528312,2528312,0,0,0,748959929,0,4426,100,2296024707,2296024807,2528312,2502331,2286,908.1255822066264,908.1255426545458,55.44697779442564,
job_title_title,title.title,benchmarks/job/../../data/job/title__title.csv,job-csv,utf8,FftStr1,static,full-scan,full-scan,contains_money,%Money%,3,2528312,41409377,41409377,2528312,2528312,0,0,0,748959929,0,4426,110,2288258516,2288258626,2528312,2502331,2286,905.0538960381472,905.0538525308585,55.25943136019651,
job_title_title,title.title,benchmarks/job/../../data/job/title__title.csv,job-csv,utf8,FftStr1,static,full-scan,full-scan,contains_money,%Money%,4,2528312,41409377,41409377,2528312,2528312,0,0,0,748959929,0,4426,100,2295815650,2295815750,2528312,2502331,2286,908.0428958134913,908.0428562614107,55.44192925191799,
job_title_title,title.title,benchmarks/job/../../data/job/title__title.csv,job-csv,utf8,FftStr1,static,full-scan,full-scan,contains_mord,%Mord%,0,2528312,41409377,41409377,2528312,2528312,0,0,0,748959929,0,4734,593,2063143537,2063144130,2528312,2520211,637,816.0164291432386,816.0161945994007,49.82311446028275,
job_title_title,title.title,benchmarks/job/../../data/job/title__title.csv,job-csv,utf8,FftStr1,static,full-scan,full-scan,contains_mord,%Mord%,1,2528312,41409377,41409377,2528312,2528312,0,0,0,748959929,0,4734,110,2052807224,2052807334,2528312,2520211,637,811.9280112581042,811.9279677508156,49.57348993683242,
job_title_title,title.title,benchmarks/job/../../data/job/title__title.csv,job-csv,utf8,FftStr1,static,full-scan,full-scan,contains_mord,%Mord%,2,2528312,41409377,41409377,2528312,2528312,0,0,0,748959929,0,4734,111,2051252592,2051252703,2528312,2520211,637,811.3131223519882,811.3130784491788,49.535946966794505,
job_title_title,title.title,benchmarks/job/../../data/job/title__title.csv,job-csv,utf8,FftStr1,static,full-scan,full-scan,contains_mord,%Mord%,3,2528312,41409377,41409377,2528312,2528312,0,0,0,748959929,0,4734,110,2050082129,2050082239,2528312,2520211,637,810.8501794873417,810.8501359800531,49.50768129160697,
job_title_title,title.title,benchmarks/job/../../data/job/title__title.csv,job-csv,utf8,FftStr1,static,full-scan,full-scan,contains_mord,%Mord%,4,2528312,41409377,41409377,2528312,2528312,0,0,0,748959929,0,4734,101,2082755784,2082755885,2528312,2520211,637,823.7732862874518,823.7732463398505,50.29672107841661,
job_title_title,title.title,benchmarks/job/../../data/job/title__title.csv,job-csv,utf8,FftStr1,static,full-scan,full-scan,contains_movie,%Movie%,0,2528312,41409377,41409377,2528312,2528312,0,0,0,748959929,0,4455,591,2268336795,2268337386,2528312,2502331,3638,897.1746311372964,897.1743973845,54.77835095176631,
job_title_title,title.title,benchmarks/job/../../data/job/title__title.csv,job-csv,utf8,FftStr1,static,full-scan,full-scan,contains_movie,%Movie%,1,2528312,41409377,41409377,2528312,2528312,0,0,0,748959929,0,4455,110,2247209530,2247209640,2528312,2502331,3638,888.8181680109101,888.8181245036213,54.26813448557799,
job_title_title,title.title,benchmarks/job/../../data/job/title__title.csv,job-csv,utf8,FftStr1,static,full-scan,full-scan,contains_movie,%Movie%,2,2528312,41409377,41409377,2528312,2528312,0,0,0,748959929,0,4455,98,2224866097,2224866195,2528312,2502331,3638,879.9808706362189,879.98083187518,53.728559958774554,
job_title_title,title.title,benchmarks/job/../../data/job/title__title.csv,job-csv,utf8,FftStr1,static,full-scan,full-scan,contains_movie,%Movie%,3,2528312,41409377,41409377,2528312,2528312,0,0,0,748959929,0,4455,110,2259513098,2259513208,2528312,2502331,3638,893.6844851426564,893.6844416353678,54.56525482138985,
job_title_title,title.title,benchmarks/job/../../data/job/title__title.csv,job-csv,utf8,FftStr1,static,full-scan,full-scan,contains_movie,%Movie%,4,2528312,41409377,41409377,2528312,2528312,0,0,0,748959929,0,4455,100,2263705479,2263705579,2528312,2502331,3638,895.3426550995289,895.3426155474483,54.66649689030579,
job_title_title,title.title,benchmarks/job/../../data/job/title__title.csv,job-csv,utf8,FftStr1,static,full-scan,full-scan,contains_murder_upper,%Murder%,0,2528312,41409377,41409377,2528312,2528312,0,0,0,748959929,0,5002,309,3013286976,3013287285,2528312,2471557,3622,1191.8178156018719,1191.817693385943,72.76823519948151,
job_title_title,title.title,benchmarks/job/../../data/job/title__title.csv,job-csv,utf8,FftStr1,static,full-scan,full-scan,contains_murder_upper,%Murder%,1,2528312,41409377,41409377,2528312,2528312,0,0,0,748959929,0,5002,110,3017026864,3017026974,2528312,2471557,3622,1193.2969404092532,1193.2968969019646,72.8585453966139,
job_title_title,title.title,benchmarks/job/../../data/job/title__title.csv,job-csv,utf8,FftStr1,static,full-scan,full-scan,contains_murder_upper,%Murder%,2,2528312,41409377,41409377,2528312,2528312,0,0,0,748959929,0,5002,109,3026551776,3026551885,2528312,2471557,3622,1197.0642408848275,1197.0641977730597,73.08856361205338,
job_title_title,title.title,benchmarks/job/../../data/job/title__title.csv,job-csv,utf8,FftStr1,static,full-scan,full-scan,contains_murder_upper,%Murder%,3,2528312,41409377,41409377,2528312,2528312,0,0,0,748959929,0,5002,109,3031785895,3031786004,2528312,2471557,3622,1199.1344438502842,1199.1344007385164,73.21496297807137,
job_title_title,title.title,benchmarks/job/../../data/job/title__title.csv,job-csv,utf8,FftStr1,static,full-scan,full-scan,contains_murder_upper,%Murder%,4,2528312,41409377,41409377,2528312,2528312,0,0,0,748959929,0,5002,100,3027761581,3027761681,2528312,2471557,3622,1197.5427403738147,1197.5427008217341,73.11777912041516,
job_title_title,title.title,benchmarks/job/../../data/job/title__title.csv,job-csv,utf8,FftStr1,static,full-scan,full-scan,contains_murder_lower,%murder%,0,2528312,41409377,41409377,2528312,2528312,0,0,0,748959929,0,4958,241,3020003137,3020003378,2528312,2471557,7,1194.474170118245,1194.4740747977307,72.93042293295066,
job_title_title,title.title,benchmarks/job/../../data/job/title__title.csv,job-csv,utf8,FftStr1,static,full-scan,full-scan,contains_murder_lower,%murder%,1,2528312,41409377,41409377,2528312,2528312,0,0,0,748959929,0,4958,110,3044642612,3044642722,2528312,2471557,7,1204.2195433158565,1204.219499808568,73.52544139942023,
job_title_title,title.title,benchmarks/job/../../data/job/title__title.csv,job-csv,utf8,FftStr1,static,full-scan,full-scan,contains_murder_lower,%murder%,2,2528312,41409377,41409377,2528312,2528312,0,0,0,748959929,0,4958,100,3018826402,3018826502,2528312,2471557,7,1194.0086911741905,1194.00865162211,72.90200241360792,
job_title_title,title.title,benchmarks/job/../../data/job/title__title.csv,job-csv,utf8,FftStr1,static,full-scan,full-scan,contains_murder_lower,%murder%,3,2528312,41409377,41409377,2528312,2528312,0,0,0,748959929,0,4958,100,3028125273,3028125373,2528312,2471557,7,1197.6865881267818,1197.6865485747012,73.12656196204063,
job_title_title,title.title,benchmarks/job/../../data/job/title__title.csv,job-csv,utf8,FftStr1,static,full-scan,full-scan,contains_murder_lower,%murder%,4,2528312,41409377,41409377,2528312,2528312,0,0,0,748959929,0,4958,110,3053518650,3053518760,2528312,2471557,7,1207.7302010194944,1207.7301575122058,73.73978990314198,
job_title_title,title.title,benchmarks/job/../../data/job/title__title.csv,job-csv,utf8,FftStr1,static,full-scan,full-scan,prefix_birdemic,Birdemic%,0,2528312,41409377,41409377,2528312,2528312,0,0,0,748959929,0,4165,322,10239024,10239346,2528312,2138136,8,4.049874382592022,4.049747024892498,0.24727119173997716,
job_title_title,title.title,benchmarks/job/../../data/job/title__title.csv,job-csv,utf8,FftStr1,static,full-scan,full-scan,prefix_birdemic,Birdemic%,1,2528312,41409377,41409377,2528312,2528312,0,0,0,748959929,0,4165,110,10240644,10240754,2528312,2138136,8,4.050431275886837,4.0503877685981795,0.24730519370045098,
job_title_title,title.title,benchmarks/job/../../data/job/title__title.csv,job-csv,utf8,FftStr1,static,full-scan,full-scan,prefix_birdemic,Birdemic%,2,2528312,41409377,41409377,2528312,2528312,0,0,0,748959929,0,4165,101,10189366,10189467,2528312,2138136,8,4.030146200310721,4.030106252709317,0.24606665780071987,
job_title_title,title.title,benchmarks/job/../../data/job/title__title.csv,job-csv,utf8,FftStr1,static,full-scan,full-scan,prefix_birdemic,Birdemic%,3,2528312,41409377,41409377,2528312,2528312,0,0,0,748959929,0,4165,91,10198136,10198227,2528312,2138136,8,4.033610962571075,4.033574970177731,0.24627820408889514,
job_title_title,title.title,benchmarks/job/../../data/job/title__title.csv,job-csv,utf8,FftStr1,static,full-scan,full-scan,prefix_birdemic,Birdemic%,4,2528312,41409377,41409377,2528312,2528312,0,0,0,748959929,0,4165,101,10255782,10255883,2528312,2138136,8,4.056415110160455,4.056375162559052,0.2476705457317071,
job_title_title,title.title,benchmarks/job/../../data/job/title__title.csv,job-csv,utf8,FftStr1,static,full-scan,full-scan,prefix_champion,Champion%,0,2528312,41409377,41409377,2528312,2528312,0,0,0,748959929,0,3752,614,9929962,9930576,2528312,2138136,222,3.9277494233306647,3.9275065735557955,0.23981466806419233,
job_title_title,title.title,benchmarks/job/../../data/job/title__title.csv,job-csv,utf8,FftStr1,static,full-scan,full-scan,prefix_champion,Champion%,1,2528312,41409377,41409377,2528312,2528312,0,0,0,748959929,0,3752,71,9867702,9867773,2528312,2138136,222,3.902909530152924,3.9028814481757,0.23829803090251755,
job_title_title,title.title,benchmarks/job/../../data/job/title__title.csv,job-csv,utf8,FftStr1,static,full-scan,full-scan,prefix_champion,Champion%,2,2528312,41409377,41409377,2528312,2528312,0,0,0,748959929,0,3752,60,10141428,10141488,2528312,2138136,222,4.011169507560775,4.011145776312417,0.24490800718880654,
job_title_title,title.title,benchmarks/job/../../data/job/title__title.csv,job-csv,utf8,FftStr1,static,full-scan,full-scan,prefix_champion,Champion%,3,2528312,41409377,41409377,2528312,2528312,0,0,0,748959929,0,3752,100,9947686,9947786,2528312,2138136,222,3.93455633640152,3.9345167843209223,0.24023027441344988,
job_title_title,title.title,benchmarks/job/../../data/job/title__title.csv,job-csv,utf8,FftStr1,static,full-scan,full-scan,prefix_champion,Champion%,4,2528312,41409377,41409377,2528312,2528312,0,0,0,748959929,0,3752,71,9837998,9838069,2528312,2138136,222,3.8911609801321987,3.8911328981549747,0.23758070545229407,
job_title_title,title.title,benchmarks/job/../../data/job/title__title.csv,job-csv,utf8,FftStr1,static,full-scan,full-scan,prefix_dragon_ball_z,Dragon Ball Z%,0,2528312,41409377,41409377,2528312,2528312,0,0,0,748959929,0,5160,302,10035505,10035807,2528312,1303963,25,3.9693704732643758,3.9692510259809706,0.2423559040745771,
job_title_title,title.title,benchmarks/job/../../data/job/title__title.csv,job-csv,utf8,FftStr1,static,full-scan,full-scan,prefix_dragon_ball_z,Dragon Ball Z%,1,2528312,41409377,41409377,2528312,2528312,0,0,0,748959929,0,5160,80,9870890,9870970,2528312,1303963,25,3.904174010169631,3.904142368505153,0.23837523563805368,
job_title_title,title.title,benchmarks/job/../../data/job/title__title.csv,job-csv,utf8,FftStr1,static,full-scan,full-scan,prefix_dragon_ball_z,Dragon Ball Z%,2,2528312,41409377,41409377,2528312,2528312,0,0,0,748959929,0,5160,81,10165992,10166073,2528312,1303963,25,4.0208933865757075,4.020861349390423,0.2455017132955176,
job_title_title,title.title,benchmarks/job/../../data/job/title__title.csv,job-csv,utf8,FftStr1,static,full-scan,full-scan,prefix_dragon_ball_z,Dragon Ball Z%,3,2528312,41409377,41409377,2528312,2528312,0,0,0,748959929,0,5160,90,10054746,10054836,2528312,1303963,25,3.976896838681302,3.976861241808764,0.2428154376724866,
job_title_title,title.title,benchmarks/job/../../data/job/title__title.csv,job-csv,utf8,FftStr1,static,full-scan,full-scan,prefix_dragon_ball_z,Dragon Ball Z%,4,2528312,41409377,41409377,2528312,2528312,0,0,0,748959929,0,5160,80,9872720,9872800,2528312,1303963,25,3.9048978132445678,3.90486617158009,0.2384194285270218,
job_title_title,title.title,benchmarks/job/../../data/job/title__title.csv,job-csv,utf8,FftStr1,static,full-scan,full-scan,prefix_kung_fu_panda,Kung Fu Panda%,0,2528312,41409377,41409377,2528312,2528312,0,0,0,748959929,0,5069,251,10018134,10018385,2528312,1303963,15,3.9624797097826536,3.9623804340603535,0.24193517811195275,
job_title_title,title.title,benchmarks/job/../../data/job/title__title.csv,job-csv,utf8,FftStr1,static,full-scan,full-scan,prefix_kung_fu_panda,Kung Fu Panda%,1,2528312,41409377,41409377,2528312,2528312,0,0,0,748959929,0,5069,90,10059513,10059603,2528312,1303963,15,3.978782286363392,3.978746689490854,0.2429305565258806,
job_title_title,title.title,benchmarks/job/../../data/job/title__title.csv,job-csv,utf8,FftStr1,static,full-scan,full-scan,prefix_kung_fu_panda,Kung Fu Panda%,2,2528312,41409377,41409377,2528312,2528312,0,0,0,748959929,0,5069,91,10116002,10116093,2528312,1303963,15,4.001125256693003,4.001089264299659,0.24429474029517517,
job_title_title,title.title,benchmarks/job/../../data/job/title__title.csv,job-csv,utf8,FftStr1,static,full-scan,full-scan,prefix_kung_fu_panda,Kung Fu Panda%,3,2528312,41409377,41409377,2528312,2528312,0,0,0,748959929,0,5069,81,10355278,10355359,2528312,1303963,15,4.095759937855771,4.095727900670487,0.25007280355847905,
job_title_title,title.title,benchmarks/job/../../data/job/title__title.csv,job-csv,utf8,FftStr1,static,full-scan,full-scan,prefix_kung_fu_panda,Kung Fu Panda%,4,2528312,41409377,41409377,2528312,2528312,0,0,0,748959929,0,5069,432,10291488,10291920,2528312,1303963,15,4.070668493445429,4.070497628457248,0.24854080755670388,
job_title_title,title.title,benchmarks/job/../../data/job/title__title.csv,job-csv,utf8,FftStr1,static,full-scan,full-scan,prefix_loser,Loser%,0,2528312,41409377,41409377,2528312,2528312,0,0,0,748959929,0,3460,192,10645541,10645733,2528312,2502331,72,4.210608896370385,4.210532956375637,0.2570850800290958,
job_title_title,title.title,benchmarks/job/../../data/job/title__title.csv,job-csv,utf8,FftStr1,static,full-scan,full-scan,prefix_loser,Loser%,1,2528312,41409377,41409377,2528312,2528312,0,0,0,748959929,0,3460,40,10773553,10773593,2528312,2502331,72,4.261180186622537,4.2611643657902984,0.26017278646814707,
job_title_title,title.title,benchmarks/job/../../data/job/title__title.csv,job-csv,utf8,FftStr1,static,full-scan,full-scan,prefix_loser,Loser%,2,2528312,41409377,41409377,2528312,2528312,0,0,0,748959929,0,3460,81,10727810,10727891,2528312,2502331,72,4.2431040947478005,4.243072057562516,0.2590691234016875,
job_title_title,title.title,benchmarks/job/../../data/job/title__title.csv,job-csv,utf8,FftStr1,static,full-scan,full-scan,prefix_loser,Loser%,3,2528312,41409377,41409377,2528312,2528312,0,0,0,748959929,0,3460,50,10871895,10871945,2528312,2502331,72,4.3000804489319355,4.300060672891637,0.2625479006844271,
job_title_title,title.title,benchmarks/job/../../data/job/title__title.csv,job-csv,utf8,FftStr1,static,full-scan,full-scan,prefix_loser,Loser%,4,2528312,41409377,41409377,2528312,2528312,0,0,0,748959929,0,3460,91,10838622,10838713,2528312,2502331,72,4.286936501507725,4.286900509114381,0.2617453771400618,
job_title_title,title.title,benchmarks/job/../../data/job/title__title.csv,job-csv,utf8,FftStr1,static,full-scan,full-scan,prefix_one_piece,One Piece%,0,2528312,41409377,41409377,2528312,2528312,0,0,0,748959929,0,3631,312,10188491,10188803,2528312,2000434,14,4.029883574495552,4.029760172004088,0.24605062278526915,
job_title_title,title.title,benchmarks/job/../../data/job/title__title.csv,job-csv,utf8,FftStr1,static,full-scan,full-scan,prefix_one_piece,One Piece%,1,2528312,41409377,41409377,2528312,2528312,0,0,0,748959929,0,3631,70,10343490,10343560,2528312,2000434,14,4.091093187866054,4.091065501409636,0.2497878680956731,
job_title_title,title.title,benchmarks/job/../../data/job/title__title.csv,job-csv,utf8,FftStr1,static,full-scan,full-scan,prefix_one_piece,One Piece%,2,2528312,41409377,41409377,2528312,2528312,0,0,0,748959929,0,3631,242,10114241,10114483,2528312,2000434,14,4.000488468195381,4.000392752160335,0.2442558602125311,
job_title_title,title.title,benchmarks/job/../../data/job/title__title.csv,job-csv,utf8,FftStr1,static,full-scan,full-scan,prefix_one_piece,One Piece%,3,2528312,41409377,41409377,2528312,2528312,0,0,0,748959929,0,3631,111,10028474,10028585,2528312,2000434,14,3.9665140220036137,3.9664701191941503,0.2421814991324308,
job_title_title,title.title,benchmarks/job/../../data/job/title__title.csv,job-csv,utf8,FftStr1,static,full-scan,full-scan,prefix_one_piece,One Piece%,4,2528312,41409377,41409377,2528312,2528312,0,0,0,748959929,0,3631,111,10299334,10299445,2528312,2000434,14,4.0736447875104025,4.073600884700939,0.24872252968210556,
job_title_title,title.title,benchmarks/job/../../data/job/title__title.csv,job-csv,utf8,FftStr1,static,full-scan,full-scan,prefix_saw,Saw%,0,2528312,41409377,41409377,2528312,2528312,0,0,0,748959929,0,4305,302,10031129,10031431,2528312,2526814,131,3.9676396742174225,3.9675202269340177,0.24225022752696812,
job_title_title,title.title,benchmarks/job/../../data/job/title__title.csv,job-csv,utf8,FftStr1,static,full-scan,full-scan,prefix_saw,Saw%,1,2528312,41409377,41409377,2528312,2528312,0,0,0,748959929,0,4305,40,10021151,10021191,2528312,2526814,131,3.9635895411642235,3.9635737203319845,0.24200294054170388,
job_title_title,title.title,benchmarks/job/../../data/job/title__title.csv,job-csv,utf8,FftStr1,static,full-scan,full-scan,prefix_saw,Saw%,2,2528312,41409377,41409377,2528312,2528312,0,0,0,748959929,0,4305,111,10143128,10143239,2528312,2526814,131,4.011862064492041,4.011818161682577,0.24495029229732193,
job_title_title,title.title,benchmarks/job/../../data/job/title__title.csv,job-csv,utf8,FftStr1,static,full-scan,full-scan,prefix_saw,Saw%,3,2528312,41409377,41409377,2528312,2528312,0,0,0,748959929,0,4305,101,9951295,9951396,2528312,2526814,131,3.935984166511095,3.9359442189096914,0.2403174527354034,
job_title_title,title.title,benchmarks/job/../../data/job/title__title.csv,job-csv,utf8,FftStr1,static,full-scan,full-scan,prefix_saw,Saw%,4,2528312,41409377,41409377,2528312,2528312,0,0,0,748959929,0,4305,90,10127729,10127819,2528312,2526814,131,4.0057631336638835,4.005727536791345,0.2445779128722463,
job_title_title,title.title,benchmarks/job/../../data/job/title__title.csv,job-csv,utf8,FftStr1,static,full-scan,full-scan,prefix_vampire,Vampire%,0,2528312,41409377,41409377,2528312,2528312,0,0,0,748959929,0,4466,302,11334638,11334940,2528312,2317545,284,4.483204604495015,4.48308515721161,0.2737288223389596,
job_title_title,title.title,benchmarks/job/../../data/job/title__title.csv,job-csv,utf8,FftStr1,static,full-scan,full-scan,prefix_vampire,Vampire%,1,2528312,41409377,41409377,2528312,2528312,0,0,0,748959929,0,4466,91,11690933,11691024,2528312,2317545,284,4.624043235170343,4.624007242776999,0.2823279374620874,
job_title_title,title.title,benchmarks/job/../../data/job/title__title.csv,job-csv,utf8,FftStr1,static,full-scan,full-scan,prefix_vampire,Vampire%,2,2528312,41409377,41409377,2528312,2528312,0,0,0,748959929,0,4466,50,11637061,11637111,2528312,2317545,284,4.6027195219577335,4.602699745917434,0.281025985974143,
job_title_title,title.title,benchmarks/job/../../data/job/title__title.csv,job-csv,utf8,FftStr1,static,full-scan,full-scan,prefix_vampire,Vampire%,3,2528312,41409377,41409377,2528312,2528312,0,0,0,748959929,0,4466,41,11841176,11841217,2528312,2317545,284,4.683447691582368,4.683431475229323,0.28595496619038724,
job_title_title,title.title,benchmarks/job/../../data/job/title__title.csv,job-csv,utf8,FftStr1,static,full-scan,full-scan,prefix_vampire,Vampire%,4,2528312,41409377,41409377,2528312,2528312,0,0,0,748959929,0,4466,100,11729808,11729908,2528312,2317545,284,4.639422666189932,4.639383114109335,0.28326695183074113,
job_title_title,title.title,benchmarks/job/../../data/job/title__title.csv,job-csv,utf8,FftstrV2,static,full-scan,full-scan,contains_champion,%Champion%,0,2528312,41409377,41409377,2528312,2528312,0,0,0,748959929,0,19130,332,54951210,54951542,2528312,2138136,1870,21.73447818149026,21.734346868582676,1.327031362968827,
job_title_title,title.title,benchmarks/job/../../data/job/title__title.csv,job-csv,utf8,FftstrV2,static,full-scan,full-scan,contains_champion,%Champion%,1,2528312,41409377,41409377,2528312,2528312,0,0,0,748959929,0,19130,111,54685757,54685868,2528312,2138136,1870,21.629398586883266,21.6293546840738,1.3206155697536817,
job_title_title,title.title,benchmarks/job/../../data/job/title__title.csv,job-csv,utf8,FftstrV2,static,full-scan,full-scan,contains_champion,%Champion%,2,2528312,41409377,41409377,2528312,2528312,0,0,0,748959929,0,19130,120,54650495,54650615,2528312,2138136,1870,21.615455291910177,21.61540782941346,1.3197642408384942,
job_title_title,title.title,benchmarks/job/../../data/job/title__title.csv,job-csv,utf8,FftstrV2,static,full-scan,full-scan,contains_champion,%Champion%,3,2528312,41409377,41409377,2528312,2528312,0,0,0,748959929,0,19130,111,55176214,55176325,2528312,2138136,1870,21.823384534820068,21.823340632010606,1.3324596745321717,
job_title_title,title.title,benchmarks/job/../../data/job/title__title.csv,job-csv,utf8,FftstrV2,static,full-scan,full-scan,contains_champion,%Champion%,4,2528312,41409377,41409377,2528312,2528312,0,0,0,748959929,0,19130,101,55157353,55157454,2528312,2138136,1870,21.815920661690487,21.815880714089083,1.3320039564951678,
job_title_title,title.title,benchmarks/job/../../data/job/title__title.csv,job-csv,utf8,FftstrV2,static,full-scan,full-scan,contains_freddy,%Freddy%,0,2528312,41409377,41409377,2528312,2528312,0,0,0,748959929,0,4886,252,47666587,47666839,2528312,2471557,146,18.853226579630995,18.85312690838789,1.1511121985728014,
job_title_title,title.title,benchmarks/job/../../data/job/title__title.csv,job-csv,utf8,FftstrV2,static,full-scan,full-scan,contains_freddy,%Freddy%,1,2528312,41409377,41409377,2528312,2528312,0,0,0,748959929,0,4886,111,47872146,47872257,2528312,2471557,146,18.93447367255307,18.93442976974361,1.1560728624340328,
job_title_title,title.title,benchmarks/job/../../data/job/title__title.csv,job-csv,utf8,FftstrV2,static,full-scan,full-scan,contains_freddy,%Freddy%,2,2528312,41409377,41409377,2528312,2528312,0,0,0,748959929,0,4886,111,47418679,47418790,2528312,2471557,146,18.755118039229334,18.75507413641987,1.1451220335915704,
job_title_title,title.title,benchmarks/job/../../data/job/title__title.csv,job-csv,utf8,FftstrV2,static,full-scan,full-scan,contains_freddy,%Freddy%,3,2528312,41409377,41409377,2528312,2528312,0,0,0,748959929,0,4886,100,47446168,47446268,2528312,2471557,146,18.765986159935956,18.76594660785536,1.1457856031014424,
job_title_title,title.title,benchmarks/job/../../data/job/title__title.csv,job-csv,utf8,FftstrV2,static,full-scan,full-scan,contains_freddy,%Freddy%,4,2528312,41409377,41409377,2528312,2528312,0,0,0,748959929,0,4886,101,47153135,47153236,2528312,2471557,146,18.65008590711906,18.650045959517655,1.1387091382707835,
job_title_title,title.title,benchmarks/job/../../data/job/title__title.csv,job-csv,utf8,FftstrV2,static,full-scan,full-scan,contains_jason,%Jason%,0,2528312,41409377,41409377,2528312,2528312,0,0,0,748959929,0,4505,603,53015749,53016352,2528312,2502331,482,20.96907027297264,20.968831773926635,1.2802982281042286,
job_title_title,title.title,benchmarks/job/../../data/job/title__title.csv,job-csv,utf8,FftstrV2,static,full-scan,full-scan,contains_jason,%Jason%,1,2528312,41409377,41409377,2528312,2528312,0,0,0,748959929,0,4505,110,52942082,52942192,2528312,2502331,482,20.939738450001425,20.939694942712766,1.2785073293906353,
job_title_title,title.title,benchmarks/job/../../data/job/title__title.csv,job-csv,utf8,FftstrV2,static,full-scan,full-scan,contains_jason,%Jason%,2,2528312,41409377,41409377,2528312,2528312,0,0,0,748959929,0,4505,110,53119339,53119449,2528312,2502331,482,21.009847281506396,21.00980377421774,1.2827879298932703,
job_title_title,title.title,benchmarks/job/../../data/job/title__title.csv,job-csv,utf8,FftstrV2,static,full-scan,full-scan,contains_jason,%Jason%,3,2528312,41409377,41409377,2528312,2528312,0,0,0,748959929,0,4505,110,53014172,53014282,2528312,2502331,482,20.96825154490427,20.96820803761561,1.2802482394265433,
job_title_title,title.title,benchmarks/job/../../data/job/title__title.csv,job-csv,utf8,FftstrV2,static,full-scan,full-scan,contains_jason,%Jason%,4,2528312,41409377,41409377,2528312,2528312,0,0,0,748959929,0,4505,423,52574103,52574526,2528312,2502331,482,20.794318897351275,20.794151592050348,1.2696285191636667,
job_title_title,title.title,benchmarks/job/../../data/job/title__title.csv,job-csv,utf8,FftstrV2,static,full-scan,full-scan,contains_kung_fu_panda,%Kung%Fu%Panda%,0,2528312,41409377,41409377,2528312,2528312,0,0,0,748959929,0,6776,331,48734916,48735247,2528312,1799921,20,19.27580417290271,19.275673255515933,1.176913311204851,
job_title_title,title.title,benchmarks/job/../../data/job/title__title.csv,job-csv,utf8,FftstrV2,static,full-scan,full-scan,contains_kung_fu_panda,%Kung%Fu%Panda%,1,2528312,41409377,41409377,2528312,2528312,0,0,0,748959929,0,6776,101,48774037,48774138,2528312,1799921,20,19.291186372567942,19.291146424966538,1.1778524946173423,
job_title_title,title.title,benchmarks/job/../../data/job/title__title.csv,job-csv,utf8,FftstrV2,static,full-scan,full-scan,contains_kung_fu_panda,%Kung%Fu%Panda%,2,2528312,41409377,41409377,2528312,2528312,0,0,0,748959929,0,6776,101,48170439,48170540,2528312,1799921,20,19.052450805122152,19.052410857520748,1.1632761342919986,
job_title_title,title.title,benchmarks/job/../../data/job/title__title.csv,job-csv,utf8,FftstrV2,static,full-scan,full-scan,contains_kung_fu_panda,%Kung%Fu%Panda%,3,2528312,41409377,41409377,2528312,2528312,0,0,0,748959929,0,6776,341,47519560,47519901,2528312,1799921,20,18.795109543442422,18.794974670847584,1.1475637752289778,
job_title_title,title.title,benchmarks/job/../../data/job/title__title.csv,job-csv,utf8,FftstrV2,static,full-scan,full-scan,contains_kung_fu_panda,%Kung%Fu%Panda%,4,2528312,41409377,41409377,2528312,2528312,0,0,0,748959929,0,6776,110,47903471,47903581,2528312,1799921,20,18.94686296627948,18.94681945899082,1.1568293094580968,
job_title_title,title.title,benchmarks/job/../../data/job/title__title.csv,job-csv,utf8,FftstrV2,static,full-scan,full-scan,contains_loser,%Loser%,0,2528312,41409377,41409377,2528312,2528312,0,0,0,748959929,0,4604,312,56222901,56223213,2528312,2502331,349,22.23745052034717,22.237327117855706,1.357741098109252,
job_title_title,title.title,benchmarks/job/../../data/job/title__title.csv,job-csv,utf8,FftstrV2,static,full-scan,full-scan,contains_loser,%Loser%,1,2528312,41409377,41409377,2528312,2528312,0,0,0,748959929,0,4604,111,57278796,57278907,2528312,2502331,349,22.654999462091705,22.65495555928224,1.3832351788340114,
job_title_title,title.title,benchmarks/job/../../data/job/title__title.csv,job-csv,utf8,FftstrV2,static,full-scan,full-scan,contains_loser,%Loser%,2,2528312,41409377,41409377,2528312,2528312,0,0,0,748959929,0,4604,110,55933789,55933899,2528312,2502331,349,22.123020813886892,22.122977306598237,1.350754419705469,
job_title_title,title.title,benchmarks/job/../../data/job/title__title.csv,job-csv,utf8,FftstrV2,static,full-scan,full-scan,contains_loser,%Loser%,3,2528312,41409377,41409377,2528312,2528312,0,0,0,748959929,0,4604,111,55803805,55803916,2528312,2502331,349,22.071609832963652,22.07156593015419,1.347615444685391,
job_title_title,title.title,benchmarks/job/../../data/job/title__title.csv,job-csv,utf8,FftstrV2,static,full-scan,full-scan,contains_loser,%Loser%,4,2528312,41409377,41409377,2528312,2528312,0,0,0,748959929,0,4604,342,56564720,56565062,2528312,2502331,349,22.372658912349426,22.37252364423378,1.365996450514095,
job_title_title,title.title,benchmarks/job/../../data/job/title__title.csv,job-csv,utf8,FftstrV2,static,full-scan,full-scan,contains_money,%Money%,0,2528312,41409377,41409377,2528312,2528312,0,0,0,748959929,0,5196,462,50954540,50955002,2528312,2502331,2286,20.153763459573028,20.153580728960666,1.230518440303992,
job_title_title,title.title,benchmarks/job/../../data/job/title__title.csv,job-csv,utf8,FftstrV2,static,full-scan,full-scan,contains_money,%Money%,1,2528312,41409377,41409377,2528312,2528312,0,0,0,748959929,0,5196,110,50444488,50444598,2528312,2502331,2286,19.95188805811941,19.951844550830753,1.2181926330357493,
job_title_title,title.title,benchmarks/job/../../data/job/title__title.csv,job-csv,utf8,FftstrV2,static,full-scan,full-scan,contains_money,%Money%,2,2528312,41409377,41409377,2528312,2528312,0,0,0,748959929,0,5196,100,50495898,50495998,2528312,2502331,2286,19.9722178275466,19.972178275466003,1.2194338977860015,
job_title_title,title.title,benchmarks/job/../../data/job/title__title.csv,job-csv,utf8,FftstrV2,static,full-scan,full-scan,contains_money,%Money%,3,2528312,41409377,41409377,2528312,2528312,0,0,0,748959929,0,5196,110,50545615,50545725,2528312,2502331,2286,19.991885890665394,19.991842383376735,1.2206347610590713,
job_title_title,title.title,benchmarks/job/../../data/job/title__title.csv,job-csv,utf8,FftstrV2,static,full-scan,full-scan,contains_money,%Money%,4,2528312,41409377,41409377,2528312,2528312,0,0,0,748959929,0,5196,100,51210266,51210366,2528312,2502331,2286,20.254765234670405,20.254725682589807,1.2366852560954975,
job_title_title,title.title,benchmarks/job/../../data/job/title__title.csv,job-csv,utf8,FftstrV2,static,full-scan,full-scan,contains_mord,%Mord%,0,2528312,41409377,41409377,2528312,2528312,0,0,0,748959929,0,7388,301,51572234,51572535,2528312,2520211,637,20.3980106094501,20.3978915576875,1.245431318611724,
job_title_title,title.title,benchmarks/job/../../data/job/title__title.csv,job-csv,utf8,FftstrV2,static,full-scan,full-scan,contains_mord,%Mord%,1,2528312,41409377,41409377,2528312,2528312,0,0,0,748959929,0,7388,101,58369990,58370091,2528312,2520211,637,23.08658543724034,23.086545489638937,1.4095863118153167,
job_title_title,title.title,benchmarks/job/../../data/job/title__title.csv,job-csv,utf8,FftstrV2,static,full-scan,full-scan,contains_mord,%Mord%,2,2528312,41409377,41409377,2528312,2528312,0,0,0,748959929,0,7388,111,54965945,54966056,2528312,2520211,637,21.7402187704682,21.740174867658737,1.3273818632914955,
job_title_title,title.title,benchmarks/job/../../data/job/title__title.csv,job-csv,utf8,FftstrV2,static,full-scan,full-scan,contains_mord,%Mord%,3,2528312,41409377,41409377,2528312,2528312,0,0,0,748959929,0,7388,100,52282733,52282833,2528312,2520211,637,20.67894824689358,20.678908694812982,1.2625843900042253,
job_title_title,title.title,benchmarks/job/../../data/job/title__title.csv,job-csv,utf8,FftstrV2,static,full-scan,full-scan,contains_mord,%Mord%,4,2528312,41409377,41409377,2528312,2528312,0,0,0,748959929,0,7388,100,52305475,52305575,2528312,2520211,637,20.687943181063098,20.6879036289825,1.2631335892834128,
job_title_title,title.title,benchmarks/job/../../data/job/title__title.csv,job-csv,utf8,FftstrV2,static,full-scan,full-scan,contains_movie,%Movie%,0,2528312,41409377,41409377,2528312,2528312,0,0,0,748959929,0,5083,533,74205640,74206173,2528312,2502331,3638,29.35008535338993,29.349874540800343,1.7920137508951173,
job_title_title,title.title,benchmarks/job/../../data/job/title__title.csv,job-csv,utf8,FftstrV2,static,full-scan,full-scan,contains_movie,%Movie%,1,2528312,41409377,41409377,2528312,2528312,0,0,0,748959929,0,5083,101,75110067,75110168,2528312,2502331,3638,29.707634184388635,29.707594236787234,1.813844434317377,
job_title_title,title.title,benchmarks/job/../../data/job/title__title.csv,job-csv,utf8,FftstrV2,static,full-scan,full-scan,contains_movie,%Movie%,2,2528312,41409377,41409377,2528312,2528312,0,0,0,748959929,0,5083,111,74530107,74530218,2528312,2502331,3638,29.47825189296258,29.478207990153113,1.799839152373628,
job_title_title,title.title,benchmarks/job/../../data/job/title__title.csv,job-csv,utf8,FftstrV2,static,full-scan,full-scan,contains_movie,%Movie%,3,2528312,41409377,41409377,2528312,2528312,0,0,0,748959929,0,5083,110,73568805,73568915,2528312,2502331,3638,29.09803655561497,29.097993048326313,1.776624531202196,
job_title_title,title.title,benchmarks/job/../../data/job/title__title.csv,job-csv,utf8,FftstrV2,static,full-scan,full-scan,contains_movie,%Movie%,4,2528312,41409377,41409377,2528312,2528312,0,0,0,748959929,0,5083,111,74654970,74655081,2528312,2502331,3638,29.52763780735922,29.527593904549754,1.8028544839010738,
job_title_title,title.title,benchmarks/job/../../data/job/title__title.csv,job-csv,utf8,FftstrV2,static,full-scan,full-scan,contains_murder_upper,%Murder%,0,2528312,41409377,41409377,2528312,2528312,0,0,0,748959929,0,4973,312,62967838,62968150,2528312,2471557,3622,24.90521343884774,24.905090036356274,1.5206253887857333,
job_title_title,title.title,benchmarks/job/../../data/job/title__title.csv,job-csv,utf8,FftstrV2,static,full-scan,full-scan,contains_murder_upper,%Murder%,1,2528312,41409377,41409377,2528312,2528312,0,0,0,748959929,0,4973,100,63235538,63235638,2528312,2471557,3622,25.011010508196772,25.010970956116175,1.5270849885039324,
job_title_title,title.title,benchmarks/job/../../data/job/title__title.csv,job-csv,utf8,FftstrV2,static,full-scan,full-scan,contains_murder_upper,%Murder%,2,2528312,41409377,41409377,2528312,2528312,0,0,0,748959929,0,4973,140,63155688,63155828,2528312,2471557,3622,24.97944399267179,24.979388619758954,1.5251576472642898,
job_title_title,title.title,benchmarks/job/../../data/job/title__title.csv,job-csv,utf8,FftstrV2,static,full-scan,full-scan,contains_murder_upper,%Murder%,3,2528312,41409377,41409377,2528312,2528312,0,0,0,748959929,0,4973,110,63879075,63879185,2528312,2471557,3622,25.265546736320516,25.26550322903186,1.542626082010362,
job_title_title,title.title,benchmarks/job/../../data/job/title__title.csv,job-csv,utf8,FftstrV2,static,full-scan,full-scan,contains_murder_upper,%Murder%,4,2528312,41409377,41409377,2528312,2528312,0,0,0,748959929,0,4973,110,63210432,63210542,2528312,2471557,3622,25.00108451804999,25.00104101076133,1.5264789421970777,
job_title_title,title.title,benchmarks/job/../../data/job/title__title.csv,job-csv,utf8,FftstrV2,static,full-scan,full-scan,contains_murder_lower,%murder%,0,2528312,41409377,41409377,2528312,2528312,0,0,0,748959929,0,4119,352,57944959,57945311,2528312,2471557,7,22.91857610927765,22.91843688595395,1.399328248768389,
job_title_title,title.title,benchmarks/job/../../data/job/title__title.csv,job-csv,utf8,FftstrV2,static,full-scan,full-scan,contains_murder_lower,%murder%,1,2528312,41409377,41409377,2528312,2528312,0,0,0,748959929,0,4119,100,59270116,59270216,2528312,2471557,7,23.442603602719917,23.44256405063932,1.4313235381445126,
job_title_title,title.title,benchmarks/job/../../data/job/title__title.csv,job-csv,utf8,FftstrV2,static,full-scan,full-scan,contains_murder_lower,%murder%,2,2528312,41409377,41409377,2528312,2528312,0,0,0,748959929,0,4119,110,59531762,59531872,2528312,2471557,7,23.546093994728498,23.546050487439842,1.4376423001968854,
job_title_title,title.title,benchmarks/job/../../data/job/title__title.csv,job-csv,utf8,FftstrV2,static,full-scan,full-scan,contains_murder_lower,%murder%,3,2528312,41409377,41409377,2528312,2528312,0,0,0,748959929,0,4119,100,58379538,58379638,2528312,2471557,7,23.090361474374998,23.0903219222944,1.40981686346066,
job_title_title,title.title,benchmarks/job/../../data/job/title__title.csv,job-csv,utf8,FftstrV2,static,full-scan,full-scan,contains_murder_lower,%murder%,4,2528312,41409377,41409377,2528312,2528312,0,0,0,748959929,0,4119,111,58465843,58465954,2528312,2471557,7,23.124501248263662,23.1244573454542,1.411901318872776,
job_title_title,title.title,benchmarks/job/../../data/job/title__title.csv,job-csv,utf8,FftstrV2,static,full-scan,full-scan,prefix_birdemic,Birdemic%,0,2528312,41409377,41409377,2528312,2528312,0,0,0,748959929,0,4500,462,9971274,9971736,2528312,2138136,8,3.944029059704657,3.9438463290922954,0.24080864582918018,
job_title_title,title.title,benchmarks/job/../../data/job/title__title.csv,job-csv,utf8,FftstrV2,static,full-scan,full-scan,prefix_birdemic,Birdemic%,1,2528312,41409377,41409377,2528312,2528312,0,0,0,748959929,0,4500,100,10204597,10204697,2528312,2138136,8,4.036169982185743,4.036130430105145,0.2464344488930611,
job_title_title,title.title,benchmarks/job/../../data/job/title__title.csv,job-csv,utf8,FftstrV2,static,full-scan,full-scan,prefix_birdemic,Birdemic%,2,2528312,41409377,41409377,2528312,2528312,0,0,0,748959929,0,4500,81,10031536,10031617,2528312,2138136,8,3.9677132410873344,3.96768120390205,0.2422547192632239,
job_title_title,title.title,benchmarks/job/../../data/job/title__title.csv,job-csv,utf8,FftstrV2,static,full-scan,full-scan,prefix_birdemic,Birdemic%,3,2528312,41409377,41409377,2528312,2528312,0,0,0,748959929,0,4500,90,10276339,10276429,2528312,2138136,8,4.064541480640048,4.064505883767509,0.24816671354413278,
job_title_title,title.title,benchmarks/job/../../data/job/title__title.csv,job-csv,utf8,FftstrV2,static,full-scan,full-scan,prefix_birdemic,Birdemic%,4,2528312,41409377,41409377,2528312,2528312,0,0,0,748959929,0,4500,90,10691061,10691151,2528312,2138136,8,4.228572660336225,4.228537063463686,0.25818188474557346,
job_title_title,title.title,benchmarks/job/../../data/job/title__title.csv,job-csv,utf8,FftstrV2,static,full-scan,full-scan,prefix_champion,Champion%,0,2528312,41409377,41409377,2528312,2528312,0,0,0,748959929,0,4620,422,10185454,10185876,2528312,2138136,222,4.02872588509646,4.028558975316337,0.24597993831203982,
job_title_title,title.title,benchmarks/job/../../data/job/title__title.csv,job-csv,utf8,FftstrV2,static,full-scan,full-scan,prefix_champion,Champion%,1,2528312,41409377,41409377,2528312,2528312,0,0,0,748959929,0,4620,50,9937920,9937970,2528312,2138136,222,3.930673904170055,3.9306541281297562,0.23999322665491923,
job_title_title,title.title,benchmarks/job/../../data/job/title__title.csv,job-csv,utf8,FftstrV2,static,full-scan,full-scan,prefix_champion,Champion%,2,2528312,41409377,41409377,2528312,2528312,0,0,0,748959929,0,4620,100,10050840,10050940,2528312,2138136,222,3.9753558896212176,3.97531633754062,0.24272135270231185,
job_title_title,title.title,benchmarks/job/../../data/job/title__title.csv,job-csv,utf8,FftstrV2,static,full-scan,full-scan,prefix_champion,Champion%,3,2528312,41409377,41409377,2528312,2528312,0,0,0,748959929,0,4620,80,10953380,10953460,2528312,2138136,222,4.332321327431108,4.33228968576663,0.2645164161730808,
job_title_title,title.title,benchmarks/job/../../data/job/title__title.csv,job-csv,utf8,FftstrV2,static,full-scan,full-scan,prefix_champion,Champion%,4,2528312,41409377,41409377,2528312,2528312,0,0,0,748959929,0,4620,91,16998825,16998916,2528312,2138136,222,6.723424957046441,6.723388964653097,0.41050885648436586,
job_title_title,title.title,benchmarks/job/../../data/job/title__title.csv,job-csv,utf8,FftstrV2,static,full-scan,full-scan,prefix_dragon_ball_z,Dragon Ball Z%,0,2528312,41409377,41409377,2528312,2528312,0,0,0,748959929,0,6187,813,10159723,10160536,2528312,1303963,25,4.018703387873016,4.0183818294577565,0.24536799961998945,
job_title_title,title.title,benchmarks/job/../../data/job/title__title.csv,job-csv,utf8,FftstrV2,static,full-scan,full-scan,prefix_dragon_ball_z,Dragon Ball Z%,1,2528312,41409377,41409377,2528312,2528312,0,0,0,748959929,0,6187,100,10141816,10141916,2528312,1303963,25,4.011338790465734,4.011299238385136,0.24491834301201876,
job_title_title,title.title,benchmarks/job/../../data/job/title__title.csv,job-csv,utf8,FftstrV2,static,full-scan,full-scan,prefix_dragon_ball_z,Dragon Ball Z%,2,2528312,41409377,41409377,2528312,2528312,0,0,0,748959929,0,6187,111,10189563,10189674,2528312,1303963,25,4.030228073117558,4.030184170308095,0.2460716566684884,
job_title_title,title.title,benchmarks/job/../../data/job/title__title.csv,job-csv,utf8,FftstrV2,static,full-scan,full-scan,prefix_dragon_ball_z,Dragon Ball Z%,3,2528312,41409377,41409377,2528312,2528312,0,0,0,748959929,0,6187,121,10652481,10652602,2528312,1303963,25,4.2133257287866375,4.213277870769114,0.257250960332004,
job_title_title,title.title,benchmarks/job/../../data/job/title__title.csv,job-csv,utf8,FftstrV2,static,full-scan,full-scan,prefix_dragon_ball_z,Dragon Ball Z%,4,2528312,41409377,41409377,2528312,2528312,0,0,0,748959929,0,6187,40,10100335,10100375,2528312,1303963,25,3.9949084606646648,3.994892639832426,0.24391516443244243,
job_title_title,title.title,benchmarks/job/../../data/job/title__title.csv,job-csv,utf8,FftstrV2,static,full-scan,full-scan,prefix_kung_fu_panda,Kung Fu Panda%,0,2528312,41409377,41409377,2528312,2528312,0,0,0,748959929,0,5524,392,10649209,10649601,2528312,1303963,15,4.2121387708479014,4.211983726691959,0.25717848882392025,
job_title_title,title.title,benchmarks/job/../../data/job/title__title.csv,job-csv,utf8,FftstrV2,static,full-scan,full-scan,prefix_kung_fu_panda,Kung Fu Panda%,1,2528312,41409377,41409377,2528312,2528312,0,0,0,748959929,0,5524,71,10515701,10515772,2528312,1303963,15,4.159206616904876,4.159178534927651,0.25394663628965003,
job_title_title,title.title,benchmarks/job/../../data/job/title__title.csv,job-csv,utf8,FftstrV2,static,full-scan,full-scan,prefix_kung_fu_panda,Kung Fu Panda%,2,2528312,41409377,41409377,2528312,2528312,0,0,0,748959929,0,5524,111,9954400,9954511,2528312,1303963,15,3.9372162138217117,3.9371723110122483,0.2403926772431278,
job_title_title,title.title,benchmarks/job/../../data/job/title__title.csv,job-csv,utf8,FftstrV2,static,full-scan,full-scan,prefix_kung_fu_panda,Kung Fu Panda%,3,2528312,41409377,41409377,2528312,2528312,0,0,0,748959929,0,5524,101,10328946,10329047,2528312,1303963,15,4.085352994408918,4.0853130468075145,0.2494373919221243,
job_title_title,title.title,benchmarks/job/../../data/job/title__title.csv,job-csv,utf8,FftstrV2,static,full-scan,full-scan,prefix_kung_fu_panda,Kung Fu Panda%,4,2528312,41409377,41409377,2528312,2528312,0,0,0,748959929,0,5524,111,10222064,10222175,2528312,1303963,15,4.0430828948326,4.043038992023137,0.24685652720638612,
job_title_title,title.title,benchmarks/job/../../data/job/title__title.csv,job-csv,utf8,FftstrV2,static,full-scan,full-scan,prefix_loser,Loser%,0,2528312,41409377,41409377,2528312,2528312,0,0,0,748959929,0,4911,503,11444774,11445277,2528312,2502331,72,4.526845183664041,4.526646236698635,0.27639336375430135,
job_title_title,title.title,benchmarks/job/../../data/job/title__title.csv,job-csv,utf8,FftstrV2,static,full-scan,full-scan,prefix_loser,Loser%,1,2528312,41409377,41409377,2528312,2528312,0,0,0,748959929,0,4911,100,11420047,11420147,2528312,2502331,72,4.5169057458098525,4.516866193729255,0.2757864963773785,
job_title_title,title.title,benchmarks/job/../../data/job/title__title.csv,job-csv,utf8,FftstrV2,static,full-scan,full-scan,prefix_loser,Loser%,2,2528312,41409377,41409377,2528312,2528312,0,0,0,748959929,0,4911,81,11353848,11353929,2528312,2502331,72,4.490715149079702,4.490683111894418,0.2741873899720829,
job_title_title,title.title,benchmarks/job/../../data/job/title__title.csv,job-csv,utf8,FftstrV2,static,full-scan,full-scan,prefix_loser,Loser%,3,2528312,41409377,41409377,2528312,2528312,0,0,0,748959929,0,4911,80,11394476,11394556,2528312,2502331,72,4.506783972864109,4.50675233119963,0.2751684962562948,
job_title_title,title.title,benchmarks/job/../../data/job/title__title.csv,job-csv,utf8,FftstrV2,static,full-scan,full-scan,prefix_loser,Loser%,4,2528312,41409377,41409377,2528312,2528312,0,0,0,748959929,0,4911,372,11410887,11411259,2528312,2502331,72,4.513390356886334,4.51324322314651,0.2755718590018874,
job_title_title,title.title,benchmarks/job/../../data/job/title__title.csv,job-csv,utf8,FftstrV2,static,full-scan,full-scan,prefix_one_piece,One Piece%,0,2528312,41409377,41409377,2528312,2528312,0,0,0,748959929,0,4831,412,10433020,10433432,2528312,2000434,14,4.126639433740772,4.12647647916871,0.25195819777728123,
job_title_title,title.title,benchmarks/job/../../data/job/title__title.csv,job-csv,utf8,FftstrV2,static,full-scan,full-scan,prefix_one_piece,One Piece%,1,2528312,41409377,41409377,2528312,2528312,0,0,0,748959929,0,4831,80,10494777,10494857,2528312,2000434,14,4.1509342992478775,4.1509026575834,0.2534415574520718,
job_title_title,title.title,benchmarks/job/../../data/job/title__title.csv,job-csv,utf8,FftstrV2,static,full-scan,full-scan,prefix_one_piece,One Piece%,2,2528312,41409377,41409377,2528312,2528312,0,0,0,748959929,0,4831,101,10400177,10400278,2528312,2000434,14,4.113526336939429,4.113486389338025,0.251157557864249,
job_title_title,title.title,benchmarks/job/../../data/job/title__title.csv,job-csv,utf8,FftstrV2,static,full-scan,full-scan,prefix_one_piece,One Piece%,3,2528312,41409377,41409377,2528312,2528312,0,0,0,748959929,0,4831,50,10558284,10558334,2528312,2000434,14,4.176040773448847,4.176020997408548,0.25497447112039384,
job_title_title,title.title,benchmarks/job/../../data/job/title__title.csv,job-csv,utf8,FftstrV2,static,full-scan,full-scan,prefix_one_piece,One Piece%,4,2528312,41409377,41409377,2528312,2528312,0,0,0,748959929,0,4831,90,10501990,10502080,2528312,2000434,14,4.153791146029445,4.153755549156908,0.2536159865433378,
job_title_title,title.title,benchmarks/job/../../data/job/title__title.csv,job-csv,utf8,FftstrV2,static,full-scan,full-scan,prefix_saw,Saw%,0,2528312,41409377,41409377,2528312,2528312,0,0,0,748959929,0,3756,422,10653044,10653466,2528312,2526814,131,4.213667458763001,4.2135005489828785,0.2572718251713857,
job_title_title,title.title,benchmarks/job/../../data/job/title__title.csv,job-csv,utf8,FftstrV2,static,full-scan,full-scan,prefix_saw,Saw%,1,2528312,41409377,41409377,2528312,2528312,0,0,0,748959929,0,3756,100,10675584,10675684,2528312,2526814,131,4.222455140030186,4.222415587949588,0.25780837031187404,
job_title_title,title.title,benchmarks/job/../../data/job/title__title.csv,job-csv,utf8,FftstrV2,static,full-scan,full-scan,prefix_saw,Saw%,2,2528312,41409377,41409377,2528312,2528312,0,0,0,748959929,0,3756,80,10527501,10527581,2528312,2526814,131,4.1638773221026515,4.163845680438174,0.2542318132436525,
job_title_title,title.title,benchmarks/job/../../data/job/title__title.csv,job-csv,utf8,FftstrV2,static,full-scan,full-scan,prefix_saw,Saw%,3,2528312,41409377,41409377,2528312,2528312,0,0,0,748959929,0,3756,80,10376133,10376213,2528312,2526814,131,4.1040081287436045,4.103976487079127,0.2505764092997584,
job_title_title,title.title,benchmarks/job/../../data/job/title__title.csv,job-csv,utf8,FftstrV2,static,full-scan,full-scan,prefix_saw,Saw%,4,2528312,41409377,41409377,2528312,2528312,0,0,0,748959929,0,3756,91,10668744,10668835,2528312,2526814,131,4.219746218030053,4.219710225636709,0.25764297299135897,
job_title_title,title.title,benchmarks/job/../../data/job/title__title.csv,job-csv,utf8,FftstrV2,static,full-scan,full-scan,prefix_vampire,Vampire%,0,2528312,41409377,41409377,2528312,2528312,0,0,0,748959929,0,5002,643,11785362,11786005,2528312,2317545,284,4.661610196842795,4.661355876964552,0.2846216449960114,
job_title_title,title.title,benchmarks/job/../../data/job/title__title.csv,job-csv,utf8,FftstrV2,static,full-scan,full-scan,prefix_vampire,Vampire%,1,2528312,41409377,41409377,2528312,2528312,0,0,0,748959929,0,5002,110,12057696,12057806,2528312,2317545,284,4.7691131474280075,4.7690696401393495,0.29118539986728126,
job_title_title,title.title,benchmarks/job/../../data/job/title__title.csv,job-csv,utf8,FftstrV2,static,full-scan,full-scan,prefix_vampire,Vampire%,2,2528312,41409377,41409377,2528312,2528312,0,0,0,748959929,0,5002,80,12059114,12059194,2528312,2317545,284,4.769662130306703,4.769630488642225,0.291218918845362,
job_title_title,title.title,benchmarks/job/../../data/job/title__title.csv,job-csv,utf8,FftstrV2,static,full-scan,full-scan,prefix_vampire,Vampire%,3,2528312,41409377,41409377,2528312,2528312,0,0,0,748959929,0,5002,101,12074826,12074927,2528312,2317545,284,4.775884859147131,4.775844911545727,0.2915988569448896,
job_title_title,title.title,benchmarks/job/../../data/job/title__title.csv,job-csv,utf8,FftstrV2,static,full-scan,full-scan,prefix_vampire,Vampire%,4,2528312,41409377,41409377,2528312,2528312,0,0,0,748959929,0,5002,100,12248921,12249021,2528312,2317545,284,4.844742658342799,4.844703106262202,0.29580307378205667,
job_title_title,title.title,benchmarks/job/../../data/job/title__title.csv,job-csv,utf8,LibcMemmem,static,full-scan,full-scan,contains_champion,%Champion%,0,2528312,41409377,41409377,2528312,2528312,0,0,0,748959929,0,2560,281,57988712,57988993,2528312,2138136,1870,22.935853249124317,22.935742107777838,1.400383130613146,
job_title_title,title.title,benchmarks/job/../../data/job/title__title.csv,job-csv,utf8,LibcMemmem,static,full-scan,full-scan,contains_champion,%Champion%,1,2528312,41409377,41409377,2528312,2528312,0,0,0,748959929,0,2560,121,64412684,64412805,2528312,2138136,1870,25.476604548805685,25.47655669078816,1.5555125352405084,
job_title_title,title.title,benchmarks/job/../../data/job/title__title.csv,job-csv,utf8,LibcMemmem,static,full-scan,full-scan,contains_champion,%Champion%,2,2528312,41409377,41409377,2528312,2528312,0,0,0,748959929,0,2560,331,58207104,58207435,2528312,2138136,1870,23.02225160502343,23.02212068763665,1.40565831260876,
job_title_title,title.title,benchmarks/job/../../data/job/title__title.csv,job-csv,utf8,LibcMemmem,static,full-scan,full-scan,contains_champion,%Champion%,3,2528312,41409377,41409377,2528312,2528312,0,0,0,748959929,0,2560,101,58708714,58708815,2528312,2138136,1870,23.220557826723915,23.220517879122514,1.4177661982212386,
job_title_title,title.title,benchmarks/job/../../data/job/title__title.csv,job-csv,utf8,LibcMemmem,static,full-scan,full-scan,contains_champion,%Champion%,4,2528312,41409377,41409377,2528312,2528312,0,0,0,748959929,0,2560,110,58797521,58797631,2528312,2138136,1870,23.255686402627525,23.255642895338866,1.4199110264324915,
job_title_title,title.title,benchmarks/job/../../data/job/title__title.csv,job-csv,utf8,LibcMemmem,static,full-scan,full-scan,contains_freddy,%Freddy%,0,2528312,41409377,41409377,2528312,2528312,0,0,0,748959929,0,2298,723,64056914,64057637,2528312,2471557,146,25.33612821518863,25.33584225364591,1.5469355407109844,
job_title_title,title.title,benchmarks/job/../../data/job/title__title.csv,job-csv,utf8,LibcMemmem,static,full-scan,full-scan,contains_freddy,%Freddy%,1,2528312,41409377,41409377,2528312,2528312,0,0,0,748959929,0,2298,110,64428569,64428679,2528312,2471557,146,25.482883046079756,25.482839538791097,1.5558958783659074,
job_title_title,title.title,benchmarks/job/../../data/job/title__title.csv,job-csv,utf8,LibcMemmem,static,full-scan,full-scan,contains_freddy,%Freddy%,2,2528312,41409377,41409377,2528312,2528312,0,0,0,748959929,0,2298,100,64983293,64983393,2528312,2471557,146,25.702283974446193,25.702244422365595,1.56929173312605,
job_title_title,title.title,benchmarks/job/../../data/job/title__title.csv,job-csv,utf8,LibcMemmem,static,full-scan,full-scan,contains_freddy,%Freddy%,3,2528312,41409377,41409377,2528312,2528312,0,0,0,748959929,0,2298,120,65112261,65112381,2528312,2471557,146,25.753301412167485,25.753253949670768,1.572406679772072,
job_title_title,title.title,benchmarks/job/../../data/job/title__title.csv,job-csv,utf8,LibcMemmem,static,full-scan,full-scan,contains_freddy,%Freddy%,4,2528312,41409377,41409377,2528312,2528312,0,0,0,748959929,0,2298,110,63707327,63707437,2528312,2471557,146,25.19761682893567,25.197573321647013,1.5384785190079049,
job_title_title,title.title,benchmarks/job/../../data/job/title__title.csv,job-csv,utf8,LibcMemmem,static,full-scan,full-scan,contains_jason,%Jason%,0,2528312,41409377,41409377,2528312,2528312,0,0,0,748959929,0,2839,462,65954337,65954799,2528312,2502331,482,26.086495258496576,26.086312527884218,1.5927503328533534,
job_title_title,title.title,benchmarks/job/../../data/job/title__title.csv,job-csv,utf8,LibcMemmem,static,full-scan,full-scan,contains_jason,%Jason%,1,2528312,41409377,41409377,2528312,2528312,0,0,0,748959929,0,2839,111,66364668,66364779,2528312,2502331,482,26.248650878530814,26.24860697572135,1.6026509889293916,
job_title_title,title.title,benchmarks/job/../../data/job/title__title.csv,job-csv,utf8,LibcMemmem,static,full-scan,full-scan,contains_jason,%Jason%,2,2528312,41409377,41409377,2528312,2528312,0,0,0,748959929,0,2839,111,64808622,64808733,2528312,2502331,482,25.63320231047434,25.633158407664876,1.5650738478871584,
job_title_title,title.title,benchmarks/job/../../data/job/title__title.csv,job-csv,utf8,LibcMemmem,static,full-scan,full-scan,contains_jason,%Jason%,3,2528312,41409377,41409377,2528312,2528312,0,0,0,748959929,0,2839,100,65207280,65207380,2528312,2502331,482,25.790875493214443,25.790835941133846,1.5747008219901497,
job_title_title,title.title,benchmarks/job/../../data/job/title__title.csv,job-csv,utf8,LibcMemmem,static,full-scan,full-scan,contains_jason,%Jason%,4,2528312,41409377,41409377,2528312,2528312,0,0,0,748959929,0,2839,111,66127918,66128029,2528312,2502331,482,26.155011327715883,26.15496742490642,1.5969336848511388,
job_title_title,title.title,benchmarks/job/../../data/job/title__title.csv,job-csv,utf8,LibcMemmem,static,full-scan,full-scan,contains_kung_fu_panda,%Kung%Fu%Panda%,0,2528312,41409377,41409377,2528312,2528312,0,0,0,748959929,0,2558,261,57985642,57985903,2528312,1799921,20,22.93463108983385,22.93452785890349,1.400308509833413,
job_title_title,title.title,benchmarks/job/../../data/job/title__title.csv,job-csv,utf8,LibcMemmem,static,full-scan,full-scan,contains_kung_fu_panda,%Kung%Fu%Panda%,1,2528312,41409377,41409377,2528312,2528312,0,0,0,748959929,0,2558,120,58075556,58075676,2528312,1799921,20,22.970138179148776,22.97009071665206,1.402476448752175,
job_title_title,title.title,benchmarks/job/../../data/job/title__title.csv,job-csv,utf8,LibcMemmem,static,full-scan,full-scan,contains_kung_fu_panda,%Kung%Fu%Panda%,2,2528312,41409377,41409377,2528312,2528312,0,0,0,748959929,0,2558,100,58234970,58235070,2528312,1799921,20,23.03318182249659,23.033142270415993,1.406325673530418,
job_title_title,title.title,benchmarks/job/../../data/job/title__title.csv,job-csv,utf8,LibcMemmem,static,full-scan,full-scan,contains_kung_fu_panda,%Kung%Fu%Panda%,3,2528312,41409377,41409377,2528312,2528312,0,0,0,748959929,0,2558,110,58197732,58197842,2528312,1799921,20,23.0184573739317,23.01841386664304,1.4054266501039125,
job_title_title,title.title,benchmarks/job/../../data/job/title__title.csv,job-csv,utf8,LibcMemmem,static,full-scan,full-scan,contains_kung_fu_panda,%Kung%Fu%Panda%,4,2528312,41409377,41409377,2528312,2528312,0,0,0,748959929,0,2558,111,57724815,57724926,2528312,1799921,20,22.831409256452528,22.83136535364306,1.3940061450332857,
job_title_title,title.title,benchmarks/job/../../data/job/title__title.csv,job-csv,utf8,LibcMemmem,static,full-scan,full-scan,contains_loser,%Loser%,0,2528312,41409377,41409377,2528312,2528312,0,0,0,748959929,0,2699,261,66075333,66075594,2528312,2502331,349,26.134272194254507,26.134168963324147,1.5956674257620442,
job_title_title,title.title,benchmarks/job/../../data/job/title__title.csv,job-csv,utf8,LibcMemmem,static,full-scan,full-scan,contains_loser,%Loser%,1,2528312,41409377,41409377,2528312,2528312,0,0,0,748959929,0,2699,110,65959516,65959626,2528312,2502331,349,26.088404437427027,26.088360930138368,1.5928669006539267,
job_title_title,title.title,benchmarks/job/../../data/job/title__title.csv,job-csv,utf8,LibcMemmem,static,full-scan,full-scan,contains_loser,%Loser%,2,2528312,41409377,41409377,2528312,2528312,0,0,0,748959929,0,2699,110,65757367,65757477,2528312,2502331,349,26.00845030201969,26.00840679473103,1.5879851802648468,
job_title_title,title.title,benchmarks/job/../../data/job/title__title.csv,job-csv,utf8,LibcMemmem,static,full-scan,full-scan,contains_loser,%Loser%,3,2528312,41409377,41409377,2528312,2528312,0,0,0,748959929,0,2699,110,76889898,76890008,2528312,2502331,349,30.41159793569781,30.41155442840915,1.8568260034436161,
job_title_title,title.title,benchmarks/job/../../data/job/title__title.csv,job-csv,utf8,LibcMemmem,static,full-scan,full-scan,contains_loser,%Loser%,4,2528312,41409377,41409377,2528312,2528312,0,0,0,748959929,0,2699,110,65914655,65914765,2528312,2502331,349,26.070660978550116,26.070617471261457,1.591783546997097,
job_title_title,title.title,benchmarks/job/../../data/job/title__title.csv,job-csv,utf8,LibcMemmem,static,full-scan,full-scan,contains_money,%Money%,0,2528312,41409377,41409377,2528312,2528312,0,0,0,748959929,0,2689,361,65488496,65488857,2528312,2502331,2286,25.902205503118285,25.902062720107327,1.5814982437431986,
job_title_title,title.title,benchmarks/job/../../data/job/title__title.csv,job-csv,utf8,LibcMemmem,static,full-scan,full-scan,contains_money,%Money%,1,2528312,41409377,41409377,2528312,2528312,0,0,0,748959929,0,2689,111,64607939,64608050,2528312,2502331,2286,25.553828008568562,25.5537841057591,1.5602275301074924,
job_title_title,title.title,benchmarks/job/../../data/job/title__title.csv,job-csv,utf8,LibcMemmem,static,full-scan,full-scan,contains_money,%Money%,2,2528312,41409377,41409377,2528312,2528312,0,0,0,748959929,0,2689,111,66060024,66060135,2528312,2502331,2286,26.128157838114916,26.128113935305453,1.595294104521302,
job_title_title,title.title,benchmarks/job/../../data/job/title__title.csv,job-csv,utf8,LibcMemmem,static,full-scan,full-scan,contains_money,%Money%,3,2528312,41409377,41409377,2528312,2528312,0,0,0,748959929,0,2689,110,65825430,65825540,2528312,2502331,2286,26.035370634636866,26.035327127348207,1.5896288417959052,
job_title_title,title.title,benchmarks/job/../../data/job/title__title.csv,job-csv,utf8,LibcMemmem,static,full-scan,full-scan,contains_money,%Money%,4,2528312,41409377,41409377,2528312,2528312,0,0,0,748959929,0,2689,111,65909288,65909399,2528312,2502331,2286,26.068538613905247,26.06849471109578,1.5916539628210296,
job_title_title,title.title,benchmarks/job/../../data/job/title__title.csv,job-csv,utf8,LibcMemmem,static,full-scan,full-scan,contains_mord,%Mord%,0,2528312,41409377,41409377,2528312,2528312,0,0,0,748959929,0,2467,692,67070537,67071229,2528312,2520211,637,26.528066551912897,26.527792851515162,1.6197111345094615,
job_title_title,title.title,benchmarks/job/../../data/job/title__title.csv,job-csv,utf8,LibcMemmem,static,full-scan,full-scan,contains_mord,%Mord%,1,2528312,41409377,41409377,2528312,2528312,0,0,0,748959929,0,2467,111,67027672,67027783,2528312,2520211,637,26.510882754976443,26.51083885216698,1.618661951856943,
job_title_title,title.title,benchmarks/job/../../data/job/title__title.csv,job-csv,utf8,LibcMemmem,static,full-scan,full-scan,contains_mord,%Mord%,2,2528312,41409377,41409377,2528312,2528312,0,0,0,748959929,0,2467,121,66236864,66236985,2528312,2520211,637,26.198105692651858,26.198057834634334,1.5995648763322374,
job_title_title,title.title,benchmarks/job/../../data/job/title__title.csv,job-csv,utf8,LibcMemmem,static,full-scan,full-scan,contains_mord,%Mord%,3,2528312,41409377,41409377,2528312,2528312,0,0,0,748959929,0,2467,110,66933942,66934052,2528312,2520211,637,26.47381019431146,26.473766687022803,1.6163984307225874,
job_title_title,title.title,benchmarks/job/../../data/job/title__title.csv,job-csv,utf8,LibcMemmem,static,full-scan,full-scan,contains_mord,%Mord%,4,2528312,41409377,41409377,2528312,2528312,0,0,0,748959929,0,2467,210,67347607,67347817,2528312,2520211,637,26.63746286059632,26.637379801227063,1.6263904912165184,
job_title_title,title.title,benchmarks/job/../../data/job/title__title.csv,job-csv,utf8,LibcMemmem,static,full-scan,full-scan,contains_movie,%Movie%,0,2528312,41409377,41409377,2528312,2528312,0,0,0,748959929,0,2006,461,64744831,64745292,2528312,2502331,3638,25.60811007502239,25.60792773993083,1.563541803587144,
job_title_title,title.title,benchmarks/job/../../data/job/title__title.csv,job-csv,utf8,LibcMemmem,static,full-scan,full-scan,contains_movie,%Movie%,1,2528312,41409377,41409377,2528312,2528312,0,0,0,748959929,0,2006,100,64475049,64475149,2528312,2502331,3638,25.501262897933483,25.501223345852885,1.5570180879562616,
job_title_title,title.title,benchmarks/job/../../data/job/title__title.csv,job-csv,utf8,LibcMemmem,static,full-scan,full-scan,contains_movie,%Movie%,2,2528312,41409377,41409377,2528312,2528312,0,0,0,748959929,0,2006,100,65085646,65085746,2528312,2502331,3638,25.742766715500302,25.742727163419705,1.5717634679700687,
job_title_title,title.title,benchmarks/job/../../data/job/title__title.csv,job-csv,utf8,LibcMemmem,static,full-scan,full-scan,contains_movie,%Movie%,3,2528312,41409377,41409377,2528312,2528312,0,0,0,748959929,0,2006,110,64751700,64751810,2528312,2502331,3638,25.61068807963574,25.610644572347084,1.5636992075490534,
job_title_title,title.title,benchmarks/job/../../data/job/title__title.csv,job-csv,utf8,LibcMemmem,static,full-scan,full-scan,contains_movie,%Movie%,4,2528312,41409377,41409377,2528312,2528312,0,0,0,748959929,0,2006,110,65023204,65023314,2528312,2502331,3638,25.71807356054158,25.71803005325292,1.570255790131786,
job_title_title,title.title,benchmarks/job/../../data/job/title__title.csv,job-csv,utf8,LibcMemmem,static,full-scan,full-scan,contains_murder_upper,%Murder%,0,2528312,41409377,41409377,2528312,2528312,0,0,0,748959929,0,1906,431,66953753,66954184,2528312,2471557,3622,26.48177281917738,26.481602349710005,1.616884600799476,
job_title_title,title.title,benchmarks/job/../../data/job/title__title.csv,job-csv,utf8,LibcMemmem,static,full-scan,full-scan,contains_murder_upper,%Murder%,1,2528312,41409377,41409377,2528312,2528312,0,0,0,748959929,0,1906,161,66102069,66102230,2528312,2471557,3622,26.144807286442497,26.144743607592734,1.596310661713167,
job_title_title,title.title,benchmarks/job/../../data/job/title__title.csv,job-csv,utf8,LibcMemmem,static,full-scan,full-scan,contains_murder_upper,%Murder%,2,2528312,41409377,41409377,2528312,2528312,0,0,0,748959929,0,1906,111,65872084,65872195,2528312,2471557,3622,26.053823657839697,26.053779755030234,1.5907555189733957,
job_title_title,title.title,benchmarks/job/../../data/job/title__title.csv,job-csv,utf8,LibcMemmem,static,full-scan,full-scan,contains_murder_upper,%Murder%,3,2528312,41409377,41409377,2528312,2528312,0,0,0,748959929,0,1906,110,65282028,65282138,2528312,2471557,3622,25.820443837627636,25.820400330338977,1.5765061618772966,
job_title_title,title.title,benchmarks/job/../../data/job/title__title.csv,job-csv,utf8,LibcMemmem,static,full-scan,full-scan,contains_murder_upper,%Murder%,4,2528312,41409377,41409377,2528312,2528312,0,0,0,748959929,0,1906,100,66279178,66279278,2528312,2471557,3622,26.21483345409902,26.21479390201842,1.6005862150497943,
job_title_title,title.title,benchmarks/job/../../data/job/title__title.csv,job-csv,utf8,LibcMemmem,static,full-scan,full-scan,contains_murder_lower,%murder%,0,2528312,41409377,41409377,2528312,2528312,0,0,0,748959929,0,1524,271,66070196,66070467,2528312,2471557,7,26.132244359082264,26.132137172943846,1.5955436132255745,
job_title_title,title.title,benchmarks/job/../../data/job/title__title.csv,job-csv,utf8,LibcMemmem,static,full-scan,full-scan,contains_murder_lower,%murder%,1,2528312,41409377,41409377,2528312,2528312,0,0,0,748959929,0,1524,100,65756630,65756730,2528312,2471557,7,26.00815484797762,26.008115295897024,1.5879671408724647,
job_title_title,title.title,benchmarks/job/../../data/job/title__title.csv,job-csv,utf8,LibcMemmem,static,full-scan,full-scan,contains_murder_lower,%murder%,2,2528312,41409377,41409377,2528312,2528312,0,0,0,748959929,0,1524,110,66959682,66959792,2528312,2471557,7,26.483990899857297,26.483947392568638,1.6170200290624996,
job_title_title,title.title,benchmarks/job/../../data/job/title__title.csv,job-csv,utf8,LibcMemmem,static,full-scan,full-scan,contains_murder_lower,%murder%,3,2528312,41409377,41409377,2528312,2528312,0,0,0,748959929,0,1524,120,66271377,66271497,2528312,2471557,7,26.211755906707715,26.211708444211,1.6003983107497608,
job_title_title,title.title,benchmarks/job/../../data/job/title__title.csv,job-csv,utf8,LibcMemmem,static,full-scan,full-scan,contains_murder_lower,%murder%,4,2528312,41409377,41409377,2528312,2528312,0,0,0,748959929,0,1524,100,65638218,65638318,2528312,2471557,7,25.961320438300337,25.96128088621974,1.5851075953159113,
job_title_title,title.title,benchmarks/job/../../data/job/title__title.csv,job-csv,utf8,LibcMemmem,static,full-scan,full-scan,prefix_birdemic,Birdemic%,0,2528312,41409377,41409377,2528312,2528312,0,0,0,748959929,0,1875,271,9300589,9300860,2528312,2138136,8,3.6786836434743813,3.6785764573359616,0.2246075810317069,
job_title_title,title.title,benchmarks/job/../../data/job/title__title.csv,job-csv,utf8,LibcMemmem,static,full-scan,full-scan,prefix_birdemic,Birdemic%,1,2528312,41409377,41409377,2528312,2528312,0,0,0,748959929,0,1875,100,9331831,9331931,2528312,2138136,8,3.6909728704368763,3.690933318356279,0.22535791832849839,
job_title_title,title.title,benchmarks/job/../../data/job/title__title.csv,job-csv,utf8,LibcMemmem,static,full-scan,full-scan,prefix_birdemic,Birdemic%,2,2528312,41409377,41409377,2528312,2528312,0,0,0,748959929,0,1875,100,9264566,9264666,2528312,2138136,8,3.6643681634228686,3.664328611342271,0.22373352779492434,
job_title_title,title.title,benchmarks/job/../../data/job/title__title.csv,job-csv,utf8,LibcMemmem,static,full-scan,full-scan,prefix_birdemic,Birdemic%,3,2528312,41409377,41409377,2528312,2528312,0,0,0,748959929,0,1875,100,9352628,9352728,2528312,2138136,8,3.699198516638769,3.6991589645581717,0.2258601475699574,
job_title_title,title.title,benchmarks/job/../../data/job/title__title.csv,job-csv,utf8,LibcMemmem,static,full-scan,full-scan,prefix_birdemic,Birdemic%,4,2528312,41409377,41409377,2528312,2528312,0,0,0,748959929,0,1875,100,9130983,9131083,2528312,2138136,8,3.611533307598113,3.611493755517515,0.22050761594408919,
job_title_title,title.title,benchmarks/job/../../data/job/title__title.csv,job-csv,utf8,LibcMemmem,static,full-scan,full-scan,prefix_champion,Champion%,0,2528312,41409377,41409377,2528312,2528312,0,0,0,748959929,0,1665,551,9212639,9213190,2528312,2138136,222,3.6440083344144236,3.6437904024503305,0.22249042771157845,
job_title_title,title.title,benchmarks/job/../../data/job/title__title.csv,job-csv,utf8,LibcMemmem,static,full-scan,full-scan,prefix_champion,Champion%,1,2528312,41409377,41409377,2528312,2528312,0,0,0,748959929,0,1665,80,9402178,9402258,2528312,2138136,222,3.7187886621587842,3.718757020494306,0.2270562534664552,
job_title_title,title.title,benchmarks/job/../../data/job/title__title.csv,job-csv,utf8,LibcMemmem,static,full-scan,full-scan,prefix_champion,Champion%,2,2528312,41409377,41409377,2528312,2528312,0,0,0,748959929,0,1665,40,9486689,9486729,2528312,2138136,222,3.7521987001604233,3.7521828793281844,0.2290961537528082,
job_title_title,title.title,benchmarks/job/../../data/job/title__title.csv,job-csv,utf8,LibcMemmem,static,full-scan,full-scan,prefix_champion,Champion%,3,2528312,41409377,41409377,2528312,2528312,0,0,0,748959929,0,1665,40,9417057,9417097,2528312,2138136,222,3.7246577953986693,3.7246419745664303,0.22741460225301144,
job_title_title,title.title,benchmarks/job/../../data/job/title__title.csv,job-csv,utf8,LibcMemmem,static,full-scan,full-scan,prefix_champion,Champion%,4,2528312,41409377,41409377,2528312,2528312,0,0,0,748959929,0,1665,40,9423865,9423905,2528312,2138136,222,3.727350501045757,3.727334680213518,0.2275790094596207,
job_title_title,title.title,benchmarks/job/../../data/job/title__title.csv,job-csv,utf8,LibcMemmem,static,full-scan,full-scan,prefix_dragon_ball_z,Dragon Ball Z%,0,2528312,41409377,41409377,2528312,2528312,0,0,0,748959929,0,2526,441,9835580,9836021,2528312,1303963,25,3.8903509535215592,3.8901765288461236,0.2375312480552412,
job_title_title,title.title,benchmarks/job/../../data/job/title__title.csv,job-csv,utf8,LibcMemmem,static,full-scan,full-scan,prefix_dragon_ball_z,Dragon Ball Z%,1,2528312,41409377,41409377,2528312,2528312,0,0,0,748959929,0,2526,80,9758447,9758527,2528312,1303963,25,3.8597004641832178,3.85966882251874,0.2356598361767191,
job_title_title,title.title,benchmarks/job/../../data/job/title__title.csv,job-csv,utf8,LibcMemmem,static,full-scan,full-scan,prefix_dragon_ball_z,Dragon Ball Z%,2,2528312,41409377,41409377,2528312,2528312,0,0,0,748959929,0,2526,101,9865107,9865208,2528312,1303963,25,3.9018950192855946,3.901855071684191,0.23823608841060323,
job_title_title,title.title,benchmarks/job/../../data/job/title__title.csv,job-csv,utf8,LibcMemmem,static,full-scan,full-scan,prefix_dragon_ball_z,Dragon Ball Z%,3,2528312,41409377,41409377,2528312,2528312,0,0,0,748959929,0,2526,80,9694669,9694749,2528312,1303963,25,3.83447493821965,3.834443296555172,0.234119653623381,
job_title_title,title.title,benchmarks/job/../../data/job/title__title.csv,job-csv,utf8,LibcMemmem,static,full-scan,full-scan,prefix_dragon_ball_z,Dragon Ball Z%,4,2528312,41409377,41409377,2528312,2528312,0,0,0,748959929,0,2526,40,9615841,9615881,2528312,1303963,25,3.8032810032938973,3.8032651824616583,0.23221506085445331,
job_title_title,title.title,benchmarks/job/../../data/job/title__title.csv,job-csv,utf8,LibcMemmem,static,full-scan,full-scan,prefix_kung_fu_panda,Kung Fu Panda%,0,2528312,41409377,41409377,2528312,2528312,0,0,0,748959929,0,2357,331,9651696,9652027,2528312,1303963,15,3.817577498346723,3.817446580959945,0.2330879549334925,
job_title_title,title.title,benchmarks/job/../../data/job/title__title.csv,job-csv,utf8,LibcMemmem,static,full-scan,full-scan,prefix_kung_fu_panda,Kung Fu Panda%,1,2528312,41409377,41409377,2528312,2528312,0,0,0,748959929,0,2357,80,9727666,9727746,2528312,1303963,15,3.847525938254456,3.8474942965899777,0.23491650212462747,
job_title_title,title.title,benchmarks/job/../../data/job/title__title.csv,job-csv,utf8,LibcMemmem,static,full-scan,full-scan,prefix_kung_fu_panda,Kung Fu Panda%,2,2528312,41409377,41409377,2528312,2528312,0,0,0,748959929,0,2357,30,10125975,10126005,2528312,1303963,15,4.0050456589218415,4.005033793297662,0.24453410636919265,
job_title_title,title.title,benchmarks/job/../../data/job/title__title.csv,job-csv,utf8,LibcMemmem,static,full-scan,full-scan,prefix_kung_fu_panda,Kung Fu Panda%,3,2528312,41409377,41409377,2528312,2528312,0,0,0,748959929,0,2357,80,9690568,9690648,2528312,1303963,15,3.8328529073943405,3.8328212657298626,0.23402061808367705,
job_title_title,title.title,benchmarks/job/../../data/job/title__title.csv,job-csv,utf8,LibcMemmem,static,full-scan,full-scan,prefix_kung_fu_panda,Kung Fu Panda%,4,2528312,41409377,41409377,2528312,2528312,0,0,0,748959929,0,2357,40,9587456,9587496,2528312,1303963,15,3.792054145216255,3.792038324384016,0.23152958809305438,
job_title_title,title.title,benchmarks/job/../../data/job/title__title.csv,job-csv,utf8,LibcMemmem,static,full-scan,full-scan,prefix_loser,Loser%,0,2528312,41409377,41409377,2528312,2528312,0,0,0,748959929,0,2446,722,10530734,10531456,2528312,2502331,72,4.165409965225811,4.165124399203895,0.2543253910823145,
job_title_title,title.title,benchmarks/job/../../data/job/title__title.csv,job-csv,utf8,LibcMemmem,static,full-scan,full-scan,prefix_loser,Loser%,1,2528312,41409377,41409377,2528312,2528312,0,0,0,748959929,0,2446,100,10544199,10544299,2528312,2502331,72,4.170489638936966,4.170450086856369,0.25463553822603996,
job_title_title,title.title,benchmarks/job/../../data/job/title__title.csv,job-csv,utf8,LibcMemmem,static,full-scan,full-scan,prefix_loser,Loser%,2,2528312,41409377,41409377,2528312,2528312,0,0,0,748959929,0,2446,80,10571662,10571742,2528312,2502331,72,4.181343916415379,4.181312274750901,0.25529826251672416,
job_title_title,title.title,benchmarks/job/../../data/job/title__title.csv,job-csv,utf8,LibcMemmem,static,full-scan,full-scan,prefix_loser,Loser%,3,2528312,41409377,41409377,2528312,2528312,0,0,0,748959929,0,2446,110,10485704,10485814,2528312,2502331,72,4.147357604599432,4.147314097310775,0.25322317696303426,
job_title_title,title.title,benchmarks/job/../../data/job/title__title.csv,job-csv,utf8,LibcMemmem,static,full-scan,full-scan,prefix_loser,Loser%,4,2528312,41409377,41409377,2528312,2528312,0,0,0,748959929,0,2446,110,10537161,10537271,2528312,2502331,72,4.167709918712564,4.167666411423906,0.25446581821310665,
job_title_title,title.title,benchmarks/job/../../data/job/title__title.csv,job-csv,utf8,LibcMemmem,static,full-scan,full-scan,prefix_one_piece,One Piece%,0,2528312,41409377,41409377,2528312,2528312,0,0,0,748959929,0,2436,491,9623702,9624193,2528312,2000434,14,3.8065685722331737,3.8063743715174394,0.23241578833702328,
job_title_title,title.title,benchmarks/job/../../data/job/title__title.csv,job-csv,utf8,LibcMemmem,static,full-scan,full-scan,prefix_one_piece,One Piece%,1,2528312,41409377,41409377,2528312,2528312,0,0,0,748959929,0,2436,90,9951485,9951575,2528312,2000434,14,3.936054964735365,3.9360193678628272,0.24032177542782157,
job_title_title,title.title,benchmarks/job/../../data/job/title__title.csv,job-csv,utf8,LibcMemmem,static,full-scan,full-scan,prefix_one_piece,One Piece%,2,2528312,41409377,41409377,2528312,2528312,0,0,0,748959929,0,2436,30,9583043,9583073,2528312,2000434,14,3.790304756691421,3.7902928910672418,0.2314227765368216,
job_title_title,title.title,benchmarks/job/../../data/job/title__title.csv,job-csv,utf8,LibcMemmem,static,full-scan,full-scan,prefix_one_piece,One Piece%,3,2528312,41409377,41409377,2528312,2528312,0,0,0,748959929,0,2436,80,9629746,9629826,2528312,2000434,14,3.808796540933239,3.8087648992687613,0.23255182032803826,
job_title_title,title.title,benchmarks/job/../../data/job/title__title.csv,job-csv,utf8,LibcMemmem,static,full-scan,full-scan,prefix_one_piece,One Piece%,4,2528312,41409377,41409377,2528312,2528312,0,0,0,748959929,0,2436,30,9791357,9791387,2528312,2000434,14,3.872697277867605,3.8726854122434258,0.23645337624857288,
job_title_title,title.title,benchmarks/job/../../data/job/title__title.csv,job-csv,utf8,LibcMemmem,static,full-scan,full-scan,prefix_saw,Saw%,0,2528312,41409377,41409377,2528312,2528312,0,0,0,748959929,0,2947,461,9712506,9712967,2528312,2526814,131,3.8416805362629294,3.8414982011713743,0.23455960228525052,
job_title_title,title.title,benchmarks/job/../../data/job/title__title.csv,job-csv,utf8,LibcMemmem,static,full-scan,full-scan,prefix_saw,Saw%,1,2528312,41409377,41409377,2528312,2528312,0,0,0,748959929,0,2947,91,9750176,9750267,2528312,2526814,131,3.8564334623258523,3.8563974699325083,0.2354603644483712,
job_title_title,title.title,benchmarks/job/../../data/job/title__title.csv,job-csv,utf8,LibcMemmem,static,full-scan,full-scan,prefix_saw,Saw%,2,2528312,41409377,41409377,2528312,2528312,0,0,0,748959929,0,2947,100,9647380,9647480,2528312,2526814,131,3.815779065241948,3.8157395131613505,0.23297814888642251,
job_title_title,title.title,benchmarks/job/../../data/job/title__title.csv,job-csv,utf8,LibcMemmem,static,full-scan,full-scan,prefix_saw,Saw%,3,2528312,41409377,41409377,2528312,2528312,0,0,0,748959929,0,2947,110,9676160,9676270,2528312,2526814,131,3.827166109246011,3.8271226019573534,0.23367340204128162,
job_title_title,title.title,benchmarks/job/../../data/job/title__title.csv,job-csv,utf8,LibcMemmem,static,full-scan,full-scan,prefix_saw,Saw%,4,2528312,41409377,41409377,2528312,2528312,0,0,0,748959929,0,2947,80,9669533,9669613,2528312,2526814,131,3.8245331272406253,3.8245014855761474,0.2335126413517402,
job_title_title,title.title,benchmarks/job/../../data/job/title__title.csv,job-csv,utf8,LibcMemmem,static,full-scan,full-scan,prefix_vampire,Vampire%,0,2528312,41409377,41409377,2528312,2528312,0,0,0,748959929,0,1614,712,11408339,11409051,2528312,2317545,284,4.512517046946738,4.512235436132882,0.2755185377456898,
job_title_title,title.title,benchmarks/job/../../data/job/title__title.csv,job-csv,utf8,LibcMemmem,static,full-scan,full-scan,prefix_vampire,Vampire%,1,2528312,41409377,41409377,2528312,2528312,0,0,0,748959929,0,1614,80,11491750,11491830,2528312,2317545,284,4.545257863744665,4.545226222080187,0.2775175777215871,
job_title_title,title.title,benchmarks/job/../../data/job/title__title.csv,job-csv,utf8,LibcMemmem,static,full-scan,full-scan,prefix_vampire,Vampire%,2,2528312,41409377,41409377,2528312,2528312,0,0,0,748959929,0,1614,30,11500492,11500522,2528312,2317545,284,4.548695730590212,4.548683864966033,0.2777274818696258,
job_title_title,title.title,benchmarks/job/../../data/job/title__title.csv,job-csv,utf8,LibcMemmem,static,full-scan,full-scan,prefix_vampire,Vampire%,3,2528312,41409377,41409377,2528312,2528312,0,0,0,748959929,0,1614,80,11526363,11526443,2528312,2317545,284,4.558948025401929,4.55891638373745,0.27835345120019556,
job_title_title,title.title,benchmarks/job/../../data/job/title__title.csv,job-csv,utf8,LibcMemmem,static,full-scan,full-scan,prefix_vampire,Vampire%,4,2528312,41409377,41409377,2528312,2528312,0,0,0,748959929,0,1614,40,11315197,11315237,2528312,2317545,284,4.475411658054861,4.475395837222622,0.27325301223440285,
job_title_title,title.title,benchmarks/job/../../data/job/title__title.csv,job-csv,utf8,Naive,static,full-scan,full-scan,contains_champion,%Champion%,0,2528312,41409377,41409377,2528312,2528312,0,0,0,748959929,0,1765,331,35601749,35602080,2528312,2138136,1870,14.081363376039032,14.081232458652256,0.859758889876561,
job_title_title,title.title,benchmarks/job/../../data/job/title__title.csv,job-csv,utf8,Naive,static,full-scan,full-scan,contains_champion,%Champion%,1,2528312,41409377,41409377,2528312,2528312,0,0,0,748959929,0,1765,101,35218019,35218120,2528312,2138136,1870,13.929499207376304,13.929459259774902,0.8504865938939385,
job_title_title,title.title,benchmarks/job/../../data/job/title__title.csv,job-csv,utf8,Naive,static,full-scan,full-scan,contains_champion,%Champion%,2,2528312,41409377,41409377,2528312,2528312,0,0,0,748959929,0,1765,30,35452142,35452172,2528312,2138136,1870,14.02207164305671,14.022059777432531,0.8561387436473628,
job_title_title,title.title,benchmarks/job/../../data/job/title__title.csv,job-csv,utf8,Naive,static,full-scan,full-scan,contains_champion,%Champion%,3,2528312,41409377,41409377,2528312,2528312,0,0,0,748959929,0,1765,80,36199062,36199142,2528312,2138136,1870,14.317513819496961,14.317482177832483,0.8741774115558416,
job_title_title,title.title,benchmarks/job/../../data/job/title__title.csv,job-csv,utf8,Naive,static,full-scan,full-scan,contains_champion,%Champion%,4,2528312,41409377,41409377,2528312,2528312,0,0,0,748959929,0,1765,110,35993187,35993297,2528312,2138136,1870,14.236097839190732,14.236054331902075,0.8692064360205177,
job_title_title,title.title,benchmarks/job/../../data/job/title__title.csv,job-csv,utf8,Naive,static,full-scan,full-scan,contains_freddy,%Freddy%,0,2528312,41409377,41409377,2528312,2528312,0,0,0,748959929,0,2385,552,39160629,39161181,2528312,2471557,146,15.489061872110721,15.488843544625821,0.9457080457887594,
job_title_title,title.title,benchmarks/job/../../data/job/title__title.csv,job-csv,utf8,Naive,static,full-scan,full-scan,contains_freddy,%Freddy%,1,2528312,41409377,41409377,2528312,2528312,0,0,0,748959929,0,2385,111,40018214,40018325,2528312,2471557,146,15.828080157828623,15.828036255019159,0.9664073188060762,
job_title_title,title.title,benchmarks/job/../../data/job/title__title.csv,job-csv,utf8,Naive,static,full-scan,full-scan,contains_freddy,%Freddy%,2,2528312,41409377,41409377,2528312,2528312,0,0,0,748959929,0,2385,100,38975625,38975725,2528312,2471557,146,15.415710165517547,15.41567061343695,0.9412294466540755,
job_title_title,title.title,benchmarks/job/../../data/job/title__title.csv,job-csv,utf8,Naive,static,full-scan,full-scan,contains_freddy,%Freddy%,3,2528312,41409377,41409377,2528312,2528312,0,0,0,748959929,0,2385,100,39828900,39829000,2528312,2471557,146,15.753198181237126,15.753158629156529,0.9618352867274482,
job_title_title,title.title,benchmarks/job/../../data/job/title__title.csv,job-csv,utf8,Naive,static,full-scan,full-scan,contains_freddy,%Freddy%,4,2528312,41409377,41409377,2528312,2528312,0,0,0,748959929,0,2385,121,39132040,39132161,2528312,2471557,146,15.477583858321283,15.47753600030376,0.9450072383363797,
job_title_title,title.title,benchmarks/job/../../data/job/title__title.csv,job-csv,utf8,Naive,static,full-scan,full-scan,contains_jason,%Jason%,0,2528312,41409377,41409377,2528312,2528312,0,0,0,748959929,0,3419,842,40335855,40336697,2528312,2502331,482,15.954002907868965,15.953669879350333,0.9740957223287856,
job_title_title,title.title,benchmarks/job/../../data/job/title__title.csv,job-csv,utf8,Naive,static,full-scan,full-scan,contains_jason,%Jason%,1,2528312,41409377,41409377,2528312,2528312,0,0,0,748959929,0,3419,110,42479372,42479482,2528312,2502331,482,16.801518958103273,16.801475450814614,1.0258420936881036,
job_title_title,title.title,benchmarks/job/../../data/job/title__title.csv,job-csv,utf8,Naive,static,full-scan,full-scan,contains_jason,%Jason%,2,2528312,41409377,41409377,2528312,2528312,0,0,0,748959929,0,3419,100,40251803,40251903,2528312,2502331,482,15.920465116646996,15.920425564566399,0.9720480218767841,
job_title_title,title.title,benchmarks/job/../../data/job/title__title.csv,job-csv,utf8,Naive,static,full-scan,full-scan,contains_jason,%Jason%,3,2528312,41409377,41409377,2528312,2528312,0,0,0,748959929,0,3419,100,40301483,40301583,2528312,2502331,482,15.940114590287907,15.94007503820731,0.9732477501412301,
job_title_title,title.title,benchmarks/job/../../data/job/title__title.csv,job-csv,utf8,Naive,static,full-scan,full-scan,contains_jason,%Jason%,4,2528312,41409377,41409377,2528312,2528312,0,0,0,748959929,0,3419,110,41730939,41731049,2528312,2502331,482,16.50549813472388,16.50545462743522,1.0077680956175699,
job_title_title,title.title,benchmarks/job/../../data/job/title__title.csv,job-csv,utf8,Naive,static,full-scan,full-scan,contains_kung_fu_panda,%Kung%Fu%Panda%,0,2528312,41409377,41409377,2528312,2528312,0,0,0,748959929,0,2236,491,48498257,48498748,2528312,1799921,20,19.18226389781008,19.182069697094345,1.1712020685556317,
job_title_title,title.title,benchmarks/job/../../data/job/title__title.csv,job-csv,utf8,Naive,static,full-scan,full-scan,contains_kung_fu_panda,%Kung%Fu%Panda%,1,2528312,41409377,41409377,2528312,2528312,0,0,0,748959929,0,2236,100,48500241,48500341,2528312,1799921,20,19.182893962454003,19.182854410373402,1.1712405381032416,
job_title_title,title.title,benchmarks/job/../../data/job/title__title.csv,job-csv,utf8,Naive,static,full-scan,full-scan,contains_kung_fu_panda,%Kung%Fu%Panda%,2,2528312,41409377,41409377,2528312,2528312,0,0,0,748959929,0,2236,100,48326411,48326511,2528312,1799921,20,19.11414058075111,19.11410102867051,1.1670426966336633,
job_title_title,title.title,benchmarks/job/../../data/job/title__title.csv,job-csv,utf8,Naive,static,full-scan,full-scan,contains_kung_fu_panda,%Kung%Fu%Panda%,3,2528312,41409377,41409377,2528312,2528312,0,0,0,748959929,0,2236,110,48492293,48492403,2528312,1799921,20,19.17975431829616,19.179710811007503,1.1710488423914227,
job_title_title,title.title,benchmarks/job/../../data/job/title__title.csv,job-csv,utf8,Naive,static,full-scan,full-scan,contains_kung_fu_panda,%Kung%Fu%Panda%,4,2528312,41409377,41409377,2528312,2528312,0,0,0,748959929,0,2236,111,63754753,63754864,2528312,1799921,20,25.216375194200715,25.216331291391253,1.5396238393057688,
job_title_title,title.title,benchmarks/job/../../data/job/title__title.csv,job-csv,utf8,Naive,static,full-scan,full-scan,contains_loser,%Loser%,0,2528312,41409377,41409377,2528312,2528312,0,0,0,748959929,0,2305,1123,42433305,42434428,2528312,2502331,349,16.783699163710807,16.783254993845695,1.0247540792511802,
job_title_title,title.title,benchmarks/job/../../data/job/title__title.csv,job-csv,utf8,Naive,static,full-scan,full-scan,contains_loser,%Loser%,1,2528312,41409377,41409377,2528312,2528312,0,0,0,748959929,0,2305,110,42101904,42102014,2528312,2502331,349,16.652222510512942,16.652179003224287,1.0167265737902795,
job_title_title,title.title,benchmarks/job/../../data/job/title__title.csv,job-csv,utf8,Naive,static,full-scan,full-scan,contains_loser,%Loser%,2,2528312,41409377,41409377,2528312,2528312,0,0,0,748959929,0,2305,331,41700213,41700544,2528312,2502331,349,16.493432772537567,16.49330185515079,1.007031426722503,
job_title_title,title.title,benchmarks/job/../../data/job/title__title.csv,job-csv,utf8,Naive,static,full-scan,full-scan,contains_loser,%Loser%,3,2528312,41409377,41409377,2528312,2528312,0,0,0,748959929,0,2305,110,41927245,41927355,2528312,2502331,349,16.5831412420619,16.58309773477324,1.0125087127005075,
job_title_title,title.title,benchmarks/job/../../data/job/title__title.csv,job-csv,utf8,Naive,static,full-scan,full-scan,contains_loser,%Loser%,4,2528312,41409377,41409377,2528312,2528312,0,0,0,748959929,0,2305,100,41637256,41637356,2528312,2502331,349,16.468440603849526,16.46840105176893,1.0055054921497613,
job_title_title,title.title,benchmarks/job/../../data/job/title__title.csv,job-csv,utf8,Naive,static,full-scan,full-scan,contains_money,%Money%,0,2528312,41409377,41409377,2528312,2528312,0,0,0,748959929,0,2857,471,41475985,41476456,2528312,2502331,2286,16.404801306167908,16.404615015868295,1.0016198987973184,
job_title_title,title.title,benchmarks/job/../../data/job/title__title.csv,job-csv,utf8,Naive,static,full-scan,full-scan,contains_money,%Money%,1,2528312,41409377,41409377,2528312,2528312,0,0,0,748959929,0,2857,101,41287898,41287999,2528312,2502331,2286,16.330262641636,16.330222694034596,0.9970688281545506,
job_title_title,title.title,benchmarks/job/../../data/job/title__title.csv,job-csv,utf8,Naive,static,full-scan,full-scan,contains_money,%Money%,2,2528312,41409377,41409377,2528312,2528312,0,0,0,748959929,0,2857,110,41704263,41704373,2528312,2502331,2286,16.49494722170365,16.494903714414992,1.0071238937016609,
job_title_title,title.title,benchmarks/job/../../data/job/title__title.csv,job-csv,utf8,Naive,static,full-scan,full-scan,contains_money,%Money%,3,2528312,41409377,41409377,2528312,2528312,0,0,0,748959929,0,2857,110,41879691,41879801,2528312,2502331,2286,16.564332645654492,16.564289138365833,1.0113603254644474,
job_title_title,title.title,benchmarks/job/../../data/job/title__title.csv,job-csv,utf8,Naive,static,full-scan,full-scan,contains_money,%Money%,4,2528312,41409377,41409377,2528312,2528312,0,0,0,748959929,0,2857,111,42172519,42172630,2528312,2502331,2286,16.68015260774778,16.680108704938316,1.0184318880238163,
job_title_title,title.title,benchmarks/job/../../data/job/title__title.csv,job-csv,utf8,Naive,static,full-scan,full-scan,contains_mord,%Mord%,0,2528312,41409377,41409377,2528312,2528312,0,0,0,748959929,0,2416,491,42948482,42948973,2528312,2520211,637,16.987212416821976,16.98701821610624,1.0371798880239131,
job_title_title,title.title,benchmarks/job/../../data/job/title__title.csv,job-csv,utf8,Naive,static,full-scan,full-scan,contains_mord,%Mord%,1,2528312,41409377,41409377,2528312,2528312,0,0,0,748959929,0,2416,111,43156966,43157077,2528312,2520211,637,17.069521878628905,17.06947797581944,1.0422054164205368,
job_title_title,title.title,benchmarks/job/../../data/job/title__title.csv,job-csv,utf8,Naive,static,full-scan,full-scan,contains_mord,%Mord%,2,2528312,41409377,41409377,2528312,2528312,0,0,0,748959929,0,2416,100,43120436,43120536,2528312,2520211,637,17.055069152857715,17.055029600777118,1.0413229834392341,
job_title_title,title.title,benchmarks/job/../../data/job/title__title.csv,job-csv,utf8,Naive,static,full-scan,full-scan,contains_mord,%Mord%,3,2528312,41409377,41409377,2528312,2528312,0,0,0,748959929,0,2416,120,44238245,44238365,2528312,2520211,637,17.4971937798816,17.49714631738488,1.068317569713739,
job_title_title,title.title,benchmarks/job/../../data/job/title__title.csv,job-csv,utf8,Naive,static,full-scan,full-scan,contains_mord,%Mord%,4,2528312,41409377,41409377,2528312,2528312,0,0,0,748959929,0,2416,120,43956363,43956483,2528312,2520211,637,17.385703584051335,17.385656121554618,1.06151036756723,
job_title_title,title.title,benchmarks/job/../../data/job/title__title.csv,job-csv,utf8,Naive,static,full-scan,full-scan,contains_movie,%Movie%,0,2528312,41409377,41409377,2528312,2528312,0,0,0,748959929,0,2535,691,42306521,42307212,2528312,2502331,3638,16.733382588857705,16.733109283980774,1.0216819248451867,
job_title_title,title.title,benchmarks/job/../../data/job/title__title.csv,job-csv,utf8,Naive,static,full-scan,full-scan,contains_movie,%Movie%,1,2528312,41409377,41409377,2528312,2528312,0,0,0,748959929,0,2535,111,41988238,41988349,2528312,2502331,3638,16.607265638101627,16.607221735292164,1.0139816641047268,
job_title_title,title.title,benchmarks/job/../../data/job/title__title.csv,job-csv,utf8,Naive,static,full-scan,full-scan,contains_movie,%Movie%,2,2528312,41409377,41409377,2528312,2528312,0,0,0,748959929,0,2535,110,41885087,41885197,2528312,2502331,3638,16.566466875923542,16.566423368634883,1.0114906341141041,
job_title_title,title.title,benchmarks/job/../../data/job/title__title.csv,job-csv,utf8,Naive,static,full-scan,full-scan,contains_movie,%Movie%,3,2528312,41409377,41409377,2528312,2528312,0,0,0,748959929,0,2535,111,41305989,41306100,2528312,2502331,3638,16.33742196374498,16.337378060935517,0.9975059513694206,
job_title_title,title.title,benchmarks/job/../../data/job/title__title.csv,job-csv,utf8,Naive,static,full-scan,full-scan,contains_movie,%Movie%,4,2528312,41409377,41409377,2528312,2528312,0,0,0,748959929,0,2535,110,41713319,41713429,2528312,2502331,3638,16.498529058122575,16.498485550833916,1.007342588129254,
job_title_title,title.title,benchmarks/job/../../data/job/title__title.csv,job-csv,utf8,Naive,static,full-scan,full-scan,contains_murder_upper,%Murder%,0,2528312,41409377,41409377,2528312,2528312,0,0,0,748959929,0,2695,501,40184411,40184912,2528312,2471557,3622,15.893968782333825,15.893770626410031,0.9704302482019954,
job_title_title,title.title,benchmarks/job/../../data/job/title__title.csv,job-csv,utf8,Naive,static,full-scan,full-scan,contains_murder_upper,%Murder%,1,2528312,41409377,41409377,2528312,2528312,0,0,0,748959929,0,2695,101,39231773,39231874,2528312,2471557,3622,15.517022424447616,15.516982476846213,0.9474152195045098,
job_title_title,title.title,benchmarks/job/../../data/job/title__title.csv,job-csv,utf8,Naive,static,full-scan,full-scan,contains_murder_upper,%Murder%,2,2528312,41409377,41409377,2528312,2528312,0,0,0,748959929,0,2695,100,39309988,39310088,2528312,2471557,3622,15.54795768876626,15.547918136685663,0.9493040187491834,
job_title_title,title.title,benchmarks/job/../../data/job/title__title.csv,job-csv,utf8,Naive,static,full-scan,full-scan,contains_murder_upper,%Murder%,3,2528312,41409377,41409377,2528312,2528312,0,0,0,748959929,0,2695,100,39448067,39448167,2528312,2471557,3622,15.602570806134686,15.602531254054089,0.952638505041986,
job_title_title,title.title,benchmarks/job/../../data/job/title__title.csv,job-csv,utf8,Naive,static,full-scan,full-scan,contains_murder_upper,%Murder%,4,2528312,41409377,41409377,2528312,2528312,0,0,0,748959929,0,2695,101,40330948,40331049,2528312,2471557,3622,15.95176900635681,15.951729058755406,0.9739593281009757,
job_title_title,title.title,benchmarks/job/../../data/job/title__title.csv,job-csv,utf8,Naive,static,full-scan,full-scan,contains_murder_lower,%murder%,0,2528312,41409377,41409377,2528312,2528312,0,0,0,748959929,0,2034,410,40626658,40627068,2528312,2471557,7,16.06885067982116,16.06868851629071,0.9811079263520434,
job_title_title,title.title,benchmarks/job/../../data/job/title__title.csv,job-csv,utf8,Naive,static,full-scan,full-scan,contains_murder_lower,%murder%,1,2528312,41409377,41409377,2528312,2528312,0,0,0,748959929,0,2034,110,41299609,41299719,2528312,2471557,7,16.334898145482043,16.334854638193388,0.9973518558369038,
job_title_title,title.title,benchmarks/job/../../data/job/title__title.csv,job-csv,utf8,Naive,static,full-scan,full-scan,contains_murder_lower,%murder%,2,2528312,41409377,41409377,2528312,2528312,0,0,0,748959929,0,2034,110,40457808,40457918,2528312,2471557,7,16.00194833549024,16.00190482820158,0.9770231027624492,
job_title_title,title.title,benchmarks/job/../../data/job/title__title.csv,job-csv,utf8,Naive,static,full-scan,full-scan,contains_murder_lower,%murder%,3,2528312,41409377,41409377,2528312,2528312,0,0,0,748959929,0,2034,111,40840547,40840658,2528312,2471557,7,16.153329968769675,16.153286065960213,0.9862659368190929,
job_title_title,title.title,benchmarks/job/../../data/job/title__title.csv,job-csv,utf8,Naive,static,full-scan,full-scan,contains_murder_lower,%murder%,4,2528312,41409377,41409377,2528312,2528312,0,0,0,748959929,0,2034,110,40214491,40214601,2528312,2471557,7,15.905711399542461,15.905667892253804,0.9711472114154241,
job_title_title,title.title,benchmarks/job/../../data/job/title__title.csv,job-csv,utf8,Naive,static,full-scan,full-scan,prefix_birdemic,Birdemic%,0,2528312,41409377,41409377,2528312,2528312,0,0,0,748959929,0,2916,521,9335151,9335672,2528312,2138136,8,3.6924525137720345,3.6922464474321206,0.22544826018512668,
job_title_title,title.title,benchmarks/job/../../data/job/title__title.csv,job-csv,utf8,Naive,static,full-scan,full-scan,prefix_birdemic,Birdemic%,1,2528312,41409377,41409377,2528312,2528312,0,0,0,748959929,0,2916,100,9076946,9077046,2528312,2138136,8,3.590160549805562,3.590120997724964,0.21920266996530763,
job_title_title,title.title,benchmarks/job/../../data/job/title__title.csv,job-csv,utf8,Naive,static,full-scan,full-scan,prefix_birdemic,Birdemic%,2,2528312,41409377,41409377,2528312,2528312,0,0,0,748959929,0,2916,100,9133737,9133837,2528312,2138136,8,3.6126225718977723,3.6125830198171744,0.22057412261961826,
job_title_title,title.title,benchmarks/job/../../data/job/title__title.csv,job-csv,utf8,Naive,static,full-scan,full-scan,prefix_birdemic,Birdemic%,3,2528312,41409377,41409377,2528312,2528312,0,0,0,748959929,0,2916,80,9342897,9342977,2528312,2138136,8,3.6953417932596926,3.6953101515952147,0.22562466950420432,
job_title_title,title.title,benchmarks/job/../../data/job/title__title.csv,job-csv,utf8,Naive,static,full-scan,full-scan,prefix_birdemic,Birdemic%,4,2528312,41409377,41409377,2528312,2528312,0,0,0,748959929,0,2916,70,9275194,9275264,2528312,2138136,8,3.6685598929246073,3.668532206468189,0.22398946016502494,
job_title_title,title.title,benchmarks/job/../../data/job/title__title.csv,job-csv,utf8,Naive,static,full-scan,full-scan,prefix_champion,Champion%,0,2528312,41409377,41409377,2528312,2528312,0,0,0,748959929,0,2044,431,9222390,9222821,2528312,2138136,222,3.647817595296783,3.647647125829407,0.22272300788297297,
job_title_title,title.title,benchmarks/job/../../data/job/title__title.csv,job-csv,utf8,Naive,static,full-scan,full-scan,prefix_champion,Champion%,1,2528312,41409377,41409377,2528312,2528312,0,0,0,748959929,0,2044,100,9204294,9204394,2528312,2138136,222,3.6405293334050546,3.6404897813244568,0.22227801205509565,
job_title_title,title.title,benchmarks/job/../../data/job/title__title.csv,job-csv,utf8,Naive,static,full-scan,full-scan,prefix_champion,Champion%,2,2528312,41409377,41409377,2528312,2528312,0,0,0,748959929,0,2044,100,9118037,9118137,2528312,2138136,222,3.6064128952439414,3.6063733431633436,0.2201949814410393,
job_title_title,title.title,benchmarks/job/../../data/job/title__title.csv,job-csv,utf8,Naive,static,full-scan,full-scan,prefix_champion,Champion%,3,2528312,41409377,41409377,2528312,2528312,0,0,0,748959929,0,2044,80,9258531,9258611,2528312,2138136,222,3.661973284942681,3.661941643278203,0.22358730487541506,
job_title_title,title.title,benchmarks/job/../../data/job/title__title.csv,job-csv,utf8,Naive,static,full-scan,full-scan,prefix_champion,Champion%,4,2528312,41409377,41409377,2528312,2528312,0,0,0,748959929,0,2044,90,9108907,9108997,2528312,2138136,222,3.6027978350773164,3.6027622382047784,0.21997425848739527,
job_title_title,title.title,benchmarks/job/../../data/job/title__title.csv,job-csv,utf8,Naive,static,full-scan,full-scan,prefix_dragon_ball_z,Dragon Ball Z%,0,2528312,41409377,41409377,2528312,2528312,0,0,0,748959929,0,1462,621,9592005,9592626,2528312,1303963,25,3.794083166950914,3.793837548530403,0.23165347307688305,
job_title_title,title.title,benchmarks/job/../../data/job/title__title.csv,job-csv,utf8,Naive,static,full-scan,full-scan,prefix_dragon_ball_z,Dragon Ball Z%,1,2528312,41409377,41409377,2528312,2528312,0,0,0,748959929,0,1462,30,9592696,9592726,2528312,1303963,25,3.794122719031512,3.7941108534073327,0.2316558879888485,
job_title_title,title.title,benchmarks/job/../../data/job/title__title.csv,job-csv,utf8,Naive,static,full-scan,full-scan,prefix_dragon_ball_z,Dragon Ball Z%,2,2528312,41409377,41409377,2528312,2528312,0,0,0,748959929,0,1462,80,9575332,9575412,2528312,1303963,25,3.787274671796835,3.787243030132357,0.23123777013114685,
job_title_title,title.title,benchmarks/job/../../data/job/title__title.csv,job-csv,utf8,Naive,static,full-scan,full-scan,prefix_dragon_ball_z,Dragon Ball Z%,3,2528312,41409377,41409377,2528312,2528312,0,0,0,748959929,0,1462,120,9577156,9577276,2528312,1303963,25,3.7880119225791753,3.787964460082458,0.23128278409018324,
job_title_title,title.title,benchmarks/job/../../data/job/title__title.csv,job-csv,utf8,Naive,static,full-scan,full-scan,prefix_dragon_ball_z,Dragon Ball Z%,4,2528312,41409377,41409377,2528312,2528312,0,0,0,748959929,0,1462,80,9667203,9667283,2528312,1303963,25,3.8236115637627,3.823579922098222,0.23345637390294474,
job_title_title,title.title,benchmarks/job/../../data/job/title__title.csv,job-csv,utf8,Naive,static,full-scan,full-scan,prefix_kung_fu_panda,Kung Fu Panda%,0,2528312,41409377,41409377,2528312,2528312,0,0,0,748959929,0,2084,311,9661652,9661963,2528312,1303963,15,3.8215073930749055,3.8213843861042465,0.23332790058638167,
job_title_title,title.title,benchmarks/job/../../data/job/title__title.csv,job-csv,utf8,Naive,static,full-scan,full-scan,prefix_kung_fu_panda,Kung Fu Panda%,1,2528312,41409377,41409377,2528312,2528312,0,0,0,748959929,0,2084,30,9721339,9721369,2528312,1303963,15,3.845003702074744,3.8449918364505646,0.23476250318858938,
job_title_title,title.title,benchmarks/job/../../data/job/title__title.csv,job-csv,utf8,Naive,static,full-scan,full-scan,prefix_kung_fu_panda,Kung Fu Panda%,2,2528312,41409377,41409377,2528312,2528312,0,0,0,748959929,0,2084,30,9591915,9591945,2528312,1303963,15,3.7938138172820444,3.793801951657865,0.2316370275263982,
job_title_title,title.title,benchmarks/job/../../data/job/title__title.csv,job-csv,utf8,Naive,static,full-scan,full-scan,prefix_kung_fu_panda,Kung Fu Panda%,3,2528312,41409377,41409377,2528312,2528312,0,0,0,748959929,0,2084,40,9702301,9702341,2528312,1303963,15,3.8374777321786233,3.8374619113463844,0.23430299373979957,
job_title_title,title.title,benchmarks/job/../../data/job/title__title.csv,job-csv,utf8,Naive,static,full-scan,full-scan,prefix_kung_fu_panda,Kung Fu Panda%,4,2528312,41409377,41409377,2528312,2528312,0,0,0,748959929,0,2084,100,9693875,9693975,2528312,1303963,15,3.8341688051158243,3.8341292530352264,0.23410096220476825,
job_title_title,title.title,benchmarks/job/../../data/job/title__title.csv,job-csv,utf8,Naive,static,full-scan,full-scan,prefix_loser,Loser%,0,2528312,41409377,41409377,2528312,2528312,0,0,0,748959929,0,2245,370,10258492,10258862,2528312,2502331,72,4.057593366641459,4.057447023943247,0.2477424859591585,
job_title_title,title.title,benchmarks/job/../../data/job/title__title.csv,job-csv,utf8,Naive,static,full-scan,full-scan,prefix_loser,Loser%,1,2528312,41409377,41409377,2528312,2528312,0,0,0,748959929,0,2245,30,10343729,10343759,2528312,2502331,72,4.091171896506443,4.091160030882264,0.2497926737704844,
job_title_title,title.title,benchmarks/job/../../data/job/title__title.csv,job-csv,utf8,Naive,static,full-scan,full-scan,prefix_loser,Loser%,2,2528312,41409377,41409377,2528312,2528312,0,0,0,748959929,0,2245,80,10992941,10993021,2528312,2502331,72,4.347968526036343,4.347936884371865,0.2654717794957408,
job_title_title,title.title,benchmarks/job/../../data/job/title__title.csv,job-csv,utf8,Naive,static,full-scan,full-scan,prefix_loser,Loser%,3,2528312,41409377,41409377,2528312,2528312,0,0,0,748959929,0,2245,100,10385732,10385832,2528312,2502331,72,4.107812643376292,4.1077730912956945,0.25080869968171704,
job_title_title,title.title,benchmarks/job/../../data/job/title__title.csv,job-csv,utf8,Naive,static,full-scan,full-scan,prefix_loser,Loser%,4,2528312,41409377,41409377,2528312,2528312,0,0,0,748959929,0,2245,101,10416281,10416382,2528312,2502331,72,4.119895803998873,4.11985585639747,0.2515464552871684,
job_title_title,title.title,benchmarks/job/../../data/job/title__title.csv,job-csv,utf8,Naive,static,full-scan,full-scan,prefix_one_piece,One Piece%,0,2528312,41409377,41409377,2528312,2528312,0,0,0,748959929,0,2394,441,9628928,9629369,2528312,2000434,14,3.808615787924908,3.8084413632494725,0.23254078418035606,
job_title_title,title.title,benchmarks/job/../../data/job/title__title.csv,job-csv,utf8,Naive,static,full-scan,full-scan,prefix_one_piece,One Piece%,1,2528312,41409377,41409377,2528312,2528312,0,0,0,748959929,0,2394,90,9683235,9683325,2528312,2000434,14,3.8299565085321747,3.829920911659637,0.2338437740804456,
job_title_title,title.title,benchmarks/job/../../data/job/title__title.csv,job-csv,utf8,Naive,static,full-scan,full-scan,prefix_one_piece,One Piece%,2,2528312,41409377,41409377,2528312,2528312,0,0,0,748959929,0,2394,111,9393405,9393516,2528312,2000434,14,3.715331019272938,3.7152871164634744,0.2268451418624337,
job_title_title,title.title,benchmarks/job/../../data/job/title__title.csv,job-csv,utf8,Naive,static,full-scan,full-scan,prefix_one_piece,One Piece%,3,2528312,41409377,41409377,2528312,2528312,0,0,0,748959929,0,2394,80,9483663,9483743,2528312,2000434,14,3.7510176750337774,3.7509860333692995,0.22902404448151925,
job_title_title,title.title,benchmarks/job/../../data/job/title__title.csv,job-csv,utf8,Naive,static,full-scan,full-scan,prefix_one_piece,One Piece%,4,2528312,41409377,41409377,2528312,2528312,0,0,0,748959929,0,2394,80,9369750,9369830,2528312,2000434,14,3.7059627134625788,3.705931071798101,0.22627314581429225,
job_title_title,title.title,benchmarks/job/../../data/job/title__title.csv,job-csv,utf8,Naive,static,full-scan,full-scan,prefix_saw,Saw%,0,2528312,41409377,41409377,2528312,2528312,0,0,0,748959929,0,1422,401,9405918,9406319,2528312,2526814,131,3.7203948721518545,3.7202362683086583,0.22715432304137298,
job_title_title,title.title,benchmarks/job/../../data/job/title__title.csv,job-csv,utf8,Naive,static,full-scan,full-scan,prefix_saw,Saw%,1,2528312,41409377,41409377,2528312,2528312,0,0,0,748959929,0,1422,110,9334854,9334964,2528312,2526814,131,3.6921724850414033,3.6921289777527457,0.22543116260841115,
job_title_title,title.title,benchmarks/job/../../data/job/title__title.csv,job-csv,utf8,Naive,static,full-scan,full-scan,prefix_saw,Saw%,2,2528312,41409377,41409377,2528312,2528312,0,0,0,748959929,0,1422,90,10606827,10606917,2528312,2526814,131,4.195256360765602,4.195220763893063,0.2561477078005786,
job_title_title,title.title,benchmarks/job/../../data/job/title__title.csv,job-csv,utf8,Naive,static,full-scan,full-scan,prefix_saw,Saw%,3,2528312,41409377,41409377,2528312,2528312,0,0,0,748959929,0,1422,111,9802137,9802248,2528312,2526814,131,3.8769930293413153,3.876949126531852,0.23671565983714268,
job_title_title,title.title,benchmarks/job/../../data/job/title__title.csv,job-csv,utf8,Naive,static,full-scan,full-scan,prefix_saw,Saw%,4,2528312,41409377,41409377,2528312,2528312,0,0,0,748959929,0,1422,110,9688717,9688827,2528312,2526814,131,3.8321326640066573,3.832089156718,0.23397664253678582,
job_title_title,title.title,benchmarks/job/../../data/job/title__title.csv,job-csv,utf8,Naive,static,full-scan,full-scan,prefix_vampire,Vampire%,0,2528312,41409377,41409377,2528312,2528312,0,0,0,748959929,0,3086,441,11609382,11609823,2528312,2317545,284,4.591926550204247,4.591752125528811,0.28036700479700527,
job_title_title,title.title,benchmarks/job/../../data/job/title__title.csv,job-csv,utf8,Naive,static,full-scan,full-scan,prefix_vampire,Vampire%,1,2528312,41409377,41409377,2528312,2528312,0,0,0,748959929,0,3086,80,11666373,11666453,2528312,2317545,284,4.614324893446695,4.614293251782216,0.28173456944305153,
job_title_title,title.title,benchmarks/job/../../data/job/title__title.csv,job-csv,utf8,Naive,static,full-scan,full-scan,prefix_vampire,Vampire%,2,2528312,41409377,41409377,2528312,2528312,0,0,0,748959929,0,3086,40,11362227,11362267,2528312,2317545,284,4.494013001559934,4.493997180727695,0.2743887453317639,
job_title_title,title.title,benchmarks/job/../../data/job/title__title.csv,job-csv,utf8,Naive,static,full-scan,full-scan,prefix_vampire,Vampire%,3,2528312,41409377,41409377,2528312,2528312,0,0,0,748959929,0,3086,70,11576054,11576124,2528312,2317545,284,4.578597894563646,4.5785702081072275,0.2795532036137612,
job_title_title,title.title,benchmarks/job/../../data/job/title__title.csv,job-csv,utf8,Naive,static,full-scan,full-scan,prefix_vampire,Vampire%,4,2528312,41409377,41409377,2528312,2528312,0,0,0,748959929,0,3086,90,11628316,11628406,2528312,2317545,284,4.5992765133417075,4.59924091646917,0.28081576788754875,
job_title_title,title.title,benchmarks/job/../../data/job/title__title.csv,job-csv,utf8,NaiveAuto,static,full-scan,full-scan,contains_champion,%Champion%,0,2528312,41409377,41409377,2528312,2528312,0,0,0,748959929,0,2965,731,34955461,34956192,2528312,2138136,1870,13.825901233708498,13.82561210799933,0.8441612632810197,
job_title_title,title.title,benchmarks/job/../../data/job/title__title.csv,job-csv,utf8,NaiveAuto,static,full-scan,full-scan,contains_champion,%Champion%,1,2528312,41409377,41409377,2528312,2528312,0,0,0,748959929,0,2965,110,34562691,34562801,2528312,2138136,1870,13.670306908324605,13.670263401035948,0.8346612169509336,
job_title_title,title.title,benchmarks/job/../../data/job/title__title.csv,job-csv,utf8,NaiveAuto,static,full-scan,full-scan,contains_champion,%Champion%,2,2528312,41409377,41409377,2528312,2528312,0,0,0,748959929,0,2965,110,34410060,34410170,2528312,2138136,1870,13.60993817218761,13.609894664898952,0.8309753126689156,
job_title_title,title.title,benchmarks/job/../../data/job/title__title.csv,job-csv,utf8,NaiveAuto,static,full-scan,full-scan,contains_champion,%Champion%,3,2528312,41409377,41409377,2528312,2528312,0,0,0,748959929,0,2965,100,34082954,34083054,2528312,2138136,1870,13.480556988219808,13.48051743613921,0.8230757492439454,
job_title_title,title.title,benchmarks/job/../../data/job/title__title.csv,job-csv,utf8,NaiveAuto,static,full-scan,full-scan,contains_champion,%Champion%,4,2528312,41409377,41409377,2528312,2528312,0,0,0,748959929,0,2965,110,33877213,33877323,2528312,2138136,1870,13.399186097285462,13.399142589996805,0.8181075267082623,
job_title_title,title.title,benchmarks/job/../../data/job/title__title.csv,job-csv,utf8,NaiveAuto,static,full-scan,full-scan,contains_freddy,%Freddy%,0,2528312,41409377,41409377,2528312,2528312,0,0,0,748959929,0,3336,551,37170826,37171377,2528312,2471557,146,14.7020529902955,14.701835058331408,0.8976560309033387,
job_title_title,title.title,benchmarks/job/../../data/job/title__title.csv,job-csv,utf8,NaiveAuto,static,full-scan,full-scan,contains_freddy,%Freddy%,1,2528312,41409377,41409377,2528312,2528312,0,0,0,748959929,0,3336,120,37050085,37050205,2528312,2471557,146,14.65412694319372,14.654079480697003,0.8947298337765381,
job_title_title,title.title,benchmarks/job/../../data/job/title__title.csv,job-csv,utf8,NaiveAuto,static,full-scan,full-scan,contains_freddy,%Freddy%,2,2528312,41409377,41409377,2528312,2528312,0,0,0,748959929,0,3336,100,38119821,38119921,2528312,2471557,146,15.077221877679653,15.077182325599056,0.9205625334570959,
job_title_title,title.title,benchmarks/job/../../data/job/title__title.csv,job-csv,utf8,NaiveAuto,static,full-scan,full-scan,contains_freddy,%Freddy%,3,2528312,41409377,41409377,2528312,2528312,0,0,0,748959929,0,3336,110,38225995,38226105,2528312,2471557,146,15.11921985894146,15.119176351652802,0.9231267835785117,
job_title_title,title.title,benchmarks/job/../../data/job/title__title.csv,job-csv,utf8,NaiveAuto,static,full-scan,full-scan,contains_freddy,%Freddy%,4,2528312,41409377,41409377,2528312,2528312,0,0,0,748959929,0,3336,130,37222499,37222629,2528312,2471557,146,14.722324222643408,14.722272804938632,0.8988937215838818,
job_title_title,title.title,benchmarks/job/../../data/job/title__title.csv,job-csv,utf8,NaiveAuto,static,full-scan,full-scan,contains_jason,%Jason%,0,2528312,41409377,41409377,2528312,2528312,0,0,0,748959929,0,2214,852,37863799,37864651,2528312,2502331,482,14.976257281538038,14.975920297811346,0.9143979876828381,
job_title_title,title.title,benchmarks/job/../../data/job/title__title.csv,job-csv,utf8,NaiveAuto,static,full-scan,full-scan,contains_jason,%Jason%,1,2528312,41409377,41409377,2528312,2528312,0,0,0,748959929,0,2214,120,37772096,37772216,2528312,2502331,482,14.939697315837602,14.939649853340885,0.912165763807555,
job_title_title,title.title,benchmarks/job/../../data/job/title__title.csv,job-csv,utf8,NaiveAuto,static,full-scan,full-scan,contains_jason,%Jason%,2,2528312,41409377,41409377,2528312,2528312,0,0,0,748959929,0,2214,100,37816384,37816484,2528312,2502331,482,14.957206230876569,14.957166678795971,0.9132347970364297,
job_title_title,title.title,benchmarks/job/../../data/job/title__title.csv,job-csv,utf8,NaiveAuto,static,full-scan,full-scan,contains_jason,%Jason%,3,2528312,41409377,41409377,2528312,2528312,0,0,0,748959929,0,2214,110,37731316,37731426,2528312,2502331,482,14.923564022161822,14.923520514873164,0.9111807212168394,
job_title_title,title.title,benchmarks/job/../../data/job/title__title.csv,job-csv,utf8,NaiveAuto,static,full-scan,full-scan,contains_jason,%Jason%,4,2528312,41409377,41409377,2528312,2528312,0,0,0,748959929,0,2214,100,37348249,37348349,2528312,2502331,482,14.77204909837077,14.772009546290173,0.9019297489068719,
job_title_title,title.title,benchmarks/job/../../data/job/title__title.csv,job-csv,utf8,NaiveAuto,static,full-scan,full-scan,contains_kung_fu_panda,%Kung%Fu%Panda%,0,2528312,41409377,41409377,2528312,2528312,0,0,0,748959929,0,2435,499,39921800,39922299,2528312,1799921,20,15.790099876913926,15.789902512031743,0.964088375442113,
job_title_title,title.title,benchmarks/job/../../data/job/title__title.csv,job-csv,utf8,NaiveAuto,static,full-scan,full-scan,contains_kung_fu_panda,%Kung%Fu%Panda%,1,2528312,41409377,41409377,2528312,2528312,0,0,0,748959929,0,2435,109,39466758,39466867,2528312,1799921,20,15.609967045206446,15.609923933438594,0.9530900935795291,
job_title_title,title.title,benchmarks/job/../../data/job/title__title.csv,job-csv,utf8,NaiveAuto,static,full-scan,full-scan,contains_kung_fu_panda,%Kung%Fu%Panda%,2,2528312,41409377,41409377,2528312,2528312,0,0,0,748959929,0,2435,100,39339605,39339705,2528312,1799921,20,15.559671828476866,15.559632276396268,0.9500192432259968,
job_title_title,title.title,benchmarks/job/../../data/job/title__title.csv,job-csv,utf8,NaiveAuto,static,full-scan,full-scan,contains_kung_fu_panda,%Kung%Fu%Panda%,3,2528312,41409377,41409377,2528312,2528312,0,0,0,748959929,0,2435,139,39826379,39826518,2528312,1799921,20,15.752216498596692,15.75216152120466,0.9617753486124653,
job_title_title,title.title,benchmarks/job/../../data/job/title__title.csv,job-csv,utf8,NaiveAuto,static,full-scan,full-scan,contains_kung_fu_panda,%Kung%Fu%Panda%,4,2528312,41409377,41409377,2528312,2528312,0,0,0,748959929,0,2435,100,39824497,39824597,2528312,1799921,20,15.751456703128412,15.751417151047814,0.9617289581536086,
job_title_title,title.title,benchmarks/job/../../data/job/title__title.csv,job-csv,utf8,NaiveAuto,static,full-scan,full-scan,contains_loser,%Loser%,0,2528312,41409377,41409377,2528312,2528312,0,0,0,748959929,0,1378,678,37649496,37650174,2528312,2502331,349,14.89142716563462,14.89115900252817,0.9092185569466549,
job_title_title,title.title,benchmarks/job/../../data/job/title__title.csv,job-csv,utf8,NaiveAuto,static,full-scan,full-scan,contains_loser,%Loser%,1,2528312,41409377,41409377,2528312,2528312,0,0,0,748959929,0,1378,110,37752815,37752925,2528312,2502331,349,14.93206732396951,14.932023816680852,0.911699903140296,
job_title_title,title.title,benchmarks/job/../../data/job/title__title.csv,job-csv,utf8,NaiveAuto,static,full-scan,full-scan,contains_loser,%Loser%,2,2528312,41409377,41409377,2528312,2528312,0,0,0,748959929,0,1378,110,37772356,37772466,2528312,2502331,349,14.939796196039097,14.939752688750438,0.9121718010874686,
job_title_title,title.title,benchmarks/job/../../data/job/title__title.csv,job-csv,utf8,NaiveAuto,static,full-scan,full-scan,contains_loser,%Loser%,3,2528312,41409377,41409377,2528312,2528312,0,0,0,748959929,0,1378,100,37580891,37580991,2528312,2502331,349,14.86406384971475,14.864024297634153,0.9075478484015831,
job_title_title,title.title,benchmarks/job/../../data/job/title__title.csv,job-csv,utf8,NaiveAuto,static,full-scan,full-scan,contains_loser,%Loser%,4,2528312,41409377,41409377,2528312,2528312,0,0,0,748959929,0,1378,100,38357107,38357207,2528312,2502331,349,15.171073427646588,15.17103387556599,0.9262927814634835,
job_title_title,title.title,benchmarks/job/../../data/job/title__title.csv,job-csv,utf8,NaiveAuto,static,full-scan,full-scan,contains_money,%Money%,0,2528312,41409377,41409377,2528312,2528312,0,0,0,748959929,0,2046,419,38047954,38048373,2528312,2502331,2286,15.048923155053648,15.048757431835945,0.9188347122440408,
job_title_title,title.title,benchmarks/job/../../data/job/title__title.csv,job-csv,utf8,NaiveAuto,static,full-scan,full-scan,contains_money,%Money%,1,2528312,41409377,41409377,2528312,2528312,0,0,0,748959929,0,2046,109,38214409,38214518,2528312,2502331,2286,15.11463695936261,15.114593847594758,0.9228469677290726,
job_title_title,title.title,benchmarks/job/../../data/job/title__title.csv,job-csv,utf8,NaiveAuto,static,full-scan,full-scan,contains_money,%Money%,2,2528312,41409377,41409377,2528312,2528312,0,0,0,748959929,0,2046,120,37828434,37828554,2528312,2502331,2286,14.961980167004706,14.961932704507987,0.913526276910662,
job_title_title,title.title,benchmarks/job/../../data/job/title__title.csv,job-csv,utf8,NaiveAuto,static,full-scan,full-scan,contains_money,%Money%,3,2528312,41409377,41409377,2528312,2528312,0,0,0,748959929,0,2046,149,38206704,38206853,2528312,2502331,2286,15.1116052923848,15.11154635978471,0.9226618647269192,
job_title_title,title.title,benchmarks/job/../../data/job/title__title.csv,job-csv,utf8,NaiveAuto,static,full-scan,full-scan,contains_money,%Money%,4,2528312,41409377,41409377,2528312,2528312,0,0,0,748959929,0,2046,110,39417217,39417327,2528312,2502331,2286,15.590372944478371,15.590329437189714,0.9518937461918348,
job_title_title,title.title,benchmarks/job/../../data/job/title__title.csv,job-csv,utf8,NaiveAuto,static,full-scan,full-scan,contains_mord,%Mord%,0,2528312,41409377,41409377,2528312,2528312,0,0,0,748959929,0,2335,569,39361416,39361985,2528312,2520211,637,15.568484032034021,15.56825898069542,0.9505572856119038,
job_title_title,title.title,benchmarks/job/../../data/job/title__title.csv,job-csv,utf8,NaiveAuto,static,full-scan,full-scan,contains_mord,%Mord%,1,2528312,41409377,41409377,2528312,2528312,0,0,0,748959929,0,2335,140,38653019,38653159,2528312,2520211,637,15.288128601216938,15.288073228304102,0.9334397617235343,
job_title_title,title.title,benchmarks/job/../../data/job/title__title.csv,job-csv,utf8,NaiveAuto,static,full-scan,full-scan,contains_mord,%Mord%,2,2528312,41409377,41409377,2528312,2528312,0,0,0,748959929,0,2335,100,38777741,38777841,2528312,2520211,637,15.337442926347698,15.3374033742671,0.9364507222603228,
job_title_title,title.title,benchmarks/job/../../data/job/title__title.csv,job-csv,utf8,NaiveAuto,static,full-scan,full-scan,contains_mord,%Mord%,3,2528312,41409377,41409377,2528312,2528312,0,0,0,748959929,0,2335,99,38797944,38798043,2528312,2520211,637,15.345433237670035,15.345394081110243,0.9369385827755873,
job_title_title,title.title,benchmarks/job/../../data/job/title__title.csv,job-csv,utf8,NaiveAuto,static,full-scan,full-scan,contains_mord,%Mord%,4,2528312,41409377,41409377,2528312,2528312,0,0,0,748959929,0,2335,100,38746463,38746563,2528312,2520211,637,15.325071826578366,15.325032274497767,0.9356953860957627,
job_title_title,title.title,benchmarks/job/../../data/job/title__title.csv,job-csv,utf8,NaiveAuto,static,full-scan,full-scan,contains_movie,%Movie%,0,2528312,41409377,41409377,2528312,2528312,0,0,0,748959929,0,1896,609,38845200,38845809,2528312,2502331,3638,15.364325684488307,15.364084812317467,0.9380920896250141,
job_title_title,title.title,benchmarks/job/../../data/job/title__title.csv,job-csv,utf8,NaiveAuto,static,full-scan,full-scan,contains_movie,%Movie%,1,2528312,41409377,41409377,2528312,2528312,0,0,0,748959929,0,1896,109,38284801,38284910,2528312,2502331,3638,15.142478459936907,15.142435348169055,0.9245468725598069,
job_title_title,title.title,benchmarks/job/../../data/job/title__title.csv,job-csv,utf8,NaiveAuto,static,full-scan,full-scan,contains_movie,%Movie%,2,2528312,41409377,41409377,2528312,2528312,0,0,0,748959929,0,1896,110,38083725,38083835,2528312,2502331,3638,15.062949113875186,15.06290560658653,0.919691088325236,
job_title_title,title.title,benchmarks/job/../../data/job/title__title.csv,job-csv,utf8,NaiveAuto,static,full-scan,full-scan,contains_movie,%Movie%,3,2528312,41409377,41409377,2528312,2528312,0,0,0,748959929,0,1896,100,38579082,38579182,2528312,2502331,3638,15.258869158553216,15.258829606472618,0.9316532822988378,
job_title_title,title.title,benchmarks/job/../../data/job/title__title.csv,job-csv,utf8,NaiveAuto,static,full-scan,full-scan,contains_movie,%Movie%,4,2528312,41409377,41409377,2528312,2528312,0,0,0,748959929,0,1896,110,38528981,38529091,2528312,2502331,3638,15.239057125861049,15.239013618572391,0.9304436287462137,
job_title_title,title.title,benchmarks/job/../../data/job/title__title.csv,job-csv,utf8,NaiveAuto,static,full-scan,full-scan,contains_murder_upper,%Murder%,0,2528312,41409377,41409377,2528312,2528312,0,0,0,748959929,0,2794,489,37485902,37486391,2528312,2471557,3622,14.826647581469375,14.826454171795254,0.9052633416822474,
job_title_title,title.title,benchmarks/job/../../data/job/title__title.csv,job-csv,utf8,NaiveAuto,static,full-scan,full-scan,contains_murder_upper,%Murder%,1,2528312,41409377,41409377,2528312,2528312,0,0,0,748959929,0,2794,110,37109911,37110021,2528312,2471557,3622,14.677785415724008,14.677741908435351,0.8961743375178043,
job_title_title,title.title,benchmarks/job/../../data/job/title__title.csv,job-csv,utf8,NaiveAuto,static,full-scan,full-scan,contains_murder_upper,%Murder%,2,2528312,41409377,41409377,2528312,2528312,0,0,0,748959929,0,2794,110,37196944,37197054,2528312,2471557,3622,14.71220877803056,14.712165270741902,0.8982761078487126,
job_title_title,title.title,benchmarks/job/../../data/job/title__title.csv,job-csv,utf8,NaiveAuto,static,full-scan,full-scan,contains_murder_upper,%Murder%,3,2528312,41409377,41409377,2528312,2528312,0,0,0,748959929,0,2794,109,37192124,37192233,2528312,2471557,3622,14.710301972224947,14.710258860457095,0.8981596849428573,
job_title_title,title.title,benchmarks/job/../../data/job/title__title.csv,job-csv,utf8,NaiveAuto,static,full-scan,full-scan,contains_murder_upper,%Murder%,4,2528312,41409377,41409377,2528312,2528312,0,0,0,748959929,0,2794,110,36762232,36762342,2528312,2471557,3622,14.540271137422913,14.540227630134256,0.8877781957453743,
job_title_title,title.title,benchmarks/job/../../data/job/title__title.csv,job-csv,utf8,NaiveAuto,static,full-scan,full-scan,contains_murder_lower,%murder%,0,2528312,41409377,41409377,2528312,2528312,0,0,0,748959929,0,2046,549,36808383,36808932,2528312,2471557,7,14.558698451773358,14.558481310850876,0.8889033032300873,
job_title_title,title.title,benchmarks/job/../../data/job/title__title.csv,job-csv,utf8,NaiveAuto,static,full-scan,full-scan,contains_murder_lower,%murder%,1,2528312,41409377,41409377,2528312,2528312,0,0,0,748959929,0,2046,100,37317596,37317696,2528312,2471557,7,14.759925199105174,14.759885647024577,0.9011895059420961,
job_title_title,title.title,benchmarks/job/../../data/job/title__title.csv,job-csv,utf8,NaiveAuto,static,full-scan,full-scan,contains_murder_lower,%murder%,2,2528312,41409377,41409377,2528312,2528312,0,0,0,748959929,0,2046,90,37455361,37455451,2528312,2471557,7,14.814410167732463,14.814374570859925,0.9045161679201308,
job_title_title,title.title,benchmarks/job/../../data/job/title__title.csv,job-csv,utf8,NaiveAuto,static,full-scan,full-scan,contains_murder_lower,%murder%,3,2528312,41409377,41409377,2528312,2528312,0,0,0,748959929,0,2046,100,37362700,37362800,2528312,2471557,7,14.777764769537937,14.77772521745734,0.9022787278350022,
job_title_title,title.title,benchmarks/job/../../data/job/title__title.csv,job-csv,utf8,NaiveAuto,static,full-scan,full-scan,contains_murder_lower,%murder%,4,2528312,41409377,41409377,2528312,2528312,0,0,0,748959929,0,2046,110,37390988,37391098,2528312,2471557,7,14.788957217305459,14.788913710016802,0.9029620996229912,
job_title_title,title.title,benchmarks/job/../../data/job/title__title.csv,job-csv,utf8,NaiveAuto,static,full-scan,full-scan,prefix_birdemic,Birdemic%,0,2528312,41409377,41409377,2528312,2528312,0,0,0,748959929,0,2864,319,9349137,9349456,2528312,2138136,8,3.6979043725616143,3.6977782014245077,0.2257811316504472,
job_title_title,title.title,benchmarks/job/../../data/job/title__title.csv,job-csv,utf8,NaiveAuto,static,full-scan,full-scan,prefix_birdemic,Birdemic%,1,2528312,41409377,41409377,2528312,2528312,0,0,0,748959929,0,2864,110,9311486,9311596,2528312,2138136,8,3.682929954847345,3.6828864475586873,0.22486684598031986,
job_title_title,title.title,benchmarks/job/../../data/job/title__title.csv,job-csv,utf8,NaiveAuto,static,full-scan,full-scan,prefix_birdemic,Birdemic%,2,2528312,41409377,41409377,2528312,2528312,0,0,0,748959929,0,2864,100,9229134,9229234,2528312,2138136,8,3.65035407022551,3.6503145181449126,0.22287787618731864,
job_title_title,title.title,benchmarks/job/../../data/job/title__title.csv,job-csv,utf8,NaiveAuto,static,full-scan,full-scan,prefix_birdemic,Birdemic%,3,2528312,41409377,41409377,2528312,2528312,0,0,0,748959929,0,2864,90,8973788,8973878,2528312,2138136,8,3.549355459294581,3.549319862422043,0.2167112535887705,
job_title_title,title.title,benchmarks/job/../../data/job/title__title.csv,job-csv,utf8,NaiveAuto,static,full-scan,full-scan,prefix_birdemic,Birdemic%,4,2528312,41409377,41409377,2528312,2528312,0,0,0,748959929,0,2864,80,9275085,9275165,2528312,2138136,8,3.668520736364816,3.6684890947003375,0.22398706940217913,
job_title_title,title.title,benchmarks/job/../../data/job/title__title.csv,job-csv,utf8,NaiveAuto,static,full-scan,full-scan,prefix_champion,Champion%,0,2528312,41409377,41409377,2528312,2528312,0,0,0,748959929,0,2345,509,9574824,9575333,2528312,2138136,222,3.787243425653163,3.787042105562921,0.23123586235069415,
job_title_title,title.title,benchmarks/job/../../data/job/title__title.csv,job-csv,utf8,NaiveAuto,static,full-scan,full-scan,prefix_champion,Champion%,1,2528312,41409377,41409377,2528312,2528312,0,0,0,748959929,0,2345,110,9285912,9286022,2528312,2138136,222,3.6728149057553026,3.672771398466645,0.22424925639427032,
job_title_title,title.title,benchmarks/job/../../data/job/title__title.csv,job-csv,utf8,NaiveAuto,static,full-scan,full-scan,prefix_champion,Champion%,2,2528312,41409377,41409377,2528312,2528312,0,0,0,748959929,0,2345,119,9171467,9171586,2528312,2138136,222,3.6275530868025783,3.627506019826667,0.22148572773746392,
job_title_title,title.title,benchmarks/job/../../data/job/title__title.csv,job-csv,utf8,NaiveAuto,static,full-scan,full-scan,prefix_champion,Champion%,3,2528312,41409377,41409377,2528312,2528312,0,0,0,748959929,0,2345,40,9496292,9496332,2528312,2138136,222,3.7559968864602156,3.755981065627976,0.2293280577488524,
job_title_title,title.title,benchmarks/job/../../data/job/title__title.csv,job-csv,utf8,NaiveAuto,static,full-scan,full-scan,prefix_champion,Champion%,4,2528312,41409377,41409377,2528312,2528312,0,0,0,748959929,0,2345,40,9101427,9101467,2528312,2138136,222,3.5998195634083134,3.5998037425760745,0.2197924156163953,
job_title_title,title.title,benchmarks/job/../../data/job/title__title.csv,job-csv,utf8,NaiveAuto,static,full-scan,full-scan,prefix_dragon_ball_z,Dragon Ball Z%,0,2528312,41409377,41409377,2528312,2528312,0,0,0,748959929,0,2465,170,10122353,10122523,2528312,1303963,25,4.003668455475432,4.003601216938415,0.24445001913455497,
job_title_title,title.title,benchmarks/job/../../data/job/title__title.csv,job-csv,utf8,NaiveAuto,static,full-scan,full-scan,prefix_dragon_ball_z,Dragon Ball Z%,1,2528312,41409377,41409377,2528312,2528312,0,0,0,748959929,0,2465,150,9953685,9953835,2528312,1303963,25,3.936948841756872,3.9368895136359754,0.2403763524382412,
job_title_title,title.title,benchmarks/job/../../data/job/title__title.csv,job-csv,utf8,NaiveAuto,static,full-scan,full-scan,prefix_dragon_ball_z,Dragon Ball Z%,2,2528312,41409377,41409377,2528312,2528312,0,0,0,748959929,0,2465,100,9883314,9883414,2528312,1303963,25,3.9090958710792023,3.9090563189986045,0.2386757472830369,
job_title_title,title.title,benchmarks/job/../../data/job/title__title.csv,job-csv,utf8,NaiveAuto,static,full-scan,full-scan,prefix_dragon_ball_z,Dragon Ball Z%,3,2528312,41409377,41409377,2528312,2528312,0,0,0,748959929,0,2465,90,9858039,9858129,2528312,1303963,25,3.899095127500087,3.8990595306275493,0.23806513679256755,
job_title_title,title.title,benchmarks/job/../../data/job/title__title.csv,job-csv,utf8,NaiveAuto,static,full-scan,full-scan,prefix_dragon_ball_z,Dragon Ball Z%,4,2528312,41409377,41409377,2528312,2528312,0,0,0,748959929,0,2465,30,9863996,9864026,2528312,1303963,25,3.9014275136929304,3.901415648068751,0.23820754415117137,
job_title_title,title.title,benchmarks/job/../../data/job/title__title.csv,job-csv,utf8,NaiveAuto,static,full-scan,full-scan,prefix_kung_fu_panda,Kung Fu Panda%,0,2528312,41409377,41409377,2528312,2528312,0,0,0,748959929,0,2185,659,9852511,9853170,2528312,1303963,15,3.8971337398232495,3.896873091612111,0.23794538130819984,
job_title_title,title.title,benchmarks/job/../../data/job/title__title.csv,job-csv,utf8,NaiveAuto,static,full-scan,full-scan,prefix_kung_fu_panda,Kung Fu Panda%,1,2528312,41409377,41409377,2528312,2528312,0,0,0,748959929,0,2185,99,9524641,9524740,2528312,1303963,15,3.767232841516395,3.7671936849566037,0.2300140859400034,
job_title_title,title.title,benchmarks/job/../../data/job/title__title.csv,job-csv,utf8,NaiveAuto,static,full-scan,full-scan,prefix_kung_fu_panda,Kung Fu Panda%,2,2528312,41409377,41409377,2528312,2528312,0,0,0,748959929,0,2185,30,9785076,9785106,2528312,1303963,15,3.8702130116852667,3.8702011460610874,0.23630169562802164,
job_title_title,title.title,benchmarks/job/../../data/job/title__title.csv,job-csv,utf8,NaiveAuto,static,full-scan,full-scan,prefix_kung_fu_panda,Kung Fu Panda%,3,2528312,41409377,41409377,2528312,2528312,0,0,0,748959929,0,2185,110,9906176,9906286,2528312,1303963,15,3.918142222953496,3.918098715664839,0.23922808594777942,
job_title_title,title.title,benchmarks/job/../../data/job/title__title.csv,job-csv,utf8,NaiveAuto,static,full-scan,full-scan,prefix_kung_fu_panda,Kung Fu Panda%,4,2528312,41409377,41409377,2528312,2528312,0,0,0,748959929,0,2185,100,9691504,9691604,2528312,1303963,15,3.8332310252848543,3.8331914732042565,0.23404370464206695,
job_title_title,title.title,benchmarks/job/../../data/job/title__title.csv,job-csv,utf8,NaiveAuto,static,full-scan,full-scan,prefix_loser,Loser%,0,2528312,41409377,41409377,2528312,2528312,0,0,0,748959929,0,1876,439,10453605,10454044,2528312,2502331,72,4.134791908593559,4.1346182749597356,0.2524559594316041,
job_title_title,title.title,benchmarks/job/../../data/job/title__title.csv,job-csv,utf8,NaiveAuto,static,full-scan,full-scan,prefix_loser,Loser%,1,2528312,41409377,41409377,2528312,2528312,0,0,0,748959929,0,1876,100,10231421,10231521,2528312,2502331,72,4.0467794322852555,4.046739880204658,0.24708222487867904,
job_title_title,title.title,benchmarks/job/../../data/job/title__title.csv,job-csv,utf8,NaiveAuto,static,full-scan,full-scan,prefix_loser,Loser%,2,2528312,41409377,41409377,2528312,2528312,0,0,0,748959929,0,1876,89,10354838,10354927,2528312,2502331,72,4.095589072867589,4.0955538715158575,0.2500623711387882,
job_title_title,title.title,benchmarks/job/../../data/job/title__title.csv,job-csv,utf8,NaiveAuto,static,full-scan,full-scan,prefix_loser,Loser%,3,2528312,41409377,41409377,2528312,2528312,0,0,0,748959929,0,1876,80,10335378,10335458,2528312,2502331,72,4.087888678296033,4.087857036631555,0.24959221192823064,
job_title_title,title.title,benchmarks/job/../../data/job/title__title.csv,job-csv,utf8,NaiveAuto,static,full-scan,full-scan,prefix_loser,Loser%,4,2528312,41409377,41409377,2528312,2528312,0,0,0,748959929,0,1876,80,10305842,10305922,2528312,2502331,72,4.076206575770712,4.076174934106234,0.24887894353010914,
job_title_title,title.title,benchmarks/job/../../data/job/title__title.csv,job-csv,utf8,NaiveAuto,static,full-scan,full-scan,prefix_one_piece,One Piece%,0,2528312,41409377,41409377,2528312,2528312,0,0,0,748959929,0,2136,309,9365822,9366131,2528312,2000434,14,3.704499682001272,3.7043774660722253,0.22618381822068948,
job_title_title,title.title,benchmarks/job/../../data/job/title__title.csv,job-csv,utf8,NaiveAuto,static,full-scan,full-scan,prefix_one_piece,One Piece%,1,2528312,41409377,41409377,2528312,2528312,0,0,0,748959929,0,2136,90,9308544,9308634,2528312,2000434,14,3.6817584222200423,3.6817228253475047,0.2247953162879026,
job_title_title,title.title,benchmarks/job/../../data/job/title__title.csv,job-csv,utf8,NaiveAuto,static,full-scan,full-scan,prefix_one_piece,One Piece%,2,2528312,41409377,41409377,2528312,2528312,0,0,0,748959929,0,2136,99,9407002,9407101,2528312,2000434,14,3.7207041694221283,3.7206650128623364,0.22717320765294297,
job_title_title,title.title,benchmarks/job/../../data/job/title__title.csv,job-csv,utf8,NaiveAuto,static,full-scan,full-scan,prefix_one_piece,One Piece%,3,2528312,41409377,41409377,2528312,2528312,0,0,0,748959929,0,2136,39,9330947,9330986,2528312,2000434,14,3.6905991032752286,3.6905836779637955,0.2253350974104247,
job_title_title,title.title,benchmarks/job/../../data/job/title__title.csv,job-csv,utf8,NaiveAuto,static,full-scan,full-scan,prefix_one_piece,One Piece%,4,2528312,41409377,41409377,2528312,2528312,0,0,0,748959929,0,2136,80,9408858,9408938,2528312,2000434,14,3.721430741142707,3.721399099478229,0.22721756958574865,
job_title_title,title.title,benchmarks/job/../../data/job/title__title.csv,job-csv,utf8,NaiveAuto,static,full-scan,full-scan,prefix_saw,Saw%,0,2528312,41409377,41409377,2528312,2528312,0,0,0,748959929,0,1886,489,9464072,9464561,2528312,2526814,131,3.743430794933537,3.7432373852594143,0.22856081606830259,
job_title_title,title.title,benchmarks/job/../../data/job/title__title.csv,job-csv,utf8,NaiveAuto,static,full-scan,full-scan,prefix_saw,Saw%,1,2528312,41409377,41409377,2528312,2528312,0,0,0,748959929,0,1886,90,9395347,9395437,2528312,2526814,131,3.716090814741219,3.7160552178686808,0.22689153232129042,
job_title_title,title.title,benchmarks/job/../../data/job/title__title.csv,job-csv,utf8,NaiveAuto,static,full-scan,full-scan,prefix_saw,Saw%,2,2528312,41409377,41409377,2528312,2528312,0,0,0,748959929,0,1886,80,9367727,9367807,2528312,2526814,131,3.7051625748720887,3.7051309332076103,0.22622429214523077,
job_title_title,title.title,benchmarks/job/../../data/job/title__title.csv,job-csv,utf8,NaiveAuto,static,full-scan,full-scan,prefix_saw,Saw%,3,2528312,41409377,41409377,2528312,2528312,0,0,0,748959929,0,1886,40,9359953,9359993,2528312,2526814,131,3.702071975294188,3.7020561544619492,0.22603559092424888,
job_title_title,title.title,benchmarks/job/../../data/job/title__title.csv,job-csv,utf8,NaiveAuto,static,full-scan,full-scan,prefix_saw,Saw%,4,2528312,41409377,41409377,2528312,2528312,0,0,0,748959929,0,1886,40,9738779,9738819,2528312,2526814,131,3.8519055401390334,3.8518897193067945,0.23518390532656408,
job_title_title,title.title,benchmarks/job/../../data/job/title__title.csv,job-csv,utf8,NaiveAuto,static,full-scan,full-scan,prefix_vampire,Vampire%,0,2528312,41409377,41409377,2528312,2528312,0,0,0,748959929,0,2465,519,12130832,12131351,2528312,2317545,284,4.798201725103548,4.797996449805246,0.2929614468722869,
job_title_title,title.title,benchmarks/job/../../data/job/title__title.csv,job-csv,utf8,NaiveAuto,static,full-scan,full-scan,prefix_vampire,Vampire%,1,2528312,41409377,41409377,2528312,2528312,0,0,0,748959929,0,2465,40,11589379,11589419,2528312,2317545,284,4.583856343679103,4.583840522846864,0.27987426615957056,
job_title_title,title.title,benchmarks/job/../../data/job/title__title.csv,job-csv,utf8,NaiveAuto,static,full-scan,full-scan,prefix_vampire,Vampire%,2,2528312,41409377,41409377,2528312,2528312,0,0,0,748959929,0,2465,90,11528987,11529077,2528312,2317545,284,4.559989827204871,4.559954230332332,0.27841705998136607,
job_title_title,title.title,benchmarks/job/../../data/job/title__title.csv,job-csv,utf8,NaiveAuto,static,full-scan,full-scan,prefix_vampire,Vampire%,3,2528312,41409377,41409377,2528312,2528312,0,0,0,748959929,0,2465,40,11182848,11182888,2528312,2317545,284,4.4230648749046795,4.4230490540724405,0.27005690039722163,
job_title_title,title.title,benchmarks/job/../../data/job/title__title.csv,job-csv,utf8,NaiveAuto,static,full-scan,full-scan,prefix_vampire,Vampire%,4,2528312,41409377,41409377,2528312,2528312,0,0,0,748959929,0,2465,40,11364917,11364957,2528312,2317545,284,4.495076952528011,4.495061131695771,0.27445370646363504,
job_title_title,title.title,benchmarks/job/../../data/job/title__title.csv,job-csv,utf8,NaiveAutoWildcard,static,full-scan,full-scan,contains_champion,%Champion%,0,2528312,41409377,41409377,2528312,2528312,0,0,0,748959929,0,2056,499,35631619,35632118,2528312,2138136,1870,14.093244030008954,14.093046665126773,0.8604842811327492,
job_title_title,title.title,benchmarks/job/../../data/job/title__title.csv,job-csv,utf8,NaiveAutoWildcard,static,full-scan,full-scan,contains_champion,%Champion%,1,2528312,41409377,41409377,2528312,2528312,0,0,0,748959929,0,2056,150,35936947,35937097,2528312,2138136,1870,14.213869569894856,14.213810241773958,0.8678492554959231,
job_title_title,title.title,benchmarks/job/../../data/job/title__title.csv,job-csv,utf8,NaiveAutoWildcard,static,full-scan,full-scan,contains_champion,%Champion%,2,2528312,41409377,41409377,2528312,2528312,0,0,0,748959929,0,2056,100,35147722,35147822,2528312,2138136,1870,13.90169488575777,13.901655333677173,0.8487889590804517,
job_title_title,title.title,benchmarks/job/../../data/job/title__title.csv,job-csv,utf8,NaiveAutoWildcard,static,full-scan,full-scan,contains_champion,%Champion%,3,2528312,41409377,41409377,2528312,2528312,0,0,0,748959929,0,2056,30,35321276,35321306,2528312,2138136,1870,13.970311417261794,13.970299551637614,0.8529784449546295,
job_title_title,title.title,benchmarks/job/../../data/job/title__title.csv,job-csv,utf8,NaiveAutoWildcard,static,full-scan,full-scan,contains_champion,%Champion%,4,2528312,41409377,41409377,2528312,2528312,0,0,0,748959929,0,2056,89,36031202,36031291,2528312,2138136,1870,14.251125256693003,14.25109005534127,0.8701239576726788,
job_title_title,title.title,benchmarks/job/../../data/job/title__title.csv,job-csv,utf8,NaiveAutoWildcard,static,full-scan,full-scan,contains_freddy,%Freddy%,0,2528312,41409377,41409377,2528312,2528312,0,0,0,748959929,0,2374,469,38807501,38807970,2528312,2471557,146,15.349359572710963,15.34917407345296,0.9371783110863996,
job_title_title,title.title,benchmarks/job/../../data/job/title__title.csv,job-csv,utf8,NaiveAutoWildcard,static,full-scan,full-scan,contains_freddy,%Freddy%,1,2528312,41409377,41409377,2528312,2528312,0,0,0,748959929,0,2374,110,38219395,38219505,2528312,2471557,146,15.116609421622014,15.116565914333357,0.9229673993887906,
job_title_title,title.title,benchmarks/job/../../data/job/title__title.csv,job-csv,utf8,NaiveAutoWildcard,static,full-scan,full-scan,contains_freddy,%Freddy%,2,2528312,41409377,41409377,2528312,2528312,0,0,0,748959929,0,2374,100,37931536,37931636,2528312,2471557,146,15.002751242726372,15.002711690645775,0.9160156164629089,
job_title_title,title.title,benchmarks/job/../../data/job/title__title.csv,job-csv,utf8,NaiveAutoWildcard,static,full-scan,full-scan,contains_freddy,%Freddy%,3,2528312,41409377,41409377,2528312,2528312,0,0,0,748959929,0,2374,39,38091111,38091150,2528312,2471557,146,15.065842348570904,15.065826923259472,0.9198677391355103,
job_title_title,title.title,benchmarks/job/../../data/job/title__title.csv,job-csv,utf8,NaiveAutoWildcard,static,full-scan,full-scan,contains_freddy,%Freddy%,4,2528312,41409377,41409377,2528312,2528312,0,0,0,748959929,0,2374,80,38138411,38138491,2528312,2471557,146,15.084566699046636,15.084535057382158,0.921010982609084,
job_title_title,title.title,benchmarks/job/../../data/job/title__title.csv,job-csv,utf8,NaiveAutoWildcard,static,full-scan,full-scan,contains_jason,%Jason%,0,2528312,41409377,41409377,2528312,2528312,0,0,0,748959929,0,2085,489,40863698,40864187,2528312,2502331,482,16.162636177813496,16.162442768139375,0.9868341414554486,
job_title_title,title.title,benchmarks/job/../../data/job/title__title.csv,job-csv,utf8,NaiveAutoWildcard,static,full-scan,full-scan,contains_jason,%Jason%,1,2528312,41409377,41409377,2528312,2528312,0,0,0,748959929,0,2085,100,39704018,39704118,2528312,2502331,482,15.703804751945171,15.703765199864574,0.9588194963667287,
job_title_title,title.title,benchmarks/job/../../data/job/title__title.csv,job-csv,utf8,NaiveAutoWildcard,static,full-scan,full-scan,contains_jason,%Jason%,2,2528312,41409377,41409377,2528312,2528312,0,0,0,748959929,0,2085,110,40474302,40474412,2528312,2502331,482,16.008472055664015,16.00842854837536,0.977421418342034,
job_title_title,title.title,benchmarks/job/../../data/job/title__title.csv,job-csv,utf8,NaiveAutoWildcard,static,full-scan,full-scan,contains_jason,%Jason%,3,2528312,41409377,41409377,2528312,2528312,0,0,0,748959929,0,2085,110,40512227,40512337,2528312,2502331,482,16.023472182230673,16.023428674942018,0.9783372737049388,
job_title_title,title.title,benchmarks/job/../../data/job/title__title.csv,job-csv,utf8,NaiveAutoWildcard,static,full-scan,full-scan,contains_jason,%Jason%,4,2528312,41409377,41409377,2528312,2528312,0,0,0,748959929,0,2085,100,40220847,40220947,2528312,2502331,482,15.908221374577188,15.90818182249659,0.9713004617287528,
job_title_title,title.title,benchmarks/job/../../data/job/title__title.csv,job-csv,utf8,NaiveAutoWildcard,static,full-scan,full-scan,contains_kung_fu_panda,%Kung%Fu%Panda%,0,2528312,41409377,41409377,2528312,2528312,0,0,0,748959929,0,2704,558,40260457,40261015,2528312,1799921,20,15.924069102231053,15.923848401621319,0.9722680686550778,
job_title_title,title.title,benchmarks/job/../../data/job/title__title.csv,job-csv,utf8,NaiveAutoWildcard,static,full-scan,full-scan,contains_kung_fu_panda,%Kung%Fu%Panda%,1,2528312,41409377,41409377,2528312,2528312,0,0,0,748959929,0,2704,110,39677896,39678006,2528312,1799921,20,15.693476912659513,15.693433405370856,0.9581889145543049,
job_title_title,title.title,benchmarks/job/../../data/job/title__title.csv,job-csv,utf8,NaiveAutoWildcard,static,full-scan,full-scan,contains_kung_fu_panda,%Kung%Fu%Panda%,2,2528312,41409377,41409377,2528312,2528312,0,0,0,748959929,0,2704,100,39666275,39666375,2528312,1799921,20,15.6888766101652,15.688837058084603,0.957908036143601,
job_title_title,title.title,benchmarks/job/../../data/job/title__title.csv,job-csv,utf8,NaiveAutoWildcard,static,full-scan,full-scan,contains_kung_fu_panda,%Kung%Fu%Panda%,3,2528312,41409377,41409377,2528312,2528312,0,0,0,748959929,0,2704,99,39727843,39727942,2528312,1799921,20,15.713227639626755,15.713188483066963,0.9593948249933826,
job_title_title,title.title,benchmarks/job/../../data/job/title__title.csv,job-csv,utf8,NaiveAutoWildcard,static,full-scan,full-scan,contains_kung_fu_panda,%Kung%Fu%Panda%,4,2528312,41409377,41409377,2528312,2528312,0,0,0,748959929,0,2704,100,39629447,39629547,2528312,1799921,20,15.674310369922699,15.674270817842102,0.9570186723649573,
job_title_title,title.title,benchmarks/job/../../data/job/title__title.csv,job-csv,utf8,NaiveAutoWildcard,static,full-scan,full-scan,contains_loser,%Loser%,0,2528312,41409377,41409377,2528312,2528312,0,0,0,748959929,0,1835,698,39979872,39980570,2528312,2502331,349,15.81314726979898,15.81287119627641,0.9654955687935126,
job_title_title,title.title,benchmarks/job/../../data/job/title__title.csv,job-csv,utf8,NaiveAutoWildcard,static,full-scan,full-scan,contains_loser,%Loser%,1,2528312,41409377,41409377,2528312,2528312,0,0,0,748959929,0,1835,90,39351707,39351797,2528312,2502331,349,15.564454466062733,15.564418869190195,0.9503112543808616,
job_title_title,title.title,benchmarks/job/../../data/job/title__title.csv,job-csv,utf8,NaiveAutoWildcard,static,full-scan,full-scan,contains_loser,%Loser%,2,2528312,41409377,41409377,2528312,2528312,0,0,0,748959929,0,1835,100,40042408,40042508,2528312,2502331,349,15.837645037479552,15.837605485398955,0.966991316966686,
job_title_title,title.title,benchmarks/job/../../data/job/title__title.csv,job-csv,utf8,NaiveAutoWildcard,static,full-scan,full-scan,contains_loser,%Loser%,3,2528312,41409377,41409377,2528312,2528312,0,0,0,748959929,0,1835,100,40397523,40397623,2528312,2502331,349,15.978100408493889,15.978060856413292,0.9755670315928684,
job_title_title,title.title,benchmarks/job/../../data/job/title__title.csv,job-csv,utf8,NaiveAutoWildcard,static,full-scan,full-scan,contains_loser,%Loser%,4,2528312,41409377,41409377,2528312,2528312,0,0,0,748959929,0,1835,100,39322474,39322574,2528312,2502331,349,15.552896161549683,15.552856609469085,0.949605544657192,
job_title_title,title.title,benchmarks/job/../../data/job/title__title.csv,job-csv,utf8,NaiveAutoWildcard,static,full-scan,full-scan,contains_money,%Money%,0,2528312,41409377,41409377,2528312,2528312,0,0,0,748959929,0,2264,558,40967263,40967821,2528312,2502331,2286,16.203625581020063,16.20340488041033,0.9893368113217448,
job_title_title,title.title,benchmarks/job/../../data/job/title__title.csv,job-csv,utf8,NaiveAutoWildcard,static,full-scan,full-scan,contains_money,%Money%,1,2528312,41409377,41409377,2528312,2528312,0,0,0,748959929,0,2264,100,39987469,39987569,2528312,2502331,2286,15.81591551992001,15.815875967839412,0.965664588481976,
job_title_title,title.title,benchmarks/job/../../data/job/title__title.csv,job-csv,utf8,NaiveAutoWildcard,static,full-scan,full-scan,contains_money,%Money%,2,2528312,41409377,41409377,2528312,2528312,0,0,0,748959929,0,2264,100,40349454,40349554,2528312,2502331,2286,15.959088118871405,15.959048566790807,0.9744062075601861,
job_title_title,title.title,benchmarks/job/../../data/job/title__title.csv,job-csv,utf8,NaiveAutoWildcard,static,full-scan,full-scan,contains_money,%Money%,3,2528312,41409377,41409377,2528312,2528312,0,0,0,748959929,0,2264,110,40084356,40084466,2528312,2502331,2286,15.854240299456713,15.854196792168056,0.9680045657291584,
job_title_title,title.title,benchmarks/job/../../data/job/title__title.csv,job-csv,utf8,NaiveAutoWildcard,static,full-scan,full-scan,contains_money,%Money%,4,2528312,41409377,41409377,2528312,2528312,0,0,0,748959929,0,2264,110,40140502,40140612,2528312,2502331,2286,15.876447210629069,15.87640370334041,0.9693604422012918,
job_title_title,title.title,benchmarks/job/../../data/job/title__title.csv,job-csv,utf8,NaiveAutoWildcard,static,full-scan,full-scan,contains_mord,%Mord%,0,2528312,41409377,41409377,2528312,2528312,0,0,0,748959929,0,2424,499,41571210,41571709,2528312,2520211,637,16.442475849499587,16.442278484617404,1.0039201748917883,
job_title_title,title.title,benchmarks/job/../../data/job/title__title.csv,job-csv,utf8,NaiveAutoWildcard,static,full-scan,full-scan,contains_mord,%Mord%,1,2528312,41409377,41409377,2528312,2528312,0,0,0,748959929,0,2424,110,40754755,40754865,2528312,2520211,637,16.11939705226254,16.11935354497388,0.9841941113965564,
job_title_title,title.title,benchmarks/job/../../data/job/title__title.csv,job-csv,utf8,NaiveAutoWildcard,static,full-scan,full-scan,contains_mord,%Mord%,2,2528312,41409377,41409377,2528312,2528312,0,0,0,748959929,0,2424,110,40771033,40771143,2528312,2520211,637,16.125835339942224,16.125791832653565,0.9845872107662957,
job_title_title,title.title,benchmarks/job/../../data/job/title__title.csv,job-csv,utf8,NaiveAutoWildcard,static,full-scan,full-scan,contains_mord,%Mord%,3,2528312,41409377,41409377,2528312,2528312,0,0,0,748959929,0,2424,99,40643608,40643707,2528312,2520211,637,16.075431750511804,16.075392593952014,0.9815097435539781,
job_title_title,title.title,benchmarks/job/../../data/job/title__title.csv,job-csv,utf8,NaiveAutoWildcard,static,full-scan,full-scan,contains_mord,%Mord%,4,2528312,41409377,41409377,2528312,2528312,0,0,0,748959929,0,2424,100,52931619,52931719,2528312,2520211,637,20.935596160600433,20.935556608519835,1.2782544156604916,
job_title_title,title.title,benchmarks/job/../../data/job/title__title.csv,job-csv,utf8,NaiveAutoWildcard,static,full-scan,full-scan,contains_movie,%Movie%,0,2528312,41409377,41409377,2528312,2528312,0,0,0,748959929,0,1806,499,40724019,40724518,2528312,2502331,3638,16.10739418236357,16.107196817481388,0.9834612580623949,
job_title_title,title.title,benchmarks/job/../../data/job/title__title.csv,job-csv,utf8,NaiveAutoWildcard,static,full-scan,full-scan,contains_movie,%Movie%,1,2528312,41409377,41409377,2528312,2528312,0,0,0,748959929,0,1806,229,40774247,40774476,2528312,2502331,3638,16.127153610788543,16.127063036523975,0.9846676997821049,
job_title_title,title.title,benchmarks/job/../../data/job/title__title.csv,job-csv,utf8,NaiveAutoWildcard,static,full-scan,full-scan,contains_movie,%Movie%,2,2528312,41409377,41409377,2528312,2528312,0,0,0,748959929,0,1806,100,40414441,40414541,2528312,2502331,3638,15.984791829489398,15.9847522774088,0.9759755863991868,
job_title_title,title.title,benchmarks/job/../../data/job/title__title.csv,job-csv,utf8,NaiveAutoWildcard,static,full-scan,full-scan,contains_movie,%Movie%,3,2528312,41409377,41409377,2528312,2528312,0,0,0,748959929,0,1806,99,40157053,40157152,2528312,2502331,3638,15.882989124759918,15.882949968200128,0.9697598686403807,
job_title_title,title.title,benchmarks/job/../../data/job/title__title.csv,job-csv,utf8,NaiveAutoWildcard,static,full-scan,full-scan,contains_movie,%Movie%,4,2528312,41409377,41409377,2528312,2528312,0,0,0,748959929,0,1806,100,40120362,40120462,2528312,2502331,3638,15.868477466388642,15.868437914308045,0.9688738374402494,
job_title_title,title.title,benchmarks/job/../../data/job/title__title.csv,job-csv,utf8,NaiveAutoWildcard,static,full-scan,full-scan,contains_murder_upper,%Murder%,0,2528312,41409377,41409377,2528312,2528312,0,0,0,748959929,0,1866,499,40518495,40518994,2528312,2471557,3622,16.02610516423606,16.025907799353877,0.9784980343944802,
job_title_title,title.title,benchmarks/job/../../data/job/title__title.csv,job-csv,utf8,NaiveAutoWildcard,static,full-scan,full-scan,contains_murder_upper,%Murder%,1,2528312,41409377,41409377,2528312,2528312,0,0,0,748959929,0,1866,109,39985305,39985414,2528312,2471557,3622,15.81506317258313,15.815020060815279,0.96561254712912,
job_title_title,title.title,benchmarks/job/../../data/job/title__title.csv,job-csv,utf8,NaiveAutoWildcard,static,full-scan,full-scan,contains_murder_upper,%Murder%,2,2528312,41409377,41409377,2528312,2528312,0,0,0,748959929,0,1866,120,40267302,40267422,2528312,2471557,3622,15.926603204034945,15.926555741538229,0.9724227920647055,
job_title_title,title.title,benchmarks/job/../../data/job/title__title.csv,job-csv,utf8,NaiveAutoWildcard,static,full-scan,full-scan,contains_murder_upper,%Murder%,3,2528312,41409377,41409377,2528312,2528312,0,0,0,748959929,0,1866,110,40802708,40802818,2528312,2471557,3622,16.138363461471528,16.13831995418287,0.9853521341313587,
job_title_title,title.title,benchmarks/job/../../data/job/title__title.csv,job-csv,utf8,NaiveAutoWildcard,static,full-scan,full-scan,contains_murder_upper,%Murder%,4,2528312,41409377,41409377,2528312,2528312,0,0,0,748959929,0,1866,100,39144510,39144610,2528312,2471557,3622,15.482507696834885,15.482468144754286,0.9453078707269612,
job_title_title,title.title,benchmarks/job/../../data/job/title__title.csv,job-csv,utf8,NaiveAutoWildcard,static,full-scan,full-scan,contains_murder_lower,%murder%,0,2528312,41409377,41409377,2528312,2528312,0,0,0,748959929,0,2373,558,39935781,39936339,2528312,2471557,7,15.795652989029835,15.7954322884201,0.9644274290820651,
job_title_title,title.title,benchmarks/job/../../data/job/title__title.csv,job-csv,utf8,NaiveAutoWildcard,static,full-scan,full-scan,contains_murder_lower,%murder%,1,2528312,41409377,41409377,2528312,2528312,0,0,0,748959929,0,2373,110,39470492,39470602,2528312,2471557,7,15.611444315416769,15.61140080812811,0.9531802905414395,
job_title_title,title.title,benchmarks/job/../../data/job/title__title.csv,job-csv,utf8,NaiveAutoWildcard,static,full-scan,full-scan,contains_murder_lower,%murder%,2,2528312,41409377,41409377,2528312,2528312,0,0,0,748959929,0,2373,99,39900504,39900603,2528312,2471557,7,15.78151865750746,15.781479500947668,0.9635644361420844,
job_title_title,title.title,benchmarks/job/../../data/job/title__title.csv,job-csv,utf8,NaiveAutoWildcard,static,full-scan,full-scan,contains_murder_lower,%murder%,3,2528312,41409377,41409377,2528312,2528312,0,0,0,748959929,0,2373,110,39418117,39418227,2528312,2471557,7,15.59072891320375,15.590685405915092,0.951915480399524,
job_title_title,title.title,benchmarks/job/../../data/job/title__title.csv,job-csv,utf8,NaiveAutoWildcard,static,full-scan,full-scan,contains_murder_lower,%murder%,4,2528312,41409377,41409377,2528312,2528312,0,0,0,748959929,0,2373,110,39109021,39109131,2528312,2471557,7,15.468475014159646,15.468431506870987,0.9444510841107318,
job_title_title,title.title,benchmarks/job/../../data/job/title__title.csv,job-csv,utf8,NaiveAutoWildcard,static,full-scan,full-scan,prefix_birdemic,Birdemic%,0,2528312,41409377,41409377,2528312,2528312,0,0,0,748959929,0,2892,1007,10429408,10430415,2528312,2138136,8,4.125446147469141,4.125047858017523,0.25188533988328293,
job_title_title,title.title,benchmarks/job/../../data/job/title__title.csv,job-csv,utf8,NaiveAutoWildcard,static,full-scan,full-scan,prefix_birdemic,Birdemic%,1,2528312,41409377,41409377,2528312,2528312,0,0,0,748959929,0,2892,110,10264785,10264895,2528312,2138136,8,4.059979543663915,4.059936036375258,0.24788817759803533,
job_title_title,title.title,benchmarks/job/../../data/job/title__title.csv,job-csv,utf8,NaiveAutoWildcard,static,full-scan,full-scan,prefix_birdemic,Birdemic%,2,2528312,41409377,41409377,2528312,2528312,0,0,0,748959929,0,2892,399,10267000,10267399,2528312,2138136,8,4.06096992776208,4.060812114960496,0.24794864699365074,
job_title_title,title.title,benchmarks/job/../../data/job/title__title.csv,job-csv,utf8,NaiveAutoWildcard,static,full-scan,full-scan,prefix_birdemic,Birdemic%,3,2528312,41409377,41409377,2528312,2528312,0,0,0,748959929,0,2892,100,10140249,10140349,2528312,2138136,8,4.010719009362768,4.010679457282171,0.2448805013415198,
job_title_title,title.title,benchmarks/job/../../data/job/title__title.csv,job-csv,utf8,NaiveAutoWildcard,static,full-scan,full-scan,prefix_birdemic,Birdemic%,4,2528312,41409377,41409377,2528312,2528312,0,0,0,748959929,0,2892,100,10234573,10234673,2528312,2138136,8,4.048026113865694,4.0479865617850965,0.2471583429038307,
job_title_title,title.title,benchmarks/job/../../data/job/title__title.csv,job-csv,utf8,NaiveAutoWildcard,static,full-scan,full-scan,prefix_champion,Champion%,0,2528312,41409377,41409377,2528312,2528312,0,0,0,748959929,0,2633,439,10118645,10119084,2528312,2138136,222,4.002308259423678,4.002134625789855,0.24436697031206242,
job_title_title,title.title,benchmarks/job/../../data/job/title__title.csv,job-csv,utf8,NaiveAutoWildcard,static,full-scan,full-scan,prefix_champion,Champion%,1,2528312,41409377,41409377,2528312,2528312,0,0,0,748959929,0,2633,80,10020980,10021060,2528312,2138136,222,3.9635377279386406,3.9635060862741622,0.2419997770070291,
job_title_title,title.title,benchmarks/job/../../data/job/title__title.csv,job-csv,utf8,NaiveAutoWildcard,static,full-scan,full-scan,prefix_champion,Champion%,2,2528312,41409377,41409377,2528312,2528312,0,0,0,748959929,0,2633,79,10354023,10354102,2528312,2138136,222,4.095262768202659,4.095231522058986,0.2500424481150731,
job_title_title,title.title,benchmarks/job/../../data/job/title__title.csv,job-csv,utf8,NaiveAutoWildcard,static,full-scan,full-scan,prefix_champion,Champion%,3,2528312,41409377,41409377,2528312,2528312,0,0,0,748959929,0,2633,90,10376773,10376863,2528312,2138136,222,4.104265217267489,4.1042296203949515,0.2505921062275339,
job_title_title,title.title,benchmarks/job/../../data/job/title__title.csv,job-csv,utf8,NaiveAutoWildcard,static,full-scan,full-scan,prefix_champion,Champion%,4,2528312,41409377,41409377,2528312,2528312,0,0,0,748959929,0,2633,109,10319174,10319283,2528312,2138136,222,4.081491129259364,4.081448017491512,0.2492015999178157,
job_title_title,title.title,benchmarks/job/../../data/job/title__title.csv,job-csv,utf8,NaiveAutoWildcard,static,full-scan,full-scan,prefix_dragon_ball_z,Dragon Ball Z%,0,2528312,41409377,41409377,2528312,2528312,0,0,0,748959929,0,1716,718,10701918,10702636,2528312,1303963,25,4.233115216792864,4.232831232854173,0.2584592373848078,
job_title_title,title.title,benchmarks/job/../../data/job/title__title.csv,job-csv,utf8,NaiveAutoWildcard,static,full-scan,full-scan,prefix_dragon_ball_z,Dragon Ball Z%,1,2528312,41409377,41409377,2528312,2528312,0,0,0,748959929,0,1716,40,10699076,10699116,2528312,1303963,25,4.2317229835558265,4.231707162723588,0.25837423248362323,
job_title_title,title.title,benchmarks/job/../../data/job/title__title.csv,job-csv,utf8,NaiveAutoWildcard,static,full-scan,full-scan,prefix_dragon_ball_z,Dragon Ball Z%,2,2528312,41409377,41409377,2528312,2528312,0,0,0,748959929,0,1716,99,10345594,10345693,2528312,1303963,25,4.091936833745202,4.09189767718541,0.24983937816789661,
job_title_title,title.title,benchmarks/job/../../data/job/title__title.csv,job-csv,utf8,NaiveAutoWildcard,static,full-scan,full-scan,prefix_dragon_ball_z,Dragon Ball Z%,3,2528312,41409377,41409377,2528312,2528312,0,0,0,748959929,0,1716,80,10407424,10407504,2528312,1303963,25,4.116384370283415,4.116352728618936,0.2513320594028739,
job_title_title,title.title,benchmarks/job/../../data/job/title__title.csv,job-csv,utf8,NaiveAutoWildcard,static,full-scan,full-scan,prefix_dragon_ball_z,Dragon Ball Z%,4,2528312,41409377,41409377,2528312,2528312,0,0,0,748959929,0,1716,90,10649385,10649475,2528312,1303963,25,4.212088935226348,4.212053338353811,0.25717544603484377,
job_title_title,title.title,benchmarks/job/../../data/job/title__title.csv,job-csv,utf8,NaiveAutoWildcard,static,full-scan,full-scan,prefix_kung_fu_panda,Kung Fu Panda%,0,2528312,41409377,41409377,2528312,2528312,0,0,0,748959929,0,2404,548,10076804,10077352,2528312,1303963,15,3.9858023851486686,3.985585639746993,0.24335917925063205,
job_title_title,title.title,benchmarks/job/../../data/job/title__title.csv,job-csv,utf8,NaiveAutoWildcard,static,full-scan,full-scan,prefix_kung_fu_panda,Kung Fu Panda%,1,2528312,41409377,41409377,2528312,2528312,0,0,0,748959929,0,2404,90,10139701,10139791,2528312,1303963,15,4.010498308753034,4.010462711880495,0.2448670261327525,
job_title_title,title.title,benchmarks/job/../../data/job/title__title.csv,job-csv,utf8,NaiveAutoWildcard,static,full-scan,full-scan,prefix_kung_fu_panda,Kung Fu Panda%,2,2528312,41409377,41409377,2528312,2528312,0,0,0,748959929,0,2404,80,10290996,10291076,2528312,1303963,15,4.070334673885185,4.070303032220707,0.2485204256997153,
job_title_title,title.title,benchmarks/job/../../data/job/title__title.csv,job-csv,utf8,NaiveAutoWildcard,static,full-scan,full-scan,prefix_kung_fu_panda,Kung Fu Panda%,3,2528312,41409377,41409377,2528312,2528312,0,0,0,748959929,0,2404,169,10251171,10251340,2528312,1303963,15,4.054618259138904,4.054551416122694,0.24756083628111575,
job_title_title,title.title,benchmarks/job/../../data/job/title__title.csv,job-csv,utf8,NaiveAutoWildcard,static,full-scan,full-scan,prefix_kung_fu_panda,Kung Fu Panda%,4,2528312,41409377,41409377,2528312,2528312,0,0,0,748959929,0,2404,80,10151899,10151979,2528312,1303963,15,4.015318916336275,4.015287274671797,0.2451613556031041,
job_title_title,title.title,benchmarks/job/../../data/job/title__title.csv,job-csv,utf8,NaiveAutoWildcard,static,full-scan,full-scan,prefix_loser,Loser%,0,2528312,41409377,41409377,2528312,2528312,0,0,0,748959929,0,2234,399,10145964,10146363,2528312,2502331,72,4.013097671489911,4.012939858688326,0.24502573414712325,
job_title_title,title.title,benchmarks/job/../../data/job/title__title.csv,job-csv,utf8,NaiveAutoWildcard,static,full-scan,full-scan,prefix_loser,Loser%,1,2528312,41409377,41409377,2528312,2528312,0,0,0,748959929,0,2234,100,9674439,9674539,2528312,2502331,72,3.8264814627308654,3.826441910650268,0.2336315999151593,
job_title_title,title.title,benchmarks/job/../../data/job/title__title.csv,job-csv,utf8,NaiveAutoWildcard,static,full-scan,full-scan,prefix_loser,Loser%,2,2528312,41409377,41409377,2528312,2528312,0,0,0,748959929,0,2234,40,9653166,9653206,2528312,2502331,72,3.8180438173769695,3.81802799654473,0.23311642674556537,
job_title_title,title.title,benchmarks/job/../../data/job/title__title.csv,job-csv,utf8,NaiveAutoWildcard,static,full-scan,full-scan,prefix_loser,Loser%,3,2528312,41409377,41409377,2528312,2528312,0,0,0,748959929,0,2234,40,9539242,9539282,2528312,2502331,72,3.772984505076905,3.772968684244666,0.2303652624380222,
job_title_title,title.title,benchmarks/job/../../data/job/title__title.csv,job-csv,utf8,NaiveAutoWildcard,static,full-scan,full-scan,prefix_loser,Loser%,4,2528312,41409377,41409377,2528312,2528312,0,0,0,748959929,0,2234,50,9688744,9688794,2528312,2502331,72,3.83211961182006,3.8320998357797613,0.2339758456158372,
job_title_title,title.title,benchmarks/job/../../data/job/title__title.csv,job-csv,utf8,NaiveAutoWildcard,static,full-scan,full-scan,prefix_one_piece,One Piece%,0,2528312,41409377,41409377,2528312,2528312,0,0,0,748959929,0,2723,289,10120601,10120890,2528312,2000434,14,4.003022569999272,4.002908264486345,0.2444105836221588,
job_title_title,title.title,benchmarks/job/../../data/job/title__title.csv,job-csv,utf8,NaiveAutoWildcard,static,full-scan,full-scan,prefix_one_piece,One Piece%,1,2528312,41409377,41409377,2528312,2528312,0,0,0,748959929,0,2723,50,10192482,10192532,2528312,2000434,14,4.031358471581039,4.03133869554074,0.24614067485246155,
job_title_title,title.title,benchmarks/job/../../data/job/title__title.csv,job-csv,utf8,NaiveAutoWildcard,static,full-scan,full-scan,prefix_one_piece,One Piece%,2,2528312,41409377,41409377,2528312,2528312,0,0,0,748959929,0,2723,30,10028640,10028670,2528312,2000434,14,3.9665476412721214,3.9665357756479422,0.24218355180760145,
job_title_title,title.title,benchmarks/job/../../data/job/title__title.csv,job-csv,utf8,NaiveAutoWildcard,static,full-scan,full-scan,prefix_one_piece,One Piece%,3,2528312,41409377,41409377,2528312,2528312,0,0,0,748959929,0,2723,79,9899725,9899804,2528312,2000434,14,3.9155784570891567,3.9155472109454847,0.23907155135417757,
job_title_title,title.title,benchmarks/job/../../data/job/title__title.csv,job-csv,utf8,NaiveAutoWildcard,static,full-scan,full-scan,prefix_one_piece,One Piece%,4,2528312,41409377,41409377,2528312,2528312,0,0,0,748959929,0,2723,110,10148547,10148657,2528312,2000434,14,4.014004996218821,4.013961488930164,0.24508113222761116,
job_title_title,title.title,benchmarks/job/../../data/job/title__title.csv,job-csv,utf8,NaiveAutoWildcard,static,full-scan,full-scan,prefix_saw,Saw%,0,2528312,41409377,41409377,2528312,2528312,0,0,0,748959929,0,2842,658,9962322,9962980,2528312,2526814,131,3.9405658795275267,3.940305626837194,0.24059719613748354,
job_title_title,title.title,benchmarks/job/../../data/job/title__title.csv,job-csv,utf8,NaiveAutoWildcard,static,full-scan,full-scan,prefix_saw,Saw%,1,2528312,41409377,41409377,2528312,2528312,0,0,0,748959929,0,2842,80,10109966,10110046,2528312,2526814,131,3.9987335423792634,3.998701900714785,0.24414871056862314,
job_title_title,title.title,benchmarks/job/../../data/job/title__title.csv,job-csv,utf8,NaiveAutoWildcard,static,full-scan,full-scan,prefix_saw,Saw%,2,2528312,41409377,41409377,2528312,2528312,0,0,0,748959929,0,2842,30,10157803,10157833,2528312,2526814,131,4.017634295134461,4.017622429510282,0.24530272454956278,
job_title_title,title.title,benchmarks/job/../../data/job/title__title.csv,job-csv,utf8,NaiveAutoWildcard,static,full-scan,full-scan,prefix_saw,Saw%,3,2528312,41409377,41409377,2528312,2528312,0,0,0,748959929,0,2842,90,9905969,9906059,2528312,2526814,131,3.9180524397305394,3.918016842858002,0.23922260409761778,
job_title_title,title.title,benchmarks/job/../../data/job/title__title.csv,job-csv,utf8,NaiveAutoWildcard,static,full-scan,full-scan,prefix_saw,Saw%,4,2528312,41409377,41409377,2528312,2528312,0,0,0,748959929,0,2842,30,10035372,10035402,2528312,2526814,131,3.969210287337955,3.969198421713776,0.24234612368111697,
job_title_title,title.title,benchmarks/job/../../data/job/title__title.csv,job-csv,utf8,NaiveAutoWildcard,static,full-scan,full-scan,prefix_vampire,Vampire%,0,2528312,41409377,41409377,2528312,2528312,0,0,0,748959929,0,2154,428,9253943,9254371,2528312,2317545,284,3.660296276725341,3.660126993820383,0.2234849126080791,
job_title_title,title.title,benchmarks/job/../../data/job/title__title.csv,job-csv,utf8,NaiveAutoWildcard,static,full-scan,full-scan,prefix_vampire,Vampire%,1,2528312,41409377,41409377,2528312,2528312,0,0,0,748959929,0,2154,30,9314666,9314696,2528312,2317545,284,3.684156069345872,3.6841442037216927,0.22494170825124946,
job_title_title,title.title,benchmarks/job/../../data/job/title__title.csv,job-csv,utf8,NaiveAutoWildcard,static,full-scan,full-scan,prefix_vampire,Vampire%,2,2528312,41409377,41409377,2528312,2528312,0,0,0,748959929,0,2154,30,9455001,9455031,2528312,2317545,284,3.739661481652581,3.7396496160284016,0.22833067495799322,
job_title_title,title.title,benchmarks/job/../../data/job/title__title.csv,job-csv,utf8,NaiveAutoWildcard,static,full-scan,full-scan,prefix_vampire,Vampire%,3,2528312,41409377,41409377,2528312,2528312,0,0,0,748959929,0,2154,100,9456757,9456857,2528312,2317545,284,3.740383702644294,3.740344150563696,0.22837477125048272,
job_title_title,title.title,benchmarks/job/../../data/job/title__title.csv,job-csv,utf8,NaiveAutoWildcard,static,full-scan,full-scan,prefix_vampire,Vampire%,4,2528312,41409377,41409377,2528312,2528312,0,0,0,748959929,0,2154,29,9254643,9254672,2528312,2317545,284,3.66041532848794,3.6604038583845666,0.22349218149309516,
job_title_title,title.title,benchmarks/job/../../data/job/title__title.csv,job-csv,utf8,NaiveAvx2V2,static,full-scan,full-scan,contains_champion,%Champion%,0,2528312,41409377,41409377,2528312,2528312,0,0,0,748959929,0,2354,499,33311351,33311850,2528312,2138136,1870,13.175529760567525,13.175332395685343,0.8044518515697544,
job_title_title,title.title,benchmarks/job/../../data/job/title__title.csv,job-csv,utf8,NaiveAvx2V2,static,full-scan,full-scan,contains_champion,%Champion%,1,2528312,41409377,41409377,2528312,2528312,0,0,0,748959929,0,2354,100,33308755,33308855,2528312,2138136,1870,13.174345175753626,13.174305623673028,0.8043795249563885,
job_title_title,title.title,benchmarks/job/../../data/job/title__title.csv,job-csv,utf8,NaiveAvx2V2,static,full-scan,full-scan,contains_champion,%Champion%,2,2528312,41409377,41409377,2528312,2528312,0,0,0,748959929,0,2354,99,33484160,33484259,2528312,2138136,1870,13.243721107205124,13.243681950645332,0.8086153771403033,
job_title_title,title.title,benchmarks/job/../../data/job/title__title.csv,job-csv,utf8,NaiveAvx2V2,static,full-scan,full-scan,contains_champion,%Champion%,3,2528312,41409377,41409377,2528312,2528312,0,0,0,748959929,0,2354,109,33741153,33741262,2528312,2138136,1870,13.345371140903497,13.345328029135645,0.8148217733389227,
job_title_title,title.title,benchmarks/job/../../data/job/title__title.csv,job-csv,utf8,NaiveAvx2V2,static,full-scan,full-scan,contains_champion,%Champion%,4,2528312,41409377,41409377,2528312,2528312,0,0,0,748959929,0,2354,110,34242537,34242647,2528312,2138136,1870,13.543679340208012,13.543635832919355,0.8269297796969995,
job_title_title,title.title,benchmarks/job/../../data/job/title__title.csv,job-csv,utf8,NaiveAvx2V2,static,full-scan,full-scan,contains_freddy,%Freddy%,0,2528312,41409377,41409377,2528312,2528312,0,0,0,748959929,0,1925,479,36645200,36645679,2528312,2471557,146,14.494128493635278,14.493939039169216,0.8849608869990968,
job_title_title,title.title,benchmarks/job/../../data/job/title__title.csv,job-csv,utf8,NaiveAvx2V2,static,full-scan,full-scan,contains_freddy,%Freddy%,1,2528312,41409377,41409377,2528312,2528312,0,0,0,748959929,0,1925,99,36601781,36601880,2528312,2471557,146,14.476805077854316,14.476765921294524,0.8839031797073402,
job_title_title,title.title,benchmarks/job/../../data/job/title__title.csv,job-csv,utf8,NaiveAvx2V2,static,full-scan,full-scan,contains_freddy,%Freddy%,2,2528312,41409377,41409377,2528312,2528312,0,0,0,748959929,0,1925,110,36522396,36522506,2528312,2471557,146,14.445411009400738,14.44536750211208,0.8819863674838673,
job_title_title,title.title,benchmarks/job/../../data/job/title__title.csv,job-csv,utf8,NaiveAvx2V2,static,full-scan,full-scan,contains_freddy,%Freddy%,3,2528312,41409377,41409377,2528312,2528312,0,0,0,748959929,0,1925,110,36474368,36474478,2528312,2471557,146,14.4264149361313,14.426371428842643,0.8808265335650908,
job_title_title,title.title,benchmarks/job/../../data/job/title__title.csv,job-csv,utf8,NaiveAvx2V2,static,full-scan,full-scan,contains_freddy,%Freddy%,4,2528312,41409377,41409377,2528312,2528312,0,0,0,748959929,0,1925,110,37548449,37548559,2528312,2471557,146,14.851236318935321,14.851192811646664,0.9067646441529414,
job_title_title,title.title,benchmarks/job/../../data/job/title__title.csv,job-csv,utf8,NaiveAvx2V2,static,full-scan,full-scan,contains_jason,%Jason%,0,2528312,41409377,41409377,2528312,2528312,0,0,0,748959929,0,2144,877,37435878,37436755,2528312,2502331,482,14.807015510743927,14.806668638997087,0.9040646759790663,
job_title_title,title.title,benchmarks/job/../../data/job/title__title.csv,job-csv,utf8,NaiveAvx2V2,static,full-scan,full-scan,contains_jason,%Jason%,1,2528312,41409377,41409377,2528312,2528312,0,0,0,748959929,0,2144,100,37703983,37704083,2528312,2502331,482,14.912749296764007,14.91270974468341,0.9105204118381206,
job_title_title,title.title,benchmarks/job/../../data/job/title__title.csv,job-csv,utf8,NaiveAvx2V2,static,full-scan,full-scan,contains_jason,%Jason%,2,2528312,41409377,41409377,2528312,2528312,0,0,0,748959929,0,2144,100,37086742,37086842,2528312,2502331,482,14.66861763896228,14.668578086881682,0.8956145850733277,
job_title_title,title.title,benchmarks/job/../../data/job/title__title.csv,job-csv,utf8,NaiveAvx2V2,static,full-scan,full-scan,contains_jason,%Jason%,3,2528312,41409377,41409377,2528312,2528312,0,0,0,748959929,0,2144,359,37225223,37225582,2528312,2502331,482,14.723492195583457,14.72335020361411,0.8989650339342222,
job_title_title,title.title,benchmarks/job/../../data/job/title__title.csv,job-csv,utf8,NaiveAvx2V2,static,full-scan,full-scan,contains_jason,%Jason%,4,2528312,41409377,41409377,2528312,2528312,0,0,0,748959929,0,2144,109,37454058,37454167,2528312,2502331,482,14.81390231901759,14.813859207249738,0.9044851604504941,
job_title_title,title.title,benchmarks/job/../../data/job/title__title.csv,job-csv,utf8,NaiveAvx2V2,static,full-scan,full-scan,contains_kung_fu_panda,%Kung%Fu%Panda%,0,2528312,41409377,41409377,2528312,2528312,0,0,0,748959929,0,2773,529,39935437,39935966,2528312,1799921,20,15.795505459769206,15.795296229262844,0.964418421460434,
job_title_title,title.title,benchmarks/job/../../data/job/title__title.csv,job-csv,utf8,NaiveAvx2V2,static,full-scan,full-scan,contains_kung_fu_panda,%Kung%Fu%Panda%,1,2528312,41409377,41409377,2528312,2528312,0,0,0,748959929,0,2773,110,39753406,39753516,2528312,1799921,20,15.723342688718798,15.72329918143014,0.9600124145794321,
job_title_title,title.title,benchmarks/job/../../data/job/title__title.csv,job-csv,utf8,NaiveAvx2V2,static,full-scan,full-scan,contains_kung_fu_panda,%Kung%Fu%Panda%,2,2528312,41409377,41409377,2528312,2528312,0,0,0,748959929,0,2773,100,39979910,39980010,2528312,1799921,20,15.812925778147633,15.812886226067036,0.965482045286506,
job_title_title,title.title,benchmarks/job/../../data/job/title__title.csv,job-csv,utf8,NaiveAvx2V2,static,full-scan,full-scan,contains_kung_fu_panda,%Kung%Fu%Panda%,3,2528312,41409377,41409377,2528312,2528312,0,0,0,748959929,0,2773,111,40085776,40085887,2528312,1799921,20,15.854802334522006,15.854758431712542,0.9680388816281877,
job_title_title,title.title,benchmarks/job/../../data/job/title__title.csv,job-csv,utf8,NaiveAvx2V2,static,full-scan,full-scan,contains_kung_fu_panda,%Kung%Fu%Panda%,4,2528312,41409377,41409377,2528312,2528312,0,0,0,748959929,0,2773,110,40228165,40228275,2528312,1799921,20,15.911119751043383,15.911076243754726,0.9714774264775826,
job_title_title,title.title,benchmarks/job/../../data/job/title__title.csv,job-csv,utf8,NaiveAvx2V2,static,full-scan,full-scan,contains_loser,%Loser%,0,2528312,41409377,41409377,2528312,2528312,0,0,0,748959929,0,1963,491,37733959,37734450,2528312,2502331,349,14.924760077079094,14.92456587636336,0.9112537481546752,
job_title_title,title.title,benchmarks/job/../../data/job/title__title.csv,job-csv,utf8,NaiveAvx2V2,static,full-scan,full-scan,contains_loser,%Loser%,1,2528312,41409377,41409377,2528312,2528312,0,0,0,748959929,0,1963,100,37866623,37866723,2528312,2502331,349,14.977076800648021,14.977037248567424,0.9144480246587626,
job_title_title,title.title,benchmarks/job/../../data/job/title__title.csv,job-csv,utf8,NaiveAvx2V2,static,full-scan,full-scan,contains_loser,%Loser%,2,2528312,41409377,41409377,2528312,2528312,0,0,0,748959929,0,1963,100,37766104,37766204,2528312,2502331,349,14.937319444752072,14.937279892671475,0.9120205793001909,
job_title_title,title.title,benchmarks/job/../../data/job/title__title.csv,job-csv,utf8,NaiveAvx2V2,static,full-scan,full-scan,contains_loser,%Loser%,3,2528312,41409377,41409377,2528312,2528312,0,0,0,748959929,0,1963,110,37884005,37884115,2528312,2502331,349,14.983955698505564,14.983912191216907,0.9148680261477974,
job_title_title,title.title,benchmarks/job/../../data/job/title__title.csv,job-csv,utf8,NaiveAvx2V2,static,full-scan,full-scan,contains_loser,%Loser%,4,2528312,41409377,41409377,2528312,2528312,0,0,0,748959929,0,1963,100,37881604,37881704,2528312,2502331,349,14.983002097842355,14.982962545761758,0.9148098026203099,
job_title_title,title.title,benchmarks/job/../../data/job/title__title.csv,job-csv,utf8,NaiveAvx2V2,static,full-scan,full-scan,contains_money,%Money%,0,2528312,41409377,41409377,2528312,2528312,0,0,0,748959929,0,2403,490,38630986,38631476,2528312,2502331,2286,15.27955252358095,15.279358718386021,0.9329161363620612,
job_title_title,title.title,benchmarks/job/../../data/job/title__title.csv,job-csv,utf8,NaiveAvx2V2,static,full-scan,full-scan,contains_money,%Money%,1,2528312,41409377,41409377,2528312,2528312,0,0,0,748959929,0,2403,110,38664502,38664612,2528312,2502331,2286,15.292658501007788,15.29261499371913,0.9337163415909396,
job_title_title,title.title,benchmarks/job/../../data/job/title__title.csv,job-csv,utf8,NaiveAvx2V2,static,full-scan,full-scan,contains_money,%Money%,2,2528312,41409377,41409377,2528312,2528312,0,0,0,748959929,0,2403,110,37703756,37703866,2528312,2502331,2286,14.91266346874911,14.912619961460452,0.9105151714791555,
job_title_title,title.title,benchmarks/job/../../data/job/title__title.csv,job-csv,utf8,NaiveAvx2V2,static,full-scan,full-scan,contains_money,%Money%,3,2528312,41409377,41409377,2528312,2528312,0,0,0,748959929,0,2403,100,37960637,37960737,2528312,2502331,2286,15.014261293701093,15.014221741620496,0.9167183799939805,
job_title_title,title.title,benchmarks/job/../../data/job/title__title.csv,job-csv,utf8,NaiveAvx2V2,static,full-scan,full-scan,contains_money,%Money%,4,2528312,41409377,41409377,2528312,2528312,0,0,0,748959929,0,2403,120,38101006,38101126,2528312,2502331,2286,15.069788064131325,15.069740601634608,0.9201086507531857,
job_title_title,title.title,benchmarks/job/../../data/job/title__title.csv,job-csv,utf8,NaiveAvx2V2,static,full-scan,full-scan,contains_mord,%Mord%,0,2528312,41409377,41409377,2528312,2528312,0,0,0,748959929,0,1802,441,38666488,38666929,2528312,2520211,637,15.293574922715235,15.2934004980398,0.9337722951011797,
job_title_title,title.title,benchmarks/job/../../data/job/title__title.csv,job-csv,utf8,NaiveAvx2V2,static,full-scan,full-scan,contains_mord,%Mord%,1,2528312,41409377,41409377,2528312,2528312,0,0,0,748959929,0,1802,100,40065707,40065807,2528312,2520211,637,15.846860276737997,15.8468207246574,0.9675539673055211,
job_title_title,title.title,benchmarks/job/../../data/job/title__title.csv,job-csv,utf8,NaiveAvx2V2,static,full-scan,full-scan,contains_mord,%Mord%,2,2528312,41409377,41409377,2528312,2528312,0,0,0,748959929,0,1802,110,39050423,39050533,2528312,2520211,637,15.445298285971035,15.445254778682378,0.9430359939972051,
job_title_title,title.title,benchmarks/job/../../data/job/title__title.csv,job-csv,utf8,NaiveAvx2V2,static,full-scan,full-scan,contains_mord,%Mord%,3,2528312,41409377,41409377,2528312,2528312,0,0,0,748959929,0,1802,101,38822795,38822896,2528312,2520211,637,15.355263116260968,15.355223168659565,0.9375387608463658,
job_title_title,title.title,benchmarks/job/../../data/job/title__title.csv,job-csv,utf8,NaiveAvx2V2,static,full-scan,full-scan,contains_mord,%Mord%,4,2528312,41409377,41409377,2528312,2528312,0,0,0,748959929,0,1802,111,39573814,39573925,2528312,2520211,637,15.652310711652676,15.652266808843212,0.9556754500315231,
job_title_title,title.title,benchmarks/job/../../data/job/title__title.csv,job-csv,utf8,NaiveAvx2V2,static,full-scan,full-scan,contains_movie,%Movie%,0,2528312,41409377,41409377,2528312,2528312,0,0,0,748959929,0,2543,430,38501322,38501752,2528312,2502331,3638,15.228243982546458,15.228073908599889,0.9297834159639736,
job_title_title,title.title,benchmarks/job/../../data/job/title__title.csv,job-csv,utf8,NaiveAvx2V2,static,full-scan,full-scan,contains_movie,%Movie%,1,2528312,41409377,41409377,2528312,2528312,0,0,0,748959929,0,2543,270,38381618,38381888,2528312,2502331,3638,15.180835276658893,15.18072848604128,0.9268888058856815,
job_title_title,title.title,benchmarks/job/../../data/job/title__title.csv,job-csv,utf8,NaiveAvx2V2,static,full-scan,full-scan,contains_movie,%Movie%,2,2528312,41409377,41409377,2528312,2528312,0,0,0,748959929,0,2543,110,39026262,39026372,2528312,2502331,3638,15.435742107777838,15.43569860048918,0.9424525271172276,
job_title_title,title.title,benchmarks/job/../../data/job/title__title.csv,job-csv,utf8,NaiveAvx2V2,static,full-scan,full-scan,contains_movie,%Movie%,3,2528312,41409377,41409377,2528312,2528312,0,0,0,748959929,0,2543,120,38224339,38224459,2528312,2502331,3638,15.118568831694823,15.118521369198104,0.92308703412756,
job_title_title,title.title,benchmarks/job/../../data/job/title__title.csv,job-csv,utf8,NaiveAvx2V2,static,full-scan,full-scan,contains_movie,%Movie%,4,2528312,41409377,41409377,2528312,2528312,0,0,0,748959929,0,2543,110,38527945,38528055,2528312,2502331,3638,15.238647366306058,15.238603859017399,0.9304186102582515,
job_title_title,title.title,benchmarks/job/../../data/job/title__title.csv,job-csv,utf8,NaiveAvx2V2,static,full-scan,full-scan,contains_murder_upper,%Murder%,0,2528312,41409377,41409377,2528312,2528312,0,0,0,748959929,0,2643,561,36712219,36712780,2528312,2471557,3622,14.520668335237106,14.520446448064954,0.8865813170770476,
job_title_title,title.title,benchmarks/job/../../data/job/title__title.csv,job-csv,utf8,NaiveAvx2V2,static,full-scan,full-scan,contains_murder_upper,%Murder%,1,2528312,41409377,41409377,2528312,2528312,0,0,0,748959929,0,2643,110,36871170,36871280,2528312,2471557,3622,14.583358382984379,14.583314875695722,0.8904089525423191,
job_title_title,title.title,benchmarks/job/../../data/job/title__title.csv,job-csv,utf8,NaiveAvx2V2,static,full-scan,full-scan,contains_murder_upper,%Murder%,2,2528312,41409377,41409377,2528312,2528312,0,0,0,748959929,0,2643,110,36859397,36859507,2528312,2471557,3622,14.578701916535618,14.57865840924696,0.8901246449566242,
job_title_title,title.title,benchmarks/job/../../data/job/title__title.csv,job-csv,utf8,NaiveAvx2V2,static,full-scan,full-scan,contains_murder_upper,%Murder%,3,2528312,41409377,41409377,2528312,2528312,0,0,0,748959929,0,2643,100,37341835,37341935,2528312,2471557,3622,14.769512227921238,14.76947267584064,0.9017748564534067,
job_title_title,title.title,benchmarks/job/../../data/job/title__title.csv,job-csv,utf8,NaiveAvx2V2,static,full-scan,full-scan,contains_murder_upper,%Murder%,4,2528312,41409377,41409377,2528312,2528312,0,0,0,748959929,0,2643,100,39369376,39369476,2528312,2471557,3622,15.57144687839159,15.571407326310993,0.9507381866672372,
job_title_title,title.title,benchmarks/job/../../data/job/title__title.csv,job-csv,utf8,NaiveAvx2V2,static,full-scan,full-scan,contains_murder_lower,%murder%,0,2528312,41409377,41409377,2528312,2528312,0,0,0,748959929,0,2252,751,37008586,37009337,2528312,2471557,7,14.637962798895073,14.637665762769785,0.8937429075544894,
job_title_title,title.title,benchmarks/job/../../data/job/title__title.csv,job-csv,utf8,NaiveAvx2V2,static,full-scan,full-scan,contains_murder_lower,%murder%,1,2528312,41409377,41409377,2528312,2528312,0,0,0,748959929,0,2252,110,37404084,37404194,2528312,2471557,7,14.794136957780527,14.79409345049187,0.9032783564939892,
job_title_title,title.title,benchmarks/job/../../data/job/title__title.csv,job-csv,utf8,NaiveAvx2V2,static,full-scan,full-scan,contains_murder_lower,%murder%,2,2528312,41409377,41409377,2528312,2528312,0,0,0,748959929,0,2252,110,37209318,37209428,2528312,2471557,7,14.717102952483712,14.717059445195055,0.89857492905532,
job_title_title,title.title,benchmarks/job/../../data/job/title__title.csv,job-csv,utf8,NaiveAvx2V2,static,full-scan,full-scan,contains_murder_lower,%murder%,3,2528312,41409377,41409377,2528312,2528312,0,0,0,748959929,0,2252,110,37765129,37765239,2528312,2471557,7,14.936937767174305,14.936894259885648,0.9119972753997241,
job_title_title,title.title,benchmarks/job/../../data/job/title__title.csv,job-csv,utf8,NaiveAvx2V2,static,full-scan,full-scan,contains_murder_lower,%murder%,4,2528312,41409377,41409377,2528312,2528312,0,0,0,748959929,0,2252,100,37634406,37634506,2528312,2471557,7,14.885230145646581,14.885190593565984,0.9088401885399049,
job_title_title,title.title,benchmarks/job/../../data/job/title__title.csv,job-csv,utf8,NaiveAvx2V2,static,full-scan,full-scan,prefix_birdemic,Birdemic%,0,2528312,41409377,41409377,2528312,2528312,0,0,0,748959929,0,3183,450,9117610,9118060,2528312,2138136,8,3.606382440141881,3.6062044557791917,0.2201931219588259,
job_title_title,title.title,benchmarks/job/../../data/job/title__title.csv,job-csv,utf8,NaiveAvx2V2,static,full-scan,full-scan,prefix_birdemic,Birdemic%,1,2528312,41409377,41409377,2528312,2528312,0,0,0,748959929,0,3183,110,12997934,12998044,2528312,2138136,8,5.140996838997719,5.140953331709062,0.3138913198331866,
job_title_title,title.title,benchmarks/job/../../data/job/title__title.csv,job-csv,utf8,NaiveAvx2V2,static,full-scan,full-scan,prefix_birdemic,Birdemic%,2,2528312,41409377,41409377,2528312,2528312,0,0,0,748959929,0,3183,100,9244446,9244546,2528312,2138136,8,3.656410284806622,3.656370732726024,0.22324764750747156,
job_title_title,title.title,benchmarks/job/../../data/job/title__title.csv,job-csv,utf8,NaiveAvx2V2,static,full-scan,full-scan,prefix_birdemic,Birdemic%,3,2528312,41409377,41409377,2528312,2528312,0,0,0,748959929,0,3183,101,9385857,9385958,2528312,2138136,8,3.7123416730213674,3.712301725419964,0.22666262281608343,
job_title_title,title.title,benchmarks/job/../../data/job/title__title.csv,job-csv,utf8,NaiveAvx2V2,static,full-scan,full-scan,prefix_birdemic,Birdemic%,4,2528312,41409377,41409377,2528312,2528312,0,0,0,748959929,0,3183,100,9290838,9290938,2528312,2138136,8,3.674759286037483,3.674719733956885,0.22436797346649287,
job_title_title,title.title,benchmarks/job/../../data/job/title__title.csv,job-csv,utf8,NaiveAvx2V2,static,full-scan,full-scan,prefix_champion,Champion%,0,2528312,41409377,41409377,2528312,2528312,0,0,0,748959929,0,2523,581,9170662,9171243,2528312,2138136,222,3.6274174231661283,3.627187625577856,0.22147744458942234,
job_title_title,title.title,benchmarks/job/../../data/job/title__title.csv,job-csv,utf8,NaiveAvx2V2,static,full-scan,full-scan,prefix_champion,Champion%,1,2528312,41409377,41409377,2528312,2528312,0,0,0,748959929,0,2523,110,9286244,9286354,2528312,2138136,222,3.6729462186628865,3.672902711374229,0.22425727390199568,
job_title_title,title.title,benchmarks/job/../../data/job/title__title.csv,job-csv,utf8,NaiveAvx2V2,static,full-scan,full-scan,prefix_champion,Champion%,2,2528312,41409377,41409377,2528312,2528312,0,0,0,748959929,0,2523,121,9327921,9328042,2528312,2138136,222,3.6894346900224337,3.6893868320049106,0.22526400240216124,
job_title_title,title.title,benchmarks/job/../../data/job/title__title.csv,job-csv,utf8,NaiveAvx2V2,static,full-scan,full-scan,prefix_champion,Champion%,3,2528312,41409377,41409377,2528312,2528312,0,0,0,748959929,0,2523,100,9272277,9272377,2528312,2138136,222,3.667418024357753,3.667378472277156,0.2239197416565818,
job_title_title,title.title,benchmarks/job/../../data/job/title__title.csv,job-csv,utf8,NaiveAvx2V2,static,full-scan,full-scan,prefix_champion,Champion%,4,2528312,41409377,41409377,2528312,2528312,0,0,0,748959929,0,2523,30,9047890,9047920,2528312,2138136,222,3.578640610810691,3.5786287451865118,0.21849930270624454,
job_title_title,title.title,benchmarks/job/../../data/job/title__title.csv,job-csv,utf8,NaiveAvx2V2,static,full-scan,full-scan,prefix_dragon_ball_z,Dragon Ball Z%,0,2528312,41409377,41409377,2528312,2528312,0,0,0,748959929,0,1973,571,9687983,9688554,2528312,1303963,25,3.832024686826626,3.8317988444464133,0.23397004982712008,
job_title_title,title.title,benchmarks/job/../../data/job/title__title.csv,job-csv,utf8,NaiveAvx2V2,static,full-scan,full-scan,prefix_dragon_ball_z,Dragon Ball Z%,1,2528312,41409377,41409377,2528312,2528312,0,0,0,748959929,0,1973,100,9708108,9708208,2528312,1303963,25,3.8397982527472876,3.83975870066669,0.23444467662481375,
job_title_title,title.title,benchmarks/job/../../data/job/title__title.csv,job-csv,utf8,NaiveAvx2V2,static,full-scan,full-scan,prefix_dragon_ball_z,Dragon Ball Z%,2,2528312,41409377,41409377,2528312,2528312,0,0,0,748959929,0,1973,40,9705884,9705924,2528312,1303963,25,3.838894883226437,3.838879062394198,0.23438952003552238,
job_title_title,title.title,benchmarks/job/../../data/job/title__title.csv,job-csv,utf8,NaiveAvx2V2,static,full-scan,full-scan,prefix_dragon_ball_z,Dragon Ball Z%,3,2528312,41409377,41409377,2528312,2528312,0,0,0,748959929,0,1973,100,9594927,9595027,2528312,1303963,25,3.7950328124060637,3.7949932603254664,0.231711455113174,
job_title_title,title.title,benchmarks/job/../../data/job/title__title.csv,job-csv,utf8,NaiveAvx2V2,static,full-scan,full-scan,prefix_dragon_ball_z,Dragon Ball Z%,4,2528312,41409377,41409377,2528312,2528312,0,0,0,748959929,0,1973,80,9792433,9792513,2528312,1303963,25,3.8731426342951343,3.8731109926306564,0.2364805681573041,
job_title_title,title.title,benchmarks/job/../../data/job/title__title.csv,job-csv,utf8,NaiveAvx2V2,static,full-scan,full-scan,prefix_kung_fu_panda,Kung Fu Panda%,0,2528312,41409377,41409377,2528312,2528312,0,0,0,748959929,0,2173,581,9747782,9748363,2528312,1303963,15,3.855680390711273,3.8554505931230008,0.23541438452454863,
job_title_title,title.title,benchmarks/job/../../data/job/title__title.csv,job-csv,utf8,NaiveAvx2V2,static,full-scan,full-scan,prefix_kung_fu_panda,Kung Fu Panda%,1,2528312,41409377,41409377,2528312,2528312,0,0,0,748959929,0,2173,100,9710960,9711060,2528312,1303963,15,3.8409262780859326,3.8408867260053348,0.23451354991406897,
job_title_title,title.title,benchmarks/job/../../data/job/title__title.csv,job-csv,utf8,NaiveAvx2V2,static,full-scan,full-scan,prefix_kung_fu_panda,Kung Fu Panda%,2,2528312,41409377,41409377,2528312,2528312,0,0,0,748959929,0,2173,100,9749946,9750046,2528312,1303963,15,3.8563460522277313,3.856306500147134,0.23545502749292752,
job_title_title,title.title,benchmarks/job/../../data/job/title__title.csv,job-csv,utf8,NaiveAvx2V2,static,full-scan,full-scan,prefix_kung_fu_panda,Kung Fu Panda%,3,2528312,41409377,41409377,2528312,2528312,0,0,0,748959929,0,2173,110,9762179,9762289,2528312,1303963,15,3.8611884134553014,3.861144906166644,0.2357506851648601,
job_title_title,title.title,benchmarks/job/../../data/job/title__title.csv,job-csv,utf8,NaiveAvx2V2,static,full-scan,full-scan,prefix_kung_fu_panda,Kung Fu Panda%,4,2528312,41409377,41409377,2528312,2528312,0,0,0,748959929,0,2173,30,9988338,9988368,2528312,1303963,15,3.9506073617496575,3.9505954961254783,0.24121029398727734,
job_title_title,title.title,benchmarks/job/../../data/job/title__title.csv,job-csv,utf8,NaiveAvx2V2,static,full-scan,full-scan,prefix_loser,Loser%,0,2528312,41409377,41409377,2528312,2528312,0,0,0,748959929,0,1742,431,10639162,10639593,2528312,2502331,72,4.208180398621689,4.208009929154313,0.2569368044344159,
job_title_title,title.title,benchmarks/job/../../data/job/title__title.csv,job-csv,utf8,NaiveAvx2V2,static,full-scan,full-scan,prefix_loser,Loser%,1,2528312,41409377,41409377,2528312,2528312,0,0,0,748959929,0,1742,101,10631743,10631844,2528312,2502331,72,4.205115507896178,4.205075560294774,0.25674967290621153,
job_title_title,title.title,benchmarks/job/../../data/job/title__title.csv,job-csv,utf8,NaiveAvx2V2,static,full-scan,full-scan,prefix_loser,Loser%,2,2528312,41409377,41409377,2528312,2528312,0,0,0,748959929,0,1742,101,10767028,10767129,2528312,2502331,72,4.258623540132705,4.258583592531301,0.26001668655869903,
job_title_title,title.title,benchmarks/job/../../data/job/title__title.csv,job-csv,utf8,NaiveAvx2V2,static,full-scan,full-scan,prefix_loser,Loser%,3,2528312,41409377,41409377,2528312,2528312,0,0,0,748959929,0,1742,100,10640946,10641046,2528312,2502331,72,4.208755090352773,4.208715538272175,0.2569718931052742,
job_title_title,title.title,benchmarks/job/../../data/job/title__title.csv,job-csv,utf8,NaiveAvx2V2,static,full-scan,full-scan,prefix_loser,Loser%,4,2528312,41409377,41409377,2528312,2528312,0,0,0,748959929,0,1742,100,10612923,10613023,2528312,2502331,72,4.197671410806894,4.197631858726297,0.2562951623251903,
job_title_title,title.title,benchmarks/job/../../data/job/title__title.csv,job-csv,utf8,NaiveAvx2V2,static,full-scan,full-scan,prefix_one_piece,One Piece%,0,2528312,41409377,41409377,2528312,2528312,0,0,0,748959929,0,2703,511,9817001,9817512,2528312,2000434,14,3.8830302589237404,3.8828281477918862,0.23708427199955218,
job_title_title,title.title,benchmarks/job/../../data/job/title__title.csv,job-csv,utf8,NaiveAvx2V2,static,full-scan,full-scan,prefix_one_piece,One Piece%,1,2528312,41409377,41409377,2528312,2528312,0,0,0,748959929,0,2703,30,9881045,9881075,2528312,2000434,14,3.9081707479140233,3.908158882289844,0.23861926249216453,
job_title_title,title.title,benchmarks/job/../../data/job/title__title.csv,job-csv,utf8,NaiveAvx2V2,static,full-scan,full-scan,prefix_one_piece,One Piece%,2,2528312,41409377,41409377,2528312,2528312,0,0,0,748959929,0,2703,110,9927988,9928098,2528312,2000434,14,3.9267693227734553,3.9267258154847977,0.23975482654568794,
job_title_title,title.title,benchmarks/job/../../data/job/title__title.csv,job-csv,utf8,NaiveAvx2V2,static,full-scan,full-scan,prefix_one_piece,One Piece%,3,2528312,41409377,41409377,2528312,2528312,0,0,0,748959929,0,2703,110,9773381,9773491,2528312,2000434,14,3.86561903752385,3.8655755302351924,0.2360212036032322,
job_title_title,title.title,benchmarks/job/../../data/job/title__title.csv,job-csv,utf8,NaiveAvx2V2,static,full-scan,full-scan,prefix_one_piece,One Piece%,4,2528312,41409377,41409377,2528312,2528312,0,0,0,748959929,0,2703,11654,9758776,9770430,2528312,2000434,14,3.864408348336756,3.859798948863906,0.23594728314796912,
job_title_title,title.title,benchmarks/job/../../data/job/title__title.csv,job-csv,utf8,NaiveAvx2V2,static,full-scan,full-scan,prefix_saw,Saw%,0,2528312,41409377,41409377,2528312,2528312,0,0,0,748959929,0,2093,591,9834991,9835582,2528312,2526814,131,3.8901773198877354,3.8899435670914033,0.2375206465917128,
job_title_title,title.title,benchmarks/job/../../data/job/title__title.csv,job-csv,utf8,NaiveAvx2V2,static,full-scan,full-scan,prefix_saw,Saw%,1,2528312,41409377,41409377,2528312,2528312,0,0,0,748959929,0,2093,100,9813207,9813307,2528312,2526814,131,3.8813670939346094,3.8813275418540116,0.23698272495140413,
job_title_title,title.title,benchmarks/job/../../data/job/title__title.csv,job-csv,utf8,NaiveAvx2V2,static,full-scan,full-scan,prefix_saw,Saw%,2,2528312,41409377,41409377,2528312,2528312,0,0,0,748959929,0,2093,100,9610244,9610344,2528312,2526814,131,3.8010910045912056,3.801051452510608,0.2320813471789252,
job_title_title,title.title,benchmarks/job/../../data/job/title__title.csv,job-csv,utf8,NaiveAvx2V2,static,full-scan,full-scan,prefix_saw,Saw%,3,2528312,41409377,41409377,2528312,2528312,0,0,0,748959929,0,2093,40,15850930,15850970,2528312,2526814,131,6.269388429908967,6.269372609076727,0.38278697117322,
job_title_title,title.title,benchmarks/job/../../data/job/title__title.csv,job-csv,utf8,NaiveAvx2V2,static,full-scan,full-scan,prefix_saw,Saw%,4,2528312,41409377,41409377,2528312,2528312,0,0,0,748959929,0,2093,50,18002776,18002826,2528312,2526814,131,7.120492249374286,7.1204724733339875,0.4347523991969259,
job_title_title,title.title,benchmarks/job/../../data/job/title__title.csv,job-csv,utf8,NaiveAvx2V2,static,full-scan,full-scan,prefix_vampire,Vampire%,0,2528312,41409377,41409377,2528312,2528312,0,0,0,748959929,0,2563,530,11192496,11193026,2528312,2317545,284,4.427074664835669,4.426865038808502,0.2703017241722811,
job_title_title,title.title,benchmarks/job/../../data/job/title__title.csv,job-csv,utf8,NaiveAvx2V2,static,full-scan,full-scan,prefix_vampire,Vampire%,1,2528312,41409377,41409377,2528312,2528312,0,0,0,748959929,0,2563,90,11442883,11442973,2528312,2317545,284,4.525933903727072,4.5258983068545335,0.2763377241826169,
job_title_title,title.title,benchmarks/job/../../data/job/title__title.csv,job-csv,utf8,NaiveAvx2V2,static,full-scan,full-scan,prefix_vampire,Vampire%,2,2528312,41409377,41409377,2528312,2528312,0,0,0,748959929,0,2563,111,11336130,11336241,2528312,2317545,284,4.48371917706359,4.483675274254127,0.2737602403436304,
job_title_title,title.title,benchmarks/job/../../data/job/title__title.csv,job-csv,utf8,NaiveAvx2V2,static,full-scan,full-scan,prefix_vampire,Vampire%,3,2528312,41409377,41409377,2528312,2528312,0,0,0,748959929,0,2563,30,11614080,11614110,2528312,2317545,284,4.5936221478994685,4.5936102822752884,0.280470532072965,
job_title_title,title.title,benchmarks/job/../../data/job/title__title.csv,job-csv,utf8,NaiveAvx2V2,static,full-scan,full-scan,prefix_vampire,Vampire%,4,2528312,41409377,41409377,2528312,2528312,0,0,0,748959929,0,2563,100,11562500,11562600,2528312,2317545,284,4.57324887118362,4.5732093191030225,0.2792266109195509,
job_title_title,title.title,benchmarks/job/../../data/job/title__title.csv,job-csv,utf8,NaiveAvx2V2Wildcard,static,full-scan,full-scan,contains_champion,%Champion%,0,2528312,41409377,41409377,2528312,2528312,0,0,0,748959929,0,3614,631,36641178,36641809,2528312,2138136,1870,14.49259782811615,14.49234825448758,0.8848674299060331,
job_title_title,title.title,benchmarks/job/../../data/job/title__title.csv,job-csv,utf8,NaiveAvx2V2Wildcard,static,full-scan,full-scan,contains_champion,%Champion%,1,2528312,41409377,41409377,2528312,2528312,0,0,0,748959929,0,3614,110,35577128,35577238,2528312,2138136,1870,14.071537848176966,14.071494340888307,0.8591589774460987,
job_title_title,title.title,benchmarks/job/../../data/job/title__title.csv,job-csv,utf8,NaiveAvx2V2Wildcard,static,full-scan,full-scan,contains_champion,%Champion%,2,2528312,41409377,41409377,2528312,2528312,0,0,0,748959929,0,3614,100,35316561,35316661,2528312,2138136,1870,13.968474223118033,13.968434671037436,0.8528662722938334,
job_title_title,title.title,benchmarks/job/../../data/job/title__title.csv,job-csv,utf8,NaiveAvx2V2Wildcard,static,full-scan,full-scan,contains_champion,%Champion%,3,2528312,41409377,41409377,2528312,2528312,0,0,0,748959929,0,3614,110,35633593,35633703,2528312,2138136,1870,14.093870930486426,14.09382742319777,0.8605225574874019,
job_title_title,title.title,benchmarks/job/../../data/job/title__title.csv,job-csv,utf8,NaiveAvx2V2Wildcard,static,full-scan,full-scan,contains_champion,%Champion%,4,2528312,41409377,41409377,2528312,2528312,0,0,0,748959929,0,3614,110,35647250,35647360,2528312,2138136,1870,14.099272558133649,14.09922905084499,0.8608523620145263,
job_title_title,title.title,benchmarks/job/../../data/job/title__title.csv,job-csv,utf8,NaiveAvx2V2Wildcard,static,full-scan,full-scan,contains_freddy,%Freddy%,0,2528312,41409377,41409377,2528312,2528312,0,0,0,748959929,0,3033,431,41390071,41390502,2528312,2471557,146,16.370804710811008,16.37063424134363,0.9995441853665173,
job_title_title,title.title,benchmarks/job/../../data/job/title__title.csv,job-csv,utf8,NaiveAvx2V2Wildcard,static,full-scan,full-scan,contains_freddy,%Freddy%,1,2528312,41409377,41409377,2528312,2528312,0,0,0,748959929,0,3033,109,41087973,41088082,2528312,2471557,146,16.2511913086676,16.25114819689975,0.9922410086005399,
job_title_title,title.title,benchmarks/job/../../data/job/title__title.csv,job-csv,utf8,NaiveAvx2V2Wildcard,static,full-scan,full-scan,contains_freddy,%Freddy%,2,2528312,41409377,41409377,2528312,2528312,0,0,0,748959929,0,3033,110,40868802,40868912,2528312,2471557,146,16.164505013621735,16.16446150633308,0.9869482460458171,
job_title_title,title.title,benchmarks/job/../../data/job/title__title.csv,job-csv,utf8,NaiveAvx2V2Wildcard,static,full-scan,full-scan,contains_freddy,%Freddy%,3,2528312,41409377,41409377,2528312,2528312,0,0,0,748959929,0,3033,100,40547507,40547607,2528312,2471557,146,16.037422201057463,16.037382648976866,0.9791890131551605,
job_title_title,title.title,benchmarks/job/../../data/job/title__title.csv,job-csv,utf8,NaiveAvx2V2Wildcard,static,full-scan,full-scan,contains_freddy,%Freddy%,4,2528312,41409377,41409377,2528312,2528312,0,0,0,748959929,0,3033,100,42318149,42318249,2528312,2471557,146,16.737747951993267,16.73770839991267,1.0219484586788157,
job_title_title,title.title,benchmarks/job/../../data/job/title__title.csv,job-csv,utf8,NaiveAvx2V2Wildcard,static,full-scan,full-scan,contains_jason,%Jason%,0,2528312,41409377,41409377,2528312,2528312,0,0,0,748959929,0,2285,569,39934056,39934625,2528312,2502331,482,15.79497506636839,15.794750015029791,0.964386037490977,
job_title_title,title.title,benchmarks/job/../../data/job/title__title.csv,job-csv,utf8,NaiveAvx2V2Wildcard,static,full-scan,full-scan,contains_jason,%Jason%,1,2528312,41409377,41409377,2528312,2528312,0,0,0,748959929,0,2285,99,39786978,39787077,2528312,2502331,482,15.736616762488174,15.736577605928382,0.9608228831841639,
job_title_title,title.title,benchmarks/job/../../data/job/title__title.csv,job-csv,utf8,NaiveAvx2V2Wildcard,static,full-scan,full-scan,contains_jason,%Jason%,2,2528312,41409377,41409377,2528312,2528312,0,0,0,748959929,0,2285,110,39007336,39007446,2528312,2502331,482,15.428256481003928,15.428212973715269,0.9419954808786425,
job_title_title,title.title,benchmarks/job/../../data/job/title__title.csv,job-csv,utf8,NaiveAvx2V2Wildcard,static,full-scan,full-scan,contains_jason,%Jason%,3,2528312,41409377,41409377,2528312,2528312,0,0,0,748959929,0,2285,109,38783374,38783483,2528312,2502331,482,15.339674454735016,15.339631342967165,0.9365869715934148,
job_title_title,title.title,benchmarks/job/../../data/job/title__title.csv,job-csv,utf8,NaiveAvx2V2Wildcard,static,full-scan,full-scan,contains_jason,%Jason%,4,2528312,41409377,41409377,2528312,2528312,0,0,0,748959929,0,2285,110,39244857,39244967,2528312,2502331,482,15.522200978360265,15.522157471071608,0.9477314039281489,
job_title_title,title.title,benchmarks/job/../../data/job/title__title.csv,job-csv,utf8,NaiveAvx2V2Wildcard,static,full-scan,full-scan,contains_kung_fu_panda,%Kung%Fu%Panda%,0,2528312,41409377,41409377,2528312,2528312,0,0,0,748959929,0,2534,768,40213452,40214220,2528312,1799921,20,15.905560706115384,15.905256946136394,0.9711380106008356,
job_title_title,title.title,benchmarks/job/../../data/job/title__title.csv,job-csv,utf8,NaiveAvx2V2Wildcard,static,full-scan,full-scan,contains_kung_fu_panda,%Kung%Fu%Panda%,1,2528312,41409377,41409377,2528312,2528312,0,0,0,748959929,0,2534,110,40810274,40810384,2528312,1799921,20,16.141355971889546,16.141312464600887,0.9855348463706662,
job_title_title,title.title,benchmarks/job/../../data/job/title__title.csv,job-csv,utf8,NaiveAvx2V2Wildcard,static,full-scan,full-scan,contains_kung_fu_panda,%Kung%Fu%Panda%,2,2528312,41409377,41409377,2528312,2528312,0,0,0,748959929,0,2534,110,40165993,40166103,2528312,1799921,20,15.886529431494214,15.886485924205557,0.96997602741041,
job_title_title,title.title,benchmarks/job/../../data/job/title__title.csv,job-csv,utf8,NaiveAvx2V2Wildcard,static,full-scan,full-scan,contains_kung_fu_panda,%Kung%Fu%Panda%,3,2528312,41409377,41409377,2528312,2528312,0,0,0,748959929,0,2534,120,39910780,39910900,2528312,1799921,20,15.785591335246599,15.785543872749882,0.963813099627169,
job_title_title,title.title,benchmarks/job/../../data/job/title__title.csv,job-csv,utf8,NaiveAvx2V2Wildcard,static,full-scan,full-scan,contains_kung_fu_panda,%Kung%Fu%Panda%,4,2528312,41409377,41409377,2528312,2528312,0,0,0,748959929,0,2534,389,39781221,39781610,2528312,1799921,20,15.7344544502419,15.734300592648376,0.9606908599470115,
job_title_title,title.title,benchmarks/job/../../data/job/title__title.csv,job-csv,utf8,NaiveAvx2V2Wildcard,static,full-scan,full-scan,contains_loser,%Loser%,0,2528312,41409377,41409377,2528312,2528312,0,0,0,748959929,0,2594,708,39362537,39363245,2528312,2502331,349,15.568982388249552,15.56870235951892,0.9505877135026687,
job_title_title,title.title,benchmarks/job/../../data/job/title__title.csv,job-csv,utf8,NaiveAvx2V2Wildcard,static,full-scan,full-scan,contains_loser,%Loser%,1,2528312,41409377,41409377,2528312,2528312,0,0,0,748959929,0,2594,100,41324717,41324817,2528312,2502331,349,16.34482492667044,16.344785374589843,0.9979579504419978,
job_title_title,title.title,benchmarks/job/../../data/job/title__title.csv,job-csv,utf8,NaiveAvx2V2Wildcard,static,full-scan,full-scan,contains_loser,%Loser%,2,2528312,41409377,41409377,2528312,2528312,0,0,0,748959929,0,2594,110,40641226,40641336,2528312,2502331,349,16.074493970680834,16.074450463392175,0.9814524859912768,
job_title_title,title.title,benchmarks/job/../../data/job/title__title.csv,job-csv,utf8,NaiveAvx2V2Wildcard,static,full-scan,full-scan,contains_loser,%Loser%,3,2528312,41409377,41409377,2528312,2528312,0,0,0,748959929,0,2594,99,50843219,50843318,2528312,2502331,349,20.10959011387835,20.109550957318557,1.2278213700244753,
job_title_title,title.title,benchmarks/job/../../data/job/title__title.csv,job-csv,utf8,NaiveAvx2V2Wildcard,static,full-scan,full-scan,contains_loser,%Loser%,4,2528312,41409377,41409377,2528312,2528312,0,0,0,748959929,0,2594,139,39593315,39593454,2528312,2502331,349,15.66003483747259,15.65997986008056,0.9561470581892599,
job_title_title,title.title,benchmarks/job/../../data/job/title__title.csv,job-csv,utf8,NaiveAvx2V2Wildcard,static,full-scan,full-scan,contains_money,%Money%,0,2528312,41409377,41409377,2528312,2528312,0,0,0,748959929,0,2345,589,39725260,39725849,2528312,2502331,2286,15.712399814579847,15.712166852825126,0.9593442808859453,
job_title_title,title.title,benchmarks/job/../../data/job/title__title.csv,job-csv,utf8,NaiveAvx2V2Wildcard,static,full-scan,full-scan,contains_money,%Money%,1,2528312,41409377,41409377,2528312,2528312,0,0,0,748959929,0,2345,100,40280329,40280429,2528312,2502331,2286,15.931747743158281,15.931708191077684,0.9727368996640543,
job_title_title,title.title,benchmarks/job/../../data/job/title__title.csv,job-csv,utf8,NaiveAvx2V2Wildcard,static,full-scan,full-scan,contains_money,%Money%,2,2528312,41409377,41409377,2528312,2528312,0,0,0,748959929,0,2345,110,40266220,40266330,2528312,2502331,2286,15.926171295314818,15.926127788026161,0.9723964212260426,
job_title_title,title.title,benchmarks/job/../../data/job/title__title.csv,job-csv,utf8,NaiveAvx2V2Wildcard,static,full-scan,full-scan,contains_money,%Money%,3,2528312,41409377,41409377,2528312,2528312,0,0,0,748959929,0,2345,100,39339520,39339620,2528312,2502331,2286,15.559638209208357,15.55959865712776,0.9500171905508262,
job_title_title,title.title,benchmarks/job/../../data/job/title__title.csv,job-csv,utf8,NaiveAvx2V2Wildcard,static,full-scan,full-scan,contains_money,%Money%,4,2528312,41409377,41409377,2528312,2528312,0,0,0,748959929,0,2345,119,41499953,41500072,2528312,2502331,2286,16.41414192552185,16.41409485854594,1.0021902044070838,
job_title_title,title.title,benchmarks/job/../../data/job/title__title.csv,job-csv,utf8,NaiveAvx2V2Wildcard,static,full-scan,full-scan,contains_mord,%Mord%,0,2528312,41409377,41409377,2528312,2528312,0,0,0,748959929,0,2145,529,42142325,42142854,2528312,2520211,637,16.66837558022902,16.66816634972266,1.0177128238369777,
job_title_title,title.title,benchmarks/job/../../data/job/title__title.csv,job-csv,utf8,NaiveAvx2V2Wildcard,static,full-scan,full-scan,contains_mord,%Mord%,1,2528312,41409377,41409377,2528312,2528312,0,0,0,748959929,0,2145,399,41528283,41528682,2528312,2520211,637,16.42545777578084,16.425299962979253,1.0028811107204052,
job_title_title,title.title,benchmarks/job/../../data/job/title__title.csv,job-csv,utf8,NaiveAvx2V2Wildcard,static,full-scan,full-scan,contains_mord,%Mord%,2,2528312,41409377,41409377,2528312,2528312,0,0,0,748959929,0,2145,110,41229492,41229602,2528312,2520211,637,16.307165413129393,16.307121905840734,0.9956585920140745,
job_title_title,title.title,benchmarks/job/../../data/job/title__title.csv,job-csv,utf8,NaiveAvx2V2Wildcard,static,full-scan,full-scan,contains_mord,%Mord%,3,2528312,41409377,41409377,2528312,2528312,0,0,0,748959929,0,2145,100,41136496,41136596,2528312,2520211,637,16.270379605048745,16.270340052968145,0.9934125789914685,
job_title_title,title.title,benchmarks/job/../../data/job/title__title.csv,job-csv,utf8,NaiveAvx2V2Wildcard,static,full-scan,full-scan,contains_mord,%Mord%,4,2528312,41409377,41409377,2528312,2528312,0,0,0,748959929,0,2145,349,41007008,41007357,2528312,2520211,637,16.21926289160515,16.219124854843866,0.9902915709164134,
job_title_title,title.title,benchmarks/job/../../data/job/title__title.csv,job-csv,utf8,NaiveAvx2V2Wildcard,static,full-scan,full-scan,contains_movie,%Movie%,0,2528312,41409377,41409377,2528312,2528312,0,0,0,748959929,0,12011,569,39920700,39921269,2528312,2502331,3638,15.78969249048377,15.789467439145168,0.9640635018488687,
job_title_title,title.title,benchmarks/job/../../data/job/title__title.csv,job-csv,utf8,NaiveAvx2V2Wildcard,static,full-scan,full-scan,contains_movie,%Movie%,1,2528312,41409377,41409377,2528312,2528312,0,0,0,748959929,0,12011,110,40705146,40705256,2528312,2502331,3638,16.09977566059885,16.099732153310192,0.9829960977196058,
job_title_title,title.title,benchmarks/job/../../data/job/title__title.csv,job-csv,utf8,NaiveAvx2V2Wildcard,static,full-scan,full-scan,contains_movie,%Movie%,2,2528312,41409377,41409377,2528312,2528312,0,0,0,748959929,0,12011,110,40471401,40471511,2528312,2502331,3638,16.007324649805877,16.007281142517222,0.9773513617459156,
job_title_title,title.title,benchmarks/job/../../data/job/title__title.csv,job-csv,utf8,NaiveAvx2V2Wildcard,static,full-scan,full-scan,contains_movie,%Movie%,3,2528312,41409377,41409377,2528312,2528312,0,0,0,748959929,0,12011,100,51653353,51653453,2528312,2502331,3638,20.430015362028104,20.429975809947507,1.247385417075944,
job_title_title,title.title,benchmarks/job/../../data/job/title__title.csv,job-csv,utf8,NaiveAvx2V2Wildcard,static,full-scan,full-scan,contains_movie,%Movie%,4,2528312,41409377,41409377,2528312,2528312,0,0,0,748959929,0,12011,129,39738261,39738390,2528312,2502331,3638,15.717360041007597,15.717309018823626,0.959647134995535,
job_title_title,title.title,benchmarks/job/../../data/job/title__title.csv,job-csv,utf8,NaiveAvx2V2Wildcard,static,full-scan,full-scan,contains_murder_upper,%Murder%,0,2528312,41409377,41409377,2528312,2528312,0,0,0,748959929,0,2973,409,38713263,38713672,2528312,2471557,3622,15.312062751748993,15.31190098373935,0.9349010974011998,
job_title_title,title.title,benchmarks/job/../../data/job/title__title.csv,job-csv,utf8,NaiveAvx2V2Wildcard,static,full-scan,full-scan,contains_murder_upper,%Murder%,1,2528312,41409377,41409377,2528312,2528312,0,0,0,748959929,0,2973,110,40174198,40174308,2528312,2471557,3622,15.889774679707251,15.889731172418594,0.9701741709371768,
job_title_title,title.title,benchmarks/job/../../data/job/title__title.csv,job-csv,utf8,NaiveAvx2V2Wildcard,static,full-scan,full-scan,contains_murder_upper,%Murder%,2,2528312,41409377,41409377,2528312,2528312,0,0,0,748959929,0,2973,100,38660409,38660509,2528312,2471557,3622,15.291035679140865,15.290996127060268,0.9336172577529964,
job_title_title,title.title,benchmarks/job/../../data/job/title__title.csv,job-csv,utf8,NaiveAvx2V2Wildcard,static,full-scan,full-scan,contains_murder_upper,%Murder%,3,2528312,41409377,41409377,2528312,2528312,0,0,0,748959929,0,2973,110,39359355,39359465,2528312,2471557,3622,15.56748731960296,15.567443812314304,0.950496429830374,
job_title_title,title.title,benchmarks/job/../../data/job/title__title.csv,job-csv,utf8,NaiveAvx2V2Wildcard,static,full-scan,full-scan,contains_murder_upper,%Murder%,4,2528312,41409377,41409377,2528312,2528312,0,0,0,748959929,0,2973,110,38975918,38976028,2528312,2471557,3622,15.415830008321757,15.4157865010331,0.9412367638373309,
job_title_title,title.title,benchmarks/job/../../data/job/title__title.csv,job-csv,utf8,NaiveAvx2V2Wildcard,static,full-scan,full-scan,contains_murder_lower,%murder%,0,2528312,41409377,41409377,2528312,2528312,0,0,0,748959929,0,2534,429,39819742,39820171,2528312,2471557,7,15.74970612804116,15.749536449615396,0.9616220741500168,
job_title_title,title.title,benchmarks/job/../../data/job/title__title.csv,job-csv,utf8,NaiveAvx2V2Wildcard,static,full-scan,full-scan,contains_murder_lower,%murder%,1,2528312,41409377,41409377,2528312,2528312,0,0,0,748959929,0,2534,110,39637392,39637502,2528312,2471557,7,15.677456737934243,15.677413230645584,0.9572107786118106,
job_title_title,title.title,benchmarks/job/../../data/job/title__title.csv,job-csv,utf8,NaiveAvx2V2Wildcard,static,full-scan,full-scan,contains_murder_lower,%murder%,2,2528312,41409377,41409377,2528312,2528312,0,0,0,748959929,0,2534,109,39903593,39903702,2528312,2471557,7,15.78274437648518,15.782701264717328,0.9636392742638944,
job_title_title,title.title,benchmarks/job/../../data/job/title__title.csv,job-csv,utf8,NaiveAvx2V2Wildcard,static,full-scan,full-scan,contains_murder_lower,%murder%,3,2528312,41409377,41409377,2528312,2528312,0,0,0,748959929,0,2534,100,40389768,40389868,2528312,2471557,7,15.975033144643541,15.974993592562944,0.9753797551699461,
job_title_title,title.title,benchmarks/job/../../data/job/title__title.csv,job-csv,utf8,NaiveAvx2V2Wildcard,static,full-scan,full-scan,contains_murder_lower,%murder%,4,2528312,41409377,41409377,2528312,2528312,0,0,0,748959929,0,2534,99,39851846,39851945,2528312,2471557,7,15.762273406130257,15.762234249570465,0.9623893882779255,
job_title_title,title.title,benchmarks/job/../../data/job/title__title.csv,job-csv,utf8,NaiveAvx2V2Wildcard,static,full-scan,full-scan,prefix_birdemic,Birdemic%,0,2528312,41409377,41409377,2528312,2528312,0,0,0,748959929,0,2664,479,10489674,10490153,2528312,2138136,8,4.149073769376565,4.148884314910502,0.25332795999321606,
job_title_title,title.title,benchmarks/job/../../data/job/title__title.csv,job-csv,utf8,NaiveAvx2V2Wildcard,static,full-scan,full-scan,prefix_birdemic,Birdemic%,1,2528312,41409377,41409377,2528312,2528312,0,0,0,748959929,0,2664,110,10808483,10808593,2528312,2138136,8,4.275023414831714,4.274979907543057,0.2610180056560619,
job_title_title,title.title,benchmarks/job/../../data/job/title__title.csv,job-csv,utf8,NaiveAvx2V2Wildcard,static,full-scan,full-scan,prefix_birdemic,Birdemic%,2,2528312,41409377,41409377,2528312,2528312,0,0,0,748959929,0,2664,110,10295601,10295711,2528312,2138136,8,4.072167912820886,4.072124405532229,0.2486323568693149,
job_title_title,title.title,benchmarks/job/../../data/job/title__title.csv,job-csv,utf8,NaiveAvx2V2Wildcard,static,full-scan,full-scan,prefix_birdemic,Birdemic%,3,2528312,41409377,41409377,2528312,2528312,0,0,0,748959929,0,2664,109,10543394,10543503,2528312,2138136,8,4.170174804375409,4.170131692607558,0.2546163155267948,
job_title_title,title.title,benchmarks/job/../../data/job/title__title.csv,job-csv,utf8,NaiveAvx2V2Wildcard,static,full-scan,full-scan,prefix_birdemic,Birdemic%,4,2528312,41409377,41409377,2528312,2528312,0,0,0,748959929,0,2664,100,10483369,10483469,2528312,2138136,8,4.146430108309418,4.14639055622882,0.2531665472774439,
job_title_title,title.title,benchmarks/job/../../data/job/title__title.csv,job-csv,utf8,NaiveAvx2V2Wildcard,static,full-scan,full-scan,prefix_champion,Champion%,0,2528312,41409377,41409377,2528312,2528312,0,0,0,748959929,0,2863,409,10357729,10358138,2528312,2138136,222,4.096859090175579,4.0966973221659355,0.25013991396199947,
job_title_title,title.title,benchmarks/job/../../data/job/title__title.csv,job-csv,utf8,NaiveAvx2V2Wildcard,static,full-scan,full-scan,prefix_champion,Champion%,1,2528312,41409377,41409377,2528312,2528312,0,0,0,748959929,0,2863,299,10348359,10348658,2528312,2138136,222,4.093109552934923,4.092991292213935,0.24991098030767284,
job_title_title,title.title,benchmarks/job/../../data/job/title__title.csv,job-csv,utf8,NaiveAvx2V2Wildcard,static,full-scan,full-scan,prefix_champion,Champion%,2,2528312,41409377,41409377,2528312,2528312,0,0,0,748959929,0,2863,149,10224988,10225137,2528312,2138136,222,4.044254427459902,4.044195494859812,0.24692805689880337,
job_title_title,title.title,benchmarks/job/../../data/job/title__title.csv,job-csv,utf8,NaiveAvx2V2Wildcard,static,full-scan,full-scan,prefix_champion,Champion%,3,2528312,41409377,41409377,2528312,2528312,0,0,0,748959929,0,2863,99,10383411,10383510,2528312,2138136,222,4.106894244064815,4.106855087505023,0.2507526254258788,
job_title_title,title.title,benchmarks/job/../../data/job/title__title.csv,job-csv,utf8,NaiveAvx2V2Wildcard,static,full-scan,full-scan,prefix_champion,Champion%,4,2528312,41409377,41409377,2528312,2528312,0,0,0,748959929,0,2863,30,10570471,10570501,2528312,2138136,222,4.180853075095162,4.180841209470983,0.2552682934592327,
job_title_title,title.title,benchmarks/job/../../data/job/title__title.csv,job-csv,utf8,NaiveAvx2V2Wildcard,static,full-scan,full-scan,prefix_dragon_ball_z,Dragon Ball Z%,0,2528312,41409377,41409377,2528312,2528312,0,0,0,748959929,0,1816,399,10763496,10763895,2528312,1303963,25,4.257344425846177,4.257186613044593,0.2599385883057357,
job_title_title,title.title,benchmarks/job/../../data/job/title__title.csv,job-csv,utf8,NaiveAvx2V2Wildcard,static,full-scan,full-scan,prefix_dragon_ball_z,Dragon Ball Z%,1,2528312,41409377,41409377,2528312,2528312,0,0,0,748959929,0,1816,30,10479240,10479270,2528312,1303963,25,4.144769316445123,4.144757450820943,0.25306514512401385,
job_title_title,title.title,benchmarks/job/../../data/job/title__title.csv,job-csv,utf8,NaiveAvx2V2Wildcard,static,full-scan,full-scan,prefix_dragon_ball_z,Dragon Ball Z%,2,2528312,41409377,41409377,2528312,2528312,0,0,0,748959929,0,1816,120,10557682,10557802,2528312,1303963,25,4.175830356380067,4.1757828938833494,0.2549616237887375,
job_title_title,title.title,benchmarks/job/../../data/job/title__title.csv,job-csv,utf8,NaiveAvx2V2Wildcard,static,full-scan,full-scan,prefix_dragon_ball_z,Dragon Ball Z%,3,2528312,41409377,41409377,2528312,2528312,0,0,0,748959929,0,1816,110,10638600,10638710,2528312,1303963,25,4.2078311537500115,4.207787646461354,0.2569154807617608,
job_title_title,title.title,benchmarks/job/../../data/job/title__title.csv,job-csv,utf8,NaiveAvx2V2Wildcard,static,full-scan,full-scan,prefix_dragon_ball_z,Dragon Ball Z%,4,2528312,41409377,41409377,2528312,2528312,0,0,0,748959929,0,1816,30,10916631,10916661,2528312,1303963,25,4.3177665572919794,4.3177546916678,0.2636277527189071,
job_title_title,title.title,benchmarks/job/../../data/job/title__title.csv,job-csv,utf8,NaiveAvx2V2Wildcard,static,full-scan,full-scan,prefix_kung_fu_panda,Kung Fu Panda%,0,2528312,41409377,41409377,2528312,2528312,0,0,0,748959929,0,2773,489,10212042,10212531,2528312,1303963,15,4.039268492179763,4.03907508250564,0.24662363309643612,
job_title_title,title.title,benchmarks/job/../../data/job/title__title.csv,job-csv,utf8,NaiveAvx2V2Wildcard,static,full-scan,full-scan,prefix_kung_fu_panda,Kung Fu Panda%,1,2528312,41409377,41409377,2528312,2528312,0,0,0,748959929,0,2773,110,10081727,10081837,2528312,1303963,15,3.987576295963473,3.9875327886748155,0.24346748805228344,
job_title_title,title.title,benchmarks/job/../../data/job/title__title.csv,job-csv,utf8,NaiveAvx2V2Wildcard,static,full-scan,full-scan,prefix_kung_fu_panda,Kung Fu Panda%,2,2528312,41409377,41409377,2528312,2528312,0,0,0,748959929,0,2773,109,10038915,10039024,2528312,1303963,15,3.970642863697202,3.9705997519293503,0.24243359179250631,
job_title_title,title.title,benchmarks/job/../../data/job/title__title.csv,job-csv,utf8,NaiveAvx2V2Wildcard,static,full-scan,full-scan,prefix_kung_fu_panda,Kung Fu Panda%,3,2528312,41409377,41409377,2528312,2528312,0,0,0,748959929,0,2773,80,10075644,10075724,2528312,1303963,15,3.9851584772765385,3.9851268356120606,0.2433198644838342,
job_title_title,title.title,benchmarks/job/../../data/job/title__title.csv,job-csv,utf8,NaiveAvx2V2Wildcard,static,full-scan,full-scan,prefix_kung_fu_panda,Kung Fu Panda%,4,2528312,41409377,41409377,2528312,2528312,0,0,0,748959929,0,2773,50,10114295,10114345,2528312,1303963,15,4.000433886324156,4.000414110283858,0.24425252763401875,
job_title_title,title.title,benchmarks/job/../../data/job/title__title.csv,job-csv,utf8,NaiveAvx2V2Wildcard,static,full-scan,full-scan,prefix_loser,Loser%,0,2528312,41409377,41409377,2528312,2528312,0,0,0,748959929,0,3681,468,9699968,9700436,2528312,2502331,72,3.8367242650432383,3.8365391613060416,0.23425698966685735,
job_title_title,title.title,benchmarks/job/../../data/job/title__title.csv,job-csv,utf8,NaiveAvx2V2Wildcard,static,full-scan,full-scan,prefix_loser,Loser%,1,2528312,41409377,41409377,2528312,2528312,0,0,0,748959929,0,3681,40,9746110,9746150,2528312,2502331,72,3.854805103167647,3.854789282335408,0.23536094252275275,
job_title_title,title.title,benchmarks/job/../../data/job/title__title.csv,job-csv,utf8,NaiveAvx2V2Wildcard,static,full-scan,full-scan,prefix_loser,Loser%,2,2528312,41409377,41409377,2528312,2528312,0,0,0,748959929,0,3681,60,9829490,9829550,2528312,2502331,72,3.887791538386085,3.8877678071377266,0.23737497910195557,
job_title_title,title.title,benchmarks/job/../../data/job/title__title.csv,job-csv,utf8,NaiveAvx2V2Wildcard,static,full-scan,full-scan,prefix_loser,Loser%,3,2528312,41409377,41409377,2528312,2528312,0,0,0,748959929,0,3681,40,9665664,9665704,2528312,2502331,72,3.8229870364100633,3.8229712155778244,0.23341824244300996,
job_title_title,title.title,benchmarks/job/../../data/job/title__title.csv,job-csv,utf8,NaiveAvx2V2Wildcard,static,full-scan,full-scan,prefix_loser,Loser%,4,2528312,41409377,41409377,2528312,2528312,0,0,0,748959929,0,3681,49,9831795,9831844,2528312,2502331,72,3.8886988631149952,3.8886794825955024,0.23743037718244348,
job_title_title,title.title,benchmarks/job/../../data/job/title__title.csv,job-csv,utf8,NaiveAvx2V2Wildcard,static,full-scan,full-scan,prefix_one_piece,One Piece%,0,2528312,41409377,41409377,2528312,2528312,0,0,0,748959929,0,3341,419,10197668,10198087,2528312,2000434,14,4.0335555896582385,4.033389866440534,0.24627482321214347,
job_title_title,title.title,benchmarks/job/../../data/job/title__title.csv,job-csv,utf8,NaiveAvx2V2Wildcard,static,full-scan,full-scan,prefix_one_piece,One Piece%,1,2528312,41409377,41409377,2528312,2528312,0,0,0,748959929,0,3341,90,9979015,9979105,2528312,2000434,14,3.9469436525238972,3.9469080556513596,0.24098660069191574,
job_title_title,title.title,benchmarks/job/../../data/job/title__title.csv,job-csv,utf8,NaiveAvx2V2Wildcard,static,full-scan,full-scan,prefix_one_piece,One Piece%,2,2528312,41409377,41409377,2528312,2528312,0,0,0,748959929,0,3341,79,10105149,10105228,2528312,2000434,14,3.9968279231360686,3.9967966769923966,0.24403236011012674,
job_title_title,title.title,benchmarks/job/../../data/job/title__title.csv,job-csv,utf8,NaiveAvx2V2Wildcard,static,full-scan,full-scan,prefix_one_piece,One Piece%,3,2528312,41409377,41409377,2528312,2528312,0,0,0,748959929,0,3341,59,10123824,10123883,2528312,2000434,14,4.0042063637715595,4.004183028044007,0.24448286193728536,
job_title_title,title.title,benchmarks/job/../../data/job/title__title.csv,job-csv,utf8,NaiveAvx2V2Wildcard,static,full-scan,full-scan,prefix_one_piece,One Piece%,4,2528312,41409377,41409377,2528312,2528312,0,0,0,748959929,0,3341,80,10211960,10212040,2528312,2000434,14,4.039074291464028,4.03904264979955,0.24661177587868563,
job_title_title,title.title,benchmarks/job/../../data/job/title__title.csv,job-csv,utf8,NaiveAvx2V2Wildcard,static,full-scan,full-scan,prefix_saw,Saw%,0,2528312,41409377,41409377,2528312,2528312,0,0,0,748959929,0,2843,449,10426095,10426544,2528312,2526814,131,4.123915086429206,4.123737497587323,0.2517918586410996,
job_title_title,title.title,benchmarks/job/../../data/job/title__title.csv,job-csv,utf8,NaiveAvx2V2Wildcard,static,full-scan,full-scan,prefix_saw,Saw%,1,2528312,41409377,41409377,2528312,2528312,0,0,0,748959929,0,2843,80,10006686,10006766,2528312,2526814,131,3.957884153538013,3.9578525118735346,0.2416545894906847,
job_title_title,title.title,benchmarks/job/../../data/job/title__title.csv,job-csv,utf8,NaiveAvx2V2Wildcard,static,full-scan,full-scan,prefix_saw,Saw%,2,2528312,41409377,41409377,2528312,2528312,0,0,0,748959929,0,2843,30,10231103,10231133,2528312,2526814,131,4.046625970212537,4.0466141045883575,0.24707285502025303,
job_title_title,title.title,benchmarks/job/../../data/job/title__title.csv,job-csv,utf8,NaiveAvx2V2Wildcard,static,full-scan,full-scan,prefix_saw,Saw%,3,2528312,41409377,41409377,2528312,2528312,0,0,0,748959929,0,2843,90,10399480,10399570,2528312,2526814,131,4.113246308208797,4.113210711336259,0.25114046028753345,
job_title_title,title.title,benchmarks/job/../../data/job/title__title.csv,job-csv,utf8,NaiveAvx2V2Wildcard,static,full-scan,full-scan,prefix_saw,Saw%,4,2528312,41409377,41409377,2528312,2528312,0,0,0,748959929,0,2843,40,10247770,10247810,2528312,2526814,131,4.053222070693807,4.053206249861567,0.2474755898887346,
job_title_title,title.title,benchmarks/job/../../data/job/title__title.csv,job-csv,utf8,NaiveAvx2V2Wildcard,static,full-scan,full-scan,prefix_vampire,Vampire%,0,2528312,41409377,41409377,2528312,2528312,0,0,0,748959929,0,2773,359,9501775,9502134,2528312,2317545,284,3.7582916981764907,3.758149706207145,0.229468170941089,
job_title_title,title.title,benchmarks/job/../../data/job/title__title.csv,job-csv,utf8,NaiveAvx2V2Wildcard,static,full-scan,full-scan,prefix_vampire,Vampire%,1,2528312,41409377,41409377,2528312,2528312,0,0,0,748959929,0,2773,189,9668265,9668454,2528312,2317545,284,3.8240747186264987,3.823999965194169,0.2334846525220604,
job_title_title,title.title,benchmarks/job/../../data/job/title__title.csv,job-csv,utf8,NaiveAvx2V2Wildcard,static,full-scan,full-scan,prefix_vampire,Vampire%,2,2528312,41409377,41409377,2528312,2528312,0,0,0,748959929,0,2773,50,9800992,9801042,2528312,2317545,284,3.8765160312493077,3.876496255209009,0.2366865359988391,
job_title_title,title.title,benchmarks/job/../../data/job/title__title.csv,job-csv,utf8,NaiveAvx2V2Wildcard,static,full-scan,full-scan,prefix_vampire,Vampire%,3,2528312,41409377,41409377,2528312,2528312,0,0,0,748959929,0,2773,100,9301378,9301478,2528312,2317545,284,3.678928075332475,3.678888523251877,0.2246225051876535,
job_title_title,title.title,benchmarks/job/../../data/job/title__title.csv,job-csv,utf8,NaiveAvx2V2Wildcard,static,full-scan,full-scan,prefix_vampire,Vampire%,4,2528312,41409377,41409377,2528312,2528312,0,0,0,748959929,0,2773,79,9684515,9684594,2528312,2317545,284,3.830458424434959,3.830427178291287,0.23387441931328742,
job_title_title,title.title,benchmarks/job/../../data/job/title__title.csv,job-csv,utf8,NaiveVectorizedV2,static,full-scan,full-scan,contains_champion,%Champion%,0,2528312,41409377,41409377,2528312,2528312,0,0,0,748959929,0,3322,320,34718561,34718881,2528312,2138136,1870,13.732039795721414,13.731913229063501,0.8384304115466408,
job_title_title,title.title,benchmarks/job/../../data/job/title__title.csv,job-csv,utf8,NaiveVectorizedV2,static,full-scan,full-scan,contains_champion,%Champion%,1,2528312,41409377,41409377,2528312,2528312,0,0,0,748959929,0,3322,99,34331515,34331614,2528312,2138136,1870,13.578867639753321,13.57882848319353,0.8290782544253201,
job_title_title,title.title,benchmarks/job/../../data/job/title__title.csv,job-csv,utf8,NaiveVectorizedV2,static,full-scan,full-scan,contains_champion,%Champion%,2,2528312,41409377,41409377,2528312,2528312,0,0,0,748959929,0,3322,39,34216115,34216154,2528312,2138136,1870,13.533200807495277,13.533185382183845,0.8262899970699873,
job_title_title,title.title,benchmarks/job/../../data/job/title__title.csv,job-csv,utf8,NaiveVectorizedV2,static,full-scan,full-scan,contains_champion,%Champion%,3,2528312,41409377,41409377,2528312,2528312,0,0,0,748959929,0,3322,40,34649386,34649426,2528312,2138136,1870,13.704568898142318,13.704553077310079,0.8367531344410228,
job_title_title,title.title,benchmarks/job/../../data/job/title__title.csv,job-csv,utf8,NaiveVectorizedV2,static,full-scan,full-scan,contains_champion,%Champion%,4,2528312,41409377,41409377,2528312,2528312,0,0,0,748959929,0,3322,100,34378725,34378825,2528312,2138136,1870,13.597540572524277,13.59750102044368,0.8302183585133387,
job_title_title,title.title,benchmarks/job/../../data/job/title__title.csv,job-csv,utf8,NaiveVectorizedV2,static,full-scan,full-scan,contains_freddy,%Freddy%,0,2528312,41409377,41409377,2528312,2528312,0,0,0,748959929,0,3432,469,36968164,36968633,2528312,2471557,146,14.621863520008606,14.621678020750604,0.8927599417880641,
job_title_title,title.title,benchmarks/job/../../data/job/title__title.csv,job-csv,utf8,NaiveVectorizedV2,static,full-scan,full-scan,contains_freddy,%Freddy%,1,2528312,41409377,41409377,2528312,2528312,0,0,0,748959929,0,3432,120,37887138,37887258,2528312,2471557,146,14.985198820398749,14.985151357902032,0.9149439268308721,
job_title_title,title.title,benchmarks/job/../../data/job/title__title.csv,job-csv,utf8,NaiveVectorizedV2,static,full-scan,full-scan,contains_freddy,%Freddy%,2,2528312,41409377,41409377,2528312,2528312,0,0,0,748959929,0,3432,120,37304988,37305108,2528312,2471557,146,14.754946383199542,14.754898920702825,0.9008855168238826,
job_title_title,title.title,benchmarks/job/../../data/job/title__title.csv,job-csv,utf8,NaiveVectorizedV2,static,full-scan,full-scan,contains_freddy,%Freddy%,3,2528312,41409377,41409377,2528312,2528312,0,0,0,748959929,0,3432,99,36844514,36844613,2528312,2471557,146,14.572811029651405,14.572771873091613,0.8897649679684869,
job_title_title,title.title,benchmarks/job/../../data/job/title__title.csv,job-csv,utf8,NaiveVectorizedV2,static,full-scan,full-scan,contains_freddy,%Freddy%,4,2528312,41409377,41409377,2528312,2528312,0,0,0,748959929,0,3432,100,37087674,37087774,2528312,2471557,146,14.66898626435345,14.668946712272852,0.8956370920528459,
job_title_title,title.title,benchmarks/job/../../data/job/title__title.csv,job-csv,utf8,NaiveVectorizedV2,static,full-scan,full-scan,contains_jason,%Jason%,0,2528312,41409377,41409377,2528312,2528312,0,0,0,748959929,0,2922,498,38174567,38175065,2528312,2502331,482,15.099032477004421,15.098835507643043,0.9218942125113353,
job_title_title,title.title,benchmarks/job/../../data/job/title__title.csv,job-csv,utf8,NaiveVectorizedV2,static,full-scan,full-scan,contains_jason,%Jason%,1,2528312,41409377,41409377,2528312,2528312,0,0,0,748959929,0,2922,140,39419338,39419478,2528312,2502331,482,15.591223709732027,15.591168336819191,0.951945690948212,
job_title_title,title.title,benchmarks/job/../../data/job/title__title.csv,job-csv,utf8,NaiveVectorizedV2,static,full-scan,full-scan,contains_jason,%Jason%,2,2528312,41409377,41409377,2528312,2528312,0,0,0,748959929,0,2922,110,39589404,39589514,2528312,2502331,482,15.658476485497044,15.658432978208385,0.9560519106578204,
job_title_title,title.title,benchmarks/job/../../data/job/title__title.csv,job-csv,utf8,NaiveVectorizedV2,static,full-scan,full-scan,contains_jason,%Jason%,3,2528312,41409377,41409377,2528312,2528312,0,0,0,748959929,0,2922,110,38754172,38754282,2528312,2502331,482,15.328124851679698,15.328081344391041,0.9358817931503776,
job_title_title,title.title,benchmarks/job/../../data/job/title__title.csv,job-csv,utf8,NaiveVectorizedV2,static,full-scan,full-scan,contains_jason,%Jason%,4,2528312,41409377,41409377,2528312,2528312,0,0,0,748959929,0,2922,100,38672924,38673024,2528312,2502331,482,15.295985622027661,15.295946069947064,0.9339194839854751,
job_title_title,title.title,benchmarks/job/../../data/job/title__title.csv,job-csv,utf8,NaiveVectorizedV2,static,full-scan,full-scan,contains_kung_fu_panda,%Kung%Fu%Panda%,0,2528312,41409377,41409377,2528312,2528312,0,0,0,748959929,0,2414,568,40337830,40338398,2528312,1799921,20,15.95467568875993,15.954451032942137,0.9741367999813182,
job_title_title,title.title,benchmarks/job/../../data/job/title__title.csv,job-csv,utf8,NaiveVectorizedV2,static,full-scan,full-scan,contains_kung_fu_panda,%Kung%Fu%Panda%,1,2528312,41409377,41409377,2528312,2528312,0,0,0,748959929,0,2414,110,40678245,40678355,2528312,1799921,20,16.089135755397276,16.08909224810862,0.9823464622517745,
job_title_title,title.title,benchmarks/job/../../data/job/title__title.csv,job-csv,utf8,NaiveVectorizedV2,static,full-scan,full-scan,contains_kung_fu_panda,%Kung%Fu%Panda%,2,2528312,41409377,41409377,2528312,2528312,0,0,0,748959929,0,2414,149,40317514,40317663,2528312,1799921,20,15.946474564848009,15.946415632247918,0.9736360679852778,
job_title_title,title.title,benchmarks/job/../../data/job/title__title.csv,job-csv,utf8,NaiveVectorizedV2,static,full-scan,full-scan,contains_kung_fu_panda,%Kung%Fu%Panda%,3,2528312,41409377,41409377,2528312,2528312,0,0,0,748959929,0,2414,110,40736892,40737002,2528312,1799921,20,16.11233186410538,16.112288356816723,0.9837627356721643,
job_title_title,title.title,benchmarks/job/../../data/job/title__title.csv,job-csv,utf8,NaiveVectorizedV2,static,full-scan,full-scan,contains_kung_fu_panda,%Kung%Fu%Panda%,4,2528312,41409377,41409377,2528312,2528312,0,0,0,748959929,0,2414,110,40476670,40476780,2528312,1799921,20,16.009408648932567,16.00936514164391,0.9774786034573764,
job_title_title,title.title,benchmarks/job/../../data/job/title__title.csv,job-csv,utf8,NaiveVectorizedV2,static,full-scan,full-scan,contains_loser,%Loser%,0,2528312,41409377,41409377,2528312,2528312,0,0,0,748959929,0,2733,1177,40070756,40071933,2528312,2502331,349,15.84928323719541,15.848817709206775,0.9677019048125259,
job_title_title,title.title,benchmarks/job/../../data/job/title__title.csv,job-csv,utf8,NaiveVectorizedV2,static,full-scan,full-scan,contains_loser,%Loser%,1,2528312,41409377,41409377,2528312,2528312,0,0,0,748959929,0,2733,100,39050352,39050452,2528312,2502331,349,15.445266248785751,15.445226696705154,0.943034037918513,
job_title_title,title.title,benchmarks/job/../../data/job/title__title.csv,job-csv,utf8,NaiveVectorizedV2,static,full-scan,full-scan,contains_loser,%Loser%,2,2528312,41409377,41409377,2528312,2528312,0,0,0,748959929,0,2733,408,38470322,38470730,2528312,2502331,349,15.215974136103455,15.215812763614617,0.9290342619740452,
job_title_title,title.title,benchmarks/job/../../data/job/title__title.csv,job-csv,utf8,NaiveVectorizedV2,static,full-scan,full-scan,contains_loser,%Loser%,3,2528312,41409377,41409377,2528312,2528312,0,0,0,748959929,0,2733,100,39351468,39351568,2528312,2502331,349,15.564363891798164,15.564324339717567,0.9503057242324607,
job_title_title,title.title,benchmarks/job/../../data/job/title__title.csv,job-csv,utf8,NaiveVectorizedV2,static,full-scan,full-scan,contains_loser,%Loser%,4,2528312,41409377,41409377,2528312,2528312,0,0,0,748959929,0,2733,100,39165683,39165783,2528312,2502331,349,15.490882058859825,15.490842506779227,0.9458191800374104,
job_title_title,title.title,benchmarks/job/../../data/job/title__title.csv,job-csv,utf8,NaiveVectorizedV2,static,full-scan,full-scan,contains_money,%Money%,0,2528312,41409377,41409377,2528312,2528312,0,0,0,748959929,0,2334,619,39196741,39197360,2528312,2502331,2286,15.503371419350144,15.503126591971244,0.9465817367887471,
job_title_title,title.title,benchmarks/job/../../data/job/title__title.csv,job-csv,utf8,NaiveVectorizedV2,static,full-scan,full-scan,contains_money,%Money%,1,2528312,41409377,41409377,2528312,2528312,0,0,0,748959929,0,2334,99,38661984,38662083,2528312,2502331,2286,15.291658228889473,15.29161907232968,0.9336552684673329,
job_title_title,title.title,benchmarks/job/../../data/job/title__title.csv,job-csv,utf8,NaiveVectorizedV2,static,full-scan,full-scan,contains_money,%Money%,2,2528312,41409377,41409377,2528312,2528312,0,0,0,748959929,0,2334,109,38880914,38881023,2528312,2502331,2286,15.378253554149962,15.37821044238211,0.9389424767245351,
job_title_title,title.title,benchmarks/job/../../data/job/title__title.csv,job-csv,utf8,NaiveVectorizedV2,static,full-scan,full-scan,contains_money,%Money%,3,2528312,41409377,41409377,2528312,2528312,0,0,0,748959929,0,2334,99,38537178,38537277,2528312,2502331,2286,15.242294859178772,15.24225570261898,0.9306413134397071,
job_title_title,title.title,benchmarks/job/../../data/job/title__title.csv,job-csv,utf8,NaiveVectorizedV2,static,full-scan,full-scan,contains_money,%Money%,4,2528312,41409377,41409377,2528312,2528312,0,0,0,748959929,0,2334,100,38246604,38246704,2528312,2502331,2286,15.127367192023769,15.127327639943172,0.9236242312942791,
job_title_title,title.title,benchmarks/job/../../data/job/title__title.csv,job-csv,utf8,NaiveVectorizedV2,static,full-scan,full-scan,contains_mord,%Mord%,0,2528312,41409377,41409377,2528312,2528312,0,0,0,748959929,0,2763,648,39697279,39697927,2528312,2520211,637,15.701356082635371,15.701099785153097,0.9586699891669465,
job_title_title,title.title,benchmarks/job/../../data/job/title__title.csv,job-csv,utf8,NaiveVectorizedV2,static,full-scan,full-scan,contains_mord,%Mord%,1,2528312,41409377,41409377,2528312,2528312,0,0,0,748959929,0,2763,110,39865809,39865919,2528312,2520211,637,15.76780041387297,15.767756906584314,0.9627268480759805,
job_title_title,title.title,benchmarks/job/../../data/job/title__title.csv,job-csv,utf8,NaiveVectorizedV2,static,full-scan,full-scan,contains_mord,%Mord%,2,2528312,41409377,41409377,2528312,2528312,0,0,0,748959929,0,2763,109,40221395,40221504,2528312,2520211,637,15.908441679666117,15.908398567898265,0.9713139127884005,
job_title_title,title.title,benchmarks/job/../../data/job/title__title.csv,job-csv,utf8,NaiveVectorizedV2,static,full-scan,full-scan,contains_mord,%Mord%,3,2528312,41409377,41409377,2528312,2528312,0,0,0,748959929,0,2763,110,39943128,39943238,2528312,2520211,637,15.798381687070266,15.79833817978161,0.964594033858563,
job_title_title,title.title,benchmarks/job/../../data/job/title__title.csv,job-csv,utf8,NaiveVectorizedV2,static,full-scan,full-scan,contains_mord,%Mord%,4,2528312,41409377,41409377,2528312,2528312,0,0,0,748959929,0,2763,100,39076243,39076343,2528312,2520211,637,15.455506677973288,15.45546712589269,0.943659282775493,
job_title_title,title.title,benchmarks/job/../../data/job/title__title.csv,job-csv,utf8,NaiveVectorizedV2,static,full-scan,full-scan,contains_movie,%Movie%,0,2528312,41409377,41409377,2528312,2528312,0,0,0,748959929,0,2134,558,38696136,38696694,2528312,2502331,3638,15.305347599505124,15.30512689889539,0.9344910936477021,
job_title_title,title.title,benchmarks/job/../../data/job/title__title.csv,job-csv,utf8,NaiveVectorizedV2,static,full-scan,full-scan,contains_movie,%Movie%,1,2528312,41409377,41409377,2528312,2528312,0,0,0,748959929,0,2134,110,39836976,39837086,2528312,2502331,3638,15.756396362474252,15.756352855185595,0.9620305565089762,
job_title_title,title.title,benchmarks/job/../../data/job/title__title.csv,job-csv,utf8,NaiveVectorizedV2,static,full-scan,full-scan,contains_movie,%Movie%,2,2528312,41409377,41409377,2528312,2528312,0,0,0,748959929,0,2134,110,38389131,38389241,2528312,2502331,3638,15.183743541145239,15.183700033856582,0.9270663743625025,
job_title_title,title.title,benchmarks/job/../../data/job/title__title.csv,job-csv,utf8,NaiveVectorizedV2,static,full-scan,full-scan,contains_movie,%Movie%,3,2528312,41409377,41409377,2528312,2528312,0,0,0,748959929,0,2134,110,38926345,38926455,2528312,2502331,3638,15.396222855407085,15.396179348118428,0.9400396195286879,
job_title_title,title.title,benchmarks/job/../../data/job/title__title.csv,job-csv,utf8,NaiveVectorizedV2,static,full-scan,full-scan,contains_movie,%Movie%,4,2528312,41409377,41409377,2528312,2528312,0,0,0,748959929,0,2134,110,38969072,38969182,2528312,2502331,3638,15.413122272884042,15.413078765595385,0.9410714389641747,
job_title_title,title.title,benchmarks/job/../../data/job/title__title.csv,job-csv,utf8,NaiveVectorizedV2,static,full-scan,full-scan,contains_murder_upper,%Murder%,0,2528312,41409377,41409377,2528312,2528312,0,0,0,748959929,0,3610,469,37515108,37515577,2528312,2471557,3622,14.838191251712605,14.838005752454603,0.9059681578884898,
job_title_title,title.title,benchmarks/job/../../data/job/title__title.csv,job-csv,utf8,NaiveVectorizedV2,static,full-scan,full-scan,contains_murder_upper,%Murder%,1,2528312,41409377,41409377,2528312,2528312,0,0,0,748959929,0,3610,140,38361576,38361716,2528312,2471557,3622,15.172856830960736,15.1728014580479,0.9264016698440066,
job_title_title,title.title,benchmarks/job/../../data/job/title__title.csv,job-csv,utf8,NaiveVectorizedV2,static,full-scan,full-scan,contains_murder_upper,%Murder%,2,2528312,41409377,41409377,2528312,2528312,0,0,0,748959929,0,3610,339,37971831,37972170,2528312,2471557,3622,15.018783283075823,15.018649201522598,0.9169944768789929,
job_title_title,title.title,benchmarks/job/../../data/job/title__title.csv,job-csv,utf8,NaiveVectorizedV2,static,full-scan,full-scan,contains_murder_upper,%Murder%,3,2528312,41409377,41409377,2528312,2528312,0,0,0,748959929,0,3610,110,38089097,38089207,2528312,2471557,3622,15.065073851644891,15.065030344356234,0.9198208173960212,
job_title_title,title.title,benchmarks/job/../../data/job/title__title.csv,job-csv,utf8,NaiveVectorizedV2,static,full-scan,full-scan,contains_murder_upper,%Murder%,4,2528312,41409377,41409377,2528312,2528312,0,0,0,748959929,0,3610,100,38045415,38045515,2528312,2471557,3622,15.047792756590168,15.04775320450957,0.9187656940600676,
job_title_title,title.title,benchmarks/job/../../data/job/title__title.csv,job-csv,utf8,NaiveVectorizedV2,static,full-scan,full-scan,contains_murder_lower,%murder%,0,2528312,41409377,41409377,2528312,2528312,0,0,0,748959929,0,3181,478,37748185,37748663,2528312,2471557,7,14.930381614294438,14.930192555349182,0.9115969795923275,
job_title_title,title.title,benchmarks/job/../../data/job/title__title.csv,job-csv,utf8,NaiveVectorizedV2,static,full-scan,full-scan,contains_murder_lower,%murder%,1,2528312,41409377,41409377,2528312,2528312,0,0,0,748959929,0,3181,100,38098739,38098839,2528312,2471557,7,15.068883508048057,15.06884395596746,0.9200534217165354,
job_title_title,title.title,benchmarks/job/../../data/job/title__title.csv,job-csv,utf8,NaiveVectorizedV2,static,full-scan,full-scan,contains_murder_lower,%murder%,2,2528312,41409377,41409377,2528312,2528312,0,0,0,748959929,0,3181,110,38645462,38645572,2528312,2471557,7,15.285127784861995,15.285084277573338,0.9332565423527139,
job_title_title,title.title,benchmarks/job/../../data/job/title__title.csv,job-csv,utf8,NaiveVectorizedV2,static,full-scan,full-scan,contains_murder_lower,%murder%,3,2528312,41409377,41409377,2528312,2528312,0,0,0,748959929,0,3181,109,38155558,38155667,2528312,2471557,7,15.091360164410089,15.091317052642237,0.9214257678882732,
job_title_title,title.title,benchmarks/job/../../data/job/title__title.csv,job-csv,utf8,NaiveVectorizedV2,static,full-scan,full-scan,contains_murder_lower,%murder%,4,2528312,41409377,41409377,2528312,2528312,0,0,0,748959929,0,3181,100,38335105,38335205,2528312,2471557,7,15.162371178873494,15.162331626792897,0.9257614525328406,
job_title_title,title.title,benchmarks/job/../../data/job/title__title.csv,job-csv,utf8,NaiveVectorizedV2,static,full-scan,full-scan,prefix_birdemic,Birdemic%,0,2528312,41409377,41409377,2528312,2528312,0,0,0,748959929,0,2473,838,9306066,9306904,2528312,2138136,8,3.681074171225703,3.680742724790295,0.22475353831089998,
job_title_title,title.title,benchmarks/job/../../data/job/title__title.csv,job-csv,utf8,NaiveVectorizedV2,static,full-scan,full-scan,prefix_birdemic,Birdemic%,1,2528312,41409377,41409377,2528312,2528312,0,0,0,748959929,0,2473,429,9190297,9190726,2528312,2138136,8,3.635123355028968,3.634953676603204,0.22194794188765507,
job_title_title,title.title,benchmarks/job/../../data/job/title__title.csv,job-csv,utf8,NaiveVectorizedV2,static,full-scan,full-scan,prefix_birdemic,Birdemic%,2,2528312,41409377,41409377,2528312,2528312,0,0,0,748959929,0,2473,100,9127496,9127596,2528312,2138136,8,3.610154126547673,3.610114574467075,0.2204234079638532,
job_title_title,title.title,benchmarks/job/../../data/job/title__title.csv,job-csv,utf8,NaiveVectorizedV2,static,full-scan,full-scan,prefix_birdemic,Birdemic%,3,2528312,41409377,41409377,2528312,2528312,0,0,0,748959929,0,2473,110,9252869,9252979,2528312,2138136,8,3.6597457117634216,3.659702204474764,0.22345129703351974,
job_title_title,title.title,benchmarks/job/../../data/job/title__title.csv,job-csv,utf8,NaiveVectorizedV2,static,full-scan,full-scan,prefix_birdemic,Birdemic%,4,2528312,41409377,41409377,2528312,2528312,0,0,0,748959929,0,2473,100,9328715,9328815,2528312,2138136,8,3.6897404276054537,3.689700875524856,0.22528266967165433,
job_title_title,title.title,benchmarks/job/../../data/job/title__title.csv,job-csv,utf8,NaiveVectorizedV2,static,full-scan,full-scan,prefix_champion,Champion%,0,2528312,41409377,41409377,2528312,2528312,0,0,0,748959929,0,2154,609,9204917,9205526,2528312,2138136,222,3.6409770629574196,3.6407361907865803,0.22230534885854478,
job_title_title,title.title,benchmarks/job/../../data/job/title__title.csv,job-csv,utf8,NaiveVectorizedV2,static,full-scan,full-scan,prefix_champion,Champion%,1,2528312,41409377,41409377,2528312,2528312,0,0,0,748959929,0,2154,99,9248441,9248540,2528312,2138136,222,3.657989994905692,3.6579508383459003,0.22334409909137246,
job_title_title,title.title,benchmarks/job/../../data/job/title__title.csv,job-csv,utf8,NaiveVectorizedV2,static,full-scan,full-scan,prefix_champion,Champion%,2,2528312,41409377,41409377,2528312,2528312,0,0,0,748959929,0,2154,80,9832331,9832411,2528312,2138136,222,3.888923123411984,3.888891481747506,0.23744406973328772,
job_title_title,title.title,benchmarks/job/../../data/job/title__title.csv,job-csv,utf8,NaiveVectorizedV2,static,full-scan,full-scan,prefix_champion,Champion%,3,2528312,41409377,41409377,2528312,2528312,0,0,0,748959929,0,2154,70,9460969,9461039,2528312,2138136,222,3.7420377706548877,3.742010084198469,0.22847576286887872,
job_title_title,title.title,benchmarks/job/../../data/job/title__title.csv,job-csv,utf8,NaiveVectorizedV2,static,full-scan,full-scan,prefix_champion,Champion%,4,2528312,41409377,41409377,2528312,2528312,0,0,0,748959929,0,2154,80,9364568,9364648,2528312,2138136,222,3.703913124646009,3.7038814829815307,0.22614800507624155,
job_title_title,title.title,benchmarks/job/../../data/job/title__title.csv,job-csv,utf8,NaiveVectorizedV2,static,full-scan,full-scan,prefix_dragon_ball_z,Dragon Ball Z%,0,2528312,41409377,41409377,2528312,2528312,0,0,0,748959929,0,3391,549,9706000,9706549,2528312,1303963,25,3.8391420837301724,3.8389249428076915,0.2344046132353066,
job_title_title,title.title,benchmarks/job/../../data/job/title__title.csv,job-csv,utf8,NaiveVectorizedV2,static,full-scan,full-scan,prefix_dragon_ball_z,Dragon Ball Z%,1,2528312,41409377,41409377,2528312,2528312,0,0,0,748959929,0,3391,79,9642781,9642860,2528312,1303963,25,3.8139517591183365,3.8139205129746645,0.23286657995361776,
job_title_title,title.title,benchmarks/job/../../data/job/title__title.csv,job-csv,utf8,NaiveVectorizedV2,static,full-scan,full-scan,prefix_dragon_ball_z,Dragon Ball Z%,2,2528312,41409377,41409377,2528312,2528312,0,0,0,748959929,0,3391,80,9597072,9597152,2528312,1303963,25,3.795873294118764,3.7958416524542855,0.23176277199244028,
job_title_title,title.title,benchmarks/job/../../data/job/title__title.csv,job-csv,utf8,NaiveVectorizedV2,static,full-scan,full-scan,prefix_dragon_ball_z,Dragon Ball Z%,3,2528312,41409377,41409377,2528312,2528312,0,0,0,748959929,0,3391,79,9757860,9757939,2528312,1303963,25,3.859467897949304,3.859436651805632,0.23564563649436213,
job_title_title,title.title,benchmarks/job/../../data/job/title__title.csv,job-csv,utf8,NaiveVectorizedV2,static,full-scan,full-scan,prefix_dragon_ball_z,Dragon Ball Z%,4,2528312,41409377,41409377,2528312,2528312,0,0,0,748959929,0,3391,30,9873111,9873141,2528312,1303963,25,3.905032685839406,3.905020820215227,0.23842766337682406,
job_title_title,title.title,benchmarks/job/../../data/job/title__title.csv,job-csv,utf8,NaiveVectorizedV2,static,full-scan,full-scan,prefix_kung_fu_panda,Kung Fu Panda%,0,2528312,41409377,41409377,2528312,2528312,0,0,0,748959929,0,2673,788,10013294,10014082,2528312,1303963,15,3.9607777837545366,3.960466113359427,0.24183126445007855,
job_title_title,title.title,benchmarks/job/../../data/job/title__title.csv,job-csv,utf8,NaiveVectorizedV2,static,full-scan,full-scan,prefix_kung_fu_panda,Kung Fu Panda%,1,2528312,41409377,41409377,2528312,2528312,0,0,0,748959929,0,2673,109,9913952,9914061,2528312,1303963,15,3.9212173972199635,3.921174285452112,0.2394158453530948,
job_title_title,title.title,benchmarks/job/../../data/job/title__title.csv,job-csv,utf8,NaiveVectorizedV2,static,full-scan,full-scan,prefix_kung_fu_panda,Kung Fu Panda%,2,2528312,41409377,41409377,2528312,2528312,0,0,0,748959929,0,2673,90,9884401,9884491,2528312,1303963,15,3.909521846987239,3.909486250114701,0.238701755884905,
job_title_title,title.title,benchmarks/job/../../data/job/title__title.csv,job-csv,utf8,NaiveVectorizedV2,static,full-scan,full-scan,prefix_kung_fu_panda,Kung Fu Panda%,3,2528312,41409377,41409377,2528312,2528312,0,0,0,748959929,0,2673,160,10048021,10048181,2528312,1303963,15,3.9742646477175287,3.974201364388572,0.2426547252811845,
job_title_title,title.title,benchmarks/job/../../data/job/title__title.csv,job-csv,utf8,NaiveVectorizedV2,static,full-scan,full-scan,prefix_kung_fu_panda,Kung Fu Panda%,4,2528312,41409377,41409377,2528312,2528312,0,0,0,748959929,0,2673,110,9970289,9970399,2528312,1303963,15,3.9435002483870663,3.9434567410984087,0.24077635845620185,
job_title_title,title.title,benchmarks/job/../../data/job/title__title.csv,job-csv,utf8,NaiveVectorizedV2,static,full-scan,full-scan,prefix_loser,Loser%,0,2528312,41409377,41409377,2528312,2528312,0,0,0,748959929,0,1805,498,11212490,11212988,2528312,2502331,72,4.434970051164571,4.434773081803195,0.2707837888988284,
job_title_title,title.title,benchmarks/job/../../data/job/title__title.csv,job-csv,utf8,NaiveVectorizedV2,static,full-scan,full-scan,prefix_loser,Loser%,1,2528312,41409377,41409377,2528312,2528312,0,0,0,748959929,0,1805,110,10914099,10914209,2528312,2502331,72,4.316796740275725,4.316753232987068,0.26356853907751376,
job_title_title,title.title,benchmarks/job/../../data/job/title__title.csv,job-csv,utf8,NaiveVectorizedV2,static,full-scan,full-scan,prefix_loser,Loser%,2,2528312,41409377,41409377,2528312,2528312,0,0,0,748959929,0,1805,40,10479640,10479680,2528312,2502331,72,4.144931479975573,4.144915659143334,0.25307504626307226,
job_title_title,title.title,benchmarks/job/../../data/job/title__title.csv,job-csv,utf8,NaiveVectorizedV2,static,full-scan,full-scan,prefix_loser,Loser%,3,2528312,41409377,41409377,2528312,2528312,0,0,0,748959929,0,1805,100,10914950,10915050,2528312,2502331,72,4.317129373273552,4.317089821192954,0.26358884848714337,
job_title_title,title.title,benchmarks/job/../../data/job/title__title.csv,job-csv,utf8,NaiveVectorizedV2,static,full-scan,full-scan,prefix_loser,Loser%,4,2528312,41409377,41409377,2528312,2528312,0,0,0,748959929,0,1805,109,10458491,10458600,2528312,2502331,72,4.136593901385589,4.136550789617737,0.252565982820751,
job_title_title,title.title,benchmarks/job/../../data/job/title__title.csv,job-csv,utf8,NaiveVectorizedV2,static,full-scan,full-scan,prefix_one_piece,One Piece%,0,2528312,41409377,41409377,2528312,2528312,0,0,0,748959929,0,2772,419,9901053,9901472,2528312,2000434,14,3.9162381857935253,3.9160724625758214,0.23911183208576164,
job_title_title,title.title,benchmarks/job/../../data/job/title__title.csv,job-csv,utf8,NaiveVectorizedV2,static,full-scan,full-scan,prefix_one_piece,One Piece%,1,2528312,41409377,41409377,2528312,2528312,0,0,0,748959929,0,2772,110,9516480,9516590,2528312,2000434,14,3.7640093469476867,3.7639658396590296,0.22981727061481752,
job_title_title,title.title,benchmarks/job/../../data/job/title__title.csv,job-csv,utf8,NaiveVectorizedV2,static,full-scan,full-scan,prefix_one_piece,One Piece%,2,2528312,41409377,41409377,2528312,2528312,0,0,0,748959929,0,2772,110,9509689,9509799,2528312,2000434,14,3.7613233651543005,3.761279857865643,0.22965327394324236,
job_title_title,title.title,benchmarks/job/../../data/job/title__title.csv,job-csv,utf8,NaiveVectorizedV2,static,full-scan,full-scan,prefix_one_piece,One Piece%,3,2528312,41409377,41409377,2528312,2528312,0,0,0,748959929,0,2772,100,9661448,9661548,2528312,2000434,14,3.821343251940425,3.8213036998598273,0.23331787870172496,
job_title_title,title.title,benchmarks/job/../../data/job/title__title.csv,job-csv,utf8,NaiveVectorizedV2,static,full-scan,full-scan,prefix_one_piece,One Piece%,4,2528312,41409377,41409377,2528312,2528312,0,0,0,748959929,0,2772,120,9614469,9614589,2528312,2000434,14,3.8027699904125756,3.8027225279158583,0.23218386019185944,
job_title_title,title.title,benchmarks/job/../../data/job/title__title.csv,job-csv,utf8,NaiveVectorizedV2,static,full-scan,full-scan,prefix_saw,Saw%,0,2528312,41409377,41409377,2528312,2528312,0,0,0,748959929,0,3460,828,9927521,9928349,2528312,2526814,131,3.9268685984957554,3.926541107268407,0.23976088797472128,
job_title_title,title.title,benchmarks/job/../../data/job/title__title.csv,job-csv,utf8,NaiveVectorizedV2,static,full-scan,full-scan,prefix_saw,Saw%,1,2528312,41409377,41409377,2528312,2528312,0,0,0,748959929,0,3460,110,9758410,9758520,2528312,2526814,131,3.859697695537576,3.8596541882489186,0.23565966713288153,
job_title_title,title.title,benchmarks/job/../../data/job/title__title.csv,job-csv,utf8,NaiveVectorizedV2,static,full-scan,full-scan,prefix_saw,Saw%,2,2528312,41409377,41409377,2528312,2528312,0,0,0,748959929,0,3460,109,9715070,9715179,2528312,2526814,131,3.8425554282857495,3.8425123165178983,0.23461302013792673,
job_title_title,title.title,benchmarks/job/../../data/job/title__title.csv,job-csv,utf8,NaiveVectorizedV2,static,full-scan,full-scan,prefix_saw,Saw%,3,2528312,41409377,41409377,2528312,2528312,0,0,0,748959929,0,3460,110,9688403,9688513,2528312,2526814,131,3.8320084704735806,3.8319649631849235,0.23396905971321424,
job_title_title,title.title,benchmarks/job/../../data/job/title__title.csv,job-csv,utf8,NaiveVectorizedV2,static,full-scan,full-scan,prefix_saw,Saw%,4,2528312,41409377,41409377,2528312,2528312,0,0,0,748959929,0,3460,110,9505370,9505480,2528312,2526814,131,3.759615110793288,3.759571603504631,0.22954897389545367,
job_title_title,title.title,benchmarks/job/../../data/job/title__title.csv,job-csv,utf8,NaiveVectorizedV2,static,full-scan,full-scan,prefix_vampire,Vampire%,0,2528312,41409377,41409377,2528312,2528312,0,0,0,748959929,0,2104,678,11632410,11633088,2528312,2317545,284,4.60112834175529,4.600860178648838,0.2809288340657721,
job_title_title,title.title,benchmarks/job/../../data/job/title__title.csv,job-csv,utf8,NaiveVectorizedV2,static,full-scan,full-scan,prefix_vampire,Vampire%,1,2528312,41409377,41409377,2528312,2528312,0,0,0,748959929,0,2104,40,11530519,11530559,2528312,2317545,284,4.560575989039328,4.560560168207088,0.2784528489766943,
job_title_title,title.title,benchmarks/job/../../data/job/title__title.csv,job-csv,utf8,NaiveVectorizedV2,static,full-scan,full-scan,prefix_vampire,Vampire%,2,2528312,41409377,41409377,2528312,2528312,0,0,0,748959929,0,2104,100,11667642,11667742,2528312,2317545,284,4.614834719765598,4.614795167685001,0.2817656976582864,
job_title_title,title.title,benchmarks/job/../../data/job/title__title.csv,job-csv,utf8,NaiveVectorizedV2,static,full-scan,full-scan,prefix_vampire,Vampire%,3,2528312,41409377,41409377,2528312,2528312,0,0,0,748959929,0,2104,110,11477578,11477688,2528312,2317545,284,4.539664408506545,4.539620901217888,0.27717606087143015,
job_title_title,title.title,benchmarks/job/../../data/job/title__title.csv,job-csv,utf8,NaiveVectorizedV2,static,full-scan,full-scan,prefix_vampire,Vampire%,4,2528312,41409377,41409377,2528312,2528312,0,0,0,748959929,0,2104,100,11353252,11353352,2528312,2317545,284,4.490486933574654,4.490447381494056,0.2741734559300421,
job_title_title,title.title,benchmarks/job/../../data/job/title__title.csv,job-csv,utf8,NaiveVectorizedV2Wildcard,static,full-scan,full-scan,contains_champion,%Champion%,0,2528312,41409377,41409377,2528312,2528312,0,0,0,748959929,0,2264,459,36353312,36353771,2528312,2138136,1870,14.378672806204298,14.378491262154354,0.8779115657789297,
job_title_title,title.title,benchmarks/job/../../data/job/title__title.csv,job-csv,utf8,NaiveVectorizedV2Wildcard,static,full-scan,full-scan,contains_champion,%Champion%,1,2528312,41409377,41409377,2528312,2528312,0,0,0,748959929,0,2264,149,36321551,36321700,2528312,2138136,1870,14.365988058435827,14.365929125835736,0.8771370793624835,
job_title_title,title.title,benchmarks/job/../../data/job/title__title.csv,job-csv,utf8,NaiveVectorizedV2Wildcard,static,full-scan,full-scan,contains_champion,%Champion%,2,2528312,41409377,41409377,2528312,2528312,0,0,0,748959929,0,2264,120,35289439,35289559,2528312,2138136,1870,13.95775481823446,13.95770735573774,0.8522117828529514,
job_title_title,title.title,benchmarks/job/../../data/job/title__title.csv,job-csv,utf8,NaiveVectorizedV2Wildcard,static,full-scan,full-scan,contains_champion,%Champion%,3,2528312,41409377,41409377,2528312,2528312,0,0,0,748959929,0,2264,110,35521437,35521547,2528312,2138136,1870,14.049510898971329,14.049467391682672,0.8578140888234083,
job_title_title,title.title,benchmarks/job/../../data/job/title__title.csv,job-csv,utf8,NaiveVectorizedV2Wildcard,static,full-scan,full-scan,contains_champion,%Champion%,4,2528312,41409377,41409377,2528312,2528312,0,0,0,748959929,0,2264,130,35850277,35850407,2528312,2138136,1870,14.179581871224753,14.179530453519977,0.8657557683130562,
job_title_title,title.title,benchmarks/job/../../data/job/title__title.csv,job-csv,utf8,NaiveVectorizedV2Wildcard,static,full-scan,full-scan,contains_freddy,%Freddy%,0,2528312,41409377,41409377,2528312,2528312,0,0,0,748959929,0,2543,369,39176114,39176483,2528312,2471557,146,15.495114131483772,15.494968184306368,0.9460775756177158,
job_title_title,title.title,benchmarks/job/../../data/job/title__title.csv,job-csv,utf8,NaiveVectorizedV2Wildcard,static,full-scan,full-scan,contains_freddy,%Freddy%,1,2528312,41409377,41409377,2528312,2528312,0,0,0,748959929,0,2543,109,38702237,38702346,2528312,2471557,146,15.307583083100504,15.307539971332652,0.9346275844719905,
job_title_title,title.title,benchmarks/job/../../data/job/title__title.csv,job-csv,utf8,NaiveVectorizedV2Wildcard,static,full-scan,full-scan,contains_freddy,%Freddy%,2,2528312,41409377,41409377,2528312,2528312,0,0,0,748959929,0,2543,100,38032052,38032152,2528312,2471557,146,15.042507412059903,15.042467859979306,0.9184429893741217,
job_title_title,title.title,benchmarks/job/../../data/job/title__title.csv,job-csv,utf8,NaiveVectorizedV2Wildcard,static,full-scan,full-scan,contains_freddy,%Freddy%,3,2528312,41409377,41409377,2528312,2528312,0,0,0,748959929,0,2543,99,38948126,38948225,2528312,2471557,146,15.404833343353193,15.404794186793403,0.940565345863571,
job_title_title,title.title,benchmarks/job/../../data/job/title__title.csv,job-csv,utf8,NaiveVectorizedV2Wildcard,static,full-scan,full-scan,contains_freddy,%Freddy%,4,2528312,41409377,41409377,2528312,2528312,0,0,0,748959929,0,2543,109,38226903,38227012,2528312,2471557,146,15.119578596312481,15.11953548454463,0.9231486868300385,
job_title_title,title.title,benchmarks/job/../../data/job/title__title.csv,job-csv,utf8,NaiveVectorizedV2Wildcard,static,full-scan,full-scan,contains_jason,%Jason%,0,2528312,41409377,41409377,2528312,2528312,0,0,0,748959929,0,2343,349,39925926,39926275,2528312,2502331,482,15.791672467638488,15.791534430877201,0.9641843923418602,
job_title_title,title.title,benchmarks/job/../../data/job/title__title.csv,job-csv,utf8,NaiveVectorizedV2Wildcard,static,full-scan,full-scan,contains_jason,%Jason%,1,2528312,41409377,41409377,2528312,2528312,0,0,0,748959929,0,2343,140,39248544,39248684,2528312,2502331,482,15.52367112919608,15.523615756283244,0.9478211662059055,
job_title_title,title.title,benchmarks/job/../../data/job/title__title.csv,job-csv,utf8,NaiveVectorizedV2Wildcard,static,full-scan,full-scan,contains_jason,%Jason%,2,2528312,41409377,41409377,2528312,2528312,0,0,0,748959929,0,2343,100,39354958,39355058,2528312,2502331,482,15.565744259411023,15.565704707330424,0.9503900046600556,
job_title_title,title.title,benchmarks/job/../../data/job/title__title.csv,job-csv,utf8,NaiveVectorizedV2Wildcard,static,full-scan,full-scan,contains_jason,%Jason%,3,2528312,41409377,41409377,2528312,2528312,0,0,0,748959929,0,2343,110,39763935,39764045,2528312,2502331,482,15.727507127284923,15.727463619996266,0.9602666806602765,
job_title_title,title.title,benchmarks/job/../../data/job/title__title.csv,job-csv,utf8,NaiveVectorizedV2Wildcard,static,full-scan,full-scan,contains_jason,%Jason%,4,2528312,41409377,41409377,2528312,2528312,0,0,0,748959929,0,2343,109,40057144,40057253,2528312,2502331,482,15.843476991763675,15.843433879995823,0.9673473957359948,
job_title_title,title.title,benchmarks/job/../../data/job/title__title.csv,job-csv,utf8,NaiveVectorizedV2Wildcard,static,full-scan,full-scan,contains_kung_fu_panda,%Kung%Fu%Panda%,0,2528312,41409377,41409377,2528312,2528312,0,0,0,748959929,0,1905,489,41541661,41542150,2528312,1799921,20,16.43078464999573,16.430591240321604,1.0032063510639149,
job_title_title,title.title,benchmarks/job/../../data/job/title__title.csv,job-csv,utf8,NaiveVectorizedV2Wildcard,static,full-scan,full-scan,contains_kung_fu_panda,%Kung%Fu%Panda%,1,2528312,41409377,41409377,2528312,2528312,0,0,0,748959929,0,1905,110,41288612,41288722,2528312,1799921,20,16.330548603178723,16.330505095890064,0.997086287968061,
job_title_title,title.title,benchmarks/job/../../data/job/title__title.csv,job-csv,utf8,NaiveVectorizedV2Wildcard,static,full-scan,full-scan,contains_kung_fu_panda,%Kung%Fu%Panda%,2,2528312,41409377,41409377,2528312,2528312,0,0,0,748959929,0,1905,289,41060768,41061057,2528312,1799921,20,16.240502358886086,16.24038805337316,0.9915883786418713,
job_title_title,title.title,benchmarks/job/../../data/job/title__title.csv,job-csv,utf8,NaiveVectorizedV2Wildcard,static,full-scan,full-scan,contains_kung_fu_panda,%Kung%Fu%Panda%,3,2528312,41409377,41409377,2528312,2528312,0,0,0,748959929,0,1905,120,41240726,41240846,2528312,1799921,20,16.31161264907179,16.311565186575073,0.995930124715472,
job_title_title,title.title,benchmarks/job/../../data/job/title__title.csv,job-csv,utf8,NaiveVectorizedV2Wildcard,static,full-scan,full-scan,contains_kung_fu_panda,%Kung%Fu%Panda%,4,2528312,41409377,41409377,2528312,2528312,0,0,0,748959929,0,1905,100,41267580,41267680,2528312,1799921,20,16.322226054379364,16.322186502298766,0.9965781421922866,
job_title_title,title.title,benchmarks/job/../../data/job/title__title.csv,job-csv,utf8,NaiveVectorizedV2Wildcard,static,full-scan,full-scan,contains_loser,%Loser%,0,2528312,41409377,41409377,2528312,2528312,0,0,0,748959929,0,1994,498,39852138,39852636,2528312,2502331,349,15.762546711007186,15.76234974164581,0.962406075319607,
job_title_title,title.title,benchmarks/job/../../data/job/title__title.csv,job-csv,utf8,NaiveVectorizedV2Wildcard,static,full-scan,full-scan,contains_loser,%Loser%,1,2528312,41409377,41409377,2528312,2528312,0,0,0,748959929,0,1994,99,40512589,40512688,2528312,2502331,349,16.023611010033573,16.02357185347378,0.9783457500459377,
job_title_title,title.title,benchmarks/job/../../data/job/title__title.csv,job-csv,utf8,NaiveVectorizedV2Wildcard,static,full-scan,full-scan,contains_loser,%Loser%,2,2528312,41409377,41409377,2528312,2528312,0,0,0,748959929,0,1994,110,39398528,39398638,2528312,2502331,349,15.582981056135477,15.58293754884682,0.9514424232946079,
job_title_title,title.title,benchmarks/job/../../data/job/title__title.csv,job-csv,utf8,NaiveVectorizedV2Wildcard,static,full-scan,full-scan,contains_loser,%Loser%,3,2528312,41409377,41409377,2528312,2528312,0,0,0,748959929,0,1994,100,39892911,39893011,2528312,2502331,349,15.778515863548487,15.77847631146789,0.9633810960256659,
job_title_title,title.title,benchmarks/job/../../data/job/title__title.csv,job-csv,utf8,NaiveVectorizedV2Wildcard,static,full-scan,full-scan,contains_loser,%Loser%,4,2528312,41409377,41409377,2528312,2528312,0,0,0,748959929,0,1994,120,40618816,40618936,2528312,2502331,349,16.06563430462696,16.065586842130244,0.9809115457110112,
job_title_title,title.title,benchmarks/job/../../data/job/title__title.csv,job-csv,utf8,NaiveVectorizedV2Wildcard,static,full-scan,full-scan,contains_money,%Money%,0,2528312,41409377,41409377,2528312,2528312,0,0,0,748959929,0,2253,807,40350301,40351108,2528312,2502331,2286,15.959702758203893,15.95938357291347,0.9744437352921296,
job_title_title,title.title,benchmarks/job/../../data/job/title__title.csv,job-csv,utf8,NaiveVectorizedV2Wildcard,static,full-scan,full-scan,contains_money,%Money%,1,2528312,41409377,41409377,2528312,2528312,0,0,0,748959929,0,2253,110,40757579,40757689,2528312,2502331,2286,16.120514003018616,16.120470495729958,0.9842623085104613,
job_title_title,title.title,benchmarks/job/../../data/job/title__title.csv,job-csv,utf8,NaiveVectorizedV2Wildcard,static,full-scan,full-scan,contains_money,%Money%,2,2528312,41409377,41409377,2528312,2528312,0,0,0,748959929,0,2253,110,40139141,40139251,2528312,2502331,2286,15.875908906812134,15.875865399523477,0.9693275752494417,
job_title_title,title.title,benchmarks/job/../../data/job/title__title.csv,job-csv,utf8,NaiveVectorizedV2Wildcard,static,full-scan,full-scan,contains_money,%Money%,3,2528312,41409377,41409377,2528312,2528312,0,0,0,748959929,0,2253,100,39865500,39865600,2528312,2502331,2286,15.767674242735865,15.767634690655267,0.9627191445068106,
job_title_title,title.title,benchmarks/job/../../data/job/title__title.csv,job-csv,utf8,NaiveVectorizedV2Wildcard,static,full-scan,full-scan,contains_money,%Money%,4,2528312,41409377,41409377,2528312,2528312,0,0,0,748959929,0,2253,110,40556742,40556852,2528312,2502331,2286,16.041078790908717,16.041035283620058,0.9794122717663682,
job_title_title,title.title,benchmarks/job/../../data/job/title__title.csv,job-csv,utf8,NaiveVectorizedV2Wildcard,static,full-scan,full-scan,contains_mord,%Mord%,0,2528312,41409377,41409377,2528312,2528312,0,0,0,748959929,0,3300,678,41715924,41716602,2528312,2520211,637,16.499784045639938,16.499515882533483,1.0074192132859183,
job_title_title,title.title,benchmarks/job/../../data/job/title__title.csv,job-csv,utf8,NaiveVectorizedV2Wildcard,static,full-scan,full-scan,contains_mord,%Mord%,1,2528312,41409377,41409377,2528312,2528312,0,0,0,748959929,0,3300,100,41669665,41669765,2528312,2520211,637,16.481259037650418,16.48121948556982,1.0062881409686506,
job_title_title,title.title,benchmarks/job/../../data/job/title__title.csv,job-csv,utf8,NaiveVectorizedV2Wildcard,static,full-scan,full-scan,contains_mord,%Mord%,2,2528312,41409377,41409377,2528312,2528312,0,0,0,748959929,0,3300,110,41730961,41731071,2528312,2520211,637,16.50550683618161,16.505463328892954,1.0077686268982022,
job_title_title,title.title,benchmarks/job/../../data/job/title__title.csv,job-csv,utf8,NaiveVectorizedV2Wildcard,static,full-scan,full-scan,contains_mord,%Mord%,3,2528312,41409377,41409377,2528312,2528312,0,0,0,748959929,0,3300,109,41620855,41620964,2528312,2520211,637,16.46195722679796,16.46191411503011,1.0051096397803811,
job_title_title,title.title,benchmarks/job/../../data/job/title__title.csv,job-csv,utf8,NaiveVectorizedV2Wildcard,static,full-scan,full-scan,contains_mord,%Mord%,4,2528312,41409377,41409377,2528312,2528312,0,0,0,748959929,0,3300,110,41503718,41503828,2528312,2520211,637,16.415627501669096,16.41558399438044,1.002280908500507,
job_title_title,title.title,benchmarks/job/../../data/job/title__title.csv,job-csv,utf8,NaiveVectorizedV2Wildcard,static,full-scan,full-scan,contains_movie,%Movie%,0,2528312,41409377,41409377,2528312,2528312,0,0,0,748959929,0,1905,529,41215736,41216265,2528312,2502331,3638,16.301890352140084,16.301681121633724,0.9953365152052396,
job_title_title,title.title,benchmarks/job/../../data/job/title__title.csv,job-csv,utf8,NaiveVectorizedV2Wildcard,static,full-scan,full-scan,contains_movie,%Movie%,1,2528312,41409377,41409377,2528312,2528312,0,0,0,748959929,0,1905,120,40878098,40878218,2528312,2502331,3638,16.168185730242154,16.168138267745437,0.9871729777533238,
job_title_title,title.title,benchmarks/job/../../data/job/title__title.csv,job-csv,utf8,NaiveVectorizedV2Wildcard,static,full-scan,full-scan,contains_movie,%Movie%,2,2528312,41409377,41409377,2528312,2528312,0,0,0,748959929,0,1905,110,41408420,41408530,2528312,2502331,3638,16.377935159901153,16.377891652612494,0.9999795456956525,
job_title_title,title.title,benchmarks/job/../../data/job/title__title.csv,job-csv,utf8,NaiveVectorizedV2Wildcard,static,full-scan,full-scan,contains_movie,%Movie%,3,2528312,41409377,41409377,2528312,2528312,0,0,0,748959929,0,1905,110,40560250,40560360,2528312,2502331,3638,16.042466277896082,16.042422770607423,0.979496986878117,
job_title_title,title.title,benchmarks/job/../../data/job/title__title.csv,job-csv,utf8,NaiveVectorizedV2Wildcard,static,full-scan,full-scan,contains_movie,%Movie%,4,2528312,41409377,41409377,2528312,2528312,0,0,0,748959929,0,1905,110,40256015,40256125,2528312,2502331,3638,15.922135005489828,15.922091498201171,0.9721499794599663,
job_title_title,title.title,benchmarks/job/../../data/job/title__title.csv,job-csv,utf8,NaiveVectorizedV2Wildcard,static,full-scan,full-scan,contains_murder_upper,%Murder%,0,2528312,41409377,41409377,2528312,2528312,0,0,0,748959929,0,2591,591,38725198,38725789,2528312,2471557,3622,15.31685527735501,15.316621524558679,0.9351937122840559,
job_title_title,title.title,benchmarks/job/../../data/job/title__title.csv,job-csv,utf8,NaiveVectorizedV2Wildcard,static,full-scan,full-scan,contains_murder_upper,%Murder%,1,2528312,41409377,41409377,2528312,2528312,0,0,0,748959929,0,2591,110,39533757,39533867,2528312,2471557,3622,15.636466939206871,15.636423431918212,0.9547080845963947,
job_title_title,title.title,benchmarks/job/../../data/job/title__title.csv,job-csv,utf8,NaiveVectorizedV2Wildcard,static,full-scan,full-scan,contains_murder_upper,%Murder%,2,2528312,41409377,41409377,2528312,2528312,0,0,0,748959929,0,2591,110,40011200,40011310,2528312,2471557,3622,15.825305579374698,15.82526207208604,0.9662379127316985,
job_title_title,title.title,benchmarks/job/../../data/job/title__title.csv,job-csv,utf8,NaiveVectorizedV2Wildcard,static,full-scan,full-scan,contains_murder_upper,%Murder%,3,2528312,41409377,41409377,2528312,2528312,0,0,0,748959929,0,2591,110,38676657,38676767,2528312,2471557,3622,15.297466056404431,15.297422549115774,0.9340098741403426,
job_title_title,title.title,benchmarks/job/../../data/job/title__title.csv,job-csv,utf8,NaiveVectorizedV2Wildcard,static,full-scan,full-scan,contains_murder_upper,%Murder%,4,2528312,41409377,41409377,2528312,2528312,0,0,0,748959929,0,2591,110,39345716,39345826,2528312,2471557,3622,15.562092811330247,15.56204930404159,0.9501670599874034,
job_title_title,title.title,benchmarks/job/../../data/job/title__title.csv,job-csv,utf8,NaiveVectorizedV2Wildcard,static,full-scan,full-scan,contains_murder_lower,%murder%,0,2528312,41409377,41409377,2528312,2528312,0,0,0,748959929,0,2301,561,38915630,38916191,2528312,2471557,7,15.392163229854543,15.39194134268239,0.939791752964552,
job_title_title,title.title,benchmarks/job/../../data/job/title__title.csv,job-csv,utf8,NaiveVectorizedV2Wildcard,static,full-scan,full-scan,contains_murder_lower,%murder%,1,2528312,41409377,41409377,2528312,2528312,0,0,0,748959929,0,2301,100,39351317,39351417,2528312,2471557,7,15.564304168156461,15.564264616075864,0.9503020777153928,
job_title_title,title.title,benchmarks/job/../../data/job/title__title.csv,job-csv,utf8,NaiveVectorizedV2Wildcard,static,full-scan,full-scan,contains_murder_lower,%murder%,2,2528312,41409377,41409377,2528312,2528312,0,0,0,748959929,0,2301,110,40385833,40385943,2528312,2471557,7,15.973480725480083,15.973437218191426,0.9752849698753014,
job_title_title,title.title,benchmarks/job/../../data/job/title__title.csv,job-csv,utf8,NaiveVectorizedV2Wildcard,static,full-scan,full-scan,contains_murder_lower,%murder%,3,2528312,41409377,41409377,2528312,2528312,0,0,0,748959929,0,2301,110,39157254,39157364,2528312,2471557,7,15.487552169194307,15.48750866190565,0.9456158685990373,
job_title_title,title.title,benchmarks/job/../../data/job/title__title.csv,job-csv,utf8,NaiveVectorizedV2Wildcard,static,full-scan,full-scan,contains_murder_lower,%murder%,4,2528312,41409377,41409377,2528312,2528312,0,0,0,748959929,0,2301,100,38750359,38750459,2528312,2471557,7,15.32661277563845,15.326573223557853,0.9357894710659376,
job_title_title,title.title,benchmarks/job/../../data/job/title__title.csv,job-csv,utf8,NaiveVectorizedV2Wildcard,static,full-scan,full-scan,prefix_birdemic,Birdemic%,0,2528312,41409377,41409377,2528312,2528312,0,0,0,748959929,0,2721,600,9978263,9978863,2528312,2138136,8,3.946847936488851,3.946610624005265,0.2409807566049593,
job_title_title,title.title,benchmarks/job/../../data/job/title__title.csv,job-csv,utf8,NaiveVectorizedV2Wildcard,static,full-scan,full-scan,prefix_birdemic,Birdemic%,1,2528312,41409377,41409377,2528312,2528312,0,0,0,748959929,0,2721,100,10025404,10025504,2528312,2138136,8,3.9652954224004,3.9652558703198024,0.24210709569477465,
job_title_title,title.title,benchmarks/job/../../data/job/title__title.csv,job-csv,utf8,NaiveVectorizedV2Wildcard,static,full-scan,full-scan,prefix_birdemic,Birdemic%,2,2528312,41409377,41409377,2528312,2528312,0,0,0,748959929,0,2721,100,9668609,9668709,2528312,2138136,8,3.8241755764320224,3.824136024351425,0.23349081054757234,
job_title_title,title.title,benchmarks/job/../../data/job/title__title.csv,job-csv,utf8,NaiveVectorizedV2Wildcard,static,full-scan,full-scan,prefix_birdemic,Birdemic%,3,2528312,41409377,41409377,2528312,2528312,0,0,0,748959929,0,2721,100,10177626,10177726,2528312,2138136,8,4.025502390527751,4.025462838447154,0.24578312298685392,
job_title_title,title.title,benchmarks/job/../../data/job/title__title.csv,job-csv,utf8,NaiveVectorizedV2Wildcard,static,full-scan,full-scan,prefix_birdemic,Birdemic%,4,2528312,41409377,41409377,2528312,2528312,0,0,0,748959929,0,2721,101,9780257,9780358,2528312,2138136,8,3.8683350788984905,3.868295131297087,0.23618703560790108,
job_title_title,title.title,benchmarks/job/../../data/job/title__title.csv,job-csv,utf8,NaiveVectorizedV2Wildcard,static,full-scan,full-scan,prefix_champion,Champion%,0,2528312,41409377,41409377,2528312,2528312,0,0,0,748959929,0,2941,550,9836212,9836762,2528312,2138136,222,3.890644034438788,3.8904264979955006,0.23754914255290535,
job_title_title,title.title,benchmarks/job/../../data/job/title__title.csv,job-csv,utf8,NaiveVectorizedV2Wildcard,static,full-scan,full-scan,prefix_champion,Champion%,1,2528312,41409377,41409377,2528312,2528312,0,0,0,748959929,0,2941,80,9976082,9976162,2528312,2138136,222,3.9457796347919087,3.9457479931274304,0.24091552983277192,
job_title_title,title.title,benchmarks/job/../../data/job/title__title.csv,job-csv,utf8,NaiveVectorizedV2Wildcard,static,full-scan,full-scan,prefix_champion,Champion%,2,2528312,41409377,41409377,2528312,2528312,0,0,0,748959929,0,2941,30,9921647,9921677,2528312,2138136,222,3.92422968367828,3.924217818054101,0.23959976504838507,
job_title_title,title.title,benchmarks/job/../../data/job/title__title.csv,job-csv,utf8,NaiveVectorizedV2Wildcard,static,full-scan,full-scan,prefix_champion,Champion%,3,2528312,41409377,41409377,2528312,2528312,0,0,0,748959929,0,2941,80,10107608,10107688,2528312,2138136,222,3.9978009043187708,3.997769262654293,0.24409176694447735,
job_title_title,title.title,benchmarks/job/../../data/job/title__title.csv,job-csv,utf8,NaiveVectorizedV2Wildcard,static,full-scan,full-scan,prefix_champion,Champion%,4,2528312,41409377,41409377,2528312,2528312,0,0,0,748959929,0,2941,50,9990488,9990538,2528312,2138136,222,3.9514656418986265,3.951445865858328,0.24126269757692806,
job_title_title,title.title,benchmarks/job/../../data/job/title__title.csv,job-csv,utf8,NaiveVectorizedV2Wildcard,static,full-scan,full-scan,prefix_dragon_ball_z,Dragon Ball Z%,0,2528312,41409377,41409377,2528312,2528312,0,0,0,748959929,0,2811,410,10564833,10565243,2528312,1303963,25,4.178773426697338,4.1786112631668875,0.2551413173880882,
job_title_title,title.title,benchmarks/job/../../data/job/title__title.csv,job-csv,utf8,NaiveVectorizedV2Wildcard,static,full-scan,full-scan,prefix_dragon_ball_z,Dragon Ball Z%,1,2528312,41409377,41409377,2528312,2528312,0,0,0,748959929,0,2811,100,10620108,10620208,2528312,1303963,25,4.200513227797835,4.200473675717237,0.25646867374990934,
job_title_title,title.title,benchmarks/job/../../data/job/title__title.csv,job-csv,utf8,NaiveVectorizedV2Wildcard,static,full-scan,full-scan,prefix_dragon_ball_z,Dragon Ball Z%,2,2528312,41409377,41409377,2528312,2528312,0,0,0,748959929,0,2811,80,10580140,10580220,2528312,1303963,25,4.1846971418084475,4.18466550014397,0.2555029987531568,
job_title_title,title.title,benchmarks/job/../../data/job/title__title.csv,job-csv,utf8,NaiveVectorizedV2Wildcard,static,full-scan,full-scan,prefix_dragon_ball_z,Dragon Ball Z%,3,2528312,41409377,41409377,2528312,2528312,0,0,0,748959929,0,2811,100,10426325,10426425,2528312,1303963,25,4.123868019453296,4.1238284673726975,0.25178898489586066,
job_title_title,title.title,benchmarks/job/../../data/job/title__title.csv,job-csv,utf8,NaiveVectorizedV2Wildcard,static,full-scan,full-scan,prefix_dragon_ball_z,Dragon Ball Z%,4,2528312,41409377,41409377,2528312,2528312,0,0,0,748959929,0,2811,90,10577429,10577519,2528312,1303963,25,4.183628840111505,4.183593243238968,0.25543777198096945,
job_title_title,title.title,benchmarks/job/../../data/job/title__title.csv,job-csv,utf8,NaiveVectorizedV2Wildcard,static,full-scan,full-scan,prefix_kung_fu_panda,Kung Fu Panda%,0,2528312,41409377,41409377,2528312,2528312,0,0,0,748959929,0,2701,400,9854138,9854538,2528312,1303963,15,3.8976748122858256,3.897516603963435,0.23797841730388747,
job_title_title,title.title,benchmarks/job/../../data/job/title__title.csv,job-csv,utf8,NaiveVectorizedV2Wildcard,static,full-scan,full-scan,prefix_kung_fu_panda,Kung Fu Panda%,1,2528312,41409377,41409377,2528312,2528312,0,0,0,748959929,0,2701,40,10089001,10089041,2528312,1303963,15,3.9904256278497274,3.9904098070174885,0.24364145831027595,
job_title_title,title.title,benchmarks/job/../../data/job/title__title.csv,job-csv,utf8,NaiveVectorizedV2Wildcard,static,full-scan,full-scan,prefix_kung_fu_panda,Kung Fu Panda%,2,2528312,41409377,41409377,2528312,2528312,0,0,0,748959929,0,2701,89,9772870,9772959,2528312,1303963,15,3.8654086204550704,3.8653734191033386,0.23600835627157588,
job_title_title,title.title,benchmarks/job/../../data/job/title__title.csv,job-csv,utf8,NaiveVectorizedV2Wildcard,static,full-scan,full-scan,prefix_kung_fu_panda,Kung Fu Panda%,3,2528312,41409377,41409377,2528312,2528312,0,0,0,748959929,0,2701,79,10011078,10011157,2528312,1303963,15,3.9596208853970554,3.9595896392533834,0.2417606282750885,
job_title_title,title.title,benchmarks/job/../../data/job/title__title.csv,job-csv,utf8,NaiveVectorizedV2Wildcard,static,full-scan,full-scan,prefix_kung_fu_panda,Kung Fu Panda%,4,2528312,41409377,41409377,2528312,2528312,0,0,0,748959929,0,2701,39,9701801,9701840,2528312,1303963,15,3.8372795762548293,3.8372641509433962,0.23429089503085254,
job_title_title,title.title,benchmarks/job/../../data/job/title__title.csv,job-csv,utf8,NaiveVectorizedV2Wildcard,static,full-scan,full-scan,prefix_loser,Loser%,0,2528312,41409377,41409377,2528312,2528312,0,0,0,748959929,0,2431,424,9043628,9044052,2528312,2502331,72,3.5771107363331742,3.57694303551144,0.21840589391142012,
job_title_title,title.title,benchmarks/job/../../data/job/title__title.csv,job-csv,utf8,NaiveVectorizedV2Wildcard,static,full-scan,full-scan,prefix_loser,Loser%,1,2528312,41409377,41409377,2528312,2528312,0,0,0,748959929,0,2431,79,9099868,9099947,2528312,2502331,72,3.599218371783229,3.599187125639557,0.21975570895452012,
job_title_title,title.title,benchmarks/job/../../data/job/title__title.csv,job-csv,utf8,NaiveVectorizedV2Wildcard,static,full-scan,full-scan,prefix_loser,Loser%,2,2528312,41409377,41409377,2528312,2528312,0,0,0,748959929,0,2431,89,9367515,9367604,2528312,2502331,72,3.7050822841484754,3.705047082796743,0.22621938987394086,
job_title_title,title.title,benchmarks/job/../../data/job/title__title.csv,job-csv,utf8,NaiveVectorizedV2Wildcard,static,full-scan,full-scan,prefix_loser,Loser%,3,2528312,41409377,41409377,2528312,2528312,0,0,0,748959929,0,2431,108,9584521,9584629,2528312,2502331,72,3.7909201870655203,3.790877470818475,0.23146035256700434,
job_title_title,title.title,benchmarks/job/../../data/job/title__title.csv,job-csv,utf8,NaiveVectorizedV2Wildcard,static,full-scan,full-scan,prefix_loser,Loser%,4,2528312,41409377,41409377,2528312,2528312,0,0,0,748959929,0,2431,109,9183509,9183618,2528312,2502331,72,3.632311993140087,3.632268881372236,0.2217762899451494,
job_title_title,title.title,benchmarks/job/../../data/job/title__title.csv,job-csv,utf8,NaiveVectorizedV2Wildcard,static,full-scan,full-scan,prefix_one_piece,One Piece%,0,2528312,41409377,41409377,2528312,2528312,0,0,0,748959929,0,1978,521,9794032,9794553,2528312,2000434,14,3.8739494967393266,3.8737434303994127,0.23652983236139968,
job_title_title,title.title,benchmarks/job/../../data/job/title__title.csv,job-csv,utf8,NaiveVectorizedV2Wildcard,static,full-scan,full-scan,prefix_one_piece,One Piece%,1,2528312,41409377,41409377,2528312,2528312,0,0,0,748959929,0,1978,99,9797614,9797713,2528312,2000434,14,3.875199342486212,3.8751601859264206,0.23660614357950857,
job_title_title,title.title,benchmarks/job/../../data/job/title__title.csv,job-csv,utf8,NaiveVectorizedV2Wildcard,static,full-scan,full-scan,prefix_one_piece,One Piece%,2,2528312,41409377,41409377,2528312,2528312,0,0,0,748959929,0,1978,99,9746275,9746374,2528312,2000434,14,3.8548936998281857,3.8548545432683943,0.2353663519255554,
job_title_title,title.title,benchmarks/job/../../data/job/title__title.csv,job-csv,utf8,NaiveVectorizedV2Wildcard,static,full-scan,full-scan,prefix_one_piece,One Piece%,3,2528312,41409377,41409377,2528312,2528312,0,0,0,748959929,0,1978,98,9904669,9904767,2528312,2000434,14,3.917541426849218,3.917502665810232,0.2391914034350239,
job_title_title,title.title,benchmarks/job/../../data/job/title__title.csv,job-csv,utf8,NaiveVectorizedV2Wildcard,static,full-scan,full-scan,prefix_one_piece,One Piece%,4,2528312,41409377,41409377,2528312,2528312,0,0,0,748959929,0,1978,108,9968109,9968217,2528312,2000434,14,3.9426372219884254,3.94259450574138,0.24072366507711526,
job_title_title,title.title,benchmarks/job/../../data/job/title__title.csv,job-csv,utf8,NaiveVectorizedV2Wildcard,static,full-scan,full-scan,prefix_saw,Saw%,0,2528312,41409377,41409377,2528312,2528312,0,0,0,748959929,0,2302,424,9740675,9741099,2528312,2526814,131,3.85280732757666,3.8526396267549257,0.23523896531937682,
job_title_title,title.title,benchmarks/job/../../data/job/title__title.csv,job-csv,utf8,NaiveVectorizedV2Wildcard,static,full-scan,full-scan,prefix_saw,Saw%,1,2528312,41409377,41409377,2528312,2528312,0,0,0,748959929,0,2302,118,9693084,9693202,2528312,2526814,131,3.8338630675328047,3.833816396077699,0.23408229493527516,
job_title_title,title.title,benchmarks/job/../../data/job/title__title.csv,job-csv,utf8,NaiveVectorizedV2Wildcard,static,full-scan,full-scan,prefix_saw,Saw%,2,2528312,41409377,41409377,2528312,2528312,0,0,0,748959929,0,2302,98,9733809,9733907,2528312,2526814,131,3.849962741940077,3.8499239809010914,0.23506528485082015,
job_title_title,title.title,benchmarks/job/../../data/job/title__title.csv,job-csv,utf8,NaiveVectorizedV2Wildcard,static,full-scan,full-scan,prefix_saw,Saw%,3,2528312,41409377,41409377,2528312,2528312,0,0,0,748959929,0,2302,196,9815198,9815394,2528312,2526814,131,3.8821925458566824,3.8821150237787108,0.2370331241641235,
job_title_title,title.title,benchmarks/job/../../data/job/title__title.csv,job-csv,utf8,NaiveVectorizedV2Wildcard,static,full-scan,full-scan,prefix_saw,Saw%,4,2528312,41409377,41409377,2528312,2528312,0,0,0,748959929,0,2302,98,9614626,9614724,2528312,2526814,131,3.8028233857213825,3.802784624682397,0.23218712032301284,
job_title_title,title.title,benchmarks/job/../../data/job/title__title.csv,job-csv,utf8,NaiveVectorizedV2Wildcard,static,full-scan,full-scan,prefix_vampire,Vampire%,0,2528312,41409377,41409377,2528312,2528312,0,0,0,748959929,0,3257,531,9064446,9064977,2528312,2317545,284,3.585387009198232,3.585176987650258,0.2189112142401949,
job_title_title,title.title,benchmarks/job/../../data/job/title__title.csv,job-csv,utf8,NaiveVectorizedV2Wildcard,static,full-scan,full-scan,prefix_vampire,Vampire%,1,2528312,41409377,41409377,2528312,2528312,0,0,0,748959929,0,3257,187,9087271,9087458,2528312,2317545,284,3.594278712437389,3.5942047500466714,0.21945411059915246,
job_title_title,title.title,benchmarks/job/../../data/job/title__title.csv,job-csv,utf8,NaiveVectorizedV2Wildcard,static,full-scan,full-scan,prefix_vampire,Vampire%,2,2528312,41409377,41409377,2528312,2528312,0,0,0,748959929,0,3257,98,9365308,9365406,2528312,2317545,284,3.704212929416939,3.7041741683779534,0.2261663101089398,
job_title_title,title.title,benchmarks/job/../../data/job/title__title.csv,job-csv,utf8,NaiveVectorizedV2Wildcard,static,full-scan,full-scan,prefix_vampire,Vampire%,3,2528312,41409377,41409377,2528312,2528312,0,0,0,748959929,0,3257,78,9298417,9298495,2528312,2317545,284,3.677748236768247,3.677717386145381,0.2245504683637235,
job_title_title,title.title,benchmarks/job/../../data/job/title__title.csv,job-csv,utf8,NaiveVectorizedV2Wildcard,static,full-scan,full-scan,prefix_vampire,Vampire%,4,2528312,41409377,41409377,2528312,2528312,0,0,0,748959929,0,3257,39,8980769,8980808,2528312,2317545,284,3.552096418479998,3.552080993168565,0.21687860698797762,
job_title_title,title.title,benchmarks/job/../../data/job/title__title.csv,job-csv,utf8,NaiveWildcard,static,full-scan,full-scan,contains_champion,%Champion%,0,2528312,41409377,41409377,2528312,2528312,0,0,0,748959929,0,3040,423,33695227,33695650,2528312,2138136,1870,13.327330645901297,13.32716334060037,0.8137202836932321,
job_title_title,title.title,benchmarks/job/../../data/job/title__title.csv,job-csv,utf8,NaiveWildcard,static,full-scan,full-scan,contains_champion,%Champion%,1,2528312,41409377,41409377,2528312,2528312,0,0,0,748959929,0,3040,374,33211121,33211495,2528312,2138136,1870,13.135837270083755,13.135689345302321,0.8020283666668059,
job_title_title,title.title,benchmarks/job/../../data/job/title__title.csv,job-csv,utf8,NaiveWildcard,static,full-scan,full-scan,contains_champion,%Champion%,2,2528312,41409377,41409377,2528312,2528312,0,0,0,748959929,0,3040,98,33666253,33666351,2528312,2138136,1870,13.315742281806992,13.315703520768006,0.8130127386364687,
job_title_title,title.title,benchmarks/job/../../data/job/title__title.csv,job-csv,utf8,NaiveWildcard,static,full-scan,full-scan,contains_champion,%Champion%,3,2528312,41409377,41409377,2528312,2528312,0,0,0,748959929,0,3040,108,33525610,33525718,2528312,2138136,1870,13.260119004300103,13.260076288053057,0.8096165754920679,
job_title_title,title.title,benchmarks/job/../../data/job/title__title.csv,job-csv,utf8,NaiveWildcard,static,full-scan,full-scan,contains_champion,%Champion%,4,2528312,41409377,41409377,2528312,2528312,0,0,0,748959929,0,3040,99,33867776,33867875,2528312,2138136,1870,13.395449216710595,13.395410060150803,0.8178793658257645,
job_title_title,title.title,benchmarks/job/../../data/job/title__title.csv,job-csv,utf8,NaiveWildcard,static,full-scan,full-scan,contains_freddy,%Freddy%,0,2528312,41409377,41409377,2528312,2528312,0,0,0,748959929,0,2037,925,35881370,35882295,2528312,2471557,146,14.192194238685731,14.191828381940203,0.8665258354406057,
job_title_title,title.title,benchmarks/job/../../data/job/title__title.csv,job-csv,utf8,NaiveWildcard,static,full-scan,full-scan,contains_freddy,%Freddy%,1,2528312,41409377,41409377,2528312,2528312,0,0,0,748959929,0,2037,98,35433323,35433421,2528312,2471557,146,14.014655232423847,14.01461647138486,0.8556859235047173,
job_title_title,title.title,benchmarks/job/../../data/job/title__title.csv,job-csv,utf8,NaiveWildcard,static,full-scan,full-scan,contains_freddy,%Freddy%,2,2528312,41409377,41409377,2528312,2528312,0,0,0,748959929,0,2037,108,35574704,35574812,2528312,2471557,146,14.070578314701667,14.07053559845462,0.8591003916818164,
job_title_title,title.title,benchmarks/job/../../data/job/title__title.csv,job-csv,utf8,NaiveWildcard,static,full-scan,full-scan,contains_freddy,%Freddy%,3,2528312,41409377,41409377,2528312,2528312,0,0,0,748959929,0,2037,98,35850811,35850909,2528312,2471557,146,14.179780422669355,14.179741661630368,0.865767891171123,
job_title_title,title.title,benchmarks/job/../../data/job/title__title.csv,job-csv,utf8,NaiveWildcard,static,full-scan,full-scan,contains_freddy,%Freddy%,4,2528312,41409377,41409377,2528312,2528312,0,0,0,748959929,0,2037,99,35620581,35620680,2528312,2471557,146,14.088720063030197,14.088680906470405,0.8602080635021386,
job_title_title,title.title,benchmarks/job/../../data/job/title__title.csv,job-csv,utf8,NaiveWildcard,static,full-scan,full-scan,contains_jason,%Jason%,0,2528312,41409377,41409377,2528312,2528312,0,0,0,748959929,0,2863,591,40993321,40993912,2528312,2502331,482,16.213945114368798,16.213711361572464,0.9899668860026559,
job_title_title,title.title,benchmarks/job/../../data/job/title__title.csv,job-csv,utf8,NaiveWildcard,static,full-scan,full-scan,contains_jason,%Jason%,1,2528312,41409377,41409377,2528312,2528312,0,0,0,748959929,0,2863,118,44983459,44983577,2528312,2502331,482,17.79194063074494,17.791893959289833,1.0863137834698648,
job_title_title,title.title,benchmarks/job/../../data/job/title__title.csv,job-csv,utf8,NaiveWildcard,static,full-scan,full-scan,contains_jason,%Jason%,2,2528312,41409377,41409377,2528312,2528312,0,0,0,748959929,0,2863,108,36342494,36342602,2528312,2502331,482,14.374255234322346,14.3742125180753,0.8776418442615063,
job_title_title,title.title,benchmarks/job/../../data/job/title__title.csv,job-csv,utf8,NaiveWildcard,static,full-scan,full-scan,contains_jason,%Jason%,3,2528312,41409377,41409377,2528312,2528312,0,0,0,748959929,0,2863,118,36247215,36247333,2528312,2502331,482,14.336574362657773,14.336527691202669,0.8753411817811217,
job_title_title,title.title,benchmarks/job/../../data/job/title__title.csv,job-csv,utf8,NaiveWildcard,static,full-scan,full-scan,contains_jason,%Jason%,4,2528312,41409377,41409377,2528312,2528312,0,0,0,748959929,0,2863,98,36381130,36381228,2528312,2502331,482,14.389532620973993,14.389493859935008,0.8785746281572892,
job_title_title,title.title,benchmarks/job/../../data/job/title__title.csv,job-csv,utf8,NaiveWildcard,static,full-scan,full-scan,contains_kung_fu_panda,%Kung%Fu%Panda%,0,2528312,41409377,41409377,2528312,2528312,0,0,0,748959929,0,2066,511,38558980,38559491,2528312,1799921,20,15.251080958362733,15.25087884723088,0.9311777619837168,
job_title_title,title.title,benchmarks/job/../../data/job/title__title.csv,job-csv,utf8,NaiveWildcard,static,full-scan,full-scan,contains_kung_fu_panda,%Kung%Fu%Panda%,1,2528312,41409377,41409377,2528312,2528312,0,0,0,748959929,0,2066,108,39661950,39662058,2528312,1799921,20,15.6871691468458,15.687126430598756,0.9578037843940517,
job_title_title,title.title,benchmarks/job/../../data/job/title__title.csv,job-csv,utf8,NaiveWildcard,static,full-scan,full-scan,contains_kung_fu_panda,%Kung%Fu%Panda%,2,2528312,41409377,41409377,2528312,2528312,0,0,0,748959929,0,2066,108,38246448,38246556,2528312,1799921,20,15.127308654944486,15.12726593869744,0.9236206572245702,
job_title_title,title.title,benchmarks/job/../../data/job/title__title.csv,job-csv,utf8,NaiveWildcard,static,full-scan,full-scan,contains_kung_fu_panda,%Kung%Fu%Panda%,3,2528312,41409377,41409377,2528312,2528312,0,0,0,748959929,0,2066,99,38745283,38745382,2528312,1799921,20,15.324604716506506,15.324565559946716,0.9356668659854506,
job_title_title,title.title,benchmarks/job/../../data/job/title__title.csv,job-csv,utf8,NaiveWildcard,static,full-scan,full-scan,contains_kung_fu_panda,%Kung%Fu%Panda%,4,2528312,41409377,41409377,2528312,2528312,0,0,0,748959929,0,2066,108,39133344,39133452,2528312,1799921,20,15.478094475681798,15.478051759434754,0.945038414849854,
job_title_title,title.title,benchmarks/job/../../data/job/title__title.csv,job-csv,utf8,NaiveWildcard,static,full-scan,full-scan,contains_loser,%Loser%,0,2528312,41409377,41409377,2528312,2528312,0,0,0,748959929,0,1987,561,37311093,37311654,2528312,2502331,349,14.757535462395463,14.75731357522331,0.9010435969611424,
job_title_title,title.title,benchmarks/job/../../data/job/title__title.csv,job-csv,utf8,NaiveWildcard,static,full-scan,full-scan,contains_loser,%Loser%,1,2528312,41409377,41409377,2528312,2528312,0,0,0,748959929,0,1987,89,37842102,37842191,2528312,2502331,349,14.967373884235807,14.967338682884074,0.9138555984553933,
job_title_title,title.title,benchmarks/job/../../data/job/title__title.csv,job-csv,utf8,NaiveWildcard,static,full-scan,full-scan,contains_loser,%Loser%,2,2528312,41409377,41409377,2528312,2528312,0,0,0,748959929,0,1987,109,37243998,37244107,2528312,2502331,349,14.73081921851417,14.730776106746319,0.8994123963758257,
job_title_title,title.title,benchmarks/job/../../data/job/title__title.csv,job-csv,utf8,NaiveWildcard,static,full-scan,full-scan,contains_loser,%Loser%,3,2528312,41409377,41409377,2528312,2528312,0,0,0,748959929,0,1987,98,37261232,37261330,2528312,2502331,349,14.737631273355504,14.737592512316517,0.8998283166636387,
job_title_title,title.title,benchmarks/job/../../data/job/title__title.csv,job-csv,utf8,NaiveWildcard,static,full-scan,full-scan,contains_loser,%Loser%,4,2528312,41409377,41409377,2528312,2528312,0,0,0,748959929,0,1987,108,36864008,36864116,2528312,2502331,349,14.580524871930363,14.580482155683317,0.8902359482491128,
job_title_title,title.title,benchmarks/job/../../data/job/title__title.csv,job-csv,utf8,NaiveWildcard,static,full-scan,full-scan,contains_money,%Money%,0,2528312,41409377,41409377,2528312,2528312,0,0,0,748959929,0,2745,305,37522460,37522765,2528312,2502331,2286,14.841034255265964,14.84091362142014,0.9061417417605679,
job_title_title,title.title,benchmarks/job/../../data/job/title__title.csv,job-csv,utf8,NaiveWildcard,static,full-scan,full-scan,contains_money,%Money%,1,2528312,41409377,41409377,2528312,2528312,0,0,0,748959929,0,2745,108,37391715,37391823,2528312,2502331,2286,14.789243969889792,14.789201253642746,0.9029796077347408,
job_title_title,title.title,benchmarks/job/../../data/job/title__title.csv,job-csv,utf8,NaiveWildcard,static,full-scan,full-scan,contains_money,%Money%,2,2528312,41409377,41409377,2528312,2528312,0,0,0,748959929,0,2745,98,38014729,38014827,2528312,2502331,2286,15.035655014096362,15.035616253057375,0.9180246058761039,
job_title_title,title.title,benchmarks/job/../../data/job/title__title.csv,job-csv,utf8,NaiveWildcard,static,full-scan,full-scan,contains_money,%Money%,3,2528312,41409377,41409377,2528312,2528312,0,0,0,748959929,0,2745,109,37224616,37224725,2528312,2502331,2286,14.723153234252734,14.723110122484883,0.8989443381386781,
job_title_title,title.title,benchmarks/job/../../data/job/title__title.csv,job-csv,utf8,NaiveWildcard,static,full-scan,full-scan,contains_money,%Money%,4,2528312,41409377,41409377,2528312,2528312,0,0,0,748959929,0,2745,108,38332259,38332367,2528312,2502331,2286,15.161248690826133,15.161205974579087,0.9256929173312605,
job_title_title,title.title,benchmarks/job/../../data/job/title__title.csv,job-csv,utf8,NaiveWildcard,static,full-scan,full-scan,contains_mord,%Mord%,0,2528312,41409377,41409377,2528312,2528312,0,0,0,748959929,0,4712,502,40040475,40040977,2528312,2520211,637,15.837039495125602,15.836840943681002,0.9669543446644947,
job_title_title,title.title,benchmarks/job/../../data/job/title__title.csv,job-csv,utf8,NaiveWildcard,static,full-scan,full-scan,contains_mord,%Mord%,1,2528312,41409377,41409377,2528312,2528312,0,0,0,748959929,0,4712,118,38922819,38922937,2528312,2520211,637,15.39483141321166,15.394784741756556,0.9399546629257426,
job_title_title,title.title,benchmarks/job/../../data/job/title__title.csv,job-csv,utf8,NaiveWildcard,static,full-scan,full-scan,contains_mord,%Mord%,2,2528312,41409377,41409377,2528312,2528312,0,0,0,748959929,0,4712,118,38804420,38804538,2528312,2520211,637,15.348002145304852,15.347955473849746,0.9370954313077446,
job_title_title,title.title,benchmarks/job/../../data/job/title__title.csv,job-csv,utf8,NaiveWildcard,static,full-scan,full-scan,contains_mord,%Mord%,3,2528312,41409377,41409377,2528312,2528312,0,0,0,748959929,0,4712,108,38897740,38897848,2528312,2520211,637,15.384908191710517,15.38486547546347,0.9393487856627256,
job_title_title,title.title,benchmarks/job/../../data/job/title__title.csv,job-csv,utf8,NaiveWildcard,static,full-scan,full-scan,contains_mord,%Mord%,4,2528312,41409377,41409377,2528312,2528312,0,0,0,748959929,0,4712,128,44659576,44659704,2528312,2520211,637,17.66384212075092,17.663791494087754,1.0784925356399349,
job_title_title,title.title,benchmarks/job/../../data/job/title__title.csv,job-csv,utf8,NaiveWildcard,static,full-scan,full-scan,contains_movie,%Movie%,0,2528312,41409377,41409377,2528312,2528312,0,0,0,748959929,0,2154,520,38349305,38349825,2528312,2502331,3638,15.168153693056869,15.167948022237761,0.9261145126621925,
job_title_title,title.title,benchmarks/job/../../data/job/title__title.csv,job-csv,utf8,NaiveWildcard,static,full-scan,full-scan,contains_movie,%Movie%,1,2528312,41409377,41409377,2528312,2528312,0,0,0,748959929,0,2154,110,37937159,37937269,2528312,2502331,3638,15.004979211426438,15.00493570413778,0.9161516484539238,
job_title_title,title.title,benchmarks/job/../../data/job/title__title.csv,job-csv,utf8,NaiveWildcard,static,full-scan,full-scan,contains_movie,%Movie%,2,2528312,41409377,41409377,2528312,2528312,0,0,0,748959929,0,2154,110,37808901,37809011,2528312,2502331,3638,14.954250503893507,14.95420699660485,0.9130543306652501,
job_title_title,title.title,benchmarks/job/../../data/job/title__title.csv,job-csv,utf8,NaiveWildcard,static,full-scan,full-scan,contains_movie,%Movie%,3,2528312,41409377,41409377,2528312,2528312,0,0,0,748959929,0,2154,151,38745284,38745435,2528312,2502331,3638,15.324625679109223,15.324565955467522,0.9356681458887923,
job_title_title,title.title,benchmarks/job/../../data/job/title__title.csv,job-csv,utf8,NaiveWildcard,static,full-scan,full-scan,contains_movie,%Movie%,4,2528312,41409377,41409377,2528312,2528312,0,0,0,748959929,0,2154,100,38365568,38365668,2528312,2502331,3638,15.174419929185955,15.174380377105358,0.926497107164882,
job_title_title,title.title,benchmarks/job/../../data/job/title__title.csv,job-csv,utf8,NaiveWildcard,static,full-scan,full-scan,contains_murder_upper,%Murder%,0,2528312,41409377,41409377,2528312,2528312,0,0,0,748959929,0,2661,410,37233950,37234360,2528312,2471557,3622,14.726964077218318,14.726801913687869,0.8991770149065512,
job_title_title,title.title,benchmarks/job/../../data/job/title__title.csv,job-csv,utf8,NaiveWildcard,static,full-scan,full-scan,contains_murder_upper,%Murder%,1,2528312,41409377,41409377,2528312,2528312,0,0,0,748959929,0,2661,130,37256264,37256394,2528312,2471557,3622,14.735678982657204,14.735627564952427,0.8997091166090231,
job_title_title,title.title,benchmarks/job/../../data/job/title__title.csv,job-csv,utf8,NaiveWildcard,static,full-scan,full-scan,contains_murder_upper,%Murder%,2,2528312,41409377,41409377,2528312,2528312,0,0,0,748959929,0,2661,100,37156134,37156234,2528312,2471557,3622,14.6960636187306,14.696024066650002,0.8972903407844074,
job_title_title,title.title,benchmarks/job/../../data/job/title__title.csv,job-csv,utf8,NaiveWildcard,static,full-scan,full-scan,contains_murder_upper,%Murder%,3,2528312,41409377,41409377,2528312,2528312,0,0,0,748959929,0,2661,100,37638939,37639039,2528312,2471557,3622,14.887023041460074,14.886983489379475,0.9089496564992997,
job_title_title,title.title,benchmarks/job/../../data/job/title__title.csv,job-csv,utf8,NaiveWildcard,static,full-scan,full-scan,contains_murder_upper,%Murder%,4,2528312,41409377,41409377,2528312,2528312,0,0,0,748959929,0,2661,100,37606270,37606370,2528312,2471557,3622,14.874101772249627,14.87406222016903,0.9081607289092999,
job_title_title,title.title,benchmarks/job/../../data/job/title__title.csv,job-csv,utf8,NaiveWildcard,static,full-scan,full-scan,contains_murder_lower,%murder%,0,2528312,41409377,41409377,2528312,2528312,0,0,0,748959929,0,2171,730,37293545,37294275,2528312,2471557,7,14.7506617063084,14.750372976120035,0.9006239094106632,
job_title_title,title.title,benchmarks/job/../../data/job/title__title.csv,job-csv,utf8,NaiveWildcard,static,full-scan,full-scan,contains_murder_lower,%murder%,1,2528312,41409377,41409377,2528312,2528312,0,0,0,748959929,0,2171,110,37807889,37807999,2528312,2471557,7,14.953850236837859,14.953806729549202,0.9130298917561595,
job_title_title,title.title,benchmarks/job/../../data/job/title__title.csv,job-csv,utf8,NaiveWildcard,static,full-scan,full-scan,contains_murder_lower,%murder%,2,2528312,41409377,41409377,2528312,2528312,0,0,0,748959929,0,2171,110,37657872,37657982,2528312,2471557,7,14.894515392087685,14.894471884799028,0.9094071132729188,
job_title_title,title.title,benchmarks/job/../../data/job/title__title.csv,job-csv,utf8,NaiveWildcard,static,full-scan,full-scan,contains_murder_lower,%murder%,3,2528312,41409377,41409377,2528312,2528312,0,0,0,748959929,0,2171,110,37326191,37326301,2528312,2471557,7,14.763328655640601,14.763285148351944,0.9013973091167249,
job_title_title,title.title,benchmarks/job/../../data/job/title__title.csv,job-csv,utf8,NaiveWildcard,static,full-scan,full-scan,contains_murder_lower,%murder%,4,2528312,41409377,41409377,2528312,2528312,0,0,0,748959929,0,2171,110,38335626,38335736,2528312,2471557,7,15.162581200421467,15.16253769313281,0.9257742757153772,
job_title_title,title.title,benchmarks/job/../../data/job/title__title.csv,job-csv,utf8,NaiveWildcard,static,full-scan,full-scan,prefix_birdemic,Birdemic%,0,2528312,41409377,41409377,2528312,2528312,0,0,0,748959929,0,2471,671,10700034,10700705,2528312,2138136,8,4.232351466116524,4.232086071655713,0.2584126054347545,
job_title_title,title.title,benchmarks/job/../../data/job/title__title.csv,job-csv,utf8,NaiveWildcard,static,full-scan,full-scan,prefix_birdemic,Birdemic%,1,2528312,41409377,41409377,2528312,2528312,0,0,0,748959929,0,2471,110,10212556,10212666,2528312,2138136,8,4.039321887488569,4.039278380199912,0.2466268932275895,
job_title_title,title.title,benchmarks/job/../../data/job/title__title.csv,job-csv,utf8,NaiveWildcard,static,full-scan,full-scan,prefix_birdemic,Birdemic%,2,2528312,41409377,41409377,2528312,2528312,0,0,0,748959929,0,2471,100,10107741,10107841,2528312,2138136,8,3.9978614190020854,3.9978218669214876,0.2440954617597845,
job_title_title,title.title,benchmarks/job/../../data/job/title__title.csv,job-csv,utf8,NaiveWildcard,static,full-scan,full-scan,prefix_birdemic,Birdemic%,3,2528312,41409377,41409377,2528312,2528312,0,0,0,748959929,0,2471,110,10154133,10154243,2528312,2138136,8,4.016214375441006,4.016170868152348,0.24521602921000235,
job_title_title,title.title,benchmarks/job/../../data/job/title__title.csv,job-csv,utf8,NaiveWildcard,static,full-scan,full-scan,prefix_birdemic,Birdemic%,4,2528312,41409377,41409377,2528312,2528312,0,0,0,748959929,0,2471,100,10202334,10202434,2528312,2138136,8,4.035274918601818,4.035235366521221,0.2463797994352825,
job_title_title,title.title,benchmarks/job/../../data/job/title__title.csv,job-csv,utf8,NaiveWildcard,static,full-scan,full-scan,prefix_champion,Champion%,0,2528312,41409377,41409377,2528312,2528312,0,0,0,748959929,0,3400,550,10284874,10285424,2528312,2138136,222,4.068099190289806,4.067881653846519,0.2483839348754269,
job_title_title,title.title,benchmarks/job/../../data/job/title__title.csv,job-csv,utf8,NaiveWildcard,static,full-scan,full-scan,prefix_champion,Champion%,1,2528312,41409377,41409377,2528312,2528312,0,0,0,748959929,0,3400,100,10323875,10323975,2528312,2138136,222,4.083346912881005,4.083307360800408,0.24931490758723562,
job_title_title,title.title,benchmarks/job/../../data/job/title__title.csv,job-csv,utf8,NaiveWildcard,static,full-scan,full-scan,prefix_champion,Champion%,2,2528312,41409377,41409377,2528312,2528312,0,0,0,748959929,0,3400,110,9853310,9853420,2528312,2138136,222,3.897232620024744,3.8971891127360863,0.2379514185881135,
job_title_title,title.title,benchmarks/job/../../data/job/title__title.csv,job-csv,utf8,NaiveWildcard,static,full-scan,full-scan,prefix_champion,Champion%,3,2528312,41409377,41409377,2528312,2528312,0,0,0,748959929,0,3400,120,10170496,10170616,2528312,2138136,222,4.022690237597258,4.022642775100541,0.24561142274610892,
job_title_title,title.title,benchmarks/job/../../data/job/title__title.csv,job-csv,utf8,NaiveWildcard,static,full-scan,full-scan,prefix_champion,Champion%,4,2528312,41409377,41409377,2528312,2528312,0,0,0,748959929,0,3400,110,10065321,10065431,2528312,2138136,222,3.9810873816206227,3.981043874331965,0.24307129759522825,
job_title_title,title.title,benchmarks/job/../../data/job/title__title.csv,job-csv,utf8,NaiveWildcard,static,full-scan,full-scan,prefix_dragon_ball_z,Dragon Ball Z%,0,2528312,41409377,41409377,2528312,2528312,0,0,0,748959929,0,2441,950,10429389,10430339,2528312,1303963,25,4.125416087887888,4.12504034312221,0.2518835045501892,
job_title_title,title.title,benchmarks/job/../../data/job/title__title.csv,job-csv,utf8,NaiveWildcard,static,full-scan,full-scan,prefix_dragon_ball_z,Dragon Ball Z%,1,2528312,41409377,41409377,2528312,2528312,0,0,0,748959929,0,2441,110,10402492,10402602,2528312,1303963,25,4.114445527292518,4.11440202000386,0.2512136804183265,
job_title_title,title.title,benchmarks/job/../../data/job/title__title.csv,job-csv,utf8,NaiveWildcard,static,full-scan,full-scan,prefix_dragon_ball_z,Dragon Ball Z%,2,2528312,41409377,41409377,2528312,2528312,0,0,0,748959929,0,2441,100,10413494,10413594,2528312,1303963,25,4.118793091991811,4.118753539911213,0.2514791275415711,
job_title_title,title.title,benchmarks/job/../../data/job/title__title.csv,job-csv,utf8,NaiveWildcard,static,full-scan,full-scan,prefix_dragon_ball_z,Dragon Ball Z%,3,2528312,41409377,41409377,2528312,2528312,0,0,0,748959929,0,2441,100,10471051,10471151,2528312,1303963,25,4.141558083021399,4.141518530940802,0.2528690784215372,
job_title_title,title.title,benchmarks/job/../../data/job/title__title.csv,job-csv,utf8,NaiveWildcard,static,full-scan,full-scan,prefix_dragon_ball_z,Dragon Ball Z%,4,2528312,41409377,41409377,2528312,2528312,0,0,0,748959929,0,2441,90,10564552,10564642,2528312,1303963,25,4.178535718692946,4.1785001218204085,0.2551268037671757,
job_title_title,title.title,benchmarks/job/../../data/job/title__title.csv,job-csv,utf8,NaiveWildcard,static,full-scan,full-scan,prefix_kung_fu_panda,Kung Fu Panda%,0,2528312,41409377,41409377,2528312,2528312,0,0,0,748959929,0,2070,810,10140028,10140838,2528312,1303963,15,4.010912419036891,4.01059204718405,0.24489231026103098,
job_title_title,title.title,benchmarks/job/../../data/job/title__title.csv,job-csv,utf8,NaiveWildcard,static,full-scan,full-scan,prefix_kung_fu_panda,Kung Fu Panda%,1,2528312,41409377,41409377,2528312,2528312,0,0,0,748959929,0,2070,100,9983021,9983121,2528312,1303963,15,3.948532064080699,3.9484925120001013,0.24108358355644907,
job_title_title,title.title,benchmarks/job/../../data/job/title__title.csv,job-csv,utf8,NaiveWildcard,static,full-scan,full-scan,prefix_kung_fu_panda,Kung Fu Panda%,2,2528312,41409377,41409377,2528312,2528312,0,0,0,748959929,0,2070,110,10057070,10057180,2528312,1303963,15,3.977823939450511,3.9777804321618535,0.24287204320895725,
job_title_title,title.title,benchmarks/job/../../data/job/title__title.csv,job-csv,utf8,NaiveWildcard,static,full-scan,full-scan,prefix_kung_fu_panda,Kung Fu Panda%,3,2528312,41409377,41409377,2528312,2528312,0,0,0,748959929,0,2070,100,10205914,10206014,2528312,1303963,15,4.036690883087214,4.036651331006616,0.24646625328364635,
job_title_title,title.title,benchmarks/job/../../data/job/title__title.csv,job-csv,utf8,NaiveWildcard,static,full-scan,full-scan,prefix_kung_fu_panda,Kung Fu Panda%,4,2528312,41409377,41409377,2528312,2528312,0,0,0,748959929,0,2070,120,10235282,10235402,2528312,1303963,15,4.048314448533251,4.048266986036533,0.24717594761205897,
job_title_title,title.title,benchmarks/job/../../data/job/title__title.csv,job-csv,utf8,NaiveWildcard,static,full-scan,full-scan,prefix_loser,Loser%,0,2528312,41409377,41409377,2528312,2528312,0,0,0,748959929,0,1401,580,9678838,9679418,2528312,2502331,72,3.828411208743225,3.8281818066757585,0.23374942346995464,
job_title_title,title.title,benchmarks/job/../../data/job/title__title.csv,job-csv,utf8,NaiveWildcard,static,full-scan,full-scan,prefix_loser,Loser%,1,2528312,41409377,41409377,2528312,2528312,0,0,0,748959929,0,1401,40,9425666,9425706,2528312,2502331,72,3.7280628340173205,3.7280470131850816,0.22762250202411885,
job_title_title,title.title,benchmarks/job/../../data/job/title__title.csv,job-csv,utf8,NaiveWildcard,static,full-scan,full-scan,prefix_loser,Loser%,2,2528312,41409377,41409377,2528312,2528312,0,0,0,748959929,0,1401,80,9560448,9560528,2528312,2502331,72,3.7813877401206812,3.7813560984562034,0.23087833463420615,
job_title_title,title.title,benchmarks/job/../../data/job/title__title.csv,job-csv,utf8,NaiveWildcard,static,full-scan,full-scan,prefix_loser,Loser%,3,2528312,41409377,41409377,2528312,2528312,0,0,0,748959929,0,1401,80,9413732,9413812,2528312,2502331,72,3.7233585095510366,3.7233268678865583,0.22733527239494572,
job_title_title,title.title,benchmarks/job/../../data/job/title__title.csv,job-csv,utf8,NaiveWildcard,static,full-scan,full-scan,prefix_loser,Loser%,4,2528312,41409377,41409377,2528312,2528312,0,0,0,748959929,0,1401,80,9605400,9605480,2528312,2502331,72,3.7991671913909357,3.799135549726458,0.2319638858609247,
job_title_title,title.title,benchmarks/job/../../data/job/title__title.csv,job-csv,utf8,NaiveWildcard,static,full-scan,full-scan,prefix_one_piece,One Piece%,0,2528312,41409377,41409377,2528312,2528312,0,0,0,748959929,0,2531,400,9798636,9799036,2528312,2000434,14,3.875722616512519,3.8755644081901286,0.23663809286481174,
job_title_title,title.title,benchmarks/job/../../data/job/title__title.csv,job-csv,utf8,NaiveWildcard,static,full-scan,full-scan,prefix_one_piece,One Piece%,1,2528312,41409377,41409377,2528312,2528312,0,0,0,748959929,0,2531,80,10328755,10328835,2528312,2000434,14,4.085269143998051,4.085237502333573,0.2494322723087575,
job_title_title,title.title,benchmarks/job/../../data/job/title__title.csv,job-csv,utf8,NaiveWildcard,static,full-scan,full-scan,prefix_one_piece,One Piece%,2,2528312,41409377,41409377,2528312,2528312,0,0,0,748959929,0,2531,100,9876425,9876525,2528312,2000434,14,3.90637112824683,3.9063315761662327,0.23850938399773558,
job_title_title,title.title,benchmarks/job/../../data/job/title__title.csv,job-csv,utf8,NaiveWildcard,static,full-scan,full-scan,prefix_one_piece,One Piece%,3,2528312,41409377,41409377,2528312,2528312,0,0,0,748959929,0,2531,40,9611432,9611472,2528312,2000434,14,3.801537152060347,3.8015213312281078,0.2321085873858957,
job_title_title,title.title,benchmarks/job/../../data/job/title__title.csv,job-csv,utf8,NaiveWildcard,static,full-scan,full-scan,prefix_one_piece,One Piece%,4,2528312,41409377,41409377,2528312,2528312,0,0,0,748959929,0,2531,80,10734614,10734694,2528312,2000434,14,4.245794822790858,4.24576318112638,0.2592334098626985,
job_title_title,title.title,benchmarks/job/../../data/job/title__title.csv,job-csv,utf8,NaiveWildcard,static,full-scan,full-scan,prefix_saw,Saw%,0,2528312,41409377,41409377,2528312,2528312,0,0,0,748959929,0,2201,450,9648739,9649189,2528312,2526814,131,3.8164550102993617,3.8162770259366723,0.23301941973191242,
job_title_title,title.title,benchmarks/job/../../data/job/title__title.csv,job-csv,utf8,NaiveWildcard,static,full-scan,full-scan,prefix_saw,Saw%,1,2528312,41409377,41409377,2528312,2528312,0,0,0,748959929,0,2201,100,9591927,9592027,2528312,2526814,131,3.7938462499881345,3.7938066979075367,0.23163900775420987,
job_title_title,title.title,benchmarks/job/../../data/job/title__title.csv,job-csv,utf8,NaiveWildcard,static,full-scan,full-scan,prefix_saw,Saw%,2,2528312,41409377,41409377,2528312,2528312,0,0,0,748959929,0,2201,30,9378795,9378825,2528312,2526814,131,3.7095204231123375,3.709508557488158,0.22649036714558637,
job_title_title,title.title,benchmarks/job/../../data/job/title__title.csv,job-csv,utf8,NaiveWildcard,static,full-scan,full-scan,prefix_saw,Saw%,3,2528312,41409377,41409377,2528312,2528312,0,0,0,748959929,0,2201,40,9583874,9583914,2528312,2526814,131,3.7906373896892473,3.790621568857008,0.23144308594645122,
job_title_title,title.title,benchmarks/job/../../data/job/title__title.csv,job-csv,utf8,NaiveWildcard,static,full-scan,full-scan,prefix_saw,Saw%,4,2528312,41409377,41409377,2528312,2528312,0,0,0,748959929,0,2201,90,9560948,9561038,2528312,2526814,131,3.781589455731729,3.7815538588591915,0.23089065068523007,
job_title_title,title.title,benchmarks/job/../../data/job/title__title.csv,job-csv,utf8,NaiveWildcard,static,full-scan,full-scan,prefix_vampire,Vampire%,0,2528312,41409377,41409377,2528312,2528312,0,0,0,748959929,0,2620,710,8972717,8973427,2528312,2317545,284,3.5491770794110855,3.548896259638842,0.21670036233580622,
job_title_title,title.title,benchmarks/job/../../data/job/title__title.csv,job-csv,utf8,NaiveWildcard,static,full-scan,full-scan,prefix_vampire,Vampire%,1,2528312,41409377,41409377,2528312,2528312,0,0,0,748959929,0,2620,80,9119061,9119141,2528312,2317545,284,3.6068099981331416,3.6067783564686637,0.22021922715717263,
job_title_title,title.title,benchmarks/job/../../data/job/title__title.csv,job-csv,utf8,NaiveWildcard,static,full-scan,full-scan,prefix_vampire,Vampire%,2,2528312,41409377,41409377,2528312,2528312,0,0,0,748959929,0,2620,100,8980217,8980317,2528312,2317545,284,3.551902217764263,3.551862665683666,0.21686674977022716,
job_title_title,title.title,benchmarks/job/../../data/job/title__title.csv,job-csv,utf8,NaiveWildcard,static,full-scan,full-scan,prefix_vampire,Vampire%,3,2528312,41409377,41409377,2528312,2528312,0,0,0,748959929,0,2620,80,8895707,8895787,2528312,2317545,284,3.5184688440350715,3.5184372023705937,0.21482542468581453,
job_title_title,title.title,benchmarks/job/../../data/job/title__title.csv,job-csv,utf8,NaiveWildcard,static,full-scan,full-scan,prefix_vampire,Vampire%,4,2528312,41409377,41409377,2528312,2528312,0,0,0,748959929,0,2620,100,8949910,8950010,2528312,2317545,284,3.5399151686975343,3.5398756166169365,0.21613486240085186,
job_title_title,title.title,benchmarks/job/../../data/job/title__title.csv,job-csv,utf8,PairHorspool,static,full-scan,full-scan,contains_champion,%Champion%,0,2528312,41409377,41409377,2528312,2528312,0,0,0,748959929,0,2701,561,27470342,27470903,2528312,2138136,1870,10.865313695461635,10.865091808289483,0.6633981235699344,
job_title_title,title.title,benchmarks/job/../../data/job/title__title.csv,job-csv,utf8,PairHorspool,static,full-scan,full-scan,contains_champion,%Champion%,1,2528312,41409377,41409377,2528312,2528312,0,0,0,748959929,0,2701,130,28033728,28033858,2528312,2138136,1870,11.087974110790125,11.087922693085346,0.6769929912251518,
job_title_title,title.title,benchmarks/job/../../data/job/title__title.csv,job-csv,utf8,PairHorspool,static,full-scan,full-scan,contains_champion,%Champion%,2,2528312,41409377,41409377,2528312,2528312,0,0,0,748959929,0,2701,111,27645235,27645346,2528312,2138136,1870,10.93430953141859,10.934265628609127,0.667610768449861,
job_title_title,title.title,benchmarks/job/../../data/job/title__title.csv,job-csv,utf8,PairHorspool,static,full-scan,full-scan,contains_champion,%Champion%,3,2528312,41409377,41409377,2528312,2528312,0,0,0,748959929,0,2701,110,27400865,27400975,2528312,2138136,1870,10.837655716541313,10.837612209252656,0.6617094239307199,
job_title_title,title.title,benchmarks/job/../../data/job/title__title.csv,job-csv,utf8,PairHorspool,static,full-scan,full-scan,contains_champion,%Champion%,4,2528312,41409377,41409377,2528312,2528312,0,0,0,748959929,0,2701,110,27480064,27480174,2528312,2138136,1870,10.868980568853845,10.868937061565187,0.6636220100582533,
job_title_title,title.title,benchmarks/job/../../data/job/title__title.csv,job-csv,utf8,PairHorspool,static,full-scan,full-scan,contains_freddy,%Freddy%,0,2528312,41409377,41409377,2528312,2528312,0,0,0,748959929,0,4141,600,32120501,32121101,2528312,2471557,146,12.70456375637184,12.704326443888254,0.7756963114900279,
job_title_title,title.title,benchmarks/job/../../data/job/title__title.csv,job-csv,utf8,PairHorspool,static,full-scan,full-scan,contains_freddy,%Freddy%,1,2528312,41409377,41409377,2528312,2528312,0,0,0,748959929,0,4141,110,31672301,31672411,2528312,2471557,146,12.527097525938254,12.527054018649597,0.7648608429921561,
job_title_title,title.title,benchmarks/job/../../data/job/title__title.csv,job-csv,utf8,PairHorspool,static,full-scan,full-scan,contains_freddy,%Freddy%,2,2528312,41409377,41409377,2528312,2528312,0,0,0,748959929,0,4141,120,32328955,32329075,2528312,2471557,146,12.786821800473993,12.786774337977276,0.7807187005010966,
job_title_title,title.title,benchmarks/job/../../data/job/title__title.csv,job-csv,utf8,PairHorspool,static,full-scan,full-scan,contains_freddy,%Freddy%,3,2528312,41409377,41409377,2528312,2528312,0,0,0,748959929,0,4141,160,32370653,32370813,2528312,2471557,146,12.803330047873839,12.803266764544881,0.7817266364572449,
job_title_title,title.title,benchmarks/job/../../data/job/title__title.csv,job-csv,utf8,PairHorspool,static,full-scan,full-scan,contains_freddy,%Freddy%,4,2528312,41409377,41409377,2528312,2528312,0,0,0,748959929,0,4141,100,32287716,32287816,2528312,2471557,146,12.770503007540208,12.77046345545961,0.779722331973263,
job_title_title,title.title,benchmarks/job/../../data/job/title__title.csv,job-csv,utf8,PairHorspool,static,full-scan,full-scan,contains_jason,%Jason%,0,2528312,41409377,41409377,2528312,2528312,0,0,0,748959929,0,3231,620,41046021,41046641,2528312,2502331,482,16.23480053094713,16.234555308047426,0.9912402449329291,
job_title_title,title.title,benchmarks/job/../../data/job/title__title.csv,job-csv,utf8,PairHorspool,static,full-scan,full-scan,contains_jason,%Jason%,1,2528312,41409377,41409377,2528312,2528312,0,0,0,748959929,0,3231,100,33044979,33045079,2528312,2502331,482,13.070016279636373,13.069976727555776,0.7980095667703477,
job_title_title,title.title,benchmarks/job/../../data/job/title__title.csv,job-csv,utf8,PairHorspool,static,full-scan,full-scan,contains_jason,%Jason%,2,2528312,41409377,41409377,2528312,2528312,0,0,0,748959929,0,3231,110,33250758,33250868,2528312,2502331,482,13.151410110777467,13.15136660348881,0.8029791899549709,
job_title_title,title.title,benchmarks/job/../../data/job/title__title.csv,job-csv,utf8,PairHorspool,static,full-scan,full-scan,contains_jason,%Jason%,3,2528312,41409377,41409377,2528312,2528312,0,0,0,748959929,0,3231,110,32975784,32975894,2528312,2502331,482,13.042652172674892,13.042608665386235,0.7963388099270365,
job_title_title,title.title,benchmarks/job/../../data/job/title__title.csv,job-csv,utf8,PairHorspool,static,full-scan,full-scan,contains_jason,%Jason%,4,2528312,41409377,41409377,2528312,2528312,0,0,0,748959929,0,3231,110,33301277,33301387,2528312,2502331,482,13.171391426374592,13.171347919085935,0.8041991793308071,
job_title_title,title.title,benchmarks/job/../../data/job/title__title.csv,job-csv,utf8,PairHorspool,static,full-scan,full-scan,contains_kung_fu_panda,%Kung%Fu%Panda%,0,2528312,41409377,41409377,2528312,2528312,0,0,0,748959929,0,3740,880,35520233,35521113,2528312,1799921,20,14.049339242941535,14.048991184632277,0.8578036081054782,
job_title_title,title.title,benchmarks/job/../../data/job/title__title.csv,job-csv,utf8,PairHorspool,static,full-scan,full-scan,contains_kung_fu_panda,%Kung%Fu%Panda%,1,2528312,41409377,41409377,2528312,2528312,0,0,0,748959929,0,3740,110,36432606,36432716,2528312,1799921,20,14.40989719623211,14.409853688943453,0.8798180180300709,
job_title_title,title.title,benchmarks/job/../../data/job/title__title.csv,job-csv,utf8,PairHorspool,static,full-scan,full-scan,contains_kung_fu_panda,%Kung%Fu%Panda%,2,2528312,41409377,41409377,2528312,2528312,0,0,0,748959929,0,3740,110,36892051,36892161,2528312,1799921,20,14.591617252933974,14.591573745645317,0.8909132103098291,
job_title_title,title.title,benchmarks/job/../../data/job/title__title.csv,job-csv,utf8,PairHorspool,static,full-scan,full-scan,contains_kung_fu_panda,%Kung%Fu%Panda%,3,2528312,41409377,41409377,2528312,2528312,0,0,0,748959929,0,3740,110,37005564,37005674,2528312,1799921,20,14.63651400618278,14.636470498894123,0.8936544493291942,
job_title_title,title.title,benchmarks/job/../../data/job/title__title.csv,job-csv,utf8,PairHorspool,static,full-scan,full-scan,contains_kung_fu_panda,%Kung%Fu%Panda%,4,2528312,41409377,41409377,2528312,2528312,0,0,0,748959929,0,3740,110,37064365,37064475,2528312,1799921,20,14.659771025095004,14.659727517806347,0.8950744417140108,
job_title_title,title.title,benchmarks/job/../../data/job/title__title.csv,job-csv,utf8,PairHorspool,static,full-scan,full-scan,contains_loser,%Loser%,0,2528312,41409377,41409377,2528312,2528312,0,0,0,748959929,0,3001,490,33086687,33087177,2528312,2502331,349,13.086666914526372,13.086473109331443,0.7990261964095717,
job_title_title,title.title,benchmarks/job/../../data/job/title__title.csv,job-csv,utf8,PairHorspool,static,full-scan,full-scan,contains_loser,%Loser%,1,2528312,41409377,41409377,2528312,2528312,0,0,0,748959929,0,3001,100,38175643,38175743,2528312,2502331,349,15.099300640110872,15.099261088030275,0.9219105856144612,
job_title_title,title.title,benchmarks/job/../../data/job/title__title.csv,job-csv,utf8,PairHorspool,static,full-scan,full-scan,contains_loser,%Loser%,2,2528312,41409377,41409377,2528312,2528312,0,0,0,748959929,0,3001,100,32991499,32991599,2528312,2502331,349,13.048863826932752,13.048824274852155,0.7967180718512138,
job_title_title,title.title,benchmarks/job/../../data/job/title__title.csv,job-csv,utf8,PairHorspool,static,full-scan,full-scan,contains_loser,%Loser%,3,2528312,41409377,41409377,2528312,2528312,0,0,0,748959929,0,3001,100,33036188,33036288,2528312,2502331,349,13.066539256231035,13.066499704150438,0.7977972718594631,
job_title_title,title.title,benchmarks/job/../../data/job/title__title.csv,job-csv,utf8,PairHorspool,static,full-scan,full-scan,contains_loser,%Loser%,4,2528312,41409377,41409377,2528312,2528312,0,0,0,748959929,0,3001,110,32852862,32852972,2528312,2502331,349,12.99403396416265,12.993990456873993,0.7933703518408403,
job_title_title,title.title,benchmarks/job/../../data/job/title__title.csv,job-csv,utf8,PairHorspool,static,full-scan,full-scan,contains_money,%Money%,0,2528312,41409377,41409377,2528312,2528312,0,0,0,748959929,0,2871,280,33296817,33297097,2528312,2502331,2286,13.169694642116953,13.16958389629128,0.8040955796074885,
job_title_title,title.title,benchmarks/job/../../data/job/title__title.csv,job-csv,utf8,PairHorspool,static,full-scan,full-scan,contains_money,%Money%,1,2528312,41409377,41409377,2528312,2528312,0,0,0,748959929,0,2871,110,33230795,33230905,2528312,2502331,2286,13.14351432892776,13.143470821639102,0.8024971010793038,
job_title_title,title.title,benchmarks/job/../../data/job/title__title.csv,job-csv,utf8,PairHorspool,static,full-scan,full-scan,contains_money,%Money%,2,2528312,41409377,41409377,2528312,2528312,0,0,0,748959929,0,2871,110,33127423,33127533,2528312,2502331,2286,13.102628552172359,13.102585044883702,0.8000007582823572,
job_title_title,title.title,benchmarks/job/../../data/job/title__title.csv,job-csv,utf8,PairHorspool,static,full-scan,full-scan,contains_money,%Money%,3,2528312,41409377,41409377,2528312,2528312,0,0,0,748959929,0,2871,110,33516578,33516688,2528312,2502331,2286,13.256547451422135,13.256503944133478,0.8093985089415858,
job_title_title,title.title,benchmarks/job/../../data/job/title__title.csv,job-csv,utf8,PairHorspool,static,full-scan,full-scan,contains_money,%Money%,4,2528312,41409377,41409377,2528312,2528312,0,0,0,748959929,0,2871,100,32636093,32636193,2528312,2502331,2286,12.908293359363876,12.908253807283279,0.7881353298312119,
job_title_title,title.title,benchmarks/job/../../data/job/title__title.csv,job-csv,utf8,PairHorspool,static,full-scan,full-scan,contains_mord,%Mord%,0,2528312,41409377,41409377,2528312,2528312,0,0,0,748959929,0,2861,340,34015821,34016161,2528312,2520211,637,13.454099414945624,13.453964937871591,0.8214603421828829,
job_title_title,title.title,benchmarks/job/../../data/job/title__title.csv,job-csv,utf8,PairHorspool,static,full-scan,full-scan,contains_mord,%Mord%,1,2528312,41409377,41409377,2528312,2528312,0,0,0,748959929,0,2861,100,34070396,34070496,2528312,2520211,637,13.475590037938355,13.475550485857758,0.8227724845993215,
job_title_title,title.title,benchmarks/job/../../data/job/title__title.csv,job-csv,utf8,PairHorspool,static,full-scan,full-scan,contains_mord,%Mord%,2,2528312,41409377,41409377,2528312,2528312,0,0,0,748959929,0,2861,100,34691363,34691463,2528312,2520211,637,13.721195406263151,13.721155854182554,0.8377682909839479,
job_title_title,title.title,benchmarks/job/../../data/job/title__title.csv,job-csv,utf8,PairHorspool,static,full-scan,full-scan,contains_mord,%Mord%,3,2528312,41409377,41409377,2528312,2528312,0,0,0,748959929,0,2861,100,34460259,34460359,2528312,2520211,637,13.629788965918763,13.629749413838166,0.8321873328352658,
job_title_title,title.title,benchmarks/job/../../data/job/title__title.csv,job-csv,utf8,PairHorspool,static,full-scan,full-scan,contains_mord,%Mord%,4,2528312,41409377,41409377,2528312,2528312,0,0,0,748959929,0,2861,100,34647387,34647487,2528312,2520211,637,13.70380198329953,13.703762431218932,0.8367063092980124,
job_title_title,title.title,benchmarks/job/../../data/job/title__title.csv,job-csv,utf8,PairHorspool,static,full-scan,full-scan,contains_movie,%Movie%,0,2528312,41409377,41409377,2528312,2528312,0,0,0,748959929,0,3190,270,32933562,32933832,2528312,2502331,3638,13.026015776533908,13.025908985916296,0.7953230496561201,
job_title_title,title.title,benchmarks/job/../../data/job/title__title.csv,job-csv,utf8,PairHorspool,static,full-scan,full-scan,contains_movie,%Movie%,1,2528312,41409377,41409377,2528312,2528312,0,0,0,748959929,0,3190,110,32756616,32756726,2528312,2502331,3638,12.955966668670639,12.955923161381982,0.7910460956705531,
job_title_title,title.title,benchmarks/job/../../data/job/title__title.csv,job-csv,utf8,PairHorspool,static,full-scan,full-scan,contains_movie,%Movie%,2,2528312,41409377,41409377,2528312,2528312,0,0,0,748959929,0,3190,100,32945073,32945173,2528312,2502331,3638,13.030501377994488,13.030461825913891,0.7955969248221242,
job_title_title,title.title,benchmarks/job/../../data/job/title__title.csv,job-csv,utf8,PairHorspool,static,full-scan,full-scan,contains_movie,%Movie%,3,2528312,41409377,41409377,2528312,2528312,0,0,0,748959929,0,3190,110,32515964,32516074,2528312,2502331,3638,12.860783795670788,12.86074028838213,0.7852345617274078,
job_title_title,title.title,benchmarks/job/../../data/job/title__title.csv,job-csv,utf8,PairHorspool,static,full-scan,full-scan,contains_movie,%Movie%,4,2528312,41409377,41409377,2528312,2528312,0,0,0,748959929,0,3190,110,32935851,32935961,2528312,2502331,3638,13.026857840329832,13.026814333041175,0.795374463131865,
job_title_title,title.title,benchmarks/job/../../data/job/title__title.csv,job-csv,utf8,PairHorspool,static,full-scan,full-scan,contains_murder_upper,%Murder%,0,2528312,41409377,41409377,2528312,2528312,0,0,0,748959929,0,2700,500,32610938,32611438,2528312,2471557,3622,12.898502241811928,12.89830448140894,0.7875375183741595,
job_title_title,title.title,benchmarks/job/../../data/job/title__title.csv,job-csv,utf8,PairHorspool,static,full-scan,full-scan,contains_murder_upper,%Murder%,1,2528312,41409377,41409377,2528312,2528312,0,0,0,748959929,0,2700,40,32675366,32675406,2528312,2471557,3622,12.923802916728631,12.923787095896392,0.789082289260232,
job_title_title,title.title,benchmarks/job/../../data/job/title__title.csv,job-csv,utf8,PairHorspool,static,full-scan,full-scan,contains_murder_upper,%Murder%,2,2528312,41409377,41409377,2528312,2528312,0,0,0,748959929,0,2700,110,32791532,32791642,2528312,2471557,3622,12.969776673132113,12.969733165843456,0.791889286332417,
job_title_title,title.title,benchmarks/job/../../data/job/title__title.csv,job-csv,utf8,PairHorspool,static,full-scan,full-scan,contains_murder_upper,%Murder%,3,2528312,41409377,41409377,2528312,2528312,0,0,0,748959929,0,2700,110,33428661,33428771,2528312,2471557,3622,13.221774448723101,13.221730941434442,0.8072753907889028,
job_title_title,title.title,benchmarks/job/../../data/job/title__title.csv,job-csv,utf8,PairHorspool,static,full-scan,full-scan,contains_murder_upper,%Murder%,4,2528312,41409377,41409377,2528312,2528312,0,0,0,748959929,0,2700,110,32432281,32432391,2528312,2471557,3622,12.827685428064258,12.8276419207756,0.7832136909473427,
job_title_title,title.title,benchmarks/job/../../data/job/title__title.csv,job-csv,utf8,PairHorspool,static,full-scan,full-scan,contains_murder_lower,%murder%,0,2528312,41409377,41409377,2528312,2528312,0,0,0,748959929,0,2320,290,32720282,32720572,2528312,2471557,7,12.941667009451365,12.941552308417632,0.7901730083985566,
job_title_title,title.title,benchmarks/job/../../data/job/title__title.csv,job-csv,utf8,PairHorspool,static,full-scan,full-scan,contains_murder_lower,%murder%,1,2528312,41409377,41409377,2528312,2528312,0,0,0,748959929,0,2320,100,32486492,32486592,2528312,2471557,7,12.84912305126899,12.84908349918839,0.7845225973817476,
job_title_title,title.title,benchmarks/job/../../data/job/title__title.csv,job-csv,utf8,PairHorspool,static,full-scan,full-scan,contains_murder_lower,%murder%,2,2528312,41409377,41409377,2528312,2528312,0,0,0,748959929,0,2320,110,32289482,32289592,2528312,2471557,7,12.771205452491623,12.771161945202966,0.7797652208097697,
job_title_title,title.title,benchmarks/job/../../data/job/title__title.csv,job-csv,utf8,PairHorspool,static,full-scan,full-scan,contains_murder_lower,%murder%,3,2528312,41409377,41409377,2528312,2528312,0,0,0,748959929,0,2320,40,31714576,31714616,2528312,2471557,7,12.543790481554492,12.543774660722253,0.7658800565871832,
job_title_title,title.title,benchmarks/job/../../data/job/title__title.csv,job-csv,utf8,PairHorspool,static,full-scan,full-scan,contains_murder_lower,%murder%,4,2528312,41409377,41409377,2528312,2528312,0,0,0,748959929,0,2320,100,32049679,32049779,2528312,2471557,7,12.676354421447986,12.676314869367388,0.7739739479780148,
job_title_title,title.title,benchmarks/job/../../data/job/title__title.csv,job-csv,utf8,PairHorspool,static,full-scan,full-scan,prefix_birdemic,Birdemic%,0,2528312,41409377,41409377,2528312,2528312,0,0,0,748959929,0,2411,500,9068089,9068589,2528312,2138136,8,3.586815630349419,3.586617869946431,0.21899844086038772,
job_title_title,title.title,benchmarks/job/../../data/job/title__title.csv,job-csv,utf8,PairHorspool,static,full-scan,full-scan,prefix_birdemic,Birdemic%,1,2528312,41409377,41409377,2528312,2528312,0,0,0,748959929,0,2411,40,9222801,9222841,2528312,2138136,8,3.6478255057129023,3.6478096848806634,0.22272349086536608,
job_title_title,title.title,benchmarks/job/../../data/job/title__title.csv,job-csv,utf8,PairHorspool,static,full-scan,full-scan,prefix_birdemic,Birdemic%,2,2528312,41409377,41409377,2528312,2528312,0,0,0,748959929,0,2411,90,9136949,9137039,2528312,2138136,8,3.613889029518509,3.613853432645971,0.22065144810075263,
job_title_title,title.title,benchmarks/job/../../data/job/title__title.csv,job-csv,utf8,PairHorspool,static,full-scan,full-scan,prefix_birdemic,Birdemic%,3,2528312,41409377,41409377,2528312,2528312,0,0,0,748959929,0,2411,40,9008741,9008781,2528312,2138136,8,3.5631603219855776,3.5631445011533387,0.21755413031207882,
job_title_title,title.title,benchmarks/job/../../data/job/title__title.csv,job-csv,utf8,PairHorspool,static,full-scan,full-scan,prefix_birdemic,Birdemic%,4,2528312,41409377,41409377,2528312,2528312,0,0,0,748959929,0,2411,90,9039414,9039504,2528312,2138136,8,3.575311907707593,3.575276310835055,0.2182960637152305,
job_title_title,title.title,benchmarks/job/../../data/job/title__title.csv,job-csv,utf8,PairHorspool,static,full-scan,full-scan,prefix_champion,Champion%,0,2528312,41409377,41409377,2528312,2528312,0,0,0,748959929,0,1860,420,9730220,9730640,2528312,2138136,222,3.8486705754669517,3.848504456728442,0.23498638967690821,
job_title_title,title.title,benchmarks/job/../../data/job/title__title.csv,job-csv,utf8,PairHorspool,static,full-scan,full-scan,prefix_champion,Champion%,1,2528312,41409377,41409377,2528312,2528312,0,0,0,748959929,0,1860,40,9142490,9142530,2528312,2138136,222,3.616060834264126,3.6160450134318864,0.22078405091677666,
job_title_title,title.title,benchmarks/job/../../data/job/title__title.csv,job-csv,utf8,PairHorspool,static,full-scan,full-scan,prefix_champion,Champion%,2,2528312,41409377,41409377,2528312,2528312,0,0,0,748959929,0,1860,40,9150101,9150141,2528312,2138136,222,3.6190711431184126,3.6190553222861737,0.22096784986646864,
job_title_title,title.title,benchmarks/job/../../data/job/title__title.csv,job-csv,utf8,PairHorspool,static,full-scan,full-scan,prefix_champion,Champion%,3,2528312,41409377,41409377,2528312,2528312,0,0,0,748959929,0,1860,30,9209899,9209929,2528312,2138136,222,3.6427185410661345,3.642706675441955,0.22241167743238446,
job_title_title,title.title,benchmarks/job/../../data/job/title__title.csv,job-csv,utf8,PairHorspool,static,full-scan,full-scan,prefix_champion,Champion%,4,2528312,41409377,41409377,2528312,2528312,0,0,0,748959929,0,1860,110,9371930,9372040,2528312,2138136,222,3.706836814443787,3.7067933071551296,0.22632651536872916,
job_title_title,title.title,benchmarks/job/../../data/job/title__title.csv,job-csv,utf8,PairHorspool,static,full-scan,full-scan,prefix_dragon_ball_z,Dragon Ball Z%,0,2528312,41409377,41409377,2528312,2528312,0,0,0,748959929,0,2460,350,9957632,9957982,2528312,1303963,25,3.9385890665392562,3.9384506342571646,0.24047649883744932,
job_title_title,title.title,benchmarks/job/../../data/job/title__title.csv,job-csv,utf8,PairHorspool,static,full-scan,full-scan,prefix_dragon_ball_z,Dragon Ball Z%,1,2528312,41409377,41409377,2528312,2528312,0,0,0,748959929,0,2460,40,10060575,10060615,2528312,1303963,25,3.97918255341904,3.979166732586801,0.24295499543497118,
job_title_title,title.title,benchmarks/job/../../data/job/title__title.csv,job-csv,utf8,PairHorspool,static,full-scan,full-scan,prefix_dragon_ball_z,Dragon Ball Z%,2,2528312,41409377,41409377,2528312,2528312,0,0,0,748959929,0,2460,140,10273014,10273154,2528312,1303963,25,4.063246150000475,4.063190777087638,0.2480876251772636,
job_title_title,title.title,benchmarks/job/../../data/job/title__title.csv,job-csv,utf8,PairHorspool,static,full-scan,full-scan,prefix_dragon_ball_z,Dragon Ball Z%,3,2528312,41409377,41409377,2528312,2528312,0,0,0,748959929,0,2460,110,9949731,9949841,2528312,1303963,25,3.9353691316578017,3.935325624369144,0.2402799008543403,
job_title_title,title.title,benchmarks/job/../../data/job/title__title.csv,job-csv,utf8,PairHorspool,static,full-scan,full-scan,prefix_dragon_ball_z,Dragon Ball Z%,4,2528312,41409377,41409377,2528312,2528312,0,0,0,748959929,0,2460,100,9663940,9664040,2528312,1303963,25,3.8223288897889183,3.822289337708321,0.2333780583079045,
job_title_title,title.title,benchmarks/job/../../data/job/title__title.csv,job-csv,utf8,PairHorspool,static,full-scan,full-scan,prefix_kung_fu_panda,Kung Fu Panda%,0,2528312,41409377,41409377,2528312,2528312,0,0,0,748959929,0,2801,400,10073727,10074127,2528312,1303963,15,3.9845268305493944,3.9843686222270036,0.2432812983397456,
job_title_title,title.title,benchmarks/job/../../data/job/title__title.csv,job-csv,utf8,PairHorspool,static,full-scan,full-scan,prefix_kung_fu_panda,Kung Fu Panda%,1,2528312,41409377,41409377,2528312,2528312,0,0,0,748959929,0,2801,220,9739801,9740021,2528312,1303963,15,3.852380956147817,3.8522939415705024,0.23521293256838904,
job_title_title,title.title,benchmarks/job/../../data/job/title__title.csv,job-csv,utf8,PairHorspool,static,full-scan,full-scan,prefix_kung_fu_panda,Kung Fu Panda%,2,2528312,41409377,41409377,2528312,2528312,0,0,0,748959929,0,2801,80,9751483,9751563,2528312,1303963,15,3.8569460572903975,3.8569144156259196,0.2354916617074437,
job_title_title,title.title,benchmarks/job/../../data/job/title__title.csv,job-csv,utf8,PairHorspool,static,full-scan,full-scan,prefix_kung_fu_panda,Kung Fu Panda%,3,2528312,41409377,41409377,2528312,2528312,0,0,0,748959929,0,2801,100,9874791,9874891,2528312,1303963,15,3.9057248472498647,3.905685295169267,0.2384699243362198,
job_title_title,title.title,benchmarks/job/../../data/job/title__title.csv,job-csv,utf8,PairHorspool,static,full-scan,full-scan,prefix_kung_fu_panda,Kung Fu Panda%,4,2528312,41409377,41409377,2528312,2528312,0,0,0,748959929,0,2801,100,9858076,9858176,2528312,1303963,15,3.899113716977968,3.89907416489737,0.2380662718011913,
job_title_title,title.title,benchmarks/job/../../data/job/title__title.csv,job-csv,utf8,PairHorspool,static,full-scan,full-scan,prefix_loser,Loser%,0,2528312,41409377,41409377,2528312,2528312,0,0,0,748959929,0,2741,790,10662606,10663396,2528312,2502331,72,4.217594980366347,4.2172825189296255,0.25751162592955695,
job_title_title,title.title,benchmarks/job/../../data/job/title__title.csv,job-csv,utf8,PairHorspool,static,full-scan,full-scan,prefix_loser,Loser%,1,2528312,41409377,41409377,2528312,2528312,0,0,0,748959929,0,2741,80,10670287,10670367,2528312,2502331,72,4.220352155904809,4.220320514240331,0.25767996944266996,
job_title_title,title.title,benchmarks/job/../../data/job/title__title.csv,job-csv,utf8,PairHorspool,static,full-scan,full-scan,prefix_loser,Loser%,2,2528312,41409377,41409377,2528312,2528312,0,0,0,748959929,0,2741,80,10662396,10662476,2528312,2502331,72,4.217231101224849,4.217199459560371,0.2574894087394746,
job_title_title,title.title,benchmarks/job/../../data/job/title__title.csv,job-csv,utf8,PairHorspool,static,full-scan,full-scan,prefix_loser,Loser%,3,2528312,41409377,41409377,2528312,2528312,0,0,0,748959929,0,2741,80,10567088,10567168,2528312,2502331,72,4.179534804248843,4.179503162584364,0.25518780444342354,
job_title_title,title.title,benchmarks/job/../../data/job/title__title.csv,job-csv,utf8,PairHorspool,static,full-scan,full-scan,prefix_loser,Loser%,4,2528312,41409377,41409377,2528312,2528312,0,0,0,748959929,0,2741,40,10512692,10512732,2528312,2502331,72,4.158004233654707,4.157988412822468,0.2538732229658997,
job_title_title,title.title,benchmarks/job/../../data/job/title__title.csv,job-csv,utf8,PairHorspool,static,full-scan,full-scan,prefix_one_piece,One Piece%,0,2528312,41409377,41409377,2528312,2528312,0,0,0,748959929,0,2340,420,9265560,9265980,2528312,2000434,14,3.6648878777619216,3.664721759023412,0.22376525973815062,
job_title_title,title.title,benchmarks/job/../../data/job/title__title.csv,job-csv,utf8,PairHorspool,static,full-scan,full-scan,prefix_one_piece,One Piece%,1,2528312,41409377,41409377,2528312,2528312,0,0,0,748959929,0,2340,60,9518044,9518104,2528312,2000434,14,3.7646081654479353,3.7645844341995764,0.22985383238197474,
job_title_title,title.title,benchmarks/job/../../data/job/title__title.csv,job-csv,utf8,PairHorspool,static,full-scan,full-scan,prefix_one_piece,One Piece%,2,2528312,41409377,41409377,2528312,2528312,0,0,0,748959929,0,2340,90,9412045,9412135,2528312,2000434,14,3.7226952211594138,3.722659624286876,0.22729477432128475,
job_title_title,title.title,benchmarks/job/../../data/job/title__title.csv,job-csv,utf8,PairHorspool,static,full-scan,full-scan,prefix_one_piece,One Piece%,3,2528312,41409377,41409377,2528312,2528312,0,0,0,748959929,0,2340,380,9539446,9539826,2528312,2000434,14,3.7731996683953564,3.773049370489085,0.23037839955911435,
job_title_title,title.title,benchmarks/job/../../data/job/title__title.csv,job-csv,utf8,PairHorspool,static,full-scan,full-scan,prefix_one_piece,One Piece%,4,2528312,41409377,41409377,2528312,2528312,0,0,0,748959929,0,2340,80,9715312,9715392,2528312,2000434,14,3.8426396742174225,3.8426080325529446,0.23461816390041318,
job_title_title,title.title,benchmarks/job/../../data/job/title__title.csv,job-csv,utf8,PairHorspool,static,full-scan,full-scan,prefix_saw,Saw%,0,2528312,41409377,41409377,2528312,2528312,0,0,0,748959929,0,2421,780,9675899,9676679,2528312,2526814,131,3.827327877255655,3.8270193710269935,0.23368327903122038,
job_title_title,title.title,benchmarks/job/../../data/job/title__title.csv,job-csv,utf8,PairHorspool,static,full-scan,full-scan,prefix_saw,Saw%,1,2528312,41409377,41409377,2528312,2528312,0,0,0,748959929,0,2421,80,9628573,9628653,2528312,2526814,131,3.808332595027829,3.8083009533633505,0.2325234934106833,
job_title_title,title.title,benchmarks/job/../../data/job/title__title.csv,job-csv,utf8,PairHorspool,static,full-scan,full-scan,prefix_saw,Saw%,2,2528312,41409377,41409377,2528312,2528312,0,0,0,748959929,0,2421,30,9665887,9665917,2528312,2526814,131,3.8230712823417363,3.823059416717557,0.2334233862054964,
job_title_title,title.title,benchmarks/job/../../data/job/title__title.csv,job-csv,utf8,PairHorspool,static,full-scan,full-scan,prefix_saw,Saw%,3,2528312,41409377,41409377,2528312,2528312,0,0,0,748959929,0,2421,100,9759696,9759796,2528312,2526814,131,3.860202380086002,3.8601628280054046,0.23569048140956092,
job_title_title,title.title,benchmarks/job/../../data/job/title__title.csv,job-csv,utf8,PairHorspool,static,full-scan,full-scan,prefix_saw,Saw%,4,2528312,41409377,41409377,2528312,2528312,0,0,0,748959929,0,2421,100,9305886,9305986,2528312,2526814,131,3.680711083125817,3.680671531045219,0.22473136941905694,
job_title_title,title.title,benchmarks/job/../../data/job/title__title.csv,job-csv,utf8,PairHorspool,static,full-scan,full-scan,prefix_vampire,Vampire%,0,2528312,41409377,41409377,2528312,2528312,0,0,0,748959929,0,2020,460,11322045,11322505,2528312,2317545,284,4.478286303272697,4.478104363701948,0.2734285280360533,
job_title_title,title.title,benchmarks/job/../../data/job/title__title.csv,job-csv,utf8,PairHorspool,static,full-scan,full-scan,prefix_vampire,Vampire%,1,2528312,41409377,41409377,2528312,2528312,0,0,0,748959929,0,2020,130,11378369,11378499,2528312,2317545,284,4.500433095282545,4.500381677577767,0.27478073384199914,
job_title_title,title.title,benchmarks/job/../../data/job/title__title.csv,job-csv,utf8,PairHorspool,static,full-scan,full-scan,prefix_vampire,Vampire%,2,2528312,41409377,41409377,2528312,2528312,0,0,0,748959929,0,2020,90,11365227,11365317,2528312,2317545,284,4.495219340018163,4.495183743145624,0.27446240014671075,
job_title_title,title.title,benchmarks/job/../../data/job/title__title.csv,job-csv,utf8,PairHorspool,static,full-scan,full-scan,prefix_vampire,Vampire%,3,2528312,41409377,41409377,2528312,2528312,0,0,0,748959929,0,2020,90,11313532,11313622,2528312,2317545,284,4.474772891953208,4.47473729508067,0.2732140114061605,
job_title_title,title.title,benchmarks/job/../../data/job/title__title.csv,job-csv,utf8,PairHorspool,static,full-scan,full-scan,prefix_vampire,Vampire%,4,2528312,41409377,41409377,2528312,2528312,0,0,0,748959929,0,2020,30,11332325,11332355,2528312,2317545,284,4.482182183211566,4.482170317587387,0.27366639686465216,
job_title_title,title.title,benchmarks/job/../../data/job/title__title.csv,job-csv,utf8,StdSearch,static,full-scan,full-scan,contains_champion,%Champion%,0,2528312,41409377,41409377,2528312,2528312,0,0,0,748959929,0,2130,290,63816210,63816500,2528312,2138136,1870,25.24075351459788,25.24063881356415,1.5411122944448066,
job_title_title,title.title,benchmarks/job/../../data/job/title__title.csv,job-csv,utf8,StdSearch,static,full-scan,full-scan,contains_champion,%Champion%,1,2528312,41409377,41409377,2528312,2528312,0,0,0,748959929,0,2130,100,64217434,64217534,2528312,2138136,1870,25.399370805501853,25.399331253421256,1.5507969124964136,
job_title_title,title.title,benchmarks/job/../../data/job/title__title.csv,job-csv,utf8,StdSearch,static,full-scan,full-scan,contains_champion,%Champion%,2,2528312,41409377,41409377,2528312,2528312,0,0,0,748959929,0,2130,110,77126659,77126769,2528312,2138136,1870,30.505241837241606,30.50519832995295,1.8625435731621849,
job_title_title,title.title,benchmarks/job/../../data/job/title__title.csv,job-csv,utf8,StdSearch,static,full-scan,full-scan,contains_champion,%Champion%,3,2528312,41409377,41409377,2528312,2528312,0,0,0,748959929,0,2130,100,63903166,63903266,2528312,2138136,1870,25.275071272849235,25.275031720768638,1.5432076169607671,
job_title_title,title.title,benchmarks/job/../../data/job/title__title.csv,job-csv,utf8,StdSearch,static,full-scan,full-scan,contains_champion,%Champion%,4,2528312,41409377,41409377,2528312,2528312,0,0,0,748959929,0,2130,380,64023437,64023817,2528312,2138136,1870,25.322751701530507,25.322601403624237,1.5461188174842622,
job_title_title,title.title,benchmarks/job/../../data/job/title__title.csv,job-csv,utf8,StdSearch,static,full-scan,full-scan,contains_freddy,%Freddy%,0,2528312,41409377,41409377,2528312,2528312,0,0,0,748959929,0,2000,550,63502620,63503170,2528312,2471557,146,25.11682498046127,25.116607444017983,1.5335456507833962,
job_title_title,title.title,benchmarks/job/../../data/job/title__title.csv,job-csv,utf8,StdSearch,static,full-scan,full-scan,contains_freddy,%Freddy%,1,2528312,41409377,41409377,2528312,2528312,0,0,0,748959929,0,2000,100,63295932,63296032,2528312,2471557,146,25.034897591752916,25.03485803967232,1.5285434504363589,
job_title_title,title.title,benchmarks/job/../../data/job/title__title.csv,job-csv,utf8,StdSearch,static,full-scan,full-scan,contains_freddy,%Freddy%,2,2528312,41409377,41409377,2528312,2528312,0,0,0,748959929,0,2000,100,63634452,63634552,2528312,2471557,146,25.168789294992074,25.168749742911476,1.5367184104218714,
job_title_title,title.title,benchmarks/job/../../data/job/title__title.csv,job-csv,utf8,StdSearch,static,full-scan,full-scan,contains_freddy,%Freddy%,3,2528312,41409377,41409377,2528312,2528312,0,0,0,748959929,0,2000,110,65882172,65882282,2528312,2471557,146,26.057813276209583,26.057769768920924,1.5909991111433528,
job_title_title,title.title,benchmarks/job/../../data/job/title__title.csv,job-csv,utf8,StdSearch,static,full-scan,full-scan,contains_freddy,%Freddy%,4,2528312,41409377,41409377,2528312,2528312,0,0,0,748959929,0,2000,110,64179545,64179655,2528312,2471557,146,25.38438887289227,25.38434536560361,1.5498821679930128,
job_title_title,title.title,benchmarks/job/../../data/job/title__title.csv,job-csv,utf8,StdSearch,static,full-scan,full-scan,contains_jason,%Jason%,0,2528312,41409377,41409377,2528312,2528312,0,0,0,748959929,0,1871,420,65270460,65270880,2528312,2502331,482,25.815991064393952,25.815824945655443,1.5762342910882239,
job_title_title,title.title,benchmarks/job/../../data/job/title__title.csv,job-csv,utf8,StdSearch,static,full-scan,full-scan,contains_jason,%Jason%,1,2528312,41409377,41409377,2528312,2528312,0,0,0,748959929,0,1871,110,65099743,65099853,2528312,2502331,482,25.748346327510212,25.748302820221554,1.5721041396010378,
job_title_title,title.title,benchmarks/job/../../data/job/title__title.csv,job-csv,utf8,StdSearch,static,full-scan,full-scan,contains_jason,%Jason%,2,2528312,41409377,41409377,2528312,2528312,0,0,0,748959929,0,1871,130,65054169,65054299,2528312,2502331,482,25.73032877271476,25.73027735500998,1.571004050604287,
job_title_title,title.title,benchmarks/job/../../data/job/title__title.csv,job-csv,utf8,StdSearch,static,full-scan,full-scan,contains_jason,%Jason%,3,2528312,41409377,41409377,2528312,2528312,0,0,0,748959929,0,1871,110,64688805,64688915,2528312,2502331,482,25.58581179854385,25.585768291255192,1.5621803486683705,
job_title_title,title.title,benchmarks/job/../../data/job/title__title.csv,job-csv,utf8,StdSearch,static,full-scan,full-scan,contains_jason,%Jason%,4,2528312,41409377,41409377,2528312,2528312,0,0,0,748959929,0,1871,110,65354903,65355013,2528312,2502331,482,25.84926741636317,25.849223909074514,1.5782660289721335,
job_title_title,title.title,benchmarks/job/../../data/job/title__title.csv,job-csv,utf8,StdSearch,static,full-scan,full-scan,contains_kung_fu_panda,%Kung%Fu%Panda%,0,2528312,41409377,41409377,2528312,2528312,0,0,0,748959929,0,2420,550,50793128,50793678,2528312,1799921,20,20.08995646106968,20.089738924626392,1.2266226077248155,
job_title_title,title.title,benchmarks/job/../../data/job/title__title.csv,job-csv,utf8,StdSearch,static,full-scan,full-scan,contains_kung_fu_panda,%Kung%Fu%Panda%,1,2528312,41409377,41409377,2528312,2528312,0,0,0,748959929,0,2420,120,51135352,51135472,2528312,1799921,20,20.2251430994276,20.225095636930885,1.2348766319280775,
job_title_title,title.title,benchmarks/job/../../data/job/title__title.csv,job-csv,utf8,StdSearch,static,full-scan,full-scan,contains_kung_fu_panda,%Kung%Fu%Panda%,2,2528312,41409377,41409377,2528312,2528312,0,0,0,748959929,0,2420,130,51044999,51045129,2528312,1799921,20,20.18941056325327,20.189359145548494,1.2326949280111121,
job_title_title,title.title,benchmarks/job/../../data/job/title__title.csv,job-csv,utf8,StdSearch,static,full-scan,full-scan,contains_kung_fu_panda,%Kung%Fu%Panda%,3,2528312,41409377,41409377,2528312,2528312,0,0,0,748959929,0,2420,110,51596722,51596832,2528312,1799921,20,20.40762057847291,20.407577071184253,1.2460180697719745,
job_title_title,title.title,benchmarks/job/../../data/job/title__title.csv,job-csv,utf8,StdSearch,static,full-scan,full-scan,contains_kung_fu_panda,%Kung%Fu%Panda%,4,2528312,41409377,41409377,2528312,2528312,0,0,0,748959929,0,2420,100,50964836,50964936,2528312,1799921,20,20.157692563259598,20.157653011179,1.230758337658642,
job_title_title,title.title,benchmarks/job/../../data/job/title__title.csv,job-csv,utf8,StdSearch,static,full-scan,full-scan,contains_loser,%Loser%,0,2528312,41409377,41409377,2528312,2528312,0,0,0,748959929,0,2210,740,68256720,68257460,2528312,2502331,349,26.99724559310718,26.996952907710757,1.648357568866588,
job_title_title,title.title,benchmarks/job/../../data/job/title__title.csv,job-csv,utf8,StdSearch,static,full-scan,full-scan,contains_loser,%Loser%,1,2528312,41409377,41409377,2528312,2528312,0,0,0,748959929,0,2210,100,69123248,69123348,2528312,2502331,349,27.33972231275254,27.33968276067194,1.6692680017861654,
job_title_title,title.title,benchmarks/job/../../data/job/title__title.csv,job-csv,utf8,StdSearch,static,full-scan,full-scan,contains_loser,%Loser%,2,2528312,41409377,41409377,2528312,2528312,0,0,0,748959929,0,2210,110,68585764,68585874,2528312,2502331,349,27.12714016308114,27.12709665579248,1.6562884778488698,
job_title_title,title.title,benchmarks/job/../../data/job/title__title.csv,job-csv,utf8,StdSearch,static,full-scan,full-scan,contains_loser,%Loser%,3,2528312,41409377,41409377,2528312,2528312,0,0,0,748959929,0,2210,110,67919068,67919178,2528312,2502331,349,26.863448023819846,26.863404516531187,1.6401883563715531,
job_title_title,title.title,benchmarks/job/../../data/job/title__title.csv,job-csv,utf8,StdSearch,static,full-scan,full-scan,contains_loser,%Loser%,4,2528312,41409377,41409377,2528312,2528312,0,0,0,748959929,0,2210,100,68001038,68001138,2528312,2502331,349,26.895864909077677,26.89582535699708,1.6421676182184533,
job_title_title,title.title,benchmarks/job/../../data/job/title__title.csv,job-csv,utf8,StdSearch,static,full-scan,full-scan,contains_money,%Money%,0,2528312,41409377,41409377,2528312,2528312,0,0,0,748959929,0,1870,350,66188966,66189316,2528312,2502331,2286,26.179251611351763,26.17911317906967,1.598413711947417,
job_title_title,title.title,benchmarks/job/../../data/job/title__title.csv,job-csv,utf8,StdSearch,static,full-scan,full-scan,contains_money,%Money%,1,2528312,41409377,41409377,2528312,2528312,0,0,0,748959929,0,1870,110,64458393,64458503,2528312,2502331,2286,25.4946790585972,25.49463555130854,1.5566161017104894,
job_title_title,title.title,benchmarks/job/../../data/job/title__title.csv,job-csv,utf8,StdSearch,static,full-scan,full-scan,contains_money,%Money%,2,2528312,41409377,41409377,2528312,2528312,0,0,0,748959929,0,1870,120,64245773,64245893,2528312,2502331,2286,25.41058738003854,25.410539917541822,1.5514817573807014,
job_title_title,title.title,benchmarks/job/../../data/job/title__title.csv,job-csv,utf8,StdSearch,static,full-scan,full-scan,contains_money,%Money%,3,2528312,41409377,41409377,2528312,2528312,0,0,0,748959929,0,1870,100,64787623,64787723,2528312,2502331,2286,25.624892418340774,25.624852866260177,1.564566474883213,
job_title_title,title.title,benchmarks/job/../../data/job/title__title.csv,job-csv,utf8,StdSearch,static,full-scan,full-scan,contains_money,%Money%,4,2528312,41409377,41409377,2528312,2528312,0,0,0,748959929,0,1870,110,65423895,65424005,2528312,2502331,2286,25.8765551878091,25.87651168052044,1.5799321250353513,
job_title_title,title.title,benchmarks/job/../../data/job/title__title.csv,job-csv,utf8,StdSearch,static,full-scan,full-scan,contains_mord,%Mord%,0,2528312,41409377,41409377,2528312,2528312,0,0,0,748959929,0,2430,730,60299118,60299848,2528312,2520211,637,23.84984448121909,23.849555751030728,1.456188244512831,
job_title_title,title.title,benchmarks/job/../../data/job/title__title.csv,job-csv,utf8,StdSearch,static,full-scan,full-scan,contains_mord,%Mord%,1,2528312,41409377,41409377,2528312,2528312,0,0,0,748959929,0,2430,110,60297286,60297396,2528312,2520211,637,23.848874664202835,23.84883115691418,1.4561290308714376,
job_title_title,title.title,benchmarks/job/../../data/job/title__title.csv,job-csv,utf8,StdSearch,static,full-scan,full-scan,contains_mord,%Mord%,2,2528312,41409377,41409377,2528312,2528312,0,0,0,748959929,0,2430,110,60395158,60395268,2528312,2520211,637,23.887585076525365,23.88754156923671,1.4584925535102835,
job_title_title,title.title,benchmarks/job/../../data/job/title__title.csv,job-csv,utf8,StdSearch,static,full-scan,full-scan,contains_mord,%Mord%,3,2528312,41409377,41409377,2528312,2528312,0,0,0,748959929,0,2430,150,60098740,60098890,2528312,2520211,637,23.77036141109167,23.770302082970773,1.4513352857252597,
job_title_title,title.title,benchmarks/job/../../data/job/title__title.csv,job-csv,utf8,StdSearch,static,full-scan,full-scan,contains_mord,%Mord%,4,2528312,41409377,41409377,2528312,2528312,0,0,0,748959929,0,2430,110,60636959,60637069,2528312,2520211,637,23.983222402931283,23.983178895642627,1.464331834791912,
job_title_title,title.title,benchmarks/job/../../data/job/title__title.csv,job-csv,utf8,StdSearch,static,full-scan,full-scan,contains_movie,%Movie%,0,2528312,41409377,41409377,2528312,2528312,0,0,0,748959929,0,3117,330,64644215,64644545,2528312,2502331,3638,25.568262540382673,25.568132018516703,1.5611088522292909,
job_title_title,title.title,benchmarks/job/../../data/job/title__title.csv,job-csv,utf8,StdSearch,static,full-scan,full-scan,contains_movie,%Movie%,1,2528312,41409377,41409377,2528312,2528312,0,0,0,748959929,0,3117,110,64356927,64357037,2528312,2502331,3638,25.45454714449799,25.45450363720933,1.5541657871356045,
job_title_title,title.title,benchmarks/job/../../data/job/title__title.csv,job-csv,utf8,StdSearch,static,full-scan,full-scan,contains_movie,%Movie%,2,2528312,41409377,41409377,2528312,2528312,0,0,0,748959929,0,3117,120,63926159,63926279,2528312,2502331,3638,25.284173393157175,25.284125930660455,1.543763360651381,
job_title_title,title.title,benchmarks/job/../../data/job/title__title.csv,job-csv,utf8,StdSearch,static,full-scan,full-scan,contains_movie,%Movie%,3,2528312,41409377,41409377,2528312,2528312,0,0,0,748959929,0,3117,110,64686793,64686903,2528312,2502331,3638,25.585016010682224,25.58497250339357,1.5621317606396252,
job_title_title,title.title,benchmarks/job/../../data/job/title__title.csv,job-csv,utf8,StdSearch,static,full-scan,full-scan,contains_movie,%Movie%,4,2528312,41409377,41409377,2528312,2528312,0,0,0,748959929,0,3117,150,65243284,65243434,2528312,2502331,3638,25.805135600353122,25.805076272232224,1.5755714943501806,
job_title_title,title.title,benchmarks/job/../../data/job/title__title.csv,job-csv,utf8,StdSearch,static,full-scan,full-scan,contains_murder_upper,%Murder%,0,2528312,41409377,41409377,2528312,2528312,0,0,0,748959929,0,2129,670,62805835,62806505,2528312,2471557,3622,24.84127947816567,24.841014479225667,1.5167218043391477,
job_title_title,title.title,benchmarks/job/../../data/job/title__title.csv,job-csv,utf8,StdSearch,static,full-scan,full-scan,contains_murder_upper,%Murder%,1,2528312,41409377,41409377,2528312,2528312,0,0,0,748959929,0,2129,100,63351265,63351365,2528312,2471557,3622,25.05678294451001,25.056743392429414,1.529879693674213,
job_title_title,title.title,benchmarks/job/../../data/job/title__title.csv,job-csv,utf8,StdSearch,static,full-scan,full-scan,contains_murder_upper,%Murder%,2,2528312,41409377,41409377,2528312,2528312,0,0,0,748959929,0,2129,110,62950520,62950630,2528312,2471557,3622,24.898283914327028,24.898240407038372,1.5202022962093826,
job_title_title,title.title,benchmarks/job/../../data/job/title__title.csv,job-csv,utf8,StdSearch,static,full-scan,full-scan,contains_murder_upper,%Murder%,3,2528312,41409377,41409377,2528312,2528312,0,0,0,748959929,0,2129,110,62411844,62411954,2528312,2471557,3622,24.685226348646843,24.685182841358188,1.5071937450302622,
job_title_title,title.title,benchmarks/job/../../data/job/title__title.csv,job-csv,utf8,StdSearch,static,full-scan,full-scan,contains_murder_upper,%Murder%,4,2528312,41409377,41409377,2528312,2528312,0,0,0,748959929,0,2129,110,62746497,62746607,2528312,2471557,3622,24.81758857292929,24.817545065640633,1.5152753203700697,
job_title_title,title.title,benchmarks/job/../../data/job/title__title.csv,job-csv,utf8,StdSearch,static,full-scan,full-scan,contains_murder_lower,%murder%,0,2528312,41409377,41409377,2528312,2528312,0,0,0,748959929,0,3007,829,66631576,66632405,2528312,2471557,7,26.354502529751073,26.35417464300292,1.609113921226103,
job_title_title,title.title,benchmarks/job/../../data/job/title__title.csv,job-csv,utf8,StdSearch,static,full-scan,full-scan,contains_murder_lower,%murder%,1,2528312,41409377,41409377,2528312,2528312,0,0,0,748959929,0,3007,100,66524478,66524578,2528312,2471557,7,26.31185470780505,26.311815155724453,1.6065099941010945,
job_title_title,title.title,benchmarks/job/../../data/job/title__title.csv,job-csv,utf8,StdSearch,static,full-scan,full-scan,contains_murder_lower,%murder%,2,2528312,41409377,41409377,2528312,2528312,0,0,0,748959929,0,3007,120,67269526,67269646,2528312,2471557,7,26.606544603672333,26.606497141175616,1.62450273038399,
job_title_title,title.title,benchmarks/job/../../data/job/title__title.csv,job-csv,utf8,StdSearch,static,full-scan,full-scan,contains_murder_lower,%murder%,3,2528312,41409377,41409377,2528312,2528312,0,0,0,748959929,0,3007,160,67906465,67906625,2528312,2471557,7,26.85848305114242,26.858419767813466,1.6398852124725276,
job_title_title,title.title,benchmarks/job/../../data/job/title__title.csv,job-csv,utf8,StdSearch,static,full-scan,full-scan,contains_murder_lower,%murder%,4,2528312,41409377,41409377,2528312,2528312,0,0,0,748959929,0,3007,120,68144643,68144763,2528312,2471557,7,26.95267158483605,26.95262412233933,1.645636035528861,
job_title_title,title.title,benchmarks/job/../../data/job/title__title.csv,job-csv,utf8,StdSearch,static,full-scan,full-scan,prefix_birdemic,Birdemic%,0,2528312,41409377,41409377,2528312,2528312,0,0,0,748959929,0,1659,819,9331026,9331845,2528312,2138136,8,3.6909388556475626,3.690614924107468,0.2253558415042081,
job_title_title,title.title,benchmarks/job/../../data/job/title__title.csv,job-csv,utf8,StdSearch,static,full-scan,full-scan,prefix_birdemic,Birdemic%,1,2528312,41409377,41409377,2528312,2528312,0,0,0,748959929,0,1659,140,9281650,9281790,2528312,2138136,8,3.67114106170441,3.6710856887915733,0.22414705731989157,
job_title_title,title.title,benchmarks/job/../../data/job/title__title.csv,job-csv,utf8,StdSearch,static,full-scan,full-scan,prefix_birdemic,Birdemic%,2,2528312,41409377,41409377,2528312,2528312,0,0,0,748959929,0,1659,40,9360190,9360230,2528312,2138136,8,3.7021657137252046,3.7021498928929657,0.22604131426560703,
job_title_title,title.title,benchmarks/job/../../data/job/title__title.csv,job-csv,utf8,StdSearch,static,full-scan,full-scan,prefix_birdemic,Birdemic%,3,2528312,41409377,41409377,2528312,2528312,0,0,0,748959929,0,1659,80,9355654,9355734,2528312,2138136,8,3.7003874521815345,3.7003558105170566,0.22593273982363946,
job_title_title,title.title,benchmarks/job/../../data/job/title__title.csv,job-csv,utf8,StdSearch,static,full-scan,full-scan,prefix_birdemic,Birdemic%,4,2528312,41409377,41409377,2528312,2528312,0,0,0,748959929,0,1659,90,9321214,9321304,2528312,2138136,8,3.6867696708317643,3.6867340739592267,0.22510128563392778,
job_title_title,title.title,benchmarks/job/../../data/job/title__title.csv,job-csv,utf8,StdSearch,static,full-scan,full-scan,prefix_champion,Champion%,0,2528312,41409377,41409377,2528312,2528312,0,0,0,748959929,0,1368,509,10130290,10130799,2528312,2138136,222,4.006941785665693,4.006740465575451,0.24464987724881734,
job_title_title,title.title,benchmarks/job/../../data/job/title__title.csv,job-csv,utf8,StdSearch,static,full-scan,full-scan,prefix_champion,Champion%,1,2528312,41409377,41409377,2528312,2528312,0,0,0,748959929,0,1368,359,9716929,9717288,2528312,2138136,222,3.843389581665554,3.843247589696208,0.2346639506312785,
job_title_title,title.title,benchmarks/job/../../data/job/title__title.csv,job-csv,utf8,StdSearch,static,full-scan,full-scan,prefix_champion,Champion%,2,2528312,41409377,41409377,2528312,2528312,0,0,0,748959929,0,1368,100,9151597,9151697,2528312,2138136,222,3.619686573492512,3.6196470214119145,0.22100542589665137,
job_title_title,title.title,benchmarks/job/../../data/job/title__title.csv,job-csv,utf8,StdSearch,static,full-scan,full-scan,prefix_champion,Champion%,3,2528312,41409377,41409377,2528312,2528312,0,0,0,748959929,0,1368,100,9316778,9316878,2528312,2138136,222,3.6850190957445124,3.684979543663915,0.22499440163033604,
job_title_title,title.title,benchmarks/job/../../data/job/title__title.csv,job-csv,utf8,StdSearch,static,full-scan,full-scan,prefix_champion,Champion%,4,2528312,41409377,41409377,2528312,2528312,0,0,0,748959929,0,1368,110,9146562,9146672,2528312,2138136,222,3.6176990814424803,3.6176555741538228,0.22088407657038647,
job_title_title,title.title,benchmarks/job/../../data/job/title__title.csv,job-csv,utf8,StdSearch,static,full-scan,full-scan,prefix_dragon_ball_z,Dragon Ball Z%,0,2528312,41409377,41409377,2528312,2528312,0,0,0,748959929,0,3497,470,9586995,9587465,2528312,1303963,25,3.7920418840712697,3.791855989292461,0.23152883947034508,
job_title_title,title.title,benchmarks/job/../../data/job/title__title.csv,job-csv,utf8,StdSearch,static,full-scan,full-scan,prefix_dragon_ball_z,Dragon Ball Z%,1,2528312,41409377,41409377,2528312,2528312,0,0,0,748959929,0,3497,80,9536062,9536142,2528312,1303963,25,3.771742569746139,3.771710928081661,0.2302894342023064,
job_title_title,title.title,benchmarks/job/../../data/job/title__title.csv,job-csv,utf8,StdSearch,static,full-scan,full-scan,prefix_dragon_ball_z,Dragon Ball Z%,2,2528312,41409377,41409377,2528312,2528312,0,0,0,748959929,0,3497,30,9365195,9365225,2528312,1303963,25,3.7041413401510574,3.704129474526878,0.2261619391182823,
job_title_title,title.title,benchmarks/job/../../data/job/title__title.csv,job-csv,utf8,StdSearch,static,full-scan,full-scan,prefix_dragon_ball_z,Dragon Ball Z%,3,2528312,41409377,41409377,2528312,2528312,0,0,0,748959929,0,3497,80,9499964,9500044,2528312,1303963,25,3.757465059692,3.7574334180275217,0.22941769928101066,
job_title_title,title.title,benchmarks/job/../../data/job/title__title.csv,job-csv,utf8,StdSearch,static,full-scan,full-scan,prefix_dragon_ball_z,Dragon Ball Z%,4,2528312,41409377,41409377,2528312,2528312,0,0,0,748959929,0,3497,100,9631756,9631856,2528312,1303963,25,3.8095994481693713,3.809559896088774,0.2326008430409373,
job_title_title,title.title,benchmarks/job/../../data/job/title__title.csv,job-csv,utf8,StdSearch,static,full-scan,full-scan,prefix_kung_fu_panda,Kung Fu Panda%,0,2528312,41409377,41409377,2528312,2528312,0,0,0,748959929,0,2837,530,9692570,9693100,2528312,1303963,15,3.8338227244105947,3.8336130983834273,0.23407983172507038,
job_title_title,title.title,benchmarks/job/../../data/job/title__title.csv,job-csv,utf8,StdSearch,static,full-scan,full-scan,prefix_kung_fu_panda,Kung Fu Panda%,1,2528312,41409377,41409377,2528312,2528312,0,0,0,748959929,0,2837,70,9669512,9669582,2528312,1303963,15,3.8245208660956402,3.8244931796392216,0.23351189272903092,
job_title_title,title.title,benchmarks/job/../../data/job/title__title.csv,job-csv,utf8,StdSearch,static,full-scan,full-scan,prefix_kung_fu_panda,Kung Fu Panda%,2,2528312,41409377,41409377,2528312,2528312,0,0,0,748959929,0,2837,60,9622873,9622933,2528312,1303963,15,3.8060702160176434,3.806046484769285,0.23238536044625835,
job_title_title,title.title,benchmarks/job/../../data/job/title__title.csv,job-csv,utf8,StdSearch,static,full-scan,full-scan,prefix_kung_fu_panda,Kung Fu Panda%,3,2528312,41409377,41409377,2528312,2528312,0,0,0,748959929,0,2837,60,9489683,9489743,2528312,1303963,15,3.7533907998696363,3.753367068621278,0.2291689391994475,
job_title_title,title.title,benchmarks/job/../../data/job/title__title.csv,job-csv,utf8,StdSearch,static,full-scan,full-scan,prefix_kung_fu_panda,Kung Fu Panda%,4,2528312,41409377,41409377,2528312,2528312,0,0,0,748959929,0,2837,50,9618163,9618213,2528312,1303963,15,3.804203357813434,3.8041835817731355,0.2322713766014881,
job_title_title,title.title,benchmarks/job/../../data/job/title__title.csv,job-csv,utf8,StdSearch,static,full-scan,full-scan,prefix_loser,Loser%,0,2528312,41409377,41409377,2528312,2528312,0,0,0,748959929,0,1788,399,10386636,10387035,2528312,2502331,72,4.108288454905882,4.108130642104297,0.25083775107266165,
job_title_title,title.title,benchmarks/job/../../data/job/title__title.csv,job-csv,utf8,StdSearch,static,full-scan,full-scan,prefix_loser,Loser%,1,2528312,41409377,41409377,2528312,2528312,0,0,0,748959929,0,1788,409,10354196,10354605,2528312,2502331,72,4.095461715168065,4.09529994715842,0.25005459512225936,
job_title_title,title.title,benchmarks/job/../../data/job/title__title.csv,job-csv,utf8,StdSearch,static,full-scan,full-scan,prefix_loser,Loser%,2,2528312,41409377,41409377,2528312,2528312,0,0,0,748959929,0,1788,100,10331926,10332026,2528312,2502331,72,4.086531250889922,4.086491698809324,0.24950933214957569,
job_title_title,title.title,benchmarks/job/../../data/job/title__title.csv,job-csv,utf8,StdSearch,static,full-scan,full-scan,prefix_loser,Loser%,3,2528312,41409377,41409377,2528312,2528312,0,0,0,748959929,0,1788,100,10459899,10459999,2528312,2502331,72,4.13714723499315,4.137107682912552,0.2525997674391479,
job_title_title,title.title,benchmarks/job/../../data/job/title__title.csv,job-csv,utf8,StdSearch,static,full-scan,full-scan,prefix_loser,Loser%,4,2528312,41409377,41409377,2528312,2528312,0,0,0,748959929,0,1788,60,10371449,10371509,2528312,2502331,72,4.102147598872291,4.102123867623932,0.25046281184090263,
job_title_title,title.title,benchmarks/job/../../data/job/title__title.csv,job-csv,utf8,StdSearch,static,full-scan,full-scan,prefix_one_piece,One Piece%,0,2528312,41409377,41409377,2528312,2528312,0,0,0,748959929,0,2588,750,9454025,9454775,2528312,2000434,14,3.739560228326251,3.7392635877217684,0.22832449278336162,
job_title_title,title.title,benchmarks/job/../../data/job/title__title.csv,job-csv,utf8,StdSearch,static,full-scan,full-scan,prefix_one_piece,One Piece%,1,2528312,41409377,41409377,2528312,2528312,0,0,0,748959929,0,2588,110,9423961,9424071,2528312,2000434,14,3.7274161574995492,3.7273726502108917,0.2275830182134834,
job_title_title,title.title,benchmarks/job/../../data/job/title__title.csv,job-csv,utf8,StdSearch,static,full-scan,full-scan,prefix_one_piece,One Piece%,2,2528312,41409377,41409377,2528312,2528312,0,0,0,748959929,0,2588,110,9621325,9621435,2528312,2000434,14,3.8054777258502908,3.805434218561633,0.2323491850650156,
job_title_title,title.title,benchmarks/job/../../data/job/title__title.csv,job-csv,utf8,StdSearch,static,full-scan,full-scan,prefix_one_piece,One Piece%,3,2528312,41409377,41409377,2528312,2528312,0,0,0,748959929,0,2588,110,9398955,9399065,2528312,2000434,14,3.7175257642253015,3.717482256936644,0.2269791453273977,
job_title_title,title.title,benchmarks/job/../../data/job/title__title.csv,job-csv,utf8,StdSearch,static,full-scan,full-scan,prefix_one_piece,One Piece%,4,2528312,41409377,41409377,2528312,2528312,0,0,0,748959929,0,2588,100,9353715,9353815,2528312,2000434,14,3.6996284477548658,3.699588895674268,0.22588639766302207,
job_title_title,title.title,benchmarks/job/../../data/job/title__title.csv,job-csv,utf8,StdSearch,static,full-scan,full-scan,prefix_saw,Saw%,0,2528312,41409377,41409377,2528312,2528312,0,0,0,748959929,0,3047,559,9390713,9391272,2528312,2526814,131,3.714443470584327,3.7142223744537857,0.22679095123792856,
job_title_title,title.title,benchmarks/job/../../data/job/title__title.csv,job-csv,utf8,StdSearch,static,full-scan,full-scan,prefix_saw,Saw%,1,2528312,41409377,41409377,2528312,2528312,0,0,0,748959929,0,3047,99,9414371,9414470,2528312,2526814,131,3.723618762241369,3.7235796056815773,0.22735116251567852,
job_title_title,title.title,benchmarks/job/../../data/job/title__title.csv,job-csv,utf8,StdSearch,static,full-scan,full-scan,prefix_saw,Saw%,2,2528312,41409377,41409377,2528312,2528312,0,0,0,748959929,0,3047,100,9462887,9462987,2528312,2526814,131,3.74280824518493,3.742768693104332,0.22852280535396607,
job_title_title,title.title,benchmarks/job/../../data/job/title__title.csv,job-csv,utf8,StdSearch,static,full-scan,full-scan,prefix_saw,Saw%,3,2528312,41409377,41409377,2528312,2528312,0,0,0,748959929,0,3047,100,9440618,9440718,2528312,2526814,131,3.7340003923566396,3.733960840276042,0.22798502860837536,
job_title_title,title.title,benchmarks/job/../../data/job/title__title.csv,job-csv,utf8,StdSearch,static,full-scan,full-scan,prefix_saw,Saw%,4,2528312,41409377,41409377,2528312,2528312,0,0,0,748959929,0,3047,100,9346112,9346212,2528312,2526814,131,3.6966213030670265,3.6965817509864287,0.2257027919062873,
job_title_title,title.title,benchmarks/job/../../data/job/title__title.csv,job-csv,utf8,StdSearch,static,full-scan,full-scan,prefix_vampire,Vampire%,0,2528312,41409377,41409377,2528312,2528312,0,0,0,748959929,0,3177,720,11595460,11596180,2528312,2317545,284,4.586530459848309,4.586245684868007,0.28003753835755607,
job_title_title,title.title,benchmarks/job/../../data/job/title__title.csv,job-csv,utf8,StdSearch,static,full-scan,full-scan,prefix_vampire,Vampire%,1,2528312,41409377,41409377,2528312,2528312,0,0,0,748959929,0,3177,110,11445234,11445344,2528312,2317545,284,4.526871683558042,4.526828176269384,0.27639498174531824,
job_title_title,title.title,benchmarks/job/../../data/job/title__title.csv,job-csv,utf8,StdSearch,static,full-scan,full-scan,prefix_vampire,Vampire%,2,2528312,41409377,41409377,2528312,2528312,0,0,0,748959929,0,3177,80,11699036,11699116,2528312,2317545,284,4.627243789532304,4.6272121478678265,0.2825233521383333,
job_title_title,title.title,benchmarks/job/../../data/job/title__title.csv,job-csv,utf8,StdSearch,static,full-scan,full-scan,prefix_vampire,Vampire%,3,2528312,41409377,41409377,2528312,2528312,0,0,0,748959929,0,3177,120,11733514,11733634,2528312,2317545,284,4.640896376713001,4.640848914216283,0.2833569314505746,
job_title_title,title.title,benchmarks/job/../../data/job/title__title.csv,job-csv,utf8,StdSearch,static,full-scan,full-scan,prefix_vampire,Vampire%,4,2528312,41409377,41409377,2528312,2528312,0,0,0,748959929,0,3177,110,11652497,11652607,2528312,2317545,284,4.608848512367144,4.608805005078487,0.28140020073231237,
job_title_title,title.title,benchmarks/job/../../data/job/title__title.csv,job-csv,utf8,TwoWay,static,full-scan,full-scan,contains_champion,%Champion%,0,2528312,41409377,41409377,2528312,2528312,0,0,0,748959929,0,2807,359,42422129,42422488,2528312,2138136,1870,16.77897664528745,16.778834653318103,1.024465738762503,
job_title_title,title.title,benchmarks/job/../../data/job/title__title.csv,job-csv,utf8,TwoWay,static,full-scan,full-scan,contains_champion,%Champion%,1,2528312,41409377,41409377,2528312,2528312,0,0,0,748959929,0,2807,150,43656387,43656537,2528312,2138136,1870,17.267068700381916,17.26700937226102,1.0542669357232783,
job_title_title,title.title,benchmarks/job/../../data/job/title__title.csv,job-csv,utf8,TwoWay,static,full-scan,full-scan,contains_champion,%Champion%,2,2528312,41409377,41409377,2528312,2528312,0,0,0,748959929,0,2807,110,35803581,35803691,2528312,2138136,1870,14.161104721252757,14.1610612139641,0.8646276180392668,
job_title_title,title.title,benchmarks/job/../../data/job/title__title.csv,job-csv,utf8,TwoWay,static,full-scan,full-scan,contains_champion,%Champion%,3,2528312,41409377,41409377,2528312,2528312,0,0,0,748959929,0,2807,100,35614812,35614912,2528312,2138136,1870,14.086438699021324,14.086399146940726,0.8600687713799703,
job_title_title,title.title,benchmarks/job/../../data/job/title__title.csv,job-csv,utf8,TwoWay,static,full-scan,full-scan,contains_champion,%Champion%,4,2528312,41409377,41409377,2528312,2528312,0,0,0,748959929,0,2807,220,35426970,35427190,2528312,2138136,1870,14.012190742281806,14.012103727704492,0.8555354503401488,
job_title_title,title.title,benchmarks/job/../../data/job/title__title.csv,job-csv,utf8,TwoWay,static,full-scan,full-scan,contains_freddy,%Freddy%,0,2528312,41409377,41409377,2528312,2528312,0,0,0,748959929,0,2488,440,39055086,39055526,2528312,2471557,146,15.447273121355275,15.447099092200647,0.943156570551641,
job_title_title,title.title,benchmarks/job/../../data/job/title__title.csv,job-csv,utf8,TwoWay,static,full-scan,full-scan,contains_freddy,%Freddy%,1,2528312,41409377,41409377,2528312,2528312,0,0,0,748959929,0,2488,110,39530278,39530388,2528312,2471557,146,15.635090922322878,15.63504741503422,0.954624069809116,
job_title_title,title.title,benchmarks/job/../../data/job/title__title.csv,job-csv,utf8,TwoWay,static,full-scan,full-scan,contains_freddy,%Freddy%,2,2528312,41409377,41409377,2528312,2528312,0,0,0,748959929,0,2488,110,40099057,40099167,2528312,2471557,146,15.860054850825373,15.860011343536716,0.9683595819372023,
job_title_title,title.title,benchmarks/job/../../data/job/title__title.csv,job-csv,utf8,TwoWay,static,full-scan,full-scan,contains_freddy,%Freddy%,3,2528312,41409377,41409377,2528312,2528312,0,0,0,748959929,0,2488,100,39251570,39251670,2528312,2471557,146,15.524852154322726,15.524812602242129,0.9478932754771945,
job_title_title,title.title,benchmarks/job/../../data/job/title__title.csv,job-csv,utf8,TwoWay,static,full-scan,full-scan,contains_freddy,%Freddy%,4,2528312,41409377,41409377,2528312,2528312,0,0,0,748959929,0,2488,110,39242087,39242197,2528312,2471557,146,15.521105385727711,15.521061878439053,0.9476645108667053,
job_title_title,title.title,benchmarks/job/../../data/job/title__title.csv,job-csv,utf8,TwoWay,static,full-scan,full-scan,contains_jason,%Jason%,0,2528312,41409377,41409377,2528312,2528312,0,0,0,748959929,0,6574,529,45464836,45465365,2528312,2502331,482,17.982497808814735,17.982288578308374,1.0979485395300683,
job_title_title,title.title,benchmarks/job/../../data/job/title__title.csv,job-csv,utf8,TwoWay,static,full-scan,full-scan,contains_jason,%Jason%,1,2528312,41409377,41409377,2528312,2528312,0,0,0,748959929,0,6574,100,45339713,45339813,2528312,2502331,482,17.932839380582777,17.93279982850218,1.09491656925918,
job_title_title,title.title,benchmarks/job/../../data/job/title__title.csv,job-csv,utf8,TwoWay,static,full-scan,full-scan,contains_jason,%Jason%,2,2528312,41409377,41409377,2528312,2528312,0,0,0,748959929,0,6574,100,45602438,45602538,2528312,2502331,482,18.036752584332945,18.036713032252347,1.1012611467204638,
job_title_title,title.title,benchmarks/job/../../data/job/title__title.csv,job-csv,utf8,TwoWay,static,full-scan,full-scan,contains_jason,%Jason%,3,2528312,41409377,41409377,2528312,2528312,0,0,0,748959929,0,6574,100,45683781,45683881,2528312,2502331,482,18.06892543325349,18.068885881172893,1.103225508560537,
job_title_title,title.title,benchmarks/job/../../data/job/title__title.csv,job-csv,utf8,TwoWay,static,full-scan,full-scan,contains_jason,%Jason%,4,2528312,41409377,41409377,2528312,2528312,0,0,0,748959929,0,6574,100,45547140,45547240,2528312,2502331,482,18.01488107480406,18.01484152272346,1.0999257487017977,
job_title_title,title.title,benchmarks/job/../../data/job/title__title.csv,job-csv,utf8,TwoWay,static,full-scan,full-scan,contains_kung_fu_panda,%Kung%Fu%Panda%,0,2528312,41409377,41409377,2528312,2528312,0,0,0,748959929,0,3287,489,51174502,51174991,2528312,1799921,20,20.240773686158988,20.240580276484863,1.235830980987712,
job_title_title,title.title,benchmarks/job/../../data/job/title__title.csv,job-csv,utf8,TwoWay,static,full-scan,full-scan,contains_kung_fu_panda,%Kung%Fu%Panda%,1,2528312,41409377,41409377,2528312,2528312,0,0,0,748959929,0,3287,110,50228544,50228654,2528312,1799921,20,19.866477713193625,19.866434205904966,1.2129777755410327,
job_title_title,title.title,benchmarks/job/../../data/job/title__title.csv,job-csv,utf8,TwoWay,static,full-scan,full-scan,contains_kung_fu_panda,%Kung%Fu%Panda%,2,2528312,41409377,41409377,2528312,2528312,0,0,0,748959929,0,3287,110,50266960,50267070,2528312,1799921,20,19.881672040476015,19.88162853318736,1.213905488121688,
job_title_title,title.title,benchmarks/job/../../data/job/title__title.csv,job-csv,utf8,TwoWay,static,full-scan,full-scan,contains_kung_fu_panda,%Kung%Fu%Panda%,3,2528312,41409377,41409377,2528312,2528312,0,0,0,748959929,0,3287,100,50389154,50389254,2528312,1799921,20,19.929998354633447,19.92995880255285,1.216856124157579,
job_title_title,title.title,benchmarks/job/../../data/job/title__title.csv,job-csv,utf8,TwoWay,static,full-scan,full-scan,contains_kung_fu_panda,%Kung%Fu%Panda%,4,2528312,41409377,41409377,2528312,2528312,0,0,0,748959929,0,3287,110,50466534,50466644,2528312,1799921,20,19.960607709807967,19.960564202519308,1.218725024527657,
job_title_title,title.title,benchmarks/job/../../data/job/title__title.csv,job-csv,utf8,TwoWay,static,full-scan,full-scan,contains_loser,%Loser%,0,2528312,41409377,41409377,2528312,2528312,0,0,0,748959929,0,3297,499,47722448,47722947,2528312,2502331,349,18.875418461012725,18.87522109613054,1.152467157378388,
job_title_title,title.title,benchmarks/job/../../data/job/title__title.csv,job-csv,utf8,TwoWay,static,full-scan,full-scan,contains_loser,%Loser%,1,2528312,41409377,41409377,2528312,2528312,0,0,0,748959929,0,3297,120,48313085,48313205,2528312,2502331,349,19.108877780906788,19.10883031841007,1.166721368447538,
job_title_title,title.title,benchmarks/job/../../data/job/title__title.csv,job-csv,utf8,TwoWay,static,full-scan,full-scan,contains_loser,%Loser%,2,2528312,41409377,41409377,2528312,2528312,0,0,0,748959929,0,3297,460,47668997,47669457,2528312,2502331,349,18.854262053101042,18.85408011353029,1.1511754209680576,
job_title_title,title.title,benchmarks/job/../../data/job/title__title.csv,job-csv,utf8,TwoWay,static,full-scan,full-scan,contains_loser,%Loser%,3,2528312,41409377,41409377,2528312,2528312,0,0,0,748959929,0,3297,430,48015923,48016353,2528312,2502331,349,18.991466638611058,18.991296564664488,1.1595526539797978,
job_title_title,title.title,benchmarks/job/../../data/job/title__title.csv,job-csv,utf8,TwoWay,static,full-scan,full-scan,contains_loser,%Loser%,4,2528312,41409377,41409377,2528312,2528312,0,0,0,748959929,0,3297,109,48755132,48755241,2528312,2502331,349,19.283712215897406,19.283669104129554,1.1773961487032274,
job_title_title,title.title,benchmarks/job/../../data/job/title__title.csv,job-csv,utf8,TwoWay,static,full-scan,full-scan,contains_money,%Money%,0,2528312,41409377,41409377,2528312,2528312,0,0,0,748959929,0,2428,490,47176546,47177036,2528312,2502331,2286,18.6594993023013,18.65930549710637,1.1392838873185656,
job_title_title,title.title,benchmarks/job/../../data/job/title__title.csv,job-csv,utf8,TwoWay,static,full-scan,full-scan,contains_money,%Money%,1,2528312,41409377,41409377,2528312,2528312,0,0,0,748959929,0,2428,110,46534618,46534728,2528312,2502331,2286,18.40545312445616,18.4054096171675,1.123772714571388,
job_title_title,title.title,benchmarks/job/../../data/job/title__title.csv,job-csv,utf8,TwoWay,static,full-scan,full-scan,contains_money,%Money%,2,2528312,41409377,41409377,2528312,2528312,0,0,0,748959929,0,2428,100,46594918,46595018,2528312,2502331,2286,18.42929907384848,18.429259521767882,1.1252286649953704,
job_title_title,title.title,benchmarks/job/../../data/job/title__title.csv,job-csv,utf8,TwoWay,static,full-scan,full-scan,contains_money,%Money%,3,2528312,41409377,41409377,2528312,2528312,0,0,0,748959929,0,2428,109,54349320,54349429,2528312,2502331,2286,21.496329962441344,21.496286850673492,1.3124908640861705,
job_title_title,title.title,benchmarks/job/../../data/job/title__title.csv,job-csv,utf8,TwoWay,static,full-scan,full-scan,contains_money,%Money%,4,2528312,41409377,41409377,2528312,2528312,0,0,0,748959929,0,2428,110,48531176,48531286,2528312,2502331,2286,19.195133353794944,19.195089846506285,1.1719878326109567,
job_title_title,title.title,benchmarks/job/../../data/job/title__title.csv,job-csv,utf8,TwoWay,static,full-scan,full-scan,contains_mord,%Mord%,0,2528312,41409377,41409377,2528312,2528312,0,0,0,748959929,0,2898,569,52479158,52479727,2528312,2520211,637,20.75682392046551,20.75659886912691,1.26733920676952,
job_title_title,title.title,benchmarks/job/../../data/job/title__title.csv,job-csv,utf8,TwoWay,static,full-scan,full-scan,contains_mord,%Mord%,1,2528312,41409377,41409377,2528312,2528312,0,0,0,748959929,0,2898,110,52503924,52504034,2528312,2520211,637,20.766437844696384,20.766394337407725,1.267926199420967,
job_title_title,title.title,benchmarks/job/../../data/job/title__title.csv,job-csv,utf8,TwoWay,static,full-scan,full-scan,contains_mord,%Mord%,2,2528312,41409377,41409377,2528312,2528312,0,0,0,748959929,0,2898,110,52752663,52752773,2528312,2520211,637,20.864819294454165,20.86477578716551,1.2739330272947598,
job_title_title,title.title,benchmarks/job/../../data/job/title__title.csv,job-csv,utf8,TwoWay,static,full-scan,full-scan,contains_mord,%Mord%,3,2528312,41409377,41409377,2528312,2528312,0,0,0,748959929,0,2898,110,53580163,53580273,2528312,2520211,637,21.192112761399702,21.192069254111043,1.2939164238090324,
job_title_title,title.title,benchmarks/job/../../data/job/title__title.csv,job-csv,utf8,TwoWay,static,full-scan,full-scan,contains_mord,%Mord%,4,2528312,41409377,41409377,2528312,2528312,0,0,0,748959929,0,2898,110,52988045,52988155,2528312,2520211,637,20.95791777280652,20.957874265517862,1.2796172953773248,
job_title_title,title.title,benchmarks/job/../../data/job/title__title.csv,job-csv,utf8,TwoWay,static,full-scan,full-scan,contains_movie,%Movie%,0,2528312,41409377,41409377,2528312,2528312,0,0,0,748959929,0,3516,539,44335474,44336013,2528312,2502331,3638,17.53581559554359,17.535602409829167,1.070675682949782,
job_title_title,title.title,benchmarks/job/../../data/job/title__title.csv,job-csv,utf8,TwoWay,static,full-scan,full-scan,contains_movie,%Movie%,1,2528312,41409377,41409377,2528312,2528312,0,0,0,748959929,0,3516,110,43776135,43776245,2528312,2502331,3638,17.314415705023748,17.31437219773509,1.0571577785389044,
job_title_title,title.title,benchmarks/job/../../data/job/title__title.csv,job-csv,utf8,TwoWay,static,full-scan,full-scan,contains_movie,%Movie%,2,2528312,41409377,41409377,2528312,2528312,0,0,0,748959929,0,3516,110,43584760,43584870,2528312,2502331,3638,17.238722910779998,17.238679403491343,1.0525362407649843,
job_title_title,title.title,benchmarks/job/../../data/job/title__title.csv,job-csv,utf8,TwoWay,static,full-scan,full-scan,contains_movie,%Movie%,3,2528312,41409377,41409377,2528312,2528312,0,0,0,748959929,0,3516,169,43695442,43695611,2528312,2502331,3638,17.28252328035464,17.28245643733843,1.0552105384246664,
job_title_title,title.title,benchmarks/job/../../data/job/title__title.csv,job-csv,utf8,TwoWay,static,full-scan,full-scan,contains_movie,%Movie%,4,2528312,41409377,41409377,2528312,2528312,0,0,0,748959929,0,3516,110,43792019,43792129,2528312,2502331,3638,17.320698157505877,17.32065465021722,1.0575413631554997,
job_title_title,title.title,benchmarks/job/../../data/job/title__title.csv,job-csv,utf8,TwoWay,static,full-scan,full-scan,contains_murder_upper,%Murder%,0,2528312,41409377,41409377,2528312,2528312,0,0,0,748959929,0,3267,490,44489704,44490194,2528312,2471557,3622,17.596797388929847,17.596603583734918,1.074399018367265,
job_title_title,title.title,benchmarks/job/../../data/job/title__title.csv,job-csv,utf8,TwoWay,static,full-scan,full-scan,contains_murder_upper,%Murder%,1,2528312,41409377,41409377,2528312,2528312,0,0,0,748959929,0,3267,110,44459565,44459675,2528312,2471557,3622,17.58472648945225,17.584682982163592,1.0736620113845228,
job_title_title,title.title,benchmarks/job/../../data/job/title__title.csv,job-csv,utf8,TwoWay,static,full-scan,full-scan,contains_murder_upper,%Murder%,2,2528312,41409377,41409377,2528312,2528312,0,0,0,748959929,0,3267,140,45128466,45128606,2528312,2471557,3622,17.8493026177149,17.849247244802065,1.0898161061442677,
job_title_title,title.title,benchmarks/job/../../data/job/title__title.csv,job-csv,utf8,TwoWay,static,full-scan,full-scan,contains_murder_upper,%Murder%,3,2528312,41409377,41409377,2528312,2528312,0,0,0,748959929,0,3267,110,44578719,44578829,2528312,2471557,3622,17.631854375567574,17.631810868278915,1.0765394755878601,
job_title_title,title.title,benchmarks/job/../../data/job/title__title.csv,job-csv,utf8,TwoWay,static,full-scan,full-scan,contains_murder_upper,%Murder%,4,2528312,41409377,41409377,2528312,2528312,0,0,0,748959929,0,3267,120,44905503,44905623,2528312,2471557,3622,17.76110820183585,17.761060739339133,1.0844312629963015,
job_title_title,title.title,benchmarks/job/../../data/job/title__title.csv,job-csv,utf8,TwoWay,static,full-scan,full-scan,contains_murder_lower,%murder%,0,2528312,41409377,41409377,2528312,2528312,0,0,0,748959929,0,2628,510,44804008,44804518,2528312,2471557,7,17.721119070747598,17.72091735513655,1.0819896662536121,
job_title_title,title.title,benchmarks/job/../../data/job/title__title.csv,job-csv,utf8,TwoWay,static,full-scan,full-scan,contains_murder_lower,%murder%,1,2528312,41409377,41409377,2528312,2528312,0,0,0,748959929,0,2628,110,44695467,44695577,2528312,2471557,7,17.678030638623714,17.67798713133506,1.0793588370093083,
job_title_title,title.title,benchmarks/job/../../data/job/title__title.csv,job-csv,utf8,TwoWay,static,full-scan,full-scan,contains_murder_lower,%murder%,2,2528312,41409377,41409377,2528312,2528312,0,0,0,748959929,0,2628,110,45935649,45935759,2528312,2471557,7,18.168548422821235,18.168504915532576,1.109308140520926,
job_title_title,title.title,benchmarks/job/../../data/job/title__title.csv,job-csv,utf8,TwoWay,static,full-scan,full-scan,contains_murder_lower,%murder%,3,2528312,41409377,41409377,2528312,2528312,0,0,0,748959929,0,2628,100,45618975,45619075,2528312,2471557,7,18.04329331190138,18.043253759820782,1.1016605007121938,
job_title_title,title.title,benchmarks/job/../../data/job/title__title.csv,job-csv,utf8,TwoWay,static,full-scan,full-scan,contains_murder_lower,%murder%,4,2528312,41409377,41409377,2528312,2528312,0,0,0,748959929,0,2628,110,45949285,45949395,2528312,2471557,7,18.17394174453153,18.173898237242874,1.1096374379165377,
job_title_title,title.title,benchmarks/job/../../data/job/title__title.csv,job-csv,utf8,TwoWay,static,full-scan,full-scan,prefix_birdemic,Birdemic%,0,2528312,41409377,41409377,2528312,2528312,0,0,0,748959929,0,3237,309,9327065,9327374,2528312,2138136,8,3.689170482124042,3.689048266194995,0.2252478707902319,
job_title_title,title.title,benchmarks/job/../../data/job/title__title.csv,job-csv,utf8,TwoWay,static,full-scan,full-scan,prefix_birdemic,Birdemic%,1,2528312,41409377,41409377,2528312,2528312,0,0,0,748959929,0,3237,110,9398313,9398423,2528312,2138136,8,3.7172718398678644,3.717228332579207,0.22696364159257937,
job_title_title,title.title,benchmarks/job/../../data/job/title__title.csv,job-csv,utf8,TwoWay,static,full-scan,full-scan,prefix_birdemic,Birdemic%,2,2528312,41409377,41409377,2528312,2528312,0,0,0,748959929,0,3237,90,9258443,9258533,2528312,2138136,8,3.661942434319815,3.661906837447277,0.22358542124408198,
job_title_title,title.title,benchmarks/job/../../data/job/title__title.csv,job-csv,utf8,TwoWay,static,full-scan,full-scan,prefix_birdemic,Birdemic%,3,2528312,41409377,41409377,2528312,2528312,0,0,0,748959929,0,3237,30,9390391,9390421,2528312,2138136,8,3.7141068823784407,3.7140950167542615,0.22677040033710238,
job_title_title,title.title,benchmarks/job/../../data/job/title__title.csv,job-csv,utf8,TwoWay,static,full-scan,full-scan,prefix_birdemic,Birdemic%,4,2528312,41409377,41409377,2528312,2528312,0,0,0,748959929,0,3237,40,9061809,9061849,2528312,2138136,8,3.5841498201171373,3.5841339992848984,0.218835675793915,
job_title_title,title.title,benchmarks/job/../../data/job/title__title.csv,job-csv,utf8,TwoWay,static,full-scan,full-scan,prefix_champion,Champion%,0,2528312,41409377,41409377,2528312,2528312,0,0,0,748959929,0,2268,280,9367773,9368053,2528312,2138136,222,3.705259872990359,3.7051491271646855,0.22623023282866583,
job_title_title,title.title,benchmarks/job/../../data/job/title__title.csv,job-csv,utf8,TwoWay,static,full-scan,full-scan,prefix_champion,Champion%,1,2528312,41409377,41409377,2528312,2528312,0,0,0,748959929,0,2268,40,9085595,9085635,2528312,2138136,222,3.593557678008094,3.593541857175855,0.21941008675402193,
job_title_title,title.title,benchmarks/job/../../data/job/title__title.csv,job-csv,utf8,TwoWay,static,full-scan,full-scan,prefix_champion,Champion%,2,2528312,41409377,41409377,2528312,2528312,0,0,0,748959929,0,2268,90,9315036,9315126,2528312,2138136,222,3.684326143292442,3.684290546419904,0.224952092372701,
job_title_title,title.title,benchmarks/job/../../data/job/title__title.csv,job-csv,utf8,TwoWay,static,full-scan,full-scan,prefix_champion,Champion%,3,2528312,41409377,41409377,2528312,2528312,0,0,0,748959929,0,2268,110,9275695,9275805,2528312,2138136,222,3.6687738696806407,3.668730362391983,0.22400252483875813,
job_title_title,title.title,benchmarks/job/../../data/job/title__title.csv,job-csv,utf8,TwoWay,static,full-scan,full-scan,prefix_champion,Champion%,4,2528312,41409377,41409377,2528312,2528312,0,0,0,748959929,0,2268,90,9273777,9273867,2528312,2138136,222,3.6680073503586583,3.6679717534861203,0.2239557238448673,
job_title_title,title.title,benchmarks/job/../../data/job/title__title.csv,job-csv,utf8,TwoWay,static,full-scan,full-scan,prefix_dragon_ball_z,Dragon Ball Z%,0,2528312,41409377,41409377,2528312,2528312,0,0,0,748959929,0,3197,460,9921602,9922062,2528312,1303963,25,3.9243819591885813,3.924200019617832,0.23960906245945213,
job_title_title,title.title,benchmarks/job/../../data/job/title__title.csv,job-csv,utf8,TwoWay,static,full-scan,full-scan,prefix_dragon_ball_z,Dragon Ball Z%,1,2528312,41409377,41409377,2528312,2528312,0,0,0,748959929,0,3197,110,9944848,9944958,2528312,1303963,25,3.9334378035622186,3.933394296273561,0.24016198070306635,
job_title_title,title.title,benchmarks/job/../../data/job/title__title.csv,job-csv,utf8,TwoWay,static,full-scan,full-scan,prefix_dragon_ball_z,Dragon Ball Z%,2,2528312,41409377,41409377,2528312,2528312,0,0,0,748959929,0,3197,99,9839963,9840062,2528312,1303963,25,3.89194925309851,3.891910096538718,0.23762883464776588,
job_title_title,title.title,benchmarks/job/../../data/job/title__title.csv,job-csv,utf8,TwoWay,static,full-scan,full-scan,prefix_dragon_ball_z,Dragon Ball Z%,3,2528312,41409377,41409377,2528312,2528312,0,0,0,748959929,0,3197,80,9910141,9910221,2528312,1303963,25,3.919698597325014,3.9196669556605355,0.2393231127336207,
job_title_title,title.title,benchmarks/job/../../data/job/title__title.csv,job-csv,utf8,TwoWay,static,full-scan,full-scan,prefix_dragon_ball_z,Dragon Ball Z%,4,2528312,41409377,41409377,2528312,2528312,0,0,0,748959929,0,3197,100,9889343,9889443,2528312,1303963,25,3.9114804660184346,3.9114409139378368,0.23882134232543514,
job_title_title,title.title,benchmarks/job/../../data/job/title__title.csv,job-csv,utf8,TwoWay,static,full-scan,full-scan,prefix_kung_fu_panda,Kung Fu Panda%,0,2528312,41409377,41409377,2528312,2528312,0,0,0,748959929,0,2798,349,9891661,9892010,2528312,1303963,15,3.912495767927376,3.9123577311660904,0.23888333311558876,
job_title_title,title.title,benchmarks/job/../../data/job/title__title.csv,job-csv,utf8,TwoWay,static,full-scan,full-scan,prefix_kung_fu_panda,Kung Fu Panda%,1,2528312,41409377,41409377,2528312,2528312,0,0,0,748959929,0,2798,30,9729502,9729532,2528312,1303963,15,3.84823233841393,3.8482204727897504,0.23495963245233079,
job_title_title,title.title,benchmarks/job/../../data/job/title__title.csv,job-csv,utf8,TwoWay,static,full-scan,full-scan,prefix_kung_fu_panda,Kung Fu Panda%,2,2528312,41409377,41409377,2528312,2528312,0,0,0,748959929,0,2798,40,9748204,9748244,2528312,1303963,15,3.8556333237353617,3.8556175029031228,0.23541151077930972,
job_title_title,title.title,benchmarks/job/../../data/job/title__title.csv,job-csv,utf8,TwoWay,static,full-scan,full-scan,prefix_kung_fu_panda,Kung Fu Panda%,3,2528312,41409377,41409377,2528312,2528312,0,0,0,748959929,0,2798,40,9562289,9562329,2528312,1303963,15,3.782100073092245,3.782084252260006,0.2309218271987043,
job_title_title,title.title,benchmarks/job/../../data/job/title__title.csv,job-csv,utf8,TwoWay,static,full-scan,full-scan,prefix_kung_fu_panda,Kung Fu Panda%,4,2528312,41409377,41409377,2528312,2528312,0,0,0,748959929,0,2798,39,9741122,9741161,2528312,1303963,15,3.8528318498666305,3.8528164245551975,0.23524046256479542,
job_title_title,title.title,benchmarks/job/../../data/job/title__title.csv,job-csv,utf8,TwoWay,static,full-scan,full-scan,prefix_loser,Loser%,0,2528312,41409377,41409377,2528312,2528312,0,0,0,748959929,0,2218,339,10202931,10203270,2528312,2502331,72,4.035605573995614,4.0354714924423885,0.24639998809931382,
job_title_title,title.title,benchmarks/job/../../data/job/title__title.csv,job-csv,utf8,TwoWay,static,full-scan,full-scan,prefix_loser,Loser%,1,2528312,41409377,41409377,2528312,2528312,0,0,0,748959929,0,2218,40,10364699,10364739,2528312,2502331,72,4.09946992301583,4.099454102183591,0.25029932230084023,
job_title_title,title.title,benchmarks/job/../../data/job/title__title.csv,job-csv,utf8,TwoWay,static,full-scan,full-scan,prefix_loser,Loser%,2,2528312,41409377,41409377,2528312,2528312,0,0,0,748959929,0,2218,70,10235947,10236017,2528312,2502331,72,4.0485576938289265,4.0485300073725075,0.24719079932064664,
job_title_title,title.title,benchmarks/job/../../data/job/title__title.csv,job-csv,utf8,TwoWay,static,full-scan,full-scan,prefix_loser,Loser%,3,2528312,41409377,41409377,2528312,2528312,0,0,0,748959929,0,2218,40,10198825,10198865,2528312,2502331,72,4.033863304845288,4.033847484013049,0.24629361122723484,
job_title_title,title.title,benchmarks/job/../../data/job/title__title.csv,job-csv,utf8,TwoWay,static,full-scan,full-scan,prefix_loser,Loser%,4,2528312,41409377,41409377,2528312,2528312,0,0,0,748959929,0,2218,40,10410783,10410823,2528312,2502331,72,4.1176971038384504,4.1176812830062115,0.25141221033100786,
job_title_title,title.title,benchmarks/job/../../data/job/title__title.csv,job-csv,utf8,TwoWay,static,full-scan,full-scan,prefix_one_piece,One Piece%,0,2528312,41409377,41409377,2528312,2528312,0,0,0,748959929,0,2957,260,9284486,9284746,2528312,2000434,14,3.6723102212068763,3.6722073857973223,0.2242184421175909,
job_title_title,title.title,benchmarks/job/../../data/job/title__title.csv,job-csv,utf8,TwoWay,static,full-scan,full-scan,prefix_one_piece,One Piece%,1,2528312,41409377,41409377,2528312,2528312,0,0,0,748959929,0,2957,70,9501430,9501500,2528312,2000434,14,3.758040937985502,3.7580132515290834,0.22945286039922794,
job_title_title,title.title,benchmarks/job/../../data/job/title__title.csv,job-csv,utf8,TwoWay,static,full-scan,full-scan,prefix_one_piece,One Piece%,2,2528312,41409377,41409377,2528312,2528312,0,0,0,748959929,0,2957,80,9446355,9446435,2528312,2000434,14,3.736261584804407,3.736229943139929,0.22812308912544133,
job_title_title,title.title,benchmarks/job/../../data/job/title__title.csv,job-csv,utf8,TwoWay,static,full-scan,full-scan,prefix_one_piece,One Piece%,3,2528312,41409377,41409377,2528312,2528312,0,0,0,748959929,0,2957,30,9229431,9229461,2528312,2000434,14,3.6504438534484667,3.6504319878242875,0.22288335803748024,
job_title_title,title.title,benchmarks/job/../../data/job/title__title.csv,job-csv,utf8,TwoWay,static,full-scan,full-scan,prefix_one_piece,One Piece%,4,2528312,41409377,41409377,2528312,2528312,0,0,0,748959929,0,2957,70,9398273,9398343,2528312,2000434,14,3.7172401982033865,3.717212511746968,0.226961709663007,
job_title_title,title.title,benchmarks/job/../../data/job/title__title.csv,job-csv,utf8,TwoWay,static,full-scan,full-scan,prefix_saw,Saw%,0,2528312,41409377,41409377,2528312,2528312,0,0,0,748959929,0,3497,390,9435905,9436295,2528312,2526814,131,3.7322510038318057,3.7320967507174747,0.22787821705214256,
job_title_title,title.title,benchmarks/job/../../data/job/title__title.csv,job-csv,utf8,TwoWay,static,full-scan,full-scan,prefix_saw,Saw%,1,2528312,41409377,41409377,2528312,2528312,0,0,0,748959929,0,3497,40,9445616,9445656,2528312,2526814,131,3.735953474096551,3.7359376532643123,0.2281042769612303,
job_title_title,title.title,benchmarks/job/../../data/job/title__title.csv,job-csv,utf8,TwoWay,static,full-scan,full-scan,prefix_saw,Saw%,2,2528312,41409377,41409377,2528312,2528312,0,0,0,748959929,0,3497,100,9596575,9596675,2528312,2526814,131,3.795684630694313,3.7956450786137155,0.23175125286236498,
job_title_title,title.title,benchmarks/job/../../data/job/title__title.csv,job-csv,utf8,TwoWay,static,full-scan,full-scan,prefix_saw,Saw%,3,2528312,41409377,41409377,2528312,2528312,0,0,0,748959929,0,3497,120,10118435,10118555,2528312,2526814,131,4.002099028917317,4.0020515664206,0.24435419542776507,
job_title_title,title.title,benchmarks/job/../../data/job/title__title.csv,job-csv,utf8,TwoWay,static,full-scan,full-scan,prefix_saw,Saw%,4,2528312,41409377,41409377,2528312,2528312,0,0,0,748959929,0,3497,100,9873391,9873491,2528312,2526814,131,3.9051711181214976,3.9051315660409,0.2384361155687032,
job_title_title,title.title,benchmarks/job/../../data/job/title__title.csv,job-csv,utf8,TwoWay,static,full-scan,full-scan,prefix_vampire,Vampire%,0,2528312,41409377,41409377,2528312,2528312,0,0,0,748959929,0,2907,459,11505451,11505910,2528312,2317545,284,4.550826796692813,4.5506452526428705,0.27785759732632537,
job_title_title,title.title,benchmarks/job/../../data/job/title__title.csv,job-csv,utf8,TwoWay,static,full-scan,full-scan,prefix_vampire,Vampire%,1,2528312,41409377,41409377,2528312,2528312,0,0,0,748959929,0,2907,100,11661495,11661595,2528312,2317545,284,4.612403453371261,4.612363901290664,0.2816172530197689,
job_title_title,title.title,benchmarks/job/../../data/job/title__title.csv,job-csv,utf8,TwoWay,static,full-scan,full-scan,prefix_vampire,Vampire%,2,2528312,41409377,41409377,2528312,2528312,0,0,0,748959929,0,2907,110,11427459,11427569,2528312,2317545,284,4.51984130123181,4.519797793943153,0.27596573114345574,
job_title_title,title.title,benchmarks/job/../../data/job/title__title.csv,job-csv,utf8,TwoWay,static,full-scan,full-scan,prefix_vampire,Vampire%,3,2528312,41409377,41409377,2528312,2528312,0,0,0,748959929,0,2907,100,11541655,11541755,2528312,2317545,284,4.56500423998304,4.564964687902442,0.2787232225203485,
job_title_title,title.title,benchmarks/job/../../data/job/title__title.csv,job-csv,utf8,TwoWay,static,full-scan,full-scan,prefix_vampire,Vampire%,4,2528312,41409377,41409377,2528312,2528312,0,0,0,748959929,0,2907,40,11313491,11313531,2528312,2317545,284,4.474736899559865,4.474721078727625,0.2732118138362719,
job_title_title,title.title,benchmarks/job/../../data/job/title__title.csv,job-csv,utf8,TwoWay2,static,full-scan,full-scan,contains_champion,%Champion%,0,2528312,41409377,41409377,2528312,2528312,0,0,0,748959929,0,3926,339,35528643,35528982,2528312,2138136,1870,14.052451596163765,14.052317514610538,0.857993637528041,
job_title_title,title.title,benchmarks/job/../../data/job/title__title.csv,job-csv,utf8,TwoWay2,static,full-scan,full-scan,contains_champion,%Champion%,1,2528312,41409377,41409377,2528312,2528312,0,0,0,748959929,0,3926,100,35862739,35862839,2528312,2138136,1870,14.184498985884654,14.184459433804056,0.8660559901686036,
job_title_title,title.title,benchmarks/job/../../data/job/title__title.csv,job-csv,utf8,TwoWay2,static,full-scan,full-scan,contains_champion,%Champion%,2,2528312,41409377,41409377,2528312,2528312,0,0,0,748959929,0,3926,40,36959535,36959575,2528312,2138136,1870,14.618280892548071,14.618265071715832,0.8925411990622317,
job_title_title,title.title,benchmarks/job/../../data/job/title__title.csv,job-csv,utf8,TwoWay2,static,full-scan,full-scan,contains_champion,%Champion%,3,2528312,41409377,41409377,2528312,2528312,0,0,0,748959929,0,3926,99,36437156,36437255,2528312,2138136,1870,14.411692465170438,14.411653308610646,0.8799276308841836,
job_title_title,title.title,benchmarks/job/../../data/job/title__title.csv,job-csv,utf8,TwoWay2,static,full-scan,full-scan,contains_champion,%Champion%,4,2528312,41409377,41409377,2528312,2528312,0,0,0,748959929,0,3926,109,35631640,35631749,2528312,2138136,1870,14.093098082831549,14.093054971063697,0.8604753701075967,
job_title_title,title.title,benchmarks/job/../../data/job/title__title.csv,job-csv,utf8,TwoWay2,static,full-scan,full-scan,contains_freddy,%Freddy%,0,2528312,41409377,41409377,2528312,2528312,0,0,0,748959929,0,3387,360,36566596,36566956,2528312,2471557,146,14.462991909226393,14.462849521736242,0.8830597958525191,
job_title_title,title.title,benchmarks/job/../../data/job/title__title.csv,job-csv,utf8,TwoWay2,static,full-scan,full-scan,contains_freddy,%Freddy%,1,2528312,41409377,41409377,2528312,2528312,0,0,0,748959929,0,3387,109,36648394,36648503,2528312,2471557,146,14.495245444391356,14.495202332623505,0.8850290841130017,
job_title_title,title.title,benchmarks/job/../../data/job/title__title.csv,job-csv,utf8,TwoWay2,static,full-scan,full-scan,contains_freddy,%Freddy%,2,2528312,41409377,41409377,2528312,2528312,0,0,0,748959929,0,3387,110,36166857,36166967,2528312,2471557,146,14.304787937564667,14.30474443027601,0.8734004136309512,
job_title_title,title.title,benchmarks/job/../../data/job/title__title.csv,job-csv,utf8,TwoWay2,static,full-scan,full-scan,contains_freddy,%Freddy%,3,2528312,41409377,41409377,2528312,2528312,0,0,0,748959929,0,3387,100,36673846,36673946,2528312,2471557,146,14.505308680257816,14.505269128177218,0.8856435101643766,
job_title_title,title.title,benchmarks/job/../../data/job/title__title.csv,job-csv,utf8,TwoWay2,static,full-scan,full-scan,contains_freddy,%Freddy%,4,2528312,41409377,41409377,2528312,2528312,0,0,0,748959929,0,3387,100,37324669,37324769,2528312,2471557,146,14.762722717765845,14.762683165685248,0.9013603126654139,
job_title_title,title.title,benchmarks/job/../../data/job/title__title.csv,job-csv,utf8,TwoWay2,static,full-scan,full-scan,contains_jason,%Jason%,0,2528312,41409377,41409377,2528312,2528312,0,0,0,748959929,0,2718,480,42150835,42151315,2528312,2502331,482,16.67172208176839,16.67153223178152,1.0179171495383763,
job_title_title,title.title,benchmarks/job/../../data/job/title__title.csv,job-csv,utf8,TwoWay2,static,full-scan,full-scan,contains_jason,%Jason%,1,2528312,41409377,41409377,2528312,2528312,0,0,0,748959929,0,2718,99,41128644,41128743,2528312,2502331,482,16.26727358015941,16.267234423599618,0.9932229359548201,
job_title_title,title.title,benchmarks/job/../../data/job/title__title.csv,job-csv,utf8,TwoWay2,static,full-scan,full-scan,contains_jason,%Jason%,2,2528312,41409377,41409377,2528312,2528312,0,0,0,748959929,0,2718,140,40949858,40949998,2528312,2502331,482,16.196576213695145,16.19652084078231,0.9889064015621389,
job_title_title,title.title,benchmarks/job/../../data/job/title__title.csv,job-csv,utf8,TwoWay2,static,full-scan,full-scan,contains_jason,%Jason%,3,2528312,41409377,41409377,2528312,2528312,0,0,0,748959929,0,2718,99,40859091,40859190,2528312,2502331,482,16.160659760346032,16.160620603786242,0.986713468304534,
job_title_title,title.title,benchmarks/job/../../data/job/title__title.csv,job-csv,utf8,TwoWay2,static,full-scan,full-scan,contains_jason,%Jason%,4,2528312,41409377,41409377,2528312,2528312,0,0,0,748959929,0,2718,100,40915952,40916052,2528312,2502331,482,16.18314986441547,16.18311031233487,0.9880866355463401,
job_title_title,title.title,benchmarks/job/../../data/job/title__title.csv,job-csv,utf8,TwoWay2,static,full-scan,full-scan,contains_kung_fu_panda,%Kung%Fu%Panda%,0,2528312,41409377,41409377,2528312,2528312,0,0,0,748959929,0,3327,489,39100068,39100557,2528312,1799921,20,15.465083818769202,15.46489040909508,0.9442440295588123,
job_title_title,title.title,benchmarks/job/../../data/job/title__title.csv,job-csv,utf8,TwoWay2,static,full-scan,full-scan,contains_kung_fu_panda,%Kung%Fu%Panda%,1,2528312,41409377,41409377,2528312,2528312,0,0,0,748959929,0,3327,80,38581328,38581408,2528312,1799921,20,15.25974958786732,15.259717946202842,0.9317070382391892,
job_title_title,title.title,benchmarks/job/../../data/job/title__title.csv,job-csv,utf8,TwoWay2,static,full-scan,full-scan,contains_kung_fu_panda,%Kung%Fu%Panda%,2,2528312,41409377,41409377,2528312,2528312,0,0,0,748959929,0,3327,110,37882187,37882297,2528312,1799921,20,14.9832366416803,14.983193134391641,0.9148241230482651,
job_title_title,title.title,benchmarks/job/../../data/job/title__title.csv,job-csv,utf8,TwoWay2,static,full-scan,full-scan,contains_kung_fu_panda,%Kung%Fu%Panda%,3,2528312,41409377,41409377,2528312,2528312,0,0,0,748959929,0,3327,100,38279069,38279169,2528312,1799921,20,15.140207774989795,15.140168222909198,0.9244082324638693,
job_title_title,title.title,benchmarks/job/../../data/job/title__title.csv,job-csv,utf8,TwoWay2,static,full-scan,full-scan,contains_kung_fu_panda,%Kung%Fu%Panda%,4,2528312,41409377,41409377,2528312,2528312,0,0,0,748959929,0,3327,80,38078075,38078155,2528312,1799921,20,15.06070255569724,15.060670914032762,0.9195539213255973,
job_title_title,title.title,benchmarks/job/../../data/job/title__title.csv,job-csv,utf8,TwoWay2,static,full-scan,full-scan,contains_loser,%Loser%,0,2528312,41409377,41409377,2528312,2528312,0,0,0,748959929,0,2578,460,50683477,50683937,2528312,2502331,349,20.046551612301013,20.046369672730265,1.223972459184788,
job_title_title,title.title,benchmarks/job/../../data/job/title__title.csv,job-csv,utf8,TwoWay2,static,full-scan,full-scan,contains_loser,%Loser%,1,2528312,41409377,41409377,2528312,2528312,0,0,0,748959929,0,2578,150,43888600,43888750,2528312,2502331,349,17.35891377330013,17.358854445179233,1.0598746752456576,
job_title_title,title.title,benchmarks/job/../../data/job/title__title.csv,job-csv,utf8,TwoWay2,static,full-scan,full-scan,contains_loser,%Loser%,2,2528312,41409377,41409377,2528312,2528312,0,0,0,748959929,0,2578,110,43566153,43566263,2528312,2502331,349,17.231363455143196,17.231319947854537,1.052086898095569,
job_title_title,title.title,benchmarks/job/../../data/job/title__title.csv,job-csv,utf8,TwoWay2,static,full-scan,full-scan,contains_loser,%Loser%,3,2528312,41409377,41409377,2528312,2528312,0,0,0,748959929,0,2578,99,44582170,44582269,2528312,2502331,349,17.63321496714013,17.63317581058034,1.0766225485594725,
job_title_title,title.title,benchmarks/job/../../data/job/title__title.csv,job-csv,utf8,TwoWay2,static,full-scan,full-scan,contains_loser,%Loser%,4,2528312,41409377,41409377,2528312,2528312,0,0,0,748959929,0,2578,110,44089275,44089385,2528312,2502331,349,17.43826909020722,17.438225582918562,1.0647198338675803,
job_title_title,title.title,benchmarks/job/../../data/job/title__title.csv,job-csv,utf8,TwoWay2,static,full-scan,full-scan,contains_money,%Money%,0,2528312,41409377,41409377,2528312,2528312,0,0,0,748959929,0,4286,810,42104244,42105054,2528312,2502331,2286,16.653424893763113,16.653104521910272,1.0167999871140299,
job_title_title,title.title,benchmarks/job/../../data/job/title__title.csv,job-csv,utf8,TwoWay2,static,full-scan,full-scan,contains_money,%Money%,1,2528312,41409377,41409377,2528312,2528312,0,0,0,748959929,0,4286,110,42284470,42284580,2528312,2502331,2286,16.724431161976845,16.724387654688186,1.0211353819691613,
job_title_title,title.title,benchmarks/job/../../data/job/title__title.csv,job-csv,utf8,TwoWay2,static,full-scan,full-scan,contains_money,%Money%,2,2528312,41409377,41409377,2528312,2528312,0,0,0,748959929,0,4286,220,40970074,40970294,2528312,2502331,2286,16.204603703973245,16.20451668939593,0.989396532094651,
job_title_title,title.title,benchmarks/job/../../data/job/title__title.csv,job-csv,utf8,TwoWay2,static,full-scan,full-scan,contains_money,%Money%,3,2528312,41409377,41409377,2528312,2528312,0,0,0,748959929,0,4286,100,42128154,42128254,2528312,2502331,2286,16.662600976461764,16.662561424381167,1.0173602466900191,
job_title_title,title.title,benchmarks/job/../../data/job/title__title.csv,job-csv,utf8,TwoWay2,static,full-scan,full-scan,contains_money,%Money%,4,2528312,41409377,41409377,2528312,2528312,0,0,0,748959929,0,4286,100,40873386,40873486,2528312,2502331,2286,16.166314125788272,16.166274573707675,0.9870587041191178,
job_title_title,title.title,benchmarks/job/../../data/job/title__title.csv,job-csv,utf8,TwoWay2,static,full-scan,full-scan,contains_mord,%Mord%,0,2528312,41409377,41409377,2528312,2528312,0,0,0,748959929,0,3856,400,39973234,39973634,2528312,2520211,637,15.810403937488728,15.810245729166336,0.9653280704995876,
job_title_title,title.title,benchmarks/job/../../data/job/title__title.csv,job-csv,utf8,TwoWay2,static,full-scan,full-scan,contains_mord,%Mord%,1,2528312,41409377,41409377,2528312,2528312,0,0,0,748959929,0,3856,150,39604942,39605092,2528312,2520211,637,15.664637908612544,15.664578580491648,0.9564281056438014,
job_title_title,title.title,benchmarks/job/../../data/job/title__title.csv,job-csv,utf8,TwoWay2,static,full-scan,full-scan,contains_mord,%Mord%,2,2528312,41409377,41409377,2528312,2528312,0,0,0,748959929,0,3856,100,39352877,39352977,2528312,2520211,637,15.564921180613785,15.564881628533188,0.9503397503420542,
job_title_title,title.title,benchmarks/job/../../data/job/title__title.csv,job-csv,utf8,TwoWay2,static,full-scan,full-scan,contains_mord,%Mord%,3,2528312,41409377,41409377,2528312,2528312,0,0,0,748959929,0,3856,220,39684968,39685188,2528312,2520211,637,15.696317543088037,15.696230528510721,0.9583623535316651,
job_title_title,title.title,benchmarks/job/../../data/job/title__title.csv,job-csv,utf8,TwoWay2,static,full-scan,full-scan,contains_mord,%Mord%,4,2528312,41409377,41409377,2528312,2528312,0,0,0,748959929,0,3856,110,39385463,39385573,2528312,2520211,637,15.577813576805394,15.577770069516736,0.9511269150463191,
job_title_title,title.title,benchmarks/job/../../data/job/title__title.csv,job-csv,utf8,TwoWay2,static,full-scan,full-scan,contains_movie,%Movie%,0,2528312,41409377,41409377,2528312,2528312,0,0,0,748959929,0,3397,439,41558564,41559003,2528312,2502331,3638,16.43745036213885,16.437276728505026,1.0036133361774557,
job_title_title,title.title,benchmarks/job/../../data/job/title__title.csv,job-csv,utf8,TwoWay2,static,full-scan,full-scan,contains_movie,%Movie%,1,2528312,41409377,41409377,2528312,2528312,0,0,0,748959929,0,3397,100,41829978,41830078,2528312,2502331,3638,16.544666164618924,16.544626612538327,1.0101595587878562,
job_title_title,title.title,benchmarks/job/../../data/job/title__title.csv,job-csv,utf8,TwoWay2,static,full-scan,full-scan,contains_movie,%Movie%,2,2528312,41409377,41409377,2528312,2528312,0,0,0,748959929,0,3397,100,40909028,40909128,2528312,2502331,3638,16.180411278354885,16.180371726274288,0.987919427041851,
job_title_title,title.title,benchmarks/job/../../data/job/title__title.csv,job-csv,utf8,TwoWay2,static,full-scan,full-scan,contains_movie,%Movie%,3,2528312,41409377,41409377,2528312,2528312,0,0,0,748959929,0,3397,100,41332102,41332202,2528312,2502331,3638,16.34774584782258,16.347706295741983,0.9981362916906478,
job_title_title,title.title,benchmarks/job/../../data/job/title__title.csv,job-csv,utf8,TwoWay2,static,full-scan,full-scan,contains_movie,%Movie%,4,2528312,41409377,41409377,2528312,2528312,0,0,0,748959929,0,3397,110,41527597,41527707,2528312,2502331,3638,16.42507214299501,16.425028635706354,1.002857565328742,
job_title_title,title.title,benchmarks/job/../../data/job/title__title.csv,job-csv,utf8,TwoWay2,static,full-scan,full-scan,contains_murder_upper,%Murder%,0,2528312,41409377,41409377,2528312,2528312,0,0,0,748959929,0,2787,429,37957337,37957766,2528312,2471557,3622,15.013086201386537,15.012916522960774,0.9166466329594865,
job_title_title,title.title,benchmarks/job/../../data/job/title__title.csv,job-csv,utf8,TwoWay2,static,full-scan,full-scan,contains_murder_upper,%Murder%,1,2528312,41409377,41409377,2528312,2528312,0,0,0,748959929,0,2787,110,37442879,37442989,2528312,2471557,3622,14.809481187448384,14.809437680159727,0.9042152215909938,
job_title_title,title.title,benchmarks/job/../../data/job/title__title.csv,job-csv,utf8,TwoWay2,static,full-scan,full-scan,contains_murder_upper,%Murder%,2,2528312,41409377,41409377,2528312,2528312,0,0,0,748959929,0,2787,100,37557478,37557578,2528312,2471557,3622,14.854803521084422,14.854763969003825,0.9069824450631073,
job_title_title,title.title,benchmarks/job/../../data/job/title__title.csv,job-csv,utf8,TwoWay2,static,full-scan,full-scan,contains_murder_upper,%Murder%,3,2528312,41409377,41409377,2528312,2528312,0,0,0,748959929,0,2787,100,37142076,37142176,2528312,2471557,3622,14.690503387240183,14.690463835159585,0.8969508524603015,
job_title_title,title.title,benchmarks/job/../../data/job/title__title.csv,job-csv,utf8,TwoWay2,static,full-scan,full-scan,contains_murder_upper,%Murder%,4,2528312,41409377,41409377,2528312,2528312,0,0,0,748959929,0,2787,139,37618894,37619033,2528312,2471557,3622,14.879110252215707,14.879055274823676,0.9084665292114875,
job_title_title,title.title,benchmarks/job/../../data/job/title__title.csv,job-csv,utf8,TwoWay2,static,full-scan,full-scan,contains_murder_lower,%murder%,0,2528312,41409377,41409377,2528312,2528312,0,0,0,748959929,0,3456,559,42733596,42734155,2528312,2471557,7,16.90224742832372,16.902026332193177,1.0319922224379274,
job_title_title,title.title,benchmarks/job/../../data/job/title__title.csv,job-csv,utf8,TwoWay2,static,full-scan,full-scan,contains_murder_lower,%murder%,1,2528312,41409377,41409377,2528312,2528312,0,0,0,748959929,0,3456,110,41927227,41927337,2528312,2471557,7,16.58313412268739,16.58309061539873,1.0125082780163537,
job_title_title,title.title,benchmarks/job/../../data/job/title__title.csv,job-csv,utf8,TwoWay2,static,full-scan,full-scan,contains_murder_lower,%murder%,2,2528312,41409377,41409377,2528312,2528312,0,0,0,748959929,0,3456,100,41213925,41214025,2528312,2471557,7,16.301004385534696,16.3009648334541,0.9952824211772131,
job_title_title,title.title,benchmarks/job/../../data/job/title__title.csv,job-csv,utf8,TwoWay2,static,full-scan,full-scan,contains_murder_lower,%murder%,3,2528312,41409377,41409377,2528312,2528312,0,0,0,748959929,0,3456,110,41338013,41338123,2528312,2471557,7,16.350087726514765,16.35004421922611,0.9982792786281233,
job_title_title,title.title,benchmarks/job/../../data/job/title__title.csv,job-csv,utf8,TwoWay2,static,full-scan,full-scan,contains_murder_lower,%murder%,4,2528312,41409377,41409377,2528312,2528312,0,0,0,748959929,0,3456,100,40991817,40991917,2528312,2471557,7,16.213156050360872,16.213116498280275,0.9899187085089447,
job_title_title,title.title,benchmarks/job/../../data/job/title__title.csv,job-csv,utf8,TwoWay2,static,full-scan,full-scan,prefix_birdemic,Birdemic%,0,2528312,41409377,41409377,2528312,2528312,0,0,0,748959929,0,3286,470,9193594,9194064,2528312,2138136,8,3.6364436034793175,3.6362577087005086,0.2220285516490625,
job_title_title,title.title,benchmarks/job/../../data/job/title__title.csv,job-csv,utf8,TwoWay2,static,full-scan,full-scan,prefix_birdemic,Birdemic%,1,2528312,41409377,41409377,2528312,2528312,0,0,0,748959929,0,3286,100,9190447,9190547,2528312,2138136,8,3.6350525568046983,3.6350130047241005,0.22194361919523686,
job_title_title,title.title,benchmarks/job/../../data/job/title__title.csv,job-csv,utf8,TwoWay2,static,full-scan,full-scan,prefix_birdemic,Birdemic%,2,2528312,41409377,41409377,2528312,2528312,0,0,0,748959929,0,3286,50,9002600,9002650,2528312,2138136,8,3.560735383924136,3.560715607883837,0.2174060720594758,
job_title_title,title.title,benchmarks/job/../../data/job/title__title.csv,job-csv,utf8,TwoWay2,static,full-scan,full-scan,prefix_birdemic,Birdemic%,3,2528312,41409377,41409377,2528312,2528312,0,0,0,748959929,0,3286,90,9150510,9150600,2528312,2138136,8,3.619252687168356,3.619217090295818,0.22097893431239016,
job_title_title,title.title,benchmarks/job/../../data/job/title__title.csv,job-csv,utf8,TwoWay2,static,full-scan,full-scan,prefix_birdemic,Birdemic%,4,2528312,41409377,41409377,2528312,2528312,0,0,0,748959929,0,3286,80,9276615,9276695,2528312,2138136,8,3.66912588319796,3.6690942415334815,0.22402401755525084,
job_title_title,title.title,benchmarks/job/../../data/job/title__title.csv,job-csv,utf8,TwoWay2,static,full-scan,full-scan,prefix_champion,Champion%,0,2528312,41409377,41409377,2528312,2528312,0,0,0,748959929,0,2957,309,9017474,9017783,2528312,2138136,222,3.566720800280978,3.5665985843519312,0.21777152068721053,
job_title_title,title.title,benchmarks/job/../../data/job/title__title.csv,job-csv,utf8,TwoWay2,static,full-scan,full-scan,prefix_champion,Champion%,1,2528312,41409377,41409377,2528312,2528312,0,0,0,748959929,0,2957,80,9223402,9223482,2528312,2138136,222,3.6480790345495335,3.648047392885055,0.22273897045106475,
job_title_title,title.title,benchmarks/job/../../data/job/title__title.csv,job-csv,utf8,TwoWay2,static,full-scan,full-scan,prefix_champion,Champion%,2,2528312,41409377,41409377,2528312,2528312,0,0,0,748959929,0,2957,80,9294085,9294165,2528312,2138136,222,3.676035631678369,3.6760039900138906,0.22444590267561862,
job_title_title,title.title,benchmarks/job/../../data/job/title__title.csv,job-csv,utf8,TwoWay2,static,full-scan,full-scan,prefix_champion,Champion%,3,2528312,41409377,41409377,2528312,2528312,0,0,0,748959929,0,2957,80,9334212,9334292,2528312,2138136,222,3.691906695059787,3.6918750533953086,0.22541493440000318,
job_title_title,title.title,benchmarks/job/../../data/job/title__title.csv,job-csv,utf8,TwoWay2,static,full-scan,full-scan,prefix_champion,Champion%,4,2528312,41409377,41409377,2528312,2528312,0,0,0,748959929,0,2957,40,9249554,9249594,2528312,2138136,222,3.658406873835191,3.658391053002952,0.22336955226348854,
job_title_title,title.title,benchmarks/job/../../data/job/title__title.csv,job-csv,utf8,TwoWay2,static,full-scan,full-scan,prefix_dragon_ball_z,Dragon Ball Z%,0,2528312,41409377,41409377,2528312,2528312,0,0,0,748959929,0,3606,459,9825173,9825632,2528312,1303963,25,3.8862418878682696,3.8860603438183263,0.23728036285114842,
job_title_title,title.title,benchmarks/job/../../data/job/title__title.csv,job-csv,utf8,TwoWay2,static,full-scan,full-scan,prefix_dragon_ball_z,Dragon Ball Z%,1,2528312,41409377,41409377,2528312,2528312,0,0,0,748959929,0,3606,40,9640202,9640242,2528312,1303963,25,3.8129162856482903,3.8129004648160514,0.23280335755836173,
job_title_title,title.title,benchmarks/job/../../data/job/title__title.csv,job-csv,utf8,TwoWay2,static,full-scan,full-scan,prefix_dragon_ball_z,Dragon Ball Z%,2,2528312,41409377,41409377,2528312,2528312,0,0,0,748959929,0,3606,110,9483731,9483841,2528312,1303963,25,3.751056436072763,3.751012928784106,0.2290264110952454,
job_title_title,title.title,benchmarks/job/../../data/job/title__title.csv,job-csv,utf8,TwoWay2,static,full-scan,full-scan,prefix_dragon_ball_z,Dragon Ball Z%,3,2528312,41409377,41409377,2528312,2528312,0,0,0,748959929,0,3606,90,9779921,9780011,2528312,1303963,25,3.8681978331788165,3.868162236306279,0.23617865586338088,
job_title_title,title.title,benchmarks/job/../../data/job/title__title.csv,job-csv,utf8,TwoWay2,static,full-scan,full-scan,prefix_dragon_ball_z,Dragon Ball Z%,4,2528312,41409377,41409377,2528312,2528312,0,0,0,748959929,0,3606,100,9620692,9620792,2528312,1303963,25,3.805223405972048,3.80518385389145,0.2323336571810776,
job_title_title,title.title,benchmarks/job/../../data/job/title__title.csv,job-csv,utf8,TwoWay2,static,full-scan,full-scan,prefix_kung_fu_panda,Kung Fu Panda%,0,2528312,41409377,41409377,2528312,2528312,0,0,0,748959929,0,2537,649,9648963,9649612,2528312,1303963,15,3.8166223156002896,3.816365622597211,0.23302963480952635,
job_title_title,title.title,benchmarks/job/../../data/job/title__title.csv,job-csv,utf8,TwoWay2,static,full-scan,full-scan,prefix_kung_fu_panda,Kung Fu Panda%,1,2528312,41409377,41409377,2528312,2528312,0,0,0,748959929,0,2537,40,9701017,9701057,2528312,1303963,15,3.8369698834637496,3.8369540626315106,0.2342719862701629,
job_title_title,title.title,benchmarks/job/../../data/job/title__title.csv,job-csv,utf8,TwoWay2,static,full-scan,full-scan,prefix_kung_fu_panda,Kung Fu Panda%,2,2528312,41409377,41409377,2528312,2528312,0,0,0,748959929,0,2537,80,9592083,9592163,2528312,1303963,15,3.7939000408177472,3.793868399153269,0.23164229203448292,
job_title_title,title.title,benchmarks/job/../../data/job/title__title.csv,job-csv,utf8,TwoWay2,static,full-scan,full-scan,prefix_kung_fu_panda,Kung Fu Panda%,3,2528312,41409377,41409377,2528312,2528312,0,0,0,748959929,0,2537,90,9538153,9538243,2528312,1303963,15,3.7725735589594955,3.7725379620869575,0.23034017150270095,
job_title_title,title.title,benchmarks/job/../../data/job/title__title.csv,job-csv,utf8,TwoWay2,static,full-scan,full-scan,prefix_kung_fu_panda,Kung Fu Panda%,4,2528312,41409377,41409377,2528312,2528312,0,0,0,748959929,0,2537,79,9757337,9757416,2528312,1303963,15,3.859261040567778,3.859229794424106,0.23563300650478272,
job_title_title,title.title,benchmarks/job/../../data/job/title__title.csv,job-csv,utf8,TwoWay2,static,full-scan,full-scan,prefix_loser,Loser%,0,2528312,41409377,41409377,2528312,2528312,0,0,0,748959929,0,2467,819,10050758,10051577,2528312,2502331,72,3.975607836374625,3.97528390483453,0.2427367356915319,
job_title_title,title.title,benchmarks/job/../../data/job/title__title.csv,job-csv,utf8,TwoWay2,static,full-scan,full-scan,prefix_loser,Loser%,1,2528312,41409377,41409377,2528312,2528312,0,0,0,748959929,0,2467,70,10258756,10258826,2528312,2502331,72,4.057579127892444,4.057551441436026,0.24774161659085092,
job_title_title,title.title,benchmarks/job/../../data/job/title__title.csv,job-csv,utf8,TwoWay2,static,full-scan,full-scan,prefix_loser,Loser%,2,2528312,41409377,41409377,2528312,2528312,0,0,0,748959929,0,2467,80,10313956,10314036,2528312,2502331,72,4.0794158315904046,4.079384189925927,0.24907488948698744,
job_title_title,title.title,benchmarks/job/../../data/job/title__title.csv,job-csv,utf8,TwoWay2,static,full-scan,full-scan,prefix_loser,Loser%,3,2528312,41409377,41409377,2528312,2528312,0,0,0,748959929,0,2467,80,10297851,10297931,2528312,2502331,72,4.0730459690101535,4.073014327345676,0.24868596791494835,
job_title_title,title.title,benchmarks/job/../../data/job/title__title.csv,job-csv,utf8,TwoWay2,static,full-scan,full-scan,prefix_loser,Loser%,4,2528312,41409377,41409377,2528312,2528312,0,0,0,748959929,0,2467,80,10268105,10268185,2528312,2502331,72,4.061280807115578,4.061249165451099,0.24796762820169935,
job_title_title,title.title,benchmarks/job/../../data/job/title__title.csv,job-csv,utf8,TwoWay2,static,full-scan,full-scan,prefix_one_piece,One Piece%,0,2528312,41409377,41409377,2528312,2528312,0,0,0,748959929,0,2607,829,9627237,9628066,2528312,2000434,14,3.8081004243147207,3.8077725375665663,0.23250931787744597,
job_title_title,title.title,benchmarks/job/../../data/job/title__title.csv,job-csv,utf8,TwoWay2,static,full-scan,full-scan,prefix_one_piece,One Piece%,1,2528312,41409377,41409377,2528312,2528312,0,0,0,748959929,0,2607,320,9668819,9669139,2528312,2000434,14,3.8243456503785924,3.82421908372068,0.2335011946690239,
job_title_title,title.title,benchmarks/job/../../data/job/title__title.csv,job-csv,utf8,TwoWay2,static,full-scan,full-scan,prefix_one_piece,One Piece%,2,2528312,41409377,41409377,2528312,2528312,0,0,0,748959929,0,2607,80,9708199,9708279,2528312,2000434,14,3.839826334724512,3.8397946930600337,0.23444639121230923,
job_title_title,title.title,benchmarks/job/../../data/job/title__title.csv,job-csv,utf8,TwoWay2,static,full-scan,full-scan,prefix_one_piece,One Piece%,3,2528312,41409377,41409377,2528312,2528312,0,0,0,748959929,0,2607,40,9751862,9751902,2528312,2000434,14,3.8570801388436236,3.8570643180113846,0.23549984825900666,
job_title_title,title.title,benchmarks/job/../../data/job/title__title.csv,job-csv,utf8,TwoWay2,static,full-scan,full-scan,prefix_one_piece,One Piece%,4,2528312,41409377,41409377,2528312,2528312,0,0,0,748959929,0,2607,30,9560446,9560476,2528312,2000434,14,3.7813671730387703,3.781355307414591,0.23087707887998413,
job_title_title,title.title,benchmarks/job/../../data/job/title__title.csv,job-csv,utf8,TwoWay2,static,full-scan,full-scan,prefix_saw,Saw%,0,2528312,41409377,41409377,2528312,2528312,0,0,0,748959929,0,2227,449,9602134,9602583,2528312,2526814,131,3.798021367616022,3.797843778774139,0.231893925861285,
job_title_title,title.title,benchmarks/job/../../data/job/title__title.csv,job-csv,utf8,TwoWay2,static,full-scan,full-scan,prefix_saw,Saw%,1,2528312,41409377,41409377,2528312,2528312,0,0,0,748959929,0,2227,90,9686103,9686193,2528312,2526814,131,3.831090862203715,3.8310552653311776,0.2339130337556153,
job_title_title,title.title,benchmarks/job/../../data/job/title__title.csv,job-csv,utf8,TwoWay2,static,full-scan,full-scan,prefix_saw,Saw%,2,2528312,41409377,41409377,2528312,2528312,0,0,0,748959929,0,2227,80,9623039,9623119,2528312,2526814,131,3.806143782887555,3.806112141223077,0.23238985218251412,
job_title_title,title.title,benchmarks/job/../../data/job/title__title.csv,job-csv,utf8,TwoWay2,static,full-scan,full-scan,prefix_saw,Saw%,3,2528312,41409377,41409377,2528312,2528312,0,0,0,748959929,0,2227,90,9552726,9552816,2528312,2526814,131,3.778337483664991,3.7783018867924527,0.23069209662342904,
job_title_title,title.title,benchmarks/job/../../data/job/title__title.csv,job-csv,utf8,TwoWay2,static,full-scan,full-scan,prefix_saw,Saw%,4,2528312,41409377,41409377,2528312,2528312,0,0,0,748959929,0,2227,80,9385807,9385887,2528312,2526814,131,3.7123135910441434,3.712281949379665,0.22666090822858795,
job_title_title,title.title,benchmarks/job/../../data/job/title__title.csv,job-csv,utf8,TwoWay2,static,full-scan,full-scan,prefix_vampire,Vampire%,0,2528312,41409377,41409377,2528312,2528312,0,0,0,748959929,0,3077,559,11377527,11378086,2528312,2317545,284,4.500269745189676,4.500048649059135,0.2747707602555817,
job_title_title,title.title,benchmarks/job/../../data/job/title__title.csv,job-csv,utf8,TwoWay2,static,full-scan,full-scan,prefix_vampire,Vampire%,1,2528312,41409377,41409377,2528312,2528312,0,0,0,748959929,0,3077,70,11380016,11380086,2528312,2317545,284,4.501060786801629,4.501033100345211,0.27481905849489113,
job_title_title,title.title,benchmarks/job/../../data/job/title__title.csv,job-csv,utf8,TwoWay2,static,full-scan,full-scan,prefix_vampire,Vampire%,2,2528312,41409377,41409377,2528312,2528312,0,0,0,748959929,0,3077,40,11222226,11222266,2528312,2317545,284,4.438639693202421,4.438623872370182,0.2710078444309848,
job_title_title,title.title,benchmarks/job/../../data/job/title__title.csv,job-csv,utf8,TwoWay2,static,full-scan,full-scan,prefix_vampire,Vampire%,3,2528312,41409377,41409377,2528312,2528312,0,0,0,748959929,0,3077,30,11417514,11417544,2528312,2317545,284,4.515876205151896,4.515864339527717,0.27572363621891727,
job_title_title,title.title,benchmarks/job/../../data/job/title__title.csv,job-csv,utf8,TwoWay2,static,full-scan,full-scan,prefix_vampire,Vampire%,4,2528312,41409377,41409377,2528312,2528312,0,0,0,748959929,0,3077,90,11226412,11226502,2528312,2317545,284,4.440315119336538,4.4402795224639995,0.27111014010184215,
job_title_title,title.title,benchmarks/job/../../data/job/title__title.csv,job-csv,utf8,TwoWay3,static,full-scan,full-scan,contains_champion,%Champion%,0,2528312,41409377,41409377,2528312,2528312,0,0,0,748959929,0,3436,549,37157742,37158291,2528312,2138136,1870,14.696877205028493,14.696660064106013,0.8973400155235371,
job_title_title,title.title,benchmarks/job/../../data/job/title__title.csv,job-csv,utf8,TwoWay3,static,full-scan,full-scan,contains_champion,%Champion%,1,2528312,41409377,41409377,2528312,2528312,0,0,0,748959929,0,3436,80,37726238,37726318,2528312,2138136,1870,14.921543701884893,14.921512060220415,0.9110573675136431,
job_title_title,title.title,benchmarks/job/../../data/job/title__title.csv,job-csv,utf8,TwoWay3,static,full-scan,full-scan,contains_champion,%Champion%,2,2528312,41409377,41409377,2528312,2528312,0,0,0,748959929,0,3436,100,44817100,44817200,2528312,2138136,1870,17.72613506560899,17.726095513528392,1.0822959253890732,
job_title_title,title.title,benchmarks/job/../../data/job/title__title.csv,job-csv,utf8,TwoWay3,static,full-scan,full-scan,contains_champion,%Champion%,3,2528312,41409377,41409377,2528312,2528312,0,0,0,748959929,0,3436,109,37494429,37494538,2528312,2138136,1870,14.829869889475665,14.829826777707815,0.9054600845600744,
job_title_title,title.title,benchmarks/job/../../data/job/title__title.csv,job-csv,utf8,TwoWay3,static,full-scan,full-scan,contains_champion,%Champion%,4,2528312,41409377,41409377,2528312,2528312,0,0,0,748959929,0,3436,100,38172749,38172849,2528312,2138136,1870,15.098156002898376,15.098116450817779,0.9218406980621805,
job_title_title,title.title,benchmarks/job/../../data/job/title__title.csv,job-csv,utf8,TwoWay3,static,full-scan,full-scan,contains_freddy,%Freddy%,0,2528312,41409377,41409377,2528312,2528312,0,0,0,748959929,0,2930,330,39323161,39323491,2528312,2471557,146,15.553258854128762,15.55312833226279,0.9496276893999154,
job_title_title,title.title,benchmarks/job/../../data/job/title__title.csv,job-csv,utf8,TwoWay3,static,full-scan,full-scan,contains_freddy,%Freddy%,1,2528312,41409377,41409377,2528312,2528312,0,0,0,748959929,0,2930,100,38781643,38781743,2528312,2471557,146,15.338986248532617,15.33894669645202,0.9365449521252155,
job_title_title,title.title,benchmarks/job/../../data/job/title__title.csv,job-csv,utf8,TwoWay3,static,full-scan,full-scan,contains_freddy,%Freddy%,2,2528312,41409377,41409377,2528312,2528312,0,0,0,748959929,0,2930,100,39287944,39288044,2528312,2471557,146,15.539238828119315,15.539199276038717,0.9487716755555149,
job_title_title,title.title,benchmarks/job/../../data/job/title__title.csv,job-csv,utf8,TwoWay3,static,full-scan,full-scan,contains_freddy,%Freddy%,3,2528312,41409377,41409377,2528312,2528312,0,0,0,748959929,0,2930,110,39497523,39497633,2528312,2471557,146,15.622135638323119,15.622092131034462,0.9538330653948259,
job_title_title,title.title,benchmarks/job/../../data/job/title__title.csv,job-csv,utf8,TwoWay3,static,full-scan,full-scan,contains_freddy,%Freddy%,4,2528312,41409377,41409377,2528312,2528312,0,0,0,748959929,0,2930,100,39345254,39345354,2528312,2471557,146,15.561906125509827,15.561866573429228,0.9501556616029263,
job_title_title,title.title,benchmarks/job/../../data/job/title__title.csv,job-csv,utf8,TwoWay3,static,full-scan,full-scan,contains_jason,%Jason%,0,2528312,41409377,41409377,2528312,2528312,0,0,0,748959929,0,3650,310,43094904,43095214,2528312,2502331,482,17.045053775008782,17.04493116355893,1.0407114794313375,
job_title_title,title.title,benchmarks/job/../../data/job/title__title.csv,job-csv,utf8,TwoWay3,static,full-scan,full-scan,contains_jason,%Jason%,1,2528312,41409377,41409377,2528312,2528312,0,0,0,748959929,0,3650,100,42828861,42828961,2528312,2502331,482,16.939745173855126,16.93970562177453,1.034281703875912,
job_title_title,title.title,benchmarks/job/../../data/job/title__title.csv,job-csv,utf8,TwoWay3,static,full-scan,full-scan,contains_jason,%Jason%,2,2528312,41409377,41409377,2528312,2528312,0,0,0,748959929,0,3650,110,54220940,54221050,2528312,2502331,482,21.44555339689089,21.44550988960223,1.3093906242540185,
job_title_title,title.title,benchmarks/job/../../data/job/title__title.csv,job-csv,utf8,TwoWay3,static,full-scan,full-scan,contains_jason,%Jason%,3,2528312,41409377,41409377,2528312,2528312,0,0,0,748959929,0,3650,110,43976475,43976585,2528312,2502331,482,17.393654343293075,17.393610836004417,1.061995813170529,
job_title_title,title.title,benchmarks/job/../../data/job/title__title.csv,job-csv,utf8,TwoWay3,static,full-scan,full-scan,contains_jason,%Jason%,4,2528312,41409377,41409377,2528312,2528312,0,0,0,748959929,0,3650,110,43563746,43563856,2528312,2502331,482,17.23041143656321,17.23036792927455,1.0520287711645602,
job_title_title,title.title,benchmarks/job/../../data/job/title__title.csv,job-csv,utf8,TwoWay3,static,full-scan,full-scan,contains_kung_fu_panda,%Kung%Fu%Panda%,0,2528312,41409377,41409377,2528312,2528312,0,0,0,748959929,0,3561,330,40034905,40035235,2528312,1799921,20,15.834768414657685,15.834637892791713,0.9668156804194373,
job_title_title,title.title,benchmarks/job/../../data/job/title__title.csv,job-csv,utf8,TwoWay3,static,full-scan,full-scan,contains_kung_fu_panda,%Kung%Fu%Panda%,1,2528312,41409377,41409377,2528312,2528312,0,0,0,748959929,0,3561,110,49384207,49384317,2528312,1799921,20,19.532524862437864,19.532481355149205,1.1925877802991336,
job_title_title,title.title,benchmarks/job/../../data/job/title__title.csv,job-csv,utf8,TwoWay3,static,full-scan,full-scan,contains_kung_fu_panda,%Kung%Fu%Panda%,2,2528312,41409377,41409377,2528312,2528312,0,0,0,748959929,0,3561,110,42059501,42059611,2528312,1799921,20,16.635451241777123,16.635407734488464,1.0157025786695608,
job_title_title,title.title,benchmarks/job/../../data/job/title__title.csv,job-csv,utf8,TwoWay3,static,full-scan,full-scan,contains_kung_fu_panda,%Kung%Fu%Panda%,3,2528312,41409377,41409377,2528312,2528312,0,0,0,748959929,0,3561,100,40401507,40401607,2528312,1799921,20,15.979676163384898,15.9796366113043,0.9756632416855728,
job_title_title,title.title,benchmarks/job/../../data/job/title__title.csv,job-csv,utf8,TwoWay3,static,full-scan,full-scan,contains_kung_fu_panda,%Kung%Fu%Panda%,4,2528312,41409377,41409377,2528312,2528312,0,0,0,748959929,0,3561,110,40087351,40087461,2528312,1799921,20,15.855424884270612,15.855381376981954,0.9680768923425243,
job_title_title,title.title,benchmarks/job/../../data/job/title__title.csv,job-csv,utf8,TwoWay3,static,full-scan,full-scan,contains_loser,%Loser%,0,2528312,41409377,41409377,2528312,2528312,0,0,0,748959929,0,2520,400,45718058,45718458,2528312,2502331,349,18.08260135616174,18.08244314783935,1.1040605126708378,
job_title_title,title.title,benchmarks/job/../../data/job/title__title.csv,job-csv,utf8,TwoWay3,static,full-scan,full-scan,contains_loser,%Loser%,1,2528312,41409377,41409377,2528312,2528312,0,0,0,748959929,0,2520,110,45542788,45542898,2528312,2502331,349,18.01316372346451,18.013120216175853,1.0998208932242568,
job_title_title,title.title,benchmarks/job/../../data/job/title__title.csv,job-csv,utf8,TwoWay3,static,full-scan,full-scan,contains_loser,%Loser%,2,2528312,41409377,41409377,2528312,2528312,0,0,0,748959929,0,2520,110,45601795,45601905,2528312,2502331,349,18.036502219662765,18.036458712374106,1.1012458603277224,
job_title_title,title.title,benchmarks/job/../../data/job/title__title.csv,job-csv,utf8,TwoWay3,static,full-scan,full-scan,contains_loser,%Loser%,3,2528312,41409377,41409377,2528312,2528312,0,0,0,748959929,0,2520,110,46219516,46219626,2528312,2502331,349,18.28082372745136,18.2807802201627,1.1161632786699496,
job_title_title,title.title,benchmarks/job/../../data/job/title__title.csv,job-csv,utf8,TwoWay3,static,full-scan,full-scan,contains_loser,%Loser%,4,2528312,41409377,41409377,2528312,2528312,0,0,0,748959929,0,2520,120,46268744,46268864,2528312,2502331,349,18.300298380896027,18.30025091839931,1.1173523330235082,
job_title_title,title.title,benchmarks/job/../../data/job/title__title.csv,job-csv,utf8,TwoWay3,static,full-scan,full-scan,contains_money,%Money%,0,2528312,41409377,41409377,2528312,2528312,0,0,0,748959929,0,3690,450,43906976,43907426,2528312,2502331,2286,17.366300519872546,17.36612253550986,1.060325684204329,
job_title_title,title.title,benchmarks/job/../../data/job/title__title.csv,job-csv,utf8,TwoWay3,static,full-scan,full-scan,contains_money,%Money%,1,2528312,41409377,41409377,2528312,2528312,0,0,0,748959929,0,3690,110,43530376,43530486,2528312,2502331,2286,17.217212907267776,17.217169399979117,1.0512229150416825,
job_title_title,title.title,benchmarks/job/../../data/job/title__title.csv,job-csv,utf8,TwoWay3,static,full-scan,full-scan,contains_money,%Money%,2,2528312,41409377,41409377,2528312,2528312,0,0,0,748959929,0,3690,110,43240792,43240902,2528312,2502331,2286,17.102676410189883,17.102632902901224,1.044229716375593,
job_title_title,title.title,benchmarks/job/../../data/job/title__title.csv,job-csv,utf8,TwoWay3,static,full-scan,full-scan,contains_money,%Money%,3,2528312,41409377,41409377,2528312,2528312,0,0,0,748959929,0,3690,120,43275995,43276115,2528312,2502331,2286,17.116603884330733,17.116556421834016,1.0450800793259942,
job_title_title,title.title,benchmarks/job/../../data/job/title__title.csv,job-csv,utf8,TwoWay3,static,full-scan,full-scan,contains_money,%Money%,4,2528312,41409377,41409377,2528312,2528312,0,0,0,748959929,0,3690,420,43214689,43215109,2528312,2502331,2286,17.09247474204133,17.09230862330282,1.043606838132339,
job_title_title,title.title,benchmarks/job/../../data/job/title__title.csv,job-csv,utf8,TwoWay3,static,full-scan,full-scan,contains_mord,%Mord%,0,2528312,41409377,41409377,2528312,2528312,0,0,0,748959929,0,2750,420,42054710,42055130,2528312,2520211,637,16.633678913045543,16.63351279430703,1.015594366464388,
job_title_title,title.title,benchmarks/job/../../data/job/title__title.csv,job-csv,utf8,TwoWay3,static,full-scan,full-scan,contains_mord,%Mord%,1,2528312,41409377,41409377,2528312,2528312,0,0,0,748959929,0,2750,100,41505727,41505827,2528312,2520211,637,16.416418147760243,16.416378595679646,1.0023291825906968,
job_title_title,title.title,benchmarks/job/../../data/job/title__title.csv,job-csv,utf8,TwoWay3,static,full-scan,full-scan,contains_mord,%Mord%,2,2528312,41409377,41409377,2528312,2528312,0,0,0,748959929,0,2750,120,42516833,42516953,2528312,2520211,637,16.816339518224016,16.8162920557273,1.0267469853506852,
job_title_title,title.title,benchmarks/job/../../data/job/title__title.csv,job-csv,utf8,TwoWay3,static,full-scan,full-scan,contains_mord,%Mord%,3,2528312,41409377,41409377,2528312,2528312,0,0,0,748959929,0,2750,110,53508045,53508155,2528312,2520211,637,21.16358859191429,21.163545084625632,1.292174837597774,
job_title_title,title.title,benchmarks/job/../../data/job/title__title.csv,job-csv,utf8,TwoWay3,static,full-scan,full-scan,contains_mord,%Mord%,4,2528312,41409377,41409377,2528312,2528312,0,0,0,748959929,0,2750,110,41973412,41973522,2528312,2520211,637,16.60140125111141,16.601357743822756,1.0136236051076064,
job_title_title,title.title,benchmarks/job/../../data/job/title__title.csv,job-csv,utf8,TwoWay3,static,full-scan,full-scan,contains_movie,%Movie%,0,2528312,41409377,41409377,2528312,2528312,0,0,0,748959929,0,3051,341,42937112,42937453,2528312,2502331,3638,16.982656017137124,16.982521144542286,1.0369016901654908,
job_title_title,title.title,benchmarks/job/../../data/job/title__title.csv,job-csv,utf8,TwoWay3,static,full-scan,full-scan,contains_movie,%Movie%,1,2528312,41409377,41409377,2528312,2528312,0,0,0,748959929,0,3051,100,42837553,42837653,2528312,2502331,3638,16.943183040700674,16.943143488620077,1.0344916080239508,
job_title_title,title.title,benchmarks/job/../../data/job/title__title.csv,job-csv,utf8,TwoWay3,static,full-scan,full-scan,contains_movie,%Movie%,2,2528312,41409377,41409377,2528312,2528312,0,0,0,748959929,0,3051,110,43415788,43415898,2528312,2502331,3638,17.171890969152543,17.171847461863884,1.0484557157186885,
job_title_title,title.title,benchmarks/job/../../data/job/title__title.csv,job-csv,utf8,TwoWay3,static,full-scan,full-scan,contains_movie,%Movie%,3,2528312,41409377,41409377,2528312,2528312,0,0,0,748959929,0,3051,100,43169567,43169667,2528312,2502331,3638,17.074501485576146,17.07446193349555,1.0425094538369897,
job_title_title,title.title,benchmarks/job/../../data/job/title__title.csv,job-csv,utf8,TwoWay3,static,full-scan,full-scan,contains_movie,%Movie%,4,2528312,41409377,41409377,2528312,2528312,0,0,0,748959929,0,3051,100,42988887,42988987,2528312,2502331,3638,17.003038786352317,17.00299923427172,1.0381461908977767,
job_title_title,title.title,benchmarks/job/../../data/job/title__title.csv,job-csv,utf8,TwoWay3,static,full-scan,full-scan,contains_murder_upper,%Murder%,0,2528312,41409377,41409377,2528312,2528312,0,0,0,748959929,0,2630,510,39520620,39521130,2528312,2471557,3622,15.631429190701148,15.6312274750901,0.9544004972593526,
job_title_title,title.title,benchmarks/job/../../data/job/title__title.csv,job-csv,utf8,TwoWay3,static,full-scan,full-scan,contains_murder_upper,%Murder%,1,2528312,41409377,41409377,2528312,2528312,0,0,0,748959929,0,2630,100,39814138,39814238,2528312,2471557,3622,15.7473595030993,15.747319951018703,0.9614787974231054,
job_title_title,title.title,benchmarks/job/../../data/job/title__title.csv,job-csv,utf8,TwoWay3,static,full-scan,full-scan,contains_murder_upper,%Murder%,2,2528312,41409377,41409377,2528312,2528312,0,0,0,748959929,0,2630,110,40098564,40098674,2528312,2471557,3622,15.859859859068026,15.859816351779369,0.9683476764212126,
job_title_title,title.title,benchmarks/job/../../data/job/title__title.csv,job-csv,utf8,TwoWay3,static,full-scan,full-scan,contains_murder_upper,%Murder%,3,2528312,41409377,41409377,2528312,2528312,0,0,0,748959929,0,2630,100,40517684,40517784,2528312,2471557,3622,16.025626584060827,16.02558703198023,0.9784688139596981,
job_title_title,title.title,benchmarks/job/../../data/job/title__title.csv,job-csv,utf8,TwoWay3,static,full-scan,full-scan,contains_murder_upper,%Murder%,4,2528312,41409377,41409377,2528312,2528312,0,0,0,748959929,0,2630,100,51899802,51899902,2528312,2471557,3622,20.5274910691402,20.527451517059603,1.2533369434657275,
job_title_title,title.title,benchmarks/job/../../data/job/title__title.csv,job-csv,utf8,TwoWay3,static,full-scan,full-scan,contains_murder_lower,%murder%,0,2528312,41409377,41409377,2528312,2528312,0,0,0,748959929,0,2700,400,44121271,44121671,2528312,2471557,7,17.451038874948978,17.45088066662659,1.0654995123447522,
job_title_title,title.title,benchmarks/job/../../data/job/title__title.csv,job-csv,utf8,TwoWay3,static,full-scan,full-scan,contains_murder_lower,%murder%,1,2528312,41409377,41409377,2528312,2528312,0,0,0,748959929,0,2700,110,43546237,43546347,2528312,2471557,7,17.223486262771367,17.223442755482708,1.0516059442285257,
job_title_title,title.title,benchmarks/job/../../data/job/title__title.csv,job-csv,utf8,TwoWay3,static,full-scan,full-scan,contains_murder_lower,%murder%,2,2528312,41409377,41409377,2528312,2528312,0,0,0,748959929,0,2700,100,44217308,44217408,2528312,2471557,7,17.48890485035075,17.48886529827015,1.0678114766131352,
job_title_title,title.title,benchmarks/job/../../data/job/title__title.csv,job-csv,utf8,TwoWay3,static,full-scan,full-scan,contains_murder_lower,%murder%,3,2528312,41409377,41409377,2528312,2528312,0,0,0,748959929,0,2700,100,43785944,43786044,2528312,2471557,7,17.31829141340151,17.318251861320913,1.057394415762401,
job_title_title,title.title,benchmarks/job/../../data/job/title__title.csv,job-csv,utf8,TwoWay3,static,full-scan,full-scan,contains_murder_lower,%murder%,4,2528312,41409377,41409377,2528312,2528312,0,0,0,748959929,0,2700,100,44164734,44164834,2528312,2471557,7,17.46811073949734,17.468071187416744,1.0665418607964086,
job_title_title,title.title,benchmarks/job/../../data/job/title__title.csv,job-csv,utf8,TwoWay3,static,full-scan,full-scan,prefix_birdemic,Birdemic%,0,2528312,41409377,41409377,2528312,2528312,0,0,0,748959929,0,2380,890,9352231,9353121,2528312,2138136,8,3.699353956315518,3.699001942798199,0.2258696381739817,
job_title_title,title.title,benchmarks/job/../../data/job/title__title.csv,job-csv,utf8,TwoWay3,static,full-scan,full-scan,prefix_birdemic,Birdemic%,1,2528312,41409377,41409377,2528312,2528312,0,0,0,748959929,0,2380,100,9934735,9934835,2528312,2138136,8,3.929433946443319,3.929394394362721,0.23991751916480172,
job_title_title,title.title,benchmarks/job/../../data/job/title__title.csv,job-csv,utf8,TwoWay3,static,full-scan,full-scan,prefix_birdemic,Birdemic%,2,2528312,41409377,41409377,2528312,2528312,0,0,0,748959929,0,2380,100,9468340,9468440,2528312,2138136,8,3.7449650201399196,3.744925468059322,0.22865449050344322,
job_title_title,title.title,benchmarks/job/../../data/job/title__title.csv,job-csv,utf8,TwoWay3,static,full-scan,full-scan,prefix_birdemic,Birdemic%,3,2528312,41409377,41409377,2528312,2528312,0,0,0,748959929,0,2380,30,9316567,9316597,2528312,2138136,8,3.684907954398033,3.6848960887738538,0.2249876157277131,
job_title_title,title.title,benchmarks/job/../../data/job/title__title.csv,job-csv,utf8,TwoWay3,static,full-scan,full-scan,prefix_birdemic,Birdemic%,4,2528312,41409377,41409377,2528312,2528312,0,0,0,748959929,0,2380,40,9561556,9561596,2528312,2138136,8,3.7818101563414643,3.781794335509225,0.2309041258939974,
job_title_title,title.title,benchmarks/job/../../data/job/title__title.csv,job-csv,utf8,TwoWay3,static,full-scan,full-scan,prefix_champion,Champion%,0,2528312,41409377,41409377,2528312,2528312,0,0,0,748959929,0,3611,990,9092742,9093732,2528312,2138136,222,3.5967602099740854,3.596368644376169,0.2196056221758661,
job_title_title,title.title,benchmarks/job/../../data/job/title__title.csv,job-csv,utf8,TwoWay3,static,full-scan,full-scan,prefix_champion,Champion%,1,2528312,41409377,41409377,2528312,2528312,0,0,0,748959929,0,3611,80,9237942,9238022,2528312,2138136,222,3.6538299070684315,3.653798265403953,0.22309009865084423,
job_title_title,title.title,benchmarks/job/../../data/job/title__title.csv,job-csv,utf8,TwoWay3,static,full-scan,full-scan,prefix_champion,Champion%,2,2528312,41409377,41409377,2528312,2528312,0,0,0,748959929,0,3611,90,9284486,9284576,2528312,2138136,222,3.6722429826698604,3.6722073857973223,0.2242143367672496,
job_title_title,title.title,benchmarks/job/../../data/job/title__title.csv,job-csv,utf8,TwoWay3,static,full-scan,full-scan,prefix_champion,Champion%,3,2528312,41409377,41409377,2528312,2528312,0,0,0,748959929,0,3611,30,14163587,14163617,2528312,2138136,222,5.6020052113821395,5.60199334575796,0.342038881676486,
job_title_title,title.title,benchmarks/job/../../data/job/title__title.csv,job-csv,utf8,TwoWay3,static,full-scan,full-scan,prefix_champion,Champion%,4,2528312,41409377,41409377,2528312,2528312,0,0,0,748959929,0,3611,120,11072688,11072808,2528312,2138136,222,4.379525944582789,4.379478482086071,0.26739856530563116,
job_title_title,title.title,benchmarks/job/../../data/job/title__title.csv,job-csv,utf8,TwoWay3,static,full-scan,full-scan,prefix_dragon_ball_z,Dragon Ball Z%,0,2528312,41409377,41409377,2528312,2528312,0,0,0,748959929,0,2470,460,9827816,9828276,2528312,1303963,25,3.887287644879271,3.887105705308522,0.23734421312351547,
job_title_title,title.title,benchmarks/job/../../data/job/title__title.csv,job-csv,utf8,TwoWay3,static,full-scan,full-scan,prefix_dragon_ball_z,Dragon Ball Z%,1,2528312,41409377,41409377,2528312,2528312,0,0,0,748959929,0,2470,90,9632470,9632560,2528312,1303963,25,3.809877894816779,3.809842297944241,0.23261784402117425,
job_title_title,title.title,benchmarks/job/../../data/job/title__title.csv,job-csv,utf8,TwoWay3,static,full-scan,full-scan,prefix_dragon_ball_z,Dragon Ball Z%,2,2528312,41409377,41409377,2528312,2528312,0,0,0,748959929,0,2470,30,9767032,9767062,2528312,1303963,25,3.8630762342622273,3.8630643686380477,0.23586594891297205,
job_title_title,title.title,benchmarks/job/../../data/job/title__title.csv,job-csv,utf8,TwoWay3,static,full-scan,full-scan,prefix_dragon_ball_z,Dragon Ball Z%,3,2528312,41409377,41409377,2528312,2528312,0,0,0,748959929,0,2470,80,9876330,9876410,2528312,1303963,25,3.906325643354143,3.906294001689665,0.2385066068489753,
job_title_title,title.title,benchmarks/job/../../data/job/title__title.csv,job-csv,utf8,TwoWay3,static,full-scan,full-scan,prefix_dragon_ball_z,Dragon Ball Z%,4,2528312,41409377,41409377,2528312,2528312,0,0,0,748959929,0,2470,100,9909642,9909742,2528312,1303963,25,3.919509142858951,3.919469590778353,0.2393115453053061,
job_title_title,title.title,benchmarks/job/../../data/job/title__title.csv,job-csv,utf8,TwoWay3,static,full-scan,full-scan,prefix_kung_fu_panda,Kung Fu Panda%,0,2528312,41409377,41409377,2528312,2528312,0,0,0,748959929,0,2780,470,9809825,9810295,2528312,1303963,15,3.8801757852670082,3.8799898904881993,0.23690998780300412,
job_title_title,title.title,benchmarks/job/../../data/job/title__title.csv,job-csv,utf8,TwoWay3,static,full-scan,full-scan,prefix_kung_fu_panda,Kung Fu Panda%,1,2528312,41409377,41409377,2528312,2528312,0,0,0,748959929,0,2780,110,9756681,9756791,2528312,1303963,15,3.859013840064043,3.8589703327753853,0.23561791330499854,
job_title_title,title.title,benchmarks/job/../../data/job/title__title.csv,job-csv,utf8,TwoWay3,static,full-scan,full-scan,prefix_kung_fu_panda,Kung Fu Panda%,2,2528312,41409377,41409377,2528312,2528312,0,0,0,748959929,0,2780,100,9469559,9469659,2528312,1303963,15,3.7454471600024046,3.7454076079218073,0.22868392828030232,
job_title_title,title.title,benchmarks/job/../../data/job/title__title.csv,job-csv,utf8,TwoWay3,static,full-scan,full-scan,prefix_kung_fu_panda,Kung Fu Panda%,3,2528312,41409377,41409377,2528312,2528312,0,0,0,748959929,0,2780,100,9641272,9641372,2528312,1303963,15,3.8133632241590436,3.813323672078446,0.23283064606357154,
job_title_title,title.title,benchmarks/job/../../data/job/title__title.csv,job-csv,utf8,TwoWay3,static,full-scan,full-scan,prefix_kung_fu_panda,Kung Fu Panda%,4,2528312,41409377,41409377,2528312,2528312,0,0,0,748959929,0,2780,30,9666444,9666474,2528312,1303963,15,3.823291587430665,3.823279721806486,0.23343683726514408,
job_title_title,title.title,benchmarks/job/../../data/job/title__title.csv,job-csv,utf8,TwoWay3,static,full-scan,full-scan,prefix_loser,Loser%,0,2528312,41409377,41409377,2528312,2528312,0,0,0,748959929,0,2691,460,10095055,10095515,2528312,2502331,72,3.9929862295476193,3.99280428997687,0.24379779971092055,
job_title_title,title.title,benchmarks/job/../../data/job/title__title.csv,job-csv,utf8,TwoWay3,static,full-scan,full-scan,prefix_loser,Loser%,1,2528312,41409377,41409377,2528312,2528312,0,0,0,748959929,0,2691,80,9957125,9957205,2528312,2502331,72,3.9382817468730127,3.9382501052085344,0.2404577349714776,
job_title_title,title.title,benchmarks/job/../../data/job/title__title.csv,job-csv,utf8,TwoWay3,static,full-scan,full-scan,prefix_loser,Loser%,2,2528312,41409377,41409377,2528312,2528312,0,0,0,748959929,0,2691,40,10165341,10165381,2528312,2502331,72,4.020619686177971,4.020603865345732,0.24548500210471652,
job_title_title,title.title,benchmarks/job/../../data/job/title__title.csv,job-csv,utf8,TwoWay3,static,full-scan,full-scan,prefix_loser,Loser%,3,2528312,41409377,41409377,2528312,2528312,0,0,0,748959929,0,2691,40,10187903,10187943,2528312,2502331,72,4.029543426602413,4.029527605770174,0.2460298545423661,
job_title_title,title.title,benchmarks/job/../../data/job/title__title.csv,job-csv,utf8,TwoWay3,static,full-scan,full-scan,prefix_loser,Loser%,4,2528312,41409377,41409377,2528312,2528312,0,0,0,748959929,0,2691,90,10057203,10057293,2528312,2502331,72,3.9778686333015862,3.977833036429048,0.24287477205947822,
job_title_title,title.title,benchmarks/job/../../data/job/title__title.csv,job-csv,utf8,TwoWay3,static,full-scan,full-scan,prefix_one_piece,One Piece%,0,2528312,41409377,41409377,2528312,2528312,0,0,0,748959929,0,2790,360,9373083,9373443,2528312,2000434,14,3.707391730134572,3.7072493426444204,0.2263603965836047,
job_title_title,title.title,benchmarks/job/../../data/job/title__title.csv,job-csv,utf8,TwoWay3,static,full-scan,full-scan,prefix_one_piece,One Piece%,1,2528312,41409377,41409377,2528312,2528312,0,0,0,748959929,0,2790,90,9614371,9614461,2528312,2000434,14,3.8027193637494108,3.8026837668768727,0.23218076910454363,
job_title_title,title.title,benchmarks/job/../../data/job/title__title.csv,job-csv,utf8,TwoWay3,static,full-scan,full-scan,prefix_one_piece,One Piece%,2,2528312,41409377,41409377,2528312,2528312,0,0,0,748959929,0,2790,100,9363262,9363362,2528312,2000434,14,3.703404484889523,3.7033649328089253,0.2261169493083656,
job_title_title,title.title,benchmarks/job/../../data/job/title__title.csv,job-csv,utf8,TwoWay3,static,full-scan,full-scan,prefix_one_piece,One Piece%,3,2528312,41409377,41409377,2528312,2528312,0,0,0,748959929,0,2790,101,9494470,9494571,2528312,2000434,14,3.755300374320891,3.755260426719487,0.22928553114914044,
job_title_title,title.title,benchmarks/job/../../data/job/title__title.csv,job-csv,utf8,TwoWay3,static,full-scan,full-scan,prefix_one_piece,One Piece%,4,2528312,41409377,41409377,2528312,2528312,0,0,0,748959929,0,2790,40,9778331,9778371,2528312,2000434,14,3.867549179057015,3.867533358224776,0.23613905130714716,
job_title_title,title.title,benchmarks/job/../../data/job/title__title.csv,job-csv,utf8,TwoWay3,static,full-scan,full-scan,prefix_saw,Saw%,0,2528312,41409377,41409377,2528312,2528312,0,0,0,748959929,0,2230,440,9464300,9464740,2528312,2526814,131,3.7435015931578066,3.743327564003177,0.2285651387607208,
job_title_title,title.title,benchmarks/job/../../data/job/title__title.csv,job-csv,utf8,TwoWay3,static,full-scan,full-scan,prefix_saw,Saw%,1,2528312,41409377,41409377,2528312,2528312,0,0,0,748959929,0,2230,80,9442328,9442408,2528312,2526814,131,3.73466882251874,3.7346371808542616,0.2280258406205918,
job_title_title,title.title,benchmarks/job/../../data/job/title__title.csv,job-csv,utf8,TwoWay3,static,full-scan,full-scan,prefix_saw,Saw%,2,2528312,41409377,41409377,2528312,2528312,0,0,0,748959929,0,2230,40,9373963,9374003,2528312,2526814,131,3.707613221785919,3.70759740095368,0.22637392009061136,
job_title_title,title.title,benchmarks/job/../../data/job/title__title.csv,job-csv,utf8,TwoWay3,static,full-scan,full-scan,prefix_saw,Saw%,3,2528312,41409377,41409377,2528312,2528312,0,0,0,748959929,0,2230,40,14307878,14307918,2528312,2526814,131,5.659079259205352,5.659063438373112,0.3455236237917803,
job_title_title,title.title,benchmarks/job/../../data/job/title__title.csv,job-csv,utf8,TwoWay3,static,full-scan,full-scan,prefix_saw,Saw%,4,2528312,41409377,41409377,2528312,2528312,0,0,0,748959929,0,2230,50,18085977,18086027,2528312,2526814,131,7.153399975952335,7.1533801999120366,0.4367616301013174,
job_title_title,title.title,benchmarks/job/../../data/job/title__title.csv,job-csv,utf8,TwoWay3,static,full-scan,full-scan,prefix_vampire,Vampire%,0,2528312,41409377,41409377,2528312,2528312,0,0,0,748959929,0,3630,930,11128001,11128931,2528312,2317545,284,4.4017237587766065,4.401355924427048,0.26875388634801245,
job_title_title,title.title,benchmarks/job/../../data/job/title__title.csv,job-csv,utf8,TwoWay3,static,full-scan,full-scan,prefix_vampire,Vampire%,1,2528312,41409377,41409377,2528312,2528312,0,0,0,748959929,0,3630,40,10935108,10935148,2528312,2317545,284,4.325078550432067,4.325062729599828,0.26407419749396377,
job_title_title,title.title,benchmarks/job/../../data/job/title__title.csv,job-csv,utf8,TwoWay3,static,full-scan,full-scan,prefix_vampire,Vampire%,2,2528312,41409377,41409377,2528312,2528312,0,0,0,748959929,0,3630,40,11145674,11145714,2528312,2317545,284,4.40836178446331,4.408345963631071,0.26915918102317743,
job_title_title,title.title,benchmarks/job/../../data/job/title__title.csv,job-csv,utf8,TwoWay3,static,full-scan,full-scan,prefix_vampire,Vampire%,3,2528312,41409377,41409377,2528312,2528312,0,0,0,748959929,0,3630,40,11139954,11139994,2528312,2317545,284,4.406099405453125,4.406083584620886,0.2690210480587525,
job_title_title,title.title,benchmarks/job/../../data/job/title__title.csv,job-csv,utf8,TwoWay3,static,full-scan,full-scan,prefix_vampire,Vampire%,4,2528312,41409377,41409377,2528312,2528312,0,0,0,748959929,0,3630,40,11183676,11183716,2528312,2317545,284,4.423392366132028,4.423376545299789,0.27007689586829575,
job_title_title,title.title,benchmarks/job/../../data/job/title__title.csv,job-csv,utf8,Utf8Kmp,static,full-scan,full-scan,contains_champion,%Champion%,0,2528312,41409377,41409377,2528312,2528312,0,0,0,748959929,0,3230,490,36737043,36737533,2528312,2138136,1870,14.530458661747442,14.530264856552513,0.8871790802358606,
job_title_title,title.title,benchmarks/job/../../data/job/title__title.csv,job-csv,utf8,Utf8Kmp,static,full-scan,full-scan,contains_champion,%Champion%,1,2528312,41409377,41409377,2528312,2528312,0,0,0,748959929,0,3230,40,37176847,37176887,2528312,2138136,1870,14.704232309936431,14.704216489104192,0.8977890925526361,
job_title_title,title.title,benchmarks/job/../../data/job/title__title.csv,job-csv,utf8,Utf8Kmp,static,full-scan,full-scan,contains_champion,%Champion%,2,2528312,41409377,41409377,2528312,2528312,0,0,0,748959929,0,3230,110,37263822,37263932,2528312,2138136,1870,14.738660418492655,14.738616911203996,0.8998911526729804,
job_title_title,title.title,benchmarks/job/../../data/job/title__title.csv,job-csv,utf8,Utf8Kmp,static,full-scan,full-scan,contains_champion,%Champion%,3,2528312,41409377,41409377,2528312,2528312,0,0,0,748959929,0,3230,110,36815371,36815481,2528312,2138136,1870,14.561288717531697,14.56124521024304,0.889061455814706,
job_title_title,title.title,benchmarks/job/../../data/job/title__title.csv,job-csv,utf8,Utf8Kmp,static,full-scan,full-scan,contains_champion,%Champion%,4,2528312,41409377,41409377,2528312,2528312,0,0,0,748959929,0,3230,200,38248986,38249186,2528312,2138136,1870,15.128348874664203,15.128269770503007,0.923684169409262,
job_title_title,title.title,benchmarks/job/../../data/job/title__title.csv,job-csv,utf8,Utf8Kmp,static,full-scan,full-scan,contains_freddy,%Freddy%,0,2528312,41409377,41409377,2528312,2528312,0,0,0,748959929,0,2560,740,38331363,38332103,2528312,2471557,146,15.161144273333354,15.160851587936932,0.9256865419636716,
job_title_title,title.title,benchmarks/job/../../data/job/title__title.csv,job-csv,utf8,Utf8Kmp,static,full-scan,full-scan,contains_freddy,%Freddy%,1,2528312,41409377,41409377,2528312,2528312,0,0,0,748959929,0,2560,110,38404895,38405005,2528312,2471557,146,15.189978531130652,15.189935023841993,0.9274470610847393,
job_title_title,title.title,benchmarks/job/../../data/job/title__title.csv,job-csv,utf8,Utf8Kmp,static,full-scan,full-scan,contains_freddy,%Freddy%,2,2528312,41409377,41409377,2528312,2528312,0,0,0,748959929,0,2560,6710,38036979,38043689,2528312,2471557,146,15.047070535598454,15.044416590990352,0.9187215977675781,
job_title_title,title.title,benchmarks/job/../../data/job/title__title.csv,job-csv,utf8,Utf8Kmp,static,full-scan,full-scan,contains_freddy,%Freddy%,3,2528312,41409377,41409377,2528312,2528312,0,0,0,748959929,0,2560,100,38315786,38315886,2528312,2471557,146,15.154730112422834,15.154690560342237,0.9252949156902313,
job_title_title,title.title,benchmarks/job/../../data/job/title__title.csv,job-csv,utf8,Utf8Kmp,static,full-scan,full-scan,contains_freddy,%Freddy%,4,2528312,41409377,41409377,2528312,2528312,0,0,0,748959929,0,2560,100,44207216,44207316,2528312,2471557,146,17.484913254376835,17.484873702296234,1.06756776369758,
job_title_title,title.title,benchmarks/job/../../data/job/title__title.csv,job-csv,utf8,Utf8Kmp,static,full-scan,full-scan,contains_jason,%Jason%,0,2528312,41409377,41409377,2528312,2528312,0,0,0,748959929,0,5690,610,37659978,37660588,2528312,2502331,482,14.89554611930806,14.895304851616414,0.909470045878739,
job_title_title,title.title,benchmarks/job/../../data/job/title__title.csv,job-csv,utf8,Utf8Kmp,static,full-scan,full-scan,contains_jason,%Jason%,1,2528312,41409377,41409377,2528312,2528312,0,0,0,748959929,0,5690,110,37661501,37661611,2528312,2502331,482,14.895950737092575,14.895907229803917,0.9094947504281458,
job_title_title,title.title,benchmarks/job/../../data/job/title__title.csv,job-csv,utf8,Utf8Kmp,static,full-scan,full-scan,contains_jason,%Jason%,2,2528312,41409377,41409377,2528312,2528312,0,0,0,748959929,0,5690,100,42679494,42679594,2528312,2502331,482,16.880667417628835,16.880627865548238,1.0306746223204468,
job_title_title,title.title,benchmarks/job/../../data/job/title__title.csv,job-csv,utf8,Utf8Kmp,static,full-scan,full-scan,contains_jason,%Jason%,3,2528312,41409377,41409377,2528312,2528312,0,0,0,748959929,0,5690,350,46649338,46649688,2528312,2502331,482,18.450922196311215,18.450783764029122,1.1265488973668936,
job_title_title,title.title,benchmarks/job/../../data/job/title__title.csv,job-csv,utf8,Utf8Kmp,static,full-scan,full-scan,contains_jason,%Jason%,4,2528312,41409377,41409377,2528312,2528312,0,0,0,748959929,0,5690,110,37688442,37688552,2528312,2502331,482,14.906606463126387,14.906562955837728,0.9101453518607633,
job_title_title,title.title,benchmarks/job/../../data/job/title__title.csv,job-csv,utf8,Utf8Kmp,static,full-scan,full-scan,contains_kung_fu_panda,%Kung%Fu%Panda%,0,2528312,41409377,41409377,2528312,2528312,0,0,0,748959929,0,3760,470,40965311,40965781,2528312,1799921,20,16.202818718575873,16.202632823797064,0.9892875471176492,
job_title_title,title.title,benchmarks/job/../../data/job/title__title.csv,job-csv,utf8,Utf8Kmp,static,full-scan,full-scan,contains_kung_fu_panda,%Kung%Fu%Panda%,1,2528312,41409377,41409377,2528312,2528312,0,0,0,748959929,0,3760,110,41297647,41297757,2528312,1799921,20,16.33412213366072,16.33407862637206,0.9973044752641412,
job_title_title,title.title,benchmarks/job/../../data/job/title__title.csv,job-csv,utf8,Utf8Kmp,static,full-scan,full-scan,contains_kung_fu_panda,%Kung%Fu%Panda%,2,2528312,41409377,41409377,2528312,2528312,0,0,0,748959929,0,3760,110,40995923,40996033,2528312,1799921,20,16.214784013998273,16.214740506709614,0.9900181062854435,
job_title_title,title.title,benchmarks/job/../../data/job/title__title.csv,job-csv,utf8,Utf8Kmp,static,full-scan,full-scan,contains_kung_fu_panda,%Kung%Fu%Panda%,3,2528312,41409377,41409377,2528312,2528312,0,0,0,748959929,0,3760,100,41420104,41420204,2528312,1799921,20,16.38255246979012,16.382512917709523,1.0002614625185016,
job_title_title,title.title,benchmarks/job/../../data/job/title__title.csv,job-csv,utf8,Utf8Kmp,static,full-scan,full-scan,contains_kung_fu_panda,%Kung%Fu%Panda%,4,2528312,41409377,41409377,2528312,2528312,0,0,0,748959929,0,3760,100,41661957,41662057,2528312,1799921,20,16.47821036327795,16.47817081119735,1.006101999554352,
job_title_title,title.title,benchmarks/job/../../data/job/title__title.csv,job-csv,utf8,Utf8Kmp,static,full-scan,full-scan,contains_loser,%Loser%,0,2528312,41409377,41409377,2528312,2528312,0,0,0,748959929,0,2460,510,39892440,39892950,2528312,2502331,349,15.778491736779321,15.778290021168274,0.963379622929367,
job_title_title,title.title,benchmarks/job/../../data/job/title__title.csv,job-csv,utf8,Utf8Kmp,static,full-scan,full-scan,contains_loser,%Loser%,1,2528312,41409377,41409377,2528312,2528312,0,0,0,748959929,0,2460,120,39163703,39163823,2528312,2502331,349,15.490106838080111,15.490059375583392,0.9457718477628871,
job_title_title,title.title,benchmarks/job/../../data/job/title__title.csv,job-csv,utf8,Utf8Kmp,static,full-scan,full-scan,contains_loser,%Loser%,2,2528312,41409377,41409377,2528312,2528312,0,0,0,748959929,0,2460,100,38908087,38908187,2528312,2502331,349,15.388997481323507,15.38895792924291,0.9395984634108356,
job_title_title,title.title,benchmarks/job/../../data/job/title__title.csv,job-csv,utf8,Utf8Kmp,static,full-scan,full-scan,contains_loser,%Loser%,3,2528312,41409377,41409377,2528312,2528312,0,0,0,748959929,0,2460,110,38453344,38453454,2528312,2502331,349,15.209141118659407,15.209097611370748,0.9286170617828904,
job_title_title,title.title,benchmarks/job/../../data/job/title__title.csv,job-csv,utf8,Utf8Kmp,static,full-scan,full-scan,contains_loser,%Loser%,4,2528312,41409377,41409377,2528312,2528312,0,0,0,748959929,0,2460,110,39250387,39250497,2528312,2502331,349,15.524388208417315,15.524344701128658,0.9478649485598395,
job_title_title,title.title,benchmarks/job/../../data/job/title__title.csv,job-csv,utf8,Utf8Kmp,static,full-scan,full-scan,contains_money,%Money%,0,2528312,41409377,41409377,2528312,2528312,0,0,0,748959929,0,2730,550,39958406,39958956,2528312,2502331,2286,15.804598483098605,15.804380946655318,0.9649736097212958,
job_title_title,title.title,benchmarks/job/../../data/job/title__title.csv,job-csv,utf8,Utf8Kmp,static,full-scan,full-scan,contains_money,%Money%,1,2528312,41409377,41409377,2528312,2528312,0,0,0,748959929,0,2730,110,39625996,39626106,2528312,2502331,2286,15.672949382829334,15.672905875540676,0.9569355752442255,
job_title_title,title.title,benchmarks/job/../../data/job/title__title.csv,job-csv,utf8,Utf8Kmp,static,full-scan,full-scan,contains_money,%Money%,2,2528312,41409377,41409377,2528312,2528312,0,0,0,748959929,0,2730,100,39208780,39208880,2528312,2502331,2286,15.507927819034993,15.507888266954394,0.9468599346471694,
job_title_title,title.title,benchmarks/job/../../data/job/title__title.csv,job-csv,utf8,Utf8Kmp,static,full-scan,full-scan,contains_money,%Money%,3,2528312,41409377,41409377,2528312,2528312,0,0,0,748959929,0,2730,100,39247159,39247259,2528312,2502331,2286,15.523107512047563,15.523067959966966,0.9477867537103976,
job_title_title,title.title,benchmarks/job/../../data/job/title__title.csv,job-csv,utf8,Utf8Kmp,static,full-scan,full-scan,contains_money,%Money%,4,2528312,41409377,41409377,2528312,2528312,0,0,0,748959929,0,2730,110,39280323,39280433,2528312,2502331,2286,15.536228519265027,15.53618501197637,0.9485878766058229,
job_title_title,title.title,benchmarks/job/../../data/job/title__title.csv,job-csv,utf8,Utf8Kmp,static,full-scan,full-scan,contains_mord,%Mord%,0,2528312,41409377,41409377,2528312,2528312,0,0,0,748959929,0,2780,720,39812642,39813362,2528312,2520211,637,15.747013026873265,15.746728251892963,0.9614576427942879,
job_title_title,title.title,benchmarks/job/../../data/job/title__title.csv,job-csv,utf8,Utf8Kmp,static,full-scan,full-scan,contains_mord,%Mord%,1,2528312,41409377,41409377,2528312,2528312,0,0,0,748959929,0,2780,110,39977088,39977198,2528312,2520211,637,15.811813573641228,15.81177006635257,0.965414137962037,
job_title_title,title.title,benchmarks/job/../../data/job/title__title.csv,job-csv,utf8,Utf8Kmp,static,full-scan,full-scan,contains_mord,%Mord%,2,2528312,41409377,41409377,2528312,2528312,0,0,0,748959929,0,2780,100,39891483,39891583,2528312,2520211,637,15.777951059837552,15.777911507756954,0.963346611082799,
job_title_title,title.title,benchmarks/job/../../data/job/title__title.csv,job-csv,utf8,Utf8Kmp,static,full-scan,full-scan,contains_mord,%Mord%,3,2528312,41409377,41409377,2528312,2528312,0,0,0,748959929,0,2780,110,39187570,39187680,2528312,2520211,637,15.49954277794829,15.499499270659634,0.9463479733104896,
job_title_title,title.title,benchmarks/job/../../data/job/title__title.csv,job-csv,utf8,Utf8Kmp,static,full-scan,full-scan,contains_mord,%Mord%,4,2528312,41409377,41409377,2528312,2528312,0,0,0,748959929,0,2780,110,40033838,40033948,2528312,2520211,637,15.834259379380393,15.834215872091736,0.9667846005024417,
job_title_title,title.title,benchmarks/job/../../data/job/title__title.csv,job-csv,utf8,Utf8Kmp,static,full-scan,full-scan,contains_movie,%Movie%,0,2528312,41409377,41409377,2528312,2528312,0,0,0,748959929,0,2520,500,39631903,39632403,2528312,2502331,3638,15.675439977344569,15.67524221694158,0.9570876422506912,
job_title_title,title.title,benchmarks/job/../../data/job/title__title.csv,job-csv,utf8,Utf8Kmp,static,full-scan,full-scan,contains_movie,%Movie%,1,2528312,41409377,41409377,2528312,2528312,0,0,0,748959929,0,2520,100,39724398,39724498,2528312,2502331,3638,15.711865465970972,15.711825913890374,0.9593116554252917,
job_title_title,title.title,benchmarks/job/../../data/job/title__title.csv,job-csv,utf8,Utf8Kmp,static,full-scan,full-scan,contains_movie,%Movie%,2,2528312,41409377,41409377,2528312,2528312,0,0,0,748959929,0,2520,110,39904503,39904613,2528312,2502331,3638,15.783104695939425,15.783061188650768,0.9636612741118998,
job_title_title,title.title,benchmarks/job/../../data/job/title__title.csv,job-csv,utf8,Utf8Kmp,static,full-scan,full-scan,contains_movie,%Movie%,3,2528312,41409377,41409377,2528312,2528312,0,0,0,748959929,0,2520,110,38695071,38695181,2528312,2502331,3638,15.304749176525682,15.304705669237025,0.9344545560296645,
job_title_title,title.title,benchmarks/job/../../data/job/title__title.csv,job-csv,utf8,Utf8Kmp,static,full-scan,full-scan,contains_movie,%Movie%,4,2528312,41409377,41409377,2528312,2528312,0,0,0,748959929,0,2520,100,41743052,41743152,2528312,2502331,3638,16.510285123038614,16.510245570958016,1.0080603724127508,
job_title_title,title.title,benchmarks/job/../../data/job/title__title.csv,job-csv,utf8,Utf8Kmp,static,full-scan,full-scan,contains_murder_upper,%Murder%,0,2528312,41409377,41409377,2528312,2528312,0,0,0,748959929,0,3220,260,39961867,39962127,2528312,2471557,3622,15.805852679574356,15.805749844164803,0.9650501865797209,
job_title_title,title.title,benchmarks/job/../../data/job/title__title.csv,job-csv,utf8,Utf8Kmp,static,full-scan,full-scan,contains_murder_upper,%Murder%,1,2528312,41409377,41409377,2528312,2528312,0,0,0,748959929,0,3220,100,38795412,38795512,2528312,2471557,3622,15.344432174510107,15.34439262242951,0.9368774613537412,
job_title_title,title.title,benchmarks/job/../../data/job/title__title.csv,job-csv,utf8,Utf8Kmp,static,full-scan,full-scan,contains_murder_upper,%Murder%,2,2528312,41409377,41409377,2528312,2528312,0,0,0,748959929,0,3220,110,39376896,39377006,2528312,2471557,3622,15.574425150060593,15.574381642771936,0.9509200295382372,
job_title_title,title.title,benchmarks/job/../../data/job/title__title.csv,job-csv,utf8,Utf8Kmp,static,full-scan,full-scan,contains_murder_upper,%Murder%,3,2528312,41409377,41409377,2528312,2528312,0,0,0,748959929,0,3220,110,38569365,38569475,2528312,2471557,3622,15.255029838089603,15.254986330800945,0.9314188667943495,
job_title_title,title.title,benchmarks/job/../../data/job/title__title.csv,job-csv,utf8,Utf8Kmp,static,full-scan,full-scan,contains_murder_upper,%Murder%,4,2528312,41409377,41409377,2528312,2528312,0,0,0,748959929,0,3220,100,39064465,39064565,2528312,2471557,3622,15.450848233920498,15.450808681839899,0.9433748544441999,
job_title_title,title.title,benchmarks/job/../../data/job/title__title.csv,job-csv,utf8,Utf8Kmp,static,full-scan,full-scan,contains_murder_lower,%murder%,0,2528312,41409377,41409377,2528312,2528312,0,0,0,748959929,0,3290,870,45251359,45252229,2528312,2471557,7,17.89819808631213,17.897853983210933,1.092801492763342,
job_title_title,title.title,benchmarks/job/../../data/job/title__title.csv,job-csv,utf8,Utf8Kmp,static,full-scan,full-scan,contains_murder_lower,%murder%,1,2528312,41409377,41409377,2528312,2528312,0,0,0,748959929,0,3290,100,39651815,39651915,2528312,2471557,7,15.683157379310781,15.683117827230184,0.9575588398733939,
job_title_title,title.title,benchmarks/job/../../data/job/title__title.csv,job-csv,utf8,Utf8Kmp,static,full-scan,full-scan,contains_murder_lower,%murder%,2,2528312,41409377,41409377,2528312,2528312,0,0,0,748959929,0,3290,100,41727941,41728041,2528312,2471557,7,16.5043084081395,16.504268856058903,1.0076954550656485,
job_title_title,title.title,benchmarks/job/../../data/job/title__title.csv,job-csv,utf8,Utf8Kmp,static,full-scan,full-scan,contains_murder_lower,%murder%,3,2528312,41409377,41409377,2528312,2528312,0,0,0,748959929,0,3290,110,40678879,40678989,2528312,2471557,7,16.089386515588266,16.089343008299608,0.9823617727936356,
job_title_title,title.title,benchmarks/job/../../data/job/title__title.csv,job-csv,utf8,Utf8Kmp,static,full-scan,full-scan,contains_murder_lower,%murder%,4,2528312,41409377,41409377,2528312,2528312,0,0,0,748959929,0,3290,110,40716907,40717017,2528312,2471557,7,16.10442738079794,16.10438387350928,0.9832801155158649,
job_title_title,title.title,benchmarks/job/../../data/job/title__title.csv,job-csv,utf8,Utf8Kmp,static,full-scan,full-scan,prefix_birdemic,Birdemic%,0,2528312,41409377,41409377,2528312,2528312,0,0,0,748959929,0,3500,550,9427309,9427859,2528312,2138136,8,3.728914390312588,3.728696853869301,0.22767449507873544,
job_title_title,title.title,benchmarks/job/../../data/job/title__title.csv,job-csv,utf8,Utf8Kmp,static,full-scan,full-scan,prefix_birdemic,Birdemic%,1,2528312,41409377,41409377,2528312,2528312,0,0,0,748959929,0,3500,160,9226287,9226447,2528312,2138136,8,3.6492517537392537,3.6491884704102975,0.22281057259084097,
job_title_title,title.title,benchmarks/job/../../data/job/title__title.csv,job-csv,utf8,Utf8Kmp,static,full-scan,full-scan,prefix_birdemic,Birdemic%,2,2528312,41409377,41409377,2528312,2528312,0,0,0,748959929,0,3500,100,9393099,9393199,2528312,2138136,8,3.7152056391774435,3.7151660870968457,0.22683748659150318,
job_title_title,title.title,benchmarks/job/../../data/job/title__title.csv,job-csv,utf8,Utf8Kmp,static,full-scan,full-scan,prefix_birdemic,Birdemic%,3,2528312,41409377,41409377,2528312,2528312,0,0,0,748959929,0,3500,110,9461101,9461211,2528312,2138136,8,3.7421058002335155,3.742062292944858,0.22847991651745933,
job_title_title,title.title,benchmarks/job/../../data/job/title__title.csv,job-csv,utf8,Utf8Kmp,static,full-scan,full-scan,prefix_birdemic,Birdemic%,4,2528312,41409377,41409377,2528312,2528312,0,0,0,748959929,0,3500,110,9382199,9382309,2528312,2138136,8,3.7108984176003594,3.710854910311702,0.22657450267846338,
job_title_title,title.title,benchmarks/job/../../data/job/title__title.csv,job-csv,utf8,Utf8Kmp,static,full-scan,full-scan,prefix_champion,Champion%,0,2528312,41409377,41409377,2528312,2528312,0,0,0,748959929,0,2860,830,9379229,9380059,2528312,2138136,222,3.710008495786912,3.709680213517952,0.22652016715924028,
job_title_title,title.title,benchmarks/job/../../data/job/title__title.csv,job-csv,utf8,Utf8Kmp,static,full-scan,full-scan,prefix_champion,Champion%,1,2528312,41409377,41409377,2528312,2528312,0,0,0,748959929,0,2860,100,9454411,9454511,2528312,2138136,222,3.7394558108334732,3.7394162587528754,0.22831811741577276,
job_title_title,title.title,benchmarks/job/../../data/job/title__title.csv,job-csv,utf8,Utf8Kmp,static,full-scan,full-scan,prefix_champion,Champion%,2,2528312,41409377,41409377,2528312,2528312,0,0,0,748959929,0,2860,110,9295158,9295268,2528312,2138136,222,3.676471891127361,3.6764283838387035,0.22447253915459775,
job_title_title,title.title,benchmarks/job/../../data/job/title__title.csv,job-csv,utf8,Utf8Kmp,static,full-scan,full-scan,prefix_champion,Champion%,3,2528312,41409377,41409377,2528312,2528312,0,0,0,748959929,0,2860,80,9487962,9488042,2528312,2138136,222,3.7527180189786704,3.752686377314192,0.22912786154691483,
job_title_title,title.title,benchmarks/job/../../data/job/title__title.csv,job-csv,utf8,Utf8Kmp,static,full-scan,full-scan,prefix_champion,Champion%,4,2528312,41409377,41409377,2528312,2528312,0,0,0,748959929,0,2860,110,9442710,9442820,2528312,2138136,222,3.734831777090802,3.7347882698021446,0.22803579005788954,
job_title_title,title.title,benchmarks/job/../../data/job/title__title.csv,job-csv,utf8,Utf8Kmp,static,full-scan,full-scan,prefix_dragon_ball_z,Dragon Ball Z%,0,2528312,41409377,41409377,2528312,2528312,0,0,0,748959929,0,3640,590,10108293,10108883,2528312,1303963,25,3.998273551681913,3.9980401944063866,0.24412062514246471,
job_title_title,title.title,benchmarks/job/../../data/job/title__title.csv,job-csv,utf8,Utf8Kmp,static,full-scan,full-scan,prefix_dragon_ball_z,Dragon Ball Z%,1,2528312,41409377,41409377,2528312,2528312,0,0,0,748959929,0,3640,330,9991671,9992001,2528312,1303963,25,3.95204428883777,3.951913766971798,0.2412980277389829,
job_title_title,title.title,benchmarks/job/../../data/job/title__title.csv,job-csv,utf8,Utf8Kmp,static,full-scan,full-scan,prefix_dragon_ball_z,Dragon Ball Z%,2,2528312,41409377,41409377,2528312,2528312,0,0,0,748959929,0,3640,100,9964850,9964950,2528312,1303963,25,3.9413450555153005,3.9413055034347027,0.24064476990320333,
job_title_title,title.title,benchmarks/job/../../data/job/title__title.csv,job-csv,utf8,Utf8Kmp,static,full-scan,full-scan,prefix_dragon_ball_z,Dragon Ball Z%,3,2528312,41409377,41409377,2528312,2528312,0,0,0,748959929,0,3640,100,11682234,11682334,2528312,1303963,25,4.620606159366408,4.620566607285809,0.28211808161228796,
job_title_title,title.title,benchmarks/job/../../data/job/title__title.csv,job-csv,utf8,Utf8Kmp,static,full-scan,full-scan,prefix_dragon_ball_z,Dragon Ball Z%,4,2528312,41409377,41409377,2528312,2528312,0,0,0,748959929,0,3640,110,14728141,14728251,2528312,1303963,25,5.825329706143862,5.8252861988552045,0.35567429570360354,
job_title_title,title.title,benchmarks/job/../../data/job/title__title.csv,job-csv,utf8,Utf8Kmp,static,full-scan,full-scan,prefix_kung_fu_panda,Kung Fu Panda%,0,2528312,41409377,41409377,2528312,2528312,0,0,0,748959929,0,4520,430,9965800,9966230,2528312,1303963,15,3.94185132214695,3.9416812482003802,0.24067568077636137,
job_title_title,title.title,benchmarks/job/../../data/job/title__title.csv,job-csv,utf8,Utf8Kmp,static,full-scan,full-scan,prefix_kung_fu_panda,Kung Fu Panda%,1,2528312,41409377,41409377,2528312,2528312,0,0,0,748959929,0,4520,60,9830978,9831038,2528312,1303963,15,3.8883800733453784,3.8883563420970195,0.2374109129920018,
job_title_title,title.title,benchmarks/job/../../data/job/title__title.csv,job-csv,utf8,Utf8Kmp,static,full-scan,full-scan,prefix_kung_fu_panda,Kung Fu Panda%,2,2528312,41409377,41409377,2528312,2528312,0,0,0,748959929,0,4520,40,9856788,9856828,2528312,1303963,15,3.898580554931512,3.8985647340992724,0.23803371878789675,
job_title_title,title.title,benchmarks/job/../../data/job/title__title.csv,job-csv,utf8,Utf8Kmp,static,full-scan,full-scan,prefix_kung_fu_panda,Kung Fu Panda%,3,2528312,41409377,41409377,2528312,2528312,0,0,0,748959929,0,4520,150,9988251,9988401,2528312,1303963,15,3.950620413936255,3.9505610858153584,0.24121109090822593,
job_title_title,title.title,benchmarks/job/../../data/job/title__title.csv,job-csv,utf8,Utf8Kmp,static,full-scan,full-scan,prefix_kung_fu_panda,Kung Fu Panda%,4,2528312,41409377,41409377,2528312,2528312,0,0,0,748959929,0,4520,100,10205755,10205855,2528312,1303963,15,4.036627995279064,4.036588443198466,0.24646241357362125,
job_title_title,title.title,benchmarks/job/../../data/job/title__title.csv,job-csv,utf8,Utf8Kmp,static,full-scan,full-scan,prefix_loser,Loser%,0,2528312,41409377,41409377,2528312,2528312,0,0,0,748959929,0,2000,460,10611473,10611933,2528312,2502331,72,4.19724029312838,4.1970583535576305,0.2562688397847666,
job_title_title,title.title,benchmarks/job/../../data/job/title__title.csv,job-csv,utf8,Utf8Kmp,static,full-scan,full-scan,prefix_loser,Loser%,1,2528312,41409377,41409377,2528312,2528312,0,0,0,748959929,0,2000,90,10508920,10509010,2528312,2502331,72,4.156532105214863,4.156496508342324,0.25378333994254487,
job_title_title,title.title,benchmarks/job/../../data/job/title__title.csv,job-csv,utf8,Utf8Kmp,static,full-scan,full-scan,prefix_loser,Loser%,2,2528312,41409377,41409377,2528312,2528312,0,0,0,748959929,0,2000,80,10381009,10381089,2528312,2502331,72,4.1059366881935455,4.105905046529068,0.2506941604071947,
job_title_title,title.title,benchmarks/job/../../data/job/title__title.csv,job-csv,utf8,Utf8Kmp,static,full-scan,full-scan,prefix_loser,Loser%,3,2528312,41409377,41409377,2528312,2528312,0,0,0,748959929,0,2000,40,10425209,10425249,2528312,2502331,72,4.123402886985467,4.123387066153228,0.2517605855311467,
job_title_title,title.title,benchmarks/job/../../data/job/title__title.csv,job-csv,utf8,Utf8Kmp,static,full-scan,full-scan,prefix_loser,Loser%,4,2528312,41409377,41409377,2528312,2528312,0,0,0,748959929,0,2000,80,10530061,10530141,2528312,2502331,72,4.164889855365952,4.164858213701473,0.2542936349899686,
job_title_title,title.title,benchmarks/job/../../data/job/title__title.csv,job-csv,utf8,Utf8Kmp,static,full-scan,full-scan,prefix_one_piece,One Piece%,0,2528312,41409377,41409377,2528312,2528312,0,0,0,748959929,0,2670,780,9903109,9903889,2528312,2000434,14,3.9171941595815705,3.916885653352909,0.23917020050796708,
job_title_title,title.title,benchmarks/job/../../data/job/title__title.csv,job-csv,utf8,Utf8Kmp,static,full-scan,full-scan,prefix_one_piece,One Piece%,1,2528312,41409377,41409377,2528312,2528312,0,0,0,748959929,0,2670,100,9977420,9977520,2528312,2000434,14,3.9463167520464246,3.946277199965827,0.24094832433726304,
job_title_title,title.title,benchmarks/job/../../data/job/title__title.csv,job-csv,utf8,Utf8Kmp,static,full-scan,full-scan,prefix_one_piece,One Piece%,2,2528312,41409377,41409377,2528312,2528312,0,0,0,748959929,0,2670,100,10053082,10053182,2528312,2000434,14,3.976242647268217,3.976203095187619,0.2427754950285777,
job_title_title,title.title,benchmarks/job/../../data/job/title__title.csv,job-csv,utf8,Utf8Kmp,static,full-scan,full-scan,prefix_one_piece,One Piece%,3,2528312,41409377,41409377,2528312,2528312,0,0,0,748959929,0,2670,80,10073333,10073413,2528312,2000434,14,3.984244428693927,3.984212787029449,0.24326405586831215,
job_title_title,title.title,benchmarks/job/../../data/job/title__title.csv,job-csv,utf8,Utf8Kmp,static,full-scan,full-scan,prefix_one_piece,One Piece%,4,2528312,41409377,41409377,2528312,2528312,0,0,0,748959929,0,2670,40,9661354,9661394,2528312,2000434,14,3.8212823417363047,3.8212665209040657,0.23331415973729816,
job_title_title,title.title,benchmarks/job/../../data/job/title__title.csv,job-csv,utf8,Utf8Kmp,static,full-scan,full-scan,prefix_saw,Saw%,0,2528312,41409377,41409377,2528312,2528312,0,0,0,748959929,0,2080,460,9657664,9658124,2528312,2526814,131,3.8199889887007616,3.8198070491300125,0.23323519211602725,
job_title_title,title.title,benchmarks/job/../../data/job/title__title.csv,job-csv,utf8,Utf8Kmp,static,full-scan,full-scan,prefix_saw,Saw%,1,2528312,41409377,41409377,2528312,2528312,0,0,0,748959929,0,2080,80,9743386,9743466,2528312,2526814,131,3.8537435253244063,3.853711883659928,0.2352961262855995,
job_title_title,title.title,benchmarks/job/../../data/job/title__title.csv,job-csv,utf8,Utf8Kmp,static,full-scan,full-scan,prefix_saw,Saw%,2,2528312,41409377,41409377,2528312,2528312,0,0,0,748959929,0,2080,110,9491532,9491642,2528312,2526814,131,3.7541418938801856,3.754098386591528,0.2292147983776718,
job_title_title,title.title,benchmarks/job/../../data/job/title__title.csv,job-csv,utf8,Utf8Kmp,static,full-scan,full-scan,prefix_saw,Saw%,3,2528312,41409377,41409377,2528312,2528312,0,0,0,748959929,0,2080,80,9603743,9603823,2528312,2526814,131,3.7985118134154328,3.798480171750955,0.23192387076965684,
job_title_title,title.title,benchmarks/job/../../data/job/title__title.csv,job-csv,utf8,Utf8Kmp,static,full-scan,full-scan,prefix_saw,Saw%,4,2528312,41409377,41409377,2528312,2528312,0,0,0,748959929,0,2080,100,9649274,9649374,2528312,2526814,131,3.8165281816484673,3.81648862956787,0.23302388731904852,
job_title_title,title.title,benchmarks/job/../../data/job/title__title.csv,job-csv,utf8,Utf8Kmp,static,full-scan,full-scan,prefix_vampire,Vampire%,0,2528312,41409377,41409377,2528312,2528312,0,0,0,748959929,0,3250,430,12100631,12101061,2528312,2317545,284,4.78622139989052,4.78605132594395,0.29222997003794576,
job_title_title,title.title,benchmarks/job/../../data/job/title__title.csv,job-csv,utf8,Utf8Kmp,static,full-scan,full-scan,prefix_vampire,Vampire%,1,2528312,41409377,41409377,2528312,2528312,0,0,0,748959929,0,3250,200,12502400,12502600,2528312,2317545,284,4.945038428801508,4.944959324640314,0.3019267833949784,
job_title_title,title.title,benchmarks/job/../../data/job/title__title.csv,job-csv,utf8,Utf8Kmp,static,full-scan,full-scan,prefix_vampire,Vampire%,2,2528312,41409377,41409377,2528312,2528312,0,0,0,748959929,0,3250,40,11599650,11599690,2528312,2317545,284,4.587918737877287,4.5879029170450485,0.2801223017675441,
job_title_title,title.title,benchmarks/job/../../data/job/title__title.csv,job-csv,utf8,Utf8Kmp,static,full-scan,full-scan,prefix_vampire,Vampire%,3,2528312,41409377,41409377,2528312,2528312,0,0,0,748959929,0,3250,110,11724625,11724735,2528312,2317545,284,4.6373766370606155,4.637333129771958,0.2831420284347673,
job_title_title,title.title,benchmarks/job/../../data/job/title__title.csv,job-csv,utf8,Utf8Kmp,static,full-scan,full-scan,prefix_vampire,Vampire%,4,2528312,41409377,41409377,2528312,2528312,0,0,0,748959929,0,3250,100,11533340,11533440,2528312,2317545,284,4.561715484481345,4.561675932400748,0.27852242259041954,
