dataset,column,storage,algorithm,generic_matcher,requested_index,actual_index,pattern_name,pattern,runs,row_count,rows_matched,sum_query_total_ns,min_query_total_ns,median_query_total_ns,mean_query_total_ns,geomean_query_total_ns,p90_query_total_ns,max_query_total_ns,median_execute_ns,median_candidate_prepare_ns,median_ns_per_table_row,geomean_ns_per_table_row,median_ns_per_candidate_row
fftstr_abab_512_x1000,value,utf8,FftstrV2,static,full-scan,full-scan,wild_len512,%a______________________________________________________________________________________________________________________________________________________________________________________________________________________________________________________________________________________________________________________________________________________________________________________________________________________________________________________________________________________________________________________________a%,5,1000,0,30983,6177,6197.0,6196.6,6196.583843743155,6217,6217,6176.0,20.0,6.197,6.196,6.176
fftstr_abab_512_x1000,value,utf8,FftstrV2,static,full-scan,full-scan,wild_len496,%a______________________________________________________________________________________________________________________________________________________________________________________________________________________________________________________________________________________________________________________________________________________________________________________________________________________________________________________________________________________________________________a%,5,1000,0,36331,7244,7255.0,7266.2,7266.152534814186,7314,7314,7235.0,20.0,7.255,7.266,7.235
fftstr_abab_512_x1000,value,utf8,NaiveVectorizedV2Wildcard,static,full-scan,full-scan,wild_len512,%a______________________________________________________________________________________________________________________________________________________________________________________________________________________________________________________________________________________________________________________________________________________________________________________________________________________________________________________________________________________________________________________________a%,5,1000,0,40622,8082,8113.0,8124.4,8124.313899584432,8192,8192,8093.0,20.0,8.113,8.124,8.093
fftstr_abab_512_x1000,value,utf8,NaiveVectorizedV2Wildcard,static,full-scan,full-scan,wild_len496,%a______________________________________________________________________________________________________________________________________________________________________________________________________________________________________________________________________________________________________________________________________________________________________________________________________________________________________________________________________________________________________________a%,5,1000,0,44822,8921,8960.0,8964.4,8964.35441102796,9000,9000,8930.0,20.0,8.96,8.964,8.93
fftstr_abab_512_x1000,value,utf8,NaiveVectorizedV2Wildcard,static,full-scan,full-scan,wild_len480,%a______________________________________________________________________________________________________________________________________________________________________________________________________________________________________________________________________________________________________________________________________________________________________________________________________________________________________________________________________________________________a%,5,1000,0,46947,9329,9400.0,9389.4,9389.345744577133,9420,9420,9380.0,20.0,9.4,9.389,9.38
fftstr_abab_512_x1000,value,utf8,NaiveVectorizedV2Wildcard,static,full-scan,full-scan,wild_len508,%a__________________________________________________________________________________________________________________________________________________________________________________________________________________________________________________________________________________________________________________________________________________________________________________________________________________________________________________________________________________________________________________________a%,5,1000,0,48004,9559,9589.0,9600.8,9600.743943437787,9648,9648,9569.0,20.0,9.589,9.6,9.569
fftstr_abab_512_x1000,value,utf8,FftstrV2,static,full-scan,full-scan,wild_len480,%a______________________________________________________________________________________________________________________________________________________________________________________________________________________________________________________________________________________________________________________________________________________________________________________________________________________________________________________________________________________________a%,5,1000,0,48385,9609,9649.0,9677.0,9676.762467717153,9799,9799,9629.0,20.0,9.649,9.676,9.629
fftstr_abab_512_x1000,value,utf8,NaiveVectorizedV2Wildcard,static,full-scan,full-scan,wild_len492,%a__________________________________________________________________________________________________________________________________________________________________________________________________________________________________________________________________________________________________________________________________________________________________________________________________________________________________________________________________________________________________________a%,5,1000,0,50181,9998,10038.0,10036.2,10036.173433229626,10068,10068,10018.0,20.0,10.038,10.036,10.018
fftstr_abab_512_x1000,value,utf8,FftstrV2,static,full-scan,full-scan,wild_len508,%a__________________________________________________________________________________________________________________________________________________________________________________________________________________________________________________________________________________________________________________________________________________________________________________________________________________________________________________________________________________________________________________________a%,5,1000,0,65826,10287,10367.0,13165.2,12379.338932200335,23708,23708,10317.0,20.0,10.367,12.379,10.317
fftstr_abab_512_x1000,value,utf8,NaiveVectorizedV2Wildcard,static,full-scan,full-scan,wild_len448,%a______________________________________________________________________________________________________________________________________________________________________________________________________________________________________________________________________________________________________________________________________________________________________________________________________________________________________________________________a%,5,1000,0,53033,10467,10616.0,10606.6,10606.278691771675,10706,10706,10596.0,20.0,10.616,10.606,10.596
fftstr_abab_512_x1000,value,utf8,NaiveVectorizedV2Wildcard,static,full-scan,full-scan,wild_len464,%a______________________________________________________________________________________________________________________________________________________________________________________________________________________________________________________________________________________________________________________________________________________________________________________________________________________________________________________________________________a%,5,1000,0,52006,9639,10786.0,10401.2,10388.505763014082,10837,10837,10766.0,20.0,10.786,10.388,10.766
fftstr_abab_512_x1000,value,utf8,FftstrV2,static,full-scan,full-scan,wild_len464,%a______________________________________________________________________________________________________________________________________________________________________________________________________________________________________________________________________________________________________________________________________________________________________________________________________________________________________________________________________________a%,5,1000,0,55208,10956,11056.0,11041.6,11041.508554681866,11086,11086,11036.0,20.0,11.056,11.041,11.036
fftstr_abab_512_x1000,value,utf8,NaiveVectorizedV2Wildcard,static,full-scan,full-scan,wild_len504,%a______________________________________________________________________________________________________________________________________________________________________________________________________________________________________________________________________________________________________________________________________________________________________________________________________________________________________________________________________________________________________________________a%,5,1000,0,55659,11036,11126.0,11131.8,11131.62025365114,11206,11206,11106.0,20.0,11.126,11.131,11.106
fftstr_abab_512_x1000,value,utf8,NaiveVectorizedV2Wildcard,static,full-scan,full-scan,wild_len476,%a__________________________________________________________________________________________________________________________________________________________________________________________________________________________________________________________________________________________________________________________________________________________________________________________________________________________________________________________________________________________a%,5,1000,0,55747,10986,11155.0,11149.4,11149.018019560892,11266,11266,11135.0,20.0,11.155,11.149,11.135
fftstr_abab_512_x1000,value,utf8,NaiveVectorizedV2Wildcard,static,full-scan,full-scan,wild_len488,%a______________________________________________________________________________________________________________________________________________________________________________________________________________________________________________________________________________________________________________________________________________________________________________________________________________________________________________________________________________________________________a%,5,1000,0,55878,11115,11166.0,11175.6,11175.512311476552,11235,11235,11146.0,20.0,11.166,11.175,11.146
fftstr_abab_512_x1000,value,utf8,NaiveVectorizedV2Wildcard,static,full-scan,full-scan,wild_len432,%a______________________________________________________________________________________________________________________________________________________________________________________________________________________________________________________________________________________________________________________________________________________________________________________________________________________________________________a%,5,1000,0,56726,11245,11395.0,11345.2,11344.933148027154,11415,11415,11375.0,20.0,11.395,11.344,11.375
fftstr_abab_512_x1000,value,utf8,NaiveVectorizedV2Wildcard,static,full-scan,full-scan,wild_len460,%a__________________________________________________________________________________________________________________________________________________________________________________________________________________________________________________________________________________________________________________________________________________________________________________________________________________________________________________________________________a%,5,1000,0,60230,11954,12044.0,12046.0,12045.884569677053,12114,12114,12024.0,20.0,12.044,12.045,12.024
fftstr_abab_512_x1000,value,utf8,NaiveVectorizedV2Wildcard,static,full-scan,full-scan,wild_len444,%a__________________________________________________________________________________________________________________________________________________________________________________________________________________________________________________________________________________________________________________________________________________________________________________________________________________________________________________________a%,5,1000,0,70288,12034,12104.0,14057.6,13636.850805452306,21743,21743,12084.0,20.0,12.104,13.636,12.084
fftstr_abab_512_x1000,value,utf8,NaiveVectorizedV2Wildcard,static,full-scan,full-scan,wild_len416,%a______________________________________________________________________________________________________________________________________________________________________________________________________________________________________________________________________________________________________________________________________________________________________________________________________________________________a%,5,1000,0,60807,12103,12144.0,12161.4,12161.316747426432,12223,12223,12103.0,30.0,12.144,12.161,12.103
fftstr_abab_512_x1000,value,utf8,FftstrV2,static,full-scan,full-scan,wild_len492,%a__________________________________________________________________________________________________________________________________________________________________________________________________________________________________________________________________________________________________________________________________________________________________________________________________________________________________________________________________________________________________________a%,5,1000,0,60917,12153,12174.0,12183.4,12183.373404256346,12214,12214,12154.0,20.0,12.174,12.183,12.154
fftstr_abab_512_x1000,value,utf8,FftstrV2,static,full-scan,full-scan,wild_len448,%a______________________________________________________________________________________________________________________________________________________________________________________________________________________________________________________________________________________________________________________________________________________________________________________________________________________________________________________________a%,5,1000,0,61415,12223,12273.0,12283.0,12282.903987181344,12353,12353,12243.0,20.0,12.273,12.282,12.243
fftstr_abab_512_x1000,value,utf8,NaiveVectorizedV2Wildcard,static,full-scan,full-scan,wild_len472,%a______________________________________________________________________________________________________________________________________________________________________________________________________________________________________________________________________________________________________________________________________________________________________________________________________________________________________________________________________________________a%,5,1000,0,62395,12303,12473.0,12479.0,12478.455157754222,12633,12633,12453.0,20.0,12.473,12.478,12.453
fftstr_abab_512_x1000,value,utf8,FftstrV2,static,full-scan,full-scan,wild_len504,%a______________________________________________________________________________________________________________________________________________________________________________________________________________________________________________________________________________________________________________________________________________________________________________________________________________________________________________________________________________________________________________________a%,5,1000,0,63920,12672,12812.0,12784.0,12783.659816857307,12912,12912,12792.0,20.0,12.812,12.783,12.792
fftstr_abab_512_x1000,value,utf8,NaiveVectorizedV2Wildcard,static,full-scan,full-scan,wild_len400,%a______________________________________________________________________________________________________________________________________________________________________________________________________________________________________________________________________________________________________________________________________________________________________________________________________________a%,5,1000,0,64010,12743,12822.0,12802.0,12801.915897926747,12861,12861,12792.0,20.0,12.822,12.801,12.792
fftstr_abab_512_x1000,value,utf8,NaiveVectorizedV2Wildcard,static,full-scan,full-scan,wild_len484,%a__________________________________________________________________________________________________________________________________________________________________________________________________________________________________________________________________________________________________________________________________________________________________________________________________________________________________________________________________________________________________a%,5,1000,0,64229,12811,12842.0,12845.8,12845.761169553787,12882,12882,12792.0,20.0,12.842,12.845,12.792
fftstr_abab_512_x1000,value,utf8,NaiveVectorizedV2Wildcard,static,full-scan,full-scan,wild_len500,%a__________________________________________________________________________________________________________________________________________________________________________________________________________________________________________________________________________________________________________________________________________________________________________________________________________________________________________________________________________________________________________________a%,5,1000,0,64879,12842,12982.0,12975.8,12975.56688864657,13052,13052,12962.0,20.0,12.982,12.975,12.962
fftstr_abab_512_x1000,value,utf8,FftstrV2,static,full-scan,full-scan,wild_len432,%a______________________________________________________________________________________________________________________________________________________________________________________________________________________________________________________________________________________________________________________________________________________________________________________________________________________________________________a%,5,1000,0,67723,13520,13531.0,13544.6,13544.5700999956,13600,13600,13511.0,20.0,13.531,13.544,13.511
fftstr_abab_512_x1000,value,utf8,FftstrV2,static,full-scan,full-scan,wild_len488,%a______________________________________________________________________________________________________________________________________________________________________________________________________________________________________________________________________________________________________________________________________________________________________________________________________________________________________________________________________________________________________a%,5,1000,0,67773,13500,13531.0,13554.6,13554.451444437138,13671,13671,13501.0,20.0,13.531,13.554,13.501
fftstr_abab_512_x1000,value,utf8,NaiveVectorizedV2Wildcard,static,full-scan,full-scan,wild_len440,%a______________________________________________________________________________________________________________________________________________________________________________________________________________________________________________________________________________________________________________________________________________________________________________________________________________________________________________________a%,5,1000,0,68601,13630,13710.0,13720.2,13719.947798853833,13830,13830,13680.0,20.0,13.71,13.719,13.68
fftstr_abab_512_x1000,value,utf8,NaiveVectorizedV2Wildcard,static,full-scan,full-scan,wild_len468,%a__________________________________________________________________________________________________________________________________________________________________________________________________________________________________________________________________________________________________________________________________________________________________________________________________________________________________________________________________________________a%,5,1000,0,68950,13681,13799.0,13790.0,13789.620156778517,13970,13970,13780.0,20.0,13.799,13.789,13.78
fftstr_abab_512_x1000,value,utf8,NaiveVectorizedV2Wildcard,static,full-scan,full-scan,wild_len384,%a______________________________________________________________________________________________________________________________________________________________________________________________________________________________________________________________________________________________________________________________________________________________________________________________a%,5,1000,0,73211,13740,13800.0,14642.2,14550.42992592902,18101,18101,13770.0,20.0,13.8,14.55,13.77
fftstr_abab_512_x1000,value,utf8,NaiveVectorizedV2Wildcard,static,full-scan,full-scan,wild_len456,%a______________________________________________________________________________________________________________________________________________________________________________________________________________________________________________________________________________________________________________________________________________________________________________________________________________________________________________________________________a%,5,1000,0,69330,13820,13830.0,13866.0,13865.912695388293,13940,13940,13810.0,20.0,13.83,13.865,13.81
fftstr_abab_512_x1000,value,utf8,FftstrV2,static,full-scan,full-scan,wild_len476,%a__________________________________________________________________________________________________________________________________________________________________________________________________________________________________________________________________________________________________________________________________________________________________________________________________________________________________________________________________________________________a%,5,1000,0,69798,13870,13979.0,13959.6,13959.498143705152,14030,14030,13959.0,20.0,13.979,13.959,13.959
fftstr_abab_512_x1000,value,utf8,NaiveVectorizedV2Wildcard,static,full-scan,full-scan,wild_len396,%a__________________________________________________________________________________________________________________________________________________________________________________________________________________________________________________________________________________________________________________________________________________________________________________________________________a%,5,1000,0,70086,13920,14029.0,14017.2,14017.090773021337,14089,14089,14010.0,20.0,14.029,14.017,14.01
fftstr_abab_512_x1000,value,utf8,NaiveVectorizedV2Wildcard,static,full-scan,full-scan,wild_len412,%a__________________________________________________________________________________________________________________________________________________________________________________________________________________________________________________________________________________________________________________________________________________________________________________________________________________________a%,5,1000,0,70776,14110,14129.0,14155.2,14155.125006032818,14229,14229,14099.0,30.0,14.129,14.155,14.099
fftstr_abab_512_x1000,value,utf8,NaiveVectorizedV2Wildcard,static,full-scan,full-scan,wild_len368,%a______________________________________________________________________________________________________________________________________________________________________________________________________________________________________________________________________________________________________________________________________________________________________________a%,5,1000,0,72222,14329,14458.0,14444.4,14444.24447304655,14509,14509,14438.0,20.0,14.458,14.444,14.438
fftstr_abab_512_x1000,value,utf8,NaiveVectorizedV2Wildcard,static,full-scan,full-scan,wild_len424,%a______________________________________________________________________________________________________________________________________________________________________________________________________________________________________________________________________________________________________________________________________________________________________________________________________________________________________a%,5,1000,0,84545,14389,14568.0,16909.0,16363.013445650373,26552,26552,14549.0,20.0,14.568,16.363,14.549
fftstr_abab_512_x1000,value,utf8,FftstrV2,static,full-scan,full-scan,wild_len416,%a______________________________________________________________________________________________________________________________________________________________________________________________________________________________________________________________________________________________________________________________________________________________________________________________________________________________a%,5,1000,0,73031,14539,14598.0,14606.2,14606.081307433858,14688,14688,14578.0,20.0,14.598,14.606,14.578
fftstr_abab_512_x1000,value,utf8,FftstrV2,static,full-scan,full-scan,wild_len460,%a__________________________________________________________________________________________________________________________________________________________________________________________________________________________________________________________________________________________________________________________________________________________________________________________________________________________________________________________________________a%,5,1000,0,75166,14977,15027.0,15033.2,15033.1541723291,15087,15087,15007.0,20.0,15.027,15.033,15.007
fftstr_abab_512_x1000,value,utf8,FftstrV2,static,full-scan,full-scan,wild_len500,%a__________________________________________________________________________________________________________________________________________________________________________________________________________________________________________________________________________________________________________________________________________________________________________________________________________________________________________________________________________________________________________________a%,5,1000,0,75255,15027,15047.0,15051.0,15050.992556933936,15067,15067,15028.0,20.0,15.047,15.05,15.028
fftstr_abab_512_x1000,value,utf8,NaiveVectorizedV2Wildcard,static,full-scan,full-scan,wild_len352,%a______________________________________________________________________________________________________________________________________________________________________________________________________________________________________________________________________________________________________________________________________________________________a%,5,1000,0,76004,15127,15196.0,15200.8,15200.709697224007,15277,15277,15176.0,20.0,15.196,15.2,15.176
fftstr_abab_512_x1000,value,utf8,NaiveVectorizedV2Wildcard,static,full-scan,full-scan,wild_len392,%a______________________________________________________________________________________________________________________________________________________________________________________________________________________________________________________________________________________________________________________________________________________________________________________________________a%,5,1000,0,76773,15157,15396.0,15354.6,15354.198647994295,15466,15466,15366.0,20.0,15.396,15.354,15.366
fftstr_abab_512_x1000,value,utf8,NaiveVectorizedV2Wildcard,static,full-scan,full-scan,wild_len408,%a______________________________________________________________________________________________________________________________________________________________________________________________________________________________________________________________________________________________________________________________________________________________________________________________________________________a%,5,1000,0,77810,14658,15576.0,15562.0,15549.386346765974,16254,16254,15546.0,20.0,15.576,15.549,15.546
fftstr_abab_512_x1000,value,utf8,NaiveVectorizedV2Wildcard,static,full-scan,full-scan,wild_len436,%a__________________________________________________________________________________________________________________________________________________________________________________________________________________________________________________________________________________________________________________________________________________________________________________________________________________________________________________a%,5,1000,0,78130,15526,15656.0,15626.0,15625.908893701797,15666,15666,15626.0,30.0,15.656,15.625,15.626
fftstr_abab_512_x1000,value,utf8,FftstrV2,static,full-scan,full-scan,wild_len472,%a______________________________________________________________________________________________________________________________________________________________________________________________________________________________________________________________________________________________________________________________________________________________________________________________________________________________________________________________________________________a%,5,1000,0,78287,15566,15665.0,15657.4,15657.25955604428,15755,15755,15646.0,20.0,15.665,15.657,15.646
fftstr_abab_512_x1000,value,utf8,NaiveVectorizedV2Wildcard,static,full-scan,full-scan,wild_len452,%a__________________________________________________________________________________________________________________________________________________________________________________________________________________________________________________________________________________________________________________________________________________________________________________________________________________________________________________________________a%,5,1000,0,78330,15596,15666.0,15666.0,15665.919552728143,15726,15726,15646.0,20.0,15.666,15.665,15.646
fftstr_abab_512_x1000,value,utf8,FftstrV2,static,full-scan,full-scan,wild_len484,%a__________________________________________________________________________________________________________________________________________________________________________________________________________________________________________________________________________________________________________________________________________________________________________________________________________________________________________________________________________________________________a%,5,1000,0,81032,15695,15785.0,16206.4,16196.018923475634,16973,16973,15765.0,20.0,15.785,16.196,15.765
fftstr_abab_512_x1000,value,utf8,NaiveVectorizedV2Wildcard,static,full-scan,full-scan,wild_len380,%a__________________________________________________________________________________________________________________________________________________________________________________________________________________________________________________________________________________________________________________________________________________________________________________________a%,5,1000,0,78778,15426,15826.0,15755.6,15754.705560133252,15876,15876,15796.0,20.0,15.826,15.754,15.796
fftstr_abab_512_x1000,value,utf8,FftstrV2,static,full-scan,full-scan,wild_len400,%a______________________________________________________________________________________________________________________________________________________________________________________________________________________________________________________________________________________________________________________________________________________________________________________________________________a%,5,1000,0,80045,15965,16015.0,16009.0,16008.981743736655,16035,16035,15995.0,20.0,16.015,16.008,15.995
fftstr_abab_512_x1000,value,utf8,NaiveVectorizedV2Wildcard,static,full-scan,full-scan,wild_len336,%a______________________________________________________________________________________________________________________________________________________________________________________________________________________________________________________________________________________________________________________________________________a%,5,1000,0,80245,16005,16045.0,16049.0,16048.959379362948,16095,16095,16025.0,20.0,16.045,16.048,16.025
fftstr_abab_512_x1000,value,utf8,FftstrV2,static,full-scan,full-scan,wild_len444,%a__________________________________________________________________________________________________________________________________________________________________________________________________________________________________________________________________________________________________________________________________________________________________________________________________________________________________________________________a%,5,1000,0,80563,16085,16105.0,16112.6,16112.584033430352,16144,16144,16085.0,20.0,16.105,16.112,16.085
fftstr_abab_512_x1000,value,utf8,NaiveVectorizedV2Wildcard,static,full-scan,full-scan,wild_len420,%a__________________________________________________________________________________________________________________________________________________________________________________________________________________________________________________________________________________________________________________________________________________________________________________________________________________________________a%,5,1000,0,81700,16304,16334.0,16340.0,16339.984572849758,16364,16364,16314.0,20.0,16.334,16.339,16.314
fftstr_abab_512_x1000,value,utf8,NaiveVectorizedV2Wildcard,static,full-scan,full-scan,wild_len404,%a__________________________________________________________________________________________________________________________________________________________________________________________________________________________________________________________________________________________________________________________________________________________________________________________________________________a%,5,1000,0,81722,16294,16344.0,16344.4,16344.373668917922,16385,16385,16314.0,30.0,16.344,16.344,16.314
fftstr_abab_512_x1000,value,utf8,TwoWay,static,full-scan,full-scan,wild_len512,%a______________________________________________________________________________________________________________________________________________________________________________________________________________________________________________________________________________________________________________________________________________________________________________________________________________________________________________________________________________________________________________________________a%,5,1000,0,83965,16419,16599.0,16793.0,16788.76412338628,17289,17289,16579.0,20.0,16.599,16.788,16.579
fftstr_abab_512_x1000,value,utf8,NaiveVectorizedV2Wildcard,static,full-scan,full-scan,wild_len364,%a__________________________________________________________________________________________________________________________________________________________________________________________________________________________________________________________________________________________________________________________________________________________________________a%,5,1000,0,82907,16204,16653.0,16581.4,16580.15723155697,16763,16763,16633.0,20.0,16.653,16.58,16.633
fftstr_abab_512_x1000,value,utf8,NaiveVectorizedV2Wildcard,static,full-scan,full-scan,wild_len348,%a__________________________________________________________________________________________________________________________________________________________________________________________________________________________________________________________________________________________________________________________________________________________a%,5,1000,0,84544,16883,16903.0,16908.8,16908.78326040721,16952,16952,16883.0,20.0,16.903,16.908,16.883
fftstr_abab_512_x1000,value,utf8,NaiveVectorizedV2Wildcard,static,full-scan,full-scan,wild_len388,%a__________________________________________________________________________________________________________________________________________________________________________________________________________________________________________________________________________________________________________________________________________________________________________________________________a%,5,1000,0,84906,16854,16993.0,16981.2,16981.062856874385,17053,17053,16973.0,20.0,16.993,16.981,16.973
fftstr_abab_512_x1000,value,utf8,NaiveVectorizedV2Wildcard,static,full-scan,full-scan,wild_len320,%a______________________________________________________________________________________________________________________________________________________________________________________________________________________________________________________________________________________________________________________________a%,5,1000,0,85192,16983,17023.0,17038.4,17038.337948349228,17102,17102,17003.0,20.0,17.023,17.038,17.003
fftstr_abab_512_x1000,value,utf8,FftstrV2,static,full-scan,full-scan,wild_len456,%a______________________________________________________________________________________________________________________________________________________________________________________________________________________________________________________________________________________________________________________________________________________________________________________________________________________________________________________________________a%,5,1000,0,87299,17272,17322.0,17459.8,17457.681001142122,18001,18001,17292.0,20.0,17.322,17.457,17.292
fftstr_abab_512_x1000,value,utf8,FftstrV2,static,full-scan,full-scan,wild_len384,%a______________________________________________________________________________________________________________________________________________________________________________________________________________________________________________________________________________________________________________________________________________________________________________________________a%,5,1000,0,87030,17392,17412.0,17406.0,17405.995863283242,17422,17422,17382.0,20.0,17.412,17.405,17.382
fftstr_abab_512_x1000,value,utf8,NaiveVectorizedV2Wildcard,static,full-scan,full-scan,wild_len332,%a__________________________________________________________________________________________________________________________________________________________________________________________________________________________________________________________________________________________________________________________________________a%,5,1000,0,88467,17662,17692.0,17693.4,17693.385235044174,17731,17731,17672.0,20.0,17.692,17.693,17.672
fftstr_abab_512_x1000,value,utf8,NaiveVectorizedV2Wildcard,static,full-scan,full-scan,wild_len376,%a______________________________________________________________________________________________________________________________________________________________________________________________________________________________________________________________________________________________________________________________________________________________________________________a%,5,1000,0,88447,16853,17871.0,17689.4,17684.312202922705,17931,17931,17851.0,20.0,17.871,17.684,17.851
fftstr_abab_512_x1000,value,utf8,FftstrV2,static,full-scan,full-scan,wild_len428,%a__________________________________________________________________________________________________________________________________________________________________________________________________________________________________________________________________________________________________________________________________________________________________________________________________________________________________________a%,5,1000,0,90641,18070,18120.0,18128.2,18128.14980942474,18200,18200,18090.0,20.0,18.12,18.128,18.09
fftstr_abab_512_x1000,value,utf8,NaiveVectorizedV2Wildcard,static,full-scan,full-scan,wild_len304,%a______________________________________________________________________________________________________________________________________________________________________________________________________________________________________________________________________________________________________________a%,5,1000,0,97686,18260,18339.0,19537.2,19401.59722006688,24407,24407,18319.0,20.0,18.339,19.401,18.319
fftstr_abab_512_x1000,value,utf8,FftstrV2,static,full-scan,full-scan,wild_len468,%a__________________________________________________________________________________________________________________________________________________________________________________________________________________________________________________________________________________________________________________________________________________________________________________________________________________________________________________________________________________a%,5,1000,0,96618,17612,18360.0,19323.6,19186.198003281417,24077,24077,18330.0,20.0,18.36,19.186,18.33
fftstr_abab_512_x1000,value,utf8,FftstrV2,static,full-scan,full-scan,wild_len440,%a______________________________________________________________________________________________________________________________________________________________________________________________________________________________________________________________________________________________________________________________________________________________________________________________________________________________________________________a%,5,1000,0,91969,18350,18379.0,18393.8,18393.736219204562,18480,18480,18350.0,20.0,18.379,18.393,18.35
fftstr_abab_512_x1000,value,utf8,FftstrV2,static,full-scan,full-scan,wild_len368,%a______________________________________________________________________________________________________________________________________________________________________________________________________________________________________________________________________________________________________________________________________________________________________________a%,5,1000,0,91910,18330,18380.0,18382.0,18381.975612503593,18420,18420,18360.0,20.0,18.38,18.381,18.36
fftstr_abab_512_x1000,value,utf8,NaiveVectorizedV2Wildcard,static,full-scan,full-scan,wild_len344,%a______________________________________________________________________________________________________________________________________________________________________________________________________________________________________________________________________________________________________________________________________________________a%,5,1000,0,92886,18559,18579.0,18577.2,18577.19286895411,18600,18600,18559.0,20.0,18.579,18.577,18.559
fftstr_abab_512_x1000,value,utf8,TwoWay2,static,full-scan,full-scan,wild_len512,%a______________________________________________________________________________________________________________________________________________________________________________________________________________________________________________________________________________________________________________________________________________________________________________________________________________________________________________________________________________________________________________________________a%,5,1000,0,93075,18459,18589.0,18615.0,18614.697469649644,18769,18769,18569.0,20.0,18.589,18.614,18.569
fftstr_abab_512_x1000,value,utf8,NaiveVectorizedV2Wildcard,static,full-scan,full-scan,wild_len360,%a______________________________________________________________________________________________________________________________________________________________________________________________________________________________________________________________________________________________________________________________________________________________________a%,5,1000,0,92088,17342,18659.0,18417.6,18409.476047779215,18739,18739,18639.0,20.0,18.659,18.409,18.639
fftstr_abab_512_x1000,value,utf8,NaiveVectorizedV2Wildcard,static,full-scan,full-scan,wild_len372,%a__________________________________________________________________________________________________________________________________________________________________________________________________________________________________________________________________________________________________________________________________________________________________________________a%,5,1000,0,94055,18729,18799.0,18811.0,18810.9155665257,18879,18879,18779.0,30.0,18.799,18.81,18.779
fftstr_abab_512_x1000,value,utf8,TwoWay3,static,full-scan,full-scan,wild_len512,%a______________________________________________________________________________________________________________________________________________________________________________________________________________________________________________________________________________________________________________________________________________________________________________________________________________________________________________________________________________________________________________________________a%,5,1000,0,93885,18619,18829.0,18777.0,18776.799782321305,18849,18849,18809.0,20.0,18.829,18.776,18.809
fftstr_abab_512_x1000,value,utf8,FftstrV2,static,full-scan,full-scan,wild_len412,%a__________________________________________________________________________________________________________________________________________________________________________________________________________________________________________________________________________________________________________________________________________________________________________________________________________________________a%,5,1000,0,94184,18818,18829.0,18836.8,18836.786650623562,18879,18879,18799.0,20.0,18.829,18.836,18.799
fftstr_abab_512_x1000,value,utf8,NaiveVectorizedV2Wildcard,static,full-scan,full-scan,wild_len316,%a__________________________________________________________________________________________________________________________________________________________________________________________________________________________________________________________________________________________________________________________a%,5,1000,0,95501,19039,19078.0,19100.2,19100.1363792295,19168,19168,19058.0,20.0,19.078,19.1,19.058
fftstr_abab_512_x1000,value,utf8,NaiveVectorizedV2Wildcard,static,full-scan,full-scan,wild_len288,%a______________________________________________________________________________________________________________________________________________________________________________________________________________________________________________________________________________________________a%,5,1000,0,96620,19278,19328.0,19324.0,19323.966256054526,19368,19368,19308.0,20.0,19.328,19.323,19.308
fftstr_abab_512_x1000,value,utf8,NaiveVectorizedV2Wildcard,static,full-scan,full-scan,wild_len328,%a______________________________________________________________________________________________________________________________________________________________________________________________________________________________________________________________________________________________________________________________________a%,5,1000,0,96918,19328,19378.0,19383.6,19383.556034147095,19448,19448,19358.0,20.0,19.378,19.383,19.358
fftstr_abab_512_x1000,value,utf8,FftstrV2,static,full-scan,full-scan,wild_len424,%a______________________________________________________________________________________________________________________________________________________________________________________________________________________________________________________________________________________________________________________________________________________________________________________________________________________________________a%,5,1000,0,97966,19438,19597.0,19593.2,19592.935551868282,19747,19747,19577.0,20.0,19.597,19.592,19.577
fftstr_abab_512_x1000,value,utf8,NaiveVectorizedV2Wildcard,static,full-scan,full-scan,wild_len356,%a__________________________________________________________________________________________________________________________________________________________________________________________________________________________________________________________________________________________________________________________________________________________________a%,5,1000,0,99163,19527,19607.0,19832.6,19825.904519855427,20874,20874,19587.0,20.0,19.607,19.825,19.587
fftstr_abab_512_x1000,value,utf8,FftstrV2,static,full-scan,full-scan,wild_len352,%a______________________________________________________________________________________________________________________________________________________________________________________________________________________________________________________________________________________________________________________________________________________________a%,5,1000,0,98605,19657,19737.0,19721.0,19720.969945594967,19757,19757,19697.0,20.0,19.737,19.72,19.697
fftstr_abab_512_x1000,value,utf8,FftstrV2,static,full-scan,full-scan,wild_len396,%a__________________________________________________________________________________________________________________________________________________________________________________________________________________________________________________________________________________________________________________________________________________________________________________________________________a%,5,1000,0,99612,19836,19916.0,19922.4,19922.337103704343,19977,19977,19896.0,20.0,19.916,19.922,19.896
fftstr_abab_512_x1000,value,utf8,NaiveVectorizedV2Wildcard,static,full-scan,full-scan,wild_len272,%a______________________________________________________________________________________________________________________________________________________________________________________________________________________________________________________________________________a%,5,1000,0,99802,19916,19946.0,19960.4,19960.369119993702,20007,20007,19926.0,20.0,19.946,19.96,19.926
fftstr_abab_512_x1000,value,utf8,NaiveVectorizedV2Wildcard,static,full-scan,full-scan,wild_len300,%a__________________________________________________________________________________________________________________________________________________________________________________________________________________________________________________________________________________________________________a%,5,1000,0,99732,19897,19956.0,19946.4,19946.37010431055,19986,19986,19936.0,20.0,19.956,19.946,19.936
fftstr_abab_512_x1000,value,utf8,PairHorspool,static,full-scan,full-scan,wild_len512,%a______________________________________________________________________________________________________________________________________________________________________________________________________________________________________________________________________________________________________________________________________________________________________________________________________________________________________________________________________________________________________________________________a%,5,1000,0,100242,19976,20076.0,20048.4,20048.333748989135,20097,20097,20036.0,20.0,20.076,20.048,20.036
fftstr_abab_512_x1000,value,utf8,FftstrV2,static,full-scan,full-scan,wild_len436,%a__________________________________________________________________________________________________________________________________________________________________________________________________________________________________________________________________________________________________________________________________________________________________________________________________________________________________________________a%,5,1000,0,100521,19997,20096.0,20104.2,20104.083226670882,20196,20196,20056.0,20.0,20.096,20.104,20.056
fftstr_abab_512_x1000,value,utf8,FftstrV2,static,full-scan,full-scan,wild_len452,%a__________________________________________________________________________________________________________________________________________________________________________________________________________________________________________________________________________________________________________________________________________________________________________________________________________________________________________________________________a%,5,1000,0,102596,20455,20465.0,20519.2,20519.04633600752,20655,20655,20445.0,20.0,20.465,20.519,20.445
fftstr_abab_512_x1000,value,utf8,NaiveVectorizedV2Wildcard,static,full-scan,full-scan,wild_len340,%a__________________________________________________________________________________________________________________________________________________________________________________________________________________________________________________________________________________________________________________________________________________a%,5,1000,0,102217,20296,20485.0,20443.4,20443.231705755297,20535,20535,20465.0,20.0,20.485,20.443,20.465
fftstr_abab_512_x1000,value,utf8,FftstrV2,static,full-scan,full-scan,wild_len408,%a______________________________________________________________________________________________________________________________________________________________________________________________________________________________________________________________________________________________________________________________________________________________________________________________________________________a%,5,1000,0,103554,20665,20705.0,20710.8,20710.760581652787,20784,20784,20685.0,20.0,20.705,20.71,20.685
fftstr_abab_512_x1000,value,utf8,NaiveVectorizedV2Wildcard,static,full-scan,full-scan,wild_len256,%a______________________________________________________________________________________________________________________________________________________________________________________________________________________________________________________________a%,5,1000,0,104173,20774,20825.0,20834.6,20834.560533724183,20884,20884,20805.0,20.0,20.825,20.834,20.805
fftstr_abab_512_x1000,value,utf8,LibcMemmem,static,full-scan,full-scan,wild_len512,%a______________________________________________________________________________________________________________________________________________________________________________________________________________________________________________________________________________________________________________________________________________________________________________________________________________________________________________________________________________________________________________________________a%,5,1000,0,104981,20824,20964.0,20996.2,20995.758972794516,21224,21224,20944.0,20.0,20.964,20.995,20.944
fftstr_abab_512_x1000,value,utf8,FftstrV2,static,full-scan,full-scan,wild_len380,%a__________________________________________________________________________________________________________________________________________________________________________________________________________________________________________________________________________________________________________________________________________________________________________________________a%,5,1000,0,105500,21064,21104.0,21100.0,21099.980477469046,21144,21144,21074.0,20.0,21.104,21.099,21.074
fftstr_abab_512_x1000,value,utf8,FftstrV2,static,full-scan,full-scan,wild_len336,%a______________________________________________________________________________________________________________________________________________________________________________________________________________________________________________________________________________________________________________________________________________a%,5,1000,0,105650,21114,21124.0,21130.0,21129.991864531443,21164,21164,21104.0,20.0,21.124,21.129,21.104
fftstr_abab_512_x1000,value,utf8,NaiveVectorizedV2Wildcard,static,full-scan,full-scan,wild_len312,%a______________________________________________________________________________________________________________________________________________________________________________________________________________________________________________________________________________________________________________________a%,5,1000,0,106008,21164,21193.0,21201.6,21201.557934072895,21283,21283,21173.0,20.0,21.193,21.201,21.173
fftstr_abab_512_x1000,value,utf8,NaiveVectorizedV2Wildcard,static,full-scan,full-scan,wild_len268,%a__________________________________________________________________________________________________________________________________________________________________________________________________________________________________________________________________________a%,5,1000,0,106048,21194,21214.0,21209.6,21209.59761783598,21223,21223,21184.0,20.0,21.214,21.209,21.184
fftstr_abab_512_x1000,value,utf8,NaiveVectorizedV2Wildcard,static,full-scan,full-scan,wild_len324,%a__________________________________________________________________________________________________________________________________________________________________________________________________________________________________________________________________________________________________________________________________a%,5,1000,0,106427,21253,21264.0,21285.4,21285.373743817483,21343,21343,21244.0,30.0,21.264,21.285,21.244
fftstr_abab_512_x1000,value,utf8,NaiveVectorizedV2Wildcard,static,full-scan,full-scan,wild_len284,%a__________________________________________________________________________________________________________________________________________________________________________________________________________________________________________________________________________________________a%,5,1000,0,106956,21343,21393.0,21391.2,21391.180898593222,21433,21433,21374.0,20.0,21.393,21.391,21.374
fftstr_abab_512_x1000,value,utf8,FftstrV2,static,full-scan,full-scan,wild_len420,%a__________________________________________________________________________________________________________________________________________________________________________________________________________________________________________________________________________________________________________________________________________________________________________________________________________________________________a%,5,1000,0,107067,21343,21424.0,21413.4,21413.356170161005,21473,21473,21374.0,20.0,21.424,21.413,21.374
fftstr_abab_512_x1000,value,utf8,NaiveVectorizedV2Wildcard,static,full-scan,full-scan,wild_len240,%a______________________________________________________________________________________________________________________________________________________________________________________________________________________________________________a%,5,1000,0,117814,21623,21823.0,23562.8,23327.987464384183,30673,30673,21803.0,20.0,21.823,23.327,21.803
fftstr_abab_512_x1000,value,utf8,NaiveVectorizedV2Wildcard,static,full-scan,full-scan,wild_len296,%a______________________________________________________________________________________________________________________________________________________________________________________________________________________________________________________________________________________________________a%,5,1000,0,109601,21004,21972.0,21920.2,21912.723338515098,22661,22661,21952.0,20.0,21.972,21.912,21.952
fftstr_abab_512_x1000,value,utf8,FftstrV2,static,full-scan,full-scan,wild_len320,%a______________________________________________________________________________________________________________________________________________________________________________________________________________________________________________________________________________________________________________________________a%,5,1000,0,110119,21992,22022.0,22023.8,22023.791712832448,22051,22051,22002.0,20.0,22.022,22.023,22.002
fftstr_abab_512_x1000,value,utf8,NaiveVectorizedV2Wildcard,static,full-scan,full-scan,wild_len308,%a__________________________________________________________________________________________________________________________________________________________________________________________________________________________________________________________________________________________________________________a%,5,1000,0,112604,22012,22052.0,22520.8,22513.001910054718,23249,23249,22032.0,20.0,22.052,22.513,22.032
fftstr_abab_512_x1000,value,utf8,FftstrV2,static,full-scan,full-scan,wild_len392,%a______________________________________________________________________________________________________________________________________________________________________________________________________________________________________________________________________________________________________________________________________________________________________________________________________a%,5,1000,0,111057,22181,22201.0,22211.4,22211.377764681954,22262,22262,22171.0,20.0,22.201,22.211,22.171
fftstr_abab_512_x1000,value,utf8,FftstrV2,static,full-scan,full-scan,wild_len364,%a__________________________________________________________________________________________________________________________________________________________________________________________________________________________________________________________________________________________________________________________________________________________________________a%,5,1000,0,111825,22341,22371.0,22365.0,22364.99409683184,22381,22381,22351.0,20.0,22.371,22.364,22.351
fftstr_abab_512_x1000,value,utf8,NaiveVectorizedV2Wildcard,static,full-scan,full-scan,wild_len252,%a__________________________________________________________________________________________________________________________________________________________________________________________________________________________________________________________a%,5,1000,0,112205,22371,22451.0,22441.0,22440.966099960744,22481,22481,22431.0,20.0,22.451,22.44,22.431
fftstr_abab_512_x1000,value,utf8,NaiveVectorizedV2Wildcard,static,full-scan,full-scan,wild_len224,%a______________________________________________________________________________________________________________________________________________________________________________________________________________________________a%,5,1000,0,112254,22411,22451.0,22450.8,22450.779959105963,22500,22500,22421.0,20.0,22.451,22.45,22.421
fftstr_abab_512_x1000,value,utf8,NaiveVectorizedV2Wildcard,static,full-scan,full-scan,wild_len280,%a______________________________________________________________________________________________________________________________________________________________________________________________________________________________________________________________________________________a%,5,1000,0,112345,22421,22471.0,22469.0,22468.978276975922,22511,22511,22451.0,20.0,22.471,22.468,22.451
fftstr_abab_512_x1000,value,utf8,NaiveVectorizedV2Wildcard,static,full-scan,full-scan,wild_len264,%a______________________________________________________________________________________________________________________________________________________________________________________________________________________________________________________________________a%,5,1000,0,112335,22411,22471.0,22467.0,22466.962961008412,22511,22511,22451.0,20.0,22.471,22.466,22.451
fftstr_abab_512_x1000,value,utf8,FftstrV2,static,full-scan,full-scan,wild_len404,%a__________________________________________________________________________________________________________________________________________________________________________________________________________________________________________________________________________________________________________________________________________________________________________________________________________________a%,5,1000,0,113901,22681,22790.0,22780.2,22780.059528775368,22890,22890,22770.0,20.0,22.79,22.78,22.77
fftstr_abab_512_x1000,value,utf8,FftstrV2,static,full-scan,full-scan,wild_len304,%a______________________________________________________________________________________________________________________________________________________________________________________________________________________________________________________________________________________________________________a%,5,1000,0,116396,23240,23269.0,23279.2,23279.167723985174,23349,23349,23249.0,20.0,23.269,23.279,23.249
fftstr_abab_512_x1000,value,utf8,NaiveVectorizedV2Wildcard,static,full-scan,full-scan,wild_len208,%a______________________________________________________________________________________________________________________________________________________________________________________________________________a%,5,1000,0,116425,23219,23269.0,23285.0,23284.944523523172,23349,23349,23249.0,20.0,23.269,23.284,23.249
fftstr_abab_512_x1000,value,utf8,FftstrV2,static,full-scan,full-scan,wild_len376,%a______________________________________________________________________________________________________________________________________________________________________________________________________________________________________________________________________________________________________________________________________________________________________________________a%,5,1000,0,117133,23359,23408.0,23426.6,23426.51981270983,23509,23509,23388.0,20.0,23.408,23.426,23.388
fftstr_abab_512_x1000,value,utf8,NaiveVectorizedV2Wildcard,static,full-scan,full-scan,wild_len220,%a__________________________________________________________________________________________________________________________________________________________________________________________________________________________a%,5,1000,0,118650,23648,23748.0,23730.0,23729.952418825873,23778,23778,23718.0,30.0,23.748,23.729,23.718
fftstr_abab_512_x1000,value,utf8,FftstrV2,static,full-scan,full-scan,wild_len348,%a__________________________________________________________________________________________________________________________________________________________________________________________________________________________________________________________________________________________________________________________________________________________a%,5,1000,0,119448,23828,23888.0,23889.6,23889.561109961756,23937,23937,23868.0,20.0,23.888,23.889,23.868
fftstr_abab_512_x1000,value,utf8,NaiveVectorizedV2Wildcard,static,full-scan,full-scan,wild_len236,%a__________________________________________________________________________________________________________________________________________________________________________________________________________________________________________a%,5,1000,0,119637,23848,23957.0,23927.4,23927.357738150273,23967,23967,23908.0,20.0,23.957,23.927,23.908
fftstr_abab_512_x1000,value,utf8,NaiveVectorizedV2Wildcard,static,full-scan,full-scan,wild_len428,%a__________________________________________________________________________________________________________________________________________________________________________________________________________________________________________________________________________________________________________________________________________________________________________________________________________________________________________a%,5,1000,0,124587,23528,24087.0,24917.4,24883.273406648037,26961,26961,24047.0,20.0,24.087,24.883,24.047
fftstr_abab_512_x1000,value,utf8,NaiveVectorizedV2Wildcard,static,full-scan,full-scan,wild_len192,%a______________________________________________________________________________________________________________________________________________________________________________________________a%,5,1000,0,120647,24058,24137.0,24129.4,24129.337973357855,24217,24217,24087.0,20.0,24.137,24.129,24.087
fftstr_abab_512_x1000,value,utf8,FftstrV2,static,full-scan,full-scan,wild_len388,%a__________________________________________________________________________________________________________________________________________________________________________________________________________________________________________________________________________________________________________________________________________________________________________________________________a%,5,1000,0,120586,24007,24137.0,24117.2,24117.10487325617,24197,24197,24107.0,30.0,24.137,24.117,24.107
fftstr_abab_512_x1000,value,utf8,NaiveVectorizedV2Wildcard,static,full-scan,full-scan,wild_len276,%a__________________________________________________________________________________________________________________________________________________________________________________________________________________________________________________________________________________a%,5,1000,0,121595,24277,24327.0,24319.0,24318.98404084084,24347,24347,24307.0,20.0,24.327,24.318,24.307
fftstr_abab_512_x1000,value,utf8,NaiveVectorizedV2Wildcard,static,full-scan,full-scan,wild_len248,%a______________________________________________________________________________________________________________________________________________________________________________________________________________________________________________________a%,5,1000,0,128779,24087,24327.0,25755.8,25626.90491377113,31102,31102,24287.0,20.0,24.327,25.626,24.287
fftstr_abab_512_x1000,value,utf8,NaiveVectorizedV2Wildcard,static,full-scan,full-scan,wild_len204,%a__________________________________________________________________________________________________________________________________________________________________________________________________________a%,5,1000,0,122882,24526,24577.0,24576.4,24576.373311321662,24636,24636,24527.0,30.0,24.577,24.576,24.527
fftstr_abab_512_x1000,value,utf8,NaiveVectorizedV2Wildcard,static,full-scan,full-scan,wild_len292,%a__________________________________________________________________________________________________________________________________________________________________________________________________________________________________________________________________________________________________a%,5,1000,0,123650,24716,24726.0,24730.0,24729.995626129898,24756,24756,24706.0,20.0,24.726,24.729,24.706
fftstr_abab_512_x1000,value,utf8,FftstrV2,static,full-scan,full-scan,wild_len360,%a______________________________________________________________________________________________________________________________________________________________________________________________________________________________________________________________________________________________________________________________________________________________________a%,5,1000,0,124000,24776,24796.0,24800.0,24799.99467783356,24826,24826,24776.0,20.0,24.796,24.799,24.776
fftstr_abab_512_x1000,value,utf8,NaiveVectorizedV2Wildcard,static,full-scan,full-scan,wild_len232,%a______________________________________________________________________________________________________________________________________________________________________________________________________________________________________a%,5,1000,0,125656,24916,24925.0,25131.2,25127.96404494601,25944,25944,24906.0,20.0,24.925,25.127,24.906
fftstr_abab_512_x1000,value,utf8,FftstrV2,static,full-scan,full-scan,wild_len372,%a__________________________________________________________________________________________________________________________________________________________________________________________________________________________________________________________________________________________________________________________________________________________________________________a%,5,1000,0,124867,24925,24955.0,24973.4,24973.359002713758,25055,25055,24926.0,20.0,24.955,24.973,24.926
fftstr_abab_512_x1000,value,utf8,NaiveVectorizedV2Wildcard,static,full-scan,full-scan,wild_len216,%a______________________________________________________________________________________________________________________________________________________________________________________________________________________a%,5,1000,0,160009,24906,24965.0,32001.8,29761.262646231826,60178,60178,24935.0,30.0,24.965,29.761,24.935
fftstr_abab_512_x1000,value,utf8,NaiveVectorizedV2Wildcard,static,full-scan,full-scan,wild_len176,%a______________________________________________________________________________________________________________________________________________________________________________a%,5,1000,0,124906,24946,24975.0,24981.2,24981.182195205736,25025,25025,24956.0,20.0,24.975,24.981,24.956
fftstr_abab_512_x1000,value,utf8,NaiveVectorizedV2Wildcard,static,full-scan,full-scan,wild_len260,%a__________________________________________________________________________________________________________________________________________________________________________________________________________________________________________________________________a%,5,1000,0,128989,25105,25115.0,25797.8,25763.462235630264,28528,28528,25095.0,20.0,25.115,25.763,25.095
fftstr_abab_512_x1000,value,utf8,FftstrV2,static,full-scan,full-scan,wild_len332,%a__________________________________________________________________________________________________________________________________________________________________________________________________________________________________________________________________________________________________________________________________________a%,5,1000,0,126734,25195,25205.0,25346.8,25345.76909682452,25794,25794,25185.0,20.0,25.205,25.345,25.185
fftstr_abab_512_x1000,value,utf8,FftstrV2,static,full-scan,full-scan,wild_len288,%a______________________________________________________________________________________________________________________________________________________________________________________________________________________________________________________________________________________________a%,5,1000,0,126335,25245,25275.0,25267.0,25266.995725072837,25285,25285,25235.0,20.0,25.275,25.266,25.235
fftstr_abab_512_x1000,value,utf8,NaiveVectorizedV2Wildcard,static,full-scan,full-scan,wild_len188,%a__________________________________________________________________________________________________________________________________________________________________________________________a%,5,1000,0,127122,25375,25414.0,25424.4,25424.377970638692,25475,25475,25394.0,20.0,25.414,25.424,25.394
fftstr_abab_512_x1000,value,utf8,NaiveVectorizedV2Wildcard,static,full-scan,full-scan,wild_len160,%a______________________________________________________________________________________________________________________________________________________________a%,5,1000,0,128959,25724,25794.0,25791.8,25791.771300133943,25833,25833,25774.0,20.0,25.794,25.791,25.774
fftstr_abab_512_x1000,value,utf8,NaiveVectorizedV2Wildcard,static,full-scan,full-scan,wild_len200,%a______________________________________________________________________________________________________________________________________________________________________________________________________a%,5,1000,0,129068,25784,25803.0,25813.6,25813.58103057901,25873,25873,25774.0,20.0,25.803,25.813,25.774
fftstr_abab_512_x1000,value,utf8,FftstrV2,static,full-scan,full-scan,wild_len344,%a______________________________________________________________________________________________________________________________________________________________________________________________________________________________________________________________________________________________________________________________________________________a%,5,1000,0,129108,25754,25823.0,25821.6,25821.555252099133,25883,25883,25803.0,20.0,25.823,25.821,25.803
fftstr_abab_512_x1000,value,utf8,NaiveVectorizedV2Wildcard,static,full-scan,full-scan,wild_len172,%a__________________________________________________________________________________________________________________________________________________________________________a%,5,1000,0,131322,26233,26252.0,26264.4,26264.38563682494,26302,26302,26233.0,20.0,26.252,26.264,26.233
fftstr_abab_512_x1000,value,utf8,FftstrV2,static,full-scan,full-scan,wild_len316,%a__________________________________________________________________________________________________________________________________________________________________________________________________________________________________________________________________________________________________________________________a%,5,1000,0,131173,26182,26253.0,26234.6,26234.583487061685,26262,26262,26233.0,20.0,26.253,26.234,26.233
fftstr_abab_512_x1000,value,utf8,FftstrV2,static,full-scan,full-scan,wild_len356,%a__________________________________________________________________________________________________________________________________________________________________________________________________________________________________________________________________________________________________________________________________________________________________a%,5,1000,0,132680,26482,26512.0,26536.0,26535.94337364359,26631,26631,26473.0,20.0,26.512,26.535,26.473
fftstr_abab_512_x1000,value,utf8,FftstrV2,static,full-scan,full-scan,wild_len272,%a______________________________________________________________________________________________________________________________________________________________________________________________________________________________________________________________________________a%,5,1000,0,132809,26523,26562.0,26561.8,26561.786434605652,26591,26591,26542.0,20.0,26.562,26.561,26.542
fftstr_abab_512_x1000,value,utf8,NaiveVectorizedV2Wildcard,static,full-scan,full-scan,wild_len144,%a______________________________________________________________________________________________________________________________________________a%,5,1000,0,132918,26562,26581.0,26583.6,26583.5966547695,26602,26602,26562.0,20.0,26.581,26.583,26.562
fftstr_abab_512_x1000,value,utf8,NaiveVectorizedV2Wildcard,static,full-scan,full-scan,wild_len184,%a______________________________________________________________________________________________________________________________________________________________________________________a%,5,1000,0,133179,26602,26621.0,26635.8,26635.782177107885,26682,26682,26601.0,20.0,26.621,26.635,26.601
fftstr_abab_512_x1000,value,utf8,NaiveVectorizedV2Wildcard,static,full-scan,full-scan,wild_len228,%a__________________________________________________________________________________________________________________________________________________________________________________________________________________________________a%,5,1000,0,134196,26801,26821.0,26839.2,26839.170189272554,26901,26901,26801.0,20.0,26.821,26.839,26.801
fftstr_abab_512_x1000,value,utf8,NaiveVectorizedV2Wildcard,static,full-scan,full-scan,wild_len212,%a__________________________________________________________________________________________________________________________________________________________________________________________________________________a%,5,1000,0,134185,26801,26821.0,26837.0,26836.97275656787,26911,26911,26802.0,20.0,26.821,26.836,26.802
fftstr_abab_512_x1000,value,utf8,FftstrV2,static,full-scan,full-scan,wild_len328,%a______________________________________________________________________________________________________________________________________________________________________________________________________________________________________________________________________________________________________________________________________a%,5,1000,0,135124,26982,27030.0,27024.8,27024.788042242675,27061,27061,27011.0,20.0,27.03,27.024,27.011
fftstr_abab_512_x1000,value,utf8,NaiveVectorizedV2Wildcard,static,full-scan,full-scan,wild_len156,%a__________________________________________________________________________________________________________________________________________________________a%,5,1000,0,135424,27061,27091.0,27084.8,27084.794281819955,27111,27111,27071.0,20.0,27.091,27.084,27.071
fftstr_abab_512_x1000,value,utf8,NaiveVectorizedV2Wildcard,static,full-scan,full-scan,wild_len244,%a__________________________________________________________________________________________________________________________________________________________________________________________________________________________________________________a%,5,1000,0,136151,27190,27230.0,27230.2,27230.177459769704,27290,27290,27201.0,20.0,27.23,27.23,27.201
fftstr_abab_512_x1000,value,utf8,FftstrV2,static,full-scan,full-scan,wild_len300,%a__________________________________________________________________________________________________________________________________________________________________________________________________________________________________________________________________________________________________________a%,5,1000,0,136921,27340,27380.0,27384.2,27384.176234284383,27450,27450,27351.0,20.0,27.38,27.384,27.351
fftstr_abab_512_x1000,value,utf8,NaiveVectorizedV2Wildcard,static,full-scan,full-scan,wild_len128,%a______________________________________________________________________________________________________________________________a%,5,1000,0,137041,27361,27420.0,27408.2,27408.175970258755,27450,27450,27400.0,20.0,27.42,27.408,27.4
fftstr_abab_512_x1000,value,utf8,NaiveVectorizedV2Wildcard,static,full-scan,full-scan,wild_len168,%a______________________________________________________________________________________________________________________________________________________________________a%,5,1000,0,137319,27410,27470.0,27463.8,27463.775208367675,27519,27519,27450.0,20.0,27.47,27.463,27.45
fftstr_abab_512_x1000,value,utf8,FftstrV2,static,full-scan,full-scan,wild_len340,%a__________________________________________________________________________________________________________________________________________________________________________________________________________________________________________________________________________________________________________________________________________________a%,5,1000,0,142398,27520,27590.0,28479.6,28425.70840140699,32090,32090,27570.0,20.0,27.59,28.425,27.57
fftstr_abab_512_x1000,value,utf8,FftstrV2,static,full-scan,full-scan,wild_len312,%a______________________________________________________________________________________________________________________________________________________________________________________________________________________________________________________________________________________________________________________a%,5,1000,0,139365,27789,27819.0,27873.0,27872.86121072778,27999,27999,27790.0,30.0,27.819,27.872,27.79
fftstr_abab_512_x1000,value,utf8,NaiveVectorizedV2Wildcard,static,full-scan,full-scan,wild_len140,%a__________________________________________________________________________________________________________________________________________a%,5,1000,0,139446,27840,27899.0,27889.2,27889.188155785978,27909,27909,27869.0,30.0,27.899,27.889,27.869
fftstr_abab_512_x1000,value,utf8,FftstrV2,static,full-scan,full-scan,wild_len256,%a______________________________________________________________________________________________________________________________________________________________________________________________________________________________________________________________a%,5,1000,0,140094,27989,28019.0,28018.8,28018.793714620064,28039,28039,27989.0,20.0,28.019,28.018,27.989
fftstr_abab_512_x1000,value,utf8,NaiveVectorizedV2Wildcard,static,full-scan,full-scan,wild_len180,%a__________________________________________________________________________________________________________________________________________________________________________________a%,5,1000,0,141441,28258,28279.0,28288.2,28288.183105936212,28338,28338,28259.0,20.0,28.279,28.288,28.259
fftstr_abab_512_x1000,value,utf8,NaiveVectorizedV2Wildcard,static,full-scan,full-scan,wild_len112,%a______________________________________________________________________________________________________________a%,5,1000,0,141461,28238,28279.0,28292.2,28292.16788363113,28368,28368,28259.0,20.0,28.279,28.292,28.259
fftstr_abab_512_x1000,value,utf8,NaiveVectorizedV2Wildcard,static,full-scan,full-scan,wild_len152,%a______________________________________________________________________________________________________________________________________________________a%,5,1000,0,141621,28299,28328.0,28324.2,28324.194107877327,28348,28348,28289.0,30.0,28.328,28.324,28.289
fftstr_abab_512_x1000,value,utf8,FftstrV2,static,full-scan,full-scan,wild_len324,%a__________________________________________________________________________________________________________________________________________________________________________________________________________________________________________________________________________________________________________________________________a%,5,1000,0,142699,28477,28518.0,28539.8,28539.739749166605,28628,28628,28498.0,20.0,28.518,28.539,28.498
fftstr_abab_512_x1000,value,utf8,NaiveVectorizedV2Wildcard,static,full-scan,full-scan,wild_len124,%a__________________________________________________________________________________________________________________________a%,5,1000,0,143767,28747,28748.0,28753.4,28753.398896981784,28767,28767,28728.0,20.0,28.748,28.753,28.728
fftstr_abab_512_x1000,value,utf8,NaiveVectorizedV2Wildcard,static,full-scan,full-scan,wild_len164,%a__________________________________________________________________________________________________________________________________________________________________a%,5,1000,0,145701,29116,29137.0,29140.2,29140.195495124626,29166,29166,29117.0,20.0,29.137,29.14,29.117
fftstr_abab_512_x1000,value,utf8,FftstrV2,static,full-scan,full-scan,wild_len240,%a______________________________________________________________________________________________________________________________________________________________________________________________________________________________________________a%,5,1000,0,147020,29386,29406.0,29404.0,29403.99836725425,29416,29416,29386.0,20.0,29.406,29.403,29.386
fftstr_abab_512_x1000,value,utf8,FftstrV2,static,full-scan,full-scan,wild_len296,%a______________________________________________________________________________________________________________________________________________________________________________________________________________________________________________________________________________________________________a%,5,1000,0,147218,29396,29445.0,29443.6,29443.57903519274,29495,29495,29405.0,20.0,29.445,29.443,29.405
fftstr_abab_512_x1000,value,utf8,NaiveVectorizedV2Wildcard,static,full-scan,full-scan,wild_len096,%a______________________________________________________________________________________________a%,5,1000,0,148046,29545,29585.0,29609.2,29609.150742794565,29695,29695,29555.0,20.0,29.585,29.609,29.555
fftstr_abab_512_x1000,value,utf8,NaiveVectorizedV2Wildcard,static,full-scan,full-scan,wild_len196,%a__________________________________________________________________________________________________________________________________________________________________________________________________a%,5,1000,0,152776,28518,29695.0,30555.2,30450.49429121677,35712,35712,29675.0,20.0,29.695,30.45,29.675
fftstr_abab_512_x1000,value,utf8,FftstrV2,static,full-scan,full-scan,wild_len308,%a__________________________________________________________________________________________________________________________________________________________________________________________________________________________________________________________________________________________________________________a%,5,1000,0,164670,29685,29725.0,32934.0,32703.21825944087,37867,37867,29685.0,20.0,29.725,32.703,29.685
fftstr_abab_512_x1000,value,utf8,FftstrV2,static,full-scan,full-scan,wild_len284,%a__________________________________________________________________________________________________________________________________________________________________________________________________________________________________________________________________________________________a%,5,1000,0,148387,29376,29745.0,29677.4,29677.00442370145,29795,29795,29715.0,30.0,29.745,29.677,29.715
fftstr_abab_512_x1000,value,utf8,NaiveVectorizedV2Wildcard,static,full-scan,full-scan,wild_len108,%a__________________________________________________________________________________________________________a%,5,1000,0,149275,29595,29915.0,29855.0,29854.243593989435,30075,30075,29895.0,20.0,29.915,29.854,29.895
fftstr_abab_512_x1000,value,utf8,NaiveVectorizedV2Wildcard,static,full-scan,full-scan,wild_len148,%a__________________________________________________________________________________________________________________________________________________a%,5,1000,0,155641,29905,29934.0,31128.2,31042.684463119185,35912,35912,29914.0,20.0,29.934,31.042,29.914
fftstr_abab_512_x1000,value,utf8,NaiveVectorizedV2Wildcard,static,full-scan,full-scan,wild_len120,%a______________________________________________________________________________________________________________________a%,5,1000,0,150074,29965,30005.0,30014.8,30014.767159517913,30084,30084,29985.0,20.0,30.005,30.014,29.985
fftstr_abab_512_x1000,value,utf8,FftstrV2,static,full-scan,full-scan,wild_len224,%a______________________________________________________________________________________________________________________________________________________________________________________________________________________________a%,5,1000,0,152407,30444,30473.0,30481.4,30481.38999577209,30513,30513,30453.0,20.0,30.473,30.481,30.453
fftstr_abab_512_x1000,value,utf8,NaiveVectorizedV2Wildcard,static,full-scan,full-scan,wild_len080,%a______________________________________________________________________________a%,5,1000,0,152446,30444,30473.0,30489.2,30489.177614112497,30553,30553,30453.0,30.0,30.473,30.489,30.453
fftstr_abab_512_x1000,value,utf8,FftstrV2,static,full-scan,full-scan,wild_len268,%a__________________________________________________________________________________________________________________________________________________________________________________________________________________________________________________________________________a%,5,1000,0,152785,30523,30563.0,30557.0,30556.989134900774,30593,30593,30543.0,20.0,30.563,30.556,30.543
fftstr_abab_512_x1000,value,utf8,NaiveVectorizedV2Wildcard,static,full-scan,full-scan,wild_len136,%a______________________________________________________________________________________________________________________________________a%,5,1000,0,154921,30962,30993.0,30984.2,30984.194522970836,31002,31002,30973.0,20.0,30.993,30.984,30.973
fftstr_abab_512_x1000,value,utf8,FftstrV2,static,full-scan,full-scan,wild_len292,%a__________________________________________________________________________________________________________________________________________________________________________________________________________________________________________________________________________________________________a%,5,1000,0,168173,31062,31202.0,33634.6,33474.83650019053,39574,39574,31182.0,20.0,31.202,33.474,31.182
fftstr_abab_512_x1000,value,utf8,NaiveVectorizedV2Wildcard,static,full-scan,full-scan,wild_len092,%a__________________________________________________________________________________________a%,5,1000,0,157028,31232,31312.0,31405.6,31405.09424636478,31721,31721,31292.0,20.0,31.312,31.405,31.292
fftstr_abab_512_x1000,value,utf8,FftstrV2,static,full-scan,full-scan,wild_len208,%a______________________________________________________________________________________________________________________________________________________________________________________________________________a%,5,1000,0,157955,31522,31611.0,31591.0,31590.974653929192,31631,31631,31581.0,30.0,31.611,31.59,31.581
fftstr_abab_512_x1000,value,utf8,FftstrV2,static,full-scan,full-scan,wild_len280,%a______________________________________________________________________________________________________________________________________________________________________________________________________________________________________________________________________________________a%,5,1000,0,158265,31631,31641.0,31653.0,31652.990275897148,31701,31701,31621.0,30.0,31.641,31.652,31.621
fftstr_abab_512_x1000,value,utf8,NaiveVectorizedV2Wildcard,static,full-scan,full-scan,wild_len048,%a______________________________________________a%,5,1000,0,158265,31601,31651.0,31653.0,31652.98078893478,31691,31691,31621.0,30.0,31.651,31.652,31.621
fftstr_abab_512_x1000,value,utf8,NaiveVectorizedV2Wildcard,static,full-scan,full-scan,wild_len116,%a__________________________________________________________________________________________________________________a%,5,1000,0,158205,31601,31651.0,31641.0,31640.989252047057,31671,31671,31621.0,30.0,31.651,31.64,31.621
fftstr_abab_512_x1000,value,utf8,NaiveVectorizedV2Wildcard,static,full-scan,full-scan,wild_len064,%a______________________________________________________________a%,5,1000,0,158412,31651,31690.0,31682.4,31682.394338672613,31700,31700,31651.0,20.0,31.69,31.682,31.651
fftstr_abab_512_x1000,value,utf8,NaiveVectorizedV2Wildcard,static,full-scan,full-scan,wild_len076,%a__________________________________________________________________________a%,5,1000,0,160827,32100,32169.0,32165.4,32165.37525409827,32219,32219,32139.0,20.0,32.169,32.165,32.139
fftstr_abab_512_x1000,value,utf8,FftstrV2,static,full-scan,full-scan,wild_len192,%a______________________________________________________________________________________________________________________________________________________________________________________________a%,5,1000,0,162676,32220,32300.0,32535.2,32531.22017654034,33557,33557,32280.0,20.0,32.3,32.531,32.28
fftstr_abab_512_x1000,value,utf8,FftstrV2,static,full-scan,full-scan,wild_len252,%a__________________________________________________________________________________________________________________________________________________________________________________________________________________________________________________________a%,5,1000,0,161687,32279,32310.0,32337.4,32337.346360668274,32449,32449,32280.0,30.0,32.31,32.337,32.28
fftstr_abab_512_x1000,value,utf8,NaiveVectorizedV2Wildcard,static,full-scan,full-scan,wild_len104,%a______________________________________________________________________________________________________a%,5,1000,0,168832,32190,32349.0,33766.4,33646.837233896134,39683,39683,32319.0,20.0,32.349,33.646,32.319
fftstr_abab_512_x1000,value,utf8,NaiveVectorizedV2Wildcard,static,full-scan,full-scan,wild_len132,%a__________________________________________________________________________________________________________________________________a%,5,1000,0,164602,31082,32470.0,32920.4,32883.24528978402,35802,35802,32430.0,20.0,32.47,32.883,32.43
fftstr_abab_512_x1000,value,utf8,NaiveVectorizedV2Wildcard,static,full-scan,full-scan,wild_len032,%a______________________________a%,5,1000,0,162745,32459,32500.0,32549.0,32548.858417138603,32689,32689,32480.0,20.0,32.5,32.548,32.48
fftstr_abab_512_x1000,value,utf8,FftstrV2,static,full-scan,full-scan,wild_len264,%a______________________________________________________________________________________________________________________________________________________________________________________________________________________________________________________________________a%,5,1000,0,164960,32948,32988.0,32992.0,32991.98630052347,33038,33038,32968.0,20.0,32.988,32.991,32.968
fftstr_abab_512_x1000,value,utf8,StdSearch,static,full-scan,full-scan,wild_len512,%a______________________________________________________________________________________________________________________________________________________________________________________________________________________________________________________________________________________________________________________________________________________________________________________________________________________________________________________________________________________________________________________________a%,5,1000,0,170181,32948,33088.0,34036.2,33980.81574431438,38028,38028,33058.0,20.0,33.088,33.98,33.058
fftstr_abab_512_x1000,value,utf8,TwoWay,static,full-scan,full-scan,wild_len508,%a__________________________________________________________________________________________________________________________________________________________________________________________________________________________________________________________________________________________________________________________________________________________________________________________________________________________________________________________________________________________________________________________a%,5,1000,0,166050,32878,33258.0,33210.0,33209.283037133304,33508,33508,33238.0,20.0,33.258,33.209,33.238
fftstr_abab_512_x1000,value,utf8,NaiveVectorizedV2Wildcard,static,full-scan,full-scan,wild_len044,%a__________________________________________a%,5,1000,0,166506,33267,33297.0,33301.2,33301.18645638542,33357,33357,33267.0,30.0,33.297,33.301,33.267
fftstr_abab_512_x1000,value,utf8,FftstrV2,static,full-scan,full-scan,wild_len236,%a__________________________________________________________________________________________________________________________________________________________________________________________________________________________________________a%,5,1000,0,167106,33348,33437.0,33421.2,33421.17433259387,33467,33467,33417.0,20.0,33.437,33.421,33.417
fftstr_abab_512_x1000,value,utf8,FftstrV2,static,full-scan,full-scan,wild_len276,%a__________________________________________________________________________________________________________________________________________________________________________________________________________________________________________________________________________________a%,5,1000,0,167604,33457,33546.0,33520.8,33520.77472454687,33557,33557,33526.0,20.0,33.546,33.52,33.526
fftstr_abab_512_x1000,value,utf8,NaiveVectorizedV2Wildcard,static,full-scan,full-scan,wild_len016,%a______________a%,5,1000,0,167864,33487,33566.0,33572.8,33572.706801243,33717,33717,33547.0,20.0,33.566,33.572,33.547
fftstr_abab_512_x1000,value,utf8,FftstrV2,static,full-scan,full-scan,wild_len176,%a______________________________________________________________________________________________________________________________________________________________________________a%,5,1000,0,168453,33517,33746.0,33690.6,33690.38934729731,33836,33836,33726.0,20.0,33.746,33.69,33.726
fftstr_abab_512_x1000,value,utf8,NaiveVectorizedV2Wildcard,static,full-scan,full-scan,wild_len060,%a__________________________________________________________a%,5,1000,0,168970,33776,33786.0,33794.0,33793.99680448836,33816,33816,33766.0,20.0,33.786,33.793,33.766
fftstr_abab_512_x1000,value,utf8,NaiveVectorizedV2Wildcard,static,full-scan,full-scan,wild_len100,%a__________________________________________________________________________________________________a%,5,1000,0,170187,33996,34035.0,34037.4,34037.38920776597,34076,34076,34015.0,20.0,34.035,34.037,34.015
fftstr_abab_512_x1000,value,utf8,NaiveVectorizedV2Wildcard,static,full-scan,full-scan,wild_len088,%a______________________________________________________________________________________a%,5,1000,0,170218,34005,34046.0,34043.6,34043.592615576934,34066,34066,34016.0,20.0,34.046,34.043,34.016
fftstr_abab_512_x1000,value,utf8,FftstrV2,static,full-scan,full-scan,wild_len248,%a______________________________________________________________________________________________________________________________________________________________________________________________________________________________________________________a%,5,1000,0,177532,33966,34186.0,35506.4,35404.67354317056,41080,41080,34146.0,20.0,34.186,35.404,34.146
fftstr_abab_512_x1000,value,utf8,FftstrV2,static,full-scan,full-scan,wild_len220,%a__________________________________________________________________________________________________________________________________________________________________________________________________________________________a%,5,1000,0,173661,34644,34734.0,34732.2,34732.14983516686,34824,34824,34714.0,20.0,34.734,34.732,34.714
fftstr_abab_512_x1000,value,utf8,FftstrV2,static,full-scan,full-scan,wild_len160,%a______________________________________________________________________________________________________________________________________________________________a%,5,1000,0,173700,34664,34754.0,34740.0,34739.973732541635,34794,34794,34734.0,20.0,34.754,34.739,34.734
fftstr_abab_512_x1000,value,utf8,TwoWay2,static,full-scan,full-scan,wild_len508,%a__________________________________________________________________________________________________________________________________________________________________________________________________________________________________________________________________________________________________________________________________________________________________________________________________________________________________________________________________________________________________________________________a%,5,1000,0,173552,34449,34769.0,34710.4,34710.100538132334,34838,34838,34749.0,20.0,34.769,34.71,34.749
fftstr_abab_512_x1000,value,utf8,FftstrV2,static,full-scan,full-scan,wild_len260,%a__________________________________________________________________________________________________________________________________________________________________________________________________________________________________________________________________a%,5,1000,0,174598,34794,34844.0,34919.6,34919.12394521569,35282,35282,34814.0,30.0,34.844,34.919,34.814
fftstr_abab_512_x1000,value,utf8,NaiveVectorizedV2Wildcard,static,full-scan,full-scan,wild_len072,%a______________________________________________________________________a%,5,1000,0,175418,34874,34894.0,35083.6,35081.5685072414,35842,35842,34864.0,30.0,34.894,35.081,34.864
fftstr_abab_512_x1000,value,utf8,NaiveVectorizedV2Wildcard,static,full-scan,full-scan,wild_len084,%a__________________________________________________________________________________a%,5,1000,0,174799,34854,34894.0,34959.8,34959.46869413837,35263,35263,34874.0,20.0,34.894,34.959,34.874
fftstr_abab_512_x1000,value,utf8,NaiveVectorizedV2Wildcard,static,full-scan,full-scan,wild_len056,%a______________________________________________________a%,5,1000,0,174549,34874,34914.0,34909.8,34909.78827747063,34954,34954,34894.0,20.0,34.914,34.909,34.894
fftstr_abab_512_x1000,value,utf8,NaiveVectorizedV2Wildcard,static,full-scan,full-scan,wild_len040,%a______________________________________a%,5,1000,0,177602,34185,34934.0,35520.4,35474.03639454543,39175,39175,34914.0,40.0,34.934,35.474,34.914
fftstr_abab_512_x1000,value,utf8,FftstrV2,static,full-scan,full-scan,wild_len204,%a__________________________________________________________________________________________________________________________________________________________________________________________________________a%,5,1000,0,175338,34934,34973.0,35067.6,35066.89375273283,35513,35513,34953.0,20.0,34.973,35.066,34.953
fftstr_abab_512_x1000,value,utf8,NaiveVectorizedV2Wildcard,static,full-scan,full-scan,wild_len028,%a__________________________a%,5,1000,0,181913,34145,34994.0,36382.6,36249.2473153793,42836,42836,34944.0,40.0,34.994,36.249,34.944
fftstr_abab_512_x1000,value,utf8,FftstrV2,static,full-scan,full-scan,wild_len232,%a______________________________________________________________________________________________________________________________________________________________________________________________________________________________________a%,5,1000,0,175716,35113,35143.0,35143.2,35143.18992467525,35173,35173,35123.0,20.0,35.143,35.143,35.123
fftstr_abab_512_x1000,value,utf8,NaiveVectorizedV2Wildcard,static,full-scan,full-scan,wild_len012,%a__________a%,5,1000,0,178860,35742,35762.0,35772.0,35771.99105539208,35802,35802,35742.0,20.0,35.762,35.771,35.742
fftstr_abab_512_x1000,value,utf8,FftstrV2,static,full-scan,full-scan,wild_len244,%a__________________________________________________________________________________________________________________________________________________________________________________________________________________________________________________a%,5,1000,0,179449,35842,35882.0,35889.8,35889.781620002,35932,35932,35862.0,20.0,35.882,35.889,35.862
fftstr_abab_512_x1000,value,utf8,FftstrV2,static,full-scan,full-scan,wild_len144,%a______________________________________________________________________________________________________________________________________________a%,5,1000,0,179918,35922,35982.0,35983.6,35983.574688587054,36051,36051,35942.0,20.0,35.982,35.983,35.942
fftstr_abab_512_x1000,value,utf8,NaiveVectorizedV2Wildcard,static,full-scan,full-scan,wild_len024,%a______________________a%,5,1000,0,226146,35981,36061.0,45229.2,43379.94893073492,73131,73131,36032.0,20.0,36.061,43.379,36.032
fftstr_abab_512_x1000,value,utf8,FftstrV2,static,full-scan,full-scan,wild_len188,%a__________________________________________________________________________________________________________________________________________________________________________________________a%,5,1000,0,185534,36161,36251.0,37106.8,37067.233804104566,40611,40611,36221.0,30.0,36.251,37.067,36.221
fftstr_abab_512_x1000,value,utf8,FftstrV2,static,full-scan,full-scan,wild_len216,%a______________________________________________________________________________________________________________________________________________________________________________________________________________________a%,5,1000,0,181483,36231,36261.0,36296.6,36296.5311801967,36420,36420,36241.0,20.0,36.261,36.296,36.241
fftstr_abab_512_x1000,value,utf8,NaiveVectorizedV2Wildcard,static,full-scan,full-scan,wild_len052,%a__________________________________________________a%,5,1000,0,184128,36770,36820.0,36825.6,36825.580113041106,36890,36890,36800.0,20.0,36.82,36.825,36.8
fftstr_abab_512_x1000,value,utf8,TwoWay3,static,full-scan,full-scan,wild_len508,%a__________________________________________________________________________________________________________________________________________________________________________________________________________________________________________________________________________________________________________________________________________________________________________________________________________________________________________________________________________________________________________________________a%,5,1000,0,184430,36808,36888.0,36886.0,36885.93420719748,36998,36998,36868.0,20.0,36.888,36.885,36.868
fftstr_abab_512_x1000,value,utf8,FftstrV2,static,full-scan,full-scan,wild_len228,%a__________________________________________________________________________________________________________________________________________________________________________________________________________________________________a%,5,1000,0,184756,36919,36959.0,36951.2,36951.18988617885,36980,36980,36939.0,20.0,36.959,36.951,36.939
fftstr_abab_512_x1000,value,utf8,FftstrV2,static,full-scan,full-scan,wild_len200,%a______________________________________________________________________________________________________________________________________________________________________________________________________a%,5,1000,0,185295,37019,37029.0,37059.0,37058.97680161313,37119,37119,37009.0,20.0,37.029,37.058,37.009
fftstr_abab_512_x1000,value,utf8,NaiveVectorizedV2Wildcard,static,full-scan,full-scan,wild_len068,%a__________________________________________________________________a%,5,1000,0,183380,35791,37199.0,36676.0,36669.689799957414,37269,37269,37179.0,20.0,37.199,36.669,37.179
fftstr_abab_512_x1000,value,utf8,FftstrV2,static,full-scan,full-scan,wild_len172,%a__________________________________________________________________________________________________________________________________________________________________________a%,5,1000,0,186923,37338,37379.0,37384.6,37384.586504411855,37429,37429,37359.0,20.0,37.379,37.384,37.359
fftstr_abab_512_x1000,value,utf8,FftstrV2,static,full-scan,full-scan,wild_len128,%a______________________________________________________________________________________________________________________________a%,5,1000,0,186831,37268,37418.0,37366.2,37366.11408695031,37438,37438,37398.0,20.0,37.418,37.366,37.398
fftstr_abab_512_x1000,value,utf8,NaiveVectorizedV2Wildcard,static,full-scan,full-scan,wild_len008,%a______a%,5,1000,0,189357,37838,37858.0,37871.4,37871.39095660047,37907,37907,37837.0,20.0,37.858,37.871,37.837
fftstr_abab_512_x1000,value,utf8,NaiveVectorizedV2Wildcard,static,full-scan,full-scan,wild_len020,%a__________________a%,5,1000,0,189505,37867,37887.0,37901.0,37900.990713546176,37937,37937,37867.0,20.0,37.887,37.9,37.867
fftstr_abab_512_x1000,value,utf8,NaiveVectorizedV2Wildcard,static,full-scan,full-scan,wild_len036,%a__________________________________a%,5,1000,0,190733,38107,38146.0,38146.6,38146.59103161115,38187,38187,38127.0,20.0,38.146,38.146,38.127
fftstr_abab_512_x1000,value,utf8,FftstrV2,static,full-scan,full-scan,wild_len184,%a______________________________________________________________________________________________________________________________________________________________________________________a%,5,1000,0,198098,38347,38416.0,39619.6,39550.01695787104,44453,44453,38396.0,20.0,38.416,39.55,38.396
fftstr_abab_512_x1000,value,utf8,FftstrV2,static,full-scan,full-scan,wild_len212,%a__________________________________________________________________________________________________________________________________________________________________________________________________________________a%,5,1000,0,192429,38436,38466.0,38485.8,38485.768895472436,38576,38576,38446.0,20.0,38.466,38.485,38.446
fftstr_abab_512_x1000,value,utf8,FftstrV2,static,full-scan,full-scan,wild_len196,%a__________________________________________________________________________________________________________________________________________________________________________________________________a%,5,1000,0,208295,38446,38606.0,41659.0,41474.238158362525,47955,47955,38576.0,20.0,38.606,41.474,38.576
fftstr_abab_512_x1000,value,utf8,FftstrV2,static,full-scan,full-scan,wild_len112,%a______________________________________________________________________________________________________________a%,5,1000,0,194175,38795,38835.0,38835.0,38834.98815739598,38885,38885,38815.0,20.0,38.835,38.834,38.815
fftstr_abab_512_x1000,value,utf8,FftstrV2,static,full-scan,full-scan,wild_len156,%a__________________________________________________________________________________________________________________________________________________________a%,5,1000,0,195931,39114,39204.0,39186.2,39186.15469030132,39274,39274,39174.0,20.0,39.204,39.186,39.174
fftstr_abab_512_x1000,value,utf8,FftstrV2,static,full-scan,full-scan,wild_len168,%a______________________________________________________________________________________________________________________________________________________________________a%,5,1000,0,198176,39603,39633.0,39635.2,39635.19097913098,39684,39684,39613.0,20.0,39.633,39.635,39.613
fftstr_abab_512_x1000,value,utf8,NaiveVectorizedV2Wildcard,static,full-scan,full-scan,wild_len004,%a__a%,5,1000,0,199964,39963,39983.0,39992.8,39992.7921473052,40023,40023,39953.0,30.0,39.983,39.992,39.953
fftstr_abab_512_x1000,value,utf8,FftstrV2,static,full-scan,full-scan,wild_len180,%a__________________________________________________________________________________________________________________________________________________________________________________a%,5,1000,0,200452,40062,40073.0,40090.4,40090.387559215524,40142,40142,40053.0,20.0,40.073,40.09,40.053
fftstr_abab_512_x1000,value,utf8,LibcMemmem,static,full-scan,full-scan,wild_len508,%a__________________________________________________________________________________________________________________________________________________________________________________________________________________________________________________________________________________________________________________________________________________________________________________________________________________________________________________________________________________________________________________________a%,5,1000,0,200972,40132,40183.0,40194.4,40194.34891682133,40312,40312,40163.0,20.0,40.183,40.194,40.163
fftstr_abab_512_x1000,value,utf8,FftstrV2,static,full-scan,full-scan,wild_len096,%a______________________________________________________________________________________________a%,5,1000,0,208325,40232,40312.0,41665.0,41579.061995991055,47187,47187,40292.0,20.0,40.312,41.579,40.292
fftstr_abab_512_x1000,value,utf8,FftstrV2,static,full-scan,full-scan,wild_len140,%a__________________________________________________________________________________________________________________________________________a%,5,1000,0,201710,40292,40372.0,40342.0,40341.97917261337,40382,40382,40352.0,20.0,40.372,40.341,40.352
fftstr_abab_512_x1000,value,utf8,NaiveVectorizedV2Wildcard,static,full-scan,full-scan,wild_len003,%a_b%,5,1000,0,209284,40372,40412.0,41856.8,41763.02125593862,47646,47646,40382.0,30.0,40.412,41.763,40.382
fftstr_abab_512_x1000,value,utf8,FftstrV2,static,full-scan,full-scan,wild_len152,%a______________________________________________________________________________________________________________________________________________________a%,5,1000,0,210479,40681,40851.0,42095.8,42023.58538633294,47167,47167,40821.0,20.0,40.851,42.023,40.821
fftstr_abab_512_x1000,value,utf8,NaiveVectorizedV2Wildcard,static,full-scan,full-scan,exact_len002_no_wildcard,%aa%,5,1000,0,205363,41040,41071.0,41072.6,41072.59525381471,41101,41101,41050.0,20.0,41.071,41.072,41.05
fftstr_abab_512_x1000,value,utf8,FftstrV2,static,full-scan,full-scan,wild_len164,%a__________________________________________________________________________________________________________________________________________________________________a%,5,1000,0,207017,41210,41330.0,41403.4,41402.60348145971,41908,41908,41300.0,20.0,41.33,41.402,41.3
fftstr_abab_512_x1000,value,utf8,PairHorspool,static,full-scan,full-scan,wild_len508,%a__________________________________________________________________________________________________________________________________________________________________________________________________________________________________________________________________________________________________________________________________________________________________________________________________________________________________________________________________________________________________________________________a%,5,1000,0,213015,40930,41470.0,42603.0,42521.495099410284,48015,48015,41450.0,20.0,41.47,42.521,41.45
fftstr_abab_512_x1000,value,utf8,FftstrV2,static,full-scan,full-scan,wild_len080,%a______________________________________________________________________________a%,5,1000,0,207578,41479,41510.0,41515.6,41515.59194232449,41550,41550,41490.0,20.0,41.51,41.515,41.49
fftstr_abab_512_x1000,value,utf8,FftstrV2,static,full-scan,full-scan,wild_len124,%a__________________________________________________________________________________________________________________________a%,5,1000,0,208115,41549,41629.0,41623.0,41622.972324169554,41699,41699,41589.0,20.0,41.629,41.622,41.589
fftstr_abab_512_x1000,value,utf8,FftstrV2,static,full-scan,full-scan,wild_len136,%a______________________________________________________________________________________________________________________________________a%,5,1000,0,210450,42068,42088.0,42090.0,42089.9964841042,42118,42118,42068.0,20.0,42.088,42.089,42.068
fftstr_abab_512_x1000,value,utf8,FftstrV2,static,full-scan,full-scan,wild_len148,%a__________________________________________________________________________________________________________________________________________________a%,5,1000,0,213163,42577,42626.0,42632.6,42632.57541326129,42707,42707,42606.0,20.0,42.626,42.632,42.606
fftstr_abab_512_x1000,value,utf8,FftstrV2,static,full-scan,full-scan,wild_len108,%a__________________________________________________________________________________________________________a%,5,1000,0,213813,42716,42767.0,42762.6,42762.592034766145,42797,42797,42747.0,20.0,42.767,42.762,42.747
fftstr_abab_512_x1000,value,utf8,FftstrV2,static,full-scan,full-scan,wild_len064,%a______________________________________________________________a%,5,1000,0,215020,42936,43016.0,43004.0,43003.977022287145,43066,43066,42996.0,20.0,43.016,43.003,42.996
fftstr_abab_512_x1000,value,utf8,FftstrV2,static,full-scan,full-scan,wild_len120,%a______________________________________________________________________________________________________________________a%,5,1000,0,217625,43495,43535.0,43525.0,43524.994485715746,43555,43555,43485.0,30.0,43.535,43.524,43.485
fftstr_abab_512_x1000,value,utf8,FftstrV2,static,full-scan,full-scan,wild_len132,%a__________________________________________________________________________________________________________________________________a%,5,1000,0,220109,43864,43904.0,44021.8,44021.210036832614,44473,44473,43884.0,20.0,43.904,44.021,43.884
fftstr_abab_512_x1000,value,utf8,FftstrV2,static,full-scan,full-scan,wild_len092,%a__________________________________________________________________________________________a%,5,1000,0,221655,44293,44343.0,44331.0,44330.994855470715,44353,44353,44313.0,20.0,44.343,44.33,44.313
fftstr_abab_512_x1000,value,utf8,FftstrV2,static,full-scan,full-scan,wild_len048,%a______________________________________________a%,5,1000,0,225577,44613,44672.0,45115.4,45106.55456344334,46918,46918,44623.0,30.0,44.672,45.106,44.623
fftstr_abab_512_x1000,value,utf8,FftstrV2,static,full-scan,full-scan,wild_len104,%a______________________________________________________________________________________________________a%,5,1000,0,225098,44822,44842.0,45019.6,45018.08966753469,45760,45760,44822.0,20.0,44.842,45.018,44.822
fftstr_abab_512_x1000,value,utf8,FftstrV2,static,full-scan,full-scan,wild_len076,%a__________________________________________________________________________a%,5,1000,0,228999,45650,45710.0,45799.8,45799.32951455117,46209,46209,45680.0,20.0,45.71,45.799,45.68
fftstr_abab_512_x1000,value,utf8,FftstrV2,static,full-scan,full-scan,wild_len032,%a______________________________a%,5,1000,0,229889,45880,45980.0,45977.8,45977.76540840482,46050,46050,45950.0,20.0,45.98,45.977,45.95
fftstr_abab_512_x1000,value,utf8,FftstrV2,static,full-scan,full-scan,wild_len116,%a__________________________________________________________________________________________________________________a%,5,1000,0,230975,46139,46199.0,46195.0,46194.98718223571,46239,46239,46179.0,20.0,46.199,46.194,46.179
fftstr_abab_512_x1000,value,utf8,FftstrV2,static,full-scan,full-scan,wild_len088,%a______________________________________________________________________________________a%,5,1000,0,231924,46339,46379.0,46384.8,46384.78932234612,46429,46429,46349.0,30.0,46.379,46.384,46.349
fftstr_abab_512_x1000,value,utf8,FftstrV2,static,full-scan,full-scan,wild_len016,%a______________a%,5,1000,0,234018,46678,46698.0,46803.6,46803.397513779986,46977,46977,46678.0,20.0,46.698,46.803,46.678
fftstr_abab_512_x1000,value,utf8,FftstrV2,static,full-scan,full-scan,wild_len100,%a__________________________________________________________________________________________________a%,5,1000,0,233999,46718,46778.0,46799.8,46799.752690723406,46888,46888,46748.0,30.0,46.778,46.799,46.748
fftstr_abab_512_x1000,value,utf8,TwoWay,static,full-scan,full-scan,wild_len504,%a______________________________________________________________________________________________________________________________________________________________________________________________________________________________________________________________________________________________________________________________________________________________________________________________________________________________________________________________________________________________________________________a%,5,1000,0,236236,47097,47237.0,47247.2,47247.091379844955,47397,47397,47197.0,20.0,47.237,47.247,47.197
fftstr_abab_512_x1000,value,utf8,FftstrV2,static,full-scan,full-scan,wild_len060,%a__________________________________________________________a%,5,1000,0,240595,47157,47247.0,48119.0,48086.19776105823,51737,51737,47227.0,20.0,47.247,48.086,47.227
fftstr_abab_512_x1000,value,utf8,FftstrV2,static,full-scan,full-scan,wild_len084,%a__________________________________________________________________________________a%,5,1000,0,239317,47826,47875.0,47863.4,47863.39617691685,47876,47876,47855.0,20.0,47.875,47.863,47.855
fftstr_abab_512_x1000,value,utf8,FftstrV2,static,full-scan,full-scan,wild_len072,%a______________________________________________________________________a%,5,1000,0,243040,48514,48534.0,48608.0,48607.85353702512,48823,48823,48514.0,20.0,48.534,48.607,48.514
fftstr_abab_512_x1000,value,utf8,FftstrV2,static,full-scan,full-scan,wild_len044,%a__________________________________________a%,5,1000,0,244307,48803,48854.0,48861.4,48861.37522556866,48943,48943,48834.0,20.0,48.854,48.861,48.834
fftstr_abab_512_x1000,value,utf8,FftstrV2,static,full-scan,full-scan,wild_len056,%a______________________________________________________a%,5,1000,0,246741,49302,49362.0,49348.2,49348.18774145785,49392,49392,49342.0,20.0,49.362,49.348,49.342
fftstr_abab_512_x1000,value,utf8,FftstrV2,static,full-scan,full-scan,wild_len068,%a__________________________________________________________________a%,5,1000,0,254433,49392,49472.0,50886.6,50811.44292511318,56566,56566,49452.0,30.0,49.472,50.811,49.452
fftstr_abab_512_x1000,value,utf8,FftstrV2,static,full-scan,full-scan,wild_len028,%a__________________________a%,5,1000,0,253895,50639,50799.0,50779.0,50778.9412639221,50869,50869,50779.0,20.0,50.799,50.778,50.779
fftstr_abab_512_x1000,value,utf8,FftstrV2,static,full-scan,full-scan,wild_len012,%a__________a%,5,1000,0,254624,50879,50919.0,50924.8,50924.782386786195,50998,50998,50889.0,30.0,50.919,50.924,50.889
fftstr_abab_512_x1000,value,utf8,FftstrV2,static,full-scan,full-scan,wild_len040,%a______________________________________a%,5,1000,0,255342,51039,51059.0,51068.4,51068.39545487882,51098,51098,51039.0,20.0,51.059,51.068,51.039
fftstr_abab_512_x1000,value,utf8,FftstrV2,static,full-scan,full-scan,wild_len052,%a__________________________________________________a%,5,1000,0,255491,51038,51068.0,51098.2,51098.17171221784,51188,51188,51048.0,20.0,51.068,51.098,51.048
fftstr_abab_512_x1000,value,utf8,TwoWay2,static,full-scan,full-scan,wild_len504,%a______________________________________________________________________________________________________________________________________________________________________________________________________________________________________________________________________________________________________________________________________________________________________________________________________________________________________________________________________________________________________________________a%,5,1000,0,259555,51787,51887.0,51911.0,51910.938113492484,52017,52017,51877.0,20.0,51.887,51.91,51.877
fftstr_abab_512_x1000,value,utf8,FftstrV2,static,full-scan,full-scan,wild_len024,%a______________________a%,5,1000,0,271238,52256,52296.0,54247.6,54167.869929822504,60029,60029,52276.0,20.0,52.296,54.167,52.276
fftstr_abab_512_x1000,value,utf8,FftstrV2,static,full-scan,full-scan,wild_len036,%a__________________________________a%,5,1000,0,262068,52286,52436.0,52413.6,52413.53580270864,52496,52496,52416.0,20.0,52.436,52.413,52.416
fftstr_abab_512_x1000,value,utf8,FftstrV2,static,full-scan,full-scan,wild_len008,%a______a%,5,1000,0,266456,53243,53274.0,53291.2,53291.17628637669,53383,53383,53254.0,20.0,53.274,53.291,53.254
fftstr_abab_512_x1000,value,utf8,FftstrV2,static,full-scan,full-scan,wild_len020,%a__________________a%,5,1000,0,267815,53403,53474.0,53563.0,53562.55176804114,53992,53992,53454.0,20.0,53.474,53.562,53.454
fftstr_abab_512_x1000,value,utf8,FftstrV2,static,full-scan,full-scan,wild_len004,%a__a%,5,1000,0,273612,54661,54680.0,54722.4,54722.36154232621,54820,54820,54660.0,20.0,54.68,54.722,54.66
fftstr_abab_512_x1000,value,utf8,TwoWay3,static,full-scan,full-scan,wild_len504,%a______________________________________________________________________________________________________________________________________________________________________________________________________________________________________________________________________________________________________________________________________________________________________________________________________________________________________________________________________________________________________________________a%,5,1000,0,274105,54467,54867.0,54821.0,54820.691025354135,54997,54997,54847.0,20.0,54.867,54.82,54.847
fftstr_abab_512_x1000,value,utf8,FftstrV2,static,full-scan,full-scan,wild_len003,%a_b%,5,1000,0,285686,55150,55249.0,57137.2,57017.85231922475,64759,64759,55229.0,20.0,55.249,57.017,55.229
fftstr_abab_512_x1000,value,utf8,LibcMemmem,static,full-scan,full-scan,wild_len504,%a______________________________________________________________________________________________________________________________________________________________________________________________________________________________________________________________________________________________________________________________________________________________________________________________________________________________________________________________________________________________________________________a%,5,1000,0,301670,60199,60218.0,60334.0,60333.7734619737,60628,60628,60198.0,29.0,60.218,60.333,60.198
fftstr_abab_512_x1000,value,utf8,PairHorspool,static,full-scan,full-scan,wild_len504,%a______________________________________________________________________________________________________________________________________________________________________________________________________________________________________________________________________________________________________________________________________________________________________________________________________________________________________________________________________________________________________________________a%,5,1000,0,335607,60299,60587.0,67121.4,66630.30653950573,79387,79387,60568.0,20.0,60.587,66.63,60.568
fftstr_abab_512_x1000,value,utf8,StdSearch,static,full-scan,full-scan,wild_len508,%a__________________________________________________________________________________________________________________________________________________________________________________________________________________________________________________________________________________________________________________________________________________________________________________________________________________________________________________________________________________________________________________________a%,5,1000,0,328532,65636,65707.0,65706.4,65706.3868771026,65766,65766,65657.0,60.0,65.707,65.706,65.657
fftstr_abab_512_x1000,value,utf8,TwoWay,static,full-scan,full-scan,wild_len500,%a__________________________________________________________________________________________________________________________________________________________________________________________________________________________________________________________________________________________________________________________________________________________________________________________________________________________________________________________________________________________________________________a%,5,1000,0,345041,67856,68247.0,69008.2,68987.89428466703,72376,72376,68227.0,20.0,68.247,68.987,68.227
fftstr_abab_512_x1000,value,utf8,TwoWay3,static,full-scan,full-scan,wild_len500,%a__________________________________________________________________________________________________________________________________________________________________________________________________________________________________________________________________________________________________________________________________________________________________________________________________________________________________________________________________________________________________________________a%,5,1000,0,365230,72846,73006.0,73046.0,73045.7682050957,73316,73316,72966.0,20.0,73.006,73.045,72.966
fftstr_abab_512_x1000,value,utf8,TwoWay2,static,full-scan,full-scan,wild_len500,%a__________________________________________________________________________________________________________________________________________________________________________________________________________________________________________________________________________________________________________________________________________________________________________________________________________________________________________________________________________________________________________________a%,5,1000,0,377339,75145,75356.0,75467.8,75467.40730592307,75836,75836,75336.0,20.0,75.356,75.467,75.336
fftstr_abab_512_x1000,value,utf8,PairHorspool,static,full-scan,full-scan,wild_len500,%a__________________________________________________________________________________________________________________________________________________________________________________________________________________________________________________________________________________________________________________________________________________________________________________________________________________________________________________________________________________________________________________a%,5,1000,0,404866,78988,79067.0,80973.2,80884.77231308944,88717,88717,79047.0,20.0,79.067,80.884,79.047
fftstr_abab_512_x1000,value,utf8,TwoWay,static,full-scan,full-scan,wild_len496,%a______________________________________________________________________________________________________________________________________________________________________________________________________________________________________________________________________________________________________________________________________________________________________________________________________________________________________________________________________________________________________________a%,5,1000,0,422806,84395,84515.0,84561.2,84561.05893361311,84855,84855,84495.0,20.0,84.515,84.561,84.495
fftstr_abab_512_x1000,value,utf8,LibcMemmem,static,full-scan,full-scan,wild_len500,%a__________________________________________________________________________________________________________________________________________________________________________________________________________________________________________________________________________________________________________________________________________________________________________________________________________________________________________________________________________________________________________________a%,5,1000,0,437413,87359,87408.0,87482.6,87482.45749549064,87788,87788,87389.0,20.0,87.408,87.482,87.389
fftstr_abab_512_x1000,value,utf8,TwoWay2,static,full-scan,full-scan,wild_len496,%a______________________________________________________________________________________________________________________________________________________________________________________________________________________________________________________________________________________________________________________________________________________________________________________________________________________________________________________________________________________________________________a%,5,1000,0,465884,92445,93115.0,93176.8,93175.81150744436,93624,93624,93095.0,20.0,93.115,93.175,93.095
fftstr_abab_512_x1000,value,utf8,TwoWay,static,full-scan,full-scan,wild_len492,%a__________________________________________________________________________________________________________________________________________________________________________________________________________________________________________________________________________________________________________________________________________________________________________________________________________________________________________________________________________________________________________a%,5,1000,0,509302,100204,100355.0,101860.4,101827.31691074521,107034,107034,100335.0,20.0,100.355,101.827,100.335
fftstr_abab_512_x1000,value,utf8,StdSearch,static,full-scan,full-scan,wild_len504,%a______________________________________________________________________________________________________________________________________________________________________________________________________________________________________________________________________________________________________________________________________________________________________________________________________________________________________________________________________________________________________________________a%,5,1000,0,524032,103635,103735.0,104806.4,104785.53668923315,109024,109024,103685.0,30.0,103.735,104.785,103.685
fftstr_abab_512_x1000,value,utf8,PairHorspool,static,full-scan,full-scan,wild_len496,%a______________________________________________________________________________________________________________________________________________________________________________________________________________________________________________________________________________________________________________________________________________________________________________________________________________________________________________________________________________________________________________a%,5,1000,0,531767,105160,105400.0,106353.4,106332.68520743184,110588,110588,105370.0,20.0,105.4,106.332,105.37
fftstr_abab_512_x1000,value,utf8,LibcMemmem,static,full-scan,full-scan,wild_len496,%a______________________________________________________________________________________________________________________________________________________________________________________________________________________________________________________________________________________________________________________________________________________________________________________________________________________________________________________________________________________________________________a%,5,1000,0,552313,107705,109361.0,110462.6,110428.60031121224,115038,115038,109341.0,30.0,109.361,110.428,109.341
fftstr_abab_512_x1000,value,utf8,TwoWay2,static,full-scan,full-scan,wild_len492,%a__________________________________________________________________________________________________________________________________________________________________________________________________________________________________________________________________________________________________________________________________________________________________________________________________________________________________________________________________________________________________________a%,5,1000,0,552390,110394,110444.0,110478.0,110477.95051294054,110684,110684,110414.0,20.0,110.444,110.477,110.414
fftstr_abab_512_x1000,value,utf8,TwoWay3,static,full-scan,full-scan,wild_len496,%a______________________________________________________________________________________________________________________________________________________________________________________________________________________________________________________________________________________________________________________________________________________________________________________________________________________________________________________________________________________________________________a%,5,1000,0,569158,95774,111784.0,113831.6,112287.79590790586,149182,149182,111714.0,40.0,111.784,112.287,111.714
fftstr_abab_512_x1000,value,utf8,TwoWay3,static,full-scan,full-scan,wild_len492,%a__________________________________________________________________________________________________________________________________________________________________________________________________________________________________________________________________________________________________________________________________________________________________________________________________________________________________________________________________________________________________________a%,5,1000,0,561819,112294,112354.0,112363.8,112363.7819178363,112464,112464,112334.0,20.0,112.354,112.363,112.334
fftstr_abab_512_x1000,value,utf8,TwoWay,static,full-scan,full-scan,wild_len488,%a______________________________________________________________________________________________________________________________________________________________________________________________________________________________________________________________________________________________________________________________________________________________________________________________________________________________________________________________________________________________________a%,5,1000,0,587348,116274,116484.0,117469.6,117452.97705611226,121434,121434,116464.0,40.0,116.484,117.452,116.464
fftstr_abab_512_x1000,value,utf8,PairHorspool,static,full-scan,full-scan,wild_len492,%a__________________________________________________________________________________________________________________________________________________________________________________________________________________________________________________________________________________________________________________________________________________________________________________________________________________________________________________________________________________________________________a%,5,1000,0,630932,123829,125107.0,126186.4,126144.56798977611,132671,132671,125067.0,20.0,125.107,126.144,125.067
fftstr_abab_512_x1000,value,utf8,LibcMemmem,static,full-scan,full-scan,wild_len492,%a__________________________________________________________________________________________________________________________________________________________________________________________________________________________________________________________________________________________________________________________________________________________________________________________________________________________________________________________________________________________________________a%,5,1000,0,637698,127412,127492.0,127539.6,127539.5371550585,127781,127781,127472.0,20.0,127.492,127.539,127.472
fftstr_abab_512_x1000,value,utf8,TwoWay2,static,full-scan,full-scan,wild_len488,%a______________________________________________________________________________________________________________________________________________________________________________________________________________________________________________________________________________________________________________________________________________________________________________________________________________________________________________________________________________________________________a%,5,1000,0,639725,127813,127953.0,127945.0,127944.97757879535,128043,128043,127883.0,20.0,127.953,127.944,127.883
fftstr_abab_512_x1000,value,utf8,StdSearch,static,full-scan,full-scan,exact_len002_no_wildcard,%aa%,5,1000,0,649161,127642,128000.0,129832.2,129776.43031759166,137549,137549,127920.0,59.0,128.0,129.776,127.92
fftstr_abab_512_x1000,value,utf8,FftstrV2,static,full-scan,full-scan,exact_len002_no_wildcard,%aa%,5,1000,0,655976,128529,129986.0,131195.2,131149.60792616056,138108,138108,129956.0,30.0,129.986,131.149,129.956
fftstr_abab_512_x1000,value,utf8,TwoWay3,static,full-scan,full-scan,wild_len488,%a______________________________________________________________________________________________________________________________________________________________________________________________________________________________________________________________________________________________________________________________________________________________________________________________________________________________________________________________________________________________________a%,5,1000,0,656054,130183,130263.0,131210.8,131199.08066754125,134722,134722,130243.0,20.0,130.263,131.199,130.243
fftstr_abab_512_x1000,value,utf8,TwoWay,static,full-scan,full-scan,wild_len484,%a__________________________________________________________________________________________________________________________________________________________________________________________________________________________________________________________________________________________________________________________________________________________________________________________________________________________________________________________________________________________________a%,5,1000,0,697882,131803,133332.0,139576.4,139152.45540860295,161351,161351,133312.0,20.0,133.332,139.152,133.312
fftstr_abab_512_x1000,value,utf8,StdSearch,static,full-scan,full-scan,wild_len500,%a__________________________________________________________________________________________________________________________________________________________________________________________________________________________________________________________________________________________________________________________________________________________________________________________________________________________________________________________________________________________________________________a%,5,1000,0,697662,136993,137052.0,139532.4,139448.89553166457,149352,149352,137022.0,30.0,137.052,139.448,137.022
fftstr_abab_512_x1000,value,utf8,PairHorspool,static,full-scan,full-scan,wild_len488,%a______________________________________________________________________________________________________________________________________________________________________________________________________________________________________________________________________________________________________________________________________________________________________________________________________________________________________________________________________________________________________a%,5,1000,0,720387,143117,143287.0,144077.4,144068.324658714,147319,147319,143267.0,20.0,143.287,144.068,143.267
fftstr_abab_512_x1000,value,utf8,TwoWay2,static,full-scan,full-scan,wild_len484,%a__________________________________________________________________________________________________________________________________________________________________________________________________________________________________________________________________________________________________________________________________________________________________________________________________________________________________________________________________________________________________a%,5,1000,0,734700,145202,145502.0,146940.0,146912.8751156869,152612,152612,145462.0,30.0,145.502,146.912,145.462
fftstr_abab_512_x1000,value,utf8,TwoWay3,static,full-scan,full-scan,wild_len484,%a__________________________________________________________________________________________________________________________________________________________________________________________________________________________________________________________________________________________________________________________________________________________________________________________________________________________________________________________________________________________________a%,5,1000,0,745999,147792,147932.0,149199.8,149180.05629998783,154081,154081,147912.0,20.0,147.932,149.18,147.912
fftstr_abab_512_x1000,value,utf8,LibcMemmem,static,full-scan,full-scan,wild_len488,%a______________________________________________________________________________________________________________________________________________________________________________________________________________________________________________________________________________________________________________________________________________________________________________________________________________________________________________________________________________________________________a%,5,1000,0,747486,147757,147977.0,149497.2,149475.37373049525,154492,154492,147957.0,20.0,147.977,149.475,147.957
fftstr_abab_512_x1000,value,utf8,TwoWay,static,full-scan,full-scan,wild_len480,%a______________________________________________________________________________________________________________________________________________________________________________________________________________________________________________________________________________________________________________________________________________________________________________________________________________________________________________________________________________________________a%,5,1000,0,740740,148032,148182.0,148148.0,148147.9812861021,148232,148232,148162.0,20.0,148.182,148.147,148.162
fftstr_abab_512_x1000,value,utf8,TwoWay2,static,full-scan,full-scan,wild_len480,%a______________________________________________________________________________________________________________________________________________________________________________________________________________________________________________________________________________________________________________________________________________________________________________________________________________________________________________________________________________________________a%,5,1000,0,813455,162671,162671.0,162691.0,162690.99618989538,162761,162761,162651.0,20.0,162.671,162.69,162.651
fftstr_abab_512_x1000,value,utf8,PairHorspool,static,full-scan,full-scan,wild_len484,%a__________________________________________________________________________________________________________________________________________________________________________________________________________________________________________________________________________________________________________________________________________________________________________________________________________________________________________________________________________________________________a%,5,1000,0,831981,163652,164161.0,166396.2,166366.64937580423,170407,170407,164141.0,20.0,164.161,166.366,164.141
fftstr_abab_512_x1000,value,utf8,TwoWay,static,full-scan,full-scan,wild_len476,%a__________________________________________________________________________________________________________________________________________________________________________________________________________________________________________________________________________________________________________________________________________________________________________________________________________________________________________________________________________________________a%,5,1000,0,821357,163992,164181.0,164271.4,164271.0401638106,164941,164941,164161.0,20.0,164.181,164.271,164.161
fftstr_abab_512_x1000,value,utf8,TwoWay3,static,full-scan,full-scan,wild_len480,%a______________________________________________________________________________________________________________________________________________________________________________________________________________________________________________________________________________________________________________________________________________________________________________________________________________________________________________________________________________________________a%,5,1000,0,833874,164961,165471.0,166774.8,166749.43213167918,172630,172630,165451.0,20.0,165.471,166.749,165.451
fftstr_abab_512_x1000,value,utf8,LibcMemmem,static,full-scan,full-scan,wild_len484,%a__________________________________________________________________________________________________________________________________________________________________________________________________________________________________________________________________________________________________________________________________________________________________________________________________________________________________________________________________________________________________a%,5,1000,0,862596,167514,169420.0,172519.2,172424.4439710972,182581,182581,169390.0,20.0,169.42,172.424,169.39
fftstr_abab_512_x1000,value,utf8,TwoWay3,static,full-scan,full-scan,exact_len002_no_wildcard,%aa%,5,1000,0,857793,170190,170211.0,171558.6,171537.8148124549,176941,176941,170191.0,20.0,170.211,171.537,170.191
fftstr_abab_512_x1000,value,utf8,TwoWay2,static,full-scan,full-scan,exact_len002_no_wildcard,%aa%,5,1000,0,894771,170031,170300.0,178954.2,178173.84701393062,213918,213918,170280.0,20.0,170.3,178.173,170.28
fftstr_abab_512_x1000,value,utf8,StdSearch,static,full-scan,full-scan,wild_len496,%a______________________________________________________________________________________________________________________________________________________________________________________________________________________________________________________________________________________________________________________________________________________________________________________________________________________________________________________________________________________________________________a%,5,1000,0,859133,170410,170451.0,171826.6,171805.35797150322,177271,177271,170431.0,20.0,170.451,171.805,170.431
fftstr_abab_512_x1000,value,utf8,TwoWay,static,full-scan,full-scan,exact_len002_no_wildcard,%aa%,5,1000,0,874972,170621,170661.0,174994.4,174908.02155353656,183860,183860,170601.0,30.0,170.661,174.908,170.601
fftstr_abab_512_x1000,value,utf8,TwoWay,static,full-scan,full-scan,wild_len472,%a______________________________________________________________________________________________________________________________________________________________________________________________________________________________________________________________________________________________________________________________________________________________________________________________________________________________________________________________________________________a%,5,1000,0,894541,178810,178951.0,178908.2,178908.18302638145,179000,179000,178931.0,20.0,178.951,178.908,178.931
fftstr_abab_512_x1000,value,utf8,TwoWay2,static,full-scan,full-scan,wild_len476,%a__________________________________________________________________________________________________________________________________________________________________________________________________________________________________________________________________________________________________________________________________________________________________________________________________________________________________________________________________________________________a%,5,1000,0,905070,179250,180090.0,181014.0,180997.13615713248,185880,185880,180070.0,20.0,180.09,180.997,180.07
fftstr_abab_512_x1000,value,utf8,PairHorspool,static,full-scan,full-scan,wild_len480,%a______________________________________________________________________________________________________________________________________________________________________________________________________________________________________________________________________________________________________________________________________________________________________________________________________________________________________________________________________________________________a%,5,1000,0,917026,182252,182442.0,183405.2,183395.61554019703,187161,187161,182422.0,20.0,182.442,183.395,182.422
fftstr_abab_512_x1000,value,utf8,TwoWay3,static,full-scan,full-scan,wild_len476,%a__________________________________________________________________________________________________________________________________________________________________________________________________________________________________________________________________________________________________________________________________________________________________________________________________________________________________________________________________________________________a%,5,1000,0,929059,184430,184980.0,185811.8,185800.8143763697,189849,189849,184940.0,30.0,184.98,185.8,184.94
fftstr_abab_512_x1000,value,utf8,LibcMemmem,static,full-scan,full-scan,wild_len480,%a______________________________________________________________________________________________________________________________________________________________________________________________________________________________________________________________________________________________________________________________________________________________________________________________________________________________________________________________________________________________a%,5,1000,0,939019,186243,186333.0,187803.8,187785.01507799106,193118,193118,186293.0,30.0,186.333,187.785,186.293
fftstr_abab_512_x1000,value,utf8,TwoWay,static,full-scan,full-scan,wild_len468,%a__________________________________________________________________________________________________________________________________________________________________________________________________________________________________________________________________________________________________________________________________________________________________________________________________________________________________________________________________________________a%,5,1000,0,986456,194929,195640.0,197291.2,197274.93199722344,201079,201079,195600.0,20.0,195.64,197.274,195.6
fftstr_abab_512_x1000,value,utf8,TwoWay3,static,full-scan,full-scan,wild_len472,%a______________________________________________________________________________________________________________________________________________________________________________________________________________________________________________________________________________________________________________________________________________________________________________________________________________________________________________________________________________________a%,5,1000,0,1009125,201569,201739.0,201825.0,201824.87828873383,202169,202169,201719.0,20.0,201.739,201.824,201.719
fftstr_abab_512_x1000,value,utf8,TwoWay2,static,full-scan,full-scan,wild_len472,%a______________________________________________________________________________________________________________________________________________________________________________________________________________________________________________________________________________________________________________________________________________________________________________________________________________________________________________________________________________________a%,5,1000,0,1032553,199319,201899.0,206510.6,206392.81450597374,217558,217558,201879.0,20.0,201.899,206.392,201.879
fftstr_abab_512_x1000,value,utf8,StdSearch,static,full-scan,full-scan,wild_len492,%a__________________________________________________________________________________________________________________________________________________________________________________________________________________________________________________________________________________________________________________________________________________________________________________________________________________________________________________________________________________________________________a%,5,1000,0,1036373,203659,203929.0,207274.6,207174.36932059083,220348,220348,203889.0,20.0,203.929,207.174,203.889
fftstr_abab_512_x1000,value,utf8,LibcMemmem,static,full-scan,full-scan,wild_len476,%a__________________________________________________________________________________________________________________________________________________________________________________________________________________________________________________________________________________________________________________________________________________________________________________________________________________________________________________________________________________________a%,5,1000,0,1041354,205331,206060.0,208270.8,208221.79269300055,217365,217365,206040.0,30.0,206.06,208.221,206.04
fftstr_abab_512_x1000,value,utf8,PairHorspool,static,full-scan,full-scan,wild_len476,%a__________________________________________________________________________________________________________________________________________________________________________________________________________________________________________________________________________________________________________________________________________________________________________________________________________________________________________________________________________________________a%,5,1000,0,1084071,202109,208584.0,216814.2,215810.04343520198,259762,259762,208554.0,30.0,208.584,215.81,208.554
fftstr_abab_512_x1000,value,utf8,TwoWay,static,full-scan,full-scan,wild_len464,%a______________________________________________________________________________________________________________________________________________________________________________________________________________________________________________________________________________________________________________________________________________________________________________________________________________________________________________________________________________a%,5,1000,0,1062562,210118,210299.0,212512.4,212472.25767030986,220828,220828,210279.0,20.0,210.299,212.472,210.279
fftstr_abab_512_x1000,value,utf8,TwoWay2,static,full-scan,full-scan,wild_len468,%a__________________________________________________________________________________________________________________________________________________________________________________________________________________________________________________________________________________________________________________________________________________________________________________________________________________________________________________________________________________a%,5,1000,0,1121560,213878,215119.0,224312.0,223736.37224779857,257166,257166,215079.0,20.0,215.119,223.736,215.079
fftstr_abab_512_x1000,value,utf8,TwoWay3,static,full-scan,full-scan,wild_len468,%a__________________________________________________________________________________________________________________________________________________________________________________________________________________________________________________________________________________________________________________________________________________________________________________________________________________________________________________________________________________a%,5,1000,0,1103789,219408,219538.0,220757.8,220743.57132180326,225797,225797,219498.0,20.0,219.538,220.743,219.498
fftstr_abab_512_x1000,value,utf8,PairHorspool,static,full-scan,full-scan,exact_len002_no_wildcard,%aa%,5,1000,0,1137884,226046,226126.0,227576.8,227557.70983496652,233510,233510,226096.0,30.0,226.126,227.557,226.096
fftstr_abab_512_x1000,value,utf8,TwoWay,static,full-scan,full-scan,wild_len460,%a__________________________________________________________________________________________________________________________________________________________________________________________________________________________________________________________________________________________________________________________________________________________________________________________________________________________________________________________________________a%,5,1000,0,1168216,225968,227367.0,233643.2,233363.80589271718,256556,256556,227327.0,20.0,227.367,233.363,227.327
fftstr_abab_512_x1000,value,utf8,PairHorspool,static,full-scan,full-scan,wild_len472,%a______________________________________________________________________________________________________________________________________________________________________________________________________________________________________________________________________________________________________________________________________________________________________________________________________________________________________________________________________________________a%,5,1000,0,1130540,221615,227782.0,226108.0,226075.615098557,231375,231375,227752.0,30.0,227.782,226.075,227.752
fftstr_abab_512_x1000,value,utf8,LibcMemmem,static,full-scan,full-scan,exact_len002_no_wildcard,%aa%,5,1000,0,1145997,226994,228222.0,229199.4,229191.13681116112,232592,232592,228162.0,30.0,228.222,229.191,228.162
fftstr_abab_512_x1000,value,utf8,LibcMemmem,static,full-scan,full-scan,wild_len472,%a______________________________________________________________________________________________________________________________________________________________________________________________________________________________________________________________________________________________________________________________________________________________________________________________________________________________________________________________________________________a%,5,1000,0,1152311,224979,230347.0,230462.2,230433.0899471792,236413,236413,230317.0,20.0,230.347,230.433,230.317
fftstr_abab_512_x1000,value,utf8,TwoWay2,static,full-scan,full-scan,wild_len464,%a______________________________________________________________________________________________________________________________________________________________________________________________________________________________________________________________________________________________________________________________________________________________________________________________________________________________________________________________________________a%,5,1000,0,1164866,230947,232007.0,232973.2,232960.38561686687,237807,237807,231987.0,20.0,232.007,232.96,231.987
fftstr_abab_512_x1000,value,utf8,TwoWay3,static,full-scan,full-scan,wild_len464,%a______________________________________________________________________________________________________________________________________________________________________________________________________________________________________________________________________________________________________________________________________________________________________________________________________________________________________________________________________________a%,5,1000,0,1193045,236897,237097.0,238609.0,238592.49626670615,244217,244217,237077.0,20.0,237.097,238.592,237.077
fftstr_abab_512_x1000,value,utf8,StdSearch,static,full-scan,full-scan,wild_len488,%a______________________________________________________________________________________________________________________________________________________________________________________________________________________________________________________________________________________________________________________________________________________________________________________________________________________________________________________________________________________________________a%,5,1000,0,1212174,238387,238417.0,242434.8,242367.0493068878,253236,253236,238397.0,20.0,238.417,242.367,238.397
fftstr_abab_512_x1000,value,utf8,PairHorspool,static,full-scan,full-scan,wild_len468,%a__________________________________________________________________________________________________________________________________________________________________________________________________________________________________________________________________________________________________________________________________________________________________________________________________________________________________________________________________________________a%,5,1000,0,1215693,241163,241352.0,243138.6,243115.09545735415,249914,249914,241332.0,20.0,241.352,243.115,241.332
fftstr_abab_512_x1000,value,utf8,TwoWay,static,full-scan,full-scan,wild_len456,%a______________________________________________________________________________________________________________________________________________________________________________________________________________________________________________________________________________________________________________________________________________________________________________________________________________________________________________________________________a%,5,1000,0,1216864,241577,242207.0,243372.8,243360.57354030514,248196,248196,242167.0,30.0,242.207,243.36,242.167
fftstr_abab_512_x1000,value,utf8,TwoWay2,static,full-scan,full-scan,wild_len460,%a__________________________________________________________________________________________________________________________________________________________________________________________________________________________________________________________________________________________________________________________________________________________________________________________________________________________________________________________________________a%,5,1000,0,1248642,248077,248396.0,249728.4,249714.66124348794,254946,254946,248376.0,20.0,248.396,249.714,248.376
fftstr_abab_512_x1000,value,utf8,LibcMemmem,static,full-scan,full-scan,wild_len468,%a__________________________________________________________________________________________________________________________________________________________________________________________________________________________________________________________________________________________________________________________________________________________________________________________________________________________________________________________________________________a%,5,1000,0,1257123,249774,250114.0,251424.6,251409.96616871408,256859,256859,250094.0,20.0,250.114,251.409,250.094
fftstr_abab_512_x1000,value,utf8,TwoWay3,static,full-scan,full-scan,wild_len460,%a__________________________________________________________________________________________________________________________________________________________________________________________________________________________________________________________________________________________________________________________________________________________________________________________________________________________________________________________________________a%,5,1000,0,1275920,254666,255196.0,255184.0,255183.79659784198,255566,255566,255166.0,30.0,255.196,255.183,255.166
fftstr_abab_512_x1000,value,utf8,TwoWay,static,full-scan,full-scan,wild_len452,%a__________________________________________________________________________________________________________________________________________________________________________________________________________________________________________________________________________________________________________________________________________________________________________________________________________________________________________________________________a%,5,1000,0,1309660,258536,259246.0,261932.0,261903.86807073487,267706,267706,259216.0,20.0,259.246,261.903,259.216
fftstr_abab_512_x1000,value,utf8,PairHorspool,static,full-scan,full-scan,wild_len464,%a______________________________________________________________________________________________________________________________________________________________________________________________________________________________________________________________________________________________________________________________________________________________________________________________________________________________________________________________________________a%,5,1000,0,1335313,262157,264931.0,267062.6,267033.09226693434,272385,272385,264901.0,30.0,264.931,267.033,264.901
fftstr_abab_512_x1000,value,utf8,TwoWay2,static,full-scan,full-scan,wild_len456,%a______________________________________________________________________________________________________________________________________________________________________________________________________________________________________________________________________________________________________________________________________________________________________________________________________________________________________________________________________a%,5,1000,0,1344356,267095,268435.0,268871.2,268864.6821781988,272375,272375,268415.0,20.0,268.435,268.864,268.415
fftstr_abab_512_x1000,value,utf8,LibcMemmem,static,full-scan,full-scan,wild_len464,%a______________________________________________________________________________________________________________________________________________________________________________________________________________________________________________________________________________________________________________________________________________________________________________________________________________________________________________________________________________a%,5,1000,0,1362784,269921,270349.0,272556.8,272519.00056012144,281695,281695,270319.0,30.0,270.349,272.519,270.319
fftstr_abab_512_x1000,value,utf8,TwoWay,static,full-scan,full-scan,wild_len448,%a______________________________________________________________________________________________________________________________________________________________________________________________________________________________________________________________________________________________________________________________________________________________________________________________________________________________________________________________a%,5,1000,0,1359376,271265,271375.0,271875.2,271874.3417060423,272765,272765,271355.0,20.0,271.375,271.874,271.355
fftstr_abab_512_x1000,value,utf8,StdSearch,static,full-scan,full-scan,wild_len484,%a__________________________________________________________________________________________________________________________________________________________________________________________________________________________________________________________________________________________________________________________________________________________________________________________________________________________________________________________________________________________________a%,5,1000,0,1368216,271775,271895.0,273643.2,273621.19964932546,280625,280625,271875.0,20.0,271.895,273.621,271.875
fftstr_abab_512_x1000,value,utf8,TwoWay3,static,full-scan,full-scan,wild_len456,%a______________________________________________________________________________________________________________________________________________________________________________________________________________________________________________________________________________________________________________________________________________________________________________________________________________________________________________________________________a%,5,1000,0,1366945,271975,272525.0,273389.0,273380.77332080965,277625,277625,272495.0,20.0,272.525,273.38,272.495
fftstr_abab_512_x1000,value,utf8,PairHorspool,static,full-scan,full-scan,wild_len460,%a__________________________________________________________________________________________________________________________________________________________________________________________________________________________________________________________________________________________________________________________________________________________________________________________________________________________________________________________________________a%,5,1000,0,1423330,278671,284728.0,284666.0,284620.03395376477,292182,292182,284698.0,30.0,284.728,284.62,284.698
fftstr_abab_512_x1000,value,utf8,TwoWay,static,full-scan,full-scan,wild_len444,%a__________________________________________________________________________________________________________________________________________________________________________________________________________________________________________________________________________________________________________________________________________________________________________________________________________________________________________________________a%,5,1000,0,1444232,286825,287064.0,288846.4,288834.3812625067,293724,293724,287034.0,30.0,287.064,288.834,287.034
fftstr_abab_512_x1000,value,utf8,TwoWay2,static,full-scan,full-scan,wild_len452,%a__________________________________________________________________________________________________________________________________________________________________________________________________________________________________________________________________________________________________________________________________________________________________________________________________________________________________________________________________a%,5,1000,0,1461830,290094,290404.0,292366.0,292347.62433556403,298734,298734,290384.0,20.0,290.404,292.347,290.384
fftstr_abab_512_x1000,value,utf8,LibcMemmem,static,full-scan,full-scan,wild_len460,%a__________________________________________________________________________________________________________________________________________________________________________________________________________________________________________________________________________________________________________________________________________________________________________________________________________________________________________________________________________a%,5,1000,0,1463343,290545,290795.0,292668.6,292643.2190742452,300424,300424,290775.0,20.0,290.795,292.643,290.775
fftstr_abab_512_x1000,value,utf8,TwoWay3,static,full-scan,full-scan,wild_len452,%a__________________________________________________________________________________________________________________________________________________________________________________________________________________________________________________________________________________________________________________________________________________________________________________________________________________________________________________________________a%,5,1000,0,1474959,289154,296644.0,294991.8,294945.83265643945,303064,303064,296624.0,20.0,296.644,294.945,296.624
fftstr_abab_512_x1000,value,utf8,TwoWay,static,full-scan,full-scan,wild_len440,%a______________________________________________________________________________________________________________________________________________________________________________________________________________________________________________________________________________________________________________________________________________________________________________________________________________________________________________________a%,5,1000,0,1570164,302534,302813.0,314032.8,313575.2912416096,347391,347391,302793.0,20.0,302.813,313.575,302.793
fftstr_abab_512_x1000,value,utf8,TwoWay2,static,full-scan,full-scan,wild_len448,%a______________________________________________________________________________________________________________________________________________________________________________________________________________________________________________________________________________________________________________________________________________________________________________________________________________________________________________________________a%,5,1000,0,1530406,304723,304924.0,306081.2,306076.7860359724,308903,308903,304884.0,40.0,304.924,306.076,304.884
fftstr_abab_512_x1000,value,utf8,PairHorspool,static,full-scan,full-scan,wild_len456,%a______________________________________________________________________________________________________________________________________________________________________________________________________________________________________________________________________________________________________________________________________________________________________________________________________________________________________________________________________a%,5,1000,0,1536782,303587,309034.0,307356.4,307340.8916276914,310721,310721,309005.0,20.0,309.034,307.34,309.005
fftstr_abab_512_x1000,value,utf8,LibcMemmem,static,full-scan,full-scan,wild_len456,%a______________________________________________________________________________________________________________________________________________________________________________________________________________________________________________________________________________________________________________________________________________________________________________________________________________________________________________________________________a%,5,1000,0,1598847,310442,310981.0,319769.4,319428.48021607625,349496,349496,310951.0,30.0,310.981,319.428,310.951
fftstr_abab_512_x1000,value,utf8,TwoWay3,static,full-scan,full-scan,wild_len448,%a______________________________________________________________________________________________________________________________________________________________________________________________________________________________________________________________________________________________________________________________________________________________________________________________________________________________________________________________a%,5,1000,0,1576393,311353,312933.0,315278.6,315257.9889052859,320082,320082,312903.0,30.0,312.933,315.257,312.903
fftstr_abab_512_x1000,value,utf8,StdSearch,static,full-scan,full-scan,wild_len480,%a______________________________________________________________________________________________________________________________________________________________________________________________________________________________________________________________________________________________________________________________________________________________________________________________________________________________________________________________________________________________a%,5,1000,0,1555036,305333,313083.0,311007.2,310969.9586800764,317043,317043,313053.0,30.0,313.083,310.969,313.053
fftstr_abab_512_x1000,value,utf8,TwoWay2,static,full-scan,full-scan,wild_len444,%a__________________________________________________________________________________________________________________________________________________________________________________________________________________________________________________________________________________________________________________________________________________________________________________________________________________________________________________________a%,5,1000,0,1590273,315623,317352.0,318054.6,318045.74557533587,322623,322623,317312.0,30.0,317.352,318.045,317.312
fftstr_abab_512_x1000,value,utf8,TwoWay,static,full-scan,full-scan,wild_len436,%a__________________________________________________________________________________________________________________________________________________________________________________________________________________________________________________________________________________________________________________________________________________________________________________________________________________________________________________a%,5,1000,0,1597713,318212,318333.0,319542.6,319532.73913981905,324582,324582,318313.0,20.0,318.333,319.532,318.313
fftstr_abab_512_x1000,value,utf8,TwoWay3,static,full-scan,full-scan,wild_len444,%a__________________________________________________________________________________________________________________________________________________________________________________________________________________________________________________________________________________________________________________________________________________________________________________________________________________________________________________________a%,5,1000,0,1699227,324272,324483.0,339845.4,339279.63469973544,372480,372480,324443.0,20.0,324.483,339.279,324.443
fftstr_abab_512_x1000,value,utf8,LibcMemmem,static,full-scan,full-scan,wild_len452,%a__________________________________________________________________________________________________________________________________________________________________________________________________________________________________________________________________________________________________________________________________________________________________________________________________________________________________________________________________a%,5,1000,0,1681646,325948,331037.0,336329.2,336121.2405613263,359544,359544,331017.0,20.0,331.037,336.121,331.017
fftstr_abab_512_x1000,value,utf8,PairHorspool,static,full-scan,full-scan,wild_len452,%a__________________________________________________________________________________________________________________________________________________________________________________________________________________________________________________________________________________________________________________________________________________________________________________________________________________________________________________________________a%,5,1000,0,1647152,323573,332234.0,329430.4,329400.60220499156,333482,333482,332204.0,30.0,332.234,329.4,332.204
fftstr_abab_512_x1000,value,utf8,TwoWay,static,full-scan,full-scan,wild_len432,%a______________________________________________________________________________________________________________________________________________________________________________________________________________________________________________________________________________________________________________________________________________________________________________________________________________________________________________a%,5,1000,0,1682718,333882,333921.0,336543.6,336524.50188746845,342991,342991,333901.0,30.0,333.921,336.524,333.901
fftstr_abab_512_x1000,value,utf8,TwoWay2,static,full-scan,full-scan,wild_len440,%a______________________________________________________________________________________________________________________________________________________________________________________________________________________________________________________________________________________________________________________________________________________________________________________________________________________________________________________a%,5,1000,0,1678499,333202,334671.0,335699.8,335688.1806336075,341182,341182,334631.0,30.0,334.671,335.688,334.631
fftstr_abab_512_x1000,value,utf8,TwoWay3,static,full-scan,full-scan,wild_len440,%a______________________________________________________________________________________________________________________________________________________________________________________________________________________________________________________________________________________________________________________________________________________________________________________________________________________________________________________a%,5,1000,0,1720155,341992,342051.0,344031.0,344008.0172554287,352030,352030,342021.0,30.0,342.051,344.008,342.021
fftstr_abab_512_x1000,value,utf8,PairHorspool,static,full-scan,full-scan,wild_len448,%a______________________________________________________________________________________________________________________________________________________________________________________________________________________________________________________________________________________________________________________________________________________________________________________________________________________________________________________________a%,5,1000,0,1817228,340336,346254.0,363445.6,361772.66626418306,435578,435578,346234.0,29.0,346.254,361.772,346.234
fftstr_abab_512_x1000,value,utf8,StdSearch,static,full-scan,full-scan,wild_len476,%a__________________________________________________________________________________________________________________________________________________________________________________________________________________________________________________________________________________________________________________________________________________________________________________________________________________________________________________________________________________________a%,5,1000,0,1774393,341611,347781.0,354878.6,354566.3695296188,381649,381649,347751.0,30.0,347.781,354.566,347.751
fftstr_abab_512_x1000,value,utf8,TwoWay,static,full-scan,full-scan,wild_len428,%a__________________________________________________________________________________________________________________________________________________________________________________________________________________________________________________________________________________________________________________________________________________________________________________________________________________________________________a%,5,1000,0,1749315,347811,348611.0,349863.0,349849.0512878868,356081,356081,348581.0,30.0,348.611,349.849,348.581
fftstr_abab_512_x1000,value,utf8,LibcMemmem,static,full-scan,full-scan,wild_len448,%a______________________________________________________________________________________________________________________________________________________________________________________________________________________________________________________________________________________________________________________________________________________________________________________________________________________________________________________________a%,5,1000,0,1753269,346064,349955.0,350653.8,350627.7012057336,357648,357648,349915.0,20.0,349.955,350.627,349.915
fftstr_abab_512_x1000,value,utf8,TwoWay2,static,full-scan,full-scan,wild_len436,%a__________________________________________________________________________________________________________________________________________________________________________________________________________________________________________________________________________________________________________________________________________________________________________________________________________________________________________________a%,5,1000,0,1776203,352091,356471.0,355240.6,355230.76587925194,358440,358440,356441.0,40.0,356.471,355.23,356.441
fftstr_abab_512_x1000,value,utf8,TwoWay3,static,full-scan,full-scan,wild_len436,%a__________________________________________________________________________________________________________________________________________________________________________________________________________________________________________________________________________________________________________________________________________________________________________________________________________________________________________________a%,5,1000,0,1804501,359630,359720.0,360900.2,360892.2357653117,365710,365710,359700.0,30.0,359.72,360.892,359.7
fftstr_abab_512_x1000,value,utf8,PairHorspool,static,full-scan,full-scan,wild_len444,%a__________________________________________________________________________________________________________________________________________________________________________________________________________________________________________________________________________________________________________________________________________________________________________________________________________________________________________________________a%,5,1000,0,1825663,360243,365811.0,365132.6,365105.9515297119,372367,372367,365771.0,30.0,365.811,365.105,365.771
fftstr_abab_512_x1000,value,utf8,LibcMemmem,static,full-scan,full-scan,wild_len444,%a__________________________________________________________________________________________________________________________________________________________________________________________________________________________________________________________________________________________________________________________________________________________________________________________________________________________________________________________a%,5,1000,0,1838973,365262,367198.0,367794.6,367786.5237210806,371638,371638,367158.0,20.0,367.198,367.786,367.158
fftstr_abab_512_x1000,value,utf8,TwoWay,static,full-scan,full-scan,wild_len424,%a______________________________________________________________________________________________________________________________________________________________________________________________________________________________________________________________________________________________________________________________________________________________________________________________________________________________________a%,5,1000,0,1844639,365270,368070.0,368927.8,368906.5849474563,376040,376040,368030.0,30.0,368.07,368.906,368.03
fftstr_abab_512_x1000,value,utf8,TwoWay2,static,full-scan,full-scan,wild_len432,%a______________________________________________________________________________________________________________________________________________________________________________________________________________________________________________________________________________________________________________________________________________________________________________________________________________________________________________a%,5,1000,0,1901186,369250,373720.0,380237.2,379891.76784393494,412927,412927,373670.0,40.0,373.72,379.891,373.67
fftstr_abab_512_x1000,value,utf8,StdSearch,static,full-scan,full-scan,wild_len472,%a______________________________________________________________________________________________________________________________________________________________________________________________________________________________________________________________________________________________________________________________________________________________________________________________________________________________________________________________________________________a%,5,1000,0,1912157,375739,378780.0,382431.4,382370.74708306,394139,394139,378750.0,30.0,378.78,382.37,378.75
fftstr_abab_512_x1000,value,utf8,TwoWay3,static,full-scan,full-scan,wild_len432,%a______________________________________________________________________________________________________________________________________________________________________________________________________________________________________________________________________________________________________________________________________________________________________________________________________________________________________________a%,5,1000,0,1902995,377429,381699.0,380599.0,380590.0677970582,383339,383339,381669.0,30.0,381.699,380.59,381.669
fftstr_abab_512_x1000,value,utf8,PairHorspool,static,full-scan,full-scan,wild_len440,%a______________________________________________________________________________________________________________________________________________________________________________________________________________________________________________________________________________________________________________________________________________________________________________________________________________________________________________________a%,5,1000,0,1965447,379890,385488.0,393089.4,392723.45596741803,425980,425980,385458.0,39.0,385.488,392.723,385.458
fftstr_abab_512_x1000,value,utf8,LibcMemmem,static,full-scan,full-scan,wild_len440,%a______________________________________________________________________________________________________________________________________________________________________________________________________________________________________________________________________________________________________________________________________________________________________________________________________________________________________________________a%,5,1000,0,1933984,385139,385617.0,386796.8,386789.831334181,391395,391395,385597.0,30.0,385.617,386.789,385.597
fftstr_abab_512_x1000,value,utf8,TwoWay2,static,full-scan,full-scan,wild_len428,%a__________________________________________________________________________________________________________________________________________________________________________________________________________________________________________________________________________________________________________________________________________________________________________________________________________________________________________a%,5,1000,0,1956863,384679,386779.0,391372.6,391307.9232236319,400378,400378,386739.0,40.0,386.779,391.307,386.739
fftstr_abab_512_x1000,value,utf8,TwoWay,static,full-scan,full-scan,wild_len420,%a__________________________________________________________________________________________________________________________________________________________________________________________________________________________________________________________________________________________________________________________________________________________________________________________________________________________________a%,5,1000,0,1928465,379719,386879.0,385693.0,385659.6459346498,393769,393769,386849.0,40.0,386.879,385.659,386.849
fftstr_abab_512_x1000,value,utf8,TwoWay3,static,full-scan,full-scan,wild_len428,%a__________________________________________________________________________________________________________________________________________________________________________________________________________________________________________________________________________________________________________________________________________________________________________________________________________________________________________a%,5,1000,0,1981612,395289,395398.0,396322.4,396317.6097226575,400228,400228,395358.0,40.0,395.398,396.317,395.358
fftstr_abab_512_x1000,value,utf8,TwoWay,static,full-scan,full-scan,wild_len416,%a______________________________________________________________________________________________________________________________________________________________________________________________________________________________________________________________________________________________________________________________________________________________________________________________________________________________a%,5,1000,0,1986782,394719,396569.0,397356.4,397351.0001620062,400858,400858,396549.0,30.0,396.569,397.351,396.549
fftstr_abab_512_x1000,value,utf8,PairHorspool,static,full-scan,full-scan,wild_len436,%a__________________________________________________________________________________________________________________________________________________________________________________________________________________________________________________________________________________________________________________________________________________________________________________________________________________________________________________a%,5,1000,0,2003274,395147,400864.0,400654.8,400617.0922797545,410134,410134,400814.0,20.0,400.864,400.617,400.814
fftstr_abab_512_x1000,value,utf8,TwoWay2,static,full-scan,full-scan,wild_len424,%a______________________________________________________________________________________________________________________________________________________________________________________________________________________________________________________________________________________________________________________________________________________________________________________________________________________________________a%,5,1000,0,2026240,404068,404238.0,405248.0,405242.7037952752,409398,409398,404208.0,30.0,404.238,405.242,404.208
fftstr_abab_512_x1000,value,utf8,LibcMemmem,static,full-scan,full-scan,wild_len436,%a__________________________________________________________________________________________________________________________________________________________________________________________________________________________________________________________________________________________________________________________________________________________________________________________________________________________________________________a%,5,1000,0,2037748,405574,405793.0,407549.6,407534.464880733,414595,414595,405763.0,20.0,405.793,407.534,405.763
fftstr_abab_512_x1000,value,utf8,TwoWay,static,full-scan,full-scan,wild_len412,%a__________________________________________________________________________________________________________________________________________________________________________________________________________________________________________________________________________________________________________________________________________________________________________________________________________________________a%,5,1000,0,2119074,411487,412207.0,423814.8,423420.94642992795,459995,459995,412167.0,30.0,412.207,423.42,412.167
fftstr_abab_512_x1000,value,utf8,StdSearch,static,full-scan,full-scan,wild_len468,%a__________________________________________________________________________________________________________________________________________________________________________________________________________________________________________________________________________________________________________________________________________________________________________________________________________________________________________________________________________________a%,5,1000,0,2066708,407808,412507.0,413341.6,413305.684348382,422477,422477,412487.0,20.0,412.507,413.305,412.487
fftstr_abab_512_x1000,value,utf8,TwoWay3,static,full-scan,full-scan,wild_len424,%a______________________________________________________________________________________________________________________________________________________________________________________________________________________________________________________________________________________________________________________________________________________________________________________________________________________________________a%,5,1000,0,2081696,413038,417377.0,416339.2,416330.26124562195,419827,419827,417357.0,30.0,417.377,416.33,417.357
fftstr_abab_512_x1000,value,utf8,PairHorspool,static,full-scan,full-scan,wild_len432,%a______________________________________________________________________________________________________________________________________________________________________________________________________________________________________________________________________________________________________________________________________________________________________________________________________________________________________________a%,5,1000,0,2111467,414654,421320.0,422293.4,422252.30860026076,432934,432934,421280.0,30.0,421.32,422.252,421.28
fftstr_abab_512_x1000,value,utf8,TwoWay2,static,full-scan,full-scan,wild_len420,%a__________________________________________________________________________________________________________________________________________________________________________________________________________________________________________________________________________________________________________________________________________________________________________________________________________________________________a%,5,1000,0,2118114,421487,421607.0,423622.8,423614.4631387117,428026,428026,421587.0,20.0,421.607,423.614,421.587
fftstr_abab_512_x1000,value,utf8,LibcMemmem,static,full-scan,full-scan,wild_len432,%a______________________________________________________________________________________________________________________________________________________________________________________________________________________________________________________________________________________________________________________________________________________________________________________________________________________________________________a%,5,1000,0,2143518,424812,427227.0,428703.6,428686.20571902295,433623,433623,427187.0,40.0,427.227,428.686,427.187
fftstr_abab_512_x1000,value,utf8,TwoWay,static,full-scan,full-scan,wild_len408,%a______________________________________________________________________________________________________________________________________________________________________________________________________________________________________________________________________________________________________________________________________________________________________________________________________________________a%,5,1000,0,2141773,425776,427587.0,428354.6,428342.36462595995,434607,434607,427567.0,30.0,427.587,428.342,427.567
fftstr_abab_512_x1000,value,utf8,TwoWay3,static,full-scan,full-scan,wild_len420,%a__________________________________________________________________________________________________________________________________________________________________________________________________________________________________________________________________________________________________________________________________________________________________________________________________________________________________a%,5,1000,0,2161561,430826,430947.0,432312.2,432303.7603093651,437726,437726,430927.0,20.0,430.947,432.303,430.927
fftstr_abab_512_x1000,value,utf8,TwoWay2,static,full-scan,full-scan,wild_len416,%a______________________________________________________________________________________________________________________________________________________________________________________________________________________________________________________________________________________________________________________________________________________________________________________________________________________________a%,5,1000,0,2197219,436486,438866.0,439443.8,439434.8416784605,444785,444785,438826.0,40.0,438.866,439.434,438.826
fftstr_abab_512_x1000,value,utf8,PairHorspool,static,full-scan,full-scan,wild_len428,%a__________________________________________________________________________________________________________________________________________________________________________________________________________________________________________________________________________________________________________________________________________________________________________________________________________________________________________a%,5,1000,0,2198229,434072,439171.0,439645.8,439615.94925689045,446305,446305,439131.0,30.0,439.171,439.615,439.131
fftstr_abab_512_x1000,value,utf8,TwoWay,static,full-scan,full-scan,wild_len404,%a__________________________________________________________________________________________________________________________________________________________________________________________________________________________________________________________________________________________________________________________________________________________________________________________________________________a%,5,1000,0,2231528,443386,443586.0,446305.6,446292.09465599013,450865,450865,443566.0,20.0,443.586,446.292,443.566
fftstr_abab_512_x1000,value,utf8,LibcMemmem,static,full-scan,full-scan,wild_len428,%a__________________________________________________________________________________________________________________________________________________________________________________________________________________________________________________________________________________________________________________________________________________________________________________________________________________________________________a%,5,1000,0,2238720,444001,444628.0,447744.0,447718.8785494863,456184,456184,444608.0,20.0,444.628,447.718,444.608
fftstr_abab_512_x1000,value,utf8,StdSearch,static,full-scan,full-scan,wild_len464,%a______________________________________________________________________________________________________________________________________________________________________________________________________________________________________________________________________________________________________________________________________________________________________________________________________________________________________________________________________________a%,5,1000,0,2225829,439156,445776.0,445165.8,445135.6778329907,451535,451535,445756.0,30.0,445.776,445.135,445.756
fftstr_abab_512_x1000,value,utf8,TwoWay3,static,full-scan,full-scan,wild_len416,%a______________________________________________________________________________________________________________________________________________________________________________________________________________________________________________________________________________________________________________________________________________________________________________________________________________________________a%,5,1000,0,2258786,446326,453825.0,451757.2,451742.68583346653,455655,455655,453805.0,20.0,453.825,451.742,453.805
fftstr_abab_512_x1000,value,utf8,TwoWay,static,full-scan,full-scan,wild_len400,%a______________________________________________________________________________________________________________________________________________________________________________________________________________________________________________________________________________________________________________________________________________________________________________________________________________a%,5,1000,0,2316213,459175,461395.0,463242.6,463220.8035144834,471384,471384,461365.0,30.0,461.395,463.22,461.365
fftstr_abab_512_x1000,value,utf8,TwoWay2,static,full-scan,full-scan,wild_len412,%a__________________________________________________________________________________________________________________________________________________________________________________________________________________________________________________________________________________________________________________________________________________________________________________________________________________________a%,5,1000,0,2324853,456155,462035.0,464970.6,464885.6823354495,482144,482144,462005.0,40.0,462.035,464.885,462.005
fftstr_abab_512_x1000,value,utf8,LibcMemmem,static,full-scan,full-scan,wild_len424,%a______________________________________________________________________________________________________________________________________________________________________________________________________________________________________________________________________________________________________________________________________________________________________________________________________________________________________a%,5,1000,0,2335088,464704,465323.0,467017.6,467010.89605980704,471041,471041,465263.0,39.0,465.323,467.01,465.263
fftstr_abab_512_x1000,value,utf8,TwoWay3,static,full-scan,full-scan,wild_len412,%a__________________________________________________________________________________________________________________________________________________________________________________________________________________________________________________________________________________________________________________________________________________________________________________________________________________________a%,5,1000,0,2353241,466444,466565.0,470648.2,470620.58802908607,477804,477804,466535.0,30.0,466.565,470.62,466.535
fftstr_abab_512_x1000,value,utf8,PairHorspool,static,full-scan,full-scan,wild_len424,%a______________________________________________________________________________________________________________________________________________________________________________________________________________________________________________________________________________________________________________________________________________________________________________________________________________________________________a%,5,1000,0,2390320,462380,470343.0,478064.0,477722.737425222,511703,511703,470303.0,30.0,470.343,477.722,470.303
fftstr_abab_512_x1000,value,utf8,TwoWay,static,full-scan,full-scan,wild_len396,%a__________________________________________________________________________________________________________________________________________________________________________________________________________________________________________________________________________________________________________________________________________________________________________________________________________a%,5,1000,0,2385429,474824,474904.0,477085.8,477077.16034372785,481914,481914,474864.0,30.0,474.904,477.077,474.864
fftstr_abab_512_x1000,value,utf8,StdSearch,static,full-scan,full-scan,wild_len460,%a__________________________________________________________________________________________________________________________________________________________________________________________________________________________________________________________________________________________________________________________________________________________________________________________________________________________________________________________________________a%,5,1000,0,2380931,470065,477374.0,476186.2,476158.9811094719,482093,482093,477354.0,30.0,477.374,476.158,477.354
fftstr_abab_512_x1000,value,utf8,PairHorspool,static,full-scan,full-scan,wild_len420,%a__________________________________________________________________________________________________________________________________________________________________________________________________________________________________________________________________________________________________________________________________________________________________________________________________________________________________a%,5,1000,0,2434191,472767,479632.0,486838.2,486487.81370558514,524085,524085,479603.0,30.0,479.632,486.487,479.603
fftstr_abab_512_x1000,value,utf8,TwoWay2,static,full-scan,full-scan,wild_len408,%a______________________________________________________________________________________________________________________________________________________________________________________________________________________________________________________________________________________________________________________________________________________________________________________________________________________a%,5,1000,0,2421778,473695,481103.0,484355.6,484256.4081586013,502702,502702,481073.0,30.0,481.103,484.256,481.073
fftstr_abab_512_x1000,value,utf8,TwoWay3,static,full-scan,full-scan,wild_len408,%a______________________________________________________________________________________________________________________________________________________________________________________________________________________________________________________________________________________________________________________________________________________________________________________________________________________a%,5,1000,0,2427407,484103,484404.0,485481.4,485475.7469652439,490173,490173,484383.0,30.0,484.404,485.475,484.383
fftstr_abab_512_x1000,value,utf8,LibcMemmem,static,full-scan,full-scan,wild_len420,%a__________________________________________________________________________________________________________________________________________________________________________________________________________________________________________________________________________________________________________________________________________________________________________________________________________________________________a%,5,1000,0,2433693,484921,485469.0,486738.6,486730.2887504241,492424,492424,485439.0,30.0,485.469,486.73,485.439
fftstr_abab_512_x1000,value,utf8,TwoWay,static,full-scan,full-scan,wild_len392,%a______________________________________________________________________________________________________________________________________________________________________________________________________________________________________________________________________________________________________________________________________________________________________________________________________a%,5,1000,0,2465706,487953,492394.0,493141.2,493120.22377325484,499783,499783,492354.0,20.0,492.394,493.12,492.354
fftstr_abab_512_x1000,value,utf8,TwoWay2,static,full-scan,full-scan,wild_len404,%a__________________________________________________________________________________________________________________________________________________________________________________________________________________________________________________________________________________________________________________________________________________________________________________________________________________a%,5,1000,0,2474215,491073,493423.0,494843.0,494827.1989104996,502073,502073,493383.0,30.0,493.423,494.827,493.383
fftstr_abab_512_x1000,value,utf8,PairHorspool,static,full-scan,full-scan,wild_len416,%a______________________________________________________________________________________________________________________________________________________________________________________________________________________________________________________________________________________________________________________________________________________________________________________________________________________________a%,5,1000,0,2521522,499090,501853.0,504304.4,504272.34757587087,515155,515155,501833.0,40.0,501.853,504.272,501.833
fftstr_abab_512_x1000,value,utf8,TwoWay3,static,full-scan,full-scan,wild_len404,%a__________________________________________________________________________________________________________________________________________________________________________________________________________________________________________________________________________________________________________________________________________________________________________________________________________________a%,5,1000,0,2524923,501853,502073.0,504984.6,504968.71997900977,512012,512012,502053.0,20.0,502.073,504.968,502.053
fftstr_abab_512_x1000,value,utf8,LibcMemmem,static,full-scan,full-scan,wild_len416,%a______________________________________________________________________________________________________________________________________________________________________________________________________________________________________________________________________________________________________________________________________________________________________________________________________________________________a%,5,1000,0,2534602,504707,504927.0,506920.4,506913.2384790212,511193,511193,504907.0,20.0,504.927,506.913,504.907
fftstr_abab_512_x1000,value,utf8,StdSearch,static,full-scan,full-scan,wild_len456,%a______________________________________________________________________________________________________________________________________________________________________________________________________________________________________________________________________________________________________________________________________________________________________________________________________________________________________________________________________a%,5,1000,0,2562800,507232,511502.0,512560.0,512535.1512885161,520232,520232,511472.0,30.0,511.502,512.535,511.472
fftstr_abab_512_x1000,value,utf8,PairHorspool,static,full-scan,full-scan,wild_len412,%a__________________________________________________________________________________________________________________________________________________________________________________________________________________________________________________________________________________________________________________________________________________________________________________________________________________________a%,5,1000,0,2592325,511742,517838.0,518465.0,518436.74027139397,528276,528276,517799.0,30.0,517.838,518.436,517.799
fftstr_abab_512_x1000,value,utf8,TwoWay3,static,full-scan,full-scan,wild_len400,%a______________________________________________________________________________________________________________________________________________________________________________________________________________________________________________________________________________________________________________________________________________________________________________________________________________a%,5,1000,0,2603338,518192,519662.0,520667.6,520662.05817698024,523851,523851,519622.0,30.0,519.662,520.662,519.622
fftstr_abab_512_x1000,value,utf8,TwoWay2,static,full-scan,full-scan,wild_len400,%a______________________________________________________________________________________________________________________________________________________________________________________________________________________________________________________________________________________________________________________________________________________________________________________________________________a%,5,1000,0,2712613,511892,521132.0,542522.6,540582.8943439545,637426,637426,521112.0,40.0,521.132,540.582,521.112
fftstr_abab_512_x1000,value,utf8,TwoWay,static,full-scan,full-scan,wild_len388,%a__________________________________________________________________________________________________________________________________________________________________________________________________________________________________________________________________________________________________________________________________________________________________________________________________a%,5,1000,0,2627017,508872,521232.0,525403.4,525182.8271709186,552340,552340,521192.0,30.0,521.232,525.182,521.192
fftstr_abab_512_x1000,value,utf8,TwoWay,static,full-scan,full-scan,wild_len384,%a______________________________________________________________________________________________________________________________________________________________________________________________________________________________________________________________________________________________________________________________________________________________________________________________a%,5,1000,0,2616988,516562,522542.0,523397.6,523363.46017707774,533981,533981,522512.0,30.0,522.542,523.363,522.512
fftstr_abab_512_x1000,value,utf8,TwoWay2,static,full-scan,full-scan,wild_len396,%a__________________________________________________________________________________________________________________________________________________________________________________________________________________________________________________________________________________________________________________________________________________________________________________________________________a%,5,1000,0,2634956,522831,525682.0,526991.2,526973.969074303,534110,534110,525602.0,70.0,525.682,526.973,525.602
fftstr_abab_512_x1000,value,utf8,LibcMemmem,static,full-scan,full-scan,wild_len412,%a__________________________________________________________________________________________________________________________________________________________________________________________________________________________________________________________________________________________________________________________________________________________________________________________________________________________a%,5,1000,0,2668980,524774,534432.0,533796.0,533724.7332265552,548702,548702,534402.0,30.0,534.432,533.724,534.402
fftstr_abab_512_x1000,value,utf8,TwoWay3,static,full-scan,full-scan,wild_len396,%a__________________________________________________________________________________________________________________________________________________________________________________________________________________________________________________________________________________________________________________________________________________________________________________________________________a%,5,1000,0,2711602,537610,537671.0,542320.4,542273.4668194937,556170,556170,537641.0,30.0,537.671,542.273,537.641
fftstr_abab_512_x1000,value,utf8,PairHorspool,static,full-scan,full-scan,wild_len408,%a______________________________________________________________________________________________________________________________________________________________________________________________________________________________________________________________________________________________________________________________________________________________________________________________________________________a%,5,1000,0,2690592,531050,537854.0,538118.4,538088.0832748312,544621,544621,537795.0,60.0,537.854,538.088,537.795
fftstr_abab_512_x1000,value,utf8,StdSearch,static,full-scan,full-scan,wild_len452,%a__________________________________________________________________________________________________________________________________________________________________________________________________________________________________________________________________________________________________________________________________________________________________________________________________________________________________________________________________a%,5,1000,0,2766121,537581,541361.0,553224.2,552673.1294673802,603327,603327,541321.0,20.0,541.361,552.673,541.321
fftstr_abab_512_x1000,value,utf8,LibcMemmem,static,full-scan,full-scan,wild_len408,%a______________________________________________________________________________________________________________________________________________________________________________________________________________________________________________________________________________________________________________________________________________________________________________________________________________________a%,5,1000,0,2791711,544301,550068.0,558342.2,558021.9667783921,596467,596467,550028.0,30.0,550.068,558.021,550.028
fftstr_abab_512_x1000,value,utf8,TwoWay,static,full-scan,full-scan,wild_len380,%a__________________________________________________________________________________________________________________________________________________________________________________________________________________________________________________________________________________________________________________________________________________________________________________________a%,5,1000,0,2784826,543390,551030.0,556965.2,556836.0050776241,577089,577089,550990.0,30.0,551.03,556.836,550.99
fftstr_abab_512_x1000,value,utf8,TwoWay2,static,full-scan,full-scan,wild_len392,%a______________________________________________________________________________________________________________________________________________________________________________________________________________________________________________________________________________________________________________________________________________________________________________________________________a%,5,1000,0,2752429,542690,552860.0,550485.8,550468.4998013906,554329,554329,552830.0,30.0,552.86,550.468,552.83
fftstr_abab_512_x1000,value,utf8,TwoWay3,static,full-scan,full-scan,wild_len392,%a______________________________________________________________________________________________________________________________________________________________________________________________________________________________________________________________________________________________________________________________________________________________________________________________________a%,5,1000,0,2790217,555220,555469.0,558043.4,558033.7012784246,562440,562440,555419.0,20.0,555.469,558.033,555.419
fftstr_abab_512_x1000,value,utf8,TwoWay,static,full-scan,full-scan,wild_len376,%a______________________________________________________________________________________________________________________________________________________________________________________________________________________________________________________________________________________________________________________________________________________________________________________a%,5,1000,0,2816208,558930,565730.0,563241.6,563230.9779059502,566669,566669,565700.0,30.0,565.73,563.23,565.7
fftstr_abab_512_x1000,value,utf8,PairHorspool,static,full-scan,full-scan,wild_len404,%a__________________________________________________________________________________________________________________________________________________________________________________________________________________________________________________________________________________________________________________________________________________________________________________________________________________a%,5,1000,0,2906290,563948,567860.0,581258.0,580745.0612144215,629913,629913,567820.0,30.0,567.86,580.745,567.82
fftstr_abab_512_x1000,value,utf8,LibcMemmem,static,full-scan,full-scan,wild_len404,%a__________________________________________________________________________________________________________________________________________________________________________________________________________________________________________________________________________________________________________________________________________________________________________________________________________________a%,5,1000,0,2914323,564637,570663.0,582864.6,582289.1577494065,635472,635472,570623.0,40.0,570.663,582.289,570.623
fftstr_abab_512_x1000,value,utf8,TwoWay2,static,full-scan,full-scan,wild_len388,%a__________________________________________________________________________________________________________________________________________________________________________________________________________________________________________________________________________________________________________________________________________________________________________________________________a%,5,1000,0,2884512,566779,575869.0,576902.4,576840.5269319946,589728,589728,575829.0,40.0,575.869,576.84,575.829
fftstr_abab_512_x1000,value,utf8,TwoWay3,static,full-scan,full-scan,wild_len388,%a__________________________________________________________________________________________________________________________________________________________________________________________________________________________________________________________________________________________________________________________________________________________________________________________________a%,5,1000,0,2882812,573278,577578.0,576562.4,576556.0251825224,579399,579399,577558.0,30.0,577.578,576.556,577.558
fftstr_abab_512_x1000,value,utf8,TwoWay2,static,full-scan,full-scan,wild_len384,%a______________________________________________________________________________________________________________________________________________________________________________________________________________________________________________________________________________________________________________________________________________________________________________________________a%,5,1000,0,2890562,574558,577719.0,578112.4,578103.98701022,583908,583908,577679.0,40.0,577.719,578.103,577.679
fftstr_abab_512_x1000,value,utf8,PairHorspool,static,full-scan,full-scan,wild_len400,%a______________________________________________________________________________________________________________________________________________________________________________________________________________________________________________________________________________________________________________________________________________________________________________________________________________a%,5,1000,0,2973124,570135,579743.0,594624.8,593815.9630229094,657234,657234,579723.0,30.0,579.743,593.815,579.723
fftstr_abab_512_x1000,value,utf8,TwoWay,static,full-scan,full-scan,wild_len372,%a__________________________________________________________________________________________________________________________________________________________________________________________________________________________________________________________________________________________________________________________________________________________________________________a%,5,1000,0,2904461,574888,581899.0,580892.2,580877.4718017082,586908,586908,581859.0,30.0,581.899,580.877,581.859
fftstr_abab_512_x1000,value,utf8,StdSearch,static,full-scan,full-scan,wild_len448,%a______________________________________________________________________________________________________________________________________________________________________________________________________________________________________________________________________________________________________________________________________________________________________________________________________________________________________________________________a%,5,1000,0,2994008,581399,584528.0,598801.6,598186.3040572191,653744,653744,584498.0,40.0,584.528,598.186,584.498
fftstr_abab_512_x1000,value,utf8,LibcMemmem,static,full-scan,full-scan,wild_len400,%a______________________________________________________________________________________________________________________________________________________________________________________________________________________________________________________________________________________________________________________________________________________________________________________________________________a%,5,1000,0,2928351,583935,584742.0,585670.2,585664.9339072972,590609,590609,584722.0,40.0,584.742,585.664,584.722
fftstr_abab_512_x1000,value,utf8,TwoWay2,static,full-scan,full-scan,wild_len380,%a__________________________________________________________________________________________________________________________________________________________________________________________________________________________________________________________________________________________________________________________________________________________________________________________a%,5,1000,0,2980328,591908,592148.0,596065.6,596043.8000787564,604047,604047,592108.0,30.0,592.148,596.043,592.108
fftstr_abab_512_x1000,value,utf8,TwoWay3,static,full-scan,full-scan,wild_len384,%a______________________________________________________________________________________________________________________________________________________________________________________________________________________________________________________________________________________________________________________________________________________________________________________________a%,5,1000,0,2970987,590747,595358.0,594197.4,594190.9991858437,597027,597027,595318.0,30.0,595.358,594.19,595.318
fftstr_abab_512_x1000,value,utf8,PairHorspool,static,full-scan,full-scan,wild_len396,%a__________________________________________________________________________________________________________________________________________________________________________________________________________________________________________________________________________________________________________________________________________________________________________________________________________a%,5,1000,0,2988661,591777,595399.0,597732.2,597712.8104730761,605497,605497,595369.0,30.0,595.399,597.712,595.369
fftstr_abab_512_x1000,value,utf8,TwoWay,static,full-scan,full-scan,wild_len368,%a______________________________________________________________________________________________________________________________________________________________________________________________________________________________________________________________________________________________________________________________________________________________________________a%,5,1000,0,3724767,594058,602067.0,744953.4,707222.380301876,1289340,1289340,602037.0,30.0,602.067,707.222,602.037
fftstr_abab_512_x1000,value,utf8,TwoWay3,static,full-scan,full-scan,wild_len380,%a__________________________________________________________________________________________________________________________________________________________________________________________________________________________________________________________________________________________________________________________________________________________________________________________a%,5,1000,0,3086711,608527,608876.0,617342.2,617180.4476453271,645495,645495,608846.0,30.0,608.876,617.18,608.846
fftstr_abab_512_x1000,value,utf8,StdSearch,static,full-scan,full-scan,wild_len444,%a__________________________________________________________________________________________________________________________________________________________________________________________________________________________________________________________________________________________________________________________________________________________________________________________________________________________________________________________a%,5,1000,0,3063814,605927,615857.0,612762.8,612737.0853317434,619107,619107,615807.0,30.0,615.857,612.737,615.807
fftstr_abab_512_x1000,value,utf8,LibcMemmem,static,full-scan,full-scan,wild_len396,%a__________________________________________________________________________________________________________________________________________________________________________________________________________________________________________________________________________________________________________________________________________________________________________________________________________a%,5,1000,0,3084093,607453,617980.0,616818.6,616782.7174150402,624885,624885,617960.0,30.0,617.98,616.782,617.96
fftstr_abab_512_x1000,value,utf8,TwoWay2,static,full-scan,full-scan,wild_len376,%a______________________________________________________________________________________________________________________________________________________________________________________________________________________________________________________________________________________________________________________________________________________________________________________a%,5,1000,0,3126500,616667,619446.0,625300.0,625195.2801401813,647855,647855,619426.0,30.0,619.446,625.195,619.426
fftstr_abab_512_x1000,value,utf8,PairHorspool,static,full-scan,full-scan,wild_len392,%a______________________________________________________________________________________________________________________________________________________________________________________________________________________________________________________________________________________________________________________________________________________________________________________________________a%,5,1000,0,3130849,622669,625334.0,626169.8,626158.2336584706,633505,633505,625304.0,30.0,625.334,626.158,625.304
fftstr_abab_512_x1000,value,utf8,TwoWay3,static,full-scan,full-scan,wild_len376,%a______________________________________________________________________________________________________________________________________________________________________________________________________________________________________________________________________________________________________________________________________________________________________________________a%,5,1000,0,3178487,626406,632576.0,635697.4,635573.2674620241,660424,660424,632536.0,30.0,632.576,635.573,632.536
fftstr_abab_512_x1000,value,utf8,LibcMemmem,static,full-scan,full-scan,wild_len392,%a______________________________________________________________________________________________________________________________________________________________________________________________________________________________________________________________________________________________________________________________________________________________________________________________________a%,5,1000,0,3175450,627179,634214.0,635090.0,635057.60273281,644611,644611,634164.0,40.0,634.214,635.057,634.164
fftstr_abab_512_x1000,value,utf8,TwoWay,static,full-scan,full-scan,wild_len356,%a__________________________________________________________________________________________________________________________________________________________________________________________________________________________________________________________________________________________________________________________________________________________________a%,5,1000,0,3241524,636166,637685.0,648304.8,647991.2342123946,689072,689072,637645.0,40.0,637.685,647.991,637.645
fftstr_abab_512_x1000,value,utf8,StdSearch,static,full-scan,full-scan,wild_len440,%a______________________________________________________________________________________________________________________________________________________________________________________________________________________________________________________________________________________________________________________________________________________________________________________________________________________________________________________a%,5,1000,0,3236774,642465,643815.0,647354.8,647314.7797944772,661694,661694,643775.0,40.0,643.815,647.314,643.775
fftstr_abab_512_x1000,value,utf8,PairHorspool,static,full-scan,full-scan,wild_len388,%a__________________________________________________________________________________________________________________________________________________________________________________________________________________________________________________________________________________________________________________________________________________________________________________________________a%,5,1000,0,3219107,638195,644212.0,643821.4,643801.293940585,651687,651687,644183.0,40.0,644.212,643.801,644.183
fftstr_abab_512_x1000,value,utf8,TwoWay2,static,full-scan,full-scan,wild_len372,%a__________________________________________________________________________________________________________________________________________________________________________________________________________________________________________________________________________________________________________________________________________________________________________________a%,5,1000,0,3248992,635195,646705.0,649798.4,649678.9223759633,670143,670143,646655.0,40.0,646.705,649.678,646.655
fftstr_abab_512_x1000,value,utf8,TwoWay2,static,full-scan,full-scan,wild_len368,%a______________________________________________________________________________________________________________________________________________________________________________________________________________________________________________________________________________________________________________________________________________________________________________a%,5,1000,0,3234992,643604,647145.0,646998.4,646988.7492065968,653344,653344,647115.0,30.0,647.145,646.988,647.115
fftstr_abab_512_x1000,value,utf8,TwoWay3,static,full-scan,full-scan,wild_len372,%a__________________________________________________________________________________________________________________________________________________________________________________________________________________________________________________________________________________________________________________________________________________________________________________a%,5,1000,0,3252592,646814,651894.0,650518.4,650511.4139196753,654045,654045,651864.0,30.0,651.894,650.511,651.864
fftstr_abab_512_x1000,value,utf8,LibcMemmem,static,full-scan,full-scan,wild_len388,%a__________________________________________________________________________________________________________________________________________________________________________________________________________________________________________________________________________________________________________________________________________________________________________________________________a%,5,1000,0,3264747,646128,654251.0,652949.4,652929.5685513343,660906,660906,654181.0,39.0,654.251,652.929,654.181
fftstr_abab_512_x1000,value,utf8,PairHorspool,static,full-scan,full-scan,wild_len384,%a______________________________________________________________________________________________________________________________________________________________________________________________________________________________________________________________________________________________________________________________________________________________________________________________a%,5,1000,0,3332459,650818,655148.0,666491.8,666164.7540228721,707934,707934,655118.0,30.0,655.148,666.164,655.118
fftstr_abab_512_x1000,value,utf8,TwoWay,static,full-scan,full-scan,wild_len352,%a______________________________________________________________________________________________________________________________________________________________________________________________________________________________________________________________________________________________________________________________________________________________a%,5,1000,0,3275352,646825,659664.0,655070.4,655036.4426025121,661204,661204,659634.0,40.0,659.664,655.036,659.634
fftstr_abab_512_x1000,value,utf8,TwoWay2,static,full-scan,full-scan,wild_len364,%a__________________________________________________________________________________________________________________________________________________________________________________________________________________________________________________________________________________________________________________________________________________________________________a%,5,1000,0,3366327,664504,665934.0,673265.4,673136.1387570741,699312,699312,665874.0,30.0,665.934,673.136,665.874
fftstr_abab_512_x1000,value,utf8,TwoWay3,static,full-scan,full-scan,wild_len368,%a______________________________________________________________________________________________________________________________________________________________________________________________________________________________________________________________________________________________________________________________________________________________________________a%,5,1000,0,3333437,662484,666673.0,666687.4,666682.9938510304,669913,669913,666643.0,20.0,666.673,666.682,666.643
fftstr_abab_512_x1000,value,utf8,LibcMemmem,static,full-scan,full-scan,wild_len384,%a______________________________________________________________________________________________________________________________________________________________________________________________________________________________________________________________________________________________________________________________________________________________________________________________a%,5,1000,0,3366696,663870,674008.0,673339.2,673306.3958846908,684205,684205,673978.0,20.0,674.008,673.306,673.978
fftstr_abab_512_x1000,value,utf8,TwoWay,static,full-scan,full-scan,wild_len348,%a__________________________________________________________________________________________________________________________________________________________________________________________________________________________________________________________________________________________________________________________________________________________a%,5,1000,0,3371396,662694,675893.0,674279.2,674248.0070852406,682483,682483,675853.0,30.0,675.893,674.248,675.853
fftstr_abab_512_x1000,value,utf8,PairHorspool,static,full-scan,full-scan,wild_len380,%a__________________________________________________________________________________________________________________________________________________________________________________________________________________________________________________________________________________________________________________________________________________________________________________________a%,5,1000,0,3446869,667082,677091.0,689373.8,688775.6548558132,747327,747327,677061.0,30.0,677.091,688.775,677.061
fftstr_abab_512_x1000,value,utf8,TwoWay2,static,full-scan,full-scan,wild_len360,%a______________________________________________________________________________________________________________________________________________________________________________________________________________________________________________________________________________________________________________________________________________________________________a%,5,1000,0,3435722,678223,680643.0,687144.4,687058.4028846873,706361,706361,680613.0,40.0,680.643,687.058,680.613
fftstr_abab_512_x1000,value,utf8,StdSearch,static,full-scan,full-scan,wild_len436,%a__________________________________________________________________________________________________________________________________________________________________________________________________________________________________________________________________________________________________________________________________________________________________________________________________________________________________________________a%,5,1000,0,3458371,673733,681863.0,691674.2,691371.4703932856,731990,731990,681823.0,40.0,681.863,691.371,681.823
fftstr_abab_512_x1000,value,utf8,LibcMemmem,static,full-scan,full-scan,wild_len380,%a__________________________________________________________________________________________________________________________________________________________________________________________________________________________________________________________________________________________________________________________________________________________________________________________a%,5,1000,0,3439067,683667,688067.0,687813.4,687806.007058759,691449,691449,688007.0,40.0,688.067,687.806,688.007
fftstr_abab_512_x1000,value,utf8,TwoWay,static,full-scan,full-scan,wild_len344,%a______________________________________________________________________________________________________________________________________________________________________________________________________________________________________________________________________________________________________________________________________________________a%,5,1000,0,3520617,683503,689412.0,704123.4,703597.0440999244,758479,758479,689382.0,30.0,689.412,703.597,689.382
fftstr_abab_512_x1000,value,utf8,TwoWay3,static,full-scan,full-scan,wild_len364,%a__________________________________________________________________________________________________________________________________________________________________________________________________________________________________________________________________________________________________________________________________________________________________________a%,5,1000,0,3628091,687313,690632.0,725618.2,722758.3291775843,859673,859673,690612.0,30.0,690.632,722.758,690.612
fftstr_abab_512_x1000,value,utf8,PairHorspool,static,full-scan,full-scan,wild_len376,%a______________________________________________________________________________________________________________________________________________________________________________________________________________________________________________________________________________________________________________________________________________________________________________________a%,5,1000,0,3484559,692797,695820.0,696911.8,696898.7549232419,704990,704990,695800.0,30.0,695.82,696.898,695.8
fftstr_abab_512_x1000,value,utf8,TwoWay3,static,full-scan,full-scan,wild_len360,%a______________________________________________________________________________________________________________________________________________________________________________________________________________________________________________________________________________________________________________________________________________________________________a%,5,1000,0,3509067,697791,703031.0,701813.4,701810.2307522467,703331,703331,702991.0,40.0,703.031,701.81,702.991
fftstr_abab_512_x1000,value,utf8,TwoWay,static,full-scan,full-scan,wild_len340,%a__________________________________________________________________________________________________________________________________________________________________________________________________________________________________________________________________________________________________________________________________________________a%,5,1000,0,3580094,693882,710231.0,716018.8,715572.9757915685,765738,765738,710201.0,30.0,710.231,715.572,710.201
fftstr_abab_512_x1000,value,utf8,LibcMemmem,static,full-scan,full-scan,wild_len376,%a______________________________________________________________________________________________________________________________________________________________________________________________________________________________________________________________________________________________________________________________________________________________________________________a%,5,1000,0,3604644,703683,711595.0,720928.8,720753.5579637383,747547,747547,711556.0,30.0,711.595,720.753,711.556
fftstr_abab_512_x1000,value,utf8,StdSearch,static,full-scan,full-scan,wild_len432,%a______________________________________________________________________________________________________________________________________________________________________________________________________________________________________________________________________________________________________________________________________________________________________________________________________________________________________________a%,5,1000,0,3646061,709071,718041.0,729212.2,728735.6296413628,782357,782357,717981.0,40.0,718.041,728.735,717.981
fftstr_abab_512_x1000,value,utf8,TwoWay2,static,full-scan,full-scan,wild_len356,%a__________________________________________________________________________________________________________________________________________________________________________________________________________________________________________________________________________________________________________________________________________________________________a%,5,1000,0,3679550,710411,719191.0,735910.0,735250.224798968,793467,793467,719131.0,40.0,719.191,735.25,719.131
fftstr_abab_512_x1000,value,utf8,PairHorspool,static,full-scan,full-scan,wild_len372,%a__________________________________________________________________________________________________________________________________________________________________________________________________________________________________________________________________________________________________________________________________________________________________________________a%,5,1000,0,3648229,705789,719557.0,729645.8,729011.6266803258,790583,790583,719518.0,30.0,719.557,729.011,719.518
fftstr_abab_512_x1000,value,utf8,TwoWay2,static,full-scan,full-scan,wild_len352,%a______________________________________________________________________________________________________________________________________________________________________________________________________________________________________________________________________________________________________________________________________________________________a%,5,1000,0,3598204,716541,720231.0,719640.8,719635.9059844369,722521,722521,720211.0,20.0,720.231,719.635,720.211
fftstr_abab_512_x1000,value,utf8,TwoWay3,static,full-scan,full-scan,wild_len356,%a__________________________________________________________________________________________________________________________________________________________________________________________________________________________________________________________________________________________________________________________________________________________________a%,5,1000,0,3594853,715241,720670.0,718970.6,718963.893942157,722631,722631,720640.0,30.0,720.67,718.963,720.64
fftstr_abab_512_x1000,value,utf8,TwoWay,static,full-scan,full-scan,wild_len336,%a______________________________________________________________________________________________________________________________________________________________________________________________________________________________________________________________________________________________________________________________________________a%,5,1000,0,3605703,713461,723011.0,721140.6,721126.1078500141,726830,726830,722971.0,40.0,723.011,721.126,722.971
fftstr_abab_512_x1000,value,utf8,LibcMemmem,static,full-scan,full-scan,wild_len372,%a__________________________________________________________________________________________________________________________________________________________________________________________________________________________________________________________________________________________________________________________________________________________________________________a%,5,1000,0,3664146,724009,728948.0,732829.2,732726.8493419108,757186,757186,728918.0,40.0,728.948,732.726,728.918
fftstr_abab_512_x1000,value,utf8,TwoWay,static,full-scan,full-scan,wild_len332,%a__________________________________________________________________________________________________________________________________________________________________________________________________________________________________________________________________________________________________________________________________________a%,5,1000,0,3688510,729491,733130.0,737702.0,737658.3159784697,750960,750960,733060.0,40.0,733.13,737.658,733.06
fftstr_abab_512_x1000,value,utf8,TwoWay3,static,full-scan,full-scan,wild_len352,%a______________________________________________________________________________________________________________________________________________________________________________________________________________________________________________________________________________________________________________________________________________________________a%,5,1000,0,3681868,732959,737129.0,736373.6,736368.2201647295,739580,739580,737089.0,30.0,737.129,736.368,737.089
fftstr_abab_512_x1000,value,utf8,PairHorspool,static,full-scan,full-scan,wild_len368,%a______________________________________________________________________________________________________________________________________________________________________________________________________________________________________________________________________________________________________________________________________________________________________________a%,5,1000,0,3728027,731262,741680.0,745605.4,745440.2763190077,775686,775686,741650.0,30.0,741.68,745.44,741.65
fftstr_abab_512_x1000,value,utf8,TwoWay2,static,full-scan,full-scan,wild_len348,%a__________________________________________________________________________________________________________________________________________________________________________________________________________________________________________________________________________________________________________________________________________________________a%,5,1000,0,3708179,737849,742350.0,741635.8,741628.4765266298,745960,745960,742320.0,40.0,742.35,741.628,742.32
fftstr_abab_512_x1000,value,utf8,StdSearch,static,full-scan,full-scan,wild_len428,%a__________________________________________________________________________________________________________________________________________________________________________________________________________________________________________________________________________________________________________________________________________________________________________________________________________________________________________a%,5,1000,0,3741506,740100,745229.0,748301.2,748255.5432618646,762878,762878,745189.0,40.0,745.229,748.255,745.189
fftstr_abab_512_x1000,value,utf8,LibcMemmem,static,full-scan,full-scan,wild_len368,%a______________________________________________________________________________________________________________________________________________________________________________________________________________________________________________________________________________________________________________________________________________________________________________a%,5,1000,0,3734811,743515,748056.0,746962.2,746956.7495265692,749962,749962,748026.0,30.0,748.056,746.956,748.026
fftstr_abab_512_x1000,value,utf8,PairHorspool,static,full-scan,full-scan,wild_len364,%a__________________________________________________________________________________________________________________________________________________________________________________________________________________________________________________________________________________________________________________________________________________________________________a%,5,1000,0,3783812,745950,756836.0,756762.4,756710.5115784274,772562,772562,756806.0,30.0,756.836,756.71,756.806
fftstr_abab_512_x1000,value,utf8,TwoWay3,static,full-scan,full-scan,wild_len348,%a__________________________________________________________________________________________________________________________________________________________________________________________________________________________________________________________________________________________________________________________________________________________a%,5,1000,0,3798071,750959,760288.0,759614.2,759594.9802198033,767048,767048,760258.0,30.0,760.288,759.594,760.258
fftstr_abab_512_x1000,value,utf8,TwoWay2,static,full-scan,full-scan,wild_len344,%a______________________________________________________________________________________________________________________________________________________________________________________________________________________________________________________________________________________________________________________________________________________a%,5,1000,0,3845579,755328,765648.0,769115.8,769009.730687764,791487,791487,765588.0,50.0,765.648,769.009,765.588
fftstr_abab_512_x1000,value,utf8,TwoWay3,static,full-scan,full-scan,wild_len344,%a______________________________________________________________________________________________________________________________________________________________________________________________________________________________________________________________________________________________________________________________________________________a%,5,1000,0,3858089,768598,768897.0,771617.8,771609.4582106073,777018,777018,768867.0,30.0,768.897,771.609,768.867
fftstr_abab_512_x1000,value,utf8,TwoWay,static,full-scan,full-scan,wild_len328,%a______________________________________________________________________________________________________________________________________________________________________________________________________________________________________________________________________________________________________________________________________a%,5,1000,0,3937236,740270,773438.0,787447.2,786165.8260012403,842984,842984,773368.0,60.0,773.438,786.165,773.368
fftstr_abab_512_x1000,value,utf8,PairHorspool,static,full-scan,full-scan,wild_len360,%a______________________________________________________________________________________________________________________________________________________________________________________________________________________________________________________________________________________________________________________________________________________________________a%,5,1000,0,3884564,772293,775187.0,776912.8,776902.535160968,782849,782849,775167.0,30.0,775.187,776.902,775.167
fftstr_abab_512_x1000,value,utf8,TwoWay,static,full-scan,full-scan,wild_len324,%a__________________________________________________________________________________________________________________________________________________________________________________________________________________________________________________________________________________________________________________________________a%,5,1000,0,3939856,756379,777508.0,787971.2,787341.7899237196,846364,846364,777468.0,40.0,777.508,787.341,777.468
fftstr_abab_512_x1000,value,utf8,TwoWay,static,full-scan,full-scan,wild_len320,%a______________________________________________________________________________________________________________________________________________________________________________________________________________________________________________________________________________________________________________________________a%,5,1000,0,3917367,772318,781347.0,783473.4,783437.6861167136,794417,794417,781307.0,40.0,781.347,783.437,781.307
fftstr_abab_512_x1000,value,utf8,TwoWay2,static,full-scan,full-scan,wild_len340,%a__________________________________________________________________________________________________________________________________________________________________________________________________________________________________________________________________________________________________________________________________________________a%,5,1000,0,3968570,776697,783617.0,793714.0,793399.8925894197,837014,837014,783587.0,30.0,783.617,793.399,783.587
fftstr_abab_512_x1000,value,utf8,StdSearch,static,full-scan,full-scan,wild_len424,%a______________________________________________________________________________________________________________________________________________________________________________________________________________________________________________________________________________________________________________________________________________________________________________________________________________________________________a%,5,1000,0,3990663,774378,784357.0,798132.6,797481.0249252901,863113,863113,784307.0,40.0,784.357,797.481,784.307
fftstr_abab_512_x1000,value,utf8,LibcMemmem,static,full-scan,full-scan,wild_len364,%a__________________________________________________________________________________________________________________________________________________________________________________________________________________________________________________________________________________________________________________________________________________________________________a%,5,1000,0,3916655,764750,786402.0,783331.0,783162.7037962155,810160,810160,786333.0,30.0,786.402,783.162,786.333
fftstr_abab_512_x1000,value,utf8,LibcMemmem,static,full-scan,full-scan,wild_len360,%a______________________________________________________________________________________________________________________________________________________________________________________________________________________________________________________________________________________________________________________________________________________________________a%,5,1000,0,3941042,783628,789636.0,788208.4,788198.6899865344,793886,793886,789596.0,40.0,789.636,788.198,789.596
fftstr_abab_512_x1000,value,utf8,TwoWay3,static,full-scan,full-scan,wild_len340,%a__________________________________________________________________________________________________________________________________________________________________________________________________________________________________________________________________________________________________________________________________________________a%,5,1000,0,3957253,786247,792556.0,791450.6,791438.0631832272,797437,797437,792516.0,40.0,792.556,791.438,792.516
fftstr_abab_512_x1000,value,utf8,PairHorspool,static,full-scan,full-scan,wild_len356,%a__________________________________________________________________________________________________________________________________________________________________________________________________________________________________________________________________________________________________________________________________________________________________a%,5,1000,0,4075386,794654,798854.0,815077.2,814502.3600450249,876555,876555,798814.0,30.0,798.854,814.502,798.814
fftstr_abab_512_x1000,value,utf8,TwoWay2,static,full-scan,full-scan,wild_len336,%a______________________________________________________________________________________________________________________________________________________________________________________________________________________________________________________________________________________________________________________________________________a%,5,1000,0,4044329,799406,806776.0,808865.8,808822.0982116292,824135,824135,806746.0,30.0,806.776,808.822,806.746
fftstr_abab_512_x1000,value,utf8,TwoWay3,static,full-scan,full-scan,wild_len336,%a______________________________________________________________________________________________________________________________________________________________________________________________________________________________________________________________________________________________________________________________________________a%,5,1000,0,4039040,804286,808946.0,807808.0,807803.9805993609,810436,810436,808906.0,40.0,808.946,807.803,808.906
fftstr_abab_512_x1000,value,utf8,LibcMemmem,static,full-scan,full-scan,wild_len356,%a__________________________________________________________________________________________________________________________________________________________________________________________________________________________________________________________________________________________________________________________________________________________________a%,5,1000,0,4048237,803066,809841.0,809647.4,809638.6391188812,814690,814690,809821.0,30.0,809.841,809.638,809.821
fftstr_abab_512_x1000,value,utf8,TwoWay,static,full-scan,full-scan,wild_len312,%a______________________________________________________________________________________________________________________________________________________________________________________________________________________________________________________________________________________________________________________a%,5,1000,0,4060228,808056,811665.0,812045.6,812038.8135404557,817835,817835,811635.0,30.0,811.665,812.038,811.635
fftstr_abab_512_x1000,value,utf8,PairHorspool,static,full-scan,full-scan,wild_len352,%a______________________________________________________________________________________________________________________________________________________________________________________________________________________________________________________________________________________________________________________________________________________________a%,5,1000,0,4085195,812255,816925.0,817039.0,817033.6422287787,820747,820747,816905.0,29.0,816.925,817.033,816.905
fftstr_abab_512_x1000,value,utf8,TwoWay,static,full-scan,full-scan,wild_len316,%a__________________________________________________________________________________________________________________________________________________________________________________________________________________________________________________________________________________________________________________________a%,5,1000,0,4147954,793956,817576.0,829590.8,828837.871708104,880652,880652,817536.0,40.0,817.576,828.837,817.536
fftstr_abab_512_x1000,value,utf8,TwoWay2,static,full-scan,full-scan,wild_len332,%a__________________________________________________________________________________________________________________________________________________________________________________________________________________________________________________________________________________________________________________________________________a%,5,1000,0,4111322,811615,817746.0,822264.4,822202.8588002931,839271,839271,817706.0,40.0,817.746,822.202,817.706
fftstr_abab_512_x1000,value,utf8,StdSearch,static,full-scan,full-scan,wild_len420,%a__________________________________________________________________________________________________________________________________________________________________________________________________________________________________________________________________________________________________________________________________________________________________________________________________________________________________a%,5,1000,0,4116216,815186,824245.0,823243.2,823225.6615585831,831494,831494,824195.0,50.0,824.245,823.225,824.195
fftstr_abab_512_x1000,value,utf8,TwoWay3,static,full-scan,full-scan,wild_len332,%a__________________________________________________________________________________________________________________________________________________________________________________________________________________________________________________________________________________________________________________________________________a%,5,1000,0,4129133,821875,826134.0,825826.6,825818.7315505177,831394,831394,826094.0,30.0,826.134,825.818,826.094
fftstr_abab_512_x1000,value,utf8,TwoWay,static,full-scan,full-scan,wild_len308,%a__________________________________________________________________________________________________________________________________________________________________________________________________________________________________________________________________________________________________________________a%,5,1000,0,4164883,823935,834185.0,832976.6,832946.5419632941,841284,841284,834145.0,30.0,834.185,832.946,834.145
fftstr_abab_512_x1000,value,utf8,LibcMemmem,static,full-scan,full-scan,wild_len352,%a______________________________________________________________________________________________________________________________________________________________________________________________________________________________________________________________________________________________________________________________________________________________a%,5,1000,0,4164112,823700,834317.0,832822.4,832803.6204094237,839955,839955,834297.0,30.0,834.317,832.803,834.297
fftstr_abab_512_x1000,value,utf8,PairHorspool,static,full-scan,full-scan,wild_len348,%a__________________________________________________________________________________________________________________________________________________________________________________________________________________________________________________________________________________________________________________________________________________________a%,5,1000,0,4197878,835226,837220.0,839575.6,839564.0340599748,846859,846859,837180.0,39.0,837.22,839.564,837.18
fftstr_abab_512_x1000,value,utf8,TwoWay3,static,full-scan,full-scan,wild_len328,%a______________________________________________________________________________________________________________________________________________________________________________________________________________________________________________________________________________________________________________________________________a%,5,1000,0,4218310,839594,845514.0,843662.0,843655.7234427017,847344,847344,845484.0,30.0,845.514,843.655,845.484
fftstr_abab_512_x1000,value,utf8,LibcMemmem,static,full-scan,full-scan,wild_len348,%a__________________________________________________________________________________________________________________________________________________________________________________________________________________________________________________________________________________________________________________________________________________________a%,5,1000,0,4258537,843198,849335.0,851707.4,851644.8828204288,871596,871596,849305.0,30.0,849.335,851.644,849.305
fftstr_abab_512_x1000,value,utf8,TwoWay2,static,full-scan,full-scan,wild_len328,%a______________________________________________________________________________________________________________________________________________________________________________________________________________________________________________________________________________________________________________________________________a%,5,1000,0,4314960,845644,850824.0,862992.0,862628.935395812,912595,912595,850764.0,40.0,850.824,862.628,850.764
fftstr_abab_512_x1000,value,utf8,StdSearch,static,full-scan,full-scan,wild_len416,%a______________________________________________________________________________________________________________________________________________________________________________________________________________________________________________________________________________________________________________________________________________________________________________________________________________________________a%,5,1000,0,4259019,845025,854044.0,851803.8,851792.8409963791,856273,856273,854004.0,40.0,854.044,851.792,854.004
fftstr_abab_512_x1000,value,utf8,TwoWay,static,full-scan,full-scan,wild_len304,%a______________________________________________________________________________________________________________________________________________________________________________________________________________________________________________________________________________________________________________a%,5,1000,0,4345775,848834,856494.0,869155.0,868705.1997430646,924720,924720,856454.0,40.0,856.494,868.705,856.454
fftstr_abab_512_x1000,value,utf8,TwoWay,static,full-scan,full-scan,wild_len300,%a__________________________________________________________________________________________________________________________________________________________________________________________________________________________________________________________________________________________________________a%,5,1000,0,4304136,849364,861043.0,860827.2,860801.3155121626,867493,867493,860993.0,40.0,861.043,860.801,860.993
fftstr_abab_512_x1000,value,utf8,LibcMemmem,static,full-scan,full-scan,wild_len344,%a______________________________________________________________________________________________________________________________________________________________________________________________________________________________________________________________________________________________________________________________________________________a%,5,1000,0,4333404,863175,863474.0,866680.8,866669.4372895106,874290,874290,863444.0,40.0,863.474,866.669,863.444
fftstr_abab_512_x1000,value,utf8,TwoWay3,static,full-scan,full-scan,wild_len324,%a__________________________________________________________________________________________________________________________________________________________________________________________________________________________________________________________________________________________________________________________________a%,5,1000,0,4326734,861633,864113.0,865346.8,865337.9376130746,872832,872832,864093.0,30.0,864.113,865.337,864.093
fftstr_abab_512_x1000,value,utf8,TwoWay2,static,full-scan,full-scan,wild_len324,%a__________________________________________________________________________________________________________________________________________________________________________________________________________________________________________________________________________________________________________________________________a%,5,1000,0,4314534,856863,864273.0,862906.8,862899.2443216613,866603,866603,864223.0,40.0,864.273,862.899,864.223
fftstr_abab_512_x1000,value,utf8,PairHorspool,static,full-scan,full-scan,wild_len344,%a______________________________________________________________________________________________________________________________________________________________________________________________________________________________________________________________________________________________________________________________________________________a%,5,1000,0,4403848,851529,870748.0,880769.6,880391.9338335572,919950,919950,870718.0,30.0,870.748,880.391,870.718
fftstr_abab_512_x1000,value,utf8,PairHorspool,static,full-scan,full-scan,wild_len340,%a__________________________________________________________________________________________________________________________________________________________________________________________________________________________________________________________________________________________________________________________________________________a%,5,1000,0,4399686,870547,877892.0,879937.2,879902.7136489329,891402,891402,877852.0,40.0,877.892,879.902,877.852
fftstr_abab_512_x1000,value,utf8,TwoWay3,static,full-scan,full-scan,wild_len320,%a______________________________________________________________________________________________________________________________________________________________________________________________________________________________________________________________________________________________________________________________a%,5,1000,0,4414177,875172,879532.0,882835.4,882775.1967525528,903040,903040,879512.0,40.0,879.532,882.775,879.512
fftstr_abab_512_x1000,value,utf8,TwoWay2,static,full-scan,full-scan,wild_len320,%a______________________________________________________________________________________________________________________________________________________________________________________________________________________________________________________________________________________________________________________________a%,5,1000,0,4467135,875812,880372.0,893427.0,893087.3237273836,942568,942568,880322.0,40.0,880.372,893.087,880.322
fftstr_abab_512_x1000,value,utf8,LibcMemmem,static,full-scan,full-scan,wild_len340,%a__________________________________________________________________________________________________________________________________________________________________________________________________________________________________________________________________________________________________________________________________________________a%,5,1000,0,4449420,882722,888888.0,889884.0,889866.7831189302,897530,897530,888858.0,30.0,888.888,889.866,888.858
fftstr_abab_512_x1000,value,utf8,TwoWay,static,full-scan,full-scan,wild_len296,%a______________________________________________________________________________________________________________________________________________________________________________________________________________________________________________________________________________________________________a%,5,1000,0,4447928,876862,892321.0,889585.6,889562.3276835219,893892,893892,892291.0,30.0,892.321,889.562,892.291
fftstr_abab_512_x1000,value,utf8,PairHorspool,static,full-scan,full-scan,wild_len336,%a______________________________________________________________________________________________________________________________________________________________________________________________________________________________________________________________________________________________________________________________________________a%,5,1000,0,4487056,886044,897688.0,897411.2,897388.7273867083,904264,904264,897649.0,39.0,897.688,897.388,897.649
fftstr_abab_512_x1000,value,utf8,TwoWay3,static,full-scan,full-scan,wild_len316,%a__________________________________________________________________________________________________________________________________________________________________________________________________________________________________________________________________________________________________________________________a%,5,1000,0,4503194,893281,899521.0,900638.8,900601.881031359,915650,915650,899481.0,40.0,899.521,900.601,899.481
fftstr_abab_512_x1000,value,utf8,TwoWay2,static,full-scan,full-scan,wild_len316,%a__________________________________________________________________________________________________________________________________________________________________________________________________________________________________________________________________________________________________________________________a%,5,1000,0,4590529,897341,899911.0,918105.8,917594.6528887853,978716,978716,899891.0,30.0,899.911,917.594,899.891
fftstr_abab_512_x1000,value,utf8,TwoWay,static,full-scan,full-scan,wild_len288,%a______________________________________________________________________________________________________________________________________________________________________________________________________________________________________________________________________________________________a%,5,1000,0,4540422,902490,907240.0,908084.4,908068.2146581385,918320,918320,907200.0,30.0,907.24,908.068,907.2
fftstr_abab_512_x1000,value,utf8,LibcMemmem,static,full-scan,full-scan,wild_len336,%a______________________________________________________________________________________________________________________________________________________________________________________________________________________________________________________________________________________________________________________________________________a%,5,1000,0,4540502,903846,908525.0,908100.4,908093.2573842701,912886,912886,908485.0,40.0,908.525,908.093,908.485
fftstr_abab_512_x1000,value,utf8,StdSearch,static,full-scan,full-scan,wild_len412,%a__________________________________________________________________________________________________________________________________________________________________________________________________________________________________________________________________________________________________________________________________________________________________________________________________________________________a%,5,1000,0,4556373,896331,908571.0,911274.6,911193.4484408865,930260,930260,908521.0,70.0,908.571,911.193,908.521
fftstr_abab_512_x1000,value,utf8,TwoWay,static,full-scan,full-scan,wild_len292,%a__________________________________________________________________________________________________________________________________________________________________________________________________________________________________________________________________________________________________a%,5,1000,0,4662816,895031,918010.0,932563.2,931605.1334477235,1016755,1016755,917970.0,40.0,918.01,931.605,917.97
fftstr_abab_512_x1000,value,utf8,TwoWay2,static,full-scan,full-scan,wild_len312,%a______________________________________________________________________________________________________________________________________________________________________________________________________________________________________________________________________________________________________________________a%,5,1000,0,4593419,911380,919170.0,918683.8,918671.8334783496,926069,926069,919130.0,40.0,919.17,918.671,919.13
fftstr_abab_512_x1000,value,utf8,PairHorspool,static,full-scan,full-scan,wild_len332,%a__________________________________________________________________________________________________________________________________________________________________________________________________________________________________________________________________________________________________________________________________________a%,5,1000,0,4704740,913494,919711.0,940948.0,940452.914408604,991773,991773,919681.0,30.0,919.711,940.452,919.681
fftstr_abab_512_x1000,value,utf8,TwoWay3,static,full-scan,full-scan,wild_len312,%a______________________________________________________________________________________________________________________________________________________________________________________________________________________________________________________________________________________________________________________a%,5,1000,0,4667855,911150,926909.0,933571.0,933308.7865324181,975497,975497,926869.0,40.0,926.909,933.308,926.869
fftstr_abab_512_x1000,value,utf8,TwoWay,static,full-scan,full-scan,wild_len284,%a__________________________________________________________________________________________________________________________________________________________________________________________________________________________________________________________________________________________a%,5,1000,0,4634427,917310,927039.0,926885.4,926842.1617609704,942469,942469,927009.0,30.0,927.039,926.842,927.009
fftstr_abab_512_x1000,value,utf8,PairHorspool,static,full-scan,full-scan,wild_len328,%a______________________________________________________________________________________________________________________________________________________________________________________________________________________________________________________________________________________________________________________________________a%,5,1000,0,4662286,924400,930927.0,932457.2,932438.9192407782,942012,942012,930887.0,30.0,930.927,932.438,930.887
fftstr_abab_512_x1000,value,utf8,LibcMemmem,static,full-scan,full-scan,wild_len332,%a__________________________________________________________________________________________________________________________________________________________________________________________________________________________________________________________________________________________________________________________________________a%,5,1000,0,4662605,930298,930966.0,932521.0,932515.6521413191,938769,938769,930926.0,30.0,930.966,932.515,930.926
fftstr_abab_512_x1000,value,utf8,TwoWay3,static,full-scan,full-scan,wild_len308,%a__________________________________________________________________________________________________________________________________________________________________________________________________________________________________________________________________________________________________________________a%,5,1000,0,4667414,928739,932479.0,933482.8,933470.053202364,941898,941898,932449.0,40.0,932.479,933.47,932.449
fftstr_abab_512_x1000,value,utf8,StdSearch,static,full-scan,full-scan,wild_len408,%a______________________________________________________________________________________________________________________________________________________________________________________________________________________________________________________________________________________________________________________________________________________________________________________________________________________a%,5,1000,0,4695715,922080,938559.0,939143.0,939065.0902261971,956498,956498,938519.0,40.0,938.559,939.065,938.519
fftstr_abab_512_x1000,value,utf8,TwoWay2,static,full-scan,full-scan,wild_len308,%a__________________________________________________________________________________________________________________________________________________________________________________________________________________________________________________________________________________________________________________a%,5,1000,0,4721722,930419,942639.0,944344.4,944271.6524792407,964407,964407,942569.0,30.0,942.639,944.271,942.569
fftstr_abab_512_x1000,value,utf8,StdSearch,static,full-scan,full-scan,wild_len404,%a__________________________________________________________________________________________________________________________________________________________________________________________________________________________________________________________________________________________________________________________________________________________________________________________________________________a%,5,1000,0,4743211,941468,948578.0,948642.2,948622.7835493649,959418,959418,948548.0,30.0,948.578,948.622,948.548
fftstr_abab_512_x1000,value,utf8,LibcMemmem,static,full-scan,full-scan,wild_len328,%a______________________________________________________________________________________________________________________________________________________________________________________________________________________________________________________________________________________________________________________________________a%,5,1000,0,4786226,942731,948917.0,957245.2,957040.9945096343,996065,996065,948877.0,40.0,948.917,957.04,948.877
fftstr_abab_512_x1000,value,utf8,TwoWay,static,full-scan,full-scan,wild_len276,%a__________________________________________________________________________________________________________________________________________________________________________________________________________________________________________________________________________________a%,5,1000,0,4792789,951998,956668.0,958557.8,958536.9536740559,969667,969667,956648.0,40.0,956.668,958.536,956.648
fftstr_abab_512_x1000,value,utf8,PairHorspool,static,full-scan,full-scan,wild_len324,%a__________________________________________________________________________________________________________________________________________________________________________________________________________________________________________________________________________________________________________________________________a%,5,1000,0,4808296,947879,957059.0,961659.2,961493.2400155574,996763,996763,956979.0,50.0,957.059,961.493,956.979
fftstr_abab_512_x1000,value,utf8,TwoWay2,static,full-scan,full-scan,wild_len304,%a______________________________________________________________________________________________________________________________________________________________________________________________________________________________________________________________________________________________________________a%,5,1000,0,4786469,950998,957348.0,957293.8,957285.3762051095,962018,962018,957308.0,30.0,957.348,957.285,957.308
fftstr_abab_512_x1000,value,utf8,TwoWay3,static,full-scan,full-scan,wild_len304,%a______________________________________________________________________________________________________________________________________________________________________________________________________________________________________________________________________________________________________________a%,5,1000,0,4802547,951878,959177.0,960509.4,960469.740133874,975617,975617,959137.0,30.0,959.177,960.469,959.137
fftstr_abab_512_x1000,value,utf8,TwoWay,static,full-scan,full-scan,wild_len280,%a______________________________________________________________________________________________________________________________________________________________________________________________________________________________________________________________________________________a%,5,1000,0,4921391,936899,961467.0,984278.2,983175.8049518261,1070521,1070521,961437.0,30.0,961.467,983.175,961.437
fftstr_abab_512_x1000,value,utf8,LibcMemmem,static,full-scan,full-scan,wild_len324,%a__________________________________________________________________________________________________________________________________________________________________________________________________________________________________________________________________________________________________________________________________a%,5,1000,0,4845974,966638,968784.0,969194.8,969192.6096901793,972705,972705,968744.0,40.0,968.784,969.192,968.744
fftstr_abab_512_x1000,value,utf8,PairHorspool,static,full-scan,full-scan,wild_len320,%a______________________________________________________________________________________________________________________________________________________________________________________________________________________________________________________________________________________________________________________________a%,5,1000,0,4908357,969812,970818.0,981671.4,981459.8920615616,1022666,1022666,970779.0,39.0,970.818,981.459,970.779
fftstr_abab_512_x1000,value,utf8,TwoWay3,static,full-scan,full-scan,wild_len300,%a__________________________________________________________________________________________________________________________________________________________________________________________________________________________________________________________________________________________________________a%,5,1000,0,4876104,964367,973837.0,975220.8,975183.9640660157,989316,989316,973797.0,40.0,973.837,975.183,973.797
fftstr_abab_512_x1000,value,utf8,StdSearch,static,full-scan,full-scan,wild_len400,%a______________________________________________________________________________________________________________________________________________________________________________________________________________________________________________________________________________________________________________________________________________________________________________________________________________a%,5,1000,0,4956289,973887,975737.0,991257.8,990870.262572802,1046682,1046682,975697.0,40.0,975.737,990.87,975.697
fftstr_abab_512_x1000,value,utf8,TwoWay,static,full-scan,full-scan,wild_len272,%a______________________________________________________________________________________________________________________________________________________________________________________________________________________________________________________________________________a%,5,1000,0,4910133,972087,977497.0,982026.6,981942.3742375206,1007495,1007495,977457.0,30.0,977.497,981.942,977.457
fftstr_abab_512_x1000,value,utf8,TwoWay2,static,full-scan,full-scan,wild_len300,%a__________________________________________________________________________________________________________________________________________________________________________________________________________________________________________________________________________________________________________a%,5,1000,0,4948370,974237,978017.0,989674.0,989400.996350319,1036033,1036033,977987.0,40.0,978.017,989.4,977.987
fftstr_abab_512_x1000,value,utf8,TwoWay,static,full-scan,full-scan,wild_len268,%a__________________________________________________________________________________________________________________________________________________________________________________________________________________________________________________________________________a%,5,1000,0,5003978,985997,987856.0,1000795.6,1000485.975900582,1050962,1050962,987826.0,30.0,987.856,1000.485,987.826
fftstr_abab_512_x1000,value,utf8,PairHorspool,static,full-scan,full-scan,wild_len316,%a__________________________________________________________________________________________________________________________________________________________________________________________________________________________________________________________________________________________________________________________a%,5,1000,0,4944348,978492,988530.0,988869.6,988850.5369418786,996593,996593,988500.0,30.0,988.53,988.85,988.5
fftstr_abab_512_x1000,value,utf8,TwoWay3,static,full-scan,full-scan,wild_len296,%a______________________________________________________________________________________________________________________________________________________________________________________________________________________________________________________________________________________________________a%,5,1000,0,4960249,977016,989106.0,992049.8,991983.8430399144,1005515,1005515,989076.0,40.0,989.106,991.983,989.076
fftstr_abab_512_x1000,value,utf8,LibcMemmem,static,full-scan,full-scan,wild_len320,%a______________________________________________________________________________________________________________________________________________________________________________________________________________________________________________________________________________________________________________________________a%,5,1000,0,4971839,987473,993380.0,994367.8,994343.3457978404,1006172,1006172,993360.0,40.0,993.38,994.343,993.36
fftstr_abab_512_x1000,value,utf8,TwoWay2,static,full-scan,full-scan,wild_len296,%a______________________________________________________________________________________________________________________________________________________________________________________________________________________________________________________________________________________________________a%,5,1000,0,5052834,987686,994685.0,1010566.8,1010083.0215870547,1073322,1073322,994655.0,30.0,994.685,1010.083,994.655
fftstr_abab_512_x1000,value,utf8,TwoWay,static,full-scan,full-scan,wild_len264,%a______________________________________________________________________________________________________________________________________________________________________________________________________________________________________________________________________a%,5,1000,0,5012718,995726,1004466.0,1002543.6,1002529.8645745645,1010025,1010025,1004416.0,40.0,1004.466,1002.529,1004.416
fftstr_abab_512_x1000,value,utf8,TwoWay2,static,full-scan,full-scan,wild_len292,%a__________________________________________________________________________________________________________________________________________________________________________________________________________________________________________________________________________________________________a%,5,1000,0,5065023,1007275,1013465.0,1013004.6,1012994.1650075184,1020344,1020344,1013425.0,50.0,1013.465,1012.994,1013.425
fftstr_abab_512_x1000,value,utf8,StdSearch,static,full-scan,full-scan,wild_len396,%a__________________________________________________________________________________________________________________________________________________________________________________________________________________________________________________________________________________________________________________________________________________________________________________________________________a%,5,1000,0,5151951,1005786,1017734.0,1030390.2,1029844.8880715076,1097071,1097071,1017614.0,40.0,1017.734,1029.844,1017.614
fftstr_abab_512_x1000,value,utf8,TwoWay3,static,full-scan,full-scan,wild_len288,%a______________________________________________________________________________________________________________________________________________________________________________________________________________________________________________________________________________________________a%,5,1000,0,5122159,1014175,1018444.0,1024431.8,1024386.5007782422,1038833,1038833,1018404.0,30.0,1018.444,1024.386,1018.404
fftstr_abab_512_x1000,value,utf8,LibcMemmem,static,full-scan,full-scan,wild_len316,%a__________________________________________________________________________________________________________________________________________________________________________________________________________________________________________________________________________________________________________________________a%,5,1000,0,5119647,1007809,1018904.0,1023929.4,1023816.1465547689,1043780,1043780,1018864.0,30.0,1018.904,1023.816,1018.864
fftstr_abab_512_x1000,value,utf8,TwoWay3,static,full-scan,full-scan,wild_len292,%a__________________________________________________________________________________________________________________________________________________________________________________________________________________________________________________________________________________________________a%,5,1000,0,5103832,1000085,1021005.0,1020766.4,1020562.5224929104,1056742,1056742,1020965.0,40.0,1021.005,1020.562,1020.965
fftstr_abab_512_x1000,value,utf8,LibcMemmem,static,full-scan,full-scan,wild_len312,%a______________________________________________________________________________________________________________________________________________________________________________________________________________________________________________________________________________________________________________________a%,5,1000,0,5141598,1022107,1028673.0,1028319.6,1028310.7226390468,1035338,1035338,1028653.0,39.0,1028.673,1028.31,1028.653
fftstr_abab_512_x1000,value,utf8,TwoWay,static,full-scan,full-scan,wild_len260,%a__________________________________________________________________________________________________________________________________________________________________________________________________________________________________________________________________a%,5,1000,0,5210827,1010315,1030064.0,1042165.4,1041711.6619278969,1084871,1084871,1030024.0,40.0,1030.064,1041.711,1030.024
fftstr_abab_512_x1000,value,utf8,PairHorspool,static,full-scan,full-scan,wild_len312,%a______________________________________________________________________________________________________________________________________________________________________________________________________________________________________________________________________________________________________________________a%,5,1000,0,5173646,1008846,1030688.0,1034729.2,1034594.5458894362,1058058,1058058,1030648.0,30.0,1030.688,1034.594,1030.648
fftstr_abab_512_x1000,value,utf8,TwoWay2,static,full-scan,full-scan,wild_len288,%a______________________________________________________________________________________________________________________________________________________________________________________________________________________________________________________________________________________________a%,5,1000,0,5202716,1031544,1033064.0,1040543.2,1040421.2101504125,1072601,1072601,1033004.0,40.0,1033.064,1040.421,1033.004
fftstr_abab_512_x1000,value,utf8,TwoWay,static,full-scan,full-scan,wild_len256,%a______________________________________________________________________________________________________________________________________________________________________________________________________________________________________________________________a%,5,1000,0,5170818,1022774,1033563.0,1034163.6,1034127.7738825507,1045903,1045903,1033503.0,30.0,1033.563,1034.127,1033.503
fftstr_abab_512_x1000,value,utf8,PairHorspool,static,full-scan,full-scan,wild_len308,%a__________________________________________________________________________________________________________________________________________________________________________________________________________________________________________________________________________________________________________________a%,5,1000,0,5168598,1023324,1035877.0,1033719.6,1033693.1077521356,1043371,1043371,1035847.0,30.0,1035.877,1033.693,1035.847
fftstr_abab_512_x1000,value,utf8,TwoWay2,static,full-scan,full-scan,wild_len284,%a__________________________________________________________________________________________________________________________________________________________________________________________________________________________________________________________________________________________a%,5,1000,0,5234194,1042743,1045723.0,1046838.8,1046834.3152850361,1051042,1051042,1045683.0,40.0,1045.723,1046.834,1045.683
fftstr_abab_512_x1000,value,utf8,StdSearch,static,full-scan,full-scan,wild_len392,%a______________________________________________________________________________________________________________________________________________________________________________________________________________________________________________________________________________________________________________________________________________________________________________________________________a%,5,1000,0,5297692,1043293,1046703.0,1059538.4,1059275.1662262063,1106690,1106690,1046673.0,40.0,1046.703,1059.275,1046.673
fftstr_abab_512_x1000,value,utf8,LibcMemmem,static,full-scan,full-scan,wild_len308,%a__________________________________________________________________________________________________________________________________________________________________________________________________________________________________________________________________________________________________________________a%,5,1000,0,5268072,1042543,1048948.0,1053614.4,1053568.2222169738,1071240,1071240,1048928.0,40.0,1048.948,1053.568,1048.928
fftstr_abab_512_x1000,value,utf8,PairHorspool,static,full-scan,full-scan,wild_len304,%a______________________________________________________________________________________________________________________________________________________________________________________________________________________________________________________________________________________________________________a%,5,1000,0,5307356,1041106,1057580.0,1061471.2,1061343.9113500838,1091126,1091126,1057560.0,30.0,1057.58,1061.343,1057.56
fftstr_abab_512_x1000,value,utf8,TwoWay,static,full-scan,full-scan,wild_len252,%a__________________________________________________________________________________________________________________________________________________________________________________________________________________________________________________________a%,5,1000,0,5312140,1046823,1061332.0,1062428.0,1062373.478479338,1079091,1079091,1061302.0,40.0,1061.332,1062.373,1061.302
fftstr_abab_512_x1000,value,utf8,TwoWay2,static,full-scan,full-scan,wild_len280,%a______________________________________________________________________________________________________________________________________________________________________________________________________________________________________________________________________________________a%,5,1000,0,5356339,1059453,1063602.0,1071267.8,1071168.8732455843,1099530,1099530,1063582.0,30.0,1063.602,1071.168,1063.582
fftstr_abab_512_x1000,value,utf8,TwoWay3,static,full-scan,full-scan,wild_len284,%a__________________________________________________________________________________________________________________________________________________________________________________________________________________________________________________________________________________________a%,5,1000,0,5313221,1051522,1063632.0,1062644.2,1062612.145746075,1075852,1075852,1063582.0,40.0,1063.632,1062.612,1063.582
fftstr_abab_512_x1000,value,utf8,LibcMemmem,static,full-scan,full-scan,wild_len304,%a______________________________________________________________________________________________________________________________________________________________________________________________________________________________________________________________________________________________________________a%,5,1000,0,5330165,1062649,1066600.0,1066033.0,1066029.1621533015,1069543,1069543,1066560.0,40.0,1066.6,1066.029,1066.56
fftstr_abab_512_x1000,value,utf8,TwoWay,static,full-scan,full-scan,wild_len248,%a______________________________________________________________________________________________________________________________________________________________________________________________________________________________________________________a%,5,1000,0,5399426,1058252,1068942.0,1079885.2,1079594.6369067584,1128998,1128998,1068922.0,30.0,1068.942,1079.594,1068.922
fftstr_abab_512_x1000,value,utf8,TwoWay,static,full-scan,full-scan,wild_len244,%a__________________________________________________________________________________________________________________________________________________________________________________________________________________________________________________a%,5,1000,0,5424375,1077622,1083591.0,1084875.0,1084855.5101911384,1093660,1093660,1083571.0,30.0,1083.591,1084.855,1083.571
fftstr_abab_512_x1000,value,utf8,PairHorspool,static,full-scan,full-scan,wild_len300,%a__________________________________________________________________________________________________________________________________________________________________________________________________________________________________________________________________________________________________________a%,5,1000,0,5467995,1070681,1084541.0,1093599.0,1093212.0475279116,1151554,1151554,1084501.0,40.0,1084.541,1093.212,1084.501
fftstr_abab_512_x1000,value,utf8,TwoWay3,static,full-scan,full-scan,wild_len280,%a______________________________________________________________________________________________________________________________________________________________________________________________________________________________________________________________________________________a%,5,1000,0,5504597,1065902,1086420.0,1100919.4,1100112.9297377246,1183365,1183365,1086400.0,30.0,1086.42,1100.112,1086.4
fftstr_abab_512_x1000,value,utf8,PairHorspool,static,full-scan,full-scan,wild_len296,%a______________________________________________________________________________________________________________________________________________________________________________________________________________________________________________________________________________________________________a%,5,1000,0,5442619,1079880,1087235.0,1088523.8,1088509.8659962737,1096205,1096205,1087195.0,40.0,1087.235,1088.509,1087.195
fftstr_abab_512_x1000,value,utf8,LibcMemmem,static,full-scan,full-scan,wild_len300,%a__________________________________________________________________________________________________________________________________________________________________________________________________________________________________________________________________________________________________________a%,5,1000,0,5446611,1087175,1088452.0,1089322.2,1089320.6253086305,1092005,1092005,1088422.0,30.0,1088.452,1089.32,1088.422
fftstr_abab_512_x1000,value,utf8,TwoWay2,static,full-scan,full-scan,wild_len276,%a__________________________________________________________________________________________________________________________________________________________________________________________________________________________________________________________________________________a%,5,1000,0,5484070,1076471,1090190.0,1096814.0,1096653.9910365166,1132219,1132219,1090150.0,40.0,1090.19,1096.653,1090.15
fftstr_abab_512_x1000,value,utf8,TwoWay3,static,full-scan,full-scan,wild_len276,%a__________________________________________________________________________________________________________________________________________________________________________________________________________________________________________________________________________________a%,5,1000,0,5511338,1094380,1097310.0,1102267.6,1102234.6336395605,1115549,1115549,1097270.0,40.0,1097.31,1102.234,1097.27
fftstr_abab_512_x1000,value,utf8,TwoWay2,static,full-scan,full-scan,wild_len272,%a______________________________________________________________________________________________________________________________________________________________________________________________________________________________________________________________________________a%,5,1000,0,5539266,1097940,1103189.0,1107853.2,1107781.3878279899,1132918,1132918,1103149.0,40.0,1103.189,1107.781,1103.149
fftstr_abab_512_x1000,value,utf8,TwoWay,static,full-scan,full-scan,wild_len240,%a______________________________________________________________________________________________________________________________________________________________________________________________________________________________________________a%,5,1000,0,5561976,1088660,1105740.0,1112395.2,1112112.817602965,1160327,1160327,1105700.0,40.0,1105.74,1112.112,1105.7
fftstr_abab_512_x1000,value,utf8,TwoWay3,static,full-scan,full-scan,wild_len268,%a__________________________________________________________________________________________________________________________________________________________________________________________________________________________________________________________________________a%,5,1000,0,5562945,1106649,1112209.0,1112589.0,1112576.1296028895,1120609,1120609,1112179.0,30.0,1112.209,1112.576,1112.179
fftstr_abab_512_x1000,value,utf8,StdSearch,static,full-scan,full-scan,wild_len384,%a______________________________________________________________________________________________________________________________________________________________________________________________________________________________________________________________________________________________________________________________________________________________________________________________a%,5,1000,0,5563486,1101760,1114829.0,1112697.2,1112671.6369407857,1123149,1123149,1114799.0,30.0,1114.829,1112.671,1114.799
fftstr_abab_512_x1000,value,utf8,StdSearch,static,full-scan,full-scan,wild_len388,%a__________________________________________________________________________________________________________________________________________________________________________________________________________________________________________________________________________________________________________________________________________________________________________________________________a%,5,1000,0,5572706,1080141,1114969.0,1114541.2,1114237.518925646,1157667,1157667,1114949.0,40.0,1114.969,1114.237,1114.949
fftstr_abab_512_x1000,value,utf8,PairHorspool,static,full-scan,full-scan,wild_len292,%a__________________________________________________________________________________________________________________________________________________________________________________________________________________________________________________________________________________________________a%,5,1000,0,5629204,1104827,1117968.0,1125840.8,1125561.4579374269,1175053,1175053,1117868.0,50.0,1117.968,1125.561,1117.868
fftstr_abab_512_x1000,value,utf8,TwoWay,static,full-scan,full-scan,wild_len236,%a__________________________________________________________________________________________________________________________________________________________________________________________________________________________________________a%,5,1000,0,5610714,1107639,1125169.0,1122142.8,1122114.926335401,1129088,1129088,1125129.0,30.0,1125.169,1122.114,1125.129
fftstr_abab_512_x1000,value,utf8,LibcMemmem,static,full-scan,full-scan,wild_len292,%a__________________________________________________________________________________________________________________________________________________________________________________________________________________________________________________________________________________________________a%,5,1000,0,5649909,1121860,1129363.0,1129981.8,1129971.2228515455,1135649,1135649,1129303.0,40.0,1129.363,1129.971,1129.303
fftstr_abab_512_x1000,value,utf8,PairHorspool,static,full-scan,full-scan,wild_len288,%a______________________________________________________________________________________________________________________________________________________________________________________________________________________________________________________________________________________________a%,5,1000,0,5640919,1117250,1130371.0,1128183.8,1128149.2927065345,1142235,1142235,1130341.0,30.0,1130.371,1128.149,1130.341
fftstr_abab_512_x1000,value,utf8,TwoWay2,static,full-scan,full-scan,wild_len268,%a__________________________________________________________________________________________________________________________________________________________________________________________________________________________________________________________________________a%,5,1000,0,6330144,1128968,1131519.0,1266028.8,1242462.266046899,1800372,1800372,1131479.0,40.0,1131.519,1242.462,1131.479
fftstr_abab_512_x1000,value,utf8,LibcMemmem,static,full-scan,full-scan,wild_len296,%a______________________________________________________________________________________________________________________________________________________________________________________________________________________________________________________________________________________________________a%,5,1000,0,5654369,1114276,1132187.0,1130873.8,1130827.0367991664,1146406,1146406,1132147.0,40.0,1132.187,1130.827,1132.147
fftstr_abab_512_x1000,value,utf8,TwoWay3,static,full-scan,full-scan,wild_len264,%a______________________________________________________________________________________________________________________________________________________________________________________________________________________________________________________________________a%,5,1000,0,5736615,1130178,1141997.0,1147323.0,1147134.0042756568,1187305,1187305,1141957.0,30.0,1141.997,1147.134,1141.957
fftstr_abab_512_x1000,value,utf8,TwoWay,static,full-scan,full-scan,wild_len232,%a______________________________________________________________________________________________________________________________________________________________________________________________________________________________________a%,5,1000,0,5803393,1143078,1146777.0,1160678.6,1160526.014538588,1187986,1187986,1146747.0,30.0,1146.777,1160.526,1146.747
fftstr_abab_512_x1000,value,utf8,TwoWay3,static,full-scan,full-scan,wild_len260,%a__________________________________________________________________________________________________________________________________________________________________________________________________________________________________________________________________a%,5,1000,0,5738216,1142088,1147737.0,1147643.2,1147632.6783579383,1154176,1154176,1147717.0,30.0,1147.737,1147.632,1147.717
fftstr_abab_512_x1000,value,utf8,TwoWay,static,full-scan,full-scan,wild_len228,%a__________________________________________________________________________________________________________________________________________________________________________________________________________________________________a%,5,1000,0,5753207,1140138,1151437.0,1150641.4,1150621.744788378,1161177,1161177,1151417.0,30.0,1151.437,1150.621,1151.417
fftstr_abab_512_x1000,value,utf8,TwoWay3,static,full-scan,full-scan,wild_len272,%a______________________________________________________________________________________________________________________________________________________________________________________________________________________________________________________________________________a%,5,1000,0,5813383,1103309,1156497.0,1162676.6,1162002.994544103,1211084,1211084,1156447.0,40.0,1156.497,1162.002,1156.447
fftstr_abab_512_x1000,value,utf8,LibcMemmem,static,full-scan,full-scan,wild_len288,%a______________________________________________________________________________________________________________________________________________________________________________________________________________________________________________________________________________________________a%,5,1000,0,5798553,1148801,1156883.0,1159710.6,1159664.859145935,1171900,1171900,1156853.0,40.0,1156.883,1159.664,1156.853
fftstr_abab_512_x1000,value,utf8,StdSearch,static,full-scan,full-scan,wild_len380,%a__________________________________________________________________________________________________________________________________________________________________________________________________________________________________________________________________________________________________________________________________________________________________________________________a%,5,1000,0,5803563,1149088,1157807.0,1160712.6,1160681.5433419538,1174655,1174655,1157777.0,40.0,1157.807,1160.681,1157.777
fftstr_abab_512_x1000,value,utf8,TwoWay,static,full-scan,full-scan,wild_len224,%a______________________________________________________________________________________________________________________________________________________________________________________________________________________________a%,5,1000,0,5880710,1155267,1161307.0,1176142.0,1175935.1967751787,1210414,1210414,1161217.0,50.0,1161.307,1175.935,1161.217
fftstr_abab_512_x1000,value,utf8,LibcMemmem,static,full-scan,full-scan,wild_len284,%a__________________________________________________________________________________________________________________________________________________________________________________________________________________________________________________________________________________________a%,5,1000,0,5847676,1162012,1169754.0,1169535.2,1169513.854415599,1180700,1180700,1169704.0,40.0,1169.754,1169.513,1169.704
fftstr_abab_512_x1000,value,utf8,TwoWay2,static,full-scan,full-scan,wild_len256,%a______________________________________________________________________________________________________________________________________________________________________________________________________________________________________________________________a%,5,1000,0,6618627,1168256,1170636.0,1323725.4,1294202.879783491,1940153,1940153,1170586.0,50.0,1170.636,1294.202,1170.586
fftstr_abab_512_x1000,value,utf8,TwoWay3,static,full-scan,full-scan,wild_len256,%a______________________________________________________________________________________________________________________________________________________________________________________________________________________________________________________________a%,5,1000,0,5879159,1158577,1176796.0,1175831.8,1175775.1952163356,1191875,1191875,1176766.0,30.0,1176.796,1175.775,1176.766
fftstr_abab_512_x1000,value,utf8,TwoWay3,static,full-scan,full-scan,wild_len252,%a__________________________________________________________________________________________________________________________________________________________________________________________________________________________________________________________a%,5,1000,0,5944866,1177646,1183545.0,1188973.2,1188909.4884935902,1212913,1212913,1183515.0,30.0,1183.545,1188.909,1183.515
fftstr_abab_512_x1000,value,utf8,TwoWay,static,full-scan,full-scan,wild_len220,%a__________________________________________________________________________________________________________________________________________________________________________________________________________________________a%,5,1000,0,5925407,1178896,1183916.0,1185081.4,1185070.554609818,1191045,1191045,1183876.0,40.0,1183.916,1185.07,1183.876
fftstr_abab_512_x1000,value,utf8,TwoWay2,static,full-scan,full-scan,wild_len252,%a__________________________________________________________________________________________________________________________________________________________________________________________________________________________________________________________a%,5,1000,0,5934656,1175676,1189235.0,1186931.2,1186914.1515436792,1193665,1193665,1189205.0,30.0,1189.235,1186.914,1189.205
fftstr_abab_512_x1000,value,utf8,StdSearch,static,full-scan,full-scan,wild_len376,%a______________________________________________________________________________________________________________________________________________________________________________________________________________________________________________________________________________________________________________________________________________________________________________________a%,5,1000,0,5934756,1178675,1189315.0,1186951.2,1186943.0947933968,1190256,1190256,1189275.0,40.0,1189.315,1186.943,1189.275
fftstr_abab_512_x1000,value,utf8,TwoWay,static,full-scan,full-scan,wild_len216,%a______________________________________________________________________________________________________________________________________________________________________________________________________________________a%,5,1000,0,6049549,1191525,1196054.0,1209909.8,1209552.9081933422,1269221,1269221,1196024.0,40.0,1196.054,1209.552,1196.024
fftstr_abab_512_x1000,value,utf8,TwoWay3,static,full-scan,full-scan,wild_len248,%a______________________________________________________________________________________________________________________________________________________________________________________________________________________________________________________a%,5,1000,0,6047840,1195844,1201915.0,1209568.0,1209453.6550467417,1242372,1242372,1201875.0,40.0,1201.915,1209.453,1201.875
fftstr_abab_512_x1000,value,utf8,PairHorspool,static,full-scan,full-scan,wild_len280,%a______________________________________________________________________________________________________________________________________________________________________________________________________________________________________________________________________________________a%,5,1000,0,6016367,1198253,1202313.0,1203273.4,1203266.2634909176,1210177,1210177,1202243.0,40.0,1202.313,1203.266,1202.243
fftstr_abab_512_x1000,value,utf8,LibcMemmem,static,full-scan,full-scan,wild_len280,%a______________________________________________________________________________________________________________________________________________________________________________________________________________________________________________________________________________________a%,5,1000,0,6059154,1185301,1205218.0,1211830.8,1211600.1636279495,1256435,1256435,1205168.0,39.0,1205.218,1211.6,1205.168
fftstr_abab_512_x1000,value,utf8,TwoWay2,static,full-scan,full-scan,wild_len248,%a______________________________________________________________________________________________________________________________________________________________________________________________________________________________________________________a%,5,1000,0,6103206,1200154,1209834.0,1220641.2,1220421.0046841046,1265131,1265131,1209804.0,30.0,1209.834,1220.421,1209.804
fftstr_abab_512_x1000,value,utf8,LibcMemmem,static,full-scan,full-scan,wild_len276,%a__________________________________________________________________________________________________________________________________________________________________________________________________________________________________________________________________________________a%,5,1000,0,6053168,1203531,1210246.0,1210633.6,1210619.862854944,1217182,1217182,1210226.0,40.0,1210.246,1210.619,1210.226
fftstr_abab_512_x1000,value,utf8,TwoWay,static,full-scan,full-scan,wild_len212,%a__________________________________________________________________________________________________________________________________________________________________________________________________________________a%,5,1000,0,6181273,1206234,1216063.0,1236254.6,1235500.2280680174,1323428,1323428,1216033.0,30.0,1216.063,1235.5,1216.033
fftstr_abab_512_x1000,value,utf8,StdSearch,static,full-scan,full-scan,wild_len372,%a__________________________________________________________________________________________________________________________________________________________________________________________________________________________________________________________________________________________________________________________________________________________________________________a%,5,1000,0,6155515,1211594,1223733.0,1231103.0,1230918.8254816353,1272971,1272971,1223693.0,40.0,1223.733,1230.918,1223.693
fftstr_abab_512_x1000,value,utf8,TwoWay3,static,full-scan,full-scan,wild_len244,%a__________________________________________________________________________________________________________________________________________________________________________________________________________________________________________________a%,5,1000,0,6141133,1218633,1229983.0,1228226.6,1228199.4681541945,1240882,1240882,1229943.0,30.0,1229.983,1228.199,1229.943
fftstr_abab_512_x1000,value,utf8,PairHorspool,static,full-scan,full-scan,wild_len276,%a__________________________________________________________________________________________________________________________________________________________________________________________________________________________________________________________________________________a%,5,1000,0,6161739,1215724,1230113.0,1232347.8,1232287.6139659889,1249051,1249051,1229863.0,40.0,1230.113,1232.287,1229.863
fftstr_abab_512_x1000,value,utf8,TwoWay,static,full-scan,full-scan,wild_len208,%a______________________________________________________________________________________________________________________________________________________________________________________________________________a%,5,1000,0,6167923,1219653,1231073.0,1233584.6,1233484.0417534567,1263841,1263841,1231053.0,30.0,1231.073,1233.484,1231.053
fftstr_abab_512_x1000,value,utf8,LibcMemmem,static,full-scan,full-scan,wild_len272,%a______________________________________________________________________________________________________________________________________________________________________________________________________________________________________________________________________________a%,5,1000,0,6183542,1223158,1233047.0,1236708.4,1236604.2874793366,1267551,1267551,1233027.0,30.0,1233.047,1236.604,1233.027
fftstr_abab_512_x1000,value,utf8,TwoWay3,static,full-scan,full-scan,wild_len240,%a______________________________________________________________________________________________________________________________________________________________________________________________________________________________________________a%,5,1000,0,6188741,1229753,1236842.0,1237748.2,1237735.4097074012,1246282,1246282,1236822.0,30.0,1236.842,1237.735,1236.822
fftstr_abab_512_x1000,value,utf8,TwoWay2,static,full-scan,full-scan,wild_len244,%a__________________________________________________________________________________________________________________________________________________________________________________________________________________________________________________a%,5,1000,0,6251370,1224193,1239353.0,1250274.0,1249918.1021465461,1309179,1309179,1239323.0,30.0,1239.353,1249.918,1239.323
fftstr_abab_512_x1000,value,utf8,PairHorspool,static,full-scan,full-scan,wild_len272,%a______________________________________________________________________________________________________________________________________________________________________________________________________________________________________________________________________________a%,5,1000,0,6245666,1243114,1247355.0,1249133.2,1249121.5417243738,1258940,1258940,1247326.0,30.0,1247.355,1249.121,1247.326
fftstr_abab_512_x1000,value,utf8,LibcMemmem,static,full-scan,full-scan,wild_len268,%a__________________________________________________________________________________________________________________________________________________________________________________________________________________________________________________________________________a%,5,1000,0,6250306,1243524,1249590.0,1250061.2,1250049.7740815359,1257593,1257593,1249570.0,40.0,1249.59,1250.049,1249.57
fftstr_abab_512_x1000,value,utf8,TwoWay2,static,full-scan,full-scan,wild_len240,%a______________________________________________________________________________________________________________________________________________________________________________________________________________________________________________a%,5,1000,0,6332803,1231502,1250452.0,1266560.6,1266071.4966987055,1331467,1331467,1250412.0,40.0,1250.452,1266.071,1250.412
fftstr_abab_512_x1000,value,utf8,StdSearch,static,full-scan,full-scan,wild_len368,%a______________________________________________________________________________________________________________________________________________________________________________________________________________________________________________________________________________________________________________________________________________________________________________a%,5,1000,0,6321805,1247842,1254392.0,1264361.0,1264141.0043746238,1311698,1311698,1254302.0,40.0,1254.392,1264.141,1254.302
fftstr_abab_512_x1000,value,utf8,PairHorspool,static,full-scan,full-scan,wild_len284,%a__________________________________________________________________________________________________________________________________________________________________________________________________________________________________________________________________________________________a%,5,1000,0,6949230,1144939,1255717.0,1389846.0,1368048.2385120268,1725630,1725630,1255687.0,100.0,1255.717,1368.048,1255.687
fftstr_abab_512_x1000,value,utf8,PairHorspool,static,full-scan,full-scan,wild_len268,%a__________________________________________________________________________________________________________________________________________________________________________________________________________________________________________________________________________a%,5,1000,0,6362391,1262023,1266044.0,1272478.2,1272423.010489418,1294562,1294562,1265964.0,40.0,1266.044,1272.423,1265.964
fftstr_abab_512_x1000,value,utf8,TwoWay2,static,full-scan,full-scan,wild_len236,%a__________________________________________________________________________________________________________________________________________________________________________________________________________________________________________a%,5,1000,0,6352804,1256671,1268331.0,1270560.8,1270481.8173448043,1297319,1297319,1268291.0,40.0,1268.331,1270.481,1268.291
fftstr_abab_512_x1000,value,utf8,LibcMemmem,static,full-scan,full-scan,wild_len264,%a______________________________________________________________________________________________________________________________________________________________________________________________________________________________________________________________________a%,5,1000,0,6355358,1266993,1271742.0,1271071.6,1271069.4121390614,1274107,1274107,1271722.0,39.0,1271.742,1271.069,1271.722
fftstr_abab_512_x1000,value,utf8,TwoWay,static,full-scan,full-scan,wild_len196,%a__________________________________________________________________________________________________________________________________________________________________________________________________a%,5,1000,0,7498711,1261721,1272211.0,1499742.2,1444642.576884825,2418508,2418508,1272131.0,40.0,1272.211,1444.642,1272.131
fftstr_abab_512_x1000,value,utf8,PairHorspool,static,full-scan,full-scan,wild_len260,%a__________________________________________________________________________________________________________________________________________________________________________________________________________________________________________________________________a%,5,1000,0,6363060,1263240,1273758.0,1272612.0,1272598.2697888718,1280972,1280972,1273728.0,30.0,1273.758,1272.598,1273.728
fftstr_abab_512_x1000,value,utf8,PairHorspool,static,full-scan,full-scan,wild_len264,%a______________________________________________________________________________________________________________________________________________________________________________________________________________________________________________________________________a%,5,1000,0,6363299,1251815,1276252.0,1272659.8,1272609.4941208574,1283436,1283436,1276212.0,40.0,1276.252,1272.609,1276.212
fftstr_abab_512_x1000,value,utf8,StdSearch,static,full-scan,full-scan,wild_len364,%a__________________________________________________________________________________________________________________________________________________________________________________________________________________________________________________________________________________________________________________________________________________________________________a%,5,1000,0,6454418,1273011,1286509.0,1290883.6,1290777.7046797671,1322258,1322258,1286469.0,30.0,1286.509,1290.777,1286.469
fftstr_abab_512_x1000,value,utf8,LibcMemmem,static,full-scan,full-scan,wild_len260,%a__________________________________________________________________________________________________________________________________________________________________________________________________________________________________________________________________a%,5,1000,0,6460568,1284933,1291230.0,1292113.6,1292105.8266264738,1298145,1298145,1291190.0,30.0,1291.23,1292.105,1291.19
fftstr_abab_512_x1000,value,utf8,TwoWay,static,full-scan,full-scan,wild_len192,%a______________________________________________________________________________________________________________________________________________________________________________________________a%,5,1000,0,6501515,1286280,1291269.0,1300303.0,1300156.8630906066,1338627,1338627,1291189.0,40.0,1291.269,1300.156,1291.189
fftstr_abab_512_x1000,value,utf8,TwoWay3,static,full-scan,full-scan,wild_len236,%a__________________________________________________________________________________________________________________________________________________________________________________________________________________________________________a%,5,1000,0,6512395,1289899,1300649.0,1302479.0,1302438.520033271,1320478,1320478,1300609.0,30.0,1300.649,1302.438,1300.609
fftstr_abab_512_x1000,value,utf8,TwoWay2,static,full-scan,full-scan,wild_len228,%a__________________________________________________________________________________________________________________________________________________________________________________________________________________________________a%,5,1000,0,6727523,1301489,1309378.0,1345504.6,1344343.4627016725,1449071,1449071,1309338.0,40.0,1309.378,1344.343,1309.338
fftstr_abab_512_x1000,value,utf8,LibcMemmem,static,full-scan,full-scan,wild_len256,%a______________________________________________________________________________________________________________________________________________________________________________________________________________________________________________________________a%,5,1000,0,6572493,1303024,1312852.0,1314498.6,1314471.7758102724,1329067,1329067,1312812.0,40.0,1312.852,1314.471,1312.812
fftstr_abab_512_x1000,value,utf8,TwoWay,static,full-scan,full-scan,wild_len188,%a__________________________________________________________________________________________________________________________________________________________________________________________a%,5,1000,0,6681655,1297419,1315339.0,1336331.0,1335840.6222248334,1393944,1393944,1315299.0,30.0,1315.339,1335.84,1315.299
fftstr_abab_512_x1000,value,utf8,TwoWay2,static,full-scan,full-scan,wild_len232,%a______________________________________________________________________________________________________________________________________________________________________________________________________________________________________a%,5,1000,0,6594980,1273320,1319528.0,1318996.0,1318318.830200932,1390974,1390974,1319468.0,40.0,1319.528,1318.318,1319.468
fftstr_abab_512_x1000,value,utf8,TwoWay,static,full-scan,full-scan,wild_len364,%a__________________________________________________________________________________________________________________________________________________________________________________________________________________________________________________________________________________________________________________________________________________________________________a%,5,1000,0,6632029,1314428,1321068.0,1326405.8,1326368.9593753607,1341587,1341587,1321008.0,50.0,1321.068,1326.368,1321.008
fftstr_abab_512_x1000,value,utf8,TwoWay,static,full-scan,full-scan,wild_len360,%a______________________________________________________________________________________________________________________________________________________________________________________________________________________________________________________________________________________________________________________________________________________________________a%,5,1000,0,5416177,629935,1321998.0,1083235.4,1024183.1521887291,1381325,1381325,1321948.0,30.0,1321.998,1024.183,1321.948
fftstr_abab_512_x1000,value,utf8,StdSearch,static,full-scan,full-scan,wild_len360,%a______________________________________________________________________________________________________________________________________________________________________________________________________________________________________________________________________________________________________________________________________________________________________a%,5,1000,0,6667537,1311699,1323468.0,1333507.4,1333225.1534912542,1388154,1388154,1323428.0,40.0,1323.468,1333.225,1323.428
fftstr_abab_512_x1000,value,utf8,TwoWay3,static,full-scan,full-scan,wild_len232,%a______________________________________________________________________________________________________________________________________________________________________________________________________________________________________a%,5,1000,0,6619067,1315418,1323517.0,1323813.4,1323802.1186055671,1331847,1331847,1323477.0,40.0,1323.517,1323.802,1323.477
fftstr_abab_512_x1000,value,utf8,TwoWay,static,full-scan,full-scan,wild_len184,%a______________________________________________________________________________________________________________________________________________________________________________________a%,5,1000,0,6658706,1313418,1326128.0,1331741.2,1331601.0457015205,1368585,1368585,1326088.0,40.0,1326.128,1331.601,1326.088
fftstr_abab_512_x1000,value,utf8,PairHorspool,static,full-scan,full-scan,wild_len256,%a______________________________________________________________________________________________________________________________________________________________________________________________________________________________________________________________a%,5,1000,0,6712375,1322021,1327490.0,1342475.0,1342065.5260256005,1409271,1409271,1327451.0,40.0,1327.49,1342.065,1327.451
fftstr_abab_512_x1000,value,utf8,TwoWay2,static,full-scan,full-scan,wild_len220,%a__________________________________________________________________________________________________________________________________________________________________________________________________________________________a%,5,1000,0,6649575,1323377,1329897.0,1329915.0,1329907.448095658,1337237,1337237,1329857.0,40.0,1329.897,1329.907,1329.857
fftstr_abab_512_x1000,value,utf8,LibcMemmem,static,full-scan,full-scan,wild_len252,%a__________________________________________________________________________________________________________________________________________________________________________________________________________________________________________________________a%,5,1000,0,6770691,1328009,1330394.0,1354138.2,1353395.7792013672,1444924,1444924,1330354.0,40.0,1330.394,1353.395,1330.354
fftstr_abab_512_x1000,value,utf8,PairHorspool,static,full-scan,full-scan,wild_len248,%a______________________________________________________________________________________________________________________________________________________________________________________________________________________________________________________a%,5,1000,0,6705720,1327131,1333158.0,1341144.0,1341030.0950524085,1375714,1375714,1333118.0,40.0,1333.158,1341.03,1333.118
fftstr_abab_512_x1000,value,utf8,PairHorspool,static,full-scan,full-scan,wild_len252,%a__________________________________________________________________________________________________________________________________________________________________________________________________________________________________________________________a%,5,1000,0,6775396,1336340,1341320.0,1355079.2,1354759.0310627518,1414359,1414359,1341280.0,40.0,1341.32,1354.759,1341.28
fftstr_abab_512_x1000,value,utf8,TwoWay2,static,full-scan,full-scan,wild_len224,%a______________________________________________________________________________________________________________________________________________________________________________________________________________________________a%,5,1000,0,6764420,1323368,1347516.0,1352884.0,1352696.2711533965,1392644,1392644,1347486.0,30.0,1347.516,1352.696,1347.486
fftstr_abab_512_x1000,value,utf8,StdSearch,static,full-scan,full-scan,wild_len356,%a__________________________________________________________________________________________________________________________________________________________________________________________________________________________________________________________________________________________________________________________________________________________________a%,5,1000,0,6754522,1345517,1349646.0,1350904.4,1350895.7367647397,1357796,1357796,1349606.0,40.0,1349.646,1350.895,1349.606
fftstr_abab_512_x1000,value,utf8,TwoWay3,static,full-scan,full-scan,wild_len228,%a__________________________________________________________________________________________________________________________________________________________________________________________________________________________________a%,5,1000,0,6892392,1345917,1350326.0,1378478.4,1377976.624199816,1430461,1430461,1350236.0,50.0,1350.326,1377.976,1350.236
fftstr_abab_512_x1000,value,utf8,TwoWay2,static,full-scan,full-scan,wild_len216,%a______________________________________________________________________________________________________________________________________________________________________________________________________________________a%,5,1000,0,6850437,1345817,1350736.0,1370087.4,1369822.3860545733,1411853,1411853,1350706.0,40.0,1350.736,1369.822,1350.706
fftstr_abab_512_x1000,value,utf8,LibcMemmem,static,full-scan,full-scan,wild_len248,%a______________________________________________________________________________________________________________________________________________________________________________________________________________________________________________________a%,5,1000,0,6799068,1347657,1351817.0,1359813.6,1359731.1714726551,1389035,1389035,1351777.0,40.0,1351.817,1359.731,1351.777
fftstr_abab_512_x1000,value,utf8,PairHorspool,static,full-scan,full-scan,wild_len244,%a__________________________________________________________________________________________________________________________________________________________________________________________________________________________________________________a%,5,1000,0,6811122,1340272,1353494.0,1362224.4,1362010.1804183961,1408733,1408733,1353464.0,39.0,1353.494,1362.01,1353.464
fftstr_abab_512_x1000,value,utf8,TwoWay3,static,full-scan,full-scan,wild_len224,%a______________________________________________________________________________________________________________________________________________________________________________________________________________________________a%,5,1000,0,6953976,1359786,1360536.0,1390795.2,1389811.9159479218,1496414,1496414,1360486.0,40.0,1360.536,1389.811,1360.486
fftstr_abab_512_x1000,value,utf8,PairHorspool,static,full-scan,full-scan,wild_len240,%a______________________________________________________________________________________________________________________________________________________________________________________________________________________________________________a%,5,1000,0,6898739,1361785,1363411.0,1379747.8,1379528.2038902524,1425885,1425885,1363371.0,40.0,1363.411,1379.528,1363.371
fftstr_abab_512_x1000,value,utf8,TwoWay,static,full-scan,full-scan,wild_len176,%a______________________________________________________________________________________________________________________________________________________________________________a%,5,1000,0,6803051,1346667,1365486.0,1360610.2,1360560.9139164889,1376945,1376945,1365456.0,30.0,1365.486,1360.56,1365.456
fftstr_abab_512_x1000,value,utf8,TwoWay2,static,full-scan,full-scan,wild_len212,%a__________________________________________________________________________________________________________________________________________________________________________________________________________________a%,5,1000,0,6838766,1354936,1368855.0,1367753.2,1367734.0956783476,1374615,1374615,1368825.0,40.0,1368.855,1367.734,1368.825
fftstr_abab_512_x1000,value,utf8,TwoWay,static,full-scan,full-scan,wild_len172,%a__________________________________________________________________________________________________________________________________________________________________________a%,5,1000,0,6932862,1355846,1370195.0,1386572.4,1386228.303173457,1439872,1439872,1370155.0,30.0,1370.195,1386.228,1370.155
fftstr_abab_512_x1000,value,utf8,LibcMemmem,static,full-scan,full-scan,wild_len244,%a__________________________________________________________________________________________________________________________________________________________________________________________________________________________________________________a%,5,1000,0,6850464,1364269,1370326.0,1370092.8,1370088.8940763003,1374338,1374338,1370286.0,40.0,1370.326,1370.088,1370.286
fftstr_abab_512_x1000,value,utf8,TwoWay3,static,full-scan,full-scan,wild_len220,%a__________________________________________________________________________________________________________________________________________________________________________________________________________________________a%,5,1000,0,7295002,1367325,1370336.0,1459000.4,1449326.4089549696,1814041,1814041,1369926.0,40.0,1370.336,1449.326,1369.926
fftstr_abab_512_x1000,value,utf8,TwoWay2,static,full-scan,full-scan,wild_len208,%a______________________________________________________________________________________________________________________________________________________________________________________________________________a%,5,1000,0,6991717,1378135,1386844.0,1398343.4,1398086.4453028135,1451110,1451110,1386814.0,40.0,1386.844,1398.086,1386.814
fftstr_abab_512_x1000,value,utf8,TwoWay3,static,full-scan,full-scan,wild_len216,%a______________________________________________________________________________________________________________________________________________________________________________________________________________________a%,5,1000,0,6946820,1382134,1389584.0,1389364.0,1389356.7861100307,1396174,1396174,1389544.0,30.0,1389.584,1389.356,1389.544
fftstr_abab_512_x1000,value,utf8,TwoWay,static,full-scan,full-scan,wild_len168,%a______________________________________________________________________________________________________________________________________________________________________a%,5,1000,0,6942311,1374235,1390184.0,1388462.2,1388436.231913975,1400084,1400084,1389794.0,30.0,1390.184,1388.436,1389.794
fftstr_abab_512_x1000,value,utf8,PairHorspool,static,full-scan,full-scan,wild_len236,%a__________________________________________________________________________________________________________________________________________________________________________________________________________________________________________a%,5,1000,0,7035152,1378279,1393605.0,1407030.4,1406670.7235161543,1468572,1468572,1393346.0,60.0,1393.605,1406.67,1393.346
fftstr_abab_512_x1000,value,utf8,TwoWay,static,full-scan,full-scan,wild_len180,%a__________________________________________________________________________________________________________________________________________________________________________________a%,5,1000,0,6919114,1346946,1394555.0,1383822.8,1383637.1894224768,1407724,1407724,1394525.0,40.0,1394.555,1383.637,1394.525
fftstr_abab_512_x1000,value,utf8,StdSearch,static,full-scan,full-scan,wild_len352,%a______________________________________________________________________________________________________________________________________________________________________________________________________________________________________________________________________________________________________________________________________________________________a%,5,1000,0,7091985,1389014,1397314.0,1418397.0,1418046.4294893616,1463331,1463331,1397274.0,30.0,1397.314,1418.046,1397.274
fftstr_abab_512_x1000,value,utf8,TwoWay,static,full-scan,full-scan,wild_len164,%a__________________________________________________________________________________________________________________________________________________________________a%,5,1000,0,7051835,1389855,1400033.0,1410367.0,1410208.6483783443,1448921,1448921,1400003.0,40.0,1400.033,1410.208,1400.003
fftstr_abab_512_x1000,value,utf8,LibcMemmem,static,full-scan,full-scan,wild_len240,%a______________________________________________________________________________________________________________________________________________________________________________________________________________________________________________a%,5,1000,0,7024445,1389295,1400989.0,1404889.0,1404824.2150538294,1430156,1430156,1400929.0,40.0,1400.989,1404.824,1400.929
fftstr_abab_512_x1000,value,utf8,TwoWay2,static,full-scan,full-scan,wild_len204,%a__________________________________________________________________________________________________________________________________________________________________________________________________________a%,5,1000,0,7037475,1403083,1403743.0,1407495.0,1407484.8038820461,1416503,1416503,1403703.0,40.0,1403.743,1407.484,1403.703
fftstr_abab_512_x1000,value,utf8,LibcMemmem,static,full-scan,full-scan,wild_len236,%a__________________________________________________________________________________________________________________________________________________________________________________________________________________________________________a%,5,1000,0,7059500,1405121,1410040.0,1411900.0,1411890.4480052248,1419649,1419649,1410000.0,40.0,1410.04,1411.89,1410.0
fftstr_abab_512_x1000,value,utf8,PairHorspool,static,full-scan,full-scan,wild_len232,%a______________________________________________________________________________________________________________________________________________________________________________________________________________________________________a%,5,1000,0,7134074,1404522,1411825.0,1426814.8,1426587.3675602134,1472423,1472423,1411785.0,40.0,1411.825,1426.587,1411.785
fftstr_abab_512_x1000,value,utf8,TwoWay3,static,full-scan,full-scan,wild_len212,%a__________________________________________________________________________________________________________________________________________________________________________________________________________________a%,5,1000,0,7059774,1402323,1413672.0,1411954.8,1411944.7697331365,1418073,1418073,1413642.0,40.0,1413.672,1411.944,1413.642
fftstr_abab_512_x1000,value,utf8,TwoWay,static,full-scan,full-scan,wild_len160,%a______________________________________________________________________________________________________________________________________________________________a%,5,1000,0,7176678,1409733,1415102.0,1435335.6,1435008.812768962,1490049,1490049,1415062.0,40.0,1415.102,1435.008,1415.062
fftstr_abab_512_x1000,value,utf8,StdSearch,static,full-scan,full-scan,wild_len348,%a__________________________________________________________________________________________________________________________________________________________________________________________________________________________________________________________________________________________________________________________________________________________a%,5,1000,0,7129511,1423802,1425652.0,1425902.2,1425901.5577531615,1427722,1427722,1425612.0,40.0,1425.652,1425.901,1425.612
fftstr_abab_512_x1000,value,utf8,TwoWay2,static,full-scan,full-scan,wild_len200,%a______________________________________________________________________________________________________________________________________________________________________________________________________a%,5,1000,0,7206796,1421012,1432802.0,1441359.2,1441198.9357243632,1477929,1477929,1432752.0,40.0,1432.802,1441.198,1432.752
fftstr_abab_512_x1000,value,utf8,TwoWay3,static,full-scan,full-scan,wild_len208,%a______________________________________________________________________________________________________________________________________________________________________________________________________________a%,5,1000,0,7209565,1424082,1438091.0,1441913.0,1441812.5043065948,1474099,1474099,1438061.0,30.0,1438.091,1441.812,1438.061
fftstr_abab_512_x1000,value,utf8,LibcMemmem,static,full-scan,full-scan,wild_len232,%a______________________________________________________________________________________________________________________________________________________________________________________________________________________________________a%,5,1000,0,7194693,1426933,1440333.0,1438938.6,1438914.2148459735,1451360,1451360,1440274.0,40.0,1440.333,1438.914,1440.274
fftstr_abab_512_x1000,value,utf8,PairHorspool,static,full-scan,full-scan,wild_len228,%a__________________________________________________________________________________________________________________________________________________________________________________________________________________________________a%,5,1000,0,7358323,1413841,1442947.0,1471664.6,1470074.0311511029,1609155,1609155,1442907.0,40.0,1442.947,1470.074,1442.907
fftstr_abab_512_x1000,value,utf8,TwoWay3,static,full-scan,full-scan,wild_len204,%a__________________________________________________________________________________________________________________________________________________________________________________________________________a%,5,1000,0,7223105,1441091,1443192.0,1444621.0,1444615.8840369082,1452100,1452100,1443152.0,40.0,1443.192,1444.615,1443.152
fftstr_abab_512_x1000,value,utf8,TwoWay2,static,full-scan,full-scan,wild_len196,%a__________________________________________________________________________________________________________________________________________________________________________________________________a%,5,1000,0,7237764,1437251,1448691.0,1447552.8,1447527.4588289505,1460630,1460630,1448621.0,40.0,1448.691,1447.527,1448.621
fftstr_abab_512_x1000,value,utf8,TwoWay,static,full-scan,full-scan,wild_len156,%a__________________________________________________________________________________________________________________________________________________________a%,5,1000,0,7273013,1428402,1450141.0,1454602.6,1454395.427809731,1492338,1492338,1450101.0,40.0,1450.141,1454.395,1450.101
fftstr_abab_512_x1000,value,utf8,PairHorspool,static,full-scan,full-scan,wild_len224,%a______________________________________________________________________________________________________________________________________________________________________________________________________________________________a%,5,1000,0,7323063,1439106,1456758.0,1464612.6,1464380.7682721324,1511618,1511618,1456718.0,40.0,1456.758,1464.38,1456.718
fftstr_abab_512_x1000,value,utf8,TwoWay2,static,full-scan,full-scan,wild_len192,%a______________________________________________________________________________________________________________________________________________________________________________________________a%,5,1000,0,7293023,1451271,1457581.0,1458604.6,1458592.8269990608,1469250,1469250,1457531.0,40.0,1457.581,1458.592,1457.531
fftstr_abab_512_x1000,value,utf8,StdSearch,static,full-scan,full-scan,wild_len344,%a______________________________________________________________________________________________________________________________________________________________________________________________________________________________________________________________________________________________________________________________________________________a%,5,1000,0,7347061,1449801,1458180.0,1469412.2,1469270.670702426,1504439,1504439,1458140.0,40.0,1458.18,1469.27,1458.14
fftstr_abab_512_x1000,value,utf8,TwoWay3,static,full-scan,full-scan,wild_len200,%a______________________________________________________________________________________________________________________________________________________________________________________________________a%,5,1000,0,7364568,1461141,1462411.0,1472913.6,1472824.6215171122,1503568,1503568,1462381.0,40.0,1462.411,1472.824,1462.381
fftstr_abab_512_x1000,value,utf8,TwoWay,static,full-scan,full-scan,wild_len152,%a______________________________________________________________________________________________________________________________________________________a%,5,1000,0,7360190,1438762,1464031.0,1472038.0,1471620.1501420508,1536876,1536876,1463991.0,40.0,1464.031,1471.62,1463.991
fftstr_abab_512_x1000,value,utf8,TwoWay,static,full-scan,full-scan,wild_len148,%a__________________________________________________________________________________________________________________________________________________a%,5,1000,0,7323322,1451411,1465190.0,1464664.4,1464627.3218284484,1482720,1482720,1465160.0,40.0,1465.19,1464.627,1465.16
fftstr_abab_512_x1000,value,utf8,TwoWay2,static,full-scan,full-scan,wild_len184,%a______________________________________________________________________________________________________________________________________________________________________________________a%,5,1000,0,7385576,1464990,1465880.0,1477115.2,1476998.7399434382,1513427,1513427,1465840.0,40.0,1465.88,1476.998,1465.84
fftstr_abab_512_x1000,value,utf8,PairHorspool,static,full-scan,full-scan,wild_len220,%a__________________________________________________________________________________________________________________________________________________________________________________________________________________________a%,5,1000,0,7493209,1459920,1473531.0,1498641.8,1497790.486047026,1598787,1598787,1473501.0,40.0,1473.531,1497.79,1473.501
fftstr_abab_512_x1000,value,utf8,TwoWay3,static,full-scan,full-scan,wild_len196,%a__________________________________________________________________________________________________________________________________________________________________________________________________a%,5,1000,0,7406584,1478629,1479619.0,1481316.8,1481313.9062091296,1486098,1486098,1479599.0,40.0,1479.619,1481.313,1479.599
fftstr_abab_512_x1000,value,utf8,LibcMemmem,static,full-scan,full-scan,wild_len224,%a______________________________________________________________________________________________________________________________________________________________________________________________________________________________a%,5,1000,0,7430310,1469610,1483120.0,1486062.0,1485983.9844399223,1509224,1509224,1483090.0,40.0,1483.12,1485.983,1483.09
fftstr_abab_512_x1000,value,utf8,TwoWay2,static,full-scan,full-scan,wild_len180,%a__________________________________________________________________________________________________________________________________________________________________________________a%,5,1000,0,7523779,1470539,1487568.0,1504755.8,1504129.5857901792,1590544,1590544,1487478.0,40.0,1487.568,1504.129,1487.478
fftstr_abab_512_x1000,value,utf8,LibcMemmem,static,full-scan,full-scan,wild_len228,%a__________________________________________________________________________________________________________________________________________________________________________________________________________________________________a%,5,1000,0,7414195,1445872,1489446.0,1482839.0,1482598.0816653925,1523053,1523053,1489416.0,40.0,1489.446,1482.598,1489.416
fftstr_abab_512_x1000,value,utf8,TwoWay2,static,full-scan,full-scan,wild_len188,%a__________________________________________________________________________________________________________________________________________________________________________________________a%,5,1000,0,7506418,1477819,1494008.0,1501283.6,1501121.8701604973,1531776,1531776,1493968.0,40.0,1494.008,1501.121,1493.968
fftstr_abab_512_x1000,value,utf8,PairHorspool,static,full-scan,full-scan,wild_len216,%a______________________________________________________________________________________________________________________________________________________________________________________________________________________a%,5,1000,0,7483112,1491591,1494895.0,1496622.4,1496612.0619552052,1507238,1507238,1494855.0,40.0,1494.895,1496.612,1494.855
fftstr_abab_512_x1000,value,utf8,LibcMemmem,static,full-scan,full-scan,wild_len220,%a__________________________________________________________________________________________________________________________________________________________________________________________________________________________a%,5,1000,0,7504349,1490275,1496821.0,1500869.8,1500822.9610626833,1523742,1523742,1496781.0,40.0,1496.821,1500.822,1496.781
fftstr_abab_512_x1000,value,utf8,TwoWay3,static,full-scan,full-scan,wild_len192,%a______________________________________________________________________________________________________________________________________________________________________________________________a%,5,1000,0,7539817,1492789,1498208.0,1507963.4,1507859.6132281707,1541986,1541986,1498178.0,30.0,1498.208,1507.859,1498.178
fftstr_abab_512_x1000,value,utf8,TwoWay2,static,full-scan,full-scan,wild_len176,%a______________________________________________________________________________________________________________________________________________________________________________a%,5,1000,0,7474101,1483388,1498408.0,1494820.2,1494807.7542365082,1499828,1499828,1498378.0,40.0,1498.408,1494.807,1498.378
fftstr_abab_512_x1000,value,utf8,TwoWay,static,full-scan,full-scan,wild_len140,%a__________________________________________________________________________________________________________________________________________a%,5,1000,0,7521270,1495049,1503228.0,1504254.0,1504242.6121735147,1512398,1512398,1503188.0,40.0,1503.228,1504.242,1503.188
fftstr_abab_512_x1000,value,utf8,StdSearch,static,full-scan,full-scan,wild_len340,%a__________________________________________________________________________________________________________________________________________________________________________________________________________________________________________________________________________________________________________________________________________________a%,5,1000,0,7571918,1488939,1508008.0,1514383.6,1514208.7719296296,1556205,1556205,1507738.0,50.0,1508.008,1514.208,1507.738
fftstr_abab_512_x1000,value,utf8,TwoWay2,static,full-scan,full-scan,wild_len172,%a__________________________________________________________________________________________________________________________________________________________________________a%,5,1000,0,7653661,1508637,1513378.0,1530732.2,1530301.7213687424,1604082,1604082,1513348.0,40.0,1513.378,1530.301,1513.348
fftstr_abab_512_x1000,value,utf8,TwoWay,static,full-scan,full-scan,wild_len144,%a______________________________________________________________________________________________________________________________________________a%,5,1000,0,7566918,1478349,1516877.0,1513383.6,1513168.525302233,1550726,1550726,1516857.0,40.0,1516.877,1513.168,1516.857
fftstr_abab_512_x1000,value,utf8,TwoWay3,static,full-scan,full-scan,wild_len188,%a__________________________________________________________________________________________________________________________________________________________________________________________a%,5,1000,0,7590036,1516437,1516997.0,1518007.2,1518006.390941569,1520037,1520037,1516967.0,30.0,1516.997,1518.006,1516.967
fftstr_abab_512_x1000,value,utf8,TwoWay,static,full-scan,full-scan,wild_len136,%a______________________________________________________________________________________________________________________________________a%,5,1000,0,7667692,1502588,1518347.0,1533538.4,1533090.6468979828,1606402,1606402,1518317.0,30.0,1518.347,1533.09,1518.317
fftstr_abab_512_x1000,value,utf8,LibcMemmem,static,full-scan,full-scan,wild_len216,%a______________________________________________________________________________________________________________________________________________________________________________________________________________________a%,5,1000,0,7625631,1511548,1522544.0,1525126.2,1525078.9566155165,1543787,1543787,1522504.0,40.0,1522.544,1525.078,1522.504
fftstr_abab_512_x1000,value,utf8,PairHorspool,static,full-scan,full-scan,wild_len212,%a__________________________________________________________________________________________________________________________________________________________________________________________________________________a%,5,1000,0,7647393,1509153,1526236.0,1529478.6,1529378.847354108,1557208,1557208,1526206.0,40.0,1526.236,1529.378,1526.206
fftstr_abab_512_x1000,value,utf8,TwoWay,static,full-scan,full-scan,wild_len132,%a__________________________________________________________________________________________________________________________________a%,5,1000,0,7716209,1519977,1528766.0,1543241.8,1543009.9276258852,1593213,1593213,1528726.0,50.0,1528.766,1543.009,1528.726
fftstr_abab_512_x1000,value,utf8,StdSearch,static,full-scan,full-scan,wild_len336,%a______________________________________________________________________________________________________________________________________________________________________________________________________________________________________________________________________________________________________________________________________________a%,5,1000,0,7684992,1509628,1529667.0,1536998.4,1536859.072223863,1568875,1568875,1529627.0,40.0,1529.667,1536.859,1529.627
fftstr_abab_512_x1000,value,utf8,LibcMemmem,static,full-scan,full-scan,wild_len212,%a__________________________________________________________________________________________________________________________________________________________________________________________________________________a%,5,1000,0,7717761,1523552,1533221.0,1543552.2,1543387.979490312,1587193,1587193,1533181.0,40.0,1533.221,1543.387,1533.181
fftstr_abab_512_x1000,value,utf8,TwoWay3,static,full-scan,full-scan,wild_len184,%a______________________________________________________________________________________________________________________________________________________________________________________a%,5,1000,0,7710887,1532296,1541276.0,1542177.4,1542142.0846550327,1561594,1561594,1541256.0,30.0,1541.276,1542.142,1541.256
fftstr_abab_512_x1000,value,utf8,PairHorspool,static,full-scan,full-scan,wild_len208,%a______________________________________________________________________________________________________________________________________________________________________________________________________________a%,5,1000,0,7798274,1529509,1543568.0,1559654.8,1559313.518552089,1622555,1622555,1543528.0,40.0,1543.568,1559.313,1543.528
fftstr_abab_512_x1000,value,utf8,TwoWay,static,full-scan,full-scan,wild_len128,%a______________________________________________________________________________________________________________________________a%,5,1000,0,7719700,1535707,1543686.0,1543940.0,1543929.4946080034,1552525,1552525,1543596.0,40.0,1543.686,1543.929,1543.596
fftstr_abab_512_x1000,value,utf8,TwoWay2,static,full-scan,full-scan,wild_len168,%a______________________________________________________________________________________________________________________________________________________________________a%,5,1000,0,7865170,1528046,1547245.0,1573034.0,1571800.5919798573,1697607,1697607,1547205.0,40.0,1547.245,1571.8,1547.205
fftstr_abab_512_x1000,value,utf8,LibcMemmem,static,full-scan,full-scan,wild_len208,%a______________________________________________________________________________________________________________________________________________________________________________________________________________a%,5,1000,0,7759460,1545604,1550443.0,1551892.0,1551885.0471567684,1558745,1558745,1550403.0,40.0,1550.443,1551.885,1550.403
fftstr_abab_512_x1000,value,utf8,PairHorspool,static,full-scan,full-scan,wild_len204,%a__________________________________________________________________________________________________________________________________________________________________________________________________________a%,5,1000,0,7757023,1537022,1550573.0,1551404.6,1551372.3773012445,1568433,1568433,1550533.0,39.0,1550.573,1551.372,1550.533
fftstr_abab_512_x1000,value,utf8,TwoWay3,static,full-scan,full-scan,wild_len180,%a__________________________________________________________________________________________________________________________________________________________________________________a%,5,1000,0,7818583,1546906,1553515.0,1563716.6,1563557.463533351,1608152,1608152,1553495.0,40.0,1553.515,1563.557,1553.495
fftstr_abab_512_x1000,value,utf8,TwoWay2,static,full-scan,full-scan,wild_len164,%a__________________________________________________________________________________________________________________________________________________________________a%,5,1000,0,7788194,1550235,1554895.0,1557638.8,1557614.213304555,1574234,1574234,1554865.0,40.0,1554.895,1557.614,1554.865
fftstr_abab_512_x1000,value,utf8,LibcMemmem,static,full-scan,full-scan,wild_len204,%a__________________________________________________________________________________________________________________________________________________________________________________________________________a%,5,1000,0,7911019,1565001,1572515.0,1582203.8,1582035.8891962024,1628223,1628223,1572485.0,30.0,1572.515,1582.035,1572.485
fftstr_abab_512_x1000,value,utf8,TwoWay2,static,full-scan,full-scan,wild_len160,%a______________________________________________________________________________________________________________________________________________________________a%,5,1000,0,7930776,1563325,1573104.0,1586155.2,1585988.6737590076,1624781,1624781,1573064.0,40.0,1573.104,1585.988,1573.064
fftstr_abab_512_x1000,value,utf8,TwoWay3,static,full-scan,full-scan,wild_len168,%a______________________________________________________________________________________________________________________________________________________________________a%,5,1000,0,7909056,1557214,1575054.0,1581811.2,1581635.6002357628,1625201,1625201,1575024.0,30.0,1575.054,1581.635,1575.024
fftstr_abab_512_x1000,value,utf8,TwoWay,static,full-scan,full-scan,wild_len124,%a__________________________________________________________________________________________________________________________a%,5,1000,0,7949157,1559475,1578094.0,1589831.4,1589524.058516215,1643930,1643930,1578064.0,40.0,1578.094,1589.524,1578.064
fftstr_abab_512_x1000,value,utf8,TwoWay,static,full-scan,full-scan,wild_len120,%a______________________________________________________________________________________________________________________a%,5,1000,0,7914628,1568034,1581764.0,1582925.6,1582881.4956430646,1604333,1604333,1581724.0,30.0,1581.764,1582.881,1581.724
fftstr_abab_512_x1000,value,utf8,TwoWay2,static,full-scan,full-scan,wild_len156,%a__________________________________________________________________________________________________________________________________________________________a%,5,1000,0,7953106,1577173,1582874.0,1590621.2,1590535.4789498618,1623131,1623131,1582844.0,30.0,1582.874,1590.535,1582.844
fftstr_abab_512_x1000,value,utf8,TwoWay3,static,full-scan,full-scan,wild_len176,%a______________________________________________________________________________________________________________________________________________________________________________a%,5,1000,0,7900429,1566694,1583644.0,1580085.8,1580057.3374852028,1592813,1592813,1583614.0,30.0,1583.644,1580.057,1583.614
fftstr_abab_512_x1000,value,utf8,StdSearch,static,full-scan,full-scan,wild_len332,%a__________________________________________________________________________________________________________________________________________________________________________________________________________________________________________________________________________________________________________________________________________a%,5,1000,0,8024333,1559775,1584224.0,1604866.6,1604277.7190677505,1662469,1662469,1584184.0,40.0,1584.224,1604.277,1584.184
fftstr_abab_512_x1000,value,utf8,PairHorspool,static,full-scan,full-scan,wild_len196,%a__________________________________________________________________________________________________________________________________________________________________________________________________a%,5,1000,0,7947218,1585167,1589996.0,1589443.6,1589438.5764319706,1596263,1596263,1589957.0,40.0,1589.996,1589.438,1589.957
fftstr_abab_512_x1000,value,utf8,PairHorspool,static,full-scan,full-scan,wild_len200,%a______________________________________________________________________________________________________________________________________________________________________________________________________a%,5,1000,0,7956088,1560381,1590385.0,1591217.6,1591006.3383011832,1625070,1625070,1590345.0,40.0,1590.385,1591.006,1590.345
fftstr_abab_512_x1000,value,utf8,TwoWay,static,full-scan,full-scan,wild_len116,%a__________________________________________________________________________________________________________________a%,5,1000,0,8080899,1579073,1592553.0,1616179.8,1615775.4895249433,1673509,1673509,1592493.0,40.0,1592.553,1615.775,1592.493
fftstr_abab_512_x1000,value,utf8,TwoWay3,static,full-scan,full-scan,wild_len172,%a__________________________________________________________________________________________________________________________________________________________________________a%,5,1000,0,7954815,1560755,1596202.0,1590963.0,1590847.6838887385,1618642,1618642,1596172.0,40.0,1596.202,1590.847,1596.172
fftstr_abab_512_x1000,value,utf8,TwoWay2,static,full-scan,full-scan,wild_len152,%a______________________________________________________________________________________________________________________________________________________a%,5,1000,0,8067540,1594173,1604882.0,1613508.0,1613354.2506805558,1657470,1657470,1604842.0,40.0,1604.882,1613.354,1604.842
fftstr_abab_512_x1000,value,utf8,StdSearch,static,full-scan,full-scan,wild_len328,%a______________________________________________________________________________________________________________________________________________________________________________________________________________________________________________________________________________________________________________________________________a%,5,1000,0,8023904,1590454,1605243.0,1604780.8,1604716.1285670628,1630081,1630081,1605203.0,40.0,1605.243,1604.716,1605.203
fftstr_abab_512_x1000,value,utf8,LibcMemmem,static,full-scan,full-scan,wild_len200,%a______________________________________________________________________________________________________________________________________________________________________________________________________a%,5,1000,0,8044917,1590526,1606481.0,1608983.4,1608918.9688448342,1632883,1632883,1606451.0,40.0,1606.481,1608.918,1606.451
fftstr_abab_512_x1000,value,utf8,LibcMemmem,static,full-scan,full-scan,wild_len196,%a__________________________________________________________________________________________________________________________________________________________________________________________________a%,5,1000,0,8070711,1607110,1610951.0,1614142.2,1614124.0842603762,1626996,1626996,1610911.0,40.0,1610.951,1614.124,1610.911
fftstr_abab_512_x1000,value,utf8,PairHorspool,static,full-scan,full-scan,wild_len192,%a______________________________________________________________________________________________________________________________________________________________________________________________a%,5,1000,0,8113565,1598628,1613366.0,1622713.0,1622571.0286558727,1662148,1662148,1613336.0,39.0,1613.366,1622.571,1613.336
fftstr_abab_512_x1000,value,utf8,TwoWay,static,full-scan,full-scan,wild_len112,%a______________________________________________________________________________________________________________a%,5,1000,0,8151066,1599753,1613592.0,1630213.2,1629850.7608727154,1696758,1696758,1613542.0,40.0,1613.592,1629.85,1613.542
fftstr_abab_512_x1000,value,utf8,TwoWay2,static,full-scan,full-scan,wild_len148,%a__________________________________________________________________________________________________________________________________________________a%,5,1000,0,8180613,1611792,1617131.0,1636122.6,1635895.2035949414,1676878,1676878,1617091.0,40.0,1617.131,1635.895,1617.091
fftstr_abab_512_x1000,value,utf8,TwoWay,static,full-scan,full-scan,wild_len108,%a__________________________________________________________________________________________________________a%,5,1000,0,8129926,1608892,1621581.0,1625985.2,1625940.1390186434,1640630,1640630,1621481.0,30.0,1621.581,1625.94,1621.481
fftstr_abab_512_x1000,value,utf8,LibcMemmem,static,full-scan,full-scan,wild_len192,%a______________________________________________________________________________________________________________________________________________________________________________________________a%,5,1000,0,8181896,1624112,1638450.0,1636379.2,1636349.2470910095,1650873,1650873,1638410.0,40.0,1638.45,1636.349,1638.41
fftstr_abab_512_x1000,value,utf8,TwoWay2,static,full-scan,full-scan,wild_len144,%a______________________________________________________________________________________________________________________________________________a%,5,1000,0,8192133,1630331,1638741.0,1638426.6,1638418.8538629888,1644000,1644000,1638701.0,40.0,1638.741,1638.418,1638.701
fftstr_abab_512_x1000,value,utf8,TwoWay3,static,full-scan,full-scan,wild_len164,%a__________________________________________________________________________________________________________________________________________________________________a%,5,1000,0,8274649,1628742,1639171.0,1654929.8,1654580.956198198,1720615,1720615,1639131.0,40.0,1639.171,1654.58,1639.131
fftstr_abab_512_x1000,value,utf8,TwoWay3,static,full-scan,full-scan,wild_len152,%a______________________________________________________________________________________________________________________________________________________a%,5,1000,0,8288045,1627421,1640790.0,1657609.0,1657313.502957759,1713496,1713496,1640760.0,30.0,1640.79,1657.313,1640.76
fftstr_abab_512_x1000,value,utf8,TwoWay,static,full-scan,full-scan,wild_len104,%a______________________________________________________________________________________________________a%,5,1000,0,8324035,1627051,1649430.0,1664807.0,1664339.2886626604,1737965,1737965,1649400.0,40.0,1649.43,1664.339,1649.4
fftstr_abab_512_x1000,value,utf8,TwoWay3,static,full-scan,full-scan,wild_len160,%a______________________________________________________________________________________________________________________________________________________________a%,5,1000,0,8264398,1643000,1650860.0,1652879.6,1652855.0424754047,1665189,1665189,1650830.0,30.0,1650.86,1652.855,1650.83
fftstr_abab_512_x1000,value,utf8,StdSearch,static,full-scan,full-scan,wild_len324,%a__________________________________________________________________________________________________________________________________________________________________________________________________________________________________________________________________________________________________________________________________a%,5,1000,0,8327537,1648950,1652220.0,1665507.4,1665380.8653106343,1703617,1703617,1652190.0,40.0,1652.22,1665.38,1652.19
fftstr_abab_512_x1000,value,utf8,PairHorspool,static,full-scan,full-scan,wild_len184,%a______________________________________________________________________________________________________________________________________________________________________________________a%,5,1000,0,8251605,1632953,1653199.0,1650321.0,1650276.801955676,1668595,1668595,1653169.0,40.0,1653.199,1650.276,1653.169
fftstr_abab_512_x1000,value,utf8,TwoWay,static,full-scan,full-scan,wild_len100,%a__________________________________________________________________________________________________a%,5,1000,0,8325797,1646901,1658670.0,1665159.4,1665064.6835092215,1693018,1693018,1658630.0,40.0,1658.67,1665.064,1658.63
fftstr_abab_512_x1000,value,utf8,PairHorspool,static,full-scan,full-scan,wild_len188,%a__________________________________________________________________________________________________________________________________________________________________________________________a%,5,1000,0,8339132,1634229,1659265.0,1667826.4,1667566.4233315333,1716271,1716271,1659226.0,39.0,1659.265,1667.566,1659.226
fftstr_abab_512_x1000,value,utf8,LibcMemmem,static,full-scan,full-scan,wild_len188,%a__________________________________________________________________________________________________________________________________________________________________________________________a%,5,1000,0,8310675,1652041,1662927.0,1662135.0,1662126.2345563213,1667756,1667756,1662887.0,40.0,1662.927,1662.126,1662.887
fftstr_abab_512_x1000,value,utf8,TwoWay3,static,full-scan,full-scan,wild_len156,%a__________________________________________________________________________________________________________________________________________________________a%,5,1000,0,8327484,1659599,1665949.0,1665496.8,1665493.084661516,1669508,1669508,1665909.0,40.0,1665.949,1665.493,1665.909
fftstr_abab_512_x1000,value,utf8,TwoWay,static,full-scan,full-scan,wild_len096,%a______________________________________________________________________________________________a%,5,1000,0,8359805,1663340,1671579.0,1671961.0,1671944.0967768368,1682238,1682238,1671549.0,30.0,1671.579,1671.944,1671.549
fftstr_abab_512_x1000,value,utf8,TwoWay3,static,full-scan,full-scan,wild_len144,%a______________________________________________________________________________________________________________________________________________a%,5,1000,0,8362743,1661949,1674798.0,1672548.6,1672528.7534901581,1685168,1685168,1674768.0,40.0,1674.798,1672.528,1674.768
fftstr_abab_512_x1000,value,utf8,PairHorspool,static,full-scan,full-scan,wild_len180,%a__________________________________________________________________________________________________________________________________________________________________________________a%,5,1000,0,8499362,1666040,1677885.0,1699872.4,1699265.2658502636,1789660,1789660,1677845.0,40.0,1677.885,1699.265,1677.845
fftstr_abab_512_x1000,value,utf8,TwoWay2,static,full-scan,full-scan,wild_len140,%a__________________________________________________________________________________________________________________________________________a%,5,1000,0,8423490,1651490,1678228.0,1684698.0,1684239.0557456887,1759984,1759984,1678198.0,40.0,1678.228,1684.239,1678.198
fftstr_abab_512_x1000,value,utf8,TwoWay2,static,full-scan,full-scan,wild_len136,%a______________________________________________________________________________________________________________________________________a%,5,1000,0,8468948,1663819,1680148.0,1693789.6,1693589.3457151358,1732225,1732225,1680088.0,60.0,1680.148,1693.589,1680.088
fftstr_abab_512_x1000,value,utf8,LibcMemmem,static,full-scan,full-scan,wild_len184,%a______________________________________________________________________________________________________________________________________________________________________________________a%,5,1000,0,8448625,1678264,1685429.0,1689725.0,1689684.12985473,1712299,1712299,1685409.0,30.0,1685.429,1689.684,1685.409
fftstr_abab_512_x1000,value,utf8,StdSearch,static,full-scan,full-scan,wild_len320,%a______________________________________________________________________________________________________________________________________________________________________________________________________________________________________________________________________________________________________________________________a%,5,1000,0,8494757,1682229,1688528.0,1698951.4,1698809.1092337305,1742265,1742265,1688478.0,40.0,1688.528,1698.809,1688.478
fftstr_abab_512_x1000,value,utf8,TwoWay3,static,full-scan,full-scan,wild_len140,%a__________________________________________________________________________________________________________________________________________a%,5,1000,0,8529173,1674328,1688558.0,1705834.6,1705451.8002396012,1772603,1772603,1688518.0,40.0,1688.558,1705.451,1688.518
fftstr_abab_512_x1000,value,utf8,TwoWay2,static,full-scan,full-scan,wild_len132,%a__________________________________________________________________________________________________________________________________a%,5,1000,0,8454517,1681138,1689088.0,1690903.4,1690874.1924315705,1709757,1709757,1689058.0,30.0,1689.088,1690.874,1689.058
fftstr_abab_512_x1000,value,utf8,PairHorspool,static,full-scan,full-scan,wild_len176,%a______________________________________________________________________________________________________________________________________________________________________________a%,5,1000,0,8564580,1681138,1695196.0,1712916.0,1712409.5174769459,1794889,1794889,1695157.0,40.0,1695.196,1712.409,1695.157
fftstr_abab_512_x1000,value,utf8,TwoWay,static,full-scan,full-scan,wild_len088,%a______________________________________________________________________________________a%,5,1000,0,8586971,1692167,1698118.0,1717394.2,1716990.9636456699,1791702,1791702,1698078.0,40.0,1698.118,1716.99,1698.078
fftstr_abab_512_x1000,value,utf8,TwoWay,static,full-scan,full-scan,wild_len092,%a__________________________________________________________________________________________a%,5,1000,0,8681937,1682288,1702067.0,1736387.4,1735055.3212943533,1870398,1870398,1702027.0,40.0,1702.067,1735.055,1702.027
fftstr_abab_512_x1000,value,utf8,PairHorspool,static,full-scan,full-scan,wild_len172,%a__________________________________________________________________________________________________________________________________________________________________________a%,5,1000,0,8602388,1708917,1716520.0,1720477.6,1720441.0238649242,1736826,1736826,1716490.0,40.0,1716.52,1720.441,1716.49
fftstr_abab_512_x1000,value,utf8,TwoWay2,static,full-scan,full-scan,wild_len128,%a______________________________________________________________________________________________________________________________a%,5,1000,0,8614549,1706717,1716596.0,1722909.8,1722826.9881431998,1755154,1755154,1716566.0,40.0,1716.596,1722.826,1716.566
fftstr_abab_512_x1000,value,utf8,LibcMemmem,static,full-scan,full-scan,wild_len180,%a__________________________________________________________________________________________________________________________________________________________________________________a%,5,1000,0,9460596,1701114,1718327.0,1892119.2,1878930.3323114978,2206192,2206192,1718217.0,60.0,1718.327,1878.93,1718.217
fftstr_abab_512_x1000,value,utf8,LibcMemmem,static,full-scan,full-scan,wild_len176,%a______________________________________________________________________________________________________________________________________________________________________________a%,5,1000,0,8617935,1713537,1721200.0,1723587.0,1723562.99687294,1740778,1740778,1721160.0,40.0,1721.2,1723.562,1721.16
fftstr_abab_512_x1000,value,utf8,TwoWay,static,full-scan,full-scan,wild_len084,%a__________________________________________________________________________________a%,5,1000,0,8638888,1720276,1726735.0,1727777.6,1727768.4694514216,1737325,1737325,1726655.0,80.0,1726.735,1727.768,1726.655
fftstr_abab_512_x1000,value,utf8,StdSearch,static,full-scan,full-scan,wild_len316,%a__________________________________________________________________________________________________________________________________________________________________________________________________________________________________________________________________________________________________________________________a%,5,1000,0,8614813,1704317,1728637.0,1722962.6,1722907.535245053,1742306,1742306,1728597.0,40.0,1728.637,1722.907,1728.597
fftstr_abab_512_x1000,value,utf8,TwoWay2,static,full-scan,full-scan,wild_len124,%a__________________________________________________________________________________________________________________________a%,5,1000,0,8680686,1724696,1730296.0,1736137.2,1736060.4420769233,1768523,1768523,1730166.0,40.0,1730.296,1736.06,1730.166
fftstr_abab_512_x1000,value,utf8,LibcMemmem,static,full-scan,full-scan,wild_len172,%a__________________________________________________________________________________________________________________________________________________________________________a%,5,1000,0,8663406,1729343,1730869.0,1732681.2,1732676.8148719263,1740049,1740049,1730819.0,40.0,1730.869,1732.676,1730.819
fftstr_abab_512_x1000,value,utf8,StdSearch,static,full-scan,full-scan,wild_len312,%a______________________________________________________________________________________________________________________________________________________________________________________________________________________________________________________________________________________________________________________a%,5,1000,0,8734844,1724086,1734426.0,1746968.8,1746692.0327444535,1808601,1808601,1734396.0,40.0,1734.426,1746.692,1734.396
fftstr_abab_512_x1000,value,utf8,PairHorspool,static,full-scan,full-scan,wild_len168,%a______________________________________________________________________________________________________________________________________________________________________a%,5,1000,0,8880080,1736666,1741106.0,1776016.0,1774792.1599384102,1909638,1909638,1741076.0,40.0,1741.106,1774.792,1741.076
fftstr_abab_512_x1000,value,utf8,TwoWay2,static,full-scan,full-scan,wild_len120,%a______________________________________________________________________________________________________________________a%,5,1000,0,8721684,1732746,1741635.0,1744336.8,1744312.164132424,1761054,1761054,1741585.0,40.0,1741.635,1744.312,1741.585
fftstr_abab_512_x1000,value,utf8,TwoWay3,static,full-scan,full-scan,wild_len132,%a__________________________________________________________________________________________________________________________________a%,5,1000,0,8711142,1717646,1745094.0,1742228.4,1742179.5909960696,1755864,1755864,1745034.0,50.0,1745.094,1742.179,1745.034
fftstr_abab_512_x1000,value,utf8,LibcMemmem,static,full-scan,full-scan,wild_len168,%a______________________________________________________________________________________________________________________________________________________________________a%,5,1000,0,8816010,1748860,1749986.0,1763202.0,1763075.9156675842,1804259,1804259,1749947.0,40.0,1749.986,1763.075,1749.947
fftstr_abab_512_x1000,value,utf8,TwoWay,static,full-scan,full-scan,wild_len072,%a______________________________________________________________________a%,5,1000,0,8842008,1756944,1760034.0,1768401.6,1768335.8826970586,1797242,1797242,1759984.0,40.0,1760.034,1768.335,1759.984
fftstr_abab_512_x1000,value,utf8,TwoWay,static,full-scan,full-scan,wild_len076,%a__________________________________________________________________________a%,5,1000,0,8827869,1742455,1760814.0,1765573.8,1765367.0725313358,1817701,1817701,1760774.0,30.0,1760.814,1765.367,1760.774
fftstr_abab_512_x1000,value,utf8,TwoWay2,static,full-scan,full-scan,wild_len116,%a__________________________________________________________________________________________________________________a%,5,1000,0,8849716,1757954,1762564.0,1769943.2,1769846.1145235428,1806901,1806901,1762524.0,40.0,1762.564,1769.846,1762.524
fftstr_abab_512_x1000,value,utf8,TwoWay,static,full-scan,full-scan,wild_len080,%a______________________________________________________________________________a%,5,1000,0,8872107,1723576,1771413.0,1774421.4,1773814.1368362592,1857919,1857919,1771373.0,40.0,1771.413,1773.814,1771.373
fftstr_abab_512_x1000,value,utf8,LibcMemmem,static,full-scan,full-scan,wild_len164,%a__________________________________________________________________________________________________________________________________________________________________a%,5,1000,0,8908721,1771321,1777866.0,1781744.2,1781703.819266787,1804738,1804738,1777827.0,40.0,1777.866,1781.703,1777.827
fftstr_abab_512_x1000,value,utf8,PairHorspool,static,full-scan,full-scan,wild_len164,%a__________________________________________________________________________________________________________________________________________________________________a%,5,1000,0,8946566,1746505,1782356.0,1789313.2,1789027.6522205465,1828675,1828675,1782296.0,40.0,1782.356,1789.027,1782.296
fftstr_abab_512_x1000,value,utf8,PairHorspool,static,full-scan,full-scan,wild_len160,%a______________________________________________________________________________________________________________________________________________________________a%,5,1000,0,9003850,1771819,1785539.0,1800770.0,1800542.3924073214,1842804,1842804,1785499.0,40.0,1785.539,1800.542,1785.499
fftstr_abab_512_x1000,value,utf8,StdSearch,static,full-scan,full-scan,wild_len308,%a__________________________________________________________________________________________________________________________________________________________________________________________________________________________________________________________________________________________________________________a%,5,1000,0,8986181,1745905,1789423.0,1797236.2,1796665.210238749,1861539,1861539,1789383.0,40.0,1789.423,1796.665,1789.383
fftstr_abab_512_x1000,value,utf8,TwoWay,static,full-scan,full-scan,wild_len068,%a__________________________________________________________________a%,5,1000,0,9011947,1774553,1793472.0,1802389.4,1802107.7358238276,1863598,1863598,1793432.0,40.0,1793.472,1802.107,1793.432
fftstr_abab_512_x1000,value,utf8,TwoWay2,static,full-scan,full-scan,wild_len108,%a__________________________________________________________________________________________________________a%,5,1000,0,9085843,1789392,1796152.0,1817168.6,1816754.2358958956,1893807,1893807,1796092.0,70.0,1796.152,1816.754,1796.092
fftstr_abab_512_x1000,value,utf8,TwoWay2,static,full-scan,full-scan,wild_len112,%a______________________________________________________________________________________________________________a%,5,1000,0,8948641,1770453,1796752.0,1789728.2,1789668.8610459082,1807051,1807051,1796722.0,40.0,1796.752,1789.668,1796.722
fftstr_abab_512_x1000,value,utf8,PairHorspool,static,full-scan,full-scan,wild_len156,%a__________________________________________________________________________________________________________________________________________________________a%,5,1000,0,9072858,1794170,1796954.0,1814571.6,1814267.628409057,1881230,1881230,1796914.0,40.0,1796.954,1814.267,1796.914
fftstr_abab_512_x1000,value,utf8,TwoWay3,static,full-scan,full-scan,wild_len128,%a______________________________________________________________________________________________________________________________a%,5,1000,0,9191047,1796262,1798601.0,1838209.4,1836638.456279533,1993201,1993201,1798561.0,40.0,1798.601,1836.638,1798.561
fftstr_abab_512_x1000,value,utf8,StdSearch,static,full-scan,full-scan,wild_len304,%a______________________________________________________________________________________________________________________________________________________________________________________________________________________________________________________________________________________________________________a%,5,1000,0,9123085,1787232,1807742.0,1824617.0,1824295.8630057953,1885654,1885654,1807702.0,41.0,1807.742,1824.295,1807.702
fftstr_abab_512_x1000,value,utf8,LibcMemmem,static,full-scan,full-scan,wild_len160,%a______________________________________________________________________________________________________________________________________________________________a%,5,1000,0,9034514,1800606,1807920.0,1806902.8,1806899.388456212,1810495,1810495,1807881.0,40.0,1807.92,1806.899,1807.881
fftstr_abab_512_x1000,value,utf8,TwoWay3,static,full-scan,full-scan,wild_len136,%a______________________________________________________________________________________________________________________________________a%,5,1000,0,9592987,1749214,1811411.0,1918597.4,1908065.786411912,2316759,2316759,1811371.0,40.0,1811.411,1908.065,1811.371
fftstr_abab_512_x1000,value,utf8,TwoWay2,static,full-scan,full-scan,wild_len104,%a______________________________________________________________________________________________________a%,5,1000,0,9121581,1807012,1818231.0,1824316.2,1824197.1158734728,1865278,1865278,1818191.0,40.0,1818.231,1824.197,1818.191
fftstr_abab_512_x1000,value,utf8,LibcMemmem,static,full-scan,full-scan,wild_len156,%a__________________________________________________________________________________________________________________________________________________________a%,5,1000,0,9164452,1816582,1819985.0,1832890.4,1832801.5047406773,1855028,1855028,1819955.0,40.0,1819.985,1832.801,1819.955
fftstr_abab_512_x1000,value,utf8,TwoWay3,static,full-scan,full-scan,wild_len124,%a__________________________________________________________________________________________________________________________a%,5,1000,0,9344509,1812251,1820020.0,1868901.8,1866464.196357404,2064367,2064367,1819901.0,70.0,1820.02,1866.464,1819.901
fftstr_abab_512_x1000,value,utf8,TwoWay,static,full-scan,full-scan,wild_len064,%a______________________________________________________________a%,5,1000,0,9139793,1802141,1831441.0,1827958.6,1827907.5097121825,1842580,1842580,1831401.0,40.0,1831.441,1827.907,1831.401
fftstr_abab_512_x1000,value,utf8,LibcMemmem,static,full-scan,full-scan,wild_len152,%a______________________________________________________________________________________________________________________________________________________a%,5,1000,0,9219083,1828556,1831659.0,1843816.6,1843734.183250422,1873119,1873119,1831619.0,40.0,1831.659,1843.734,1831.619
fftstr_abab_512_x1000,value,utf8,TwoWay,static,full-scan,full-scan,wild_len056,%a______________________________________________________a%,5,1000,0,9226397,1825821,1834620.0,1845279.4,1845057.1892328847,1902556,1902556,1834580.0,40.0,1834.62,1845.057,1834.58
fftstr_abab_512_x1000,value,utf8,PairHorspool,static,full-scan,full-scan,wild_len152,%a______________________________________________________________________________________________________________________________________________________a%,5,1000,0,9239413,1812660,1839471.0,1847882.6,1847479.2105667712,1919935,1919935,1839432.0,40.0,1839.471,1847.479,1839.432
fftstr_abab_512_x1000,value,utf8,TwoWay,static,full-scan,full-scan,wild_len060,%a__________________________________________________________a%,5,1000,0,9219006,1827170,1840999.0,1843801.2,1843763.0109682393,1862458,1862458,1840959.0,40.0,1840.999,1843.763,1840.959
fftstr_abab_512_x1000,value,utf8,TwoWay3,static,full-scan,full-scan,wild_len120,%a______________________________________________________________________________________________________________________a%,5,1000,0,9207776,1833690,1843159.0,1841555.2,1841548.8132789708,1848229,1848229,1843119.0,40.0,1843.159,1841.548,1843.119
fftstr_abab_512_x1000,value,utf8,LibcMemmem,static,full-scan,full-scan,wild_len148,%a__________________________________________________________________________________________________________________________________________________a%,5,1000,0,9263555,1848991,1849371.0,1852711.0,1852701.5678250475,1864368,1864368,1849331.0,40.0,1849.371,1852.701,1849.331
fftstr_abab_512_x1000,value,utf8,TwoWay2,static,full-scan,full-scan,wild_len096,%a______________________________________________________________________________________________a%,5,1000,0,9292763,1846819,1852929.0,1858552.6,1858506.5596526512,1884027,1884027,1852889.0,40.0,1852.929,1858.506,1852.889
fftstr_abab_512_x1000,value,utf8,TwoWay,static,full-scan,full-scan,wild_len052,%a__________________________________________________a%,5,1000,0,9330582,1850250,1852939.0,1866116.4,1866006.3043010214,1902406,1902406,1852889.0,40.0,1852.939,1866.006,1852.889
fftstr_abab_512_x1000,value,utf8,TwoWay3,static,full-scan,full-scan,wild_len116,%a__________________________________________________________________________________________________________________a%,5,1000,0,9301021,1857618,1860218.0,1860204.2,1860203.1739159806,1862488,1862488,1860178.0,40.0,1860.218,1860.203,1860.178
fftstr_abab_512_x1000,value,utf8,StdSearch,static,full-scan,full-scan,wild_len300,%a__________________________________________________________________________________________________________________________________________________________________________________________________________________________________________________________________________________________________________a%,5,1000,0,9336291,1848553,1864518.0,1867258.2,1867191.086969092,1896050,1896050,1864477.0,41.0,1864.518,1867.191,1864.477
fftstr_abab_512_x1000,value,utf8,TwoWay2,static,full-scan,full-scan,wild_len100,%a__________________________________________________________________________________________________a%,5,1000,0,9390938,1858629,1868078.0,1878187.6,1878087.0218956182,1909296,1909296,1868038.0,40.0,1868.078,1878.087,1868.038
fftstr_abab_512_x1000,value,utf8,TwoWay,static,full-scan,full-scan,wild_len048,%a______________________________________________a%,5,1000,0,9351130,1854559,1870008.0,1870226.0,1870195.507882298,1885197,1885197,1869968.0,40.0,1870.008,1870.195,1869.968
fftstr_abab_512_x1000,value,utf8,TwoWay3,static,full-scan,full-scan,wild_len112,%a______________________________________________________________________________________________________________a%,5,1000,0,9392466,1868798,1878307.0,1878493.2,1878479.4160114755,1887387,1887387,1878247.0,40.0,1878.307,1878.479,1878.247
fftstr_abab_512_x1000,value,utf8,LibcMemmem,static,full-scan,full-scan,wild_len144,%a______________________________________________________________________________________________________________________________________________a%,5,1000,0,9447693,1863250,1880852.0,1889538.6,1889302.1251613563,1947247,1947247,1880822.0,40.0,1880.852,1889.302,1880.822
fftstr_abab_512_x1000,value,utf8,PairHorspool,static,full-scan,full-scan,wild_len148,%a__________________________________________________________________________________________________________________________________________________a%,5,1000,0,9467078,1843792,1881739.0,1893415.6,1892817.2533962135,1981481,1981481,1881699.0,30.0,1881.739,1892.817,1881.699
fftstr_abab_512_x1000,value,utf8,TwoWay,static,full-scan,full-scan,wild_len044,%a__________________________________________a%,5,1000,0,9511092,1875488,1886447.0,1902218.4,1902060.9427382906,1932415,1932415,1886407.0,40.0,1886.447,1902.06,1886.407
fftstr_abab_512_x1000,value,utf8,PairHorspool,static,full-scan,full-scan,wild_len144,%a______________________________________________________________________________________________________________________________________________a%,5,1000,0,9460113,1881240,1886578.0,1892022.6,1891972.8365847054,1919207,1919207,1886548.0,40.0,1886.578,1891.972,1886.548
fftstr_abab_512_x1000,value,utf8,TwoWay2,static,full-scan,full-scan,wild_len092,%a__________________________________________________________________________________________a%,5,1000,0,9451963,1868858,1891366.0,1890392.6,1890305.9400015348,1911786,1911786,1891326.0,40.0,1891.366,1890.305,1891.326
fftstr_abab_512_x1000,value,utf8,TwoWay2,static,full-scan,full-scan,wild_len088,%a______________________________________________________________________________________a%,5,1000,0,9542669,1888227,1897786.0,1908533.8,1908375.5510976114,1957013,1957013,1897746.0,40.0,1897.786,1908.375,1897.746
fftstr_abab_512_x1000,value,utf8,TwoWay,static,full-scan,full-scan,wild_len040,%a______________________________________a%,5,1000,0,9597317,1887947,1901057.0,1919463.4,1919023.7825448222,2001411,2001411,1901017.0,40.0,1901.057,1919.023,1901.017
fftstr_abab_512_x1000,value,utf8,PairHorspool,static,full-scan,full-scan,wild_len140,%a__________________________________________________________________________________________________________________________________________a%,5,1000,0,9523915,1878357,1901636.0,1904783.0,1904701.9424673861,1929006,1929006,1901596.0,50.0,1901.636,1904.701,1901.596
fftstr_abab_512_x1000,value,utf8,LibcMemmem,static,full-scan,full-scan,wild_len140,%a__________________________________________________________________________________________________________________________________________a%,5,1000,0,9537087,1888016,1902993.0,1907417.4,1907279.4159968328,1951447,1951447,1902953.0,40.0,1902.993,1907.279,1902.953
fftstr_abab_512_x1000,value,utf8,TwoWay2,static,full-scan,full-scan,wild_len084,%a__________________________________________________________________________________a%,5,1000,0,9553328,1903076,1910336.0,1910665.6,1910648.2859834116,1925684,1925684,1910296.0,40.0,1910.336,1910.648,1910.296
fftstr_abab_512_x1000,value,utf8,StdSearch,static,full-scan,full-scan,wild_len296,%a______________________________________________________________________________________________________________________________________________________________________________________________________________________________________________________________________________________________________a%,5,1000,0,9701454,1890796,1910863.0,1940290.8,1939167.3817287064,2072950,2072950,1910822.0,41.0,1910.863,1939.167,1910.822
fftstr_abab_512_x1000,value,utf8,TwoWay,static,full-scan,full-scan,wild_len036,%a__________________________________a%,5,1000,0,9803085,1906446,1918286.0,1960617.0,1959357.310417886,2095675,2095675,1918256.0,40.0,1918.286,1959.357,1918.256
fftstr_abab_512_x1000,value,utf8,TwoWay3,static,full-scan,full-scan,wild_len104,%a______________________________________________________________________________________________________a%,5,1000,0,9596114,1905705,1921135.0,1919222.8,1919209.8018430332,1926474,1926474,1921065.0,40.0,1921.135,1919.209,1921.065
fftstr_abab_512_x1000,value,utf8,TwoWay,static,full-scan,full-scan,wild_len032,%a______________________________a%,5,1000,0,9647595,1918345,1923765.0,1929519.0,1929463.9050418637,1957874,1957874,1923735.0,40.0,1923.765,1929.463,1923.735
fftstr_abab_512_x1000,value,utf8,TwoWay2,static,full-scan,full-scan,wild_len080,%a______________________________________________________________________________a%,5,1000,0,9634443,1911786,1925455.0,1926888.6,1926863.955136103,1940874,1940874,1925425.0,40.0,1925.455,1926.863,1925.425
fftstr_abab_512_x1000,value,utf8,LibcMemmem,static,full-scan,full-scan,wild_len132,%a__________________________________________________________________________________________________________________________________a%,5,1000,0,9645881,1927380,1928088.0,1929176.2,1929175.4484714642,1931252,1931252,1928048.0,30.0,1928.088,1929.175,1928.048
fftstr_abab_512_x1000,value,utf8,PairHorspool,static,full-scan,full-scan,wild_len128,%a______________________________________________________________________________________________________________________________a%,5,1000,0,9667789,1912432,1928946.0,1933557.8,1933452.9996170579,1969767,1969767,1928876.0,40.0,1928.946,1933.452,1928.876
fftstr_abab_512_x1000,value,utf8,PairHorspool,static,full-scan,full-scan,wild_len132,%a__________________________________________________________________________________________________________________________________a%,5,1000,0,9702614,1908102,1933586.0,1940522.8,1940388.7660677524,1966993,1966993,1933546.0,40.0,1933.586,1940.388,1933.546
fftstr_abab_512_x1000,value,utf8,PairHorspool,static,full-scan,full-scan,wild_len136,%a______________________________________________________________________________________________________________________________________a%,5,1000,0,9625601,1883595,1934464.0,1925120.2,1924825.585662551,1974765,1974765,1934424.0,40.0,1934.464,1924.825,1934.424
fftstr_abab_512_x1000,value,utf8,TwoWay3,static,full-scan,full-scan,wild_len100,%a__________________________________________________________________________________________________a%,5,1000,0,9679381,1920535,1935874.0,1935876.2,1935836.8742091302,1957013,1957013,1935834.0,40.0,1935.874,1935.836,1935.834
fftstr_abab_512_x1000,value,utf8,TwoWay3,static,full-scan,full-scan,wild_len148,%a__________________________________________________________________________________________________________________________________________________a%,5,1000,0,9492520,1647830,1939404.0,1898504.0,1887566.0219660238,2233539,2233539,1939364.0,70.0,1939.404,1887.566,1939.364
fftstr_abab_512_x1000,value,utf8,PairHorspool,static,full-scan,full-scan,wild_len124,%a__________________________________________________________________________________________________________________________a%,5,1000,0,9761723,1933027,1940012.0,1952344.6,1952122.3139200762,2011076,2011076,1939942.0,70.0,1940.012,1952.122,1939.942
fftstr_abab_512_x1000,value,utf8,TwoWay3,static,full-scan,full-scan,wild_len096,%a______________________________________________________________________________________________a%,5,1000,0,9749296,1939904,1944373.0,1949859.2,1949819.4598156067,1974422,1974422,1944333.0,40.0,1944.373,1949.819,1944.333
fftstr_abab_512_x1000,value,utf8,LibcMemmem,static,full-scan,full-scan,wild_len136,%a______________________________________________________________________________________________________________________________________a%,5,1000,0,9733237,1920305,1946947.0,1946647.4,1946521.6905511245,1974965,1974965,1946907.0,40.0,1946.947,1946.521,1946.907
fftstr_abab_512_x1000,value,utf8,LibcMemmem,static,full-scan,full-scan,wild_len128,%a______________________________________________________________________________________________________________________________a%,5,1000,0,9837419,1942157,1947615.0,1967483.8,1967191.9376179667,2033169,2033169,1947575.0,40.0,1947.615,1967.191,1947.575
fftstr_abab_512_x1000,value,utf8,TwoWay2,static,full-scan,full-scan,wild_len072,%a______________________________________________________________________a%,5,1000,0,9896048,1951173,1955703.0,1979209.6,1978927.8253875342,2036418,2036418,1955663.0,40.0,1955.703,1978.927,1955.663
fftstr_abab_512_x1000,value,utf8,TwoWay2,static,full-scan,full-scan,wild_len076,%a__________________________________________________________________________a%,5,1000,0,9859182,1937654,1957403.0,1971836.4,1971561.3069437335,2024820,2024820,1957363.0,40.0,1957.403,1971.561,1957.363
fftstr_abab_512_x1000,value,utf8,TwoWay,static,full-scan,full-scan,wild_len028,%a__________________________a%,5,1000,0,9872301,1935424,1959673.0,1974460.2,1974096.1273832147,2025380,2025380,1959633.0,40.0,1959.673,1974.096,1959.633
fftstr_abab_512_x1000,value,utf8,TwoWay3,static,full-scan,full-scan,wild_len108,%a__________________________________________________________________________________________________________a%,5,1000,0,10100637,1897816,1963923.0,2020127.4,2014043.110934058,2336420,2336420,1963883.0,40.0,1963.923,2014.043,1963.883
fftstr_abab_512_x1000,value,utf8,TwoWay3,static,full-scan,full-scan,wild_len092,%a__________________________________________________________________________________________a%,5,1000,0,9905878,1961493,1965462.0,1981175.6,1980904.7052798346,2046948,2046948,1965412.0,40.0,1965.462,1980.904,1965.412
fftstr_abab_512_x1000,value,utf8,TwoWay,static,full-scan,full-scan,wild_len024,%a______________________a%,5,1000,0,10023431,1942944,1967063.0,2004686.2,2002827.8473375968,2179829,2179829,1967013.0,40.0,1967.063,2002.827,1967.013
fftstr_abab_512_x1000,value,utf8,PairHorspool,static,full-scan,full-scan,wild_len120,%a______________________________________________________________________________________________________________________a%,5,1000,0,10152361,1957474,1973918.0,2030472.2,2028795.476528405,2137700,2137700,1973888.0,40.0,1973.918,2028.795,1973.888
fftstr_abab_512_x1000,value,utf8,StdSearch,static,full-scan,full-scan,wild_len292,%a__________________________________________________________________________________________________________________________________________________________________________________________________________________________________________________________________________________________________a%,5,1000,0,9924142,1947791,1976991.0,1984828.4,1984520.9924949936,2045959,2045959,1976950.0,41.0,1976.991,1984.52,1976.95
fftstr_abab_512_x1000,value,utf8,TwoWay2,static,full-scan,full-scan,wild_len068,%a__________________________________________________________________a%,5,1000,0,9896069,1965813,1979072.0,1979213.8,1979180.169165381,1995171,1995171,1978982.0,60.0,1979.072,1979.18,1978.982
fftstr_abab_512_x1000,value,utf8,StdSearch,static,full-scan,full-scan,wild_len288,%a______________________________________________________________________________________________________________________________________________________________________________________________________________________________________________________________________________________________a%,5,1000,0,9964772,1964782,1980757.0,1992954.4,1992779.1457537664,2027959,2027959,1980706.0,41.0,1980.757,1992.779,1980.706
fftstr_abab_512_x1000,value,utf8,TwoWay,static,full-scan,full-scan,wild_len020,%a__________________a%,5,1000,0,9898461,1964883,1981872.0,1979692.2,1979668.8818575516,1993442,1993442,1981842.0,40.0,1981.872,1979.668,1981.842
fftstr_abab_512_x1000,value,utf8,TwoWay3,static,full-scan,full-scan,wild_len088,%a______________________________________________________________________________________a%,5,1000,0,9914879,1976042,1983871.0,1982975.8,1982966.4107430135,1992952,1992952,1983831.0,40.0,1983.871,1982.966,1983.831
fftstr_abab_512_x1000,value,utf8,TwoWay2,static,full-scan,full-scan,wild_len064,%a______________________________________________________________a%,5,1000,0,9925107,1982641,1985302.0,1985021.4,1985020.6878283685,1987382,1987382,1985272.0,30.0,1985.302,1985.02,1985.272
fftstr_abab_512_x1000,value,utf8,TwoWay3,static,full-scan,full-scan,wild_len084,%a__________________________________________________________________________________a%,5,1000,0,9941236,1971742,1988091.0,1988247.2,1988218.1270045892,2004290,2004290,1988061.0,40.0,1988.091,1988.218,1988.061
fftstr_abab_512_x1000,value,utf8,TwoWay,static,full-scan,full-scan,wild_len016,%a______________a%,5,1000,0,10172118,1981973,1989942.0,2034423.6,2032970.603819018,2187398,2187398,1989892.0,40.0,1989.942,2032.97,1989.892
fftstr_abab_512_x1000,value,utf8,LibcMemmem,static,full-scan,full-scan,wild_len124,%a__________________________________________________________________________________________________________________________a%,5,1000,0,10179036,1971563,1993266.0,2035807.2,2034194.4822040957,2189558,2189558,1993236.0,30.0,1993.266,2034.194,1993.236
fftstr_abab_512_x1000,value,utf8,PairHorspool,static,full-scan,full-scan,wild_len116,%a__________________________________________________________________________________________________________________a%,5,1000,0,10789669,1968669,1997686.0,2157933.8,2138159.4632703015,2776784,2776784,1997646.0,40.0,1997.686,2138.159,1997.646
fftstr_abab_512_x1000,value,utf8,LibcMemmem,static,full-scan,full-scan,wild_len120,%a______________________________________________________________________________________________________________________a%,5,1000,0,10178426,1984037,2002905.0,2035685.2,2034351.6999441306,2184897,2184897,2002875.0,30.0,2002.905,2034.351,2002.875
fftstr_abab_512_x1000,value,utf8,TwoWay,static,full-scan,full-scan,wild_len012,%a__________a%,5,1000,0,10209844,1998951,2007511.0,2041968.8,2040817.140526897,2180672,2180672,2007471.0,40.0,2007.511,2040.817,2007.471
fftstr_abab_512_x1000,value,utf8,TwoWay2,static,full-scan,full-scan,wild_len060,%a__________________________________________________________a%,5,1000,0,10128199,1988571,2012050.0,2025639.8,2025212.5667617086,2106556,2106556,2012020.0,40.0,2012.05,2025.212,2012.02
fftstr_abab_512_x1000,value,utf8,LibcMemmem,static,full-scan,full-scan,wild_len116,%a__________________________________________________________________________________________________________________a%,5,1000,0,10063567,2007345,2013093.0,2012713.4,2012711.0637574724,2016914,2016914,2013063.0,40.0,2013.093,2012.711,2013.063
fftstr_abab_512_x1000,value,utf8,TwoWay3,static,full-scan,full-scan,wild_len080,%a______________________________________________________________________________a%,5,1000,0,10155627,2012051,2016640.0,2031125.4,2030954.84632635,2081776,2081776,2016600.0,40.0,2016.64,2030.954,2016.6
fftstr_abab_512_x1000,value,utf8,TwoWay2,static,full-scan,full-scan,wild_len056,%a______________________________________________________a%,5,1000,0,10260001,2015130,2021110.0,2052000.2,2051592.7770585995,2110335,2110335,2021080.0,70.0,2021.11,2051.592,2021.08
fftstr_abab_512_x1000,value,utf8,StdSearch,static,full-scan,full-scan,wild_len284,%a__________________________________________________________________________________________________________________________________________________________________________________________________________________________________________________________________________________________a%,5,1000,0,10132065,1997079,2030728.0,2026413.0,2026332.7472183113,2050277,2050277,2030697.0,51.0,2030.728,2026.332,2030.697
fftstr_abab_512_x1000,value,utf8,LibcMemmem,static,full-scan,full-scan,wild_len112,%a______________________________________________________________________________________________________________a%,5,1000,0,10235991,2027372,2031822.0,2047198.2,2046990.24738421,2105351,2105351,2031782.0,40.0,2031.822,2046.99,2031.782
fftstr_abab_512_x1000,value,utf8,TwoWay,static,full-scan,full-scan,wild_len008,%a______a%,5,1000,0,10263052,2009161,2034479.0,2052610.4,2051989.9772351286,2152473,2152473,2034439.0,40.0,2034.479,2051.989,2034.439
fftstr_abab_512_x1000,value,utf8,TwoWay,static,full-scan,full-scan,wild_len003,%a_b%,5,1000,0,10260711,2028090,2035109.0,2052142.2,2051836.7147484436,2123035,2123035,2035059.0,50.0,2035.109,2051.836,2035.059
fftstr_abab_512_x1000,value,utf8,TwoWay3,static,full-scan,full-scan,wild_len064,%a______________________________________________________________a%,5,1000,0,10261700,2019660,2038219.0,2052340.0,2052069.821504954,2109915,2109915,2038119.0,50.0,2038.219,2052.069,2038.119
fftstr_abab_512_x1000,value,utf8,TwoWay3,static,full-scan,full-scan,wild_len076,%a__________________________________________________________________________a%,5,1000,0,10205464,2030989,2039779.0,2041092.8,2041062.1246606756,2061677,2061677,2039739.0,40.0,2039.779,2041.062,2039.739
fftstr_abab_512_x1000,value,utf8,TwoWay,static,full-scan,full-scan,wild_len004,%a__a%,5,1000,0,10321268,2032350,2039789.0,2064253.6,2063555.7878714055,2172841,2172841,2039749.0,40.0,2039.789,2063.555,2039.749
fftstr_abab_512_x1000,value,utf8,TwoWay3,static,full-scan,full-scan,wild_len072,%a______________________________________________________________________a%,5,1000,0,10435130,2038138,2042229.0,2087026.0,2085330.4057708108,2258236,2258236,2042189.0,40.0,2042.229,2085.33,2042.189
fftstr_abab_512_x1000,value,utf8,TwoWay2,static,full-scan,full-scan,wild_len052,%a__________________________________________________a%,5,1000,0,10340456,2033129,2042689.0,2068091.2,2067731.621973161,2115424,2115424,2042649.0,40.0,2042.689,2067.731,2042.649
fftstr_abab_512_x1000,value,utf8,StdSearch,static,full-scan,full-scan,wild_len280,%a______________________________________________________________________________________________________________________________________________________________________________________________________________________________________________________________________________________a%,5,1000,0,10285841,2022429,2049055.0,2057168.2,2056796.4639578233,2132744,2132744,2048983.0,40.0,2049.055,2056.796,2048.983
fftstr_abab_512_x1000,value,utf8,LibcMemmem,static,full-scan,full-scan,wild_len108,%a__________________________________________________________________________________________________________a%,5,1000,0,10328555,2051977,2055370.0,2065711.0,2065643.6249584202,2096729,2096729,2055330.0,40.0,2055.37,2065.643,2055.33
fftstr_abab_512_x1000,value,utf8,TwoWay3,static,full-scan,full-scan,wild_len068,%a__________________________________________________________________a%,5,1000,0,10342984,2057127,2066016.0,2068596.8,2068573.5287703045,2082646,2082646,2065936.0,70.0,2066.016,2068.573,2065.936
fftstr_abab_512_x1000,value,utf8,TwoWay2,static,full-scan,full-scan,wild_len044,%a__________________________________________a%,5,1000,0,10400814,2066117,2073557.0,2080162.8,2080108.6790953297,2106945,2106945,2073507.0,50.0,2073.557,2080.108,2073.507
fftstr_abab_512_x1000,value,utf8,TwoWay3,static,full-scan,full-scan,wild_len060,%a__________________________________________________________a%,5,1000,0,10336255,2026529,2074607.0,2067251.0,2066995.6461550195,2117634,2117634,2074577.0,50.0,2074.607,2066.995,2074.577
fftstr_abab_512_x1000,value,utf8,PairHorspool,static,full-scan,full-scan,wild_len100,%a__________________________________________________________________________________________________a%,5,1000,0,10488178,2073640,2078399.0,2097635.6,2097456.327167419,2142869,2142869,2078359.0,40.0,2078.399,2097.456,2078.359
fftstr_abab_512_x1000,value,utf8,LibcMemmem,static,full-scan,full-scan,wild_len104,%a______________________________________________________________________________________________________a%,5,1000,0,10402427,2068581,2078769.0,2080485.4,2080469.0299620288,2093247,2093247,2078729.0,40.0,2078.769,2080.469,2078.729
fftstr_abab_512_x1000,value,utf8,TwoWay3,static,full-scan,full-scan,wild_len056,%a______________________________________________________a%,5,1000,0,10423302,2058308,2086416.0,2084660.4,2084579.0428135719,2113065,2113065,2086376.0,40.0,2086.416,2084.579,2086.376
fftstr_abab_512_x1000,value,utf8,LibcMemmem,static,full-scan,full-scan,wild_len100,%a__________________________________________________________________________________________________a%,5,1000,0,10496721,2093996,2097568.0,2099344.2,2099336.9641825026,2108734,2108734,2097528.0,40.0,2097.568,2099.336,2097.528
fftstr_abab_512_x1000,value,utf8,TwoWay3,static,full-scan,full-scan,wild_len052,%a__________________________________________________a%,5,1000,0,10855859,2092955,2097876.0,2171171.8,2167621.5334808542,2422447,2422447,2097766.0,40.0,2097.876,2167.621,2097.766
fftstr_abab_512_x1000,value,utf8,TwoWay3,static,full-scan,full-scan,wild_len048,%a______________________________________________a%,5,1000,0,10519004,2091065,2098495.0,2103800.8,2103737.278323547,2135353,2135353,2098445.0,50.0,2098.495,2103.737,2098.445
fftstr_abab_512_x1000,value,utf8,TwoWay2,static,full-scan,full-scan,wild_len040,%a______________________________________a%,5,1000,0,10588803,2087006,2099526.0,2117760.6,2117316.171837102,2204830,2204830,2099486.0,40.0,2099.526,2117.316,2099.486
fftstr_abab_512_x1000,value,utf8,PairHorspool,static,full-scan,full-scan,wild_len092,%a__________________________________________________________________________________________a%,5,1000,0,10587600,2081193,2099563.0,2117520.0,2117019.37027556,2206071,2206071,2099523.0,40.0,2099.563,2117.019,2099.523
fftstr_abab_512_x1000,value,utf8,TwoWay2,static,full-scan,full-scan,wild_len048,%a______________________________________________a%,5,1000,0,11405546,2059318,2102665.0,2281109.2,2255148.289770092,3017235,3017235,2102625.0,80.0,2102.665,2255.148,2102.625
fftstr_abab_512_x1000,value,utf8,PairHorspool,static,full-scan,full-scan,wild_len096,%a______________________________________________________________________________________________a%,5,1000,0,10615161,2088138,2102767.0,2123032.2,2122521.0291206106,2215690,2215690,2102727.0,40.0,2102.767,2122.521,2102.727
fftstr_abab_512_x1000,value,utf8,StdSearch,static,full-scan,full-scan,wild_len276,%a__________________________________________________________________________________________________________________________________________________________________________________________________________________________________________________________________________________a%,5,1000,0,10521986,2056833,2103860.0,2104397.2,2103976.188778684,2158197,2158197,2103819.0,41.0,2103.86,2103.976,2103.819
fftstr_abab_512_x1000,value,utf8,PairHorspool,static,full-scan,full-scan,wild_len108,%a__________________________________________________________________________________________________________a%,5,1000,0,11560783,2026103,2110599.0,2312156.6,2276687.7324862154,3186748,3186748,2110539.0,40.0,2110.599,2276.687,2110.539
fftstr_abab_512_x1000,value,utf8,TwoWay3,static,full-scan,full-scan,wild_len044,%a__________________________________________a%,5,1000,0,10584254,2112685,2115415.0,2116850.8,2116847.5425873613,2122064,2122064,2115375.0,50.0,2115.415,2116.847,2115.375
fftstr_abab_512_x1000,value,utf8,TwoWay2,static,full-scan,full-scan,wild_len036,%a__________________________________a%,5,1000,0,10668508,2106585,2116704.0,2133701.6,2133544.7034066054,2166092,2166092,2116634.0,50.0,2116.704,2133.544,2116.634
fftstr_abab_512_x1000,value,utf8,PairHorspool,static,full-scan,full-scan,wild_len088,%a______________________________________________________________________________________a%,5,1000,0,10581822,2094355,2118552.0,2116364.4,2116322.1410453375,2133339,2133339,2118502.0,40.0,2118.552,2116.322,2118.502
fftstr_abab_512_x1000,value,utf8,PairHorspool,static,full-scan,full-scan,wild_len104,%a______________________________________________________________________________________________________a%,5,1000,0,11475833,2104284,2128192.0,2295166.6,2284952.491403796,2635094,2635094,2128152.0,40.0,2128.192,2284.952,2128.152
fftstr_abab_512_x1000,value,utf8,LibcMemmem,static,full-scan,full-scan,wild_len092,%a__________________________________________________________________________________________a%,5,1000,0,10703769,2126166,2130018.0,2140753.8,2140679.876547967,2174051,2174051,2129978.0,40.0,2130.018,2140.679,2129.978
fftstr_abab_512_x1000,value,utf8,LibcMemmem,static,full-scan,full-scan,wild_len096,%a______________________________________________________________________________________________a%,5,1000,0,10665354,2124160,2131903.0,2133070.8,2133062.191968586,2142131,2142131,2131873.0,30.0,2131.903,2133.062,2131.873
fftstr_abab_512_x1000,value,utf8,TwoWay3,static,full-scan,full-scan,wild_len040,%a______________________________________a%,5,1000,0,10688446,2126754,2133253.0,2137689.2,2137652.403789912,2161862,2161862,2133213.0,40.0,2133.253,2137.652,2133.213
fftstr_abab_512_x1000,value,utf8,StdSearch,static,full-scan,full-scan,wild_len272,%a______________________________________________________________________________________________________________________________________________________________________________________________________________________________________________________________________________a%,5,1000,0,10676451,2100257,2133996.0,2135290.2,2135096.8856441416,2177593,2177593,2133895.0,41.0,2133.996,2135.096,2133.895
fftstr_abab_512_x1000,value,utf8,TwoWay2,static,full-scan,full-scan,wild_len032,%a______________________________a%,5,1000,0,10801901,2123714,2137894.0,2160380.2,2160004.252142535,2232138,2232138,2137864.0,40.0,2137.894,2160.004,2137.864
fftstr_abab_512_x1000,value,utf8,TwoWay3,static,full-scan,full-scan,wild_len036,%a__________________________________a%,5,1000,0,10760392,2145153,2149273.0,2152078.4,2152069.962424593,2162212,2162212,2149223.0,50.0,2149.273,2152.069,2149.223
fftstr_abab_512_x1000,value,utf8,LibcMemmem,static,full-scan,full-scan,wild_len088,%a______________________________________________________________________________________a%,5,1000,0,10770551,2148287,2152508.0,2154110.2,2154104.162589019,2161238,2161238,2152478.0,40.0,2152.508,2154.104,2152.478
fftstr_abab_512_x1000,value,utf8,StdSearch,static,full-scan,full-scan,wild_len264,%a______________________________________________________________________________________________________________________________________________________________________________________________________________________________________________________________________a%,5,1000,0,10837416,2159328,2162190.0,2167483.2,2167458.3910244415,2187215,2187215,2162159.0,40.0,2162.19,2167.458,2162.159
fftstr_abab_512_x1000,value,utf8,PairHorspool,static,full-scan,full-scan,wild_len084,%a__________________________________________________________________________________a%,5,1000,0,10822726,2126045,2162306.0,2164545.2,2164258.7404524833,2225997,2225997,2162266.0,40.0,2162.306,2164.258,2162.266
fftstr_abab_512_x1000,value,utf8,StdSearch,static,full-scan,full-scan,wild_len268,%a__________________________________________________________________________________________________________________________________________________________________________________________________________________________________________________________________________a%,5,1000,0,10836716,2127766,2169866.0,2167343.2,2167172.5457706973,2211823,2211823,2169438.0,41.0,2169.866,2167.172,2169.438
fftstr_abab_512_x1000,value,utf8,TwoWay2,static,full-scan,full-scan,wild_len020,%a__________________a%,5,1000,0,10929574,2173112,2179781.0,2185914.8,2185864.22448304,2214670,2214670,2179741.0,40.0,2179.781,2185.864,2179.741
fftstr_abab_512_x1000,value,utf8,LibcMemmem,static,full-scan,full-scan,wild_len084,%a__________________________________________________________________________________a%,5,1000,0,10926633,2171247,2183102.0,2185326.6,2185287.339152524,2209843,2209843,2182812.0,50.0,2183.102,2185.287,2182.812
fftstr_abab_512_x1000,value,utf8,TwoWay3,static,full-scan,full-scan,wild_len028,%a__________________________a%,5,1000,0,10927632,2179141,2183150.0,2185526.4,2185512.5701365555,2200520,2200520,2183100.0,60.0,2183.15,2185.512,2183.1
fftstr_abab_512_x1000,value,utf8,PairHorspool,static,full-scan,full-scan,wild_len076,%a__________________________________________________________________________a%,5,1000,0,10940539,2177343,2186145.0,2188107.8,2188085.079017436,2206858,2206858,2186105.0,40.0,2186.145,2188.085,2186.105
fftstr_abab_512_x1000,value,utf8,TwoWay2,static,full-scan,full-scan,wild_len024,%a______________________a%,5,1000,0,11127125,2163162,2196597.0,2225425.0,2224181.378705194,2367091,2367091,2196547.0,50.0,2196.597,2224.181,2196.547
fftstr_abab_512_x1000,value,utf8,PairHorspool,static,full-scan,full-scan,wild_len068,%a__________________________________________________________________a%,5,1000,0,10986830,2188380,2197739.0,2197366.0,2197360.532432301,2202808,2202808,2197699.0,40.0,2197.739,2197.36,2197.699
fftstr_abab_512_x1000,value,utf8,TwoWay3,static,full-scan,full-scan,wild_len024,%a______________________a%,5,1000,0,10997490,2197100,2198340.0,2199498.0,2199495.5841694954,2205910,2205910,2198310.0,50.0,2198.34,2199.495,2198.31
fftstr_abab_512_x1000,value,utf8,LibcMemmem,static,full-scan,full-scan,wild_len080,%a______________________________________________________________________________a%,5,1000,0,11076094,2192361,2200223.0,2215218.8,2214988.0069577857,2277734,2277734,2200194.0,40.0,2200.223,2214.988,2200.194
fftstr_abab_512_x1000,value,utf8,TwoWay2,static,full-scan,full-scan,wild_len028,%a__________________________a%,5,1000,0,11137624,2147323,2203100.0,2227524.8,2225860.5350777,2395470,2395470,2203060.0,80.0,2203.1,2225.86,2203.06
fftstr_abab_512_x1000,value,utf8,TwoWay3,static,full-scan,full-scan,wild_len032,%a______________________________a%,5,1000,0,11026178,2166281,2212400.0,2205235.6,2205110.3285544836,2230248,2230248,2212070.0,40.0,2212.4,2205.11,2212.07
fftstr_abab_512_x1000,value,utf8,PairHorspool,static,full-scan,full-scan,wild_len064,%a______________________________________________________________a%,5,1000,0,11076751,2211448,2213414.0,2215350.2,2215346.3572721877,2221607,2221607,2213374.0,40.0,2213.414,2215.346,2213.374
fftstr_abab_512_x1000,value,utf8,LibcMemmem,static,full-scan,full-scan,wild_len076,%a__________________________________________________________________________a%,5,1000,0,11089107,2209872,2213665.0,2217821.4,2217805.161722579,2232783,2232783,2213625.0,40.0,2213.665,2217.805,2213.625
fftstr_abab_512_x1000,value,utf8,TwoWay2,static,full-scan,full-scan,wild_len016,%a______________a%,5,1000,0,11077285,2182681,2215219.0,2215457.0,2215295.6322896173,2257227,2257227,2215179.0,40.0,2215.219,2215.295,2215.179
fftstr_abab_512_x1000,value,utf8,PairHorspool,static,full-scan,full-scan,wild_len080,%a______________________________________________________________________________a%,5,1000,0,11017880,2162097,2216388.0,2203576.0,2203332.8014700534,2240226,2240226,2216329.0,40.0,2216.388,2203.332,2216.329
fftstr_abab_512_x1000,value,utf8,StdSearch,static,full-scan,full-scan,wild_len260,%a__________________________________________________________________________________________________________________________________________________________________________________________________________________________________________________________________a%,5,1000,0,11110288,2190940,2218248.0,2222057.6,2221938.0286261356,2260043,2260043,2218207.0,41.0,2218.248,2221.938,2218.207
fftstr_abab_512_x1000,value,utf8,TwoWay3,static,full-scan,full-scan,wild_len020,%a__________________a%,5,1000,0,11125442,2214639,2222389.0,2225088.4,2225067.856187796,2242077,2242077,2222329.0,40.0,2222.389,2225.067,2222.329
fftstr_abab_512_x1000,value,utf8,TwoWay2,static,full-scan,full-scan,wild_len264,%a______________________________________________________________________________________________________________________________________________________________________________________________________________________________________________________________________a%,5,1000,0,11105793,2205430,2222978.0,2221158.6,2221133.8741519866,2233218,2233218,2222928.0,50.0,2222.978,2221.133,2222.928
fftstr_abab_512_x1000,value,utf8,LibcMemmem,static,full-scan,full-scan,wild_len072,%a______________________________________________________________________a%,5,1000,0,11164809,2226656,2229739.0,2232961.8,2232952.3136127708,2242431,2242431,2229699.0,40.0,2229.739,2232.952,2229.699
fftstr_abab_512_x1000,value,utf8,TwoWay2,static,full-scan,full-scan,wild_len004,%a__a%,5,1000,0,11194268,2224188,2232288.0,2238853.6,2238795.151413155,2269916,2269916,2232248.0,40.0,2232.288,2238.795,2232.248
fftstr_abab_512_x1000,value,utf8,PairHorspool,static,full-scan,full-scan,wild_len060,%a__________________________________________________________a%,5,1000,0,11284189,2230816,2235686.0,2256837.8,2256497.6961090015,2334900,2334900,2235646.0,40.0,2235.686,2256.497,2235.646
fftstr_abab_512_x1000,value,utf8,TwoWay2,static,full-scan,full-scan,wild_len008,%a______a%,5,1000,0,11205271,2232829,2236018.0,2241054.2,2241018.463709483,2266217,2266217,2235978.0,40.0,2236.018,2241.018,2235.978
fftstr_abab_512_x1000,value,utf8,PairHorspool,static,full-scan,full-scan,wild_len072,%a______________________________________________________________________a%,5,1000,0,11683866,2184907,2236993.0,2336773.2,2331023.4273602273,2630614,2630614,2236963.0,50.0,2236.993,2331.023,2236.963
fftstr_abab_512_x1000,value,utf8,TwoWay3,static,full-scan,full-scan,wild_len016,%a______________a%,5,1000,0,11226946,2227488,2243068.0,2245389.2,2245357.597963523,2264536,2264536,2243028.0,40.0,2243.068,2245.357,2243.028
fftstr_abab_512_x1000,value,utf8,StdSearch,static,full-scan,full-scan,wild_len256,%a______________________________________________________________________________________________________________________________________________________________________________________________________________________________________________________________a%,5,1000,0,11257823,2227330,2243569.0,2251564.6,2251455.284683611,2284976,2284976,2243528.0,40.0,2243.569,2251.455,2243.528
fftstr_abab_512_x1000,value,utf8,TwoWay2,static,full-scan,full-scan,wild_len003,%a_b%,5,1000,0,11316912,2238578,2243648.0,2263382.4,2263113.7412386364,2331523,2331523,2243608.0,40.0,2243.648,2263.113,2243.608
fftstr_abab_512_x1000,value,utf8,LibcMemmem,static,full-scan,full-scan,wild_len068,%a__________________________________________________________________a%,5,1000,0,11354049,2250434,2254895.0,2270809.8,2270687.2664042586,2310503,2310503,2254865.0,40.0,2254.895,2270.687,2254.865
fftstr_abab_512_x1000,value,utf8,PairHorspool,static,full-scan,full-scan,wild_len056,%a______________________________________________________a%,5,1000,0,11482046,2250533,2259004.0,2296409.2,2295808.205623488,2385898,2385898,2258955.0,40.0,2259.004,2295.808,2258.955
fftstr_abab_512_x1000,value,utf8,TwoWay3,static,full-scan,full-scan,wild_len012,%a__________a%,5,1000,0,11372000,2254627,2259217.0,2274400.0,2274184.8143405207,2337023,2337023,2259177.0,50.0,2259.217,2274.184,2259.177
fftstr_abab_512_x1000,value,utf8,TwoWay2,static,full-scan,full-scan,wild_len260,%a__________________________________________________________________________________________________________________________________________________________________________________________________________________________________________________________________a%,5,1000,0,11317492,2241687,2266746.0,2263498.4,2263443.37389137,2285326,2285326,2266706.0,50.0,2266.746,2263.443,2266.706
fftstr_abab_512_x1000,value,utf8,LibcMemmem,static,full-scan,full-scan,wild_len064,%a______________________________________________________________a%,5,1000,0,11593017,2273005,2274841.0,2318603.4,2317876.9780851975,2417100,2417100,2274781.0,40.0,2274.841,2317.876,2274.781
fftstr_abab_512_x1000,value,utf8,PairHorspool,static,full-scan,full-scan,wild_len052,%a__________________________________________________a%,5,1000,0,11604989,2277235,2281217.0,2320997.8,2319906.276932496,2464097,2464097,2281177.0,40.0,2281.217,2319.906,2281.177
fftstr_abab_512_x1000,value,utf8,TwoWay3,static,full-scan,full-scan,wild_len008,%a______a%,5,1000,0,11458452,2272406,2284035.0,2291690.4,2291603.382217005,2325083,2325083,2283995.0,40.0,2284.035,2291.603,2283.995
fftstr_abab_512_x1000,value,utf8,TwoWay3,static,full-scan,full-scan,wild_len004,%a__a%,5,1000,0,11575338,2286055,2296095.0,2315067.6,2314704.834306226,2396969,2396969,2296055.0,40.0,2296.095,2314.704,2296.055
fftstr_abab_512_x1000,value,utf8,PairHorspool,static,full-scan,full-scan,wild_len048,%a______________________________________________a%,5,1000,0,11514276,2283612,2298678.0,2302855.2,2302817.1820971463,2322337,2322337,2298638.0,40.0,2298.678,2302.817,2298.638
fftstr_abab_512_x1000,value,utf8,StdSearch,static,full-scan,full-scan,wild_len252,%a__________________________________________________________________________________________________________________________________________________________________________________________________________________________________________________________a%,5,1000,0,11527466,2261447,2304799.0,2305493.2,2305142.8516085823,2362689,2362689,2304748.0,41.0,2304.799,2305.142,2304.748
fftstr_abab_512_x1000,value,utf8,TwoWay3,static,full-scan,full-scan,wild_len003,%a_b%,5,1000,0,11555809,2296315,2308434.0,2311161.8,2311118.527691726,2337792,2337792,2308394.0,40.0,2308.434,2311.118,2308.394
fftstr_abab_512_x1000,value,utf8,LibcMemmem,static,full-scan,full-scan,wild_len056,%a______________________________________________________a%,5,1000,0,11602434,2313087,2313685.0,2320486.8,2320444.647900187,2348540,2348540,2313645.0,40.0,2313.685,2320.444,2313.645
fftstr_abab_512_x1000,value,utf8,PairHorspool,static,full-scan,full-scan,wild_len044,%a__________________________________________a%,5,1000,0,11610446,2308358,2318076.0,2322089.2,2322061.42924091,2342163,2342163,2318046.0,30.0,2318.076,2322.061,2318.046
fftstr_abab_512_x1000,value,utf8,StdSearch,static,full-scan,full-scan,wild_len248,%a______________________________________________________________________________________________________________________________________________________________________________________________________________________________________________________a%,5,1000,0,11670472,2300104,2325650.0,2334094.4,2333848.6906066025,2393081,2393081,2325609.0,41.0,2325.65,2333.848,2325.609
fftstr_abab_512_x1000,value,utf8,StdSearch,static,full-scan,full-scan,wild_len244,%a__________________________________________________________________________________________________________________________________________________________________________________________________________________________________________________a%,5,1000,0,11777152,2324133,2332756.0,2355430.4,2355212.75429072,2401032,2401032,2332716.0,41.0,2332.756,2355.212,2332.716
fftstr_abab_512_x1000,value,utf8,LibcMemmem,static,full-scan,full-scan,wild_len052,%a__________________________________________________a%,5,1000,0,11726633,2322986,2338252.0,2345326.6,2345261.6699970476,2370681,2370681,2338212.0,40.0,2338.252,2345.261,2338.212
fftstr_abab_512_x1000,value,utf8,LibcMemmem,static,full-scan,full-scan,wild_len048,%a______________________________________________a%,5,1000,0,12078556,2347203,2356402.0,2415711.2,2413101.881074539,2643815,2643815,2356362.0,40.0,2356.402,2413.101,2356.362
fftstr_abab_512_x1000,value,utf8,PairHorspool,static,full-scan,full-scan,wild_len036,%a__________________________________a%,5,1000,0,11805070,2350714,2361521.0,2361014.0,2361003.5882108235,2371988,2371988,2361481.0,40.0,2361.521,2361.003,2361.481
fftstr_abab_512_x1000,value,utf8,PairHorspool,static,full-scan,full-scan,wild_len032,%a______________________________a%,5,1000,0,11851563,2363458,2371490.0,2370312.6,2370310.006440701,2373276,2373276,2371450.0,40.0,2371.49,2370.31,2371.45
fftstr_abab_512_x1000,value,utf8,StdSearch,static,full-scan,full-scan,wild_len240,%a______________________________________________________________________________________________________________________________________________________________________________________________________________________________________________a%,5,1000,0,11928160,2359614,2375641.0,2385632.0,2385434.1570963506,2446258,2446258,2375600.0,41.0,2375.641,2385.434,2375.6
fftstr_abab_512_x1000,value,utf8,LibcMemmem,static,full-scan,full-scan,wild_len044,%a__________________________________________a%,5,1000,0,11914605,2368297,2378255.0,2382921.0,2382867.765844033,2413857,2413857,2378215.0,40.0,2378.255,2382.867,2378.215
fftstr_abab_512_x1000,value,utf8,PairHorspool,static,full-scan,full-scan,wild_len040,%a______________________________________a%,5,1000,0,11961370,2342163,2387545.0,2392274.0,2391934.9667626927,2457212,2457212,2387515.0,40.0,2387.545,2391.934,2387.515
fftstr_abab_512_x1000,value,utf8,PairHorspool,static,full-scan,full-scan,wild_len028,%a__________________________a%,5,1000,0,11981494,2384121,2395128.0,2396298.8,2396267.6078396714,2417479,2417479,2395068.0,40.0,2395.128,2396.267,2395.068
fftstr_abab_512_x1000,value,utf8,LibcMemmem,static,full-scan,full-scan,wild_len036,%a__________________________________a%,5,1000,0,12103090,2410104,2411283.0,2420618.0,2420549.006649536,2457212,2457212,2411243.0,40.0,2411.283,2420.549,2411.243
fftstr_abab_512_x1000,value,utf8,PairHorspool,static,full-scan,full-scan,wild_len024,%a______________________a%,5,1000,0,12061163,2402203,2412410.0,2412232.6,2412224.8515791046,2420582,2420582,2412340.0,50.0,2412.41,2412.224,2412.34
fftstr_abab_512_x1000,value,utf8,LibcMemmem,static,full-scan,full-scan,wild_len040,%a______________________________________a%,5,1000,0,12173438,2406104,2413658.0,2434687.6,2434473.452240651,2483026,2483026,2413618.0,40.0,2413.658,2434.473,2413.618
fftstr_abab_512_x1000,value,utf8,PairHorspool,static,full-scan,full-scan,wild_len020,%a__________________a%,5,1000,0,12156941,2419365,2428734.0,2431388.2,2431365.9387838114,2443701,2443701,2428694.0,40.0,2428.734,2431.365,2428.694
fftstr_abab_512_x1000,value,utf8,LibcMemmem,static,full-scan,full-scan,wild_len032,%a______________________________a%,5,1000,0,12174228,2423507,2437885.0,2434845.6,2434837.0361849545,2441557,2441557,2437805.0,60.0,2437.885,2434.837,2437.805
fftstr_abab_512_x1000,value,utf8,StdSearch,static,full-scan,full-scan,wild_len232,%a______________________________________________________________________________________________________________________________________________________________________________________________________________________________________a%,5,1000,0,12236381,2428248,2440098.0,2447276.2,2447195.8519707136,2485691,2485691,2439864.0,81.0,2440.098,2447.195,2439.864
fftstr_abab_512_x1000,value,utf8,StdSearch,static,full-scan,full-scan,wild_len236,%a__________________________________________________________________________________________________________________________________________________________________________________________________________________________________________a%,5,1000,0,12227097,2400228,2453202.0,2445419.4,2445205.9770207964,2480548,2480548,2453161.0,41.0,2453.202,2445.205,2453.161
fftstr_abab_512_x1000,value,utf8,PairHorspool,static,full-scan,full-scan,wild_len016,%a______________a%,5,1000,0,12283137,2445348,2458559.0,2456627.4,2456615.9810133665,2464795,2464795,2458519.0,40.0,2458.559,2456.615,2458.519
fftstr_abab_512_x1000,value,utf8,LibcMemmem,static,full-scan,full-scan,wild_len028,%a__________________________a%,5,1000,0,12331233,2449160,2465175.0,2466246.6,2466190.0077941623,2494131,2494131,2465135.0,40.0,2465.175,2466.19,2465.135
fftstr_abab_512_x1000,value,utf8,LibcMemmem,static,full-scan,full-scan,wild_len024,%a______________________a%,5,1000,0,12370267,2463648,2470872.0,2474053.4,2474034.620242261,2492096,2492096,2470822.0,40.0,2470.872,2474.034,2470.822
fftstr_abab_512_x1000,value,utf8,StdSearch,static,full-scan,full-scan,wild_len228,%a__________________________________________________________________________________________________________________________________________________________________________________________________________________________________a%,5,1000,0,12453774,2466887,2472913.0,2490754.8,2490548.1399803837,2553325,2553325,2472852.0,41.0,2472.913,2490.548,2472.852
fftstr_abab_512_x1000,value,utf8,PairHorspool,static,full-scan,full-scan,wild_len012,%a__________a%,5,1000,0,12580816,2468358,2489581.0,2516163.2,2515538.685903259,2623469,2623469,2489541.0,40.0,2489.581,2515.538,2489.541
fftstr_abab_512_x1000,value,utf8,LibcMemmem,static,full-scan,full-scan,wild_len020,%a__________________a%,5,1000,0,12486155,2488145,2495469.0,2497231.0,2497222.3519939412,2505068,2505068,2495389.0,40.0,2495.469,2497.222,2495.389
fftstr_abab_512_x1000,value,utf8,PairHorspool,static,full-scan,full-scan,wild_len008,%a______a%,5,1000,0,12519640,2491837,2497983.0,2503928.0,2503886.744356685,2531450,2531450,2497943.0,40.0,2497.983,2503.886,2497.943
fftstr_abab_512_x1000,value,utf8,PairHorspool,static,full-scan,full-scan,wild_len003,%a_b%,5,1000,0,12627853,2502363,2516353.0,2525570.6,2525422.775680401,2579505,2579505,2516323.0,40.0,2516.353,2525.422,2516.323
fftstr_abab_512_x1000,value,utf8,StdSearch,static,full-scan,full-scan,wild_len224,%a______________________________________________________________________________________________________________________________________________________________________________________________________________________________a%,5,1000,0,12828772,2514270,2523035.0,2565754.4,2564121.048120535,2751953,2751953,2522954.0,51.0,2523.035,2564.121,2522.954
fftstr_abab_512_x1000,value,utf8,LibcMemmem,static,full-scan,full-scan,wild_len012,%a__________a%,5,1000,0,12694183,2527739,2529974.0,2538836.6,2538784.3352293996,2571044,2571044,2529934.0,40.0,2529.974,2538.784,2529.934
fftstr_abab_512_x1000,value,utf8,LibcMemmem,static,full-scan,full-scan,wild_len016,%a______________a%,5,1000,0,12656854,2508850,2531830.0,2531370.8,2531329.5668856786,2552794,2552794,2531790.0,50.0,2531.83,2531.329,2531.79
fftstr_abab_512_x1000,value,utf8,LibcMemmem,static,full-scan,full-scan,wild_len008,%a______a%,5,1000,0,12849199,2549829,2552454.0,2569839.8,2569693.1745489687,2622411,2622411,2552384.0,40.0,2552.454,2569.693,2552.384
fftstr_abab_512_x1000,value,utf8,PairHorspool,static,full-scan,full-scan,wild_len004,%a__a%,5,1000,0,12883836,2504280,2569866.0,2576767.2,2576234.5571880527,2655260,2655260,2569796.0,60.0,2569.866,2576.234,2569.796
fftstr_abab_512_x1000,value,utf8,LibcMemmem,static,full-scan,full-scan,wild_len004,%a__a%,5,1000,0,12923929,2556725,2571742.0,2584785.8,2584658.2281213254,2627571,2627571,2571463.0,40.0,2571.742,2584.658,2571.463
fftstr_abab_512_x1000,value,utf8,StdSearch,static,full-scan,full-scan,wild_len216,%a______________________________________________________________________________________________________________________________________________________________________________________________________________________a%,5,1000,0,15783559,2549263,2577119.0,3156711.8,3026245.3751171916,5189425,5189425,2577078.0,41.0,2577.119,3026.245,2577.078
fftstr_abab_512_x1000,value,utf8,StdSearch,static,full-scan,full-scan,wild_len212,%a__________________________________________________________________________________________________________________________________________________________________________________________________________________a%,5,1000,0,13029356,2591995,2601198.0,2605871.2,2605824.8222709973,2635214,2635214,2601167.0,31.0,2601.198,2605.824,2601.167
fftstr_abab_512_x1000,value,utf8,LibcMemmem,static,full-scan,full-scan,wild_len003,%a_b%,5,1000,0,13195047,2612393,2621035.0,2639009.4,2638757.962330138,2711118,2711118,2620995.0,40.0,2621.035,2638.757,2620.995
fftstr_abab_512_x1000,value,utf8,StdSearch,static,full-scan,full-scan,wild_len208,%a______________________________________________________________________________________________________________________________________________________________________________________________________________a%,5,1000,0,13189101,2621001,2624218.0,2637820.2,2637746.0979148336,2668589,2668589,2624177.0,41.0,2624.218,2637.746,2624.177
fftstr_abab_512_x1000,value,utf8,LibcMemmem,static,full-scan,full-scan,wild_len060,%a__________________________________________________________a%,5,1000,0,13386620,2627351,2656079.0,2677324.0,2676797.1591553506,2780297,2780297,2656039.0,40.0,2656.079,2676.797,2656.039
fftstr_abab_512_x1000,value,utf8,StdSearch,static,full-scan,full-scan,wild_len204,%a__________________________________________________________________________________________________________________________________________________________________________________________________________a%,5,1000,0,13514137,2672670,2697991.0,2702827.4,2702690.7352800565,2754019,2754019,2697950.0,41.0,2697.991,2702.69,2697.95
fftstr_abab_512_x1000,value,utf8,StdSearch,static,full-scan,full-scan,wild_len200,%a______________________________________________________________________________________________________________________________________________________________________________________________________a%,5,1000,0,13691590,2693900,2703245.0,2738318.0,2737902.6640307177,2809956,2809956,2703204.0,41.0,2703.245,2737.902,2703.204
fftstr_abab_512_x1000,value,utf8,TwoWay,static,full-scan,full-scan,wild_len204,%a__________________________________________________________________________________________________________________________________________________________________________________________________________a%,5,1000,0,12144750,1296030,2714992.0,2428950.0,2339776.7247852418,2720992,2720992,2714952.0,50.0,2714.992,2339.776,2714.952
fftstr_abab_512_x1000,value,utf8,TwoWay,static,full-scan,full-scan,wild_len200,%a______________________________________________________________________________________________________________________________________________________________________________________________________a%,5,1000,0,13682005,2723881,2732971.0,2736401.0,2736379.3228592095,2752540,2752540,2732931.0,50.0,2732.971,2736.379,2732.931
fftstr_abab_512_x1000,value,utf8,StdSearch,static,full-scan,full-scan,wild_len196,%a__________________________________________________________________________________________________________________________________________________________________________________________________a%,5,1000,0,13785369,2719637,2741140.0,2757073.8,2756854.286307051,2817572,2817572,2741089.0,41.0,2741.14,2756.854,2741.089
fftstr_abab_512_x1000,value,utf8,StdSearch,static,full-scan,full-scan,wild_len192,%a______________________________________________________________________________________________________________________________________________________________________________________________a%,5,1000,0,13921471,2771214,2781815.0,2784294.2,2784270.3706783033,2803785,2803785,2781774.0,41.0,2781.815,2784.27,2781.774
fftstr_abab_512_x1000,value,utf8,StdSearch,static,full-scan,full-scan,wild_len188,%a__________________________________________________________________________________________________________________________________________________________________________________________a%,5,1000,0,14169073,2803858,2828464.0,2833814.6,2833695.2842494817,2882579,2882579,2828424.0,40.0,2828.464,2833.695,2828.424
fftstr_abab_512_x1000,value,utf8,StdSearch,static,full-scan,full-scan,wild_len184,%a______________________________________________________________________________________________________________________________________________________________________________________a%,5,1000,0,14264045,2826429,2834167.0,2852809.0,2852473.7048311653,2940663,2940663,2834126.0,40.0,2834.167,2852.473,2834.126
fftstr_abab_512_x1000,value,utf8,StdSearch,static,full-scan,full-scan,wild_len180,%a__________________________________________________________________________________________________________________________________________________________________________________a%,5,1000,0,14457033,2860496,2868621.0,2891406.6,2890973.9664485683,2992110,2992110,2868580.0,41.0,2868.621,2890.973,2868.58
fftstr_abab_512_x1000,value,utf8,StdSearch,static,full-scan,full-scan,wild_len176,%a______________________________________________________________________________________________________________________________________________________________________________a%,5,1000,0,14585144,2903125,2906861.0,2917028.8,2916959.952794258,2956578,2956578,2906811.0,51.0,2906.861,2916.959,2906.811
fftstr_abab_512_x1000,value,utf8,StdSearch,static,full-scan,full-scan,wild_len172,%a__________________________________________________________________________________________________________________________________________________________________________a%,5,1000,0,14756811,2926623,2940694.0,2951362.2,2951221.2832670496,3008146,3008146,2940592.0,41.0,2940.694,2951.221,2940.592
fftstr_abab_512_x1000,value,utf8,StdSearch,static,full-scan,full-scan,wild_len168,%a______________________________________________________________________________________________________________________________________________________________________a%,5,1000,0,14910345,2955702,2966566.0,2982069.0,2981961.2163484795,3020953,3020953,2966525.0,41.0,2966.566,2981.961,2966.525
fftstr_abab_512_x1000,value,utf8,StdSearch,static,full-scan,full-scan,wild_len160,%a______________________________________________________________________________________________________________________________________________________________a%,5,1000,0,15208048,3028051,3035838.0,3041609.6,3041566.970832644,3072075,3072075,3035808.0,31.0,3035.838,3041.566,3035.808
fftstr_abab_512_x1000,value,utf8,StdSearch,static,full-scan,full-scan,wild_len164,%a__________________________________________________________________________________________________________________________________________________________________a%,5,1000,0,15255148,2989952,3054400.0,3051029.6,3050822.0222125906,3089627,3089627,3054339.0,41.0,3054.4,3050.822,3054.339
fftstr_abab_512_x1000,value,utf8,StdSearch,static,full-scan,full-scan,wild_len156,%a__________________________________________________________________________________________________________________________________________________________a%,5,1000,0,15385225,3057974,3075445.0,3077045.0,3077016.846175775,3094575,3094575,3075373.0,72.0,3075.445,3077.016,3075.373
fftstr_abab_512_x1000,value,utf8,StdSearch,static,full-scan,full-scan,wild_len152,%a______________________________________________________________________________________________________________________________________________________a%,5,1000,0,15606209,3102119,3104299.0,3121241.8,3121155.7537787477,3160488,3160488,3104258.0,41.0,3104.299,3121.155,3104.258
fftstr_abab_512_x1000,value,utf8,StdSearch,static,full-scan,full-scan,wild_len148,%a__________________________________________________________________________________________________________________________________________________a%,5,1000,0,15830983,3125882,3167423.0,3166196.6,3166053.323634456,3201581,3201581,3167382.0,40.0,3167.423,3166.053,3167.382
fftstr_abab_512_x1000,value,utf8,StdSearch,static,full-scan,full-scan,wild_len144,%a______________________________________________________________________________________________________________________________________________a%,5,1000,0,16007403,3180994,3196531.0,3201480.6,3201417.7264605965,3236166,3236166,3196490.0,41.0,3196.531,3201.417,3196.49
fftstr_abab_512_x1000,value,utf8,StdSearch,static,full-scan,full-scan,wild_len140,%a__________________________________________________________________________________________________________________________________________a%,5,1000,0,16076039,3195583,3205553.0,3215207.8,3215145.070361072,3247071,3247071,3205512.0,41.0,3205.553,3215.145,3205.512
fftstr_abab_512_x1000,value,utf8,StdSearch,static,full-scan,full-scan,wild_len136,%a______________________________________________________________________________________________________________________________________a%,5,1000,0,16318076,3227604,3268330.0,3263615.2,3263530.9435769045,3297508,3297508,3268289.0,41.0,3268.33,3263.53,3268.289
fftstr_abab_512_x1000,value,utf8,StdSearch,static,full-scan,full-scan,wild_len132,%a__________________________________________________________________________________________________________________________________a%,5,1000,0,16742662,3286046,3308719.0,3348532.4,3347497.92145573,3512418,3512418,3308669.0,41.0,3308.719,3347.497,3308.669
fftstr_abab_512_x1000,value,utf8,StdSearch,static,full-scan,full-scan,wild_len128,%a______________________________________________________________________________________________________________________________a%,5,1000,0,16701721,3306346,3334956.0,3340344.2,3340172.198929604,3398814,3398814,3334916.0,41.0,3334.956,3340.172,3334.916
fftstr_abab_512_x1000,value,utf8,StdSearch,static,full-scan,full-scan,wild_len124,%a__________________________________________________________________________________________________________________________a%,5,1000,0,16932260,3348131,3364402.0,3386452.0,3386054.505042669,3489764,3489764,3364351.0,51.0,3364.402,3386.054,3364.351
fftstr_abab_512_x1000,value,utf8,StdSearch,static,full-scan,full-scan,wild_len120,%a______________________________________________________________________________________________________________________a%,5,1000,0,17418796,3405828,3423391.0,3483759.2,3482033.854184301,3700960,3700960,3423351.0,41.0,3423.391,3482.033,3423.351
fftstr_abab_512_x1000,value,utf8,StdSearch,static,full-scan,full-scan,wild_len112,%a______________________________________________________________________________________________________________a%,5,1000,0,17485106,3461012,3465940.0,3497021.2,3496702.270132244,3585437,3585437,3465624.0,41.0,3465.94,3496.702,3465.624
fftstr_abab_512_x1000,value,utf8,StdSearch,static,full-scan,full-scan,wild_len116,%a__________________________________________________________________________________________________________________a%,5,1000,0,17740147,3438836,3486466.0,3548029.4,3544513.668742512,3868376,3868376,3486384.0,51.0,3486.466,3544.513,3486.384
fftstr_abab_512_x1000,value,utf8,StdSearch,static,full-scan,full-scan,wild_len104,%a______________________________________________________________________________________________________a%,5,1000,0,17931627,3538308,3566825.0,3586325.4,3586035.275270334,3672265,3672265,3566754.0,41.0,3566.825,3586.035,3566.754
fftstr_abab_512_x1000,value,utf8,StdSearch,static,full-scan,full-scan,wild_len108,%a__________________________________________________________________________________________________________a%,5,1000,0,17951856,3533574,3574206.0,3590371.2,3589809.2049888284,3707818,3707818,3574166.0,41.0,3574.206,3589.809,3574.166
fftstr_abab_512_x1000,value,utf8,StdSearch,static,full-scan,full-scan,wild_len100,%a__________________________________________________________________________________________________a%,5,1000,0,17977136,3558202,3575683.0,3595427.2,3595228.8344529406,3641222,3641222,3575643.0,41.0,3575.683,3595.228,3575.643
fftstr_abab_512_x1000,value,utf8,StdSearch,static,full-scan,full-scan,wild_len092,%a__________________________________________________________________________________________a%,5,1000,0,18387393,3641220,3653103.0,3677478.6,3677213.851526874,3760362,3760362,3653052.0,41.0,3653.103,3677.213,3653.052
fftstr_abab_512_x1000,value,utf8,StdSearch,static,full-scan,full-scan,wild_len096,%a______________________________________________________________________________________________a%,5,1000,0,18354245,3624444,3661675.0,3670849.0,3670602.0257540927,3734880,3734880,3661624.0,51.0,3661.675,3670.602,3661.624
fftstr_abab_512_x1000,value,utf8,StdSearch,static,full-scan,full-scan,wild_len084,%a__________________________________________________________________________________a%,5,1000,0,18719032,3701933,3721949.0,3743806.4,3743549.1423387127,3807625,3807625,3721908.0,41.0,3721.949,3743.549,3721.908
fftstr_abab_512_x1000,value,utf8,StdSearch,static,full-scan,full-scan,wild_len088,%a______________________________________________________________________________________a%,5,1000,0,18626432,3686578,3731895.0,3725286.4,3725231.8719001994,3743748,3743748,3731814.0,71.0,3731.895,3725.231,3731.814
fftstr_abab_512_x1000,value,utf8,StdSearch,static,full-scan,full-scan,wild_len068,%a__________________________________________________________________a%,5,1000,0,19003973,3762440,3788444.0,3800794.6,3800638.585546163,3856655,3856655,3788324.0,50.0,3788.444,3800.638,3788.324
fftstr_abab_512_x1000,value,utf8,StdSearch,static,full-scan,full-scan,wild_len080,%a______________________________________________________________________________a%,5,1000,0,18910826,3749285,3791029.0,3782165.2,3782058.8800163832,3824984,3824984,3790988.0,41.0,3791.029,3782.058,3790.988
fftstr_abab_512_x1000,value,utf8,StdSearch,static,full-scan,full-scan,wild_len064,%a______________________________________________________________a%,5,1000,0,19248117,3812241,3861253.0,3849623.4,3849508.1109300116,3890760,3890760,3861154.0,50.0,3861.253,3849.508,3861.154
fftstr_abab_512_x1000,value,utf8,StdSearch,static,full-scan,full-scan,wild_len056,%a______________________________________________________a%,5,1000,0,19487944,3876361,3883416.0,3897588.8,3897509.521918522,3941719,3941719,3883376.0,40.0,3883.416,3897.509,3883.376
fftstr_abab_512_x1000,value,utf8,StdSearch,static,full-scan,full-scan,wild_len060,%a__________________________________________________________a%,5,1000,0,19492633,3822299,3885521.0,3898526.6,3898163.161104993,3970087,3970087,3885471.0,50.0,3885.521,3898.163,3885.471
fftstr_abab_512_x1000,value,utf8,StdSearch,static,full-scan,full-scan,wild_len072,%a______________________________________________________________________a%,5,1000,0,19392497,3817420,3886419.0,3878499.4,3878300.3460824676,3922500,3922500,3886378.0,41.0,3886.419,3878.3,3886.378
fftstr_abab_512_x1000,value,utf8,StdSearch,static,full-scan,full-scan,wild_len076,%a__________________________________________________________________________a%,5,1000,0,21170220,3790857,3931603.0,4234044.0,4210590.031115363,4787854,4787854,3931521.0,51.0,3931.603,4210.59,3931.521
fftstr_abab_512_x1000,value,utf8,StdSearch,static,full-scan,full-scan,wild_len048,%a______________________________________________a%,5,1000,0,19898925,3942816,3963749.0,3979785.0,3979586.5804537437,4053075,4053075,3963720.0,40.0,3963.749,3979.586,3963.72
fftstr_abab_512_x1000,value,utf8,StdSearch,static,full-scan,full-scan,wild_len052,%a__________________________________________________a%,5,1000,0,19822404,3936869,3965537.0,3964480.8,3964429.56174603,3998634,3998634,3965487.0,50.0,3965.537,3964.429,3965.487
fftstr_abab_512_x1000,value,utf8,StdSearch,static,full-scan,full-scan,wild_len040,%a______________________________________a%,5,1000,0,20223838,4007276,4024029.0,4044767.6,4044578.496093304,4112645,4112645,4023959.0,50.0,4024.029,4044.578,4023.959
fftstr_abab_512_x1000,value,utf8,StdSearch,static,full-scan,full-scan,wild_len044,%a__________________________________________a%,5,1000,0,20198282,3973808,4038018.0,4039656.4,4039318.866867788,4100541,4100541,4037978.0,40.0,4038.018,4039.318,4037.978
fftstr_abab_512_x1000,value,utf8,TwoWay2,static,full-scan,full-scan,wild_len012,%a__________a%,5,1000,0,18715260,2614708,4047109.0,3743052.0,3669422.6892725755,4417489,4417489,4047059.0,50.0,4047.109,3669.422,4047.059
fftstr_abab_512_x1000,value,utf8,StdSearch,static,full-scan,full-scan,wild_len036,%a__________________________________a%,5,1000,0,20450062,4048385,4055190.0,4090012.4,4089474.759999165,4222645,4222645,4055150.0,50.0,4055.19,4089.474,4055.15
fftstr_abab_512_x1000,value,utf8,PairHorspool,static,full-scan,full-scan,wild_len112,%a______________________________________________________________________________________________________________a%,5,1000,0,20379537,4036122,4061497.0,4075907.4,4075714.9458387094,4145184,4145184,4061447.0,50.0,4061.497,4075.714,4061.447
fftstr_abab_512_x1000,value,utf8,StdSearch,static,full-scan,full-scan,wild_len032,%a______________________________a%,5,1000,0,20996877,4126674,4191374.0,4199375.4,4198971.959544222,4305703,4305703,4191254.0,110.0,4191.374,4198.971,4191.254
fftstr_abab_512_x1000,value,utf8,StdSearch,static,full-scan,full-scan,wild_len028,%a__________________________a%,5,1000,0,21331886,4172894,4219572.0,4266377.2,4264477.272661948,4518827,4518827,4219532.0,40.0,4219.572,4264.477,4219.532
fftstr_abab_512_x1000,value,utf8,StdSearch,static,full-scan,full-scan,wild_len020,%a__________________a%,5,1000,0,21088139,4165081,4232633.0,4217627.8,4217518.064218382,4250912,4250912,4232593.0,40.0,4232.633,4217.518,4232.593
fftstr_abab_512_x1000,value,utf8,StdSearch,static,full-scan,full-scan,wild_len016,%a______________a%,5,1000,0,21329362,4216109,4236984.0,4265872.4,4265556.736222922,4356272,4356272,4236944.0,40.0,4236.984,4265.556,4236.944
fftstr_abab_512_x1000,value,utf8,StdSearch,static,full-scan,full-scan,wild_len024,%a______________________a%,5,1000,0,21336536,4177044,4265592.0,4267307.2,4266937.030767662,4338611,4338611,4265512.0,80.0,4265.592,4266.937,4265.512
fftstr_abab_512_x1000,value,utf8,StdSearch,static,full-scan,full-scan,wild_len012,%a__________a%,5,1000,0,21622940,4292621,4311910.0,4324588.0,4324513.660637893,4362240,4362240,4311810.0,89.0,4311.91,4324.513,4311.81
fftstr_abab_512_x1000,value,utf8,StdSearch,static,full-scan,full-scan,wild_len004,%a__a%,5,1000,0,21732460,4311869,4341086.0,4346492.0,4346414.831291487,4387245,4387245,4341046.0,40.0,4341.086,4346.414,4341.046
fftstr_abab_512_x1000,value,utf8,StdSearch,static,full-scan,full-scan,wild_len008,%a______a%,5,1000,0,22219288,4284599,4373446.0,4443857.6,4440741.994497788,4721725,4721725,4372927.0,80.0,4373.446,4440.741,4372.927
fftstr_abab_512_x1000,value,utf8,StdSearch,static,full-scan,full-scan,wild_len003,%a_b%,5,1000,0,25693735,4371470,4436896.0,5138747.0,5047133.9368862435,6985847,6985847,4436786.0,110.0,4436.896,5047.133,4436.786
fftstr_abab_512_x1000,value,utf8,StdSearch,static,full-scan,full-scan,wild_len220,%a__________________________________________________________________________________________________________________________________________________________________________________________________________________________a%,5,1000,0,23725760,3246897,5124752.0,4745152.0,4674006.8668376,5129721,5129721,5124671.0,82.0,5124.752,4674.006,5124.671
fftstr_abab_512_x1000,value,utf8,FftStr1,static,full-scan,full-scan,exact_len002_no_wildcard,%aa%,5,1000,0,80183024,15968189,16010585.0,16036604.8,16036444.381368548,16173401,16173401,16010474.0,111.0,16010.585,16036.444,16010.474
fftstr_abab_512_x1000,value,utf8,FftStr1,static,full-scan,full-scan,wild_len003,%a_b%,5,1000,0,96351488,19101439,19163343.0,19270297.6,19268615.363544855,19780696,19780696,19163242.0,101.0,19163.343,19268.615,19163.242
fftstr_abab_512_x1000,value,utf8,FftStr1,static,full-scan,full-scan,wild_len004,%a__a%,5,1000,0,124296389,22488221,22772598.0,24859277.8,24674167.122354843,30629547,30629547,22772488.0,111.0,22772.598,24674.167,22772.488
fftstr_abab_512_x1000,value,utf8,FftStr1,static,full-scan,full-scan,wild_len012,%a__________a%,5,1000,0,150193141,29429032,30180106.0,30038628.2,30034928.697975144,30633446,30633446,30180005.0,311.0,30180.106,30034.928,30180.005
fftstr_abab_512_x1000,value,utf8,FftStr1,static,full-scan,full-scan,wild_len008,%a______a%,5,1000,0,153651006,30543361,30611605.0,30730201.2,30729338.19536569,31167518,31167518,30611495.0,111.0,30611.605,30729.338,30611.495
fftstr_abab_512_x1000,value,utf8,FftStr1,static,full-scan,full-scan,wild_len024,%a______________________a%,5,1000,0,169968973,33684803,33927021.0,33993794.6,33993104.262190536,34342181,34342181,33926820.0,121.0,33927.021,33993.104,33926.82
fftstr_abab_512_x1000,value,utf8,FftStr1,static,full-scan,full-scan,wild_len016,%a______________a%,5,1000,0,193804510,36551059,37584022.0,38760902.0,38682963.605242215,43132472,43132472,37583902.0,111.0,37584.022,38682.963,37583.902
fftstr_abab_512_x1000,value,utf8,FftStr1,static,full-scan,full-scan,wild_len044,%a__________________________________________a%,5,1000,0,188796317,37505756,37759470.0,37759263.4,37758944.157377265,37981912,37981912,37759360.0,110.0,37759.47,37758.944,37759.36
fftstr_abab_512_x1000,value,utf8,FftStr1,static,full-scan,full-scan,wild_len052,%a__________________________________________________a%,5,1000,0,192381887,37932918,38113949.0,38476377.4,38472730.100907184,39131523,39131523,38113839.0,110.0,38113.949,38472.73,38113.839
fftstr_abab_512_x1000,value,utf8,FftStr1,static,full-scan,full-scan,wild_len048,%a______________________________________________a%,5,1000,0,191614017,37992439,38160902.0,38322803.4,38321179.604626,38998168,38998168,38160792.0,110.0,38160.902,38321.179,38160.792
fftstr_abab_512_x1000,value,utf8,FftStr1,static,full-scan,full-scan,wild_len028,%a__________________________a%,5,1000,0,198589608,39350631,39693343.0,39717921.6,39717034.61325576,40157738,40157738,39693232.0,111.0,39693.343,39717.034,39693.232
fftstr_abab_512_x1000,value,utf8,FftStr1,static,full-scan,full-scan,wild_len032,%a______________________________a%,5,1000,0,227479508,45251399,45476741.0,45495901.6,45495385.722019084,45767558,45767558,45476631.0,111.0,45476.741,45495.385,45476.631
fftstr_abab_512_x1000,value,utf8,FftStr1,static,full-scan,full-scan,wild_len020,%a__________________a%,5,1000,0,230711645,45746822,46281677.0,46142329.0,46141371.7451147,46477471,46477471,46281547.0,110.0,46281.677,46141.371,46281.547
fftstr_abab_512_x1000,value,utf8,FftStr1,static,full-scan,full-scan,wild_len036,%a__________________________________a%,5,1000,0,258197013,50009572,50156210.0,51639402.6,51571395.44117102,57019243,57019243,50156099.0,111.0,50156.21,51571.395,50156.099
fftstr_abab_512_x1000,value,utf8,FftStr1,static,full-scan,full-scan,wild_len064,%a______________________________________________________________a%,5,1000,0,250837750,50015383,50162000.0,50167550.0,50167452.32410605,50306544,50306544,50161549.0,120.0,50162.0,50167.452,50161.549
fftstr_abab_512_x1000,value,utf8,FftStr1,static,full-scan,full-scan,wild_len068,%a__________________________________________________________________a%,5,1000,0,261477861,50107529,50470687.0,52295572.2,52214659.33230518,57952951,57952951,50470577.0,150.0,50470.687,52214.659,50470.577
fftstr_abab_512_x1000,value,utf8,FftStr1,static,full-scan,full-scan,wild_len056,%a______________________________________________________a%,5,1000,0,252645717,50188054,50571906.0,50529143.4,50528592.57448171,50824018,50824018,50571806.0,130.0,50571.906,50528.592,50571.806
fftstr_abab_512_x1000,value,utf8,FftStr1,static,full-scan,full-scan,wild_len060,%a__________________________________________________________a%,5,1000,0,264519427,50464189,50895704.0,52903885.4,52772367.192332916,60564535,60564535,50895593.0,111.0,50895.704,52772.367,50895.593
fftstr_abab_512_x1000,value,utf8,FftStr1,static,full-scan,full-scan,wild_len072,%a______________________________________________________________________a%,5,1000,0,257521898,50128134,51901747.0,51504379.6,51493023.54205294,53042568,53042568,51901607.0,110.0,51901.747,51493.023,51901.607
fftstr_abab_512_x1000,value,utf8,FftStr1,static,full-scan,full-scan,wild_len088,%a______________________________________________________________________________________a%,5,1000,0,280337283,55693628,56098933.0,56067456.6,56067085.97996117,56276999,56276999,56098822.0,110.0,56098.933,56067.085,56098.822
fftstr_abab_512_x1000,value,utf8,FftStr1,static,full-scan,full-scan,wild_len040,%a______________________________________a%,5,1000,0,290381129,55533466,56383928.0,58076225.8,57952013.88333996,65886662,65886662,56383647.0,110.0,56383.928,57952.013,56383.647
fftstr_abab_512_x1000,value,utf8,FftStr1,static,full-scan,full-scan,wild_len168,%a______________________________________________________________________________________________________________________________________________________________________a%,5,1000,0,282958582,55934301,56515254.0,56591716.4,56588510.93548504,57650770,57650770,56515144.0,110.0,56515.254,56588.51,56515.144
fftstr_abab_512_x1000,value,utf8,FftStr1,static,full-scan,full-scan,wild_len160,%a______________________________________________________________________________________________________________________________________________________________a%,5,1000,0,283490929,56448698,56543843.0,56698185.8,56697381.62733617,57255691,57255691,56543373.0,119.0,56543.843,56697.381,56543.373
fftstr_abab_512_x1000,value,utf8,FftStr1,static,full-scan,full-scan,wild_len112,%a______________________________________________________________________________________________________________a%,5,1000,0,294095460,56152066,56584455.0,58819092.0,58742826.574711286,62813206,62813206,56584345.0,110.0,56584.455,58742.826,56584.345
fftstr_abab_512_x1000,value,utf8,FftStr1,static,full-scan,full-scan,wild_len092,%a__________________________________________________________________________________________a%,5,1000,0,284236340,56218506,56678762.0,56847268.0,56843351.015795656,58049668,58049668,56678662.0,110.0,56678.762,56843.351,56678.662
fftstr_abab_512_x1000,value,utf8,FftStr1,static,full-scan,full-scan,wild_len104,%a______________________________________________________________________________________________________a%,5,1000,0,283974673,56447917,56709381.0,56794934.6,56793782.17054758,57485595,57485595,56709271.0,120.0,56709.381,56793.782,56709.271
fftstr_abab_512_x1000,value,utf8,FftStr1,static,full-scan,full-scan,wild_len164,%a__________________________________________________________________________________________________________________________________________________________________a%,5,1000,0,283930748,56374759,56732786.0,56786149.6,56784703.06798389,57549880,57549880,56732686.0,120.0,56732.786,56784.703,56732.686
fftstr_abab_512_x1000,value,utf8,FftStr1,static,full-scan,full-scan,wild_len100,%a__________________________________________________________________________________________________a%,5,1000,0,284191288,56661682,56803344.0,56838257.6,56838110.82735826,57000938,57000938,56803224.0,111.0,56803.344,56838.11,56803.224
fftstr_abab_512_x1000,value,utf8,FftStr1,static,full-scan,full-scan,wild_len096,%a______________________________________________________________________________________________a%,5,1000,0,284877312,56342519,56942895.0,56975462.4,56973967.96168932,57608256,57608256,56942355.0,110.0,56942.895,56973.967,56942.355
fftstr_abab_512_x1000,value,utf8,FftStr1,static,full-scan,full-scan,wild_len120,%a______________________________________________________________________________________________________________________a%,5,1000,0,285646651,56256389,57006873.0,57129330.2,57126005.42125898,57867134,57867134,57006753.0,130.0,57006.873,57126.005,57006.753
fftstr_abab_512_x1000,value,utf8,FftStr1,static,full-scan,full-scan,wild_len152,%a______________________________________________________________________________________________________________________________________________________a%,5,1000,0,285233141,56750824,57082531.0,57046628.2,57046409.58575095,57218408,57218408,57082022.0,110.0,57082.531,57046.409,57082.022
fftstr_abab_512_x1000,value,utf8,FftStr1,static,full-scan,full-scan,wild_len116,%a__________________________________________________________________________________________________________________a%,5,1000,0,296540799,57063365,57499567.0,59308159.8,59204338.301255375,66503891,66503891,57499457.0,110.0,57499.567,59204.338,57499.457
fftstr_abab_512_x1000,value,utf8,FftStr1,static,full-scan,full-scan,wild_len124,%a__________________________________________________________________________________________________________________________a%,5,1000,0,287689110,57174354,57552101.0,57537822.0,57537271.5266587,57909021,57909021,57551991.0,110.0,57552.101,57537.271,57551.991
fftstr_abab_512_x1000,value,utf8,FftStr1,static,full-scan,full-scan,wild_len140,%a__________________________________________________________________________________________________________________________________________a%,5,1000,0,291545085,57216800,57677535.0,58309017.0,58291823.2040064,61091016,61091016,57677425.0,110.0,57677.535,58291.823,57677.425
fftstr_abab_512_x1000,value,utf8,FftStr1,static,full-scan,full-scan,wild_len156,%a__________________________________________________________________________________________________________________________________________________________a%,5,1000,0,289407486,57383448,57863055.0,57881497.2,57880473.39639815,58460842,58460842,57862945.0,110.0,57863.055,57880.473,57862.945
fftstr_abab_512_x1000,value,utf8,FftStr1,static,full-scan,full-scan,wild_len108,%a__________________________________________________________________________________________________________a%,5,1000,0,291168243,57512098,58218783.0,58233648.6,58229370.87111752,59471353,59471353,58218393.0,350.0,58218.783,58229.37,58218.393
fftstr_abab_512_x1000,value,utf8,FftStr1,static,full-scan,full-scan,wild_len144,%a______________________________________________________________________________________________________________________________________________a%,5,1000,0,293633293,57619517,58341119.0,58726658.6,58717333.39889054,60200635,60200635,58340999.0,120.0,58341.119,58717.333,58340.999
fftstr_abab_512_x1000,value,utf8,FftStr1,static,full-scan,full-scan,wild_len136,%a______________________________________________________________________________________________________________________________________a%,5,1000,0,293018675,57232358,58951957.0,58603735.0,58599652.326766856,59001930,59001930,58951767.0,190.0,58951.957,58599.652,58951.767
fftstr_abab_512_x1000,value,utf8,FftStr1,static,full-scan,full-scan,wild_len148,%a__________________________________________________________________________________________________________________________________________________a%,5,1000,0,294784428,58478135,59010253.0,58956885.6,58956077.29604842,59383334,59383334,59010033.0,130.0,59010.253,58956.077,59010.033
fftstr_abab_512_x1000,value,utf8,FftStr1,static,full-scan,full-scan,wild_len128,%a______________________________________________________________________________________________________________________________a%,5,1000,0,295635733,58557574,59066050.0,59127146.6,59125675.29487703,59710024,59710024,59065930.0,180.0,59066.05,59125.675,59065.93
fftstr_abab_512_x1000,value,utf8,FftStr1,static,full-scan,full-scan,wild_len132,%a__________________________________________________________________________________________________________________________________a%,5,1000,0,303703551,60139134,60469153.0,60740710.2,60737573.751822405,61915301,61915301,60469043.0,170.0,60469.153,60737.573,60469.043
fftstr_abab_512_x1000,value,utf8,FftStr1,static,full-scan,full-scan,wild_len316,%a__________________________________________________________________________________________________________________________________________________________________________________________________________________________________________________________________________________________________________________________a%,5,1000,0,308493661,60621208,61123896.0,61698732.2,61687877.82794658,63724683,63724683,61123666.0,150.0,61123.896,61687.877,61123.666
fftstr_abab_512_x1000,value,utf8,FftStr1,static,full-scan,full-scan,wild_len300,%a__________________________________________________________________________________________________________________________________________________________________________________________________________________________________________________________________________________________________________a%,5,1000,0,306931229,60867455,61146263.0,61386245.8,61384313.11977787,62173526,62173526,61146153.0,110.0,61146.263,61384.313,61146.153
fftstr_abab_512_x1000,value,utf8,FftStr1,static,full-scan,full-scan,wild_len196,%a__________________________________________________________________________________________________________________________________________________________________________________________________a%,5,1000,0,306796034,61098226,61230443.0,61359206.8,61358639.20262831,61824234,61824234,61230333.0,110.0,61230.443,61358.639,61230.333
fftstr_abab_512_x1000,value,utf8,FftStr1,static,full-scan,full-scan,wild_len260,%a__________________________________________________________________________________________________________________________________________________________________________________________________________________________________________________________________a%,5,1000,0,306297917,60775097,61280334.0,61259583.4,61258935.14698004,61569009,61569009,61280234.0,110.0,61280.334,61258.935,61280.234
fftstr_abab_512_x1000,value,utf8,FftStr1,static,full-scan,full-scan,wild_len304,%a______________________________________________________________________________________________________________________________________________________________________________________________________________________________________________________________________________________________________________a%,5,1000,0,306646088,60941218,61323888.0,61329217.6,61328553.89361759,61824673,61824673,61323599.0,130.0,61323.888,61328.553,61323.599
fftstr_abab_512_x1000,value,utf8,FftStr1,static,full-scan,full-scan,wild_len308,%a__________________________________________________________________________________________________________________________________________________________________________________________________________________________________________________________________________________________________________________a%,5,1000,0,306402643,61158686,61324048.0,61280528.6,61280456.51114421,61387986,61387986,61323938.0,110.0,61324.048,61280.456,61323.938
fftstr_abab_512_x1000,value,utf8,FftStr1,static,full-scan,full-scan,wild_len264,%a______________________________________________________________________________________________________________________________________________________________________________________________________________________________________________________________________a%,5,1000,0,308082945,61072313,61346368.0,61616589.0,61612605.3305798,62994081,62994081,61346248.0,120.0,61346.368,61612.605,61346.248
fftstr_abab_512_x1000,value,utf8,FftStr1,static,full-scan,full-scan,wild_len244,%a__________________________________________________________________________________________________________________________________________________________________________________________________________________________________________________a%,5,1000,0,307423753,61328465,61402914.0,61484750.6,61484459.814909354,61845261,61845261,61402794.0,120.0,61402.914,61484.459,61402.794
fftstr_abab_512_x1000,value,utf8,FftStr1,static,full-scan,full-scan,wild_len328,%a______________________________________________________________________________________________________________________________________________________________________________________________________________________________________________________________________________________________________________________________________a%,5,1000,0,306921054,61081437,61403657.0,61384210.8,61383991.403554045,61531652,61531652,61403537.0,120.0,61403.657,61383.991,61403.537
fftstr_abab_512_x1000,value,utf8,FftStr1,static,full-scan,full-scan,wild_len296,%a______________________________________________________________________________________________________________________________________________________________________________________________________________________________________________________________________________________________________a%,5,1000,0,308218388,60935010,61407713.0,61643677.6,61641295.316198945,62459616,62459616,61407603.0,110.0,61407.713,61641.295,61407.603
fftstr_abab_512_x1000,value,utf8,FftStr1,static,full-scan,full-scan,wild_len180,%a__________________________________________________________________________________________________________________________________________________________________________________a%,5,1000,0,307681836,61184575,61420196.0,61536367.2,61535734.36983579,62000887,62000887,61420087.0,110.0,61420.196,61535.734,61420.087
fftstr_abab_512_x1000,value,utf8,FftStr1,static,full-scan,full-scan,wild_len204,%a__________________________________________________________________________________________________________________________________________________________________________________________________________a%,5,1000,0,306942769,61215231,61460677.0,61388553.8,61388459.61970454,61491766,61491766,61460228.0,120.0,61460.677,61388.459,61460.228
fftstr_abab_512_x1000,value,utf8,FftStr1,static,full-scan,full-scan,wild_len284,%a__________________________________________________________________________________________________________________________________________________________________________________________________________________________________________________________________________________________a%,5,1000,0,307332231,61154055,61483506.0,61466446.2,61465662.94817854,62016377,62016377,61483276.0,120.0,61483.506,61465.662,61483.276
fftstr_abab_512_x1000,value,utf8,FftStr1,static,full-scan,full-scan,wild_len192,%a______________________________________________________________________________________________________________________________________________________________________________________________a%,5,1000,0,311537824,61305697,61485014.0,62307564.8,62286040.272987574,65613837,65613837,61484904.0,110.0,61485.014,62286.04,61484.904
fftstr_abab_512_x1000,value,utf8,FftStr1,static,full-scan,full-scan,wild_len272,%a______________________________________________________________________________________________________________________________________________________________________________________________________________________________________________________________________________a%,5,1000,0,308152871,61366906,61509614.0,61630574.2,61630121.6872938,62034136,62034136,61509504.0,170.0,61509.614,61630.121,61509.504
fftstr_abab_512_x1000,value,utf8,FftStr1,static,full-scan,full-scan,wild_len280,%a______________________________________________________________________________________________________________________________________________________________________________________________________________________________________________________________________________________a%,5,1000,0,307883263,61090682,61558684.0,61576652.6,61575814.70038434,62097143,62097143,61558574.0,120.0,61558.684,61575.814,61558.574
fftstr_abab_512_x1000,value,utf8,FftStr1,static,full-scan,full-scan,wild_len276,%a__________________________________________________________________________________________________________________________________________________________________________________________________________________________________________________________________________________a%,5,1000,0,307464895,61040463,61560188.0,61492979.0,61492396.454673894,61868046,61868046,61560078.0,120.0,61560.188,61492.396,61560.078
fftstr_abab_512_x1000,value,utf8,FftStr1,static,full-scan,full-scan,wild_len312,%a______________________________________________________________________________________________________________________________________________________________________________________________________________________________________________________________________________________________________________________a%,5,1000,0,308143891,61436031,61614219.0,61628778.2,61628583.10763131,61894397,61894397,61614100.0,120.0,61614.219,61628.583,61614.1
fftstr_abab_512_x1000,value,utf8,FftStr1,static,full-scan,full-scan,wild_len208,%a______________________________________________________________________________________________________________________________________________________________________________________________________________a%,5,1000,0,309086814,61281472,61684179.0,61817362.8,61814410.99281226,62971284,62971284,61684080.0,120.0,61684.179,61814.41,61684.08
fftstr_abab_512_x1000,value,utf8,FftStr1,static,full-scan,full-scan,wild_len288,%a______________________________________________________________________________________________________________________________________________________________________________________________________________________________________________________________________________________________a%,5,1000,0,308066449,61301636,61726055.0,61613289.8,61612936.77349134,61833092,61833092,61725955.0,119.0,61726.055,61612.936,61725.955
fftstr_abab_512_x1000,value,utf8,FftStr1,static,full-scan,full-scan,wild_len248,%a______________________________________________________________________________________________________________________________________________________________________________________________________________________________________________________a%,5,1000,0,309177649,61627371,61734561.0,61835529.8,61835161.37767685,62158243,62158243,61734461.0,120.0,61734.561,61835.161,61734.461
fftstr_abab_512_x1000,value,utf8,FftStr1,static,full-scan,full-scan,wild_len240,%a______________________________________________________________________________________________________________________________________________________________________________________________________________________________________________a%,5,1000,0,309531562,61605507,61801788.0,61906312.4,61905688.699687265,62379984,62379984,61801668.0,120.0,61801.788,61905.688,61801.668
fftstr_abab_512_x1000,value,utf8,FftStr1,static,full-scan,full-scan,wild_len236,%a__________________________________________________________________________________________________________________________________________________________________________________________________________________________________________a%,5,1000,0,308334917,61322366,61812258.0,61666983.4,61666421.67862054,61952239,61952239,61812148.0,120.0,61812.258,61666.421,61812.148
fftstr_abab_512_x1000,value,utf8,FftStr1,static,full-scan,full-scan,wild_len216,%a______________________________________________________________________________________________________________________________________________________________________________________________________________________a%,5,1000,0,308710406,61202376,61825089.0,61742081.2,61741460.71054389,61982367,61982367,61824979.0,110.0,61825.089,61741.46,61824.979
fftstr_abab_512_x1000,value,utf8,FftStr1,static,full-scan,full-scan,wild_len268,%a__________________________________________________________________________________________________________________________________________________________________________________________________________________________________________________________________________a%,5,1000,0,310462098,61611708,61833999.0,62092419.6,62090791.68555171,62737739,62737739,61833879.0,120.0,61833.999,62090.791,61833.879
fftstr_abab_512_x1000,value,utf8,FftStr1,static,full-scan,full-scan,wild_len224,%a______________________________________________________________________________________________________________________________________________________________________________________________________________________________a%,5,1000,0,308813018,61248668,61857814.0,61762603.6,61761828.026926555,62136973,62136973,61857474.0,289.0,61857.814,61761.828,61857.474
fftstr_abab_512_x1000,value,utf8,FftStr1,static,full-scan,full-scan,wild_len200,%a______________________________________________________________________________________________________________________________________________________________________________________________________a%,5,1000,0,308936232,61330670,61881117.0,61787246.4,61786778.997894004,62028769,62028769,61880737.0,120.0,61881.117,61786.778,61880.737
fftstr_abab_512_x1000,value,utf8,FftStr1,static,full-scan,full-scan,wild_len256,%a______________________________________________________________________________________________________________________________________________________________________________________________________________________________________________________________a%,5,1000,0,311931262,61485452,61891699.0,62386252.4,62379535.92642298,64001171,64001171,61891590.0,110.0,61891.699,62379.535,61891.59
fftstr_abab_512_x1000,value,utf8,FftStr1,static,full-scan,full-scan,wild_len172,%a__________________________________________________________________________________________________________________________________________________________________________a%,5,1000,0,316884972,60822611,61992485.0,63376994.4,63274632.00084912,70723550,70723550,61992375.0,110.0,61992.485,63274.632,61992.375
fftstr_abab_512_x1000,value,utf8,FftStr1,static,full-scan,full-scan,wild_len176,%a______________________________________________________________________________________________________________________________________________________________________________a%,5,1000,0,314573665,61535201,61999885.0,62914733.0,62889136.49189281,66370770,66370770,61999785.0,110.0,61999.885,62889.136,61999.785
fftstr_abab_512_x1000,value,utf8,FftStr1,static,full-scan,full-scan,wild_len324,%a__________________________________________________________________________________________________________________________________________________________________________________________________________________________________________________________________________________________________________________________________a%,5,1000,0,310376462,60884018,62186597.0,62075292.4,62066614.594197,63284047,63284047,62186478.0,119.0,62186.597,62066.614,62186.478
fftstr_abab_512_x1000,value,utf8,FftStr1,static,full-scan,full-scan,wild_len252,%a__________________________________________________________________________________________________________________________________________________________________________________________________________________________________________________________a%,5,1000,0,312247376,61862129,62288476.0,62449475.2,62445838.96197178,63737762,63737762,62288316.0,130.0,62288.476,62445.838,62288.316
fftstr_abab_512_x1000,value,utf8,FftStr1,static,full-scan,full-scan,wild_len336,%a______________________________________________________________________________________________________________________________________________________________________________________________________________________________________________________________________________________________________________________________________________a%,5,1000,0,311991210,62152492,62292098.0,62398242.0,62397765.775789104,62756253,62756253,62291979.0,119.0,62292.098,62397.765,62291.979
fftstr_abab_512_x1000,value,utf8,FftStr1,static,full-scan,full-scan,wild_len184,%a______________________________________________________________________________________________________________________________________________________________________________________a%,5,1000,0,316057085,62086488,62330793.0,63211417.0,63196826.33091876,65577506,65577506,62330693.0,110.0,62330.793,63196.826,62330.693
fftstr_abab_512_x1000,value,utf8,FftStr1,static,full-scan,full-scan,wild_len332,%a__________________________________________________________________________________________________________________________________________________________________________________________________________________________________________________________________________________________________________________________________________a%,5,1000,0,311900580,61585353,62373714.0,62380116.0,62378030.05877586,63194770,63194770,62373614.0,110.0,62373.714,62378.03,62373.614
fftstr_abab_512_x1000,value,utf8,FftStr1,static,full-scan,full-scan,wild_len232,%a______________________________________________________________________________________________________________________________________________________________________________________________________________________________________a%,5,1000,0,314613896,62130703,62387125.0,62922779.2,62916574.03525023,64246855,64246855,62387005.0,120.0,62387.125,62916.574,62387.005
fftstr_abab_512_x1000,value,utf8,FftStr1,static,full-scan,full-scan,wild_len212,%a__________________________________________________________________________________________________________________________________________________________________________________________________________________a%,5,1000,0,311501209,61275977,62437172.0,62300241.8,62294597.215571746,63518892,63518892,62437062.0,110.0,62437.172,62294.597,62437.062
fftstr_abab_512_x1000,value,utf8,FftStr1,static,full-scan,full-scan,wild_len340,%a__________________________________________________________________________________________________________________________________________________________________________________________________________________________________________________________________________________________________________________________________________________a%,5,1000,0,312351397,62148072,62474986.0,62470279.4,62469876.50266409,62840619,62840619,62474856.0,110.0,62474.986,62469.876,62474.856
fftstr_abab_512_x1000,value,utf8,FftStr1,static,full-scan,full-scan,wild_len188,%a__________________________________________________________________________________________________________________________________________________________________________________________a%,5,1000,0,311981479,61385065,62518338.0,62396295.8,62392259.55083287,63261516,63261516,62518229.0,110.0,62518.338,62392.259,62518.229
fftstr_abab_512_x1000,value,utf8,FftStr1,static,full-scan,full-scan,wild_len228,%a__________________________________________________________________________________________________________________________________________________________________________________________________________________________________a%,5,1000,0,312036010,61456147,62558403.0,62407202.0,62403681.44532019,63366967,63366967,62558284.0,120.0,62558.403,62403.681,62558.284
fftstr_abab_512_x1000,value,utf8,FftStr1,static,full-scan,full-scan,wild_len220,%a__________________________________________________________________________________________________________________________________________________________________________________________________________________________a%,5,1000,0,315377294,62343468,62821823.0,63075458.8,63071789.32175083,63938460,63938460,62821723.0,120.0,62821.823,63071.789,62821.723
fftstr_abab_512_x1000,value,utf8,FftStr1,static,full-scan,full-scan,wild_len292,%a__________________________________________________________________________________________________________________________________________________________________________________________________________________________________________________________________________________________________a%,5,1000,0,320956264,63054071,63199911.0,64191252.8,64160035.857313946,68254884,68254884,63199802.0,130.0,63199.911,64160.035,63199.802
fftstr_abab_512_x1000,value,utf8,FftStr1,static,full-scan,full-scan,wild_len084,%a__________________________________________________________________________________a%,5,1000,0,316675020,63170837,63295654.0,63335004.0,63334825.781999856,63603489,63603489,63295253.0,120.0,63295.654,63334.825,63295.253
fftstr_abab_512_x1000,value,utf8,FftStr1,static,full-scan,full-scan,wild_len076,%a__________________________________________________________________________a%,5,1000,0,317488758,63153181,63424920.0,63497751.6,63496687.75389783,64203448,64203448,63424820.0,120.0,63424.92,63496.687,63424.82
fftstr_abab_512_x1000,value,utf8,FftStr1,static,full-scan,full-scan,wild_len320,%a______________________________________________________________________________________________________________________________________________________________________________________________________________________________________________________________________________________________________________________________a%,5,1000,0,317898227,62988479,63444182.0,63579645.4,63577887.3796443,64367402,64367402,63444062.0,120.0,63444.182,63577.887,63444.062
fftstr_abab_512_x1000,value,utf8,FftStr1,static,full-scan,full-scan,wild_len080,%a______________________________________________________________________________a%,5,1000,0,319542038,63082098,63740306.0,63908407.6,63902569.66302439,65492759,65492759,63740186.0,110.0,63740.306,63902.569,63740.186
fftstr_abab_512_x1000,value,utf8,FftStr1,static,full-scan,full-scan,wild_len428,%a__________________________________________________________________________________________________________________________________________________________________________________________________________________________________________________________________________________________________________________________________________________________________________________________________________________________________________a%,5,1000,0,675108735,132552897,132811884.0,135021747.0,134965994.62688488,142807657,142807657,132811355.0,120.0,132811.884,134965.994,132811.355
fftstr_abab_512_x1000,value,utf8,FftStr1,static,full-scan,full-scan,wild_len368,%a______________________________________________________________________________________________________________________________________________________________________________________________________________________________________________________________________________________________________________________________________________________________________________a%,5,1000,0,664208553,132214672,133073830.0,132841710.6,132841104.90565255,133259526,133259526,133073690.0,140.0,133073.83,132841.104,133073.69
fftstr_abab_512_x1000,value,utf8,FftStr1,static,full-scan,full-scan,wild_len412,%a__________________________________________________________________________________________________________________________________________________________________________________________________________________________________________________________________________________________________________________________________________________________________________________________________________________________a%,5,1000,0,668984000,132589011,133246608.0,133796800.0,133791073.56169054,136173128,136173128,133246059.0,109.0,133246.608,133791.073,133246.059
fftstr_abab_512_x1000,value,utf8,FftStr1,static,full-scan,full-scan,wild_len440,%a______________________________________________________________________________________________________________________________________________________________________________________________________________________________________________________________________________________________________________________________________________________________________________________________________________________________________________________a%,5,1000,0,666635262,132581862,133286874.0,133327052.4,133325814.69033177,134239434,134239434,133286754.0,110.0,133286.874,133325.814,133286.754
fftstr_abab_512_x1000,value,utf8,FftStr1,static,full-scan,full-scan,wild_len404,%a__________________________________________________________________________________________________________________________________________________________________________________________________________________________________________________________________________________________________________________________________________________________________________________________________________________a%,5,1000,0,677382749,132574449,133296531.0,135476549.8,135395060.81417757,144986682,144986682,133296422.0,110.0,133296.531,135395.06,133296.422
fftstr_abab_512_x1000,value,utf8,FftStr1,static,full-scan,full-scan,wild_len480,%a______________________________________________________________________________________________________________________________________________________________________________________________________________________________________________________________________________________________________________________________________________________________________________________________________________________________________________________________________________________________a%,5,1000,0,668708812,132812790,133301024.0,133741762.4,133738101.08764051,135640020,135640020,133300905.0,119.0,133301.024,133738.101,133300.905
fftstr_abab_512_x1000,value,utf8,FftStr1,static,full-scan,full-scan,wild_len476,%a__________________________________________________________________________________________________________________________________________________________________________________________________________________________________________________________________________________________________________________________________________________________________________________________________________________________________________________________________________________________a%,5,1000,0,673041394,132798223,133315031.0,134608278.8,134593643.46404123,137941039,137941039,133314921.0,110.0,133315.031,134593.643,133314.921
fftstr_abab_512_x1000,value,utf8,FftStr1,static,full-scan,full-scan,wild_len468,%a__________________________________________________________________________________________________________________________________________________________________________________________________________________________________________________________________________________________________________________________________________________________________________________________________________________________________________________________________________________a%,5,1000,0,668159441,132797239,133426075.0,133631888.2,133630443.78249255,134616210,134616210,133425976.0,120.0,133426.075,133630.443,133425.976
fftstr_abab_512_x1000,value,utf8,FftStr1,static,full-scan,full-scan,wild_len460,%a__________________________________________________________________________________________________________________________________________________________________________________________________________________________________________________________________________________________________________________________________________________________________________________________________________________________________________________________________________a%,5,1000,0,676023479,133315127,133502308.0,135204695.8,135162033.06700474,142079013,142079013,133502198.0,119.0,133502.308,135162.033,133502.198
fftstr_abab_512_x1000,value,utf8,FftStr1,static,full-scan,full-scan,wild_len512,%a______________________________________________________________________________________________________________________________________________________________________________________________________________________________________________________________________________________________________________________________________________________________________________________________________________________________________________________________________________________________________________________________a%,5,1000,0,676346210,132483754,133535358.0,135269242.0,135216752.38721752,142843965,142843965,133535249.0,110.0,133535.358,135216.752,133535.249
fftstr_abab_512_x1000,value,utf8,FftStr1,static,full-scan,full-scan,wild_len372,%a__________________________________________________________________________________________________________________________________________________________________________________________________________________________________________________________________________________________________________________________________________________________________________________a%,5,1000,0,667305869,132839151,133668193.0,133461173.8,133460580.42834654,133879703,133879703,133668094.0,110.0,133668.193,133460.58,133668.094
fftstr_abab_512_x1000,value,utf8,FftStr1,static,full-scan,full-scan,wild_len380,%a__________________________________________________________________________________________________________________________________________________________________________________________________________________________________________________________________________________________________________________________________________________________________________________________a%,5,1000,0,675166677,132935562,133670253.0,135033335.4,135016326.1010865,137807750,137807750,133670133.0,110.0,133670.253,135016.326,133670.133
fftstr_abab_512_x1000,value,utf8,FftStr1,static,full-scan,full-scan,wild_len496,%a______________________________________________________________________________________________________________________________________________________________________________________________________________________________________________________________________________________________________________________________________________________________________________________________________________________________________________________________________________________________________________a%,5,1000,0,671680735,132792435,133670449.0,134336147.0,134329697.38205644,136504132,136504132,133670069.0,119.0,133670.449,134329.697,133670.069
fftstr_abab_512_x1000,value,utf8,FftStr1,static,full-scan,full-scan,wild_len484,%a__________________________________________________________________________________________________________________________________________________________________________________________________________________________________________________________________________________________________________________________________________________________________________________________________________________________________________________________________________________________________a%,5,1000,0,667979820,132657143,133702449.0,133595964.0,133594318.11438483,134397814,134397814,133702339.0,110.0,133702.449,133594.318,133702.339
fftstr_abab_512_x1000,value,utf8,FftStr1,static,full-scan,full-scan,wild_len376,%a______________________________________________________________________________________________________________________________________________________________________________________________________________________________________________________________________________________________________________________________________________________________________________________a%,5,1000,0,671660452,133486363,133746527.0,134332090.4,134328223.69865188,136192032,136192032,133746397.0,109.0,133746.527,134328.223,133746.397
fftstr_abab_512_x1000,value,utf8,FftStr1,static,full-scan,full-scan,wild_len416,%a______________________________________________________________________________________________________________________________________________________________________________________________________________________________________________________________________________________________________________________________________________________________________________________________________________________________a%,5,1000,0,669382820,133408966,133844979.0,133876564.0,133876081.67192619,134288053,134288053,133844869.0,110.0,133844.979,133876.081,133844.869
fftstr_abab_512_x1000,value,utf8,FftStr1,static,full-scan,full-scan,wild_len364,%a__________________________________________________________________________________________________________________________________________________________________________________________________________________________________________________________________________________________________________________________________________________________________________a%,5,1000,0,679122702,132820748,133875976.0,135824540.4,135753362.31496072,144693949,144693949,133875597.0,120.0,133875.976,135753.362,133875.597
fftstr_abab_512_x1000,value,utf8,FftStr1,static,full-scan,full-scan,wild_len444,%a__________________________________________________________________________________________________________________________________________________________________________________________________________________________________________________________________________________________________________________________________________________________________________________________________________________________________________________________a%,5,1000,0,671182703,133341525,133896219.0,134236540.6,134233084.1173782,135992396,135992396,133896110.0,110.0,133896.219,134233.084,133896.11
fftstr_abab_512_x1000,value,utf8,FftStr1,static,full-scan,full-scan,wild_len408,%a______________________________________________________________________________________________________________________________________________________________________________________________________________________________________________________________________________________________________________________________________________________________________________________________________________________a%,5,1000,0,670400312,133516083,133909588.0,134080062.4,134078991.55912891,135085355,135085355,133909308.0,110.0,133909.588,134078.991,133909.308
fftstr_abab_512_x1000,value,utf8,FftStr1,static,full-scan,full-scan,wild_len456,%a______________________________________________________________________________________________________________________________________________________________________________________________________________________________________________________________________________________________________________________________________________________________________________________________________________________________________________________________________a%,5,1000,0,678899421,132922760,133921805.0,135779884.2,135720689.20857945,143817440,143817440,133921695.0,130.0,133921.805,135720.689,133921.695
fftstr_abab_512_x1000,value,utf8,FftStr1,static,full-scan,full-scan,wild_len508,%a__________________________________________________________________________________________________________________________________________________________________________________________________________________________________________________________________________________________________________________________________________________________________________________________________________________________________________________________________________________________________________________________a%,5,1000,0,669703016,133340581,133946268.0,133940603.2,133939705.21226552,134724030,134724030,133945470.0,109.0,133946.268,133939.705,133945.47
fftstr_abab_512_x1000,value,utf8,FftStr1,static,full-scan,full-scan,wild_len464,%a______________________________________________________________________________________________________________________________________________________________________________________________________________________________________________________________________________________________________________________________________________________________________________________________________________________________________________________________________________a%,5,1000,0,670246985,133414512,133965972.0,134049397.0,134047652.37638126,135319966,135319966,133965872.0,110.0,133965.972,134047.652,133965.872
fftstr_abab_512_x1000,value,utf8,FftStr1,static,full-scan,full-scan,wild_len436,%a__________________________________________________________________________________________________________________________________________________________________________________________________________________________________________________________________________________________________________________________________________________________________________________________________________________________________________________a%,5,1000,0,676989703,133289845,134005508.0,135397940.6,135379406.0853453,138947580,138947580,134005398.0,119.0,134005.508,135379.406,134005.398
fftstr_abab_512_x1000,value,utf8,FftStr1,static,full-scan,full-scan,wild_len424,%a______________________________________________________________________________________________________________________________________________________________________________________________________________________________________________________________________________________________________________________________________________________________________________________________________________________________________a%,5,1000,0,671598665,132931872,134043346.0,134319733.0,134314927.1631205,136201762,136201762,134043236.0,110.0,134043.346,134314.927,134043.236
fftstr_abab_512_x1000,value,utf8,FftStr1,static,full-scan,full-scan,wild_len360,%a______________________________________________________________________________________________________________________________________________________________________________________________________________________________________________________________________________________________________________________________________________________________________a%,5,1000,0,679220728,133376553,134226850.0,135844145.6,135794608.3385467,143230210,143230210,134226740.0,110.0,134226.85,135794.608,134226.74
fftstr_abab_512_x1000,value,utf8,FftStr1,static,full-scan,full-scan,wild_len504,%a______________________________________________________________________________________________________________________________________________________________________________________________________________________________________________________________________________________________________________________________________________________________________________________________________________________________________________________________________________________________________________________a%,5,1000,0,686508388,133493191,134234349.0,137301677.6,137233648.59536332,143012657,143012657,134234239.0,110.0,134234.349,137233.648,134234.239
fftstr_abab_512_x1000,value,utf8,FftStr1,static,full-scan,full-scan,wild_len432,%a______________________________________________________________________________________________________________________________________________________________________________________________________________________________________________________________________________________________________________________________________________________________________________________________________________________________________________a%,5,1000,0,679705679,133857959,134311374.0,135941135.8,135899709.50780427,142708216,142708216,134311264.0,110.0,134311.374,135899.709,134311.264
fftstr_abab_512_x1000,value,utf8,FftStr1,static,full-scan,full-scan,wild_len500,%a__________________________________________________________________________________________________________________________________________________________________________________________________________________________________________________________________________________________________________________________________________________________________________________________________________________________________________________________________________________________________________________a%,5,1000,0,676032023,133117939,134383764.0,135206404.6,135191741.06985998,138693793,138693793,134383645.0,119.0,134383.764,135191.741,134383.645
fftstr_abab_512_x1000,value,utf8,FftStr1,static,full-scan,full-scan,wild_len420,%a__________________________________________________________________________________________________________________________________________________________________________________________________________________________________________________________________________________________________________________________________________________________________________________________________________________________________a%,5,1000,0,680525542,133806078,134472049.0,136105108.4,136083880.35573277,139767797,139767797,134471530.0,130.0,134472.049,136083.88,134471.53
fftstr_abab_512_x1000,value,utf8,FftStr1,static,full-scan,full-scan,wild_len492,%a__________________________________________________________________________________________________________________________________________________________________________________________________________________________________________________________________________________________________________________________________________________________________________________________________________________________________________________________________________________________________________a%,5,1000,0,675133791,133615060,135374217.0,135026758.2,135022763.31654173,136538876,136538876,135374105.0,112.0,135374.217,135022.763,135374.105
fftstr_abab_512_x1000,value,utf8,FftStr1,static,full-scan,full-scan,wild_len472,%a______________________________________________________________________________________________________________________________________________________________________________________________________________________________________________________________________________________________________________________________________________________________________________________________________________________________________________________________________________________a%,5,1000,0,679941527,133396492,135466053.0,135988305.4,135974364.312283,138341897,138341897,135465924.0,120.0,135466.053,135974.364,135465.924
fftstr_abab_512_x1000,value,utf8,FftStr1,static,full-scan,full-scan,wild_len356,%a__________________________________________________________________________________________________________________________________________________________________________________________________________________________________________________________________________________________________________________________________________________________________a%,5,1000,0,677498933,135116868,135536309.0,135499786.6,135499495.75311866,135944133,135944133,135536199.0,110.0,135536.309,135499.495,135536.199
fftstr_abab_512_x1000,value,utf8,FftStr1,static,full-scan,full-scan,wild_len348,%a__________________________________________________________________________________________________________________________________________________________________________________________________________________________________________________________________________________________________________________________________________________________a%,5,1000,0,679086134,135315143,135784393.0,135817226.8,135816719.72583792,136383260,136383260,135784293.0,110.0,135784.393,135816.719,135784.293
fftstr_abab_512_x1000,value,utf8,FftStr1,static,full-scan,full-scan,wild_len344,%a______________________________________________________________________________________________________________________________________________________________________________________________________________________________________________________________________________________________________________________________________________________a%,5,1000,0,681253030,135408158,136139393.0,136250606.0,136249257.75347942,137201784,137201784,136139283.0,110.0,136139.393,136249.257,136139.283
fftstr_abab_512_x1000,value,utf8,FftStr1,static,full-scan,full-scan,wild_len396,%a__________________________________________________________________________________________________________________________________________________________________________________________________________________________________________________________________________________________________________________________________________________________________________________________________________a%,5,1000,0,683600452,136189623,136712017.0,136720090.4,136719486.29581845,137431404,137431404,136711877.0,140.0,136712.017,136719.486,136711.877
fftstr_abab_512_x1000,value,utf8,FftStr1,static,full-scan,full-scan,wild_len392,%a______________________________________________________________________________________________________________________________________________________________________________________________________________________________________________________________________________________________________________________________________________________________________________________________________a%,5,1000,0,686106005,136841574,137246970.0,137221201.0,137221018.2457485,137514494,137514494,137246870.0,109.0,137246.97,137221.018,137246.87
fftstr_abab_512_x1000,value,utf8,FftStr1,static,full-scan,full-scan,wild_len488,%a______________________________________________________________________________________________________________________________________________________________________________________________________________________________________________________________________________________________________________________________________________________________________________________________________________________________________________________________________________________________________a%,5,1000,0,691388210,135696834,137421787.0,138277642.0,138242820.15908244,144368082,144368082,137420939.0,123.0,137421.787,138242.82,137420.939
fftstr_abab_512_x1000,value,utf8,FftStr1,static,full-scan,full-scan,wild_len388,%a__________________________________________________________________________________________________________________________________________________________________________________________________________________________________________________________________________________________________________________________________________________________________________________________________a%,5,1000,0,688856348,136794148,137633967.0,137771269.6,137769844.8580396,138652445,138652445,137633867.0,109.0,137633.967,137769.844,137633.867
fftstr_abab_512_x1000,value,utf8,FftStr1,static,full-scan,full-scan,wild_len400,%a______________________________________________________________________________________________________________________________________________________________________________________________________________________________________________________________________________________________________________________________________________________________________________________________________________a%,5,1000,0,699765131,137257078,138106720.0,139953026.2,139901386.99778765,147561096,147561096,138106490.0,170.0,138106.72,139901.386,138106.49
fftstr_abab_512_x1000,value,utf8,FftStr1,static,full-scan,full-scan,wild_len384,%a______________________________________________________________________________________________________________________________________________________________________________________________________________________________________________________________________________________________________________________________________________________________________________________________a%,5,1000,0,686080852,133082511,138464075.0,137216170.4,137189423.6935427,139819176,139819176,138463966.0,109.0,138464.075,137189.423,138463.966
fftstr_abab_512_x1000,value,utf8,FftStr1,static,full-scan,full-scan,wild_len352,%a______________________________________________________________________________________________________________________________________________________________________________________________________________________________________________________________________________________________________________________________________________________________a%,5,1000,0,781253306,135662597,138940804.0,156250661.2,154490200.18637845,196634889,196634889,138940395.0,110.0,138940.804,154490.2,138940.395
fftstr_abab_512_x1000,value,utf8,FftStr1,static,full-scan,full-scan,wild_len448,%a______________________________________________________________________________________________________________________________________________________________________________________________________________________________________________________________________________________________________________________________________________________________________________________________________________________________________________________________a%,5,1000,0,698040763,135506184,141645041.0,139608152.6,139580452.09287575,142049724,142049724,141644852.0,116.0,141645.041,139580.452,141644.852
fftstr_abab_512_x1000,value,utf8,FftStr1,static,full-scan,full-scan,wild_len452,%a__________________________________________________________________________________________________________________________________________________________________________________________________________________________________________________________________________________________________________________________________________________________________________________________________________________________________________________________________a%,5,1000,0,704216340,136460750,141766869.0,140843268.0,140806542.29756364,145729770,145729770,141766753.0,116.0,141766.869,140806.542,141766.753
