dataset,column,data_path,data_type,storage,algorithm,generic_matcher,requested_index,actual_index,pattern_name,pattern,iteration,row_count,total_input_sequence_bytes,total_loaded_symbols,records_seen,records_loaded,records_skipped,records_truncated,records_invalid_dna,load_ns,index_build_ns,compile_ns,candidate_prepare_ns,execute_ns,query_total_ns,candidate_rows_seen,rows_after_len_filter,rows_matched,ns_per_table_row,ns_per_candidate_row,ns_per_loaded_symbol,fallback_reason
job_movie_companies_note,movie_companies.note,benchmarks/job/../../data/job/movie_companies__note.csv,job-csv,utf8,LibcMemmem,static,fm,fm,contains_1994,%(1994)%,0,2609129,31450317,31450317,2609129,2609129,0,0,0,707630079,69127940303,9464,108414,282852,391266,8468,8468,8468,0.14996038908003398,33.40245630609353,0.01244076490548569,
job_movie_companies_note,movie_companies.note,benchmarks/job/../../data/job/movie_companies__note.csv,job-csv,utf8,LibcMemmem,static,fm,fm,contains_1994,%(1994)%,1,2609129,31450317,31450317,2609129,2609129,0,0,0,707630079,69127940303,9464,85163,266575,351738,8468,8468,8468,0.13481050572815678,31.480278696268304,0.011183925427524308,
job_movie_companies_note,movie_companies.note,benchmarks/job/../../data/job/movie_companies__note.csv,job-csv,utf8,LibcMemmem,static,fm,fm,contains_1994,%(1994)%,2,2609129,31450317,31450317,2609129,2609129,0,0,0,707630079,69127940303,9464,82049,254995,337044,8468,8468,8468,0.129178741258098,30.11277751535191,0.010716712330753296,
job_movie_companies_note,movie_companies.note,benchmarks/job/../../data/job/movie_companies__note.csv,job-csv,utf8,LibcMemmem,static,fm,fm,contains_1994,%(1994)%,3,2609129,31450317,31450317,2609129,2609129,0,0,0,707630079,69127940303,9464,80930,254773,335703,8468,8468,8468,0.12866477663618778,30.08656117146906,0.010674073650831563,
job_movie_companies_note,movie_companies.note,benchmarks/job/../../data/job/movie_companies__note.csv,job-csv,utf8,LibcMemmem,static,fm,fm,contains_1994,%(1994)%,4,2609129,31450317,31450317,2609129,2609129,0,0,0,707630079,69127940303,9464,88197,254995,343192,8468,8468,8468,0.13153508316376844,30.11277751535191,0.010912195257046217,
job_movie_companies_note,movie_companies.note,benchmarks/job/../../data/job/movie_companies__note.csv,job-csv,utf8,LibcMemmem,static,full-scan,full-scan,contains_1994,%(1994)%,0,2609129,31450317,31450317,2609129,2609129,0,0,0,707630079,0,9464,594,36518667,36519261,2609129,1324859,8468,13.996724960705277,13.99649729852376,1.161173065441598,
job_movie_companies_note,movie_companies.note,benchmarks/job/../../data/job/movie_companies__note.csv,job-csv,utf8,LibcMemmem,static,full-scan,full-scan,contains_1994,%(1994)%,1,2609129,31450317,31450317,2609129,2609129,0,0,0,707630079,0,9464,111,36251519,36251630,2609129,1324859,8468,13.894150116763104,13.894107573830194,1.15266342148475,
job_movie_companies_note,movie_companies.note,benchmarks/job/../../data/job/movie_companies__note.csv,job-csv,utf8,LibcMemmem,static,full-scan,full-scan,contains_1994,%(1994)%,2,2609129,31450317,31450317,2609129,2609129,0,0,0,707630079,0,9464,110,37322657,37322767,2609129,1324859,8468,14.304684436836967,14.304642277173723,1.1867214883716435,
job_movie_companies_note,movie_companies.note,benchmarks/job/../../data/job/movie_companies__note.csv,job-csv,utf8,LibcMemmem,static,full-scan,full-scan,contains_1994,%(1994)%,3,2609129,31450317,31450317,2609129,2609129,0,0,0,707630079,0,9464,110,37474142,37474252,2609129,1324859,8468,14.362744042168861,14.362701882505618,1.1915381329860681,
job_movie_companies_note,movie_companies.note,benchmarks/job/../../data/job/movie_companies__note.csv,job-csv,utf8,LibcMemmem,static,full-scan,full-scan,contains_1994,%(1994)%,4,2609129,31450317,31450317,2609129,2609129,0,0,0,707630079,0,9464,121,48536373,48536494,2609129,1324859,8468,18.602565837105026,18.60251946147546,1.5432751917890049,
job_movie_companies_note,movie_companies.note,benchmarks/job/../../data/job/movie_companies__note.csv,job-csv,utf8,LibcMemmem,static,prefix-btree,full-scan,contains_1994,%(1994)%,0,2609129,31450317,31450317,2609129,2609129,0,0,0,707630079,243783678,9464,1290,36969513,36970803,2609129,1324859,8468,14.169787312164328,14.169292894295376,1.1755303770070107,no-indexable-prefix
job_movie_companies_note,movie_companies.note,benchmarks/job/../../data/job/movie_companies__note.csv,job-csv,utf8,LibcMemmem,static,prefix-btree,full-scan,contains_1994,%(1994)%,1,2609129,31450317,31450317,2609129,2609129,0,0,0,707630079,243783678,9464,484,36988222,36988706,2609129,1324859,8468,14.176648988992111,14.176463486473839,1.176099624051484,no-indexable-prefix
job_movie_companies_note,movie_companies.note,benchmarks/job/../../data/job/movie_companies__note.csv,job-csv,utf8,LibcMemmem,static,prefix-btree,full-scan,contains_1994,%(1994)%,2,2609129,31450317,31450317,2609129,2609129,0,0,0,707630079,243783678,9464,383,37390506,37390889,2609129,1324859,8468,14.330793533014274,14.330646740732252,1.1888875078747219,no-indexable-prefix
job_movie_companies_note,movie_companies.note,benchmarks/job/../../data/job/movie_companies__note.csv,job-csv,utf8,LibcMemmem,static,prefix-btree,full-scan,contains_1994,%(1994)%,3,2609129,31450317,31450317,2609129,2609129,0,0,0,707630079,243783678,9464,563,36522850,36523413,2609129,1324859,8468,13.998316296357903,13.998100515536027,1.1613050831888276,no-indexable-prefix
job_movie_companies_note,movie_companies.note,benchmarks/job/../../data/job/movie_companies__note.csv,job-csv,utf8,LibcMemmem,static,prefix-btree,full-scan,contains_1994,%(1994)%,4,2609129,31450317,31450317,2609129,2609129,0,0,0,707630079,243783678,9464,474,37242214,37242688,2609129,1324859,8468,14.273992585265045,14.273810915443429,1.1841752819216418,no-indexable-prefix
job_movie_companies_note,movie_companies.note,benchmarks/job/../../data/job/movie_companies__note.csv,job-csv,utf8,LibcMemmem,static,qgram,full-scan,contains_1994,%(1994)%,0,2609129,31450317,31450317,2609129,2609129,0,0,0,707630079,930075132,9464,917,37547425,37548342,2609129,1324859,8468,14.391140491711985,14.390789033428398,1.1938939121026984,literal-shorter-than-qgram
job_movie_companies_note,movie_companies.note,benchmarks/job/../../data/job/movie_companies__note.csv,job-csv,utf8,LibcMemmem,static,qgram,full-scan,contains_1994,%(1994)%,1,2609129,31450317,31450317,2609129,2609129,0,0,0,707630079,930075132,9464,110,36950664,36950774,2609129,1324859,8468,14.162110804026938,14.162068644363695,1.1748935312798279,literal-shorter-than-qgram
job_movie_companies_note,movie_companies.note,benchmarks/job/../../data/job/movie_companies__note.csv,job-csv,utf8,LibcMemmem,static,qgram,full-scan,contains_1994,%(1994)%,2,2609129,31450317,31450317,2609129,2609129,0,0,0,707630079,930075132,9464,110,36860280,36860390,2609129,1324859,8468,14.127469358548389,14.127427198885146,1.172019665175394,literal-shorter-than-qgram
job_movie_companies_note,movie_companies.note,benchmarks/job/../../data/job/movie_companies__note.csv,job-csv,utf8,LibcMemmem,static,qgram,full-scan,contains_1994,%(1994)%,3,2609129,31450317,31450317,2609129,2609129,0,0,0,707630079,930075132,9464,101,37031003,37031104,2609129,1324859,8468,14.192898856284991,14.192860146048739,1.1774477185714853,literal-shorter-than-qgram
job_movie_companies_note,movie_companies.note,benchmarks/job/../../data/job/movie_companies__note.csv,job-csv,utf8,LibcMemmem,static,qgram,full-scan,contains_1994,%(1994)%,4,2609129,31450317,31450317,2609129,2609129,0,0,0,707630079,930075132,9464,100,36899225,36899325,2609129,1324859,8468,14.142391962988414,14.142353636021829,1.1732576495174913,literal-shorter-than-qgram
job_movie_companies_note,movie_companies.note,benchmarks/job/../../data/job/movie_companies__note.csv,job-csv,utf8,LibcMemmem,static,trigram,trigram,contains_1994,%(1994)%,0,2609129,31450317,31450317,2609129,2609129,0,0,0,707630079,1060889407,9464,460399,272627,733026,8594,8594,8468,0.2809466300822995,31.722946241563882,0.023307428030057694,
job_movie_companies_note,movie_companies.note,benchmarks/job/../../data/job/movie_companies__note.csv,job-csv,utf8,LibcMemmem,static,trigram,trigram,contains_1994,%(1994)%,1,2609129,31450317,31450317,2609129,2609129,0,0,0,707630079,1060889407,9464,457134,264176,721310,8594,8594,8468,0.27645624267715396,30.739585757505235,0.022934903962971185,
job_movie_companies_note,movie_companies.note,benchmarks/job/../../data/job/movie_companies__note.csv,job-csv,utf8,LibcMemmem,static,trigram,trigram,contains_1994,%(1994)%,2,2609129,31450317,31450317,2609129,2609129,0,0,0,707630079,1060889407,9464,444423,279540,723963,8594,8594,8468,0.2774730571006646,32.52734465906446,0.02301925923353968,
job_movie_companies_note,movie_companies.note,benchmarks/job/../../data/job/movie_companies__note.csv,job-csv,utf8,LibcMemmem,static,trigram,trigram,contains_1994,%(1994)%,3,2609129,31450317,31450317,2609129,2609129,0,0,0,707630079,1060889407,9464,443078,262096,705174,8594,8594,8468,0.2702718033489337,30.4975564347219,0.022421840771907006,
job_movie_companies_note,movie_companies.note,benchmarks/job/../../data/job/movie_companies__note.csv,job-csv,utf8,LibcMemmem,static,trigram,trigram,contains_1994,%(1994)%,4,2609129,31450317,31450317,2609129,2609129,0,0,0,707630079,1060889407,9464,450975,264960,715935,8594,8594,8468,0.2743961682231887,30.83081219455434,0.022763999485283407,
job_movie_companies_note,movie_companies.note,benchmarks/job/../../data/job/movie_companies__note.csv,job-csv,utf8,LibcMemmem,static,fm,full-scan,contains_200_wild,%(200%)%,0,2609129,31450317,31450317,2609129,2609129,0,0,0,707630079,69127940303,2140,3024,48783937,48786961,2609129,1335804,440138,18.698562240502483,18.69740323303294,1.5512390860798,too-broad
job_movie_companies_note,movie_companies.note,benchmarks/job/../../data/job/movie_companies__note.csv,job-csv,utf8,LibcMemmem,static,fm,full-scan,contains_200_wild,%(200%)%,1,2609129,31450317,31450317,2609129,2609129,0,0,0,707630079,69127940303,2140,2613,47926903,47929516,2609129,1335804,440138,18.36992958186429,18.368928098227418,1.5239756088944987,too-broad
job_movie_companies_note,movie_companies.note,benchmarks/job/../../data/job/movie_companies__note.csv,job-csv,utf8,LibcMemmem,static,fm,full-scan,contains_200_wild,%(200%)%,2,2609129,31450317,31450317,2609129,2609129,0,0,0,707630079,69127940303,2140,3024,48821616,48824640,2609129,1335804,440138,18.713003458242195,18.711844450772652,1.5524371344174368,too-broad
job_movie_companies_note,movie_companies.note,benchmarks/job/../../data/job/movie_companies__note.csv,job-csv,utf8,LibcMemmem,static,fm,full-scan,contains_200_wild,%(200%)%,3,2609129,31450317,31450317,2609129,2609129,0,0,0,707630079,69127940303,2140,2763,47761406,47764169,2609129,1335804,440138,18.30655709242433,18.305498118337574,1.5187182056066397,too-broad
job_movie_companies_note,movie_companies.note,benchmarks/job/../../data/job/movie_companies__note.csv,job-csv,utf8,LibcMemmem,static,fm,full-scan,contains_200_wild,%(200%)%,4,2609129,31450317,31450317,2609129,2609129,0,0,0,707630079,69127940303,2140,3055,53140395,53143450,2609129,1335804,440138,20.36827232382914,20.367101434999956,1.6897588027491106,too-broad
job_movie_companies_note,movie_companies.note,benchmarks/job/../../data/job/movie_companies__note.csv,job-csv,utf8,LibcMemmem,static,full-scan,full-scan,contains_200_wild,%(200%)%,0,2609129,31450317,31450317,2609129,2609129,0,0,0,707630079,0,2140,693,48415255,48415948,2609129,1335804,440138,18.55636421196499,18.556098606086554,1.539442289246242,
job_movie_companies_note,movie_companies.note,benchmarks/job/../../data/job/movie_companies__note.csv,job-csv,utf8,LibcMemmem,static,full-scan,full-scan,contains_200_wild,%(200%)%,1,2609129,31450317,31450317,2609129,2609129,0,0,0,707630079,0,2140,111,47659700,47659811,2609129,1335804,440138,18.26655983663514,18.26651729370223,1.5154000196563997,
job_movie_companies_note,movie_companies.note,benchmarks/job/../../data/job/movie_companies__note.csv,job-csv,utf8,LibcMemmem,static,full-scan,full-scan,contains_200_wild,%(200%)%,2,2609129,31450317,31450317,2609129,2609129,0,0,0,707630079,0,2140,101,47898628,47898729,2609129,1335804,440138,18.358129858661645,18.358091148425395,1.5229966998424849,
job_movie_companies_note,movie_companies.note,benchmarks/job/../../data/job/movie_companies__note.csv,job-csv,utf8,LibcMemmem,static,full-scan,full-scan,contains_200_wild,%(200%)%,3,2609129,31450317,31450317,2609129,2609129,0,0,0,707630079,0,2140,110,47912442,47912552,2609129,1335804,440138,18.363427795252747,18.363385635589502,1.523436218464825,
job_movie_companies_note,movie_companies.note,benchmarks/job/../../data/job/movie_companies__note.csv,job-csv,utf8,LibcMemmem,static,full-scan,full-scan,contains_200_wild,%(200%)%,4,2609129,31450317,31450317,2609129,2609129,0,0,0,707630079,0,2140,110,49086154,49086264,2609129,1335804,440138,18.813276001301585,18.81323384163834,1.560755778709639,
job_movie_companies_note,movie_companies.note,benchmarks/job/../../data/job/movie_companies__note.csv,job-csv,utf8,LibcMemmem,static,prefix-btree,full-scan,contains_200_wild,%(200%)%,0,2609129,31450317,31450317,2609129,2609129,0,0,0,707630079,243783678,2140,783,47701990,47702773,2609129,1335804,440138,18.283025868019557,18.282725767871195,1.5167660472229898,no-indexable-prefix
job_movie_companies_note,movie_companies.note,benchmarks/job/../../data/job/movie_companies__note.csv,job-csv,utf8,LibcMemmem,static,prefix-btree,full-scan,contains_200_wild,%(200%)%,1,2609129,31450317,31450317,2609129,2609129,0,0,0,707630079,243783678,2140,201,47606497,47606698,2609129,1335804,440138,18.246203234872635,18.246126197669795,1.5137112290473893,no-indexable-prefix
job_movie_companies_note,movie_companies.note,benchmarks/job/../../data/job/movie_companies__note.csv,job-csv,utf8,LibcMemmem,static,prefix-btree,full-scan,contains_200_wild,%(200%)%,2,2609129,31450317,31450317,2609129,2609129,0,0,0,707630079,243783678,2140,130,47497241,47497371,2609129,1335804,440138,18.204301512113812,18.20425168705725,1.5102350478693107,no-indexable-prefix
job_movie_companies_note,movie_companies.note,benchmarks/job/../../data/job/movie_companies__note.csv,job-csv,utf8,LibcMemmem,static,prefix-btree,full-scan,contains_200_wild,%(200%)%,3,2609129,31450317,31450317,2609129,2609129,0,0,0,707630079,243783678,2140,292,47436813,47437105,2609129,1335804,440138,18.181203382431455,18.181091467689026,1.5083188191712027,no-indexable-prefix
job_movie_companies_note,movie_companies.note,benchmarks/job/../../data/job/movie_companies__note.csv,job-csv,utf8,LibcMemmem,static,prefix-btree,full-scan,contains_200_wild,%(200%)%,4,2609129,31450317,31450317,2609129,2609129,0,0,0,707630079,243783678,2140,121,47934520,47934641,2609129,1335804,440138,18.371893838901794,18.371847463272225,1.5241385643267125,no-indexable-prefix
job_movie_companies_note,movie_companies.note,benchmarks/job/../../data/job/movie_companies__note.csv,job-csv,utf8,LibcMemmem,static,qgram,full-scan,contains_200_wild,%(200%)%,0,2609129,31450317,31450317,2609129,2609129,0,0,0,707630079,930075132,2140,663,47685075,47685738,2609129,1335804,440138,18.276496869261734,18.276242761473274,1.5162243992644018,literal-shorter-than-qgram
job_movie_companies_note,movie_companies.note,benchmarks/job/../../data/job/movie_companies__note.csv,job-csv,utf8,LibcMemmem,static,qgram,full-scan,contains_200_wild,%(200%)%,1,2609129,31450317,31450317,2609129,2609129,0,0,0,707630079,930075132,2140,101,47708669,47708770,2609129,1335804,440138,18.285324336205683,18.285285625969433,1.5169567289258166,literal-shorter-than-qgram
job_movie_companies_note,movie_companies.note,benchmarks/job/../../data/job/movie_companies__note.csv,job-csv,utf8,LibcMemmem,static,qgram,full-scan,contains_200_wild,%(200%)%,2,2609129,31450317,31450317,2609129,2609129,0,0,0,707630079,930075132,2140,110,47870547,47870657,2609129,1335804,440138,18.34737071260179,18.34732855293855,1.5221041174243173,literal-shorter-than-qgram
job_movie_companies_note,movie_companies.note,benchmarks/job/../../data/job/movie_companies__note.csv,job-csv,utf8,LibcMemmem,static,qgram,full-scan,contains_200_wild,%(200%)%,3,2609129,31450317,31450317,2609129,2609129,0,0,0,707630079,930075132,2140,110,47449018,47449128,2609129,1335804,440138,18.185811433624018,18.185769273960773,1.508701104666131,literal-shorter-than-qgram
job_movie_companies_note,movie_companies.note,benchmarks/job/../../data/job/movie_companies__note.csv,job-csv,utf8,LibcMemmem,static,qgram,full-scan,contains_200_wild,%(200%)%,4,2609129,31450317,31450317,2609129,2609129,0,0,0,707630079,930075132,2140,121,47546229,47546350,2609129,1335804,440138,18.223073677077675,18.22302730144811,1.5117923930623656,literal-shorter-than-qgram
job_movie_companies_note,movie_companies.note,benchmarks/job/../../data/job/movie_companies__note.csv,job-csv,utf8,LibcMemmem,static,trigram,trigram,contains_200_wild,%(200%)%,0,2609129,31450317,31450317,2609129,2609129,0,0,0,707630079,1060889407,2140,1315732,18305213,19620945,440146,440146,440138,7.520113033889854,41.58895684613742,0.6238711361796448,
job_movie_companies_note,movie_companies.note,benchmarks/job/../../data/job/movie_companies__note.csv,job-csv,utf8,LibcMemmem,static,trigram,trigram,contains_200_wild,%(200%)%,1,2609129,31450317,31450317,2609129,2609129,0,0,0,707630079,1060889407,2140,1331803,18318994,19650797,440146,440146,440138,7.531554399954928,41.62026691143393,0.6248203158015864,
job_movie_companies_note,movie_companies.note,benchmarks/job/../../data/job/movie_companies__note.csv,job-csv,utf8,LibcMemmem,static,trigram,trigram,contains_200_wild,%(200%)%,2,2609129,31450317,31450317,2609129,2609129,0,0,0,707630079,1060889407,2140,1363584,18230309,19593893,440146,440146,440138,7.5097448228891714,41.41877695128434,0.6230109858670105,
job_movie_companies_note,movie_companies.note,benchmarks/job/../../data/job/movie_companies__note.csv,job-csv,utf8,LibcMemmem,static,trigram,trigram,contains_200_wild,%(200%)%,3,2609129,31450317,31450317,2609129,2609129,0,0,0,707630079,1060889407,2140,1372474,18288086,19660560,440146,440146,440138,7.53529626170266,41.550044757875796,0.6251307419254312,
job_movie_companies_note,movie_companies.note,benchmarks/job/../../data/job/movie_companies__note.csv,job-csv,utf8,LibcMemmem,static,trigram,trigram,contains_200_wild,%(200%)%,4,2609129,31450317,31450317,2609129,2609129,0,0,0,707630079,1060889407,2140,1350355,18424609,19774964,440146,440146,440138,7.579143844555022,41.860221381087186,0.6287683523189925,
job_movie_companies_note,movie_companies.note,benchmarks/job/../../data/job/movie_companies__note.csv,job-csv,utf8,LibcMemmem,static,fm,fm,contains_2006,%(2006)%,0,2609129,31450317,31450317,2609129,2609129,0,0,0,707630079,69127940303,2149,975645,3505891,4481536,57173,57173,57173,1.717636805232704,61.32074580658703,0.14249573382678463,
job_movie_companies_note,movie_companies.note,benchmarks/job/../../data/job/movie_companies__note.csv,job-csv,utf8,LibcMemmem,static,fm,fm,contains_2006,%(2006)%,1,2609129,31450317,31450317,2609129,2609129,0,0,0,707630079,69127940303,2149,972631,3374760,4347391,57173,57173,57173,1.6662230959067184,59.02716317142707,0.13823043500642618,
job_movie_companies_note,movie_companies.note,benchmarks/job/../../data/job/movie_companies__note.csv,job-csv,utf8,LibcMemmem,static,fm,fm,contains_2006,%(2006)%,2,2609129,31450317,31450317,2609129,2609129,0,0,0,707630079,69127940303,2149,913780,3043371,3957151,57173,57173,57173,1.5166559415038505,53.23091319329054,0.12582229298356515,
job_movie_companies_note,movie_companies.note,benchmarks/job/../../data/job/movie_companies__note.csv,job-csv,utf8,LibcMemmem,static,fm,fm,contains_2006,%(2006)%,3,2609129,31450317,31450317,2609129,2609129,0,0,0,707630079,69127940303,2149,958941,3260975,4219916,57173,57173,57173,1.6173657952519787,57.03697549542616,0.13417721671931002,
job_movie_companies_note,movie_companies.note,benchmarks/job/../../data/job/movie_companies__note.csv,job-csv,utf8,LibcMemmem,static,fm,fm,contains_2006,%(2006)%,4,2609129,31450317,31450317,2609129,2609129,0,0,0,707630079,69127940303,2149,945883,3200266,4146149,57173,57173,57173,1.5890931418109262,55.97512811991675,0.131831707769432,
job_movie_companies_note,movie_companies.note,benchmarks/job/../../data/job/movie_companies__note.csv,job-csv,utf8,LibcMemmem,static,full-scan,full-scan,contains_2006,%(2006)%,0,2609129,31450317,31450317,2609129,2609129,0,0,0,707630079,0,2149,984,36858512,36859496,2609129,1324859,57173,14.127126715467115,14.126749578115914,1.1719912393887795,
job_movie_companies_note,movie_companies.note,benchmarks/job/../../data/job/movie_companies__note.csv,job-csv,utf8,LibcMemmem,static,full-scan,full-scan,contains_2006,%(2006)%,1,2609129,31450317,31450317,2609129,2609129,0,0,0,707630079,0,2149,101,36373403,36373504,2609129,1324859,57173,13.940860724019394,13.940822013783144,1.1565385493570701,
job_movie_companies_note,movie_companies.note,benchmarks/job/../../data/job/movie_companies__note.csv,job-csv,utf8,LibcMemmem,static,full-scan,full-scan,contains_2006,%(2006)%,2,2609129,31450317,31450317,2609129,2609129,0,0,0,707630079,0,2149,100,36985387,36985487,2609129,1324859,57173,14.175415243937728,14.175376916971143,1.175997272141963,
job_movie_companies_note,movie_companies.note,benchmarks/job/../../data/job/movie_companies__note.csv,job-csv,utf8,LibcMemmem,static,full-scan,full-scan,contains_2006,%(2006)%,3,2609129,31450317,31450317,2609129,2609129,0,0,0,707630079,0,2149,111,37477888,37477999,2609129,1324859,57173,14.364180153606817,14.364137610673907,1.1916572732796302,
job_movie_companies_note,movie_companies.note,benchmarks/job/../../data/job/movie_companies__note.csv,job-csv,utf8,LibcMemmem,static,full-scan,full-scan,contains_2006,%(2006)%,4,2609129,31450317,31450317,2609129,2609129,0,0,0,707630079,0,2149,101,36740339,36740440,2609129,1324859,57173,14.0814961621292,14.08145745189295,1.1682057131570407,
job_movie_companies_note,movie_companies.note,benchmarks/job/../../data/job/movie_companies__note.csv,job-csv,utf8,LibcMemmem,static,prefix-btree,full-scan,contains_2006,%(2006)%,0,2609129,31450317,31450317,2609129,2609129,0,0,0,707630079,243783678,2149,913,37959847,37960760,2609129,1324859,57173,14.549207800764163,14.548857875559237,1.2070072298476355,no-indexable-prefix
job_movie_companies_note,movie_companies.note,benchmarks/job/../../data/job/movie_companies__note.csv,job-csv,utf8,LibcMemmem,static,prefix-btree,full-scan,contains_2006,%(2006)%,1,2609129,31450317,31450317,2609129,2609129,0,0,0,707630079,243783678,2149,412,37080829,37081241,2609129,1324859,57173,14.212114847521912,14.211956940419581,1.179041883743175,no-indexable-prefix
job_movie_companies_note,movie_companies.note,benchmarks/job/../../data/job/movie_companies__note.csv,job-csv,utf8,LibcMemmem,static,prefix-btree,full-scan,contains_2006,%(2006)%,2,2609129,31450317,31450317,2609129,2609129,0,0,0,707630079,243783678,2149,271,36993248,36993519,2609129,1324859,57173,14.178493665893868,14.17838979981442,1.1762526590749467,no-indexable-prefix
job_movie_companies_note,movie_companies.note,benchmarks/job/../../data/job/movie_companies__note.csv,job-csv,utf8,LibcMemmem,static,prefix-btree,full-scan,contains_2006,%(2006)%,3,2609129,31450317,31450317,2609129,2609129,0,0,0,707630079,243783678,2149,191,37021173,37021364,2609129,1324859,57173,14.189165809739572,14.189092605233395,1.1771380237598241,no-indexable-prefix
job_movie_companies_note,movie_companies.note,benchmarks/job/../../data/job/movie_companies__note.csv,job-csv,utf8,LibcMemmem,static,prefix-btree,full-scan,contains_2006,%(2006)%,4,2609129,31450317,31450317,2609129,2609129,0,0,0,707630079,243783678,2149,190,37023211,37023401,2609129,1324859,57173,14.189946530048918,14.189873708812405,1.177202792582345,no-indexable-prefix
job_movie_companies_note,movie_companies.note,benchmarks/job/../../data/job/movie_companies__note.csv,job-csv,utf8,LibcMemmem,static,qgram,full-scan,contains_2006,%(2006)%,0,2609129,31450317,31450317,2609129,2609129,0,0,0,707630079,930075132,2149,703,48787415,48788118,2609129,1324859,57173,18.699005683505874,18.698736244930778,1.551275874262253,literal-shorter-than-qgram
job_movie_companies_note,movie_companies.note,benchmarks/job/../../data/job/movie_companies__note.csv,job-csv,utf8,LibcMemmem,static,qgram,full-scan,contains_2006,%(2006)%,1,2609129,31450317,31450317,2609129,2609129,0,0,0,707630079,930075132,2149,111,37221852,37221963,2609129,1324859,57173,14.26604932144022,14.266006778507311,1.1835163060518594,literal-shorter-than-qgram
job_movie_companies_note,movie_companies.note,benchmarks/job/../../data/job/movie_companies__note.csv,job-csv,utf8,LibcMemmem,static,qgram,full-scan,contains_2006,%(2006)%,2,2609129,31450317,31450317,2609129,2609129,0,0,0,707630079,930075132,2149,111,36921712,36921823,2609129,1324859,57173,14.151014763930798,14.150972220997888,1.1739730000177742,literal-shorter-than-qgram
job_movie_companies_note,movie_companies.note,benchmarks/job/../../data/job/movie_companies__note.csv,job-csv,utf8,LibcMemmem,static,qgram,full-scan,contains_2006,%(2006)%,3,2609129,31450317,31450317,2609129,2609129,0,0,0,707630079,930075132,2149,111,36836952,36837063,2609129,1324859,57173,14.118528827053012,14.118486284120102,1.17127795564032,literal-shorter-than-qgram
job_movie_companies_note,movie_companies.note,benchmarks/job/../../data/job/movie_companies__note.csv,job-csv,utf8,LibcMemmem,static,qgram,full-scan,contains_2006,%(2006)%,4,2609129,31450317,31450317,2609129,2609129,0,0,0,707630079,930075132,2149,121,37365073,37365194,2609129,1324859,57173,14.320945418950155,14.320899043320587,1.1880705049809195,literal-shorter-than-qgram
job_movie_companies_note,movie_companies.note,benchmarks/job/../../data/job/movie_companies__note.csv,job-csv,utf8,LibcMemmem,static,trigram,trigram,contains_2006,%(2006)%,0,2609129,31450317,31450317,2609129,2609129,0,0,0,707630079,1060889407,2149,1364715,3924657,5289372,57925,57925,57173,2.027255839017542,67.75411307725507,0.16818183422443722,
job_movie_companies_note,movie_companies.note,benchmarks/job/../../data/job/movie_companies__note.csv,job-csv,utf8,LibcMemmem,static,trigram,trigram,contains_2006,%(2006)%,1,2609129,31450317,31450317,2609129,2609129,0,0,0,707630079,1060889407,2149,1515920,4042916,5558836,57925,57925,57173,2.130533216257226,69.79570133793699,0.17674976058269937,
job_movie_companies_note,movie_companies.note,benchmarks/job/../../data/job/movie_companies__note.csv,job-csv,utf8,LibcMemmem,static,trigram,trigram,contains_2006,%(2006)%,2,2609129,31450317,31450317,2609129,2609129,0,0,0,707630079,1060889407,2149,1386205,4125718,5511923,57925,57925,57173,2.112552886423017,71.22517047906776,0.17525810630144045,
job_movie_companies_note,movie_companies.note,benchmarks/job/../../data/job/movie_companies__note.csv,job-csv,utf8,LibcMemmem,static,trigram,trigram,contains_2006,%(2006)%,3,2609129,31450317,31450317,2609129,2609129,0,0,0,707630079,1060889407,2149,1371142,4458060,5829202,57925,57925,57173,2.2341563027355105,76.96262408286577,0.18534636709703117,
job_movie_companies_note,movie_companies.note,benchmarks/job/../../data/job/movie_companies__note.csv,job-csv,utf8,LibcMemmem,static,trigram,trigram,contains_2006,%(2006)%,4,2609129,31450317,31450317,2609129,2609129,0,0,0,707630079,1060889407,2149,1473033,4055789,5528822,57925,57925,57173,2.119029760506284,70.01793698748382,0.17579542997929082,
job_movie_companies_note,movie_companies.note,benchmarks/job/../../data/job/movie_companies__note.csv,job-csv,utf8,LibcMemmem,static,fm,fm,contains_2007,%(2007)%,0,2609129,31450317,31450317,2609129,2609129,0,0,0,707630079,69127940303,2339,1168917,4087439,5256356,62155,62155,62155,2.014601807729706,65.76203040785134,0.1671320514829787,
job_movie_companies_note,movie_companies.note,benchmarks/job/../../data/job/movie_companies__note.csv,job-csv,utf8,LibcMemmem,static,fm,fm,contains_2007,%(2007)%,1,2609129,31450317,31450317,2609129,2609129,0,0,0,707630079,69127940303,2339,1089068,3807644,4896712,62155,62155,62155,1.8767611720233075,61.26046174885367,0.15569674544138934,
job_movie_companies_note,movie_companies.note,benchmarks/job/../../data/job/movie_companies__note.csv,job-csv,utf8,LibcMemmem,static,fm,fm,contains_2007,%(2007)%,2,2609129,31450317,31450317,2609129,2609129,0,0,0,707630079,69127940303,2339,1073985,3600990,4674975,62155,62155,62155,1.7917761061258375,57.935644759070065,0.14864635545644897,
job_movie_companies_note,movie_companies.note,benchmarks/job/../../data/job/movie_companies__note.csv,job-csv,utf8,LibcMemmem,static,fm,fm,contains_2007,%(2007)%,3,2609129,31450317,31450317,2609129,2609129,0,0,0,707630079,69127940303,2339,1098497,4043418,5141915,62155,62155,62155,1.9707400438997076,65.0537848926072,0.1634932646306872,
job_movie_companies_note,movie_companies.note,benchmarks/job/../../data/job/movie_companies__note.csv,job-csv,utf8,LibcMemmem,static,fm,fm,contains_2007,%(2007)%,4,2609129,31450317,31450317,2609129,2609129,0,0,0,707630079,69127940303,2339,1134194,3814453,4948647,62155,62155,62155,1.8966662821194353,61.37001045772665,0.15734808014812696,
job_movie_companies_note,movie_companies.note,benchmarks/job/../../data/job/movie_companies__note.csv,job-csv,utf8,LibcMemmem,static,full-scan,full-scan,contains_2007,%(2007)%,0,2609129,31450317,31450317,2609129,2609129,0,0,0,707630079,0,2339,964,35256326,35257290,2609129,1324859,62155,13.51304975721783,13.512680285259947,1.1210472059788776,
job_movie_companies_note,movie_companies.note,benchmarks/job/../../data/job/movie_companies__note.csv,job-csv,utf8,LibcMemmem,static,full-scan,full-scan,contains_2007,%(2007)%,1,2609129,31450317,31450317,2609129,2609129,0,0,0,707630079,0,2339,111,34895695,34895806,2609129,1324859,62155,13.37450390532626,13.374461362393351,1.1095533949626009,
job_movie_companies_note,movie_companies.note,benchmarks/job/../../data/job/movie_companies__note.csv,job-csv,utf8,LibcMemmem,static,full-scan,full-scan,contains_2007,%(2007)%,2,2609129,31450317,31450317,2609129,2609129,0,0,0,707630079,0,2339,101,35165441,35165542,2609129,1324859,62155,13.477885531915057,13.477846821678806,1.1181299698823386,
job_movie_companies_note,movie_companies.note,benchmarks/job/../../data/job/movie_companies__note.csv,job-csv,utf8,LibcMemmem,static,full-scan,full-scan,contains_2007,%(2007)%,3,2609129,31450317,31450317,2609129,2609129,0,0,0,707630079,0,2339,101,34975264,34975365,2609129,1324859,62155,13.40499645667194,13.404957746435688,1.112083067398017,
job_movie_companies_note,movie_companies.note,benchmarks/job/../../data/job/movie_companies__note.csv,job-csv,utf8,LibcMemmem,static,full-scan,full-scan,contains_2007,%(2007)%,4,2609129,31450317,31450317,2609129,2609129,0,0,0,707630079,0,2339,100,34732180,34732280,2609129,1324859,62155,13.311829349947818,13.311791022981232,1.1043538925219736,
job_movie_companies_note,movie_companies.note,benchmarks/job/../../data/job/movie_companies__note.csv,job-csv,utf8,LibcMemmem,static,prefix-btree,full-scan,contains_2007,%(2007)%,0,2609129,31450317,31450317,2609129,2609129,0,0,0,707630079,243783678,2339,833,34928973,34929806,2609129,1324859,62155,13.387535073965296,13.38721581033364,1.1106344651470446,no-indexable-prefix
job_movie_companies_note,movie_companies.note,benchmarks/job/../../data/job/movie_companies__note.csv,job-csv,utf8,LibcMemmem,static,prefix-btree,full-scan,contains_2007,%(2007)%,1,2609129,31450317,31450317,2609129,2609129,0,0,0,707630079,243783678,2339,211,46164432,46164643,2609129,1324859,62155,17.693507296879535,17.69342642698004,1.4678593859642177,no-indexable-prefix
job_movie_companies_note,movie_companies.note,benchmarks/job/../../data/job/movie_companies__note.csv,job-csv,utf8,LibcMemmem,static,prefix-btree,full-scan,contains_2007,%(2007)%,2,2609129,31450317,31450317,2609129,2609129,0,0,0,707630079,243783678,2339,693,35297343,35298036,2609129,1324859,62155,13.528666463022718,13.52840085714428,1.1223427732063878,no-indexable-prefix
job_movie_companies_note,movie_companies.note,benchmarks/job/../../data/job/movie_companies__note.csv,job-csv,utf8,LibcMemmem,static,prefix-btree,full-scan,contains_2007,%(2007)%,3,2609129,31450317,31450317,2609129,2609129,0,0,0,707630079,243783678,2339,783,35589601,35590384,2609129,1324859,62155,13.640714583295805,13.640414483147442,1.1316383233911442,no-indexable-prefix
job_movie_companies_note,movie_companies.note,benchmarks/job/../../data/job/movie_companies__note.csv,job-csv,utf8,LibcMemmem,static,prefix-btree,full-scan,contains_2007,%(2007)%,4,2609129,31450317,31450317,2609129,2609129,0,0,0,707630079,243783678,2339,492,37093834,37094326,2609129,1324859,62155,14.217129931099612,14.216941362424013,1.1794579367832763,no-indexable-prefix
job_movie_companies_note,movie_companies.note,benchmarks/job/../../data/job/movie_companies__note.csv,job-csv,utf8,LibcMemmem,static,qgram,full-scan,contains_2007,%(2007)%,0,2609129,31450317,31450317,2609129,2609129,0,0,0,707630079,930075132,2339,643,35443489,35444132,2609129,1324859,62155,13.584660628125324,13.58441418573018,1.126988068196578,literal-shorter-than-qgram
job_movie_companies_note,movie_companies.note,benchmarks/job/../../data/job/movie_companies__note.csv,job-csv,utf8,LibcMemmem,static,qgram,full-scan,contains_2007,%(2007)%,1,2609129,31450317,31450317,2609129,2609129,0,0,0,707630079,930075132,2339,120,36088915,36089035,2609129,1324859,62155,13.83183238544357,13.83178639308367,1.1474935212894675,literal-shorter-than-qgram
job_movie_companies_note,movie_companies.note,benchmarks/job/../../data/job/movie_companies__note.csv,job-csv,utf8,LibcMemmem,static,qgram,full-scan,contains_2007,%(2007)%,2,2609129,31450317,31450317,2609129,2609129,0,0,0,707630079,930075132,2339,111,35663297,35663408,2609129,1324859,62155,13.668702467375129,13.668659924442219,1.1339602077778739,literal-shorter-than-qgram
job_movie_companies_note,movie_companies.note,benchmarks/job/../../data/job/movie_companies__note.csv,job-csv,utf8,LibcMemmem,static,qgram,full-scan,contains_2007,%(2007)%,3,2609129,31450317,31450317,2609129,2609129,0,0,0,707630079,930075132,2339,110,35389714,35389824,2609129,1324859,62155,13.563846019112125,13.563803859448882,1.1252612811502027,literal-shorter-than-qgram
job_movie_companies_note,movie_companies.note,benchmarks/job/../../data/job/movie_companies__note.csv,job-csv,utf8,LibcMemmem,static,qgram,full-scan,contains_2007,%(2007)%,4,2609129,31450317,31450317,2609129,2609129,0,0,0,707630079,930075132,2339,121,35922583,35922704,2609129,1324859,62155,13.768082758652408,13.76803638302284,1.1422048305586237,literal-shorter-than-qgram
job_movie_companies_note,movie_companies.note,benchmarks/job/../../data/job/movie_companies__note.csv,job-csv,utf8,LibcMemmem,static,trigram,trigram,contains_2007,%(2007)%,0,2609129,31450317,31450317,2609129,2609129,0,0,0,707630079,1060889407,2339,1414167,4357044,5771211,63218,63218,62155,2.211930111542971,68.92094023853966,0.183502474712735,
job_movie_companies_note,movie_companies.note,benchmarks/job/../../data/job/movie_companies__note.csv,job-csv,utf8,LibcMemmem,static,trigram,trigram,contains_2007,%(2007)%,1,2609129,31450317,31450317,2609129,2609129,0,0,0,707630079,1060889407,2339,1357320,4308457,5665777,63218,63218,62155,2.1715204575933194,68.15237748742447,0.18015007607077538,
job_movie_companies_note,movie_companies.note,benchmarks/job/../../data/job/movie_companies__note.csv,job-csv,utf8,LibcMemmem,static,trigram,trigram,contains_2007,%(2007)%,2,2609129,31450317,31450317,2609129,2609129,0,0,0,707630079,1060889407,2339,1489558,4096131,5585689,63218,63218,62155,2.1408251565944036,64.79374545224461,0.17760358345513655,
job_movie_companies_note,movie_companies.note,benchmarks/job/../../data/job/movie_companies__note.csv,job-csv,utf8,LibcMemmem,static,trigram,trigram,contains_2007,%(2007)%,3,2609129,31450317,31450317,2609129,2609129,0,0,0,707630079,1060889407,2339,1346738,3976070,5322808,63218,63218,62155,2.0400708435650365,62.894586984719545,0.16924497136229183,
job_movie_companies_note,movie_companies.note,benchmarks/job/../../data/job/movie_companies__note.csv,job-csv,utf8,LibcMemmem,static,trigram,trigram,contains_2007,%(2007)%,4,2609129,31450317,31450317,2609129,2609129,0,0,0,707630079,1060889407,2339,1345032,3909583,5254615,63218,63218,62155,2.013934535241454,61.84287702869436,0.16707669433029881,
job_movie_companies_note,movie_companies.note,benchmarks/job/../../data/job/movie_companies__note.csv,job-csv,utf8,LibcMemmem,static,fm,fm,contains_blu_ray,%(Blu-ray)%,0,2609129,31450317,31450317,2609129,2609129,0,0,0,707630079,69127940303,2460,132018,413359,545377,7963,7963,7963,0.2090264605544609,51.909958558332285,0.017340906293567725,
job_movie_companies_note,movie_companies.note,benchmarks/job/../../data/job/movie_companies__note.csv,job-csv,utf8,LibcMemmem,static,fm,fm,contains_blu_ray,%(Blu-ray)%,1,2609129,31450317,31450317,2609129,2609129,0,0,0,707630079,69127940303,2460,90899,305765,396664,7963,7963,7963,0.15202927873631392,38.398216752480224,0.012612400695357061,
job_movie_companies_note,movie_companies.note,benchmarks/job/../../data/job/movie_companies__note.csv,job-csv,utf8,LibcMemmem,static,fm,fm,contains_blu_ray,%(Blu-ray)%,2,2609129,31450317,31450317,2609129,2609129,0,0,0,707630079,69127940303,2460,88902,301610,390512,7963,7963,7963,0.14967140375198007,37.87642848172799,0.012416790584336559,
job_movie_companies_note,movie_companies.note,benchmarks/job/../../data/job/movie_companies__note.csv,job-csv,utf8,LibcMemmem,static,fm,fm,contains_blu_ray,%(Blu-ray)%,3,2609129,31450317,31450317,2609129,2609129,0,0,0,707630079,69127940303,2460,78040,300566,378606,7963,7963,7963,0.14510819511032225,37.74532211478086,0.012038225242689923,
job_movie_companies_note,movie_companies.note,benchmarks/job/../../data/job/movie_companies__note.csv,job-csv,utf8,LibcMemmem,static,fm,fm,contains_blu_ray,%(Blu-ray)%,4,2609129,31450317,31450317,2609129,2609129,0,0,0,707630079,69127940303,2460,77167,308486,385653,7963,7963,7963,0.14780909644559545,38.739922139897025,0.012262292936506809,
job_movie_companies_note,movie_companies.note,benchmarks/job/../../data/job/movie_companies__note.csv,job-csv,utf8,LibcMemmem,static,full-scan,full-scan,contains_blu_ray,%(Blu-ray)%,0,2609129,31450317,31450317,2609129,2609129,0,0,0,707630079,0,2460,461,37499929,37500390,2609129,1308949,7963,14.372761944694954,14.372585257378995,1.19236922158845,
job_movie_companies_note,movie_companies.note,benchmarks/job/../../data/job/movie_companies__note.csv,job-csv,utf8,LibcMemmem,static,full-scan,full-scan,contains_blu_ray,%(Blu-ray)%,1,2609129,31450317,31450317,2609129,2609129,0,0,0,707630079,0,2460,111,35508831,35508942,2609129,1308949,7963,13.609500335169322,13.609457792236412,1.129048778745219,
job_movie_companies_note,movie_companies.note,benchmarks/job/../../data/job/movie_companies__note.csv,job-csv,utf8,LibcMemmem,static,full-scan,full-scan,contains_blu_ray,%(Blu-ray)%,2,2609129,31450317,31450317,2609129,2609129,0,0,0,707630079,0,2460,191,35842928,35843119,2609129,1308949,7963,13.737580242295417,13.73750703778924,1.1396743314224782,
job_movie_companies_note,movie_companies.note,benchmarks/job/../../data/job/movie_companies__note.csv,job-csv,utf8,LibcMemmem,static,full-scan,full-scan,contains_blu_ray,%(Blu-ray)%,3,2609129,31450317,31450317,2609129,2609129,0,0,0,707630079,0,2460,100,35574102,35574202,2609129,1308949,7963,13.634512513562955,13.63447418659637,1.131123797575713,
job_movie_companies_note,movie_companies.note,benchmarks/job/../../data/job/movie_companies__note.csv,job-csv,utf8,LibcMemmem,static,full-scan,full-scan,contains_blu_ray,%(Blu-ray)%,4,2609129,31450317,31450317,2609129,2609129,0,0,0,707630079,0,2460,100,35604850,35604950,2609129,1308949,7963,13.646297289248634,13.64625896228205,1.1321014665766327,
job_movie_companies_note,movie_companies.note,benchmarks/job/../../data/job/movie_companies__note.csv,job-csv,utf8,LibcMemmem,static,prefix-btree,full-scan,contains_blu_ray,%(Blu-ray)%,0,2609129,31450317,31450317,2609129,2609129,0,0,0,707630079,243783678,2460,803,36048065,36048868,2609129,1308949,7963,13.816437592775214,13.816129827233533,1.1462163640512748,no-indexable-prefix
job_movie_companies_note,movie_companies.note,benchmarks/job/../../data/job/movie_companies__note.csv,job-csv,utf8,LibcMemmem,static,prefix-btree,full-scan,contains_blu_ray,%(Blu-ray)%,1,2609129,31450317,31450317,2609129,2609129,0,0,0,707630079,243783678,2460,563,35482761,35483324,2609129,1308949,7963,13.599681732869476,13.599465952047598,1.1282342241574226,no-indexable-prefix
job_movie_companies_note,movie_companies.note,benchmarks/job/../../data/job/movie_companies__note.csv,job-csv,utf8,LibcMemmem,static,prefix-btree,full-scan,contains_blu_ray,%(Blu-ray)%,2,2609129,31450317,31450317,2609129,2609129,0,0,0,707630079,243783678,2460,361,35835789,35836150,2609129,1308949,7963,13.734909235994081,13.734770875644708,1.139452743830849,no-indexable-prefix
job_movie_companies_note,movie_companies.note,benchmarks/job/../../data/job/movie_companies__note.csv,job-csv,utf8,LibcMemmem,static,prefix-btree,full-scan,contains_blu_ray,%(Blu-ray)%,3,2609129,31450317,31450317,2609129,2609129,0,0,0,707630079,243783678,2460,371,35371395,35371766,2609129,1308949,7963,13.556924935486133,13.556782742440102,1.1246871056975356,no-indexable-prefix
job_movie_companies_note,movie_companies.note,benchmarks/job/../../data/job/movie_companies__note.csv,job-csv,utf8,LibcMemmem,static,prefix-btree,full-scan,contains_blu_ray,%(Blu-ray)%,4,2609129,31450317,31450317,2609129,2609129,0,0,0,707630079,243783678,2460,411,35359759,35360170,2609129,1308949,7963,13.552480540440891,13.552323016608224,1.1243183971722766,no-indexable-prefix
job_movie_companies_note,movie_companies.note,benchmarks/job/../../data/job/movie_companies__note.csv,job-csv,utf8,LibcMemmem,static,qgram,full-scan,contains_blu_ray,%(Blu-ray)%,0,2609129,31450317,31450317,2609129,2609129,0,0,0,707630079,930075132,2460,592,35729189,35729781,2609129,1308949,7963,13.694141224906856,13.69391432926467,1.1360706157588174,literal-shorter-than-qgram
job_movie_companies_note,movie_companies.note,benchmarks/job/../../data/job/movie_companies__note.csv,job-csv,utf8,LibcMemmem,static,qgram,full-scan,contains_blu_ray,%(Blu-ray)%,1,2609129,31450317,31450317,2609129,2609129,0,0,0,707630079,930075132,2460,101,35607330,35607431,2609129,1308949,7963,13.647248181289617,13.647209471053367,1.1321803529039152,literal-shorter-than-qgram
job_movie_companies_note,movie_companies.note,benchmarks/job/../../data/job/movie_companies__note.csv,job-csv,utf8,LibcMemmem,static,qgram,full-scan,contains_blu_ray,%(Blu-ray)%,2,2609129,31450317,31450317,2609129,2609129,0,0,0,707630079,930075132,2460,100,36162757,36162857,2609129,1308949,7963,13.860126118716247,13.86008779174966,1.1498407790293497,literal-shorter-than-qgram
job_movie_companies_note,movie_companies.note,benchmarks/job/../../data/job/movie_companies__note.csv,job-csv,utf8,LibcMemmem,static,qgram,full-scan,contains_blu_ray,%(Blu-ray)%,3,2609129,31450317,31450317,2609129,2609129,0,0,0,707630079,930075132,2460,110,36278040,36278150,2609129,1308949,7963,13.904314428301552,13.904272268638309,1.153506656228616,literal-shorter-than-qgram
job_movie_companies_note,movie_companies.note,benchmarks/job/../../data/job/movie_companies__note.csv,job-csv,utf8,LibcMemmem,static,qgram,full-scan,contains_blu_ray,%(Blu-ray)%,4,2609129,31450317,31450317,2609129,2609129,0,0,0,707630079,930075132,2460,110,35825240,35825350,2609129,1308949,7963,13.730769923602857,13.730727763939614,1.1391093450663787,literal-shorter-than-qgram
job_movie_companies_note,movie_companies.note,benchmarks/job/../../data/job/movie_companies__note.csv,job-csv,utf8,LibcMemmem,static,trigram,trigram,contains_blu_ray,%(Blu-ray)%,0,2609129,31450317,31450317,2609129,2609129,0,0,0,707630079,1060889407,2460,73593,301830,375423,7963,7963,7963,0.14388824776390896,37.90405626020344,0.011937017995716864,
job_movie_companies_note,movie_companies.note,benchmarks/job/../../data/job/movie_companies__note.csv,job-csv,utf8,LibcMemmem,static,trigram,trigram,contains_blu_ray,%(Blu-ray)%,1,2609129,31450317,31450317,2609129,2609129,0,0,0,707630079,1060889407,2460,71595,291822,363417,7963,7963,7963,0.13928671215566574,36.64724350119302,0.011555273035880687,
job_movie_companies_note,movie_companies.note,benchmarks/job/../../data/job/movie_companies__note.csv,job-csv,utf8,LibcMemmem,static,trigram,trigram,contains_blu_ray,%(Blu-ray)%,2,2609129,31450317,31450317,2609129,2609129,0,0,0,707630079,1060889407,2460,69819,299722,369541,7963,7963,7963,0.14163385558935568,37.63933191008414,0.011749992853808119,
job_movie_companies_note,movie_companies.note,benchmarks/job/../../data/job/movie_companies__note.csv,job-csv,utf8,LibcMemmem,static,trigram,trigram,contains_blu_ray,%(Blu-ray)%,3,2609129,31450317,31450317,2609129,2609129,0,0,0,707630079,1060889407,2460,69075,289985,359060,7963,7963,7963,0.13761680622153982,36.41655155092302,0.011416737071362428,
job_movie_companies_note,movie_companies.note,benchmarks/job/../../data/job/movie_companies__note.csv,job-csv,utf8,LibcMemmem,static,trigram,trigram,contains_blu_ray,%(Blu-ray)%,4,2609129,31450317,31450317,2609129,2609129,0,0,0,707630079,1060889407,2460,68724,290216,358940,7963,7963,7963,0.13757081386163736,36.44556071832224,0.011412921529534981,
job_movie_companies_note,movie_companies.note,benchmarks/job/../../data/job/movie_companies__note.csv,job-csv,utf8,LibcMemmem,static,fm,fm,contains_france,%(France)%,0,2609129,31450317,31450317,2609129,2609129,0,0,0,707630079,69127940303,1606,628065,1797101,2425166,39148,39148,39148,0.9294925624604993,45.90530806171452,0.07711101926254034,
job_movie_companies_note,movie_companies.note,benchmarks/job/../../data/job/movie_companies__note.csv,job-csv,utf8,LibcMemmem,static,fm,fm,contains_france,%(France)%,1,2609129,31450317,31450317,2609129,2609129,0,0,0,707630079,69127940303,1606,559240,1711391,2270631,39148,39148,39148,0.8702639846477502,43.71592418514356,0.07219739629333466,
job_movie_companies_note,movie_companies.note,benchmarks/job/../../data/job/movie_companies__note.csv,job-csv,utf8,LibcMemmem,static,fm,fm,contains_france,%(France)%,2,2609129,31450317,31450317,2609129,2609129,0,0,0,707630079,69127940303,1606,560496,1305721,1866217,39148,39148,39148,0.7152643660010678,33.35345356084602,0.059338575188288244,
job_movie_companies_note,movie_companies.note,benchmarks/job/../../data/job/movie_companies__note.csv,job-csv,utf8,LibcMemmem,static,fm,fm,contains_france,%(France)%,3,2609129,31450317,31450317,2609129,2609129,0,0,0,707630079,69127940303,1606,538350,1115199,1653549,39148,39148,39148,0.6337551727032278,28.48674261775825,0.05257654477695726,
job_movie_companies_note,movie_companies.note,benchmarks/job/../../data/job/movie_companies__note.csv,job-csv,utf8,LibcMemmem,static,fm,fm,contains_france,%(France)%,4,2609129,31450317,31450317,2609129,2609129,0,0,0,707630079,69127940303,1606,463573,1050670,1514243,39148,39148,39148,0.5803634086317695,26.838408092367427,0.048147145861836625,
job_movie_companies_note,movie_companies.note,benchmarks/job/../../data/job/movie_companies__note.csv,job-csv,utf8,LibcMemmem,static,full-scan,full-scan,contains_france,%(France)%,0,2609129,31450317,31450317,2609129,2609129,0,0,0,707630079,0,1606,522,33848879,33849401,2609129,1314470,39148,12.973448610628298,12.973248543862722,1.0762817112463445,
job_movie_companies_note,movie_companies.note,benchmarks/job/../../data/job/movie_companies__note.csv,job-csv,utf8,LibcMemmem,static,full-scan,full-scan,contains_france,%(France)%,1,2609129,31450317,31450317,2609129,2609129,0,0,0,707630079,0,1606,110,33792532,33792642,2609129,1314470,39148,12.95169460766409,12.951652448000846,1.0744769917581436,
job_movie_companies_note,movie_companies.note,benchmarks/job/../../data/job/movie_companies__note.csv,job-csv,utf8,LibcMemmem,static,full-scan,full-scan,contains_france,%(France)%,2,2609129,31450317,31450317,2609129,2609129,0,0,0,707630079,0,1606,421,33862592,33863013,2609129,1314470,39148,12.978665677319903,12.978504320790577,1.0767145208743047,
job_movie_companies_note,movie_companies.note,benchmarks/job/../../data/job/movie_companies__note.csv,job-csv,utf8,LibcMemmem,static,full-scan,full-scan,contains_france,%(France)%,3,2609129,31450317,31450317,2609129,2609129,0,0,0,707630079,0,1606,101,33620099,33620200,2609129,1314470,39148,12.885602819944893,12.885564109708643,1.0689939945597369,
job_movie_companies_note,movie_companies.note,benchmarks/job/../../data/job/movie_companies__note.csv,job-csv,utf8,LibcMemmem,static,full-scan,full-scan,contains_france,%(France)%,4,2609129,31450317,31450317,2609129,2609129,0,0,0,707630079,0,1606,111,34295020,34295131,2609129,1314470,39148,13.144283398789405,13.144240855856495,1.0904542234025814,
job_movie_companies_note,movie_companies.note,benchmarks/job/../../data/job/movie_companies__note.csv,job-csv,utf8,LibcMemmem,static,prefix-btree,full-scan,contains_france,%(France)%,0,2609129,31450317,31450317,2609129,2609129,0,0,0,707630079,243783678,1606,1064,33961294,33962358,2609129,1314470,39148,13.01674160227417,13.016333803349701,1.0798733125647033,no-indexable-prefix
job_movie_companies_note,movie_companies.note,benchmarks/job/../../data/job/movie_companies__note.csv,job-csv,utf8,LibcMemmem,static,prefix-btree,full-scan,contains_france,%(France)%,1,2609129,31450317,31450317,2609129,2609129,0,0,0,707630079,243783678,1606,582,34014876,34015458,2609129,1314470,39148,13.037093221531016,13.03687015858549,1.081561689823349,no-indexable-prefix
job_movie_companies_note,movie_companies.note,benchmarks/job/../../data/job/movie_companies__note.csv,job-csv,utf8,LibcMemmem,static,prefix-btree,full-scan,contains_france,%(France)%,2,2609129,31450317,31450317,2609129,2609129,0,0,0,707630079,243783678,1606,411,33986914,33987325,2609129,1314470,39148,13.026310696021547,13.026153172188879,1.0806671678380857,no-indexable-prefix
job_movie_companies_note,movie_companies.note,benchmarks/job/../../data/job/movie_companies__note.csv,job-csv,utf8,LibcMemmem,static,prefix-btree,full-scan,contains_france,%(France)%,3,2609129,31450317,31450317,2609129,2609129,0,0,0,707630079,243783678,1606,302,34697238,34697540,2609129,1314470,39148,13.29851456175605,13.298398814316961,1.1032492931629274,no-indexable-prefix
job_movie_companies_note,movie_companies.note,benchmarks/job/../../data/job/movie_companies__note.csv,job-csv,utf8,LibcMemmem,static,prefix-btree,full-scan,contains_france,%(France)%,4,2609129,31450317,31450317,2609129,2609129,0,0,0,707630079,243783678,1606,401,33606314,33606715,2609129,1314470,39148,12.880434428500852,12.880280737364846,1.0685652230468774,no-indexable-prefix
job_movie_companies_note,movie_companies.note,benchmarks/job/../../data/job/movie_companies__note.csv,job-csv,utf8,LibcMemmem,static,qgram,full-scan,contains_france,%(France)%,0,2609129,31450317,31450317,2609129,2609129,0,0,0,707630079,930075132,1606,522,33730961,33731483,2609129,1314470,39148,12.928254218170125,12.928054151404549,1.0725323690696027,literal-shorter-than-qgram
job_movie_companies_note,movie_companies.note,benchmarks/job/../../data/job/movie_companies__note.csv,job-csv,utf8,LibcMemmem,static,qgram,full-scan,contains_france,%(France)%,1,2609129,31450317,31450317,2609129,2609129,0,0,0,707630079,930075132,1606,111,33870088,33870199,2609129,1314470,39148,12.98141985313873,12.98137731020582,1.076943008237405,literal-shorter-than-qgram
job_movie_companies_note,movie_companies.note,benchmarks/job/../../data/job/movie_companies__note.csv,job-csv,utf8,LibcMemmem,static,qgram,full-scan,contains_france,%(France)%,2,2609129,31450317,31450317,2609129,2609129,0,0,0,707630079,930075132,1606,110,33660497,33660607,2609129,1314470,39148,12.901089597333057,12.901047437669812,1.0702787828815843,literal-shorter-than-qgram
job_movie_companies_note,movie_companies.note,benchmarks/job/../../data/job/movie_companies__note.csv,job-csv,utf8,LibcMemmem,static,qgram,full-scan,contains_france,%(France)%,3,2609129,31450317,31450317,2609129,2609129,0,0,0,707630079,930075132,1606,120,33911155,33911275,2609129,1314470,39148,12.99716303793335,12.997117045573447,1.0782490682049406,literal-shorter-than-qgram
job_movie_companies_note,movie_companies.note,benchmarks/job/../../data/job/movie_companies__note.csv,job-csv,utf8,LibcMemmem,static,qgram,full-scan,contains_france,%(France)%,4,2609129,31450317,31450317,2609129,2609129,0,0,0,707630079,930075132,1606,111,33394054,33394165,2609129,1314470,39148,12.798970461023583,12.798927918090673,1.06180694458501,literal-shorter-than-qgram
job_movie_companies_note,movie_companies.note,benchmarks/job/../../data/job/movie_companies__note.csv,job-csv,utf8,LibcMemmem,static,trigram,trigram,contains_france,%(France)%,0,2609129,31450317,31450317,2609129,2609129,0,0,0,707630079,1060889407,1606,208135,1714154,1922289,39148,39148,39148,0.7367550627048337,43.78650250332073,0.06112145069952713,
job_movie_companies_note,movie_companies.note,benchmarks/job/../../data/job/movie_companies__note.csv,job-csv,utf8,LibcMemmem,static,trigram,trigram,contains_france,%(France)%,1,2609129,31450317,31450317,2609129,2609129,0,0,0,707630079,1060889407,1606,205325,1247524,1452849,39148,39148,39148,0.5568329507663285,31.866864207622356,0.04619505107055042,
job_movie_companies_note,movie_companies.note,benchmarks/job/../../data/job/movie_companies__note.csv,job-csv,utf8,LibcMemmem,static,trigram,trigram,contains_france,%(France)%,2,2609129,31450317,31450317,2609129,2609129,0,0,0,707630079,1060889407,1606,205124,1415225,1620349,39148,39148,39148,0.6210306197968748,36.15063349340962,0.05152091153802996,
job_movie_companies_note,movie_companies.note,benchmarks/job/../../data/job/movie_companies__note.csv,job-csv,utf8,LibcMemmem,static,trigram,trigram,contains_france,%(France)%,3,2609129,31450317,31450317,2609129,2609129,0,0,0,707630079,1060889407,1606,204452,1177363,1381815,39148,39148,39148,0.529607773322055,30.07466537243282,0.04393644108579255,
job_movie_companies_note,movie_companies.note,benchmarks/job/../../data/job/movie_companies__note.csv,job-csv,utf8,LibcMemmem,static,trigram,trigram,contains_france,%(France)%,4,2609129,31450317,31450317,2609129,2609129,0,0,0,707630079,1060889407,1606,200297,1069036,1269333,39148,39148,39148,0.4864968347674645,27.307550832737306,0.04035994295383414,
job_movie_companies_note,movie_companies.note,benchmarks/job/../../data/job/movie_companies__note.csv,job-csv,utf8,LibcMemmem,static,fm,fm,contains_japan,%(Japan)%,0,2609129,31450317,31450317,2609129,2609129,0,0,0,707630079,69127940303,2248,882529,2454734,3337263,48897,48897,48897,1.2790716748769417,50.202139190543384,0.10611222138078927,
job_movie_companies_note,movie_companies.note,benchmarks/job/../../data/job/movie_companies__note.csv,job-csv,utf8,LibcMemmem,static,fm,fm,contains_japan,%(Japan)%,1,2609129,31450317,31450317,2609129,2609129,0,0,0,707630079,69127940303,2248,812398,2463566,3275964,48897,48897,48897,1.255577627629757,50.38276376873837,0.10416314722678312,
job_movie_companies_note,movie_companies.note,benchmarks/job/../../data/job/movie_companies__note.csv,job-csv,utf8,LibcMemmem,static,fm,fm,contains_japan,%(Japan)%,2,2609129,31450317,31450317,2609129,2609129,0,0,0,707630079,69127940303,2248,795908,2056901,2852809,48897,48897,48897,1.0933951521753045,42.06599586886721,0.09070843387683501,
job_movie_companies_note,movie_companies.note,benchmarks/job/../../data/job/movie_companies__note.csv,job-csv,utf8,LibcMemmem,static,fm,fm,contains_japan,%(Japan)%,3,2609129,31450317,31450317,2609129,2609129,0,0,0,707630079,69127940303,2248,744053,2058888,2802941,48897,48897,48897,1.074282260478497,42.106632308730596,0.08912282187807519,
job_movie_companies_note,movie_companies.note,benchmarks/job/../../data/job/movie_companies__note.csv,job-csv,utf8,LibcMemmem,static,fm,fm,contains_japan,%(Japan)%,4,2609129,31450317,31450317,2609129,2609129,0,0,0,707630079,69127940303,2248,770517,1839864,2610381,48897,48897,48897,1.0004798536216493,37.627339100558316,0.0830001490922969,
job_movie_companies_note,movie_companies.note,benchmarks/job/../../data/job/movie_companies__note.csv,job-csv,utf8,LibcMemmem,static,full-scan,full-scan,contains_japan,%(Japan)%,0,2609129,31450317,31450317,2609129,2609129,0,0,0,707630079,0,2248,532,34350958,34351490,2609129,1323905,48897,13.16588409388727,13.165680194425036,1.0922462244180242,
job_movie_companies_note,movie_companies.note,benchmarks/job/../../data/job/movie_companies__note.csv,job-csv,utf8,LibcMemmem,static,full-scan,full-scan,contains_japan,%(Japan)%,1,2609129,31450317,31450317,2609129,2609129,0,0,0,707630079,0,2248,100,33961735,33961835,2609129,1323905,48897,13.016541152238927,13.016502825272342,1.079856683161572,
job_movie_companies_note,movie_companies.note,benchmarks/job/../../data/job/movie_companies__note.csv,job-csv,utf8,LibcMemmem,static,full-scan,full-scan,contains_japan,%(Japan)%,2,2609129,31450317,31450317,2609129,2609129,0,0,0,707630079,0,2248,90,45794571,45794661,2609129,1323905,48897,17.551704419367535,17.55166992509761,1.4560953709941937,
job_movie_companies_note,movie_companies.note,benchmarks/job/../../data/job/movie_companies__note.csv,job-csv,utf8,LibcMemmem,static,full-scan,full-scan,contains_japan,%(Japan)%,3,2609129,31450317,31450317,2609129,2609129,0,0,0,707630079,0,2248,111,34294406,34294517,2609129,1323905,48897,13.14404807121457,13.14400552828166,1.0904347005468975,
job_movie_companies_note,movie_companies.note,benchmarks/job/../../data/job/movie_companies__note.csv,job-csv,utf8,LibcMemmem,static,full-scan,full-scan,contains_japan,%(Japan)%,4,2609129,31450317,31450317,2609129,2609129,0,0,0,707630079,0,2248,131,34318491,34318622,2609129,1323905,48897,13.15328678650998,13.153236578183755,1.0912011475114862,
job_movie_companies_note,movie_companies.note,benchmarks/job/../../data/job/movie_companies__note.csv,job-csv,utf8,LibcMemmem,static,prefix-btree,full-scan,contains_japan,%(Japan)%,0,2609129,31450317,31450317,2609129,2609129,0,0,0,707630079,243783678,2248,1425,34060108,34061533,2609129,1323905,48897,13.05475237138524,13.054206212111398,1.0830266989041795,no-indexable-prefix
job_movie_companies_note,movie_companies.note,benchmarks/job/../../data/job/movie_companies__note.csv,job-csv,utf8,LibcMemmem,static,prefix-btree,full-scan,contains_japan,%(Japan)%,1,2609129,31450317,31450317,2609129,2609129,0,0,0,707630079,243783678,2248,512,34031876,34032388,2609129,1323905,48897,13.043581976973925,13.043385742905008,1.0820999991828382,no-indexable-prefix
job_movie_companies_note,movie_companies.note,benchmarks/job/../../data/job/movie_companies__note.csv,job-csv,utf8,LibcMemmem,static,prefix-btree,full-scan,contains_japan,%(Japan)%,2,2609129,31450317,31450317,2609129,2609129,0,0,0,707630079,243783678,2248,340,34015758,34016098,2609129,1323905,48897,13.037338514117163,13.037208202430772,1.0815820393797622,no-indexable-prefix
job_movie_companies_note,movie_companies.note,benchmarks/job/../../data/job/movie_companies__note.csv,job-csv,utf8,LibcMemmem,static,prefix-btree,full-scan,contains_japan,%(Japan)%,3,2609129,31450317,31450317,2609129,2609129,0,0,0,707630079,243783678,2248,361,34186029,34186390,2609129,1323905,48897,13.102606272054773,13.1024679117054,1.0869966747870936,no-indexable-prefix
job_movie_companies_note,movie_companies.note,benchmarks/job/../../data/job/movie_companies__note.csv,job-csv,utf8,LibcMemmem,static,prefix-btree,full-scan,contains_japan,%(Japan)%,4,2609129,31450317,31450317,2609129,2609129,0,0,0,707630079,243783678,2248,693,34096738,34097431,2609129,1323905,48897,13.068510985850066,13.06824537997163,1.0841681182418605,no-indexable-prefix
job_movie_companies_note,movie_companies.note,benchmarks/job/../../data/job/movie_companies__note.csv,job-csv,utf8,LibcMemmem,static,qgram,full-scan,contains_japan,%(Japan)%,0,2609129,31450317,31450317,2609129,2609129,0,0,0,707630079,930075132,2248,853,34303730,34304583,2609129,1323905,48897,13.147906063671057,13.147579134646083,1.0907547609138566,literal-shorter-than-qgram
job_movie_companies_note,movie_companies.note,benchmarks/job/../../data/job/movie_companies__note.csv,job-csv,utf8,LibcMemmem,static,qgram,full-scan,contains_japan,%(Japan)%,1,2609129,31450317,31450317,2609129,2609129,0,0,0,707630079,930075132,2248,100,33852465,33852565,2609129,1323905,48897,12.97466127585106,12.974622948884475,1.0763823143658615,literal-shorter-than-qgram
job_movie_companies_note,movie_companies.note,benchmarks/job/../../data/job/movie_companies__note.csv,job-csv,utf8,LibcMemmem,static,qgram,full-scan,contains_japan,%(Japan)%,2,2609129,31450317,31450317,2609129,2609129,0,0,0,707630079,930075132,2248,100,34521750,34521850,2609129,1323905,48897,13.23117791416216,13.231139587195573,1.0976630219657246,literal-shorter-than-qgram
job_movie_companies_note,movie_companies.note,benchmarks/job/../../data/job/movie_companies__note.csv,job-csv,utf8,LibcMemmem,static,qgram,full-scan,contains_japan,%(Japan)%,3,2609129,31450317,31450317,2609129,2609129,0,0,0,707630079,930075132,2248,100,34926612,34926712,2609129,1323905,48897,13.386349237619145,13.38631091065256,1.1105360877602601,literal-shorter-than-qgram
job_movie_companies_note,movie_companies.note,benchmarks/job/../../data/job/movie_companies__note.csv,job-csv,utf8,LibcMemmem,static,qgram,full-scan,contains_japan,%(Japan)%,4,2609129,31450317,31450317,2609129,2609129,0,0,0,707630079,930075132,2248,101,34577379,34577480,2609129,1323905,48897,13.252499205673617,13.252460495437367,1.0994318435645656,literal-shorter-than-qgram
job_movie_companies_note,movie_companies.note,benchmarks/job/../../data/job/movie_companies__note.csv,job-csv,utf8,LibcMemmem,static,trigram,trigram,contains_japan,%(Japan)%,0,2609129,31450317,31450317,2609129,2609129,0,0,0,707630079,1060889407,2248,184946,1647473,1832419,48897,48897,48897,0.7023106178345341,33.69272143485286,0.058263927832587506,
job_movie_companies_note,movie_companies.note,benchmarks/job/../../data/job/movie_companies__note.csv,job-csv,utf8,LibcMemmem,static,trigram,trigram,contains_japan,%(Japan)%,1,2609129,31450317,31450317,2609129,2609129,0,0,0,707630079,1060889407,2248,182226,1346562,1528788,48897,48897,48897,0.585938065921616,27.53874470826431,0.04860962132750522,
job_movie_companies_note,movie_companies.note,benchmarks/job/../../data/job/movie_companies__note.csv,job-csv,utf8,LibcMemmem,static,trigram,trigram,contains_japan,%(Japan)%,2,2609129,31450317,31450317,2609129,2609129,0,0,0,707630079,1060889407,2248,191528,1343000,1534528,48897,48897,48897,0.588138033803618,27.465897703335582,0.04879213141158482,
job_movie_companies_note,movie_companies.note,benchmarks/job/../../data/job/movie_companies__note.csv,job-csv,utf8,LibcMemmem,static,trigram,trigram,contains_japan,%(Japan)%,3,2609129,31450317,31450317,2609129,2609129,0,0,0,707630079,1060889407,2248,174802,1310081,1484883,48897,48897,48897,0.5691106112422958,26.792666216741313,0.04721360996138767,
job_movie_companies_note,movie_companies.note,benchmarks/job/../../data/job/movie_companies__note.csv,job-csv,utf8,LibcMemmem,static,trigram,trigram,contains_japan,%(Japan)%,4,2609129,31450317,31450317,2609129,2609129,0,0,0,707630079,1060889407,2248,171933,1303890,1475823,48897,48897,48897,0.5656381880696585,26.666053132093992,0.046925536553415345,
job_movie_companies_note,movie_companies.note,benchmarks/job/../../data/job/movie_companies__note.csv,job-csv,utf8,LibcMemmem,static,fm,full-scan,contains_usa,%(USA)%,0,2609129,31450317,31450317,2609129,2609129,0,0,0,707630079,69127940303,1796,3702,38765810,38769512,2609129,1335804,487819,14.859177909562924,14.857759045259932,1.2327224555479044,too-broad
job_movie_companies_note,movie_companies.note,benchmarks/job/../../data/job/movie_companies__note.csv,job-csv,utf8,LibcMemmem,static,fm,full-scan,contains_usa,%(USA)%,1,2609129,31450317,31450317,2609129,2609129,0,0,0,707630079,69127940303,1796,3331,38203105,38206436,2609129,1335804,487819,14.643367959192512,14.642091287935552,1.2148187886309698,too-broad
job_movie_companies_note,movie_companies.note,benchmarks/job/../../data/job/movie_companies__note.csv,job-csv,utf8,LibcMemmem,static,fm,full-scan,contains_usa,%(USA)%,2,2609129,31450317,31450317,2609129,2609129,0,0,0,707630079,69127940303,1796,3452,38208816,38212268,2609129,1335804,487819,14.645603187883772,14.644280140997244,1.215004223963784,too-broad
job_movie_companies_note,movie_companies.note,benchmarks/job/../../data/job/movie_companies__note.csv,job-csv,utf8,LibcMemmem,static,fm,full-scan,contains_usa,%(USA)%,3,2609129,31450317,31450317,2609129,2609129,0,0,0,707630079,69127940303,1796,3131,38075110,38078241,2609129,1335804,487819,14.594234704378358,14.593034687054569,1.210742677092889,too-broad
job_movie_companies_note,movie_companies.note,benchmarks/job/../../data/job/movie_companies__note.csv,job-csv,utf8,LibcMemmem,static,fm,full-scan,contains_usa,%(USA)%,4,2609129,31450317,31450317,2609129,2609129,0,0,0,707630079,69127940303,1796,2748,38077820,38080568,2609129,1335804,487819,14.5951265728908,14.594073347849033,1.2108166668081597,too-broad
job_movie_companies_note,movie_companies.note,benchmarks/job/../../data/job/movie_companies__note.csv,job-csv,utf8,LibcMemmem,static,full-scan,full-scan,contains_usa,%(USA)%,0,2609129,31450317,31450317,2609129,2609129,0,0,0,707630079,0,1796,522,38227889,38228411,2609129,1335804,487819,14.651790310099654,14.651590243334079,1.2155175097281214,
job_movie_companies_note,movie_companies.note,benchmarks/job/../../data/job/movie_companies__note.csv,job-csv,utf8,LibcMemmem,static,full-scan,full-scan,contains_usa,%(USA)%,1,2609129,31450317,31450317,2609129,2609129,0,0,0,707630079,0,1796,100,38105801,38105901,2609129,1335804,487819,14.60483594333588,14.604797616369295,1.211622159484116,
job_movie_companies_note,movie_companies.note,benchmarks/job/../../data/job/movie_companies__note.csv,job-csv,utf8,LibcMemmem,static,full-scan,full-scan,contains_usa,%(USA)%,2,2609129,31450317,31450317,2609129,2609129,0,0,0,707630079,0,1796,100,38426280,38426380,2609129,1335804,487819,14.727665822579105,14.72762749561252,1.2218121680617717,
job_movie_companies_note,movie_companies.note,benchmarks/job/../../data/job/movie_companies__note.csv,job-csv,utf8,LibcMemmem,static,full-scan,full-scan,contains_usa,%(USA)%,3,2609129,31450317,31450317,2609129,2609129,0,0,0,707630079,0,1796,111,37921991,37922102,2609129,1335804,487819,14.534391362021578,14.534348819088668,1.2057780530479232,
job_movie_companies_note,movie_companies.note,benchmarks/job/../../data/job/movie_companies__note.csv,job-csv,utf8,LibcMemmem,static,full-scan,full-scan,contains_usa,%(USA)%,4,2609129,31450317,31450317,2609129,2609129,0,0,0,707630079,0,1796,110,38287488,38287598,2609129,1335804,487819,14.674474891812554,14.674432732149311,1.2173994303459643,
job_movie_companies_note,movie_companies.note,benchmarks/job/../../data/job/movie_companies__note.csv,job-csv,utf8,LibcMemmem,static,prefix-btree,full-scan,contains_usa,%(USA)%,0,2609129,31450317,31450317,2609129,2609129,0,0,0,707630079,243783678,1796,1475,37891780,37893255,2609129,1335804,487819,14.523335181970689,14.522769859213554,1.2048608285887865,no-indexable-prefix
job_movie_companies_note,movie_companies.note,benchmarks/job/../../data/job/movie_companies__note.csv,job-csv,utf8,LibcMemmem,static,prefix-btree,full-scan,contains_usa,%(USA)%,1,2609129,31450317,31450317,2609129,2609129,0,0,0,707630079,243783678,1796,442,37959155,37959597,2609129,1335804,487819,14.548762058142774,14.548592652950468,1.2069702508880913,no-indexable-prefix
job_movie_companies_note,movie_companies.note,benchmarks/job/../../data/job/movie_companies__note.csv,job-csv,utf8,LibcMemmem,static,prefix-btree,full-scan,contains_usa,%(USA)%,2,2609129,31450317,31450317,2609129,2609129,0,0,0,707630079,243783678,1796,351,38165531,38165882,2609129,1335804,487819,14.627824841163468,14.627690313510755,1.213529326270384,no-indexable-prefix
job_movie_companies_note,movie_companies.note,benchmarks/job/../../data/job/movie_companies__note.csv,job-csv,utf8,LibcMemmem,static,prefix-btree,full-scan,contains_usa,%(USA)%,3,2609129,31450317,31450317,2609129,2609129,0,0,0,707630079,243783678,1796,301,38085946,38086247,2609129,1335804,487819,14.597303161323184,14.597187797153763,1.2109972373251436,no-indexable-prefix
job_movie_companies_note,movie_companies.note,benchmarks/job/../../data/job/movie_companies__note.csv,job-csv,utf8,LibcMemmem,static,prefix-btree,full-scan,contains_usa,%(USA)%,4,2609129,31450317,31450317,2609129,2609129,0,0,0,707630079,243783678,1796,301,37813208,37813509,2609129,1335804,487819,14.492770959197495,14.492655595028072,1.202325210267356,no-indexable-prefix
job_movie_companies_note,movie_companies.note,benchmarks/job/../../data/job/movie_companies__note.csv,job-csv,utf8,LibcMemmem,static,qgram,full-scan,contains_usa,%(USA)%,0,2609129,31450317,31450317,2609129,2609129,0,0,0,707630079,930075132,1796,582,49634615,49635197,2609129,1335804,487819,19.02366536878782,19.023442305842295,1.5782097522260268,literal-shorter-than-qgram
job_movie_companies_note,movie_companies.note,benchmarks/job/../../data/job/movie_companies__note.csv,job-csv,utf8,LibcMemmem,static,qgram,full-scan,contains_usa,%(USA)%,1,2609129,31450317,31450317,2609129,2609129,0,0,0,707630079,930075132,1796,100,37886674,37886774,2609129,1335804,487819,14.520851211266288,14.520812884299703,1.2046547575339224,literal-shorter-than-qgram
job_movie_companies_note,movie_companies.note,benchmarks/job/../../data/job/movie_companies__note.csv,job-csv,utf8,LibcMemmem,static,qgram,full-scan,contains_usa,%(USA)%,2,2609129,31450317,31450317,2609129,2609129,0,0,0,707630079,930075132,1796,110,38173443,38173553,2609129,1335804,487819,14.630764902770235,14.630722743106992,1.2137732347817034,literal-shorter-than-qgram
job_movie_companies_note,movie_companies.note,benchmarks/job/../../data/job/movie_companies__note.csv,job-csv,utf8,LibcMemmem,static,qgram,full-scan,contains_usa,%(USA)%,3,2609129,31450317,31450317,2609129,2609129,0,0,0,707630079,930075132,1796,100,38691334,38691434,2609129,1335804,487819,14.829252980592374,14.829214653625789,1.2302398732578752,literal-shorter-than-qgram
job_movie_companies_note,movie_companies.note,benchmarks/job/../../data/job/movie_companies__note.csv,job-csv,utf8,LibcMemmem,static,qgram,full-scan,contains_usa,%(USA)%,4,2609129,31450317,31450317,2609129,2609129,0,0,0,707630079,930075132,1796,110,39087599,39087709,2609129,1335804,487819,14.98113316742867,14.981091007765427,1.242839905238475,literal-shorter-than-qgram
job_movie_companies_note,movie_companies.note,benchmarks/job/../../data/job/movie_companies__note.csv,job-csv,utf8,LibcMemmem,static,trigram,trigram,contains_usa,%(USA)%,0,2609129,31450317,31450317,2609129,2609129,0,0,0,707630079,1060889407,1796,1020583,12382142,13402725,487819,487819,487819,5.1368579322831485,25.382656272100924,0.42615548199402886,
job_movie_companies_note,movie_companies.note,benchmarks/job/../../data/job/movie_companies__note.csv,job-csv,utf8,LibcMemmem,static,trigram,trigram,contains_usa,%(USA)%,1,2609129,31450317,31450317,2609129,2609129,0,0,0,707630079,1060889407,1796,966514,12165633,13132147,487819,487819,487819,5.033153592635704,24.938825670996824,0.41755213468913527,
job_movie_companies_note,movie_companies.note,benchmarks/job/../../data/job/movie_companies__note.csv,job-csv,utf8,LibcMemmem,static,trigram,trigram,contains_usa,%(USA)%,2,2609129,31450317,31450317,2609129,2609129,0,0,0,707630079,1060889407,1796,973312,12117804,13091116,487819,487819,487819,5.017427654976047,24.84077905944623,0.41624750554978507,
job_movie_companies_note,movie_companies.note,benchmarks/job/../../data/job/movie_companies__note.csv,job-csv,utf8,LibcMemmem,static,trigram,trigram,contains_usa,%(USA)%,3,2609129,31450317,31450317,2609129,2609129,0,0,0,707630079,1060889407,1796,945706,12113269,13058975,487819,487819,487819,5.005108984645834,24.83148257857935,0.415225544467485,
job_movie_companies_note,movie_companies.note,benchmarks/job/../../data/job/movie_companies__note.csv,job-csv,utf8,LibcMemmem,static,trigram,trigram,contains_usa,%(USA)%,4,2609129,31450317,31450317,2609129,2609129,0,0,0,707630079,1060889407,1796,949256,12098470,13047726,487819,487819,487819,5.000797584174642,24.801145506837578,0.41486786921734364,
job_movie_companies_note,movie_companies.note,benchmarks/job/../../data/job/movie_companies__note.csv,job-csv,utf8,LibcMemmem,static,fm,fm,contains_vhs,%(VHS)%,0,2609129,31450317,31450317,2609129,2609129,0,0,0,707630079,69127940303,2487,1301698,4010211,5311909,75693,75693,75693,2.0358935874768935,52.9799453053783,0.16889842477581388,
job_movie_companies_note,movie_companies.note,benchmarks/job/../../data/job/movie_companies__note.csv,job-csv,utf8,LibcMemmem,static,fm,fm,contains_vhs,%(VHS)%,1,2609129,31450317,31450317,2609129,2609129,0,0,0,707630079,69127940303,2487,1283467,4248870,5532337,75693,75693,75693,2.120376953381761,56.13293171099045,0.17590719355865317,
job_movie_companies_note,movie_companies.note,benchmarks/job/../../data/job/movie_companies__note.csv,job-csv,utf8,LibcMemmem,static,fm,fm,contains_vhs,%(VHS)%,2,2609129,31450317,31450317,2609129,2609129,0,0,0,707630079,69127940303,2487,1276217,3946984,5223201,75693,75693,75693,2.0018945019583163,52.144636888483745,0.1660778490722367,
job_movie_companies_note,movie_companies.note,benchmarks/job/../../data/job/movie_companies__note.csv,job-csv,utf8,LibcMemmem,static,fm,fm,contains_vhs,%(VHS)%,3,2609129,31450317,31450317,2609129,2609129,0,0,0,707630079,69127940303,2487,1259961,3757263,5017224,75693,75693,75693,1.9229497659947055,49.63818318734889,0.15952856691396783,
job_movie_companies_note,movie_companies.note,benchmarks/job/../../data/job/movie_companies__note.csv,job-csv,utf8,LibcMemmem,static,fm,fm,contains_vhs,%(VHS)%,4,2609129,31450317,31450317,2609129,2609129,0,0,0,707630079,69127940303,2487,1241130,3736316,4977446,75693,75693,75693,1.9077040652263648,49.36144689733529,0.1582637783905326,
job_movie_companies_note,movie_companies.note,benchmarks/job/../../data/job/movie_companies__note.csv,job-csv,utf8,LibcMemmem,static,full-scan,full-scan,contains_vhs,%(VHS)%,0,2609129,31450317,31450317,2609129,2609129,0,0,0,707630079,0,2487,571,35074966,35075537,2609129,1335804,75693,13.443389345639867,13.443170498660663,1.115268154530843,
job_movie_companies_note,movie_companies.note,benchmarks/job/../../data/job/movie_companies__note.csv,job-csv,utf8,LibcMemmem,static,full-scan,full-scan,contains_vhs,%(VHS)%,1,2609129,31450317,31450317,2609129,2609129,0,0,0,707630079,0,2487,101,35251512,35251613,2609129,1335804,75693,13.510873935324778,13.510835225088526,1.1208666990542575,
job_movie_companies_note,movie_companies.note,benchmarks/job/../../data/job/movie_companies__note.csv,job-csv,utf8,LibcMemmem,static,full-scan,full-scan,contains_vhs,%(VHS)%,2,2609129,31450317,31450317,2609129,2609129,0,0,0,707630079,0,2487,100,35042275,35042375,2609129,1335804,75693,13.430679356980816,13.43064103001423,1.1142137295468277,
job_movie_companies_note,movie_companies.note,benchmarks/job/../../data/job/movie_companies__note.csv,job-csv,utf8,LibcMemmem,static,full-scan,full-scan,contains_vhs,%(VHS)%,3,2609129,31450317,31450317,2609129,2609129,0,0,0,707630079,0,2487,110,34987585,34987695,2609129,1335804,75693,13.40972217165192,13.409680011988675,1.1124751143207874,
job_movie_companies_note,movie_companies.note,benchmarks/job/../../data/job/movie_companies__note.csv,job-csv,utf8,LibcMemmem,static,full-scan,full-scan,contains_vhs,%(VHS)%,4,2609129,31450317,31450317,2609129,2609129,0,0,0,707630079,0,2487,100,35562619,35562719,2609129,1335804,75693,13.630111427989954,13.630073101023369,1.1307586820190079,
job_movie_companies_note,movie_companies.note,benchmarks/job/../../data/job/movie_companies__note.csv,job-csv,utf8,LibcMemmem,static,prefix-btree,full-scan,contains_vhs,%(VHS)%,0,2609129,31450317,31450317,2609129,2609129,0,0,0,707630079,243783678,2487,1314,34911164,34912478,2609129,1335804,75693,13.380893777195379,13.380390160854446,1.110083500907161,no-indexable-prefix
job_movie_companies_note,movie_companies.note,benchmarks/job/../../data/job/movie_companies__note.csv,job-csv,utf8,LibcMemmem,static,prefix-btree,full-scan,contains_vhs,%(VHS)%,1,2609129,31450317,31450317,2609129,2609129,0,0,0,707630079,243783678,2487,642,34917692,34918334,2609129,1335804,75693,13.38313820435862,13.382892145233141,1.1102696993483405,no-indexable-prefix
job_movie_companies_note,movie_companies.note,benchmarks/job/../../data/job/movie_companies__note.csv,job-csv,utf8,LibcMemmem,static,prefix-btree,full-scan,contains_vhs,%(VHS)%,2,2609129,31450317,31450317,2609129,2609129,0,0,0,707630079,243783678,2487,451,35367291,35367742,2609129,1335804,75693,13.555382658350737,13.555209803731437,1.1245591578615886,no-indexable-prefix
job_movie_companies_note,movie_companies.note,benchmarks/job/../../data/job/movie_companies__note.csv,job-csv,utf8,LibcMemmem,static,prefix-btree,full-scan,contains_vhs,%(VHS)%,3,2609129,31450317,31450317,2609129,2609129,0,0,0,707630079,243783678,2487,461,35710206,35710667,2609129,1335804,75693,13.686815408513722,13.686638721197763,1.1354628635380686,no-indexable-prefix
job_movie_companies_note,movie_companies.note,benchmarks/job/../../data/job/movie_companies__note.csv,job-csv,utf8,LibcMemmem,static,prefix-btree,full-scan,contains_vhs,%(VHS)%,4,2609129,31450317,31450317,2609129,2609129,0,0,0,707630079,243783678,2487,411,35695546,35695957,2609129,1335804,75693,13.68117751172901,13.681019987896343,1.1349951417023874,no-indexable-prefix
job_movie_companies_note,movie_companies.note,benchmarks/job/../../data/job/movie_companies__note.csv,job-csv,utf8,LibcMemmem,static,qgram,full-scan,contains_vhs,%(VHS)%,0,2609129,31450317,31450317,2609129,2609129,0,0,0,707630079,930075132,2487,461,35189064,35189525,2609129,1335804,75693,13.487077488311233,13.486900800995274,1.118892537712736,literal-shorter-than-qgram
job_movie_companies_note,movie_companies.note,benchmarks/job/../../data/job/movie_companies__note.csv,job-csv,utf8,LibcMemmem,static,qgram,full-scan,contains_vhs,%(VHS)%,1,2609129,31450317,31450317,2609129,2609129,0,0,0,707630079,930075132,2487,100,35612252,35612352,2609129,1335804,75693,13.649134251315285,13.6490959243487,1.1323368219150223,literal-shorter-than-qgram
job_movie_companies_note,movie_companies.note,benchmarks/job/../../data/job/movie_companies__note.csv,job-csv,utf8,LibcMemmem,static,qgram,full-scan,contains_vhs,%(VHS)%,2,2609129,31450317,31450317,2609129,2609129,0,0,0,707630079,930075132,2487,110,35569016,35569126,2609129,1335804,75693,13.632567036739081,13.632524877075836,1.1309624001564118,literal-shorter-than-qgram
job_movie_companies_note,movie_companies.note,benchmarks/job/../../data/job/movie_companies__note.csv,job-csv,utf8,LibcMemmem,static,qgram,full-scan,contains_vhs,%(VHS)%,3,2609129,31450317,31450317,2609129,2609129,0,0,0,707630079,930075132,2487,100,35552371,35552471,2609129,1335804,75693,13.626183680454282,13.626145353487697,1.130432834746944,literal-shorter-than-qgram
job_movie_companies_note,movie_companies.note,benchmarks/job/../../data/job/movie_companies__note.csv,job-csv,utf8,LibcMemmem,static,qgram,full-scan,contains_vhs,%(VHS)%,4,2609129,31450317,31450317,2609129,2609129,0,0,0,707630079,930075132,2487,110,35468340,35468450,2609129,1335804,75693,13.593980979859563,13.593938820196318,1.1277612877479104,literal-shorter-than-qgram
job_movie_companies_note,movie_companies.note,benchmarks/job/../../data/job/movie_companies__note.csv,job-csv,utf8,LibcMemmem,static,trigram,trigram,contains_vhs,%(VHS)%,0,2609129,31450317,31450317,2609129,2609129,0,0,0,707630079,1060889407,2487,121865,3937722,4059587,75693,75693,75693,1.5559165529952717,52.02227418651659,0.12907936667220238,
job_movie_companies_note,movie_companies.note,benchmarks/job/../../data/job/movie_companies__note.csv,job-csv,utf8,LibcMemmem,static,trigram,trigram,contains_vhs,%(VHS)%,1,2609129,31450317,31450317,2609129,2609129,0,0,0,707630079,1060889407,2487,128063,3498852,3626915,75693,75693,75693,1.3900865001308866,46.224247948951685,0.11532204905915575,
job_movie_companies_note,movie_companies.note,benchmarks/job/../../data/job/movie_companies__note.csv,job-csv,utf8,LibcMemmem,static,trigram,trigram,contains_vhs,%(VHS)%,2,2609129,31450317,31450317,2609129,2609129,0,0,0,707630079,1060889407,2487,116852,3448132,3564984,75693,75693,75693,1.3663502264548821,45.554172776875006,0.11335287971819172,
job_movie_companies_note,movie_companies.note,benchmarks/job/../../data/job/movie_companies__note.csv,job-csv,utf8,LibcMemmem,static,trigram,trigram,contains_vhs,%(VHS)%,3,2609129,31450317,31450317,2609129,2609129,0,0,0,707630079,1060889407,2487,120151,3319307,3439458,75693,75693,75693,1.318239918378892,43.85223204259311,0.10936163218958969,
job_movie_companies_note,movie_companies.note,benchmarks/job/../../data/job/movie_companies__note.csv,job-csv,utf8,LibcMemmem,static,trigram,trigram,contains_vhs,%(VHS)%,4,2609129,31450317,31450317,2609129,2609129,0,0,0,707630079,1060889407,2487,121806,3380896,3502702,75693,75693,75693,1.3424794251261627,44.665900413512475,0.1113725499173824,
job_movie_companies_note,movie_companies.note,benchmarks/job/../../data/job/movie_companies__note.csv,job-csv,utf8,LibcMemmem,static,fm,fm,contains_co_production,%(co-production)%,0,2609129,31450317,31450317,2609129,2609129,0,0,0,707630079,69127940303,2086,244604,556914,801518,17816,17816,17816,0.30719753603597216,31.259205208801077,0.025485212120437452,
job_movie_companies_note,movie_companies.note,benchmarks/job/../../data/job/movie_companies__note.csv,job-csv,utf8,LibcMemmem,static,fm,fm,contains_co_production,%(co-production)%,1,2609129,31450317,31450317,2609129,2609129,0,0,0,707630079,69127940303,2086,185592,473294,658886,17816,17816,17816,0.2525310170558834,26.565671306690614,0.020950059104332716,
job_movie_companies_note,movie_companies.note,benchmarks/job/../../data/job/movie_companies__note.csv,job-csv,utf8,LibcMemmem,static,fm,fm,contains_co_production,%(co-production)%,2,2609129,31450317,31450317,2609129,2609129,0,0,0,707630079,69127940303,2086,178161,473856,652017,17816,17816,17816,0.24989833772113224,26.597215985630893,0.020731651130893213,
job_movie_companies_note,movie_companies.note,benchmarks/job/../../data/job/movie_companies__note.csv,job-csv,utf8,LibcMemmem,static,fm,fm,contains_co_production,%(co-production)%,3,2609129,31450317,31450317,2609129,2609129,0,0,0,707630079,69127940303,2086,170731,473755,644486,17816,17816,17816,0.2470119338675857,26.591546924113157,0.020492194085038953,
job_movie_companies_note,movie_companies.note,benchmarks/job/../../data/job/movie_companies__note.csv,job-csv,utf8,LibcMemmem,static,fm,fm,contains_co_production,%(co-production)%,4,2609129,31450317,31450317,2609129,2609129,0,0,0,707630079,69127940303,2086,169296,468441,637737,17816,17816,17816,0.244425246892737,26.293275707229455,0.020277601653426895,
job_movie_companies_note,movie_companies.note,benchmarks/job/../../data/job/movie_companies__note.csv,job-csv,utf8,LibcMemmem,static,full-scan,full-scan,contains_co_production,%(co-production)%,0,2609129,31450317,31450317,2609129,2609129,0,0,0,707630079,0,2086,983,33547164,33548147,2609129,1256719,17816,12.857987090711115,12.85761033662958,1.0667029842656275,
job_movie_companies_note,movie_companies.note,benchmarks/job/../../data/job/movie_companies__note.csv,job-csv,utf8,LibcMemmem,static,full-scan,full-scan,contains_co_production,%(co-production)%,1,2609129,31450317,31450317,2609129,2609129,0,0,0,707630079,0,2086,101,33898212,33898313,2609129,1256719,17816,12.992195096524549,12.992156386288297,1.0778369260952123,
job_movie_companies_note,movie_companies.note,benchmarks/job/../../data/job/movie_companies__note.csv,job-csv,utf8,LibcMemmem,static,full-scan,full-scan,contains_co_production,%(co-production)%,2,2609129,31450317,31450317,2609129,2609129,0,0,0,707630079,0,2086,100,35212185,35212285,2609129,1256719,17816,13.49580070590607,13.495762378939485,1.1196162188126753,
job_movie_companies_note,movie_companies.note,benchmarks/job/../../data/job/movie_companies__note.csv,job-csv,utf8,LibcMemmem,static,full-scan,full-scan,contains_co_production,%(co-production)%,3,2609129,31450317,31450317,2609129,2609129,0,0,0,707630079,0,2086,110,35025448,35025558,2609129,1256719,17816,13.42423391101015,13.424191751346905,1.113679013155893,
job_movie_companies_note,movie_companies.note,benchmarks/job/../../data/job/movie_companies__note.csv,job-csv,utf8,LibcMemmem,static,full-scan,full-scan,contains_co_production,%(co-production)%,4,2609129,31450317,31450317,2609129,2609129,0,0,0,707630079,0,2086,110,34353057,34353167,2609129,1256719,17816,13.166526837116908,13.166484677453663,1.0922995466150627,
job_movie_companies_note,movie_companies.note,benchmarks/job/../../data/job/movie_companies__note.csv,job-csv,utf8,LibcMemmem,static,prefix-btree,full-scan,contains_co_production,%(co-production)%,0,2609129,31450317,31450317,2609129,2609129,0,0,0,707630079,243783678,2086,1152,34215512,34216664,2609129,1256719,17816,13.114209377918838,13.113767851263773,1.0879592723977949,no-indexable-prefix
job_movie_companies_note,movie_companies.note,benchmarks/job/../../data/job/movie_companies__note.csv,job-csv,utf8,LibcMemmem,static,prefix-btree,full-scan,contains_co_production,%(co-production)%,1,2609129,31450317,31450317,2609129,2609129,0,0,0,707630079,243783678,2086,381,34424502,34424883,2609129,1256719,17816,13.194013404473294,13.193867378730603,1.0945798415958732,no-indexable-prefix
job_movie_companies_note,movie_companies.note,benchmarks/job/../../data/job/movie_companies__note.csv,job-csv,utf8,LibcMemmem,static,prefix-btree,full-scan,contains_co_production,%(co-production)%,2,2609129,31450317,31450317,2609129,2609129,0,0,0,707630079,243783678,2086,381,33730892,33731273,2609129,1256719,17816,12.928173731540296,12.928027705797605,1.0725256918714046,no-indexable-prefix
job_movie_companies_note,movie_companies.note,benchmarks/job/../../data/job/movie_companies__note.csv,job-csv,utf8,LibcMemmem,static,prefix-btree,full-scan,contains_co_production,%(co-production)%,3,2609129,31450317,31450317,2609129,2609129,0,0,0,707630079,243783678,2086,210,34004066,34004276,2609129,1256719,17816,13.032807500127436,13.032727013497608,1.0812061449173946,no-indexable-prefix
job_movie_companies_note,movie_companies.note,benchmarks/job/../../data/job/movie_companies__note.csv,job-csv,utf8,LibcMemmem,static,prefix-btree,full-scan,contains_co_production,%(co-production)%,4,2609129,31450317,31450317,2609129,2609129,0,0,0,707630079,243783678,2086,482,34089212,34089694,2609129,1256719,17816,13.065545628445355,13.065360892466414,1.083922111182536,no-indexable-prefix
job_movie_companies_note,movie_companies.note,benchmarks/job/../../data/job/movie_companies__note.csv,job-csv,utf8,LibcMemmem,static,qgram,qgram,contains_co_production,%(co-production)%,0,2609129,31450317,31450317,2609129,2609129,0,0,0,707630079,930075132,2086,5263,474995,480258,17816,17816,17816,0.1840683231837138,26.661147283340817,0.015270370724721153,
job_movie_companies_note,movie_companies.note,benchmarks/job/../../data/job/movie_companies__note.csv,job-csv,utf8,LibcMemmem,static,qgram,qgram,contains_co_production,%(co-production)%,1,2609129,31450317,31450317,2609129,2609129,0,0,0,707630079,930075132,2086,4441,466112,470553,17816,17816,17816,0.18034869107660065,26.16255051638976,0.014961788779426293,
job_movie_companies_note,movie_companies.note,benchmarks/job/../../data/job/movie_companies__note.csv,job-csv,utf8,LibcMemmem,static,qgram,qgram,contains_co_production,%(co-production)%,2,2609129,31450317,31450317,2609129,2609129,0,0,0,707630079,930075132,2086,5393,459033,464426,17816,17816,17816,0.17800039783391317,25.76521104625056,0.014766973572953175,
job_movie_companies_note,movie_companies.note,benchmarks/job/../../data/job/movie_companies__note.csv,job-csv,utf8,LibcMemmem,static,qgram,qgram,contains_co_production,%(co-production)%,3,2609129,31450317,31450317,2609129,2609129,0,0,0,707630079,930075132,2086,4160,581244,585404,17816,17816,17816,0.22436759546959925,32.62483161203413,0.018613612066294912,
job_movie_companies_note,movie_companies.note,benchmarks/job/../../data/job/movie_companies__note.csv,job-csv,utf8,LibcMemmem,static,qgram,qgram,contains_co_production,%(co-production)%,4,2609129,31450317,31450317,2609129,2609129,0,0,0,707630079,930075132,2086,6637,463445,470082,17816,17816,17816,0.18016817106398342,26.012853614728336,0.01494681277775356,
job_movie_companies_note,movie_companies.note,benchmarks/job/../../data/job/movie_companies__note.csv,job-csv,utf8,LibcMemmem,static,trigram,trigram,contains_co_production,%(co-production)%,0,2609129,31450317,31450317,2609129,2609129,0,0,0,707630079,1060889407,2086,842827,464628,1307455,17819,17819,17816,0.501107840969151,26.074863909310288,0.04157207700005059,
job_movie_companies_note,movie_companies.note,benchmarks/job/../../data/job/movie_companies__note.csv,job-csv,utf8,LibcMemmem,static,trigram,trigram,contains_co_production,%(co-production)%,1,2609129,31450317,31450317,2609129,2609129,0,0,0,707630079,1060889407,2086,820130,497912,1318042,17819,17819,17816,0.5051655169215474,27.942757730512373,0.04190870317777719,
job_movie_companies_note,movie_companies.note,benchmarks/job/../../data/job/movie_companies__note.csv,job-csv,utf8,LibcMemmem,static,trigram,trigram,contains_co_production,%(co-production)%,2,2609129,31450317,31450317,2609129,2609129,0,0,0,707630079,1060889407,2086,805873,485601,1291474,17819,17819,17816,0.4949828084391381,27.251865985745553,0.0410639422171802,
job_movie_companies_note,movie_companies.note,benchmarks/job/../../data/job/movie_companies__note.csv,job-csv,utf8,LibcMemmem,static,trigram,trigram,contains_co_production,%(co-production)%,3,2609129,31450317,31450317,2609129,2609129,0,0,0,707630079,1060889407,2086,804039,474964,1279003,17819,17819,17816,0.49020305243627277,26.654918906784893,0.04066741203276266,
job_movie_companies_note,movie_companies.note,benchmarks/job/../../data/job/movie_companies__note.csv,job-csv,utf8,LibcMemmem,static,trigram,trigram,contains_co_production,%(co-production)%,4,2609129,31450317,31450317,2609129,2609129,0,0,0,707630079,1060889407,2086,814846,477380,1292226,17819,17819,17816,0.4952710272278603,26.7905045176497,0.041087852945965536,
job_movie_companies_note,movie_companies.note,benchmarks/job/../../data/job/movie_companies__note.csv,job-csv,utf8,LibcMemmem,static,fm,fm,contains_presents,%(presents)%,0,2609129,31450317,31450317,2609129,2609129,0,0,0,707630079,69127940303,2286,144467,439384,583851,11131,11131,11131,0.22377237767852798,39.47390171592849,0.018564232595811355,
job_movie_companies_note,movie_companies.note,benchmarks/job/../../data/job/movie_companies__note.csv,job-csv,utf8,LibcMemmem,static,fm,fm,contains_presents,%(presents)%,1,2609129,31450317,31450317,2609129,2609129,0,0,0,707630079,69127940303,2286,113368,310838,424206,11131,11131,11131,0.16258529187326498,27.925433474081395,0.013488131137120177,
job_movie_companies_note,movie_companies.note,benchmarks/job/../../data/job/movie_companies__note.csv,job-csv,utf8,LibcMemmem,static,fm,fm,contains_presents,%(presents)%,2,2609129,31450317,31450317,2609129,2609129,0,0,0,707630079,69127940303,2286,99362,303239,402601,11131,11131,11131,0.15430475074248917,27.24274548558081,0.012801174627270052,
job_movie_companies_note,movie_companies.note,benchmarks/job/../../data/job/movie_companies__note.csv,job-csv,utf8,LibcMemmem,static,fm,fm,contains_presents,%(presents)%,3,2609129,31450317,31450317,2609129,2609129,0,0,0,707630079,69127940303,2286,105237,302657,407894,11131,11131,11131,0.1563333970838544,27.190459078249933,0.012969471818042406,
job_movie_companies_note,movie_companies.note,benchmarks/job/../../data/job/movie_companies__note.csv,job-csv,utf8,LibcMemmem,static,fm,fm,contains_presents,%(presents)%,4,2609129,31450317,31450317,2609129,2609129,0,0,0,707630079,69127940303,2286,96174,300552,396726,11131,11131,11131,0.15205304145559687,27.001347587817808,0.012614372058634575,
job_movie_companies_note,movie_companies.note,benchmarks/job/../../data/job/movie_companies__note.csv,job-csv,utf8,LibcMemmem,static,full-scan,full-scan,contains_presents,%(presents)%,0,2609129,31450317,31450317,2609129,2609129,0,0,0,707630079,0,2286,542,33613606,33614148,2609129,1299275,11131,12.883283271927144,12.883075539768253,1.068801564066906,
job_movie_companies_note,movie_companies.note,benchmarks/job/../../data/job/movie_companies__note.csv,job-csv,utf8,LibcMemmem,static,full-scan,full-scan,contains_presents,%(presents)%,1,2609129,31450317,31450317,2609129,2609129,0,0,0,707630079,0,2286,110,34256987,34257097,2609129,1299275,11131,13.129706120318312,13.12966396065507,1.0892448874203717,
job_movie_companies_note,movie_companies.note,benchmarks/job/../../data/job/movie_companies__note.csv,job-csv,utf8,LibcMemmem,static,full-scan,full-scan,contains_presents,%(presents)%,2,2609129,31450317,31450317,2609129,2609129,0,0,0,707630079,0,2286,111,33658489,33658600,2609129,1299275,11131,12.900320375113687,12.900277832180777,1.0702149679445203,
job_movie_companies_note,movie_companies.note,benchmarks/job/../../data/job/movie_companies__note.csv,job-csv,utf8,LibcMemmem,static,full-scan,full-scan,contains_presents,%(presents)%,3,2609129,31450317,31450317,2609129,2609129,0,0,0,707630079,0,2286,100,33665316,33665416,2609129,1299275,11131,12.902932741156148,12.902894414189563,1.0704316907203193,
job_movie_companies_note,movie_companies.note,benchmarks/job/../../data/job/movie_companies__note.csv,job-csv,utf8,LibcMemmem,static,full-scan,full-scan,contains_presents,%(presents)%,4,2609129,31450317,31450317,2609129,2609129,0,0,0,707630079,0,2286,111,33998361,33998472,2609129,1299275,11131,13.03058300298682,13.03054046005391,1.0810215998776738,
job_movie_companies_note,movie_companies.note,benchmarks/job/../../data/job/movie_companies__note.csv,job-csv,utf8,LibcMemmem,static,prefix-btree,full-scan,contains_presents,%(presents)%,0,2609129,31450317,31450317,2609129,2609129,0,0,0,707630079,243783678,2286,1272,33361978,33363250,2609129,1299275,11131,12.787121679303706,12.78663416028874,1.0608239656217138,no-indexable-prefix
job_movie_companies_note,movie_companies.note,benchmarks/job/../../data/job/movie_companies__note.csv,job-csv,utf8,LibcMemmem,static,prefix-btree,full-scan,contains_presents,%(presents)%,1,2609129,31450317,31450317,2609129,2609129,0,0,0,707630079,243783678,2286,371,33281845,33282216,2609129,1299275,11131,12.756063805200892,12.75592161215486,1.058247393818002,no-indexable-prefix
job_movie_companies_note,movie_companies.note,benchmarks/job/../../data/job/movie_companies__note.csv,job-csv,utf8,LibcMemmem,static,prefix-btree,full-scan,contains_presents,%(presents)%,2,2609129,31450317,31450317,2609129,2609129,0,0,0,707630079,243783678,2286,411,32852235,32852646,2609129,1299275,11131,12.591422654839986,12.59126513100732,1.0445887079611949,no-indexable-prefix
job_movie_companies_note,movie_companies.note,benchmarks/job/../../data/job/movie_companies__note.csv,job-csv,utf8,LibcMemmem,static,prefix-btree,full-scan,contains_presents,%(presents)%,3,2609129,31450317,31450317,2609129,2609129,0,0,0,707630079,243783678,2286,291,33295209,33295500,2609129,1299275,11131,12.761155159442097,12.761043627969334,1.0586697742983004,no-indexable-prefix
job_movie_companies_note,movie_companies.note,benchmarks/job/../../data/job/movie_companies__note.csv,job-csv,utf8,LibcMemmem,static,prefix-btree,full-scan,contains_presents,%(presents)%,4,2609129,31450317,31450317,2609129,2609129,0,0,0,707630079,243783678,2286,371,33364194,33364565,2609129,1299275,11131,12.787625678914305,12.787483485868272,1.0608657776009063,no-indexable-prefix
job_movie_companies_note,movie_companies.note,benchmarks/job/../../data/job/movie_companies__note.csv,job-csv,utf8,LibcMemmem,static,qgram,full-scan,contains_presents,%(presents)%,0,2609129,31450317,31450317,2609129,2609129,0,0,0,707630079,930075132,2286,612,34729545,34730157,2609129,1299275,11131,13.31101566844721,13.310781107411707,1.1042863892278096,literal-shorter-than-qgram
job_movie_companies_note,movie_companies.note,benchmarks/job/../../data/job/movie_companies__note.csv,job-csv,utf8,LibcMemmem,static,qgram,full-scan,contains_presents,%(presents)%,1,2609129,31450317,31450317,2609129,2609129,0,0,0,707630079,930075132,2286,120,33664102,33664222,2609129,1299275,11131,12.902475117175118,12.902429124815216,1.070393726079136,literal-shorter-than-qgram
job_movie_companies_note,movie_companies.note,benchmarks/job/../../data/job/movie_companies__note.csv,job-csv,utf8,LibcMemmem,static,qgram,full-scan,contains_presents,%(presents)%,2,2609129,31450317,31450317,2609129,2609129,0,0,0,707630079,930075132,2286,110,33255569,33255679,2609129,1299275,11131,12.745892978078125,12.745850818414882,1.0574036185390436,literal-shorter-than-qgram
job_movie_companies_note,movie_companies.note,benchmarks/job/../../data/job/movie_companies__note.csv,job-csv,utf8,LibcMemmem,static,qgram,full-scan,contains_presents,%(presents)%,3,2609129,31450317,31450317,2609129,2609129,0,0,0,707630079,930075132,2286,110,33181571,33181681,2609129,1299275,11131,12.71753178934426,12.717489629681015,1.0550507646711478,literal-shorter-than-qgram
job_movie_companies_note,movie_companies.note,benchmarks/job/../../data/job/movie_companies__note.csv,job-csv,utf8,LibcMemmem,static,qgram,full-scan,contains_presents,%(presents)%,4,2609129,31450317,31450317,2609129,2609129,0,0,0,707630079,930075132,2286,141,32913321,32913462,2609129,1299275,11131,12.614731582838564,12.614677541815679,1.0465224245593454,literal-shorter-than-qgram
job_movie_companies_note,movie_companies.note,benchmarks/job/../../data/job/movie_companies__note.csv,job-csv,utf8,LibcMemmem,static,trigram,trigram,contains_presents,%(presents)%,0,2609129,31450317,31450317,2609129,2609129,0,0,0,707630079,1060889407,2286,177720,314768,492488,11133,11133,11131,0.1887557111971083,28.273421359920956,0.0156592380293019,
job_movie_companies_note,movie_companies.note,benchmarks/job/../../data/job/movie_companies__note.csv,job-csv,utf8,LibcMemmem,static,trigram,trigram,contains_presents,%(presents)%,1,2609129,31450317,31450317,2609129,2609129,0,0,0,707630079,1060889407,2286,175665,312794,488459,11133,11133,11131,0.1872115177133825,28.09611066199587,0.01553113121244533,
job_movie_companies_note,movie_companies.note,benchmarks/job/../../data/job/movie_companies__note.csv,job-csv,utf8,LibcMemmem,static,trigram,trigram,contains_presents,%(presents)%,2,2609129,31450317,31450317,2609129,2609129,0,0,0,707630079,1060889407,2286,175495,302156,477651,11133,11133,11131,0.1830691391648324,27.14057307105003,0.015187478078519844,
job_movie_companies_note,movie_companies.note,benchmarks/job/../../data/job/movie_companies__note.csv,job-csv,utf8,LibcMemmem,static,trigram,trigram,contains_presents,%(presents)%,3,2609129,31450317,31450317,2609129,2609129,0,0,0,707630079,1060889407,2286,174372,307159,481531,11133,11133,11131,0.18455622546834596,27.58995778316716,0.015310847264273997,
job_movie_companies_note,movie_companies.note,benchmarks/job/../../data/job/movie_companies__note.csv,job-csv,utf8,LibcMemmem,static,trigram,trigram,contains_presents,%(presents)%,4,2609129,31450317,31450317,2609129,2609129,0,0,0,707630079,1060889407,2286,174994,298006,473000,11133,11133,11131,0.1812865519489454,26.767807419383814,0.015039594036524337,
job_movie_companies_note,movie_companies.note,benchmarks/job/../../data/job/movie_companies__note.csv,job-csv,utf8,LibcMemmem,static,fm,fm,contains_theatrical,%(theatrical)%,0,2609129,31450317,31450317,2609129,2609129,0,0,0,707630079,69127940303,2146,5086396,7575478,12661874,279657,279657,279657,4.852912217065541,27.088461937301766,0.4025992488406397,
job_movie_companies_note,movie_companies.note,benchmarks/job/../../data/job/movie_companies__note.csv,job-csv,utf8,LibcMemmem,static,fm,fm,contains_theatrical,%(theatrical)%,1,2609129,31450317,31450317,2609129,2609129,0,0,0,707630079,69127940303,2146,4958202,7520016,12478218,279657,279657,279657,4.782522443313458,26.89014042201697,0.396759689258458,
job_movie_companies_note,movie_companies.note,benchmarks/job/../../data/job/movie_companies__note.csv,job-csv,utf8,LibcMemmem,static,fm,fm,contains_theatrical,%(theatrical)%,2,2609129,31450317,31450317,2609129,2609129,0,0,0,707630079,69127940303,2146,4975414,7543356,12518770,279657,279657,279657,4.79806479480317,26.973599802615347,0.3980490880266803,
job_movie_companies_note,movie_companies.note,benchmarks/job/../../data/job/movie_companies__note.csv,job-csv,utf8,LibcMemmem,static,fm,fm,contains_theatrical,%(theatrical)%,3,2609129,31450317,31450317,2609129,2609129,0,0,0,707630079,69127940303,2146,4938771,7581052,12519823,279657,279657,279657,4.798468377761314,27.108393496318705,0.39808256940621617,
job_movie_companies_note,movie_companies.note,benchmarks/job/../../data/job/movie_companies__note.csv,job-csv,utf8,LibcMemmem,static,fm,fm,contains_theatrical,%(theatrical)%,4,2609129,31450317,31450317,2609129,2609129,0,0,0,707630079,69127940303,2146,5053754,7682168,12735922,279657,279657,279657,4.881292569282699,27.4699649928305,0.40495369251763025,
job_movie_companies_note,movie_companies.note,benchmarks/job/../../data/job/movie_companies__note.csv,job-csv,utf8,LibcMemmem,static,full-scan,full-scan,contains_theatrical,%(theatrical)%,0,2609129,31450317,31450317,2609129,2609129,0,0,0,707630079,0,2146,602,35822526,35823128,2609129,1278216,279657,13.72991829840533,13.729687570066487,1.1390386939502073,
job_movie_companies_note,movie_companies.note,benchmarks/job/../../data/job/movie_companies__note.csv,job-csv,utf8,LibcMemmem,static,full-scan,full-scan,contains_theatrical,%(theatrical)%,1,2609129,31450317,31450317,2609129,2609129,0,0,0,707630079,0,2146,111,36177649,36177760,2609129,1278216,279657,13.865837986546468,13.865795443613559,1.1503146375281368,
job_movie_companies_note,movie_companies.note,benchmarks/job/../../data/job/movie_companies__note.csv,job-csv,utf8,LibcMemmem,static,full-scan,full-scan,contains_theatrical,%(theatrical)%,2,2609129,31450317,31450317,2609129,2609129,0,0,0,707630079,0,2146,111,36243016,36243127,2609129,1278216,279657,13.890891174794348,13.890848631861438,1.1523930585500934,
job_movie_companies_note,movie_companies.note,benchmarks/job/../../data/job/movie_companies__note.csv,job-csv,utf8,LibcMemmem,static,full-scan,full-scan,contains_theatrical,%(theatrical)%,3,2609129,31450317,31450317,2609129,2609129,0,0,0,707630079,0,2146,110,35469918,35470028,2609129,1278216,279657,13.594585779392279,13.594543619729036,1.1278114621229414,
job_movie_companies_note,movie_companies.note,benchmarks/job/../../data/job/movie_companies__note.csv,job-csv,utf8,LibcMemmem,static,full-scan,full-scan,contains_theatrical,%(theatrical)%,4,2609129,31450317,31450317,2609129,2609129,0,0,0,707630079,0,2146,110,35767850,35767960,2609129,1278216,279657,13.708774077479497,13.708731917816252,1.1372845621874017,
job_movie_companies_note,movie_companies.note,benchmarks/job/../../data/job/movie_companies__note.csv,job-csv,utf8,LibcMemmem,static,prefix-btree,full-scan,contains_theatrical,%(theatrical)%,0,2609129,31450317,31450317,2609129,2609129,0,0,0,707630079,243783678,2146,1303,36061724,36063027,2609129,1278216,279657,13.82186430797404,13.821364907599433,1.1466665661907318,no-indexable-prefix
job_movie_companies_note,movie_companies.note,benchmarks/job/../../data/job/movie_companies__note.csv,job-csv,utf8,LibcMemmem,static,prefix-btree,full-scan,contains_theatrical,%(theatrical)%,1,2609129,31450317,31450317,2609129,2609129,0,0,0,707630079,243783678,2146,991,36067648,36068639,2609129,1278216,279657,13.824015217338813,13.823635397099952,1.146845006363529,no-indexable-prefix
job_movie_companies_note,movie_companies.note,benchmarks/job/../../data/job/movie_companies__note.csv,job-csv,utf8,LibcMemmem,static,prefix-btree,full-scan,contains_theatrical,%(theatrical)%,2,2609129,31450317,31450317,2609129,2609129,0,0,0,707630079,243783678,2146,471,35459243,35459714,2609129,1278216,279657,13.590632736058662,13.590452216046044,1.1274835163028722,no-indexable-prefix
job_movie_companies_note,movie_companies.note,benchmarks/job/../../data/job/movie_companies__note.csv,job-csv,utf8,LibcMemmem,static,prefix-btree,full-scan,contains_theatrical,%(theatrical)%,3,2609129,31450317,31450317,2609129,2609129,0,0,0,707630079,243783678,2146,622,35625117,35625739,2609129,1278216,279657,13.654265082332074,13.654026688599911,1.1327624774020562,no-indexable-prefix
job_movie_companies_note,movie_companies.note,benchmarks/job/../../data/job/movie_companies__note.csv,job-csv,utf8,LibcMemmem,static,prefix-btree,full-scan,contains_theatrical,%(theatrical)%,4,2609129,31450317,31450317,2609129,2609129,0,0,0,707630079,243783678,2146,602,35588492,35589094,2609129,1278216,279657,13.640220165426854,13.639989437088008,1.1315973063164992,no-indexable-prefix
job_movie_companies_note,movie_companies.note,benchmarks/job/../../data/job/movie_companies__note.csv,job-csv,utf8,LibcMemmem,static,qgram,full-scan,contains_theatrical,%(theatrical)%,0,2609129,31450317,31450317,2609129,2609129,0,0,0,707630079,930075132,2146,652,35776429,35777081,2609129,1278216,279657,13.71226988010175,13.712019988279614,1.1375745751624697,literal-shorter-than-qgram
job_movie_companies_note,movie_companies.note,benchmarks/job/../../data/job/movie_companies__note.csv,job-csv,utf8,LibcMemmem,static,qgram,full-scan,contains_theatrical,%(theatrical)%,1,2609129,31450317,31450317,2609129,2609129,0,0,0,707630079,930075132,2146,101,35647060,35647161,2609129,1278216,279657,13.662475485113998,13.662436774877747,1.1334436152106193,literal-shorter-than-qgram
job_movie_companies_note,movie_companies.note,benchmarks/job/../../data/job/movie_companies__note.csv,job-csv,utf8,LibcMemmem,static,qgram,full-scan,contains_theatrical,%(theatrical)%,2,2609129,31450317,31450317,2609129,2609129,0,0,0,707630079,930075132,2146,111,35360100,35360211,2609129,1278216,279657,13.552496254497191,13.552453711564281,1.1243197008157342,literal-shorter-than-qgram
job_movie_companies_note,movie_companies.note,benchmarks/job/../../data/job/movie_companies__note.csv,job-csv,utf8,LibcMemmem,static,qgram,full-scan,contains_theatrical,%(theatrical)%,3,2609129,31450317,31450317,2609129,2609129,0,0,0,707630079,930075132,2146,90,35701686,35701776,2609129,1278216,279657,13.683407757914614,13.683373263644688,1.1351801636848367,literal-shorter-than-qgram
job_movie_companies_note,movie_companies.note,benchmarks/job/../../data/job/movie_companies__note.csv,job-csv,utf8,LibcMemmem,static,qgram,full-scan,contains_theatrical,%(theatrical)%,4,2609129,31450317,31450317,2609129,2609129,0,0,0,707630079,930075132,2146,110,36051891,36052001,2609129,1278216,279657,13.817638376638333,13.81759621697509,1.1463159814891533,literal-shorter-than-qgram
job_movie_companies_note,movie_companies.note,benchmarks/job/../../data/job/movie_companies__note.csv,job-csv,utf8,LibcMemmem,static,trigram,trigram,contains_theatrical,%(theatrical)%,0,2609129,31450317,31450317,2609129,2609129,0,0,0,707630079,1060889407,2146,2177801,7797379,9975180,279657,279657,279657,3.823183905433576,27.88193751631463,0.31717263771935905,
job_movie_companies_note,movie_companies.note,benchmarks/job/../../data/job/movie_companies__note.csv,job-csv,utf8,LibcMemmem,static,trigram,trigram,contains_theatrical,%(theatrical)%,1,2609129,31450317,31450317,2609129,2609129,0,0,0,707630079,1060889407,2146,2220180,7861869,10082049,279657,279657,279657,3.8641435513537274,28.11254143468606,0.3205706638823386,
job_movie_companies_note,movie_companies.note,benchmarks/job/../../data/job/movie_companies__note.csv,job-csv,utf8,LibcMemmem,static,trigram,trigram,contains_theatrical,%(theatrical)%,2,2609129,31450317,31450317,2609129,2609129,0,0,0,707630079,1060889407,2146,2192196,7970654,10162850,279657,279657,279657,3.895112123624397,28.501535809938602,0.32313982717566886,
job_movie_companies_note,movie_companies.note,benchmarks/job/../../data/job/movie_companies__note.csv,job-csv,utf8,LibcMemmem,static,trigram,trigram,contains_theatrical,%(theatrical)%,3,2609129,31450317,31450317,2609129,2609129,0,0,0,707630079,1060889407,2146,2341012,7833133,10174145,279657,279657,279657,3.8994411545002183,28.0097869890616,0.3234989650501774,
job_movie_companies_note,movie_companies.note,benchmarks/job/../../data/job/movie_companies__note.csv,job-csv,utf8,LibcMemmem,static,trigram,trigram,contains_theatrical,%(theatrical)%,4,2609129,31450317,31450317,2609129,2609129,0,0,0,707630079,1060889407,2146,2210558,7883831,10094389,279657,279657,279657,3.868873099030366,28.191073350568733,0.32096302876692784,
job_movie_companies_note,movie_companies.note,benchmarks/job/../../data/job/movie_companies__note.csv,job-csv,utf8,LibcMemmem,static,fm,fm,contains_worldwide,%(worldwide)%,0,2609129,31450317,31450317,2609129,2609129,0,0,0,707630079,69127940303,3068,2036784,5433885,7470669,103199,103199,103199,2.86328081133589,52.654434635994534,0.2375387504043282,
job_movie_companies_note,movie_companies.note,benchmarks/job/../../data/job/movie_companies__note.csv,job-csv,utf8,LibcMemmem,static,fm,fm,contains_worldwide,%(worldwide)%,1,2609129,31450317,31450317,2609129,2609129,0,0,0,707630079,69127940303,3068,2012327,5690693,7703020,103199,103199,103199,2.9523339014667345,55.14290836151513,0.24492662506390636,
job_movie_companies_note,movie_companies.note,benchmarks/job/../../data/job/movie_companies__note.csv,job-csv,utf8,LibcMemmem,static,fm,fm,contains_worldwide,%(worldwide)%,2,2609129,31450317,31450317,2609129,2609129,0,0,0,707630079,69127940303,3068,1978157,5415913,7394070,103199,103199,103199,2.833922738201139,52.48028566168277,0.23510319466732243,
job_movie_companies_note,movie_companies.note,benchmarks/job/../../data/job/movie_companies__note.csv,job-csv,utf8,LibcMemmem,static,fm,fm,contains_worldwide,%(worldwide)%,3,2609129,31450317,31450317,2609129,2609129,0,0,0,707630079,69127940303,3068,2007535,5220077,7227612,103199,103199,103199,2.770124436162413,50.582631614647426,0.2298104658213779,
job_movie_companies_note,movie_companies.note,benchmarks/job/../../data/job/movie_companies__note.csv,job-csv,utf8,LibcMemmem,static,fm,fm,contains_worldwide,%(worldwide)%,4,2609129,31450317,31450317,2609129,2609129,0,0,0,707630079,69127940303,3068,1934095,5191530,7125625,103199,103199,103199,2.73103591275096,50.30601071715811,0.2265676686184117,
job_movie_companies_note,movie_companies.note,benchmarks/job/../../data/job/movie_companies__note.csv,job-csv,utf8,LibcMemmem,static,full-scan,full-scan,contains_worldwide,%(worldwide)%,0,2609129,31450317,31450317,2609129,2609129,0,0,0,707630079,0,3068,602,34585335,34585937,2609129,1287953,103199,13.255740517237745,13.2555097888989,1.0997007438748552,
job_movie_companies_note,movie_companies.note,benchmarks/job/../../data/job/movie_companies__note.csv,job-csv,utf8,LibcMemmem,static,full-scan,full-scan,contains_worldwide,%(worldwide)%,1,2609129,31450317,31450317,2609129,2609129,0,0,0,707630079,0,3068,130,34089460,34089590,2609129,1287953,103199,13.065505768400106,13.065455943343546,1.0839188043796188,
job_movie_companies_note,movie_companies.note,benchmarks/job/../../data/job/movie_companies__note.csv,job-csv,utf8,LibcMemmem,static,full-scan,full-scan,contains_worldwide,%(worldwide)%,2,2609129,31450317,31450317,2609129,2609129,0,0,0,707630079,0,3068,110,33722238,33722348,2609129,1287953,103199,12.924753049772548,12.924710890109305,1.0722419109479882,
job_movie_companies_note,movie_companies.note,benchmarks/job/../../data/job/movie_companies__note.csv,job-csv,utf8,LibcMemmem,static,full-scan,full-scan,contains_worldwide,%(worldwide)%,3,2609129,31450317,31450317,2609129,2609129,0,0,0,707630079,0,3068,110,33419872,33419982,2609129,1287953,103199,12.808865333986937,12.808823174323692,1.0626278266130036,
job_movie_companies_note,movie_companies.note,benchmarks/job/../../data/job/movie_companies__note.csv,job-csv,utf8,LibcMemmem,static,full-scan,full-scan,contains_worldwide,%(worldwide)%,4,2609129,31450317,31450317,2609129,2609129,0,0,0,707630079,0,3068,100,33427560,33427660,2609129,1287953,103199,12.811808078481363,12.811769751514777,1.0628719576975965,
job_movie_companies_note,movie_companies.note,benchmarks/job/../../data/job/movie_companies__note.csv,job-csv,utf8,LibcMemmem,static,prefix-btree,full-scan,contains_worldwide,%(worldwide)%,0,2609129,31450317,31450317,2609129,2609129,0,0,0,707630079,243783678,3068,1152,33798664,33799816,2609129,1287953,103199,12.954444184246928,12.954002657591863,1.0747050975670611,no-indexable-prefix
job_movie_companies_note,movie_companies.note,benchmarks/job/../../data/job/movie_companies__note.csv,job-csv,utf8,LibcMemmem,static,prefix-btree,full-scan,contains_worldwide,%(worldwide)%,1,2609129,31450317,31450317,2609129,2609129,0,0,0,707630079,243783678,3068,461,33548854,33549315,2609129,1287953,103199,12.858434749680832,12.858258062364873,1.0667401222060815,no-indexable-prefix
job_movie_companies_note,movie_companies.note,benchmarks/job/../../data/job/movie_companies__note.csv,job-csv,utf8,LibcMemmem,static,prefix-btree,full-scan,contains_worldwide,%(worldwide)%,2,2609129,31450317,31450317,2609129,2609129,0,0,0,707630079,243783678,3068,340,33641740,33642080,2609129,1287953,103199,12.893988760233778,12.89385844854739,1.0696896950196082,no-indexable-prefix
job_movie_companies_note,movie_companies.note,benchmarks/job/../../data/job/movie_companies__note.csv,job-csv,utf8,LibcMemmem,static,prefix-btree,full-scan,contains_worldwide,%(worldwide)%,3,2609129,31450317,31450317,2609129,2609129,0,0,0,707630079,243783678,3068,360,34405159,34405519,2609129,1287953,103199,13.186591770663696,13.18645379358399,1.0939641403296507,no-indexable-prefix
job_movie_companies_note,movie_companies.note,benchmarks/job/../../data/job/movie_companies__note.csv,job-csv,utf8,LibcMemmem,static,prefix-btree,full-scan,contains_worldwide,%(worldwide)%,4,2609129,31450317,31450317,2609129,2609129,0,0,0,707630079,243783678,3068,291,33983642,33983933,2609129,1287953,103199,13.02501064531497,13.024899113842206,1.0805593151890964,no-indexable-prefix
job_movie_companies_note,movie_companies.note,benchmarks/job/../../data/job/movie_companies__note.csv,job-csv,utf8,LibcMemmem,static,qgram,full-scan,contains_worldwide,%(worldwide)%,0,2609129,31450317,31450317,2609129,2609129,0,0,0,707630079,930075132,3068,741,33582544,33583285,2609129,1287953,103199,12.871454420229894,12.871170417407495,1.0678202385050681,literal-shorter-than-qgram
job_movie_companies_note,movie_companies.note,benchmarks/job/../../data/job/movie_companies__note.csv,job-csv,utf8,LibcMemmem,static,qgram,full-scan,contains_worldwide,%(worldwide)%,1,2609129,31450317,31450317,2609129,2609129,0,0,0,707630079,930075132,3068,110,33518599,33518709,2609129,1287953,103199,12.846704398287704,12.84666223862446,1.0657669682629909,literal-shorter-than-qgram
job_movie_companies_note,movie_companies.note,benchmarks/job/../../data/job/movie_companies__note.csv,job-csv,utf8,LibcMemmem,static,qgram,full-scan,contains_worldwide,%(worldwide)%,2,2609129,31450317,31450317,2609129,2609129,0,0,0,707630079,930075132,3068,100,33890804,33890904,2609129,1287953,103199,12.989355451570237,12.989317124603652,1.0776013481835494,literal-shorter-than-qgram
job_movie_companies_note,movie_companies.note,benchmarks/job/../../data/job/movie_companies__note.csv,job-csv,utf8,LibcMemmem,static,qgram,full-scan,contains_worldwide,%(worldwide)%,3,2609129,31450317,31450317,2609129,2609129,0,0,0,707630079,930075132,3068,110,33600863,33600973,2609129,1287953,103199,12.878233694079519,12.878191534416274,1.068382649370434,literal-shorter-than-qgram
job_movie_companies_note,movie_companies.note,benchmarks/job/../../data/job/movie_companies__note.csv,job-csv,utf8,LibcMemmem,static,qgram,full-scan,contains_worldwide,%(worldwide)%,4,2609129,31450317,31450317,2609129,2609129,0,0,0,707630079,930075132,3068,111,33676426,33676537,2609129,1287953,103199,12.90719508311011,12.9071525401772,1.070785296059178,literal-shorter-than-qgram
job_movie_companies_note,movie_companies.note,benchmarks/job/../../data/job/movie_companies__note.csv,job-csv,utf8,LibcMemmem,static,trigram,trigram,contains_worldwide,%(worldwide)%,0,2609129,31450317,31450317,2609129,2609129,0,0,0,707630079,1060889407,3068,770164,4839373,5609537,103199,103199,103199,2.14996537158569,46.89360362019012,0.17836185880097807,
job_movie_companies_note,movie_companies.note,benchmarks/job/../../data/job/movie_companies__note.csv,job-csv,utf8,LibcMemmem,static,trigram,trigram,contains_worldwide,%(worldwide)%,1,2609129,31450317,31450317,2609129,2609129,0,0,0,707630079,1060889407,3068,746023,4687429,5433452,103199,103199,103199,2.082477332473787,45.42126377193578,0.1727630281119265,
job_movie_companies_note,movie_companies.note,benchmarks/job/../../data/job/movie_companies__note.csv,job-csv,utf8,LibcMemmem,static,trigram,trigram,contains_worldwide,%(worldwide)%,2,2609129,31450317,31450317,2609129,2609129,0,0,0,707630079,1060889407,3068,736212,4572653,5308865,103199,103199,103199,2.034726914614034,44.309082452349344,0.16880163719812427,
job_movie_companies_note,movie_companies.note,benchmarks/job/../../data/job/movie_companies__note.csv,job-csv,utf8,LibcMemmem,static,trigram,trigram,contains_worldwide,%(worldwide)%,3,2609129,31450317,31450317,2609129,2609129,0,0,0,707630079,1060889407,3068,753339,4572112,5325451,103199,103199,103199,2.0410838252918886,44.30384015348986,0.16932900867104136,
job_movie_companies_note,movie_companies.note,benchmarks/job/../../data/job/movie_companies__note.csv,job-csv,utf8,LibcMemmem,static,trigram,trigram,contains_worldwide,%(worldwide)%,4,2609129,31450317,31450317,2609129,2609129,0,0,0,707630079,1060889407,3068,739800,4696037,5435837,103199,103199,103199,2.083391430626849,45.50467543290148,0.17283886200574702,
job_movie_companies_note,movie_companies.note,benchmarks/job/../../data/job/movie_companies__note.csv,job-csv,utf8,LibcMemmem,static,fm,full-scan,not_contains_tv,%(TV)%,0,2609129,31450317,31450317,2609129,2609129,0,0,0,707630079,69127940303,1694,3478,36717299,36720777,2609129,1337125,413698,14.073959930689513,14.072626918791673,1.1675805048324315,too-broad
job_movie_companies_note,movie_companies.note,benchmarks/job/../../data/job/movie_companies__note.csv,job-csv,utf8,LibcMemmem,static,fm,full-scan,not_contains_tv,%(TV)%,1,2609129,31450317,31450317,2609129,2609129,0,0,0,707630079,69127940303,1694,2245,36808201,36810446,2609129,1337125,413698,14.108327338356977,14.107466897957135,1.1704316366668102,too-broad
job_movie_companies_note,movie_companies.note,benchmarks/job/../../data/job/movie_companies__note.csv,job-csv,utf8,LibcMemmem,static,fm,full-scan,not_contains_tv,%(TV)%,2,2609129,31450317,31450317,2609129,2609129,0,0,0,707630079,69127940303,1694,2375,36909389,36911764,2609129,1337125,413698,14.147159454361972,14.14624918890557,1.1736531622240882,too-broad
job_movie_companies_note,movie_companies.note,benchmarks/job/../../data/job/movie_companies__note.csv,job-csv,utf8,LibcMemmem,static,fm,full-scan,not_contains_tv,%(TV)%,3,2609129,31450317,31450317,2609129,2609129,0,0,0,707630079,69127940303,1694,2265,36706885,36709150,2609129,1337125,413698,14.06950365428463,14.06863554849147,1.1672108106255337,too-broad
job_movie_companies_note,movie_companies.note,benchmarks/job/../../data/job/movie_companies__note.csv,job-csv,utf8,LibcMemmem,static,fm,full-scan,not_contains_tv,%(TV)%,4,2609129,31450317,31450317,2609129,2609129,0,0,0,707630079,69127940303,1694,2215,36958905,36961120,2609129,1337125,413698,14.166076111989863,14.165227169679996,1.1752224945777177,too-broad
job_movie_companies_note,movie_companies.note,benchmarks/job/../../data/job/movie_companies__note.csv,job-csv,utf8,LibcMemmem,static,full-scan,full-scan,not_contains_tv,%(TV)%,0,2609129,31450317,31450317,2609129,2609129,0,0,0,707630079,0,1694,601,36736249,36736850,2609129,1337125,413698,14.080120224028786,14.079889878959607,1.1680915648640362,
job_movie_companies_note,movie_companies.note,benchmarks/job/../../data/job/movie_companies__note.csv,job-csv,utf8,LibcMemmem,static,full-scan,full-scan,not_contains_tv,%(TV)%,1,2609129,31450317,31450317,2609129,2609129,0,0,0,707630079,0,1694,110,36929583,36929693,2609129,1337125,413698,14.15403109620107,14.153988936537825,1.1742232359692908,
job_movie_companies_note,movie_companies.note,benchmarks/job/../../data/job/movie_companies__note.csv,job-csv,utf8,LibcMemmem,static,full-scan,full-scan,not_contains_tv,%(TV)%,2,2609129,31450317,31450317,2609129,2609129,0,0,0,707630079,0,1694,120,36934752,36934872,2609129,1337125,413698,14.156016049800527,14.155970057440625,1.1743879083953273,
job_movie_companies_note,movie_companies.note,benchmarks/job/../../data/job/movie_companies__note.csv,job-csv,utf8,LibcMemmem,static,full-scan,full-scan,not_contains_tv,%(TV)%,3,2609129,31450317,31450317,2609129,2609129,0,0,0,707630079,0,1694,100,36924302,36924402,2609129,1337125,413698,14.152003216399036,14.15196488943245,1.1740550023708822,
job_movie_companies_note,movie_companies.note,benchmarks/job/../../data/job/movie_companies__note.csv,job-csv,utf8,LibcMemmem,static,full-scan,full-scan,not_contains_tv,%(TV)%,4,2609129,31450317,31450317,2609129,2609129,0,0,0,707630079,0,1694,100,36741138,36741238,2609129,1337125,413698,14.081802011322553,14.081763684355968,1.1682310865101933,
job_movie_companies_note,movie_companies.note,benchmarks/job/../../data/job/movie_companies__note.csv,job-csv,utf8,LibcMemmem,static,prefix-btree,full-scan,not_contains_tv,%(TV)%,0,2609129,31450317,31450317,2609129,2609129,0,0,0,707630079,243783678,1694,1172,36799545,36800717,2609129,1337125,413698,14.104598507777883,14.104149315729503,1.1701222916131497,no-indexable-prefix
job_movie_companies_note,movie_companies.note,benchmarks/job/../../data/job/movie_companies__note.csv,job-csv,utf8,LibcMemmem,static,prefix-btree,full-scan,not_contains_tv,%(TV)%,1,2609129,31450317,31450317,2609129,2609129,0,0,0,707630079,243783678,1694,331,36724804,36725135,2609129,1337125,413698,14.075630219893306,14.075503357633908,1.1677190725931317,no-indexable-prefix
job_movie_companies_note,movie_companies.note,benchmarks/job/../../data/job/movie_companies__note.csv,job-csv,utf8,LibcMemmem,static,prefix-btree,full-scan,not_contains_tv,%(TV)%,2,2609129,31450317,31450317,2609129,2609129,0,0,0,707630079,243783678,1694,401,36719905,36720306,2609129,1337125,413698,14.073779410676897,14.073625719540889,1.1675655288307587,no-indexable-prefix
job_movie_companies_note,movie_companies.note,benchmarks/job/../../data/job/movie_companies__note.csv,job-csv,utf8,LibcMemmem,static,prefix-btree,full-scan,not_contains_tv,%(TV)%,3,2609129,31450317,31450317,2609129,2609129,0,0,0,707630079,243783678,1694,431,38703969,38704400,2609129,1337125,413698,14.834222455079837,14.834057265853854,1.2306521425523311,no-indexable-prefix
job_movie_companies_note,movie_companies.note,benchmarks/job/../../data/job/movie_companies__note.csv,job-csv,utf8,LibcMemmem,static,prefix-btree,full-scan,not_contains_tv,%(TV)%,4,2609129,31450317,31450317,2609129,2609129,0,0,0,707630079,243783678,1694,522,36781316,36781838,2609129,1337125,413698,14.097362759756225,14.097162692990649,1.1695220114951466,no-indexable-prefix
job_movie_companies_note,movie_companies.note,benchmarks/job/../../data/job/movie_companies__note.csv,job-csv,utf8,LibcMemmem,static,qgram,full-scan,not_contains_tv,%(TV)%,0,2609129,31450317,31450317,2609129,2609129,0,0,0,707630079,930075132,1694,812,37625283,37626095,2609129,1337125,413698,14.420940858041131,14.420629643072457,1.1963661606336113,literal-shorter-than-qgram
job_movie_companies_note,movie_companies.note,benchmarks/job/../../data/job/movie_companies__note.csv,job-csv,utf8,LibcMemmem,static,qgram,full-scan,not_contains_tv,%(TV)%,1,2609129,31450317,31450317,2609129,2609129,0,0,0,707630079,930075132,1694,111,37641463,37641574,2609129,1337125,413698,14.426873489198886,14.426830946265977,1.1968583337331704,literal-shorter-than-qgram
job_movie_companies_note,movie_companies.note,benchmarks/job/../../data/job/movie_companies__note.csv,job-csv,utf8,LibcMemmem,static,qgram,full-scan,not_contains_tv,%(TV)%,2,2609129,31450317,31450317,2609129,2609129,0,0,0,707630079,930075132,1694,110,36824576,36824686,2609129,1337125,413698,14.113785098398738,14.113742938735493,1.1708844142970005,literal-shorter-than-qgram
job_movie_companies_note,movie_companies.note,benchmarks/job/../../data/job/movie_companies__note.csv,job-csv,utf8,LibcMemmem,static,qgram,full-scan,not_contains_tv,%(TV)%,3,2609129,31450317,31450317,2609129,2609129,0,0,0,707630079,930075132,1694,391,37272963,37273354,2609129,1337125,413698,14.285745932838124,14.285596074398775,1.185150343635646,literal-shorter-than-qgram
job_movie_companies_note,movie_companies.note,benchmarks/job/../../data/job/movie_companies__note.csv,job-csv,utf8,LibcMemmem,static,qgram,full-scan,not_contains_tv,%(TV)%,4,2609129,31450317,31450317,2609129,2609129,0,0,0,707630079,930075132,1694,100,36741685,36741785,2609129,1337125,413698,14.082011659829774,14.081973332863189,1.16824847902169,literal-shorter-than-qgram
job_movie_companies_note,movie_companies.note,benchmarks/job/../../data/job/movie_companies__note.csv,job-csv,utf8,LibcMemmem,static,trigram,trigram,not_contains_tv,%(TV)%,0,2609129,31450317,31450317,2609129,2609129,0,0,0,707630079,1060889407,1694,537460,13475865,14013325,413698,413698,413698,5.370882390253605,32.57416037786018,0.4455702306593603,
job_movie_companies_note,movie_companies.note,benchmarks/job/../../data/job/movie_companies__note.csv,job-csv,utf8,LibcMemmem,static,trigram,trigram,not_contains_tv,%(TV)%,1,2609129,31450317,31450317,2609129,2609129,0,0,0,707630079,1060889407,1694,495979,13271496,13767475,413698,413698,413698,5.276655542903398,32.08015508897795,0.43775313934037613,
job_movie_companies_note,movie_companies.note,benchmarks/job/../../data/job/movie_companies__note.csv,job-csv,utf8,LibcMemmem,static,trigram,trigram,not_contains_tv,%(TV)%,2,2609129,31450317,31450317,2609129,2609129,0,0,0,707630079,1060889407,1694,522751,13193535,13716286,413698,413698,413698,5.257036351977997,31.891706027101897,0.4361255245853325,
job_movie_companies_note,movie_companies.note,benchmarks/job/../../data/job/movie_companies__note.csv,job-csv,utf8,LibcMemmem,static,trigram,trigram,not_contains_tv,%(TV)%,3,2609129,31450317,31450317,2609129,2609129,0,0,0,707630079,1060889407,1694,540716,12930360,13471076,413698,413698,413698,5.1630547972139365,31.255553568061725,0.4283287828227614,
job_movie_companies_note,movie_companies.note,benchmarks/job/../../data/job/movie_companies__note.csv,job-csv,utf8,LibcMemmem,static,trigram,trigram,not_contains_tv,%(TV)%,4,2609129,31450317,31450317,2609129,2609129,0,0,0,707630079,1060889407,1694,472383,12969545,13441928,413698,413698,413698,5.151883252993623,31.350272420944748,0.42740198771287424,
job_movie_companies_note,movie_companies.note,benchmarks/job/../../data/job/movie_companies__note.csv,job-csv,utf8,LibcMemmem,static,fm,full-scan,not_contains_usa,%(USA)%,0,2609129,31450317,31450317,2609129,2609129,0,0,0,707630079,69127940303,2505,3798,38241705,38245503,2609129,1335804,487819,14.658341155228431,14.656885497037518,1.2160609700690774,too-broad
job_movie_companies_note,movie_companies.note,benchmarks/job/../../data/job/movie_companies__note.csv,job-csv,utf8,LibcMemmem,static,fm,full-scan,not_contains_usa,%(USA)%,1,2609129,31450317,31450317,2609129,2609129,0,0,0,707630079,69127940303,2505,2806,49854431,49857237,2609129,1335804,487819,19.108766565394046,19.10769111071166,1.5852697764540815,too-broad
job_movie_companies_note,movie_companies.note,benchmarks/job/../../data/job/movie_companies__note.csv,job-csv,utf8,LibcMemmem,static,fm,full-scan,not_contains_usa,%(USA)%,2,2609129,31450317,31450317,2609129,2609129,0,0,0,707630079,69127940303,2505,3527,38224572,38228099,2609129,1335804,487819,14.651670729963907,14.65031893785244,1.21550758931937,too-broad
job_movie_companies_note,movie_companies.note,benchmarks/job/../../data/job/movie_companies__note.csv,job-csv,utf8,LibcMemmem,static,fm,full-scan,not_contains_usa,%(USA)%,3,2609129,31450317,31450317,2609129,2609129,0,0,0,707630079,69127940303,2505,2585,38141108,38143693,2609129,1335804,487819,14.619320470547834,14.618329718461602,1.2128238007903067,too-broad
job_movie_companies_note,movie_companies.note,benchmarks/job/../../data/job/movie_companies__note.csv,job-csv,utf8,LibcMemmem,static,fm,full-scan,not_contains_usa,%(USA)%,4,2609129,31450317,31450317,2609129,2609129,0,0,0,707630079,69127940303,2505,2555,37965738,37968293,2609129,1335804,487819,14.552094971157041,14.551115717160783,1.2072467504858535,too-broad
job_movie_companies_note,movie_companies.note,benchmarks/job/../../data/job/movie_companies__note.csv,job-csv,utf8,LibcMemmem,static,full-scan,full-scan,not_contains_usa,%(USA)%,0,2609129,31450317,31450317,2609129,2609129,0,0,0,707630079,0,2505,551,38056775,38057326,2609129,1335804,487819,14.586218619317021,14.586007437731135,1.2100776599485468,
job_movie_companies_note,movie_companies.note,benchmarks/job/../../data/job/movie_companies__note.csv,job-csv,utf8,LibcMemmem,static,full-scan,full-scan,not_contains_usa,%(USA)%,1,2609129,31450317,31450317,2609129,2609129,0,0,0,707630079,0,2505,110,38490873,38490983,2609129,1335804,487819,14.752426192802272,14.752384033139029,1.2238662968007603,
job_movie_companies_note,movie_companies.note,benchmarks/job/../../data/job/movie_companies__note.csv,job-csv,utf8,LibcMemmem,static,full-scan,full-scan,not_contains_usa,%(USA)%,2,2609129,31450317,31450317,2609129,2609129,0,0,0,707630079,0,2505,110,38130158,38130268,2609129,1335804,487819,14.614175075283745,14.6141329156205,1.2123969370483612,
job_movie_companies_note,movie_companies.note,benchmarks/job/../../data/job/movie_companies__note.csv,job-csv,utf8,LibcMemmem,static,full-scan,full-scan,not_contains_usa,%(USA)%,3,2609129,31450317,31450317,2609129,2609129,0,0,0,707630079,0,2505,110,38359506,38359616,2609129,1335804,487819,14.70207720660803,14.702035046944784,1.2196893277737073,
job_movie_companies_note,movie_companies.note,benchmarks/job/../../data/job/movie_companies__note.csv,job-csv,utf8,LibcMemmem,static,full-scan,full-scan,not_contains_usa,%(USA)%,4,2609129,31450317,31450317,2609129,2609129,0,0,0,707630079,0,2505,110,38356220,38356330,2609129,1335804,487819,14.700817782486032,14.700775622822789,1.2195848455199991,
job_movie_companies_note,movie_companies.note,benchmarks/job/../../data/job/movie_companies__note.csv,job-csv,utf8,LibcMemmem,static,prefix-btree,full-scan,not_contains_usa,%(USA)%,0,2609129,31450317,31450317,2609129,2609129,0,0,0,707630079,243783678,2505,1383,38295369,38296752,2609129,1335804,487819,14.677983342333782,14.677453280385906,1.217690492595035,no-indexable-prefix
job_movie_companies_note,movie_companies.note,benchmarks/job/../../data/job/movie_companies__note.csv,job-csv,utf8,LibcMemmem,static,prefix-btree,full-scan,not_contains_usa,%(USA)%,1,2609129,31450317,31450317,2609129,2609129,0,0,0,707630079,243783678,2505,351,38182561,38182912,2609129,1335804,487819,14.634351923572963,14.634217395920247,1.2140708152480626,no-indexable-prefix
job_movie_companies_note,movie_companies.note,benchmarks/job/../../data/job/movie_companies__note.csv,job-csv,utf8,LibcMemmem,static,prefix-btree,full-scan,not_contains_usa,%(USA)%,2,2609129,31450317,31450317,2609129,2609129,0,0,0,707630079,243783678,2505,300,37994683,37994983,2609129,1335804,487819,14.562324438538685,14.562209457638929,1.2080953905806417,no-indexable-prefix
job_movie_companies_note,movie_companies.note,benchmarks/job/../../data/job/movie_companies__note.csv,job-csv,utf8,LibcMemmem,static,prefix-btree,full-scan,not_contains_usa,%(USA)%,3,2609129,31450317,31450317,2609129,2609129,0,0,0,707630079,243783678,2505,361,38241285,38241646,2609129,1335804,487819,14.656862884127232,14.656724523777859,1.215938332195507,no-indexable-prefix
job_movie_companies_note,movie_companies.note,benchmarks/job/../../data/job/movie_companies__note.csv,job-csv,utf8,LibcMemmem,static,prefix-btree,full-scan,not_contains_usa,%(USA)%,4,2609129,31450317,31450317,2609129,2609129,0,0,0,707630079,243783678,2505,421,38045373,38045794,2609129,1335804,487819,14.581798753530393,14.581637397001067,1.209710986378929,no-indexable-prefix
job_movie_companies_note,movie_companies.note,benchmarks/job/../../data/job/movie_companies__note.csv,job-csv,utf8,LibcMemmem,static,qgram,full-scan,not_contains_usa,%(USA)%,0,2609129,31450317,31450317,2609129,2609129,0,0,0,707630079,930075132,2505,882,39477765,39478647,2609129,1335804,487819,15.130967844058304,15.130629800213022,1.255270240996299,literal-shorter-than-qgram
job_movie_companies_note,movie_companies.note,benchmarks/job/../../data/job/movie_companies__note.csv,job-csv,utf8,LibcMemmem,static,qgram,full-scan,not_contains_usa,%(USA)%,1,2609129,31450317,31450317,2609129,2609129,0,0,0,707630079,930075132,2505,100,38191590,38191690,2609129,1335804,487819,14.63771626469983,14.637677937733244,1.2143499221327403,literal-shorter-than-qgram
job_movie_companies_note,movie_companies.note,benchmarks/job/../../data/job/movie_companies__note.csv,job-csv,utf8,LibcMemmem,static,qgram,full-scan,not_contains_usa,%(USA)%,2,2609129,31450317,31450317,2609129,2609129,0,0,0,707630079,930075132,2505,110,37591139,37591249,2609129,1335804,487819,14.407585443264782,14.40754328360154,1.1952581908792843,literal-shorter-than-qgram
job_movie_companies_note,movie_companies.note,benchmarks/job/../../data/job/movie_companies__note.csv,job-csv,utf8,LibcMemmem,static,qgram,full-scan,not_contains_usa,%(USA)%,3,2609129,31450317,31450317,2609129,2609129,0,0,0,707630079,930075132,2505,100,43608009,43608109,2609129,1335804,487819,16.713665364955126,16.71362703798854,1.3865713658784424,literal-shorter-than-qgram
job_movie_companies_note,movie_companies.note,benchmarks/job/../../data/job/movie_companies__note.csv,job-csv,utf8,LibcMemmem,static,qgram,full-scan,not_contains_usa,%(USA)%,4,2609129,31450317,31450317,2609129,2609129,0,0,0,707630079,930075132,2505,100,37729187,37729287,2609129,1335804,487819,14.460491221399938,14.460452894433352,1.1996472722357616,literal-shorter-than-qgram
job_movie_companies_note,movie_companies.note,benchmarks/job/../../data/job/movie_companies__note.csv,job-csv,utf8,LibcMemmem,static,trigram,trigram,not_contains_usa,%(USA)%,0,2609129,31450317,31450317,2609129,2609129,0,0,0,707630079,1060889407,2505,970370,12078117,13048487,487819,487819,487819,5.001089252390357,24.759423064702275,0.41489206611176604,
job_movie_companies_note,movie_companies.note,benchmarks/job/../../data/job/movie_companies__note.csv,job-csv,utf8,LibcMemmem,static,trigram,trigram,not_contains_usa,%(USA)%,1,2609129,31450317,31450317,2609129,2609129,0,0,0,707630079,1060889407,2505,924639,12031585,12956224,487819,487819,487819,4.965727643209669,24.664035226180204,0.41195845498155076,
job_movie_companies_note,movie_companies.note,benchmarks/job/../../data/job/movie_companies__note.csv,job-csv,utf8,LibcMemmem,static,trigram,trigram,not_contains_usa,%(USA)%,2,2609129,31450317,31450317,2609129,2609129,0,0,0,707630079,1060889407,2505,972895,12042253,13015148,487819,487819,487819,4.98831142500045,24.6859039930794,0.4138320132035553,
job_movie_companies_note,movie_companies.note,benchmarks/job/../../data/job/movie_companies__note.csv,job-csv,utf8,LibcMemmem,static,trigram,trigram,not_contains_usa,%(USA)%,3,2609129,31450317,31450317,2609129,2609129,0,0,0,707630079,1060889407,2505,944595,12014614,12959209,487819,487819,487819,4.966871703162243,24.629245683337466,0.41205336658450853,
job_movie_companies_note,movie_companies.note,benchmarks/job/../../data/job/movie_companies__note.csv,job-csv,utf8,LibcMemmem,static,trigram,trigram,not_contains_usa,%(USA)%,4,2609129,31450317,31450317,2609129,2609129,0,0,0,707630079,1060889407,2505,1016332,12086250,13102582,487819,487819,487819,5.02182222496473,24.776095232043033,0.41661208057139776,
job_movie_companies_note,movie_companies.note,benchmarks/job/../../data/job/movie_companies__note.csv,job-csv,utf8,LibcMemmem,static,fm,fm,not_contains_mgm_as,%(as Metro-Goldwyn-Mayer Pictures)%,0,2609129,31450317,31450317,2609129,2609129,0,0,0,707630079,69127940303,2635,1623,1863,3486,52,52,52,0.0013360780551670691,35.82692307692308,0.00011084149008736542,
job_movie_companies_note,movie_companies.note,benchmarks/job/../../data/job/movie_companies__note.csv,job-csv,utf8,LibcMemmem,static,fm,fm,not_contains_mgm_as,%(as Metro-Goldwyn-Mayer Pictures)%,1,2609129,31450317,31450317,2609129,2609129,0,0,0,707630079,69127940303,2635,1002,1863,2865,52,52,52,0.0010980675926717306,35.82692307692308,0.00009109606113032183,
job_movie_companies_note,movie_companies.note,benchmarks/job/../../data/job/movie_companies__note.csv,job-csv,utf8,LibcMemmem,static,fm,fm,not_contains_mgm_as,%(as Metro-Goldwyn-Mayer Pictures)%,2,2609129,31450317,31450317,2609129,2609129,0,0,0,707630079,69127940303,2635,831,1824,2655,52,52,52,0.001017580962842389,35.07692307692308,0.00008441886293228778,
job_movie_companies_note,movie_companies.note,benchmarks/job/../../data/job/movie_companies__note.csv,job-csv,utf8,LibcMemmem,static,fm,fm,not_contains_mgm_as,%(as Metro-Goldwyn-Mayer Pictures)%,3,2609129,31450317,31450317,2609129,2609129,0,0,0,707630079,69127940303,2635,821,1813,2634,52,52,52,0.001009532299859455,34.86538461538461,0.00008375114311248437,
job_movie_companies_note,movie_companies.note,benchmarks/job/../../data/job/movie_companies__note.csv,job-csv,utf8,LibcMemmem,static,fm,fm,not_contains_mgm_as,%(as Metro-Goldwyn-Mayer Pictures)%,4,2609129,31450317,31450317,2609129,2609129,0,0,0,707630079,69127940303,2635,812,1783,2595,52,52,52,0.0009945847828911488,34.28846153846154,0.00008251109201856376,
job_movie_companies_note,movie_companies.note,benchmarks/job/../../data/job/movie_companies__note.csv,job-csv,utf8,LibcMemmem,static,full-scan,full-scan,not_contains_mgm_as,%(as Metro-Goldwyn-Mayer Pictures)%,0,2609129,31450317,31450317,2609129,2609129,0,0,0,707630079,0,2635,390,9493419,9493809,2609129,146608,52,3.6386890031117662,3.6385395279420836,0.30186687784418836,
job_movie_companies_note,movie_companies.note,benchmarks/job/../../data/job/movie_companies__note.csv,job-csv,utf8,LibcMemmem,static,full-scan,full-scan,not_contains_mgm_as,%(as Metro-Goldwyn-Mayer Pictures)%,1,2609129,31450317,31450317,2609129,2609129,0,0,0,707630079,0,2635,140,9473633,9473773,2609129,146608,52,3.6310098120867154,3.630956154333496,0.30122980954373213,
job_movie_companies_note,movie_companies.note,benchmarks/job/../../data/job/movie_companies__note.csv,job-csv,utf8,LibcMemmem,static,full-scan,full-scan,not_contains_mgm_as,%(as Metro-Goldwyn-Mayer Pictures)%,2,2609129,31450317,31450317,2609129,2609129,0,0,0,707630079,0,2635,100,9475607,9475707,2609129,146608,52,3.631751055620477,3.6317127286538917,0.3012913033595178,
job_movie_companies_note,movie_companies.note,benchmarks/job/../../data/job/movie_companies__note.csv,job-csv,utf8,LibcMemmem,static,full-scan,full-scan,not_contains_mgm_as,%(as Metro-Goldwyn-Mayer Pictures)%,3,2609129,31450317,31450317,2609129,2609129,0,0,0,707630079,0,2635,100,9414426,9414526,2609129,146608,52,3.608302234193863,3.6082639072272777,0.29934598115497535,
job_movie_companies_note,movie_companies.note,benchmarks/job/../../data/job/movie_companies__note.csv,job-csv,utf8,LibcMemmem,static,full-scan,full-scan,not_contains_mgm_as,%(as Metro-Goldwyn-Mayer Pictures)%,4,2609129,31450317,31450317,2609129,2609129,0,0,0,707630079,0,2635,101,9336057,9336158,2609129,146608,52,3.578266157020216,3.578227446783965,0.2968541779721966,
job_movie_companies_note,movie_companies.note,benchmarks/job/../../data/job/movie_companies__note.csv,job-csv,utf8,LibcMemmem,static,prefix-btree,full-scan,not_contains_mgm_as,%(as Metro-Goldwyn-Mayer Pictures)%,0,2609129,31450317,31450317,2609129,2609129,0,0,0,707630079,243783678,2635,891,9106358,9107249,2609129,146608,52,3.490532281079241,3.4901907878069656,0.2895757457707024,no-indexable-prefix
job_movie_companies_note,movie_companies.note,benchmarks/job/../../data/job/movie_companies__note.csv,job-csv,utf8,LibcMemmem,static,prefix-btree,full-scan,not_contains_mgm_as,%(as Metro-Goldwyn-Mayer Pictures)%,1,2609129,31450317,31450317,2609129,2609129,0,0,0,707630079,243783678,2635,280,9015386,9015666,2609129,146608,52,3.455431295271334,3.455323979764895,0.286663756044176,no-indexable-prefix
job_movie_companies_note,movie_companies.note,benchmarks/job/../../data/job/movie_companies__note.csv,job-csv,utf8,LibcMemmem,static,prefix-btree,full-scan,not_contains_mgm_as,%(as Metro-Goldwyn-Mayer Pictures)%,2,2609129,31450317,31450317,2609129,2609129,0,0,0,707630079,243783678,2635,321,9172746,9173067,2609129,146608,52,3.5157583239464203,3.5156352943836815,0.29166850687069384,no-indexable-prefix
job_movie_companies_note,movie_companies.note,benchmarks/job/../../data/job/movie_companies__note.csv,job-csv,utf8,LibcMemmem,static,prefix-btree,full-scan,not_contains_mgm_as,%(as Metro-Goldwyn-Mayer Pictures)%,3,2609129,31450317,31450317,2609129,2609129,0,0,0,707630079,243783678,2635,270,9122616,9122886,2609129,146608,52,3.4965254688442005,3.49642198603442,0.2900729426670008,no-indexable-prefix
job_movie_companies_note,movie_companies.note,benchmarks/job/../../data/job/movie_companies__note.csv,job-csv,utf8,LibcMemmem,static,prefix-btree,full-scan,not_contains_mgm_as,%(as Metro-Goldwyn-Mayer Pictures)%,4,2609129,31450317,31450317,2609129,2609129,0,0,0,707630079,243783678,2635,230,9188234,9188464,2609129,146608,52,3.5216595269915745,3.521571374968428,0.2921580726833373,no-indexable-prefix
job_movie_companies_note,movie_companies.note,benchmarks/job/../../data/job/movie_companies__note.csv,job-csv,utf8,LibcMemmem,static,qgram,qgram,not_contains_mgm_as,%(as Metro-Goldwyn-Mayer Pictures)%,0,2609129,31450317,31450317,2609129,2609129,0,0,0,707630079,930075132,2635,3206,2043,5249,52,52,52,0.0020117824760676837,39.28846153846154,0.00016689815876895614,
job_movie_companies_note,movie_companies.note,benchmarks/job/../../data/job/movie_companies__note.csv,job-csv,utf8,LibcMemmem,static,qgram,qgram,not_contains_mgm_as,%(as Metro-Goldwyn-Mayer Pictures)%,1,2609129,31450317,31450317,2609129,2609129,0,0,0,707630079,930075132,2635,1813,1873,3686,52,52,52,0.0014127319883378707,36.01923076923077,0.00011720072646644547,
job_movie_companies_note,movie_companies.note,benchmarks/job/../../data/job/movie_companies__note.csv,job-csv,utf8,LibcMemmem,static,qgram,qgram,not_contains_mgm_as,%(as Metro-Goldwyn-Mayer Pictures)%,2,2609129,31450317,31450317,2609129,2609129,0,0,0,707630079,930075132,2635,1593,1794,3387,52,52,52,0.0012981343582475224,34.5,0.00010769366807972079,
job_movie_companies_note,movie_companies.note,benchmarks/job/../../data/job/movie_companies__note.csv,job-csv,utf8,LibcMemmem,static,qgram,qgram,not_contains_mgm_as,%(as Metro-Goldwyn-Mayer Pictures)%,3,2609129,31450317,31450317,2609129,2609129,0,0,0,707630079,930075132,2635,1703,1823,3526,52,52,52,0.0013514088418012295,35.05769230769231,0.00011211333736318143,
job_movie_companies_note,movie_companies.note,benchmarks/job/../../data/job/movie_companies__note.csv,job-csv,utf8,LibcMemmem,static,qgram,qgram,not_contains_mgm_as,%(as Metro-Goldwyn-Mayer Pictures)%,4,2609129,31450317,31450317,2609129,2609129,0,0,0,707630079,930075132,2635,1553,1803,3356,52,52,52,0.0012862529986060482,34.67307692307692,0.00010670798644096337,
job_movie_companies_note,movie_companies.note,benchmarks/job/../../data/job/movie_companies__note.csv,job-csv,utf8,LibcMemmem,static,trigram,trigram,not_contains_mgm_as,%(as Metro-Goldwyn-Mayer Pictures)%,0,2609129,31450317,31450317,2609129,2609129,0,0,0,707630079,1060889407,2635,191101,4007,195108,52,52,52,0.07477897796544364,77.0576923076923,0.00620368945724776,
job_movie_companies_note,movie_companies.note,benchmarks/job/../../data/job/movie_companies__note.csv,job-csv,utf8,LibcMemmem,static,trigram,trigram,not_contains_mgm_as,%(as Metro-Goldwyn-Mayer Pictures)%,1,2609129,31450317,31450317,2609129,2609129,0,0,0,707630079,1060889407,2635,186883,3586,190469,52,52,52,0.0730009899855469,68.96153846153847,0.006056186969434998,
job_movie_companies_note,movie_companies.note,benchmarks/job/../../data/job/movie_companies__note.csv,job-csv,utf8,LibcMemmem,static,trigram,trigram,not_contains_mgm_as,%(as Metro-Goldwyn-Mayer Pictures)%,2,2609129,31450317,31450317,2609129,2609129,0,0,0,707630079,1060889407,2635,185200,3666,188866,52,52,52,0.07238660871118292,70.5,0.006005217689856671,
job_movie_companies_note,movie_companies.note,benchmarks/job/../../data/job/movie_companies__note.csv,job-csv,utf8,LibcMemmem,static,trigram,trigram,not_contains_mgm_as,%(as Metro-Goldwyn-Mayer Pictures)%,3,2609129,31450317,31450317,2609129,2609129,0,0,0,707630079,1060889407,2635,184239,3286,187525,52,52,52,0.0718726440892727,63.19230769230769,0.00596257900993494,
job_movie_companies_note,movie_companies.note,benchmarks/job/../../data/job/movie_companies__note.csv,job-csv,utf8,LibcMemmem,static,trigram,trigram,not_contains_mgm_as,%(as Metro-Goldwyn-Mayer Pictures)%,4,2609129,31450317,31450317,2609129,2609129,0,0,0,707630079,1060889407,2635,184920,3045,187965,52,52,52,0.07204128274224847,58.55769230769231,0.005976569329968916,
job_movie_companies_note,movie_companies.note,benchmarks/job/../../data/job/movie_companies__note.csv,job-csv,utf8,NaiveAutoWildcard,static,fm,fm,contains_1994,%(1994)%,0,2609129,31450317,31450317,2609129,2609129,0,0,0,707630079,69127940303,1993,144878,400885,545763,8468,8468,8468,0.20917440264548054,47.341166745394425,0.01735317961977935,
job_movie_companies_note,movie_companies.note,benchmarks/job/../../data/job/movie_companies__note.csv,job-csv,utf8,NaiveAutoWildcard,static,fm,fm,contains_1994,%(1994)%,1,2609129,31450317,31450317,2609129,2609129,0,0,0,707630079,69127940303,1993,124081,333735,457816,8468,8468,8468,0.17546698534261818,39.411313179026926,0.01455680081062458,
job_movie_companies_note,movie_companies.note,benchmarks/job/../../data/job/movie_companies__note.csv,job-csv,utf8,NaiveAutoWildcard,static,fm,fm,contains_1994,%(1994)%,2,2609129,31450317,31450317,2609129,2609129,0,0,0,707630079,69127940303,1993,98476,146411,244887,8468,8468,8468,0.09385775866199027,17.28991497401984,0.007786471595818891,
job_movie_companies_note,movie_companies.note,benchmarks/job/../../data/job/movie_companies__note.csv,job-csv,utf8,NaiveAutoWildcard,static,fm,fm,contains_1994,%(1994)%,3,2609129,31450317,31450317,2609129,2609129,0,0,0,707630079,69127940303,1993,80624,139869,220493,8468,8468,8468,0.08450827843314761,16.517359470949458,0.0070108355346624966,
job_movie_companies_note,movie_companies.note,benchmarks/job/../../data/job/movie_companies__note.csv,job-csv,utf8,NaiveAutoWildcard,static,fm,fm,contains_1994,%(1994)%,4,2609129,31450317,31450317,2609129,2609129,0,0,0,707630079,69127940303,1993,88367,139489,227856,8468,8468,8468,0.08733029298283067,16.472484648086915,0.007244950821958329,
job_movie_companies_note,movie_companies.note,benchmarks/job/../../data/job/movie_companies__note.csv,job-csv,utf8,NaiveAutoWildcard,static,full-scan,full-scan,contains_1994,%(1994)%,0,2609129,31450317,31450317,2609129,2609129,0,0,0,707630079,0,1993,601,27713085,27713686,2609129,1324859,8468,10.621815172802878,10.621584827733699,0.8811894010480085,
job_movie_companies_note,movie_companies.note,benchmarks/job/../../data/job/movie_companies__note.csv,job-csv,utf8,NaiveAutoWildcard,static,full-scan,full-scan,contains_1994,%(1994)%,1,2609129,31450317,31450317,2609129,2609129,0,0,0,707630079,0,1993,101,27596729,27596830,2609129,1324859,8468,10.577027812729842,10.576989102493592,0.8774738264164397,
job_movie_companies_note,movie_companies.note,benchmarks/job/../../data/job/movie_companies__note.csv,job-csv,utf8,NaiveAutoWildcard,static,full-scan,full-scan,contains_1994,%(1994)%,2,2609129,31450317,31450317,2609129,2609129,0,0,0,707630079,0,1993,111,27413190,27413301,2609129,1324859,8468,10.506686714225323,10.506644171292413,0.8716383049493587,
job_movie_companies_note,movie_companies.note,benchmarks/job/../../data/job/movie_companies__note.csv,job-csv,utf8,NaiveAutoWildcard,static,full-scan,full-scan,contains_1994,%(1994)%,3,2609129,31450317,31450317,2609129,2609129,0,0,0,707630079,0,1993,100,33494286,33494386,2609129,1324859,8468,12.837382130205137,12.837343803238552,1.064993589730749,
job_movie_companies_note,movie_companies.note,benchmarks/job/../../data/job/movie_companies__note.csv,job-csv,utf8,NaiveAutoWildcard,static,full-scan,full-scan,contains_1994,%(1994)%,4,2609129,31450317,31450317,2609129,2609129,0,0,0,707630079,0,1993,100,27723513,27723613,2609129,1324859,8468,10.62561989077581,10.625581563809225,0.8815050417456841,
job_movie_companies_note,movie_companies.note,benchmarks/job/../../data/job/movie_companies__note.csv,job-csv,utf8,NaiveAutoWildcard,static,prefix-btree,full-scan,contains_1994,%(1994)%,0,2609129,31450317,31450317,2609129,2609129,0,0,0,707630079,243783678,1993,1092,27248777,27249869,2609129,1324859,8468,10.44404818619547,10.443629655720358,0.8664417913498297,no-indexable-prefix
job_movie_companies_note,movie_companies.note,benchmarks/job/../../data/job/movie_companies__note.csv,job-csv,utf8,NaiveAutoWildcard,static,prefix-btree,full-scan,contains_1994,%(1994)%,1,2609129,31450317,31450317,2609129,2609129,0,0,0,707630079,243783678,1993,441,27834994,27835435,2609129,1324859,8468,10.668477871350937,10.668308849428296,0.8850605543975916,no-indexable-prefix
job_movie_companies_note,movie_companies.note,benchmarks/job/../../data/job/movie_companies__note.csv,job-csv,utf8,NaiveAutoWildcard,static,prefix-btree,full-scan,contains_1994,%(1994)%,2,2609129,31450317,31450317,2609129,2609129,0,0,0,707630079,243783678,1993,350,30881315,30881665,2609129,1324859,8468,11.83600542556539,11.83587128118234,0.9819190375728168,no-indexable-prefix
job_movie_companies_note,movie_companies.note,benchmarks/job/../../data/job/movie_companies__note.csv,job-csv,utf8,NaiveAutoWildcard,static,prefix-btree,full-scan,contains_1994,%(1994)%,3,2609129,31450317,31450317,2609129,2609129,0,0,0,707630079,243783678,1993,290,28954130,28954420,2609129,1324859,8468,11.097350878396584,11.097239730193486,0.9206400049958161,no-indexable-prefix
job_movie_companies_note,movie_companies.note,benchmarks/job/../../data/job/movie_companies__note.csv,job-csv,utf8,NaiveAutoWildcard,static,prefix-btree,full-scan,contains_1994,%(1994)%,4,2609129,31450317,31450317,2609129,2609129,0,0,0,707630079,243783678,1993,381,27371346,27371727,2609129,1324859,8468,10.490752661137108,10.490606635394418,0.8703164104832394,no-indexable-prefix
job_movie_companies_note,movie_companies.note,benchmarks/job/../../data/job/movie_companies__note.csv,job-csv,utf8,NaiveAutoWildcard,static,qgram,full-scan,contains_1994,%(1994)%,0,2609129,31450317,31450317,2609129,2609129,0,0,0,707630079,930075132,1993,440,27670139,27670579,2609129,1324859,8468,10.60529356731691,10.605124928663933,0.8798187630350435,literal-shorter-than-qgram
job_movie_companies_note,movie_companies.note,benchmarks/job/../../data/job/movie_companies__note.csv,job-csv,utf8,NaiveAutoWildcard,static,qgram,full-scan,contains_1994,%(1994)%,1,2609129,31450317,31450317,2609129,2609129,0,0,0,707630079,930075132,1993,100,27881687,27881787,2609129,1324859,8468,10.686243186902603,10.686204859936018,0.8865343710208072,literal-shorter-than-qgram
job_movie_companies_note,movie_companies.note,benchmarks/job/../../data/job/movie_companies__note.csv,job-csv,utf8,NaiveAutoWildcard,static,qgram,full-scan,contains_1994,%(1994)%,2,2609129,31450317,31450317,2609129,2609129,0,0,0,707630079,930075132,1993,110,27337485,27337595,2609129,1324859,8468,10.47767090090218,10.477628741238934,0.8692311432027855,literal-shorter-than-qgram
job_movie_companies_note,movie_companies.note,benchmarks/job/../../data/job/movie_companies__note.csv,job-csv,utf8,NaiveAutoWildcard,static,qgram,full-scan,contains_1994,%(1994)%,3,2609129,31450317,31450317,2609129,2609129,0,0,0,707630079,930075132,1993,100,27341935,27342035,2609129,1324859,8468,10.479372618218571,10.479334291251984,0.8693723182504011,literal-shorter-than-qgram
job_movie_companies_note,movie_companies.note,benchmarks/job/../../data/job/movie_companies__note.csv,job-csv,utf8,NaiveAutoWildcard,static,qgram,full-scan,contains_1994,%(1994)%,4,2609129,31450317,31450317,2609129,2609129,0,0,0,707630079,930075132,1993,100,27445689,27445789,2609129,1324859,8468,10.519138379129586,10.519100052163001,0.8726712993067764,literal-shorter-than-qgram
job_movie_companies_note,movie_companies.note,benchmarks/job/../../data/job/movie_companies__note.csv,job-csv,utf8,NaiveAutoWildcard,static,trigram,trigram,contains_1994,%(1994)%,0,2609129,31450317,31450317,2609129,2609129,0,0,0,707630079,1060889407,1993,450714,536306,987020,8594,8594,8468,0.3782948255912222,62.40470095415406,0.031383467454398,
job_movie_companies_note,movie_companies.note,benchmarks/job/../../data/job/movie_companies__note.csv,job-csv,utf8,NaiveAutoWildcard,static,trigram,trigram,contains_1994,%(1994)%,1,2609129,31450317,31450317,2609129,2609129,0,0,0,707630079,1060889407,1993,444933,488962,933895,8594,8594,8468,0.3579336245927281,56.89574121480102,0.029694295291204854,
job_movie_companies_note,movie_companies.note,benchmarks/job/../../data/job/movie_companies__note.csv,job-csv,utf8,NaiveAutoWildcard,static,trigram,trigram,contains_1994,%(1994)%,2,2609129,31450317,31450317,2609129,2609129,0,0,0,707630079,1060889407,1993,445143,462225,907368,8594,8594,8468,0.3477666301666188,53.784617174773096,0.028850837974065572,
job_movie_companies_note,movie_companies.note,benchmarks/job/../../data/job/movie_companies__note.csv,job-csv,utf8,NaiveAutoWildcard,static,trigram,trigram,contains_1994,%(1994)%,3,2609129,31450317,31450317,2609129,2609129,0,0,0,707630079,1060889407,1993,448430,193445,641875,8594,8594,8468,0.2460112167700409,22.50930882010705,0.02040917425411006,
job_movie_companies_note,movie_companies.note,benchmarks/job/../../data/job/movie_companies__note.csv,job-csv,utf8,NaiveAutoWildcard,static,trigram,trigram,contains_1994,%(1994)%,4,2609129,31450317,31450317,2609129,2609129,0,0,0,707630079,1060889407,1993,435607,173078,608685,8594,8594,8468,0.2332904965603464,20.139399581103095,0.019353858977001728,
job_movie_companies_note,movie_companies.note,benchmarks/job/../../data/job/movie_companies__note.csv,job-csv,utf8,NaiveAutoWildcard,static,fm,full-scan,contains_200_wild,%(200%)%,0,2609129,31450317,31450317,2609129,2609129,0,0,0,707630079,69127940303,3206,3506,36362219,36365725,2609129,1335804,440138,13.937879269288716,13.936535525840233,1.1562912068581057,too-broad
job_movie_companies_note,movie_companies.note,benchmarks/job/../../data/job/movie_companies__note.csv,job-csv,utf8,NaiveAutoWildcard,static,fm,full-scan,contains_200_wild,%(200%)%,1,2609129,31450317,31450317,2609129,2609129,0,0,0,707630079,69127940303,3206,2505,37088287,37090792,2609129,1335804,440138,14.215775456100484,14.21481536558752,1.179345569076458,too-broad
job_movie_companies_note,movie_companies.note,benchmarks/job/../../data/job/movie_companies__note.csv,job-csv,utf8,NaiveAutoWildcard,static,fm,full-scan,contains_200_wild,%(200%)%,2,2609129,31450317,31450317,2609129,2609129,0,0,0,707630079,69127940303,3206,2604,37304507,37307111,2609129,1335804,440138,14.298683966948357,14.297685932738473,1.186223687347889,too-broad
job_movie_companies_note,movie_companies.note,benchmarks/job/../../data/job/movie_companies__note.csv,job-csv,utf8,NaiveAutoWildcard,static,fm,full-scan,contains_200_wild,%(200%)%,3,2609129,31450317,31450317,2609129,2609129,0,0,0,707630079,69127940303,3206,2594,36406220,36408814,2609129,1335804,440138,13.9543939759207,13.953399774407474,1.1576612725397966,too-broad
job_movie_companies_note,movie_companies.note,benchmarks/job/../../data/job/movie_companies__note.csv,job-csv,utf8,NaiveAutoWildcard,static,fm,full-scan,contains_200_wild,%(200%)%,4,2609129,31450317,31450317,2609129,2609129,0,0,0,707630079,69127940303,3206,2535,36644136,36646671,2609129,1335804,440138,14.045557348831737,14.044585760228797,1.165224216976891,too-broad
job_movie_companies_note,movie_companies.note,benchmarks/job/../../data/job/movie_companies__note.csv,job-csv,utf8,NaiveAutoWildcard,static,full-scan,full-scan,contains_200_wild,%(200%)%,0,2609129,31450317,31450317,2609129,2609129,0,0,0,707630079,0,3206,551,37226921,37227472,2609129,1335804,440138,14.26816075402941,14.267949572443523,1.1836914712179212,
job_movie_companies_note,movie_companies.note,benchmarks/job/../../data/job/movie_companies__note.csv,job-csv,utf8,NaiveAutoWildcard,static,full-scan,full-scan,contains_200_wild,%(200%)%,1,2609129,31450317,31450317,2609129,2609129,0,0,0,707630079,0,3206,111,36727701,36727812,2609129,1335804,440138,14.076656232788796,14.076613689855886,1.1678041909720656,
job_movie_companies_note,movie_companies.note,benchmarks/job/../../data/job/movie_companies__note.csv,job-csv,utf8,NaiveAutoWildcard,static,full-scan,full-scan,contains_200_wild,%(200%)%,2,2609129,31450317,31450317,2609129,2609129,0,0,0,707630079,0,3206,431,36443611,36444042,2609129,1335804,440138,13.967895799709405,13.967730610483422,1.1587813884356077,
job_movie_companies_note,movie_companies.note,benchmarks/job/../../data/job/movie_companies__note.csv,job-csv,utf8,NaiveAutoWildcard,static,full-scan,full-scan,contains_200_wild,%(200%)%,3,2609129,31450317,31450317,2609129,2609129,0,0,0,707630079,0,3206,101,36507785,36507886,2609129,1335804,440138,13.992365268256188,13.992326558019936,1.1608113838725378,
job_movie_companies_note,movie_companies.note,benchmarks/job/../../data/job/movie_companies__note.csv,job-csv,utf8,NaiveAutoWildcard,static,full-scan,full-scan,contains_200_wild,%(200%)%,4,2609129,31450317,31450317,2609129,2609129,0,0,0,707630079,0,3206,100,36408684,36408784,2609129,1335804,440138,13.954382477830725,13.95434415086414,1.1576603186543397,
job_movie_companies_note,movie_companies.note,benchmarks/job/../../data/job/movie_companies__note.csv,job-csv,utf8,NaiveAutoWildcard,static,prefix-btree,full-scan,contains_200_wild,%(200%)%,0,2609129,31450317,31450317,2609129,2609129,0,0,0,707630079,243783678,3206,691,36334463,36335154,2609129,1335804,440138,13.926162332333893,13.925897492994789,1.1553191657813815,no-indexable-prefix
job_movie_companies_note,movie_companies.note,benchmarks/job/../../data/job/movie_companies__note.csv,job-csv,utf8,NaiveAutoWildcard,static,prefix-btree,full-scan,contains_200_wild,%(200%)%,1,2609129,31450317,31450317,2609129,2609129,0,0,0,707630079,243783678,3206,130,36602820,36602950,2609129,1335804,440138,14.028800415770933,14.028750590714372,1.163834056108242,no-indexable-prefix
job_movie_companies_note,movie_companies.note,benchmarks/job/../../data/job/movie_companies__note.csv,job-csv,utf8,NaiveAutoWildcard,static,prefix-btree,full-scan,contains_200_wild,%(200%)%,2,2609129,31450317,31450317,2609129,2609129,0,0,0,707630079,243783678,3206,150,36233209,36233359,2609129,1335804,440138,13.887147396698285,13.887089906248407,1.1520824734453392,no-indexable-prefix
job_movie_companies_note,movie_companies.note,benchmarks/job/../../data/job/movie_companies__note.csv,job-csv,utf8,NaiveAutoWildcard,static,prefix-btree,full-scan,contains_200_wild,%(200%)%,3,2609129,31450317,31450317,2609129,2609129,0,0,0,707630079,243783678,3206,130,36422906,36423036,2609129,1335804,440138,13.959844837108475,13.959795012051915,1.158113477838713,no-indexable-prefix
job_movie_companies_note,movie_companies.note,benchmarks/job/../../data/job/movie_companies__note.csv,job-csv,utf8,NaiveAutoWildcard,static,prefix-btree,full-scan,contains_200_wild,%(200%)%,4,2609129,31450317,31450317,2609129,2609129,0,0,0,707630079,243783678,3206,150,36285954,36286104,2609129,1335804,440138,13.907362955223755,13.907305464773877,1.1537595630594122,no-indexable-prefix
job_movie_companies_note,movie_companies.note,benchmarks/job/../../data/job/movie_companies__note.csv,job-csv,utf8,NaiveAutoWildcard,static,qgram,full-scan,contains_200_wild,%(200%)%,0,2609129,31450317,31450317,2609129,2609129,0,0,0,707630079,930075132,3206,731,36730397,36731128,2609129,1335804,440138,14.077927155000769,14.07764698487503,1.1679096271112308,literal-shorter-than-qgram
job_movie_companies_note,movie_companies.note,benchmarks/job/../../data/job/movie_companies__note.csv,job-csv,utf8,NaiveAutoWildcard,static,qgram,full-scan,contains_200_wild,%(200%)%,1,2609129,31450317,31450317,2609129,2609129,0,0,0,707630079,930075132,3206,121,36574932,36575053,2609129,1335804,440138,14.018108341902604,14.018061966273036,1.162947038021906,literal-shorter-than-qgram
job_movie_companies_note,movie_companies.note,benchmarks/job/../../data/job/movie_companies__note.csv,job-csv,utf8,NaiveAutoWildcard,static,qgram,full-scan,contains_200_wild,%(200%)%,2,2609129,31450317,31450317,2609129,2609129,0,0,0,707630079,930075132,3206,100,36656927,36657027,2609129,1335804,440138,14.04952648949132,14.049488162524735,1.1655534982365996,literal-shorter-than-qgram
job_movie_companies_note,movie_companies.note,benchmarks/job/../../data/job/movie_companies__note.csv,job-csv,utf8,NaiveAutoWildcard,static,qgram,full-scan,contains_200_wild,%(200%)%,3,2609129,31450317,31450317,2609129,2609129,0,0,0,707630079,930075132,3206,100,36547700,36547800,2609129,1335804,440138,14.007663093699085,14.0076247667325,1.1620804966767109,literal-shorter-than-qgram
job_movie_companies_note,movie_companies.note,benchmarks/job/../../data/job/movie_companies__note.csv,job-csv,utf8,NaiveAutoWildcard,static,qgram,full-scan,contains_200_wild,%(200%)%,4,2609129,31450317,31450317,2609129,2609129,0,0,0,707630079,930075132,3206,110,36838131,36838241,2609129,1335804,440138,14.11898031871939,14.118938159056144,1.1713154115425928,literal-shorter-than-qgram
job_movie_companies_note,movie_companies.note,benchmarks/job/../../data/job/movie_companies__note.csv,job-csv,utf8,NaiveAutoWildcard,static,trigram,trigram,contains_200_wild,%(200%)%,0,2609129,31450317,31450317,2609129,2609129,0,0,0,707630079,1060889407,3206,1338693,14431979,15770672,440146,440146,440138,6.044420187733148,32.789072262385666,0.5014471555246963,
job_movie_companies_note,movie_companies.note,benchmarks/job/../../data/job/movie_companies__note.csv,job-csv,utf8,NaiveAutoWildcard,static,trigram,trigram,contains_200_wild,%(200%)%,1,2609129,31450317,31450317,2609129,2609129,0,0,0,707630079,1060889407,3206,1288722,14356806,15645528,440146,440146,440138,5.996456288669513,32.618281206690504,0.49746805413757833,
job_movie_companies_note,movie_companies.note,benchmarks/job/../../data/job/movie_companies__note.csv,job-csv,utf8,NaiveAutoWildcard,static,trigram,trigram,contains_200_wild,%(200%)%,2,2609129,31450317,31450317,2609129,2609129,0,0,0,707630079,1060889407,3206,1307643,14472695,15780338,440146,440146,440138,6.048124872323292,32.881577930959274,0.5017544974188972,
job_movie_companies_note,movie_companies.note,benchmarks/job/../../data/job/movie_companies__note.csv,job-csv,utf8,NaiveAutoWildcard,static,trigram,trigram,contains_200_wild,%(200%)%,3,2609129,31450317,31450317,2609129,2609129,0,0,0,707630079,1060889407,3206,1331131,14665897,15997028,440146,440146,440138,6.131175576217197,33.320527733979176,0.5086444120738115,
job_movie_companies_note,movie_companies.note,benchmarks/job/../../data/job/movie_companies__note.csv,job-csv,utf8,NaiveAutoWildcard,static,trigram,trigram,contains_200_wild,%(200%)%,4,2609129,31450317,31450317,2609129,2609129,0,0,0,707630079,1060889407,3206,1314253,14383319,15697572,440146,440146,440138,6.01640317515922,32.678518037196746,0.49912285462814254,
job_movie_companies_note,movie_companies.note,benchmarks/job/../../data/job/movie_companies__note.csv,job-csv,utf8,NaiveAutoWildcard,static,fm,fm,contains_2006,%(2006)%,0,2609129,31450317,31450317,2609129,2609129,0,0,0,707630079,69127940303,2204,955891,2583194,3539085,57173,57173,57173,1.3564239253789292,45.18206146257849,0.11252939040328273,
job_movie_companies_note,movie_companies.note,benchmarks/job/../../data/job/movie_companies__note.csv,job-csv,utf8,NaiveAutoWildcard,static,fm,fm,contains_2006,%(2006)%,1,2609129,31450317,31450317,2609129,2609129,0,0,0,707630079,69127940303,2204,954078,2467706,3421784,57173,57173,57173,1.3114660103045883,43.16208699910797,0.10879966647077038,
job_movie_companies_note,movie_companies.note,benchmarks/job/../../data/job/movie_companies__note.csv,job-csv,utf8,NaiveAutoWildcard,static,fm,fm,contains_2006,%(2006)%,2,2609129,31450317,31450317,2609129,2609129,0,0,0,707630079,69127940303,2204,948721,2078544,3027265,57173,57173,57173,1.1602588450015312,36.35534255680129,0.09625546858557896,
job_movie_companies_note,movie_companies.note,benchmarks/job/../../data/job/movie_companies__note.csv,job-csv,utf8,NaiveAutoWildcard,static,fm,fm,contains_2006,%(2006)%,3,2609129,31450317,31450317,2609129,2609129,0,0,0,707630079,69127940303,2204,893130,1981406,2874536,57173,57173,57173,1.1017224522053144,34.656323789201195,0.09139926952087638,
job_movie_companies_note,movie_companies.note,benchmarks/job/../../data/job/movie_companies__note.csv,job-csv,utf8,NaiveAutoWildcard,static,fm,fm,contains_2006,%(2006)%,4,2609129,31450317,31450317,2609129,2609129,0,0,0,707630079,69127940303,2204,913773,1552310,2466083,57173,57173,57173,0.9451748073782477,27.151102793276547,0.07841202363715444,
job_movie_companies_note,movie_companies.note,benchmarks/job/../../data/job/movie_companies__note.csv,job-csv,utf8,NaiveAutoWildcard,static,full-scan,full-scan,contains_2006,%(2006)%,0,2609129,31450317,31450317,2609129,2609129,0,0,0,707630079,0,2204,791,34310448,34311239,2609129,1324859,57173,13.15045710656698,13.15015394026129,1.0909663963005525,
job_movie_companies_note,movie_companies.note,benchmarks/job/../../data/job/movie_companies__note.csv,job-csv,utf8,NaiveAutoWildcard,static,full-scan,full-scan,contains_2006,%(2006)%,1,2609129,31450317,31450317,2609129,2609129,0,0,0,707630079,0,2204,110,27986121,27986231,2609129,1324859,57173,10.726273403883058,10.726231244219814,0.8898552914426904,
job_movie_companies_note,movie_companies.note,benchmarks/job/../../data/job/movie_companies__note.csv,job-csv,utf8,NaiveAutoWildcard,static,full-scan,full-scan,contains_2006,%(2006)%,2,2609129,31450317,31450317,2609129,2609129,0,0,0,707630079,0,2204,120,28947236,28947356,2609129,1324859,57173,11.094643461476991,11.094597469117089,0.920415396766907,
job_movie_companies_note,movie_companies.note,benchmarks/job/../../data/job/movie_companies__note.csv,job-csv,utf8,NaiveAutoWildcard,static,full-scan,full-scan,contains_2006,%(2006)%,3,2609129,31450317,31450317,2609129,2609129,0,0,0,707630079,0,2204,110,28226558,28226668,2609129,1324859,57173,10.818425612531998,10.818383452868755,0.8975002700290747,
job_movie_companies_note,movie_companies.note,benchmarks/job/../../data/job/movie_companies__note.csv,job-csv,utf8,NaiveAutoWildcard,static,full-scan,full-scan,contains_2006,%(2006)%,4,2609129,31450317,31450317,2609129,2609129,0,0,0,707630079,0,2204,110,32139218,32139328,2609129,1324859,57173,12.318029503332339,12.317987343669094,1.0219079190839317,
job_movie_companies_note,movie_companies.note,benchmarks/job/../../data/job/movie_companies__note.csv,job-csv,utf8,NaiveAutoWildcard,static,prefix-btree,full-scan,contains_2006,%(2006)%,0,2609129,31450317,31450317,2609129,2609129,0,0,0,707630079,243783678,2204,1352,27723480,27724832,2609129,1324859,57173,10.626087096498487,10.625568915910252,0.8815438012914146,no-indexable-prefix
job_movie_companies_note,movie_companies.note,benchmarks/job/../../data/job/movie_companies__note.csv,job-csv,utf8,NaiveAutoWildcard,static,prefix-btree,full-scan,contains_2006,%(2006)%,1,2609129,31450317,31450317,2609129,2609129,0,0,0,707630079,243783678,2204,300,27866382,27866682,2609129,1324859,57173,10.680453898599877,10.680338917700121,0.8860540896932771,no-indexable-prefix
job_movie_companies_note,movie_companies.note,benchmarks/job/../../data/job/movie_companies__note.csv,job-csv,utf8,NaiveAutoWildcard,static,prefix-btree,full-scan,contains_2006,%(2006)%,2,2609129,31450317,31450317,2609129,2609129,0,0,0,707630079,243783678,2204,361,28147626,28147987,2609129,1324859,57173,10.78826957195294,10.788131211603567,0.8949985146413627,no-indexable-prefix
job_movie_companies_note,movie_companies.note,benchmarks/job/../../data/job/movie_companies__note.csv,job-csv,utf8,NaiveAutoWildcard,static,prefix-btree,full-scan,contains_2006,%(2006)%,3,2609129,31450317,31450317,2609129,2609129,0,0,0,707630079,243783678,2204,361,28128568,28128929,2609129,1324859,57173,10.780965218661093,10.78082685831172,0.8943925430068003,no-indexable-prefix
job_movie_companies_note,movie_companies.note,benchmarks/job/../../data/job/movie_companies__note.csv,job-csv,utf8,NaiveAutoWildcard,static,prefix-btree,full-scan,contains_2006,%(2006)%,4,2609129,31450317,31450317,2609129,2609129,0,0,0,707630079,243783678,2204,380,28060446,28060826,2609129,1324859,57173,10.754863404607438,10.754717762134414,0.8922271276311777,no-indexable-prefix
job_movie_companies_note,movie_companies.note,benchmarks/job/../../data/job/movie_companies__note.csv,job-csv,utf8,NaiveAutoWildcard,static,qgram,full-scan,contains_2006,%(2006)%,0,2609129,31450317,31450317,2609129,2609129,0,0,0,707630079,930075132,2204,721,27724662,27725383,2609129,1324859,57173,10.626298278084372,10.626021940655292,0.8815613209876391,literal-shorter-than-qgram
job_movie_companies_note,movie_companies.note,benchmarks/job/../../data/job/movie_companies__note.csv,job-csv,utf8,NaiveAutoWildcard,static,qgram,full-scan,contains_2006,%(2006)%,1,2609129,31450317,31450317,2609129,2609129,0,0,0,707630079,930075132,2204,100,28160675,28160775,2609129,1324859,57173,10.79317082443988,10.793132497473295,0.8954051242154412,literal-shorter-than-qgram
job_movie_companies_note,movie_companies.note,benchmarks/job/../../data/job/movie_companies__note.csv,job-csv,utf8,NaiveAutoWildcard,static,qgram,full-scan,contains_2006,%(2006)%,2,2609129,31450317,31450317,2609129,2609129,0,0,0,707630079,930075132,2204,101,27852250,27852351,2609129,1324859,57173,10.674961261018524,10.674922550782272,0.8855984186105342,literal-shorter-than-qgram
job_movie_companies_note,movie_companies.note,benchmarks/job/../../data/job/movie_companies__note.csv,job-csv,utf8,NaiveAutoWildcard,static,qgram,full-scan,contains_2006,%(2006)%,3,2609129,31450317,31450317,2609129,2609129,0,0,0,707630079,930075132,2204,120,27725534,27725654,2609129,1324859,57173,10.62640214416382,10.626356151803916,0.8815699377529327,literal-shorter-than-qgram
job_movie_companies_note,movie_companies.note,benchmarks/job/../../data/job/movie_companies__note.csv,job-csv,utf8,NaiveAutoWildcard,static,qgram,full-scan,contains_2006,%(2006)%,4,2609129,31450317,31450317,2609129,2609129,0,0,0,707630079,930075132,2204,100,27903817,27903917,2609129,1324859,57173,10.694724944607952,10.694686617641366,0.8872380205261524,literal-shorter-than-qgram
job_movie_companies_note,movie_companies.note,benchmarks/job/../../data/job/movie_companies__note.csv,job-csv,utf8,NaiveAutoWildcard,static,trigram,trigram,contains_2006,%(2006)%,0,2609129,31450317,31450317,2609129,2609129,0,0,0,707630079,1060889407,2204,1284352,2731956,4016308,57925,57925,57173,1.539329025126776,47.1636771687527,0.12770325971595134,
job_movie_companies_note,movie_companies.note,benchmarks/job/../../data/job/movie_companies__note.csv,job-csv,utf8,NaiveAutoWildcard,static,trigram,trigram,contains_2006,%(2006)%,1,2609129,31450317,31450317,2609129,2609129,0,0,0,707630079,1060889407,2204,1418891,2538000,3956891,57925,57925,57173,1.5165562913907285,43.81527837721191,0.12581402597627236,
job_movie_companies_note,movie_companies.note,benchmarks/job/../../data/job/movie_companies__note.csv,job-csv,utf8,NaiveAutoWildcard,static,trigram,trigram,contains_2006,%(2006)%,2,2609129,31450317,31450317,2609129,2609129,0,0,0,707630079,1060889407,2204,1293986,2337435,3631421,57925,57925,57173,1.3918135132452247,40.35278377211912,0.11546532265477642,
job_movie_companies_note,movie_companies.note,benchmarks/job/../../data/job/movie_companies__note.csv,job-csv,utf8,NaiveAutoWildcard,static,trigram,trigram,contains_2006,%(2006)%,3,2609129,31450317,31450317,2609129,2609129,0,0,0,707630079,1060889407,2204,1265185,2221543,3486728,57925,57925,57173,1.3363570754838108,38.35205869659042,0.11086463770778526,
job_movie_companies_note,movie_companies.note,benchmarks/job/../../data/job/movie_companies__note.csv,job-csv,utf8,NaiveAutoWildcard,static,trigram,trigram,contains_2006,%(2006)%,4,2609129,31450317,31450317,2609129,2609129,0,0,0,707630079,1060889407,2204,1270813,2097570,3368383,57925,57925,57173,1.2909990268783185,36.21182563659905,0.10710171856137411,
job_movie_companies_note,movie_companies.note,benchmarks/job/../../data/job/movie_companies__note.csv,job-csv,utf8,NaiveAutoWildcard,static,fm,fm,contains_2007,%(2007)%,0,2609129,31450317,31450317,2609129,2609129,0,0,0,707630079,69127940303,1963,1058189,2287090,3345279,62155,62155,62155,1.2821439645184274,36.79655699461025,0.10636709957486279,
job_movie_companies_note,movie_companies.note,benchmarks/job/../../data/job/movie_companies__note.csv,job-csv,utf8,NaiveAutoWildcard,static,fm,fm,contains_2007,%(2007)%,1,2609129,31450317,31450317,2609129,2609129,0,0,0,707630079,69127940303,1963,1013773,1960129,2973902,62155,62155,62155,1.1398064258225638,31.536143512187273,0.09455872893109471,
job_movie_companies_note,movie_companies.note,benchmarks/job/../../data/job/movie_companies__note.csv,job-csv,utf8,NaiveAutoWildcard,static,fm,fm,contains_2007,%(2007)%,2,2609129,31450317,31450317,2609129,2609129,0,0,0,707630079,69127940303,1963,972172,1711502,2683674,62155,62155,62155,1.0285708372410869,27.536030890515647,0.08533058665195647,
job_movie_companies_note,movie_companies.note,benchmarks/job/../../data/job/movie_companies__note.csv,job-csv,utf8,NaiveAutoWildcard,static,fm,fm,contains_2007,%(2007)%,3,2609129,31450317,31450317,2609129,2609129,0,0,0,707630079,69127940303,1963,933325,2186807,3120132,62155,62155,62155,1.1958519490603952,35.183122838066126,0.0992082846096591,
job_movie_companies_note,movie_companies.note,benchmarks/job/../../data/job/movie_companies__note.csv,job-csv,utf8,NaiveAutoWildcard,static,fm,fm,contains_2007,%(2007)%,4,2609129,31450317,31450317,2609129,2609129,0,0,0,707630079,69127940303,1963,1118909,2103008,3221917,62155,62155,62155,1.2348630519993453,33.83489662939426,0.10244465898388241,
job_movie_companies_note,movie_companies.note,benchmarks/job/../../data/job/movie_companies__note.csv,job-csv,utf8,NaiveAutoWildcard,static,full-scan,full-scan,contains_2007,%(2007)%,0,2609129,31450317,31450317,2609129,2609129,0,0,0,707630079,0,1963,561,28289996,28290557,2609129,1324859,62155,10.842912328213744,10.8426973139312,0.8995316962941899,
job_movie_companies_note,movie_companies.note,benchmarks/job/../../data/job/movie_companies__note.csv,job-csv,utf8,NaiveAutoWildcard,static,full-scan,full-scan,contains_2007,%(2007)%,1,2609129,31450317,31450317,2609129,2609129,0,0,0,707630079,0,1963,100,28774669,28774769,2609129,1324859,62155,11.028496099656245,11.02845777268966,0.9149277891221256,
job_movie_companies_note,movie_companies.note,benchmarks/job/../../data/job/movie_companies__note.csv,job-csv,utf8,NaiveAutoWildcard,static,full-scan,full-scan,contains_2007,%(2007)%,2,2609129,31450317,31450317,2609129,2609129,0,0,0,707630079,0,1963,100,28769602,28769702,2609129,1324859,62155,11.026554072259364,11.026515745292778,0.9147666778684616,
job_movie_companies_note,movie_companies.note,benchmarks/job/../../data/job/movie_companies__note.csv,job-csv,utf8,NaiveAutoWildcard,static,full-scan,full-scan,contains_2007,%(2007)%,3,2609129,31450317,31450317,2609129,2609129,0,0,0,707630079,0,1963,110,28733049,28733159,2609129,1324859,62155,11.01254824886006,11.012506089196815,0.913604749993458,
job_movie_companies_note,movie_companies.note,benchmarks/job/../../data/job/movie_companies__note.csv,job-csv,utf8,NaiveAutoWildcard,static,full-scan,full-scan,contains_2007,%(2007)%,4,2609129,31450317,31450317,2609129,2609129,0,0,0,707630079,0,1963,120,28492754,28492874,2609129,1324859,62155,10.92045429720033,10.920408304840427,0.9059646044267217,
job_movie_companies_note,movie_companies.note,benchmarks/job/../../data/job/movie_companies__note.csv,job-csv,utf8,NaiveAutoWildcard,static,prefix-btree,full-scan,contains_2007,%(2007)%,0,2609129,31450317,31450317,2609129,2609129,0,0,0,707630079,243783678,1963,1022,28642174,28643196,2609129,1324859,62155,10.978068159910837,10.977676458312333,0.9107442700816021,no-indexable-prefix
job_movie_companies_note,movie_companies.note,benchmarks/job/../../data/job/movie_companies__note.csv,job-csv,utf8,NaiveAutoWildcard,static,prefix-btree,full-scan,contains_2007,%(2007)%,1,2609129,31450317,31450317,2609129,2609129,0,0,0,707630079,243783678,1963,691,29065879,29066570,2609129,1324859,62155,11.14033457142211,11.140069732083006,0.9242059467953853,no-indexable-prefix
job_movie_companies_note,movie_companies.note,benchmarks/job/../../data/job/movie_companies__note.csv,job-csv,utf8,NaiveAutoWildcard,static,prefix-btree,full-scan,contains_2007,%(2007)%,2,2609129,31450317,31450317,2609129,2609129,0,0,0,707630079,243783678,1963,381,28640161,28640542,2609129,1324859,62155,10.97705096221766,10.97690493647497,0.9106598830148517,no-indexable-prefix
job_movie_companies_note,movie_companies.note,benchmarks/job/../../data/job/movie_companies__note.csv,job-csv,utf8,NaiveAutoWildcard,static,prefix-btree,full-scan,contains_2007,%(2007)%,3,2609129,31450317,31450317,2609129,2609129,0,0,0,707630079,243783678,1963,320,28766657,28766977,2609129,1324859,62155,11.02550966241991,11.025387016126837,0.9146800332727966,no-indexable-prefix
job_movie_companies_note,movie_companies.note,benchmarks/job/../../data/job/movie_companies__note.csv,job-csv,utf8,NaiveAutoWildcard,static,prefix-btree,full-scan,contains_2007,%(2007)%,4,2609129,31450317,31450317,2609129,2609129,0,0,0,707630079,243783678,1963,351,29198744,29199095,2609129,1324859,62155,11.191127383889413,11.190992856236699,0.9284197358010732,no-indexable-prefix
job_movie_companies_note,movie_companies.note,benchmarks/job/../../data/job/movie_companies__note.csv,job-csv,utf8,NaiveAutoWildcard,static,qgram,full-scan,contains_2007,%(2007)%,0,2609129,31450317,31450317,2609129,2609129,0,0,0,707630079,930075132,1963,691,28714940,28715631,2609129,1324859,62155,11.00583029815697,11.005565458817866,0.9130474265171954,literal-shorter-than-qgram
job_movie_companies_note,movie_companies.note,benchmarks/job/../../data/job/movie_companies__note.csv,job-csv,utf8,NaiveAutoWildcard,static,qgram,full-scan,contains_2007,%(2007)%,1,2609129,31450317,31450317,2609129,2609129,0,0,0,707630079,930075132,1963,100,29221537,29221637,2609129,1324859,62155,11.199767048697094,11.199728721730509,0.9291364853333592,literal-shorter-than-qgram
job_movie_companies_note,movie_companies.note,benchmarks/job/../../data/job/movie_companies__note.csv,job-csv,utf8,NaiveAutoWildcard,static,qgram,full-scan,contains_2007,%(2007)%,2,2609129,31450317,31450317,2609129,2609129,0,0,0,707630079,930075132,1963,110,28710905,28711015,2609129,1324859,62155,11.004061125379389,11.004018965716146,0.9129006553415662,literal-shorter-than-qgram
job_movie_companies_note,movie_companies.note,benchmarks/job/../../data/job/movie_companies__note.csv,job-csv,utf8,NaiveAutoWildcard,static,qgram,full-scan,contains_2007,%(2007)%,3,2609129,31450317,31450317,2609129,2609129,0,0,0,707630079,930075132,1963,111,28422871,28422982,2609129,1324859,62155,10.893666813714463,10.893624270781553,0.9037423056816883,literal-shorter-than-qgram
job_movie_companies_note,movie_companies.note,benchmarks/job/../../data/job/movie_companies__note.csv,job-csv,utf8,NaiveAutoWildcard,static,qgram,full-scan,contains_2007,%(2007)%,4,2609129,31450317,31450317,2609129,2609129,0,0,0,707630079,930075132,1963,120,28688388,28688508,2609129,1324859,62155,10.995434875010012,10.99538888265011,0.9121850186756464,literal-shorter-than-qgram
job_movie_companies_note,movie_companies.note,benchmarks/job/../../data/job/movie_companies__note.csv,job-csv,utf8,NaiveAutoWildcard,static,trigram,trigram,contains_2007,%(2007)%,0,2609129,31450317,31450317,2609129,2609129,0,0,0,707630079,1060889407,1963,1374284,2852703,4226987,63218,63218,62155,1.6200758950592324,45.12485368091367,0.1344020475214924,
job_movie_companies_note,movie_companies.note,benchmarks/job/../../data/job/movie_companies__note.csv,job-csv,utf8,NaiveAutoWildcard,static,trigram,trigram,contains_2007,%(2007)%,1,2609129,31450317,31450317,2609129,2609129,0,0,0,707630079,1060889407,1963,1414305,2697523,4111828,63218,63218,62155,1.5759389436091509,42.670173051978864,0.13074043101059998,
job_movie_companies_note,movie_companies.note,benchmarks/job/../../data/job/movie_companies__note.csv,job-csv,utf8,NaiveAutoWildcard,static,trigram,trigram,contains_2007,%(2007)%,2,2609129,31450317,31450317,2609129,2609129,0,0,0,707630079,1060889407,1963,1390030,2829198,4219228,63218,63218,62155,1.617102105721871,44.753045018823755,0.134155340946166,
job_movie_companies_note,movie_companies.note,benchmarks/job/../../data/job/movie_companies__note.csv,job-csv,utf8,NaiveAutoWildcard,static,trigram,trigram,contains_2007,%(2007)%,3,2609129,31450317,31450317,2609129,2609129,0,0,0,707630079,1060889407,1963,1364558,2538180,3902738,63218,63218,62155,1.4958010891757365,40.14964092505299,0.12409216733809074,
job_movie_companies_note,movie_companies.note,benchmarks/job/../../data/job/movie_companies__note.csv,job-csv,utf8,NaiveAutoWildcard,static,trigram,trigram,contains_2007,%(2007)%,4,2609129,31450317,31450317,2609129,2609129,0,0,0,707630079,1060889407,1963,1384379,2434992,3819371,63218,63218,62155,1.4638490469424854,38.5173842892847,0.1214414150420169,
job_movie_companies_note,movie_companies.note,benchmarks/job/../../data/job/movie_companies__note.csv,job-csv,utf8,NaiveAutoWildcard,static,fm,fm,contains_blu_ray,%(Blu-ray)%,0,2609129,31450317,31450317,2609129,2609129,0,0,0,707630079,69127940303,1847,87201,277958,365159,7963,7963,7963,0.13995436791358343,34.906191133994724,0.011610661984742475,
job_movie_companies_note,movie_companies.note,benchmarks/job/../../data/job/movie_companies__note.csv,job-csv,utf8,NaiveAutoWildcard,static,fm,fm,contains_blu_ray,%(Blu-ray)%,1,2609129,31450317,31450317,2609129,2609129,0,0,0,707630079,69127940303,1847,77495,265837,343332,7963,7963,7963,0.131588740916988,33.38402612080874,0.010916646722511573,
job_movie_companies_note,movie_companies.note,benchmarks/job/../../data/job/movie_companies__note.csv,job-csv,utf8,NaiveAutoWildcard,static,fm,fm,contains_blu_ray,%(Blu-ray)%,2,2609129,31450317,31450317,2609129,2609129,0,0,0,707630079,69127940303,1847,75648,269701,345349,7963,7963,7963,0.13236179583301555,33.86927037548663,0.010980779621394595,
job_movie_companies_note,movie_companies.note,benchmarks/job/../../data/job/movie_companies__note.csv,job-csv,utf8,NaiveAutoWildcard,static,fm,fm,contains_blu_ray,%(Blu-ray)%,3,2609129,31450317,31450317,2609129,2609129,0,0,0,707630079,69127940303,1847,77715,283630,361345,7963,7963,7963,0.13849257740801624,35.6184854954163,0.011489391346993418,
job_movie_companies_note,movie_companies.note,benchmarks/job/../../data/job/movie_companies__note.csv,job-csv,utf8,NaiveAutoWildcard,static,fm,fm,contains_blu_ray,%(Blu-ray)%,4,2609129,31450317,31450317,2609129,2609129,0,0,0,707630079,69127940303,1847,83117,270489,353606,7963,7963,7963,0.13552645346397207,33.96822805475323,0.011243320695304915,
job_movie_companies_note,movie_companies.note,benchmarks/job/../../data/job/movie_companies__note.csv,job-csv,utf8,NaiveAutoWildcard,static,full-scan,full-scan,contains_blu_ray,%(Blu-ray)%,0,2609129,31450317,31450317,2609129,2609129,0,0,0,707630079,0,1847,689,24437133,24437822,2609129,1308949,7963,9.366275872139706,9.366011799339933,0.7770294334394149,
job_movie_companies_note,movie_companies.note,benchmarks/job/../../data/job/movie_companies__note.csv,job-csv,utf8,NaiveAutoWildcard,static,full-scan,full-scan,contains_blu_ray,%(Blu-ray)%,1,2609129,31450317,31450317,2609129,2609129,0,0,0,707630079,0,1847,109,24560199,24560308,2609129,1308949,7963,9.4132210404315,9.413179264037922,0.780924020575055,
job_movie_companies_note,movie_companies.note,benchmarks/job/../../data/job/movie_companies__note.csv,job-csv,utf8,NaiveAutoWildcard,static,full-scan,full-scan,contains_blu_ray,%(Blu-ray)%,2,2609129,31450317,31450317,2609129,2609129,0,0,0,707630079,0,1847,110,24458202,24458312,2609129,1308949,7963,9.374129067593055,9.374086907929811,0.7776809372064517,
job_movie_companies_note,movie_companies.note,benchmarks/job/../../data/job/movie_companies__note.csv,job-csv,utf8,NaiveAutoWildcard,static,full-scan,full-scan,contains_blu_ray,%(Blu-ray)%,3,2609129,31450317,31450317,2609129,2609129,0,0,0,707630079,0,1847,100,24845827,24845927,2609129,1308949,7963,9.522690139123055,9.52265181215647,0.7900056142518372,
job_movie_companies_note,movie_companies.note,benchmarks/job/../../data/job/movie_companies__note.csv,job-csv,utf8,NaiveAutoWildcard,static,full-scan,full-scan,contains_blu_ray,%(Blu-ray)%,4,2609129,31450317,31450317,2609129,2609129,0,0,0,707630079,0,1847,129,24719914,24720043,2609129,1308949,7963,9.47444262050669,9.474393178719795,0.7860029836901167,
job_movie_companies_note,movie_companies.note,benchmarks/job/../../data/job/movie_companies__note.csv,job-csv,utf8,NaiveAutoWildcard,static,prefix-btree,full-scan,contains_blu_ray,%(Blu-ray)%,0,2609129,31450317,31450317,2609129,2609129,0,0,0,707630079,243783678,1847,929,24594889,24595818,2609129,1308949,7963,9.426830946265977,9.426474888746398,0.7820531029941606,no-indexable-prefix
job_movie_companies_note,movie_companies.note,benchmarks/job/../../data/job/movie_companies__note.csv,job-csv,utf8,NaiveAutoWildcard,static,prefix-btree,full-scan,contains_blu_ray,%(Blu-ray)%,1,2609129,31450317,31450317,2609129,2609129,0,0,0,707630079,243783678,1847,579,24406588,24407167,2609129,1308949,7963,9.354526740532952,9.354304827396422,0.7760547214834115,no-indexable-prefix
job_movie_companies_note,movie_companies.note,benchmarks/job/../../data/job/movie_companies__note.csv,job-csv,utf8,NaiveAutoWildcard,static,prefix-btree,full-scan,contains_blu_ray,%(Blu-ray)%,2,2609129,31450317,31450317,2609129,2609129,0,0,0,707630079,243783678,1847,330,24612632,24612962,2609129,1308949,7963,9.433401721417377,9.433275242427646,0.7825982167365754,no-indexable-prefix
job_movie_companies_note,movie_companies.note,benchmarks/job/../../data/job/movie_companies__note.csv,job-csv,utf8,NaiveAutoWildcard,static,prefix-btree,full-scan,contains_blu_ray,%(Blu-ray)%,3,2609129,31450317,31450317,2609129,2609129,0,0,0,707630079,243783678,1847,290,24931319,24931609,2609129,1308949,7963,9.55552945063276,9.555418302429661,0.792729974708999,no-indexable-prefix
job_movie_companies_note,movie_companies.note,benchmarks/job/../../data/job/movie_companies__note.csv,job-csv,utf8,NaiveAutoWildcard,static,prefix-btree,full-scan,contains_blu_ray,%(Blu-ray)%,4,2609129,31450317,31450317,2609129,2609129,0,0,0,707630079,243783678,1847,329,24486940,24487269,2609129,1308949,7963,9.38522740730719,9.385101311587123,0.7786016592455968,no-indexable-prefix
job_movie_companies_note,movie_companies.note,benchmarks/job/../../data/job/movie_companies__note.csv,job-csv,utf8,NaiveAutoWildcard,static,qgram,full-scan,contains_blu_ray,%(Blu-ray)%,0,2609129,31450317,31450317,2609129,2609129,0,0,0,707630079,930075132,1847,849,24509244,24510093,2609129,1308949,7963,9.39397515416064,9.393649758214332,0.7793273753011775,literal-shorter-than-qgram
job_movie_companies_note,movie_companies.note,benchmarks/job/../../data/job/movie_companies__note.csv,job-csv,utf8,NaiveAutoWildcard,static,qgram,full-scan,contains_blu_ray,%(Blu-ray)%,1,2609129,31450317,31450317,2609129,2609129,0,0,0,707630079,930075132,1847,100,24575987,24576087,2609129,1308949,7963,9.419268652489011,9.419230325522426,0.7814257325291825,literal-shorter-than-qgram
job_movie_companies_note,movie_companies.note,benchmarks/job/../../data/job/movie_companies__note.csv,job-csv,utf8,NaiveAutoWildcard,static,qgram,full-scan,contains_blu_ray,%(Blu-ray)%,2,2609129,31450317,31450317,2609129,2609129,0,0,0,707630079,930075132,1847,100,24381755,24381855,2609129,1308949,7963,9.344825418750855,9.34478709178427,0.775249896527275,literal-shorter-than-qgram
job_movie_companies_note,movie_companies.note,benchmarks/job/../../data/job/movie_companies__note.csv,job-csv,utf8,NaiveAutoWildcard,static,qgram,full-scan,contains_blu_ray,%(Blu-ray)%,3,2609129,31450317,31450317,2609129,2609129,0,0,0,707630079,930075132,1847,100,24623386,24623486,2609129,1308949,7963,9.437435251380824,9.437396924414239,0.7829328397548425,literal-shorter-than-qgram
job_movie_companies_note,movie_companies.note,benchmarks/job/../../data/job/movie_companies__note.csv,job-csv,utf8,NaiveAutoWildcard,static,qgram,full-scan,contains_blu_ray,%(Blu-ray)%,4,2609129,31450317,31450317,2609129,2609129,0,0,0,707630079,930075132,1847,110,25114309,25114419,2609129,1308949,7963,9.62559497824753,9.625552818584286,0.798542634721297,literal-shorter-than-qgram
job_movie_companies_note,movie_companies.note,benchmarks/job/../../data/job/movie_companies__note.csv,job-csv,utf8,NaiveAutoWildcard,static,trigram,trigram,contains_blu_ray,%(Blu-ray)%,0,2609129,31450317,31450317,2609129,2609129,0,0,0,707630079,1060889407,1847,74839,271268,346107,7963,7963,7963,0.13265231423973287,34.06605550671858,0.01100488112727131,
job_movie_companies_note,movie_companies.note,benchmarks/job/../../data/job/movie_companies__note.csv,job-csv,utf8,NaiveAutoWildcard,static,trigram,trigram,contains_blu_ray,%(Blu-ray)%,1,2609129,31450317,31450317,2609129,2609129,0,0,0,707630079,1060889407,1847,70376,258757,329133,7963,7963,7963,0.12614669493152697,32.49491397714429,0.010465172735778783,
job_movie_companies_note,movie_companies.note,benchmarks/job/../../data/job/movie_companies__note.csv,job-csv,utf8,NaiveAutoWildcard,static,trigram,trigram,contains_blu_ray,%(Blu-ray)%,2,2609129,31450317,31450317,2609129,2609129,0,0,0,707630079,1060889407,1847,69168,270429,339597,7963,7963,7963,0.13015722871502328,33.96069320607811,0.010797887983132253,
job_movie_companies_note,movie_companies.note,benchmarks/job/../../data/job/movie_companies__note.csv,job-csv,utf8,NaiveAutoWildcard,static,trigram,trigram,contains_blu_ray,%(Blu-ray)%,3,2609129,31450317,31450317,2609129,2609129,0,0,0,707630079,1060889407,1847,69088,259615,328703,7963,7963,7963,0.12598188897520973,32.60266231319854,0.010451500377563762,
job_movie_companies_note,movie_companies.note,benchmarks/job/../../data/job/movie_companies__note.csv,job-csv,utf8,NaiveAutoWildcard,static,trigram,trigram,contains_blu_ray,%(Blu-ray)%,4,2609129,31450317,31450317,2609129,2609129,0,0,0,707630079,1060889407,1847,68279,258787,327066,7963,7963,7963,0.12535447653220672,32.49868140148185,0.010399450027800992,
job_movie_companies_note,movie_companies.note,benchmarks/job/../../data/job/movie_companies__note.csv,job-csv,utf8,NaiveAutoWildcard,static,fm,fm,contains_france,%(France)%,0,2609129,31450317,31450317,2609129,2609129,0,0,0,707630079,69127940303,1558,629897,1696556,2326453,39148,39148,39148,0.8916588639350527,43.33697762337795,0.07397232275909969,
job_movie_companies_note,movie_companies.note,benchmarks/job/../../data/job/movie_companies__note.csv,job-csv,utf8,NaiveAutoWildcard,static,fm,fm,contains_france,%(France)%,1,2609129,31450317,31450317,2609129,2609129,0,0,0,707630079,69127940303,1558,570664,1133431,1704095,39148,39148,39148,0.6531279212334844,28.952462450189028,0.05418371458704216,
job_movie_companies_note,movie_companies.note,benchmarks/job/../../data/job/movie_companies__note.csv,job-csv,utf8,NaiveAutoWildcard,static,fm,fm,contains_france,%(France)%,2,2609129,31450317,31450317,2609129,2609129,0,0,0,707630079,69127940303,1558,509774,776120,1285894,39148,39148,39148,0.49284416370367273,19.825278430571167,0.04088651952220386,
job_movie_companies_note,movie_companies.note,benchmarks/job/../../data/job/movie_companies__note.csv,job-csv,utf8,NaiveAutoWildcard,static,fm,fm,contains_france,%(France)%,3,2609129,31450317,31450317,2609129,2609129,0,0,0,707630079,69127940303,1558,461506,734053,1195559,39148,39148,39148,0.45822149843875104,18.750715234494738,0.03801421143068288,
job_movie_companies_note,movie_companies.note,benchmarks/job/../../data/job/movie_companies__note.csv,job-csv,utf8,NaiveAutoWildcard,static,fm,fm,contains_france,%(France)%,4,2609129,31450317,31450317,2609129,2609129,0,0,0,707630079,69127940303,1558,463823,815691,1279514,39148,39148,39148,0.4903989032355242,20.83608358025953,0.04068365988171121,
job_movie_companies_note,movie_companies.note,benchmarks/job/../../data/job/movie_companies__note.csv,job-csv,utf8,NaiveAutoWildcard,static,full-scan,full-scan,contains_france,%(France)%,0,2609129,31450317,31450317,2609129,2609129,0,0,0,707630079,0,1558,689,29935524,29936213,2609129,1314470,39148,11.473642353444387,11.473378280644614,0.9518572738074469,
job_movie_companies_note,movie_companies.note,benchmarks/job/../../data/job/movie_companies__note.csv,job-csv,utf8,NaiveAutoWildcard,static,full-scan,full-scan,contains_france,%(France)%,1,2609129,31450317,31450317,2609129,2609129,0,0,0,707630079,0,1558,110,29883134,29883244,2609129,1314470,39148,11.453340942513766,11.453298782850522,0.9501730618486294,
job_movie_companies_note,movie_companies.note,benchmarks/job/../../data/job/movie_companies__note.csv,job-csv,utf8,NaiveAutoWildcard,static,full-scan,full-scan,contains_france,%(France)%,2,2609129,31450317,31450317,2609129,2609129,0,0,0,707630079,0,1558,109,29973640,29973749,2609129,1314470,39148,11.488028763621884,11.487986987228306,0.9530507752910726,
job_movie_companies_note,movie_companies.note,benchmarks/job/../../data/job/movie_companies__note.csv,job-csv,utf8,NaiveAutoWildcard,static,full-scan,full-scan,contains_france,%(France)%,3,2609129,31450317,31450317,2609129,2609129,0,0,0,707630079,0,1558,110,30133970,30134080,2609129,1314470,39148,11.549478772417922,11.549436612754677,0.9581486889305441,
job_movie_companies_note,movie_companies.note,benchmarks/job/../../data/job/movie_companies__note.csv,job-csv,utf8,NaiveAutoWildcard,static,full-scan,full-scan,contains_france,%(France)%,4,2609129,31450317,31450317,2609129,2609129,0,0,0,707630079,0,1558,110,29887537,29887647,2609129,1314470,39148,11.45502847885252,11.454986319189278,0.9503130604375148,
job_movie_companies_note,movie_companies.note,benchmarks/job/../../data/job/movie_companies__note.csv,job-csv,utf8,NaiveAutoWildcard,static,prefix-btree,full-scan,contains_france,%(France)%,0,2609129,31450317,31450317,2609129,2609129,0,0,0,707630079,243783678,1558,1358,30414593,30415951,2609129,1314470,39148,11.657511376401857,11.656990896195627,0.9671111105175824,no-indexable-prefix
job_movie_companies_note,movie_companies.note,benchmarks/job/../../data/job/movie_companies__note.csv,job-csv,utf8,NaiveAutoWildcard,static,prefix-btree,full-scan,contains_france,%(France)%,1,2609129,31450317,31450317,2609129,2609129,0,0,0,707630079,243783678,1558,369,29958732,29959101,2609129,1314470,39148,11.482414629556454,11.482273203049754,0.9525850248186688,no-indexable-prefix
job_movie_companies_note,movie_companies.note,benchmarks/job/../../data/job/movie_companies__note.csv,job-csv,utf8,NaiveAutoWildcard,static,prefix-btree,full-scan,contains_france,%(France)%,2,2609129,31450317,31450317,2609129,2609129,0,0,0,707630079,243783678,1558,440,29919350,29919790,2609129,1314470,39148,11.467347915722067,11.467179277069091,0.9513350851121787,no-indexable-prefix
job_movie_companies_note,movie_companies.note,benchmarks/job/../../data/job/movie_companies__note.csv,job-csv,utf8,NaiveAutoWildcard,static,prefix-btree,full-scan,contains_france,%(France)%,3,2609129,31450317,31450317,2609129,2609129,0,0,0,707630079,243783678,1558,299,29743489,29743788,2609129,1314470,39148,11.39989168799243,11.39977709036234,0.9457388935062244,no-indexable-prefix
job_movie_companies_note,movie_companies.note,benchmarks/job/../../data/job/movie_companies__note.csv,job-csv,utf8,NaiveAutoWildcard,static,prefix-btree,full-scan,contains_france,%(France)%,4,2609129,31450317,31450317,2609129,2609129,0,0,0,707630079,243783678,1558,339,30517814,30518153,2609129,1314470,39148,11.696682302791467,11.696552374374743,0.9703607438996561,no-indexable-prefix
job_movie_companies_note,movie_companies.note,benchmarks/job/../../data/job/movie_companies__note.csv,job-csv,utf8,NaiveAutoWildcard,static,qgram,full-scan,contains_france,%(France)%,0,2609129,31450317,31450317,2609129,2609129,0,0,0,707630079,930075132,1558,609,30581417,30582026,2609129,1314470,39148,11.721162886158561,11.720929474932056,0.972391661425861,literal-shorter-than-qgram
job_movie_companies_note,movie_companies.note,benchmarks/job/../../data/job/movie_companies__note.csv,job-csv,utf8,NaiveAutoWildcard,static,qgram,full-scan,contains_france,%(France)%,1,2609129,31450317,31450317,2609129,2609129,0,0,0,707630079,930075132,1558,110,30892608,30892718,2609129,1314470,39148,11.840241705182073,11.84019954551883,0.9822704807713067,literal-shorter-than-qgram
job_movie_companies_note,movie_companies.note,benchmarks/job/../../data/job/movie_companies__note.csv,job-csv,utf8,NaiveAutoWildcard,static,qgram,full-scan,contains_france,%(France)%,2,2609129,31450317,31450317,2609129,2609129,0,0,0,707630079,930075132,1558,100,30753664,30753764,2609129,1314470,39148,11.786984852032996,11.78694652506641,0.9778522741122132,literal-shorter-than-qgram
job_movie_companies_note,movie_companies.note,benchmarks/job/../../data/job/movie_companies__note.csv,job-csv,utf8,NaiveAutoWildcard,static,qgram,full-scan,contains_france,%(France)%,3,2609129,31450317,31450317,2609129,2609129,0,0,0,707630079,930075132,1558,110,30230747,30230857,2609129,1314470,39148,11.586570460870275,11.58652830120703,0.9612258280258351,literal-shorter-than-qgram
job_movie_companies_note,movie_companies.note,benchmarks/job/../../data/job/movie_companies__note.csv,job-csv,utf8,NaiveAutoWildcard,static,qgram,full-scan,contains_france,%(France)%,4,2609129,31450317,31450317,2609129,2609129,0,0,0,707630079,930075132,1558,110,30432806,30432916,2609129,1314470,39148,11.66401354628307,11.663971386619826,0.9676505327434378,literal-shorter-than-qgram
job_movie_companies_note,movie_companies.note,benchmarks/job/../../data/job/movie_companies__note.csv,job-csv,utf8,NaiveAutoWildcard,static,trigram,trigram,contains_france,%(France)%,0,2609129,31450317,31450317,2609129,2609129,0,0,0,707630079,1060889407,1558,207216,1131833,1339049,39148,39148,39148,0.5132168627921425,28.91164299581077,0.04257664557085387,
job_movie_companies_note,movie_companies.note,benchmarks/job/../../data/job/movie_companies__note.csv,job-csv,utf8,NaiveAutoWildcard,static,trigram,trigram,contains_france,%(France)%,1,2609129,31450317,31450317,2609129,2609129,0,0,0,707630079,1060889407,1558,214564,1157701,1372265,39148,39148,39148,0.5259475480131492,29.572417492592216,0.04363278754869148,
job_movie_companies_note,movie_companies.note,benchmarks/job/../../data/job/movie_companies__note.csv,job-csv,utf8,NaiveAutoWildcard,static,trigram,trigram,contains_france,%(France)%,2,2609129,31450317,31450317,2609129,2609129,0,0,0,707630079,1060889407,1558,202194,844137,1046331,39148,39148,39148,0.40102693274268925,21.562710738735056,0.033269330798796085,
job_movie_companies_note,movie_companies.note,benchmarks/job/../../data/job/movie_companies__note.csv,job-csv,utf8,NaiveAutoWildcard,static,trigram,trigram,contains_france,%(France)%,3,2609129,31450317,31450317,2609129,2609129,0,0,0,707630079,1060889407,1558,204240,753484,957724,39148,39148,39148,0.3670665574603632,19.247062429753754,0.03045196650959035,
job_movie_companies_note,movie_companies.note,benchmarks/job/../../data/job/movie_companies__note.csv,job-csv,utf8,NaiveAutoWildcard,static,trigram,trigram,contains_france,%(France)%,4,2609129,31450317,31450317,2609129,2609129,0,0,0,707630079,1060889407,1558,201016,739057,940073,39148,39148,39148,0.36030146458837414,18.878537856340042,0.029890732102954638,
job_movie_companies_note,movie_companies.note,benchmarks/job/../../data/job/movie_companies__note.csv,job-csv,utf8,NaiveAutoWildcard,static,fm,fm,contains_japan,%(Japan)%,0,2609129,31450317,31450317,2609129,2609129,0,0,0,707630079,69127940303,1837,863996,1483176,2347172,48897,48897,48897,0.8995998281418819,30.332658445303395,0.07463110785179049,
job_movie_companies_note,movie_companies.note,benchmarks/job/../../data/job/movie_companies__note.csv,job-csv,utf8,NaiveAutoWildcard,static,fm,fm,contains_japan,%(Japan)%,1,2609129,31450317,31450317,2609129,2609129,0,0,0,707630079,69127940303,1837,718281,891541,1609822,48897,48897,48897,0.6169959400244296,18.233040881853693,0.05118619313121709,
job_movie_companies_note,movie_companies.note,benchmarks/job/../../data/job/movie_companies__note.csv,job-csv,utf8,NaiveAutoWildcard,static,fm,fm,contains_japan,%(Japan)%,2,2609129,31450317,31450317,2609129,2609129,0,0,0,707630079,69127940303,1837,619011,810721,1429732,48897,48897,48897,0.5479729059007814,16.58017874307217,0.04546001873367445,
job_movie_companies_note,movie_companies.note,benchmarks/job/../../data/job/movie_companies__note.csv,job-csv,utf8,NaiveAutoWildcard,static,fm,fm,contains_japan,%(Japan)%,3,2609129,31450317,31450317,2609129,2609129,0,0,0,707630079,69127940303,1837,590527,997260,1587787,48897,48897,48897,0.6085505929373366,20.395116264801523,0.05048556426315194,
job_movie_companies_note,movie_companies.note,benchmarks/job/../../data/job/movie_companies__note.csv,job-csv,utf8,NaiveAutoWildcard,static,fm,fm,contains_japan,%(Japan)%,4,2609129,31450317,31450317,2609129,2609129,0,0,0,707630079,69127940303,1837,667014,859552,1526566,48897,48897,48897,0.5850864407240883,17.578828967012292,0.04853897021133364,
job_movie_companies_note,movie_companies.note,benchmarks/job/../../data/job/movie_companies__note.csv,job-csv,utf8,NaiveAutoWildcard,static,full-scan,full-scan,contains_japan,%(Japan)%,0,2609129,31450317,31450317,2609129,2609129,0,0,0,707630079,0,1837,459,25296627,25297086,2609129,1323905,48897,9.695605698300085,9.695429777523458,0.8043507478795842,
job_movie_companies_note,movie_companies.note,benchmarks/job/../../data/job/movie_companies__note.csv,job-csv,utf8,NaiveAutoWildcard,static,full-scan,full-scan,contains_japan,%(Japan)%,1,2609129,31450317,31450317,2609129,2609129,0,0,0,707630079,0,1837,110,24841391,24841501,2609129,1323905,48897,9.520993787581986,9.520951627918743,0.7898648843507682,
job_movie_companies_note,movie_companies.note,benchmarks/job/../../data/job/movie_companies__note.csv,job-csv,utf8,NaiveAutoWildcard,static,full-scan,full-scan,contains_japan,%(Japan)%,2,2609129,31450317,31450317,2609129,2609129,0,0,0,707630079,0,1837,100,24982934,24983034,2609129,1323905,48897,9.5752390931993,9.575200766232715,0.7943650933629699,
job_movie_companies_note,movie_companies.note,benchmarks/job/../../data/job/movie_companies__note.csv,job-csv,utf8,NaiveAutoWildcard,static,full-scan,full-scan,contains_japan,%(Japan)%,3,2609129,31450317,31450317,2609129,2609129,0,0,0,707630079,0,1837,109,24821903,24822012,2609129,1323905,48897,9.513524245064158,9.51348246867058,0.7892452085618088,
job_movie_companies_note,movie_companies.note,benchmarks/job/../../data/job/movie_companies__note.csv,job-csv,utf8,NaiveAutoWildcard,static,full-scan,full-scan,contains_japan,%(Japan)%,4,2609129,31450317,31450317,2609129,2609129,0,0,0,707630079,0,1837,99,24766563,24766662,2609129,1323905,48897,9.492310269059137,9.492272325362219,0.7874852898938983,
job_movie_companies_note,movie_companies.note,benchmarks/job/../../data/job/movie_companies__note.csv,job-csv,utf8,NaiveAutoWildcard,static,prefix-btree,full-scan,contains_japan,%(Japan)%,0,2609129,31450317,31450317,2609129,2609129,0,0,0,707630079,243783678,1837,888,25258578,25259466,2609129,1323905,48897,9.681187093470657,9.680846750007378,0.8031545755166792,no-indexable-prefix
job_movie_companies_note,movie_companies.note,benchmarks/job/../../data/job/movie_companies__note.csv,job-csv,utf8,NaiveAutoWildcard,static,prefix-btree,full-scan,contains_japan,%(Japan)%,1,2609129,31450317,31450317,2609129,2609129,0,0,0,707630079,243783678,1837,379,25217425,25217804,2609129,1323905,48897,9.665219312651846,9.665074053448487,0.801829882986553,no-indexable-prefix
job_movie_companies_note,movie_companies.note,benchmarks/job/../../data/job/movie_companies__note.csv,job-csv,utf8,NaiveAutoWildcard,static,prefix-btree,full-scan,contains_japan,%(Japan)%,2,2609129,31450317,31450317,2609129,2609129,0,0,0,707630079,243783678,1837,480,25061186,25061666,2609129,1323905,48897,9.605376353564735,9.605192384125123,0.796865290737769,no-indexable-prefix
job_movie_companies_note,movie_companies.note,benchmarks/job/../../data/job/movie_companies__note.csv,job-csv,utf8,NaiveAutoWildcard,static,prefix-btree,full-scan,contains_japan,%(Japan)%,3,2609129,31450317,31450317,2609129,2609129,0,0,0,707630079,243783678,1837,280,24756768,24757048,2609129,1323905,48897,9.488625514491618,9.48851819898518,0.787179601401156,no-indexable-prefix
job_movie_companies_note,movie_companies.note,benchmarks/job/../../data/job/movie_companies__note.csv,job-csv,utf8,NaiveAutoWildcard,static,prefix-btree,full-scan,contains_japan,%(Japan)%,4,2609129,31450317,31450317,2609129,2609129,0,0,0,707630079,243783678,1837,349,24774260,24774609,2609129,1323905,48897,9.49535611309368,9.495222351980297,0.7877379741514211,no-indexable-prefix
job_movie_companies_note,movie_companies.note,benchmarks/job/../../data/job/movie_companies__note.csv,job-csv,utf8,NaiveAutoWildcard,static,qgram,full-scan,contains_japan,%(Japan)%,0,2609129,31450317,31450317,2609129,2609129,0,0,0,707630079,930075132,1837,549,25096639,25097188,2609129,1323905,48897,9.6189908586352,9.618780443588646,0.7979947547110574,literal-shorter-than-qgram
job_movie_companies_note,movie_companies.note,benchmarks/job/../../data/job/movie_companies__note.csv,job-csv,utf8,NaiveAutoWildcard,static,qgram,full-scan,contains_japan,%(Japan)%,1,2609129,31450317,31450317,2609129,2609129,0,0,0,707630079,930075132,1837,100,24769737,24769837,2609129,1323905,48897,9.493527150248225,9.49348882328164,0.7875862427714163,literal-shorter-than-qgram
job_movie_companies_note,movie_companies.note,benchmarks/job/../../data/job/movie_companies__note.csv,job-csv,utf8,NaiveAutoWildcard,static,qgram,full-scan,contains_japan,%(Japan)%,2,2609129,31450317,31450317,2609129,2609129,0,0,0,707630079,930075132,1837,100,25048527,25048627,2609129,1323905,48897,9.600378900391663,9.600340573425077,0.7964507003220349,literal-shorter-than-qgram
job_movie_companies_note,movie_companies.note,benchmarks/job/../../data/job/movie_companies__note.csv,job-csv,utf8,NaiveAutoWildcard,static,qgram,full-scan,contains_japan,%(Japan)%,3,2609129,31450317,31450317,2609129,2609129,0,0,0,707630079,930075132,1837,99,24899977,24900076,2609129,1323905,48897,9.543443808259385,9.543405864562466,0.7917273457052914,literal-shorter-than-qgram
job_movie_companies_note,movie_companies.note,benchmarks/job/../../data/job/movie_companies__note.csv,job-csv,utf8,NaiveAutoWildcard,static,qgram,full-scan,contains_japan,%(Japan)%,4,2609129,31450317,31450317,2609129,2609129,0,0,0,707630079,930075132,1837,100,24894765,24894865,2609129,1323905,48897,9.541446590030619,9.541408263064033,0.7915616558014343,literal-shorter-than-qgram
job_movie_companies_note,movie_companies.note,benchmarks/job/../../data/job/movie_companies__note.csv,job-csv,utf8,NaiveAutoWildcard,static,trigram,trigram,contains_japan,%(Japan)%,0,2609129,31450317,31450317,2609129,2609129,0,0,0,707630079,1060889407,1837,207824,2082369,2290193,48897,48897,48897,0.8777615058511864,42.58684581876189,0.07281939320357247,
job_movie_companies_note,movie_companies.note,benchmarks/job/../../data/job/movie_companies__note.csv,job-csv,utf8,NaiveAutoWildcard,static,trigram,trigram,contains_japan,%(Japan)%,1,2609129,31450317,31450317,2609129,2609129,0,0,0,707630079,1060889407,1837,180988,1901591,2082579,48897,48897,48897,0.7981893574445725,38.88972738613821,0.06621806069554084,
job_movie_companies_note,movie_companies.note,benchmarks/job/../../data/job/movie_companies__note.csv,job-csv,utf8,NaiveAutoWildcard,static,trigram,trigram,contains_japan,%(Japan)%,2,2609129,31450317,31450317,2609129,2609129,0,0,0,707630079,1060889407,1837,178671,1876471,2055142,48897,48897,48897,0.7876735876225361,38.37599443728654,0.06534566885287675,
job_movie_companies_note,movie_companies.note,benchmarks/job/../../data/job/movie_companies__note.csv,job-csv,utf8,NaiveAutoWildcard,static,trigram,trigram,contains_japan,%(Japan)%,3,2609129,31450317,31450317,2609129,2609129,0,0,0,707630079,1060889407,1837,198460,1574099,1772559,48897,48897,48897,0.6793680956365132,32.19213857700881,0.056360608384328846,
job_movie_companies_note,movie_companies.note,benchmarks/job/../../data/job/movie_companies__note.csv,job-csv,utf8,NaiveAutoWildcard,static,trigram,trigram,contains_japan,%(Japan)%,4,2609129,31450317,31450317,2609129,2609129,0,0,0,707630079,1060889407,1837,177313,1152899,1330212,48897,48897,48897,0.5098299087549907,23.578113176677505,0.042295662711444214,
job_movie_companies_note,movie_companies.note,benchmarks/job/../../data/job/movie_companies__note.csv,job-csv,utf8,NaiveAutoWildcard,static,fm,full-scan,contains_usa,%(USA)%,0,2609129,31450317,31450317,2609129,2609129,0,0,0,707630079,69127940303,1897,3474,25196349,25199823,2609129,1335804,487819,9.658327740790126,9.65699626197095,0.8012581558398919,too-broad
job_movie_companies_note,movie_companies.note,benchmarks/job/../../data/job/movie_companies__note.csv,job-csv,utf8,NaiveAutoWildcard,static,fm,full-scan,contains_usa,%(USA)%,1,2609129,31450317,31450317,2609129,2609129,0,0,0,707630079,69127940303,1897,2456,25230084,25232540,2609129,1335804,487819,9.67086717444787,9.669925864148533,0.8022984315229637,too-broad
job_movie_companies_note,movie_companies.note,benchmarks/job/../../data/job/movie_companies__note.csv,job-csv,utf8,NaiveAutoWildcard,static,fm,full-scan,contains_usa,%(USA)%,2,2609129,31450317,31450317,2609129,2609129,0,0,0,707630079,69127940303,1897,3115,25119273,25122388,2609129,1335804,487819,9.628649254214722,9.627455369205585,0.7987960184948215,too-broad
job_movie_companies_note,movie_companies.note,benchmarks/job/../../data/job/movie_companies__note.csv,job-csv,utf8,NaiveAutoWildcard,static,fm,full-scan,contains_usa,%(USA)%,3,2609129,31450317,31450317,2609129,2609129,0,0,0,707630079,69127940303,1897,2565,25550918,25553483,2609129,1335804,487819,9.793874890816054,9.792891804123139,0.8125031935290191,too-broad
job_movie_companies_note,movie_companies.note,benchmarks/job/../../data/job/movie_companies__note.csv,job-csv,utf8,NaiveAutoWildcard,static,fm,full-scan,contains_usa,%(USA)%,4,2609129,31450317,31450317,2609129,2609129,0,0,0,707630079,69127940303,1897,3035,25677400,25680435,2609129,1335804,487819,9.842531741435552,9.841368517999685,0.816539782413004,too-broad
job_movie_companies_note,movie_companies.note,benchmarks/job/../../data/job/movie_companies__note.csv,job-csv,utf8,NaiveAutoWildcard,static,full-scan,full-scan,contains_usa,%(USA)%,0,2609129,31450317,31450317,2609129,2609129,0,0,0,707630079,0,1897,679,25729648,25730327,2609129,1335804,487819,9.86165383160434,9.861393591501225,0.8181261575201293,
job_movie_companies_note,movie_companies.note,benchmarks/job/../../data/job/movie_companies__note.csv,job-csv,utf8,NaiveAutoWildcard,static,full-scan,full-scan,contains_usa,%(USA)%,1,2609129,31450317,31450317,2609129,2609129,0,0,0,707630079,0,1897,100,25438727,25438827,2609129,1335804,487819,9.749930724007896,9.749892397041311,0.8088575704976201,
job_movie_companies_note,movie_companies.note,benchmarks/job/../../data/job/movie_companies__note.csv,job-csv,utf8,NaiveAutoWildcard,static,full-scan,full-scan,contains_usa,%(USA)%,2,2609129,31450317,31450317,2609129,2609129,0,0,0,707630079,0,1897,100,25068156,25068256,2609129,1335804,487819,9.607902100662711,9.607863773696126,0.7970748275764598,
job_movie_companies_note,movie_companies.note,benchmarks/job/../../data/job/movie_companies__note.csv,job-csv,utf8,NaiveAutoWildcard,static,full-scan,full-scan,contains_usa,%(USA)%,3,2609129,31450317,31450317,2609129,2609129,0,0,0,707630079,0,1897,100,25745163,25745263,2609129,1335804,487819,9.867378347333535,9.86734002036695,0.818601065292919,
job_movie_companies_note,movie_companies.note,benchmarks/job/../../data/job/movie_companies__note.csv,job-csv,utf8,NaiveAutoWildcard,static,full-scan,full-scan,contains_usa,%(USA)%,4,2609129,31450317,31450317,2609129,2609129,0,0,0,707630079,0,1897,100,25165157,25165257,2609129,1335804,487819,9.645079641520216,9.64504131455363,0.8001590890164955,
job_movie_companies_note,movie_companies.note,benchmarks/job/../../data/job/movie_companies__note.csv,job-csv,utf8,NaiveAutoWildcard,static,prefix-btree,full-scan,contains_usa,%(USA)%,0,2609129,31450317,31450317,2609129,2609129,0,0,0,707630079,243783678,1897,1028,25411282,25412310,2609129,1335804,487819,9.739767562278447,9.739373561061948,0.8080144311422998,no-indexable-prefix
job_movie_companies_note,movie_companies.note,benchmarks/job/../../data/job/movie_companies__note.csv,job-csv,utf8,NaiveAutoWildcard,static,prefix-btree,full-scan,contains_usa,%(USA)%,1,2609129,31450317,31450317,2609129,2609129,0,0,0,707630079,243783678,1897,569,25495116,25495685,2609129,1335804,487819,9.771722670669025,9.771504590229153,0.8106654378078287,no-indexable-prefix
job_movie_companies_note,movie_companies.note,benchmarks/job/../../data/job/movie_companies__note.csv,job-csv,utf8,NaiveAutoWildcard,static,prefix-btree,full-scan,contains_usa,%(USA)%,2,2609129,31450317,31450317,2609129,2609129,0,0,0,707630079,243783678,1897,449,25483625,25484074,2609129,1335804,487819,9.767272526578793,9.767100438498824,0.8102962523398413,no-indexable-prefix
job_movie_companies_note,movie_companies.note,benchmarks/job/../../data/job/movie_companies__note.csv,job-csv,utf8,NaiveAutoWildcard,static,prefix-btree,full-scan,contains_usa,%(USA)%,3,2609129,31450317,31450317,2609129,2609129,0,0,0,707630079,243783678,1897,229,25538457,25538686,2609129,1335804,487819,9.788203649570413,9.788115880816932,0.8120327054255129,no-indexable-prefix
job_movie_companies_note,movie_companies.note,benchmarks/job/../../data/job/movie_companies__note.csv,job-csv,utf8,NaiveAutoWildcard,static,prefix-btree,full-scan,contains_usa,%(USA)%,4,2609129,31450317,31450317,2609129,2609129,0,0,0,707630079,243783678,1897,469,25128279,25128748,2609129,1335804,487819,9.631086849289552,9.630907095816267,0.7989982422116763,no-indexable-prefix
job_movie_companies_note,movie_companies.note,benchmarks/job/../../data/job/movie_companies__note.csv,job-csv,utf8,NaiveAutoWildcard,static,qgram,full-scan,contains_usa,%(USA)%,0,2609129,31450317,31450317,2609129,2609129,0,0,0,707630079,930075132,1897,539,25731757,25732296,2609129,1335804,487819,9.862408489576406,9.862201907226511,0.8181887642022814,literal-shorter-than-qgram
job_movie_companies_note,movie_companies.note,benchmarks/job/../../data/job/movie_companies__note.csv,job-csv,utf8,NaiveAutoWildcard,static,qgram,full-scan,contains_usa,%(USA)%,1,2609129,31450317,31450317,2609129,2609129,0,0,0,707630079,930075132,1897,110,25718579,25718689,2609129,1335804,487819,9.857193339233131,9.857151179569888,0.8177561135552306,literal-shorter-than-qgram
job_movie_companies_note,movie_companies.note,benchmarks/job/../../data/job/movie_companies__note.csv,job-csv,utf8,NaiveAutoWildcard,static,qgram,full-scan,contains_usa,%(USA)%,2,2609129,31450317,31450317,2609129,2609129,0,0,0,707630079,930075132,1897,110,25133208,25133318,2609129,1335804,487819,9.632838391662505,9.632796231999261,0.7991435507629383,literal-shorter-than-qgram
job_movie_companies_note,movie_companies.note,benchmarks/job/../../data/job/movie_companies__note.csv,job-csv,utf8,NaiveAutoWildcard,static,qgram,full-scan,contains_usa,%(USA)%,3,2609129,31450317,31450317,2609129,2609129,0,0,0,707630079,930075132,1897,140,25215535,25215675,2609129,1335804,487819,9.664403331533244,9.664349673780023,0.8017621889152977,literal-shorter-than-qgram
job_movie_companies_note,movie_companies.note,benchmarks/job/../../data/job/movie_companies__note.csv,job-csv,utf8,NaiveAutoWildcard,static,qgram,full-scan,contains_usa,%(USA)%,4,2609129,31450317,31450317,2609129,2609129,0,0,0,707630079,930075132,1897,99,27473238,27473337,2609129,1335804,487819,10.529696691884533,10.529658748187613,0.8735472205256309,literal-shorter-than-qgram
job_movie_companies_note,movie_companies.note,benchmarks/job/../../data/job/movie_companies__note.csv,job-csv,utf8,NaiveAutoWildcard,static,trigram,trigram,contains_usa,%(USA)%,0,2609129,31450317,31450317,2609129,2609129,0,0,0,707630079,1060889407,1897,1510784,11337790,12848574,487819,487819,487819,4.924468663680485,23.241796649986984,0.4085355960005109,
job_movie_companies_note,movie_companies.note,benchmarks/job/../../data/job/movie_companies__note.csv,job-csv,utf8,NaiveAutoWildcard,static,trigram,trigram,contains_usa,%(USA)%,1,2609129,31450317,31450317,2609129,2609129,0,0,0,707630079,1060889407,1897,952664,6550453,7503117,487819,487819,487819,2.875717145453521,13.428039908244656,0.23857047291447014,
job_movie_companies_note,movie_companies.note,benchmarks/job/../../data/job/movie_companies__note.csv,job-csv,utf8,NaiveAutoWildcard,static,trigram,trigram,contains_usa,%(USA)%,2,2609129,31450317,31450317,2609129,2609129,0,0,0,707630079,1060889407,1897,930293,6522501,7452794,487819,487819,487819,2.85642986605875,13.370739967077952,0.23697039365294792,
job_movie_companies_note,movie_companies.note,benchmarks/job/../../data/job/movie_companies__note.csv,job-csv,utf8,NaiveAutoWildcard,static,trigram,trigram,contains_usa,%(USA)%,3,2609129,31450317,31450317,2609129,2609129,0,0,0,707630079,1060889407,1897,951426,6504960,7456386,487819,487819,487819,2.8578065706984974,13.334781958062313,0.2370846055383162,
job_movie_companies_note,movie_companies.note,benchmarks/job/../../data/job/movie_companies__note.csv,job-csv,utf8,NaiveAutoWildcard,static,trigram,trigram,contains_usa,%(USA)%,4,2609129,31450317,31450317,2609129,2609129,0,0,0,707630079,1060889407,1897,896831,6691766,7588597,487819,487819,487819,2.908479036490722,13.717723171914173,0.24128841054288896,
job_movie_companies_note,movie_companies.note,benchmarks/job/../../data/job/movie_companies__note.csv,job-csv,utf8,NaiveAutoWildcard,static,fm,fm,contains_vhs,%(VHS)%,0,2609129,31450317,31450317,2609129,2609129,0,0,0,707630079,69127940303,1896,1265699,3381871,4647570,75693,75693,75693,1.7812726009331084,44.67878139325961,0.14777498109160553,
job_movie_companies_note,movie_companies.note,benchmarks/job/../../data/job/movie_companies__note.csv,job-csv,utf8,NaiveAutoWildcard,static,fm,fm,contains_vhs,%(VHS)%,1,2609129,31450317,31450317,2609129,2609129,0,0,0,707630079,69127940303,1896,1278707,3426962,4705669,75693,75693,75693,1.8035401852495603,45.27449037559616,0.1496223074635464,
job_movie_companies_note,movie_companies.note,benchmarks/job/../../data/job/movie_companies__note.csv,job-csv,utf8,NaiveAutoWildcard,static,fm,fm,contains_vhs,%(VHS)%,2,2609129,31450317,31450317,2609129,2609129,0,0,0,707630079,69127940303,1896,1249358,3278081,4527439,75693,75693,75693,1.7352300327044006,43.30758458510034,0.1439552739643292,
job_movie_companies_note,movie_companies.note,benchmarks/job/../../data/job/movie_companies__note.csv,job-csv,utf8,NaiveAutoWildcard,static,fm,fm,contains_vhs,%(VHS)%,3,2609129,31450317,31450317,2609129,2609129,0,0,0,707630079,69127940303,1896,1198437,3058343,4256780,75693,75693,75693,1.631494648214021,40.404568454150315,0.13534935116870206,
job_movie_companies_note,movie_companies.note,benchmarks/job/../../data/job/movie_companies__note.csv,job-csv,utf8,NaiveAutoWildcard,static,fm,fm,contains_vhs,%(VHS)%,4,2609129,31450317,31450317,2609129,2609129,0,0,0,707630079,69127940303,1896,1214688,3071650,4286338,75693,75693,75693,1.6428233329973336,40.58037070799149,0.13628918271316628,
job_movie_companies_note,movie_companies.note,benchmarks/job/../../data/job/movie_companies__note.csv,job-csv,utf8,NaiveAutoWildcard,static,full-scan,full-scan,contains_vhs,%(VHS)%,0,2609129,31450317,31450317,2609129,2609129,0,0,0,707630079,0,1896,709,27587491,27588200,2609129,1335804,75693,10.573720195513522,10.573448457320431,0.8771994253666823,
job_movie_companies_note,movie_companies.note,benchmarks/job/../../data/job/movie_companies__note.csv,job-csv,utf8,NaiveAutoWildcard,static,full-scan,full-scan,contains_vhs,%(VHS)%,1,2609129,31450317,31450317,2609129,2609129,0,0,0,707630079,0,1896,100,28099061,28099161,2609129,1335804,75693,10.769556047247951,10.769517720281366,0.8934460342641379,
job_movie_companies_note,movie_companies.note,benchmarks/job/../../data/job/movie_companies__note.csv,job-csv,utf8,NaiveAutoWildcard,static,full-scan,full-scan,contains_vhs,%(VHS)%,2,2609129,31450317,31450317,2609129,2609129,0,0,0,707630079,0,1896,100,27552730,27552830,2609129,1335804,75693,10.560163947432265,10.56012562046568,0.876074794413042,
job_movie_companies_note,movie_companies.note,benchmarks/job/../../data/job/movie_companies__note.csv,job-csv,utf8,NaiveAutoWildcard,static,full-scan,full-scan,contains_vhs,%(VHS)%,3,2609129,31450317,31450317,2609129,2609129,0,0,0,707630079,0,1896,100,27627213,27627313,2609129,1335804,75693,10.58871102195407,10.588672694987485,0.8784430694291571,
job_movie_companies_note,movie_companies.note,benchmarks/job/../../data/job/movie_companies__note.csv,job-csv,utf8,NaiveAutoWildcard,static,full-scan,full-scan,contains_vhs,%(VHS)%,4,2609129,31450317,31450317,2609129,2609129,0,0,0,707630079,0,1896,90,27724502,27724592,2609129,1335804,75693,10.625995111778682,10.625960617508754,0.8815361702077598,
job_movie_companies_note,movie_companies.note,benchmarks/job/../../data/job/movie_companies__note.csv,job-csv,utf8,NaiveAutoWildcard,static,prefix-btree,full-scan,contains_vhs,%(VHS)%,0,2609129,31450317,31450317,2609129,2609129,0,0,0,707630079,243783678,1896,1507,27546561,27548068,2609129,1335804,75693,10.558338817283468,10.557761229897027,0.8759233809948561,no-indexable-prefix
job_movie_companies_note,movie_companies.note,benchmarks/job/../../data/job/movie_companies__note.csv,job-csv,utf8,NaiveAutoWildcard,static,prefix-btree,full-scan,contains_vhs,%(VHS)%,1,2609129,31450317,31450317,2609129,2609129,0,0,0,707630079,243783678,1896,269,39677354,39677623,2609129,1335804,75693,15.207229309091272,15.207126209551157,1.261596918085118,no-indexable-prefix
job_movie_companies_note,movie_companies.note,benchmarks/job/../../data/job/movie_companies__note.csv,job-csv,utf8,NaiveAutoWildcard,static,prefix-btree,full-scan,contains_vhs,%(VHS)%,2,2609129,31450317,31450317,2609129,2609129,0,0,0,707630079,243783678,1896,279,27837285,27837564,2609129,1335804,75693,10.66929385246954,10.669186920232768,0.8851282484688469,no-indexable-prefix
job_movie_companies_note,movie_companies.note,benchmarks/job/../../data/job/movie_companies__note.csv,job-csv,utf8,NaiveAutoWildcard,static,prefix-btree,full-scan,contains_vhs,%(VHS)%,3,2609129,31450317,31450317,2609129,2609129,0,0,0,707630079,243783678,1896,280,27762967,27763247,2609129,1335804,75693,10.640810400712269,10.640703085205828,0.8827652516189265,no-indexable-prefix
job_movie_companies_note,movie_companies.note,benchmarks/job/../../data/job/movie_companies__note.csv,job-csv,utf8,NaiveAutoWildcard,static,prefix-btree,full-scan,contains_vhs,%(VHS)%,4,2609129,31450317,31450317,2609129,2609129,0,0,0,707630079,243783678,1896,579,27570749,27571328,2609129,1335804,75693,10.567253669711233,10.567031756574703,0.8766629601857431,no-indexable-prefix
job_movie_companies_note,movie_companies.note,benchmarks/job/../../data/job/movie_companies__note.csv,job-csv,utf8,NaiveAutoWildcard,static,qgram,full-scan,contains_vhs,%(VHS)%,0,2609129,31450317,31450317,2609129,2609129,0,0,0,707630079,930075132,1896,799,28234766,28235565,2609129,1335804,75693,10.8218355627491,10.821529330286085,0.8977831606593981,literal-shorter-than-qgram
job_movie_companies_note,movie_companies.note,benchmarks/job/../../data/job/movie_companies__note.csv,job-csv,utf8,NaiveAutoWildcard,static,qgram,full-scan,contains_vhs,%(VHS)%,1,2609129,31450317,31450317,2609129,2609129,0,0,0,707630079,930075132,1896,99,27872405,27872504,2609129,1335804,75693,10.68268529459448,10.68264735089756,0.8862392070642722,literal-shorter-than-qgram
job_movie_companies_note,movie_companies.note,benchmarks/job/../../data/job/movie_companies__note.csv,job-csv,utf8,NaiveAutoWildcard,static,qgram,full-scan,contains_vhs,%(VHS)%,2,2609129,31450317,31450317,2609129,2609129,0,0,0,707630079,930075132,1896,110,27923527,27923637,2609129,1335804,75693,10.702283022418593,10.702240862755348,0.8878650412331297,literal-shorter-than-qgram
job_movie_companies_note,movie_companies.note,benchmarks/job/../../data/job/movie_companies__note.csv,job-csv,utf8,NaiveAutoWildcard,static,qgram,full-scan,contains_vhs,%(VHS)%,3,2609129,31450317,31450317,2609129,2609129,0,0,0,707630079,930075132,1896,399,27447034,27447433,2609129,1335804,75693,10.519768474460252,10.519615549863575,0.8727235722298124,literal-shorter-than-qgram
job_movie_companies_note,movie_companies.note,benchmarks/job/../../data/job/movie_companies__note.csv,job-csv,utf8,NaiveAutoWildcard,static,qgram,full-scan,contains_vhs,%(VHS)%,4,2609129,31450317,31450317,2609129,2609129,0,0,0,707630079,930075132,1896,110,28165596,28165706,2609129,1335804,75693,10.795060727162205,10.795018567498962,0.8955619111883674,literal-shorter-than-qgram
job_movie_companies_note,movie_companies.note,benchmarks/job/../../data/job/movie_companies__note.csv,job-csv,utf8,NaiveAutoWildcard,static,trigram,trigram,contains_vhs,%(VHS)%,0,2609129,31450317,31450317,2609129,2609129,0,0,0,707630079,1060889407,1896,136633,3975129,4111762,75693,75693,75693,1.5759136478112044,52.516467837184415,0.1307383324625949,
job_movie_companies_note,movie_companies.note,benchmarks/job/../../data/job/movie_companies__note.csv,job-csv,utf8,NaiveAutoWildcard,static,trigram,trigram,contains_vhs,%(VHS)%,1,2609129,31450317,31450317,2609129,2609129,0,0,0,707630079,1060889407,1896,139327,3604963,3744290,75693,75693,75693,1.4350727771605007,47.62610809453979,0.11905412590912835,
job_movie_companies_note,movie_companies.note,benchmarks/job/../../data/job/movie_companies__note.csv,job-csv,utf8,NaiveAutoWildcard,static,trigram,trigram,contains_vhs,%(VHS)%,2,2609129,31450317,31450317,2609129,2609129,0,0,0,707630079,1060889407,1896,129135,3574536,3703671,75693,75693,75693,1.4195047466031767,47.22412904760017,0.11776259679671909,
job_movie_companies_note,movie_companies.note,benchmarks/job/../../data/job/movie_companies__note.csv,job-csv,utf8,NaiveAutoWildcard,static,trigram,trigram,contains_vhs,%(VHS)%,3,2609129,31450317,31450317,2609129,2609129,0,0,0,707630079,1060889407,1896,135575,3437643,3573218,75693,75693,75693,1.3695060688835239,45.41559985731838,0.11361468947991844,
job_movie_companies_note,movie_companies.note,benchmarks/job/../../data/job/movie_companies__note.csv,job-csv,utf8,NaiveAutoWildcard,static,trigram,trigram,contains_vhs,%(VHS)%,4,2609129,31450317,31450317,2609129,2609129,0,0,0,707630079,1060889407,1896,127109,3755291,3882400,75693,75693,75693,1.4880061507115976,49.61213058010648,0.12344549659070209,
job_movie_companies_note,movie_companies.note,benchmarks/job/../../data/job/movie_companies__note.csv,job-csv,utf8,NaiveAutoWildcard,static,fm,fm,contains_co_production,%(co-production)%,0,2609129,31450317,31450317,2609129,2609129,0,0,0,707630079,69127940303,1916,282169,652855,935024,17816,17816,17816,0.35836633604547724,36.64430848675348,0.029730193180564763,
job_movie_companies_note,movie_companies.note,benchmarks/job/../../data/job/movie_companies__note.csv,job-csv,utf8,NaiveAutoWildcard,static,fm,fm,contains_co_production,%(co-production)%,1,2609129,31450317,31450317,2609129,2609129,0,0,0,707630079,69127940303,1916,208897,312896,521793,17816,17816,17816,0.19998742875495998,17.562640323304894,0.016591025139746605,
job_movie_companies_note,movie_companies.note,benchmarks/job/../../data/job/movie_companies__note.csv,job-csv,utf8,NaiveAutoWildcard,static,fm,fm,contains_co_production,%(co-production)%,2,2609129,31450317,31450317,2609129,2609129,0,0,0,707630079,69127940303,1916,177681,301077,478758,17816,17816,17816,0.1834934186849328,16.899247867085766,0.015222676451878053,
job_movie_companies_note,movie_companies.note,benchmarks/job/../../data/job/movie_companies__note.csv,job-csv,utf8,NaiveAutoWildcard,static,fm,fm,contains_co_production,%(co-production)%,3,2609129,31450317,31450317,2609129,2609129,0,0,0,707630079,69127940303,1916,175165,299749,474914,17816,17816,17816,0.18202013008939,16.82470812752582,0.015100451928672133,
job_movie_companies_note,movie_companies.note,benchmarks/job/../../data/job/movie_companies__note.csv,job-csv,utf8,NaiveAutoWildcard,static,fm,fm,contains_co_production,%(co-production)%,4,2609129,31450317,31450317,2609129,2609129,0,0,0,707630079,69127940303,1916,172989,299549,472538,17816,17816,17816,0.18110948136332086,16.81348226313426,0.015024904200488663,
job_movie_companies_note,movie_companies.note,benchmarks/job/../../data/job/movie_companies__note.csv,job-csv,utf8,NaiveAutoWildcard,static,full-scan,full-scan,contains_co_production,%(co-production)%,0,2609129,31450317,31450317,2609129,2609129,0,0,0,707630079,0,1916,789,22128851,22129640,2609129,1256719,17816,8.481619728269472,8.481317328503113,0.7036380587197261,
job_movie_companies_note,movie_companies.note,benchmarks/job/../../data/job/movie_companies__note.csv,job-csv,utf8,NaiveAutoWildcard,static,full-scan,full-scan,contains_co_production,%(co-production)%,1,2609129,31450317,31450317,2609129,2609129,0,0,0,707630079,0,1916,110,21034531,21034641,2609129,1256719,17816,8.061939827429,8.061897667765756,0.6688212713404447,
job_movie_companies_note,movie_companies.note,benchmarks/job/../../data/job/movie_companies__note.csv,job-csv,utf8,NaiveAutoWildcard,static,full-scan,full-scan,contains_co_production,%(co-production)%,2,2609129,31450317,31450317,2609129,2609129,0,0,0,707630079,0,1916,99,21030381,21030480,2609129,1256719,17816,8.060345042349383,8.060307098652462,0.6686889674275779,
job_movie_companies_note,movie_companies.note,benchmarks/job/../../data/job/movie_companies__note.csv,job-csv,utf8,NaiveAutoWildcard,static,full-scan,full-scan,contains_co_production,%(co-production)%,3,2609129,31450317,31450317,2609129,2609129,0,0,0,707630079,0,1916,110,21196352,21196462,2609129,1256719,17816,8.123960908027161,8.123918748363918,0.6739665612909402,
job_movie_companies_note,movie_companies.note,benchmarks/job/../../data/job/movie_companies__note.csv,job-csv,utf8,NaiveAutoWildcard,static,full-scan,full-scan,contains_co_production,%(co-production)%,4,2609129,31450317,31450317,2609129,2609129,0,0,0,707630079,0,1916,459,21496478,21496937,2609129,1256719,17816,8.239123860874644,8.238947940098017,0.6835205190459607,
job_movie_companies_note,movie_companies.note,benchmarks/job/../../data/job/movie_companies__note.csv,job-csv,utf8,NaiveAutoWildcard,static,prefix-btree,full-scan,contains_co_production,%(co-production)%,0,2609129,31450317,31450317,2609129,2609129,0,0,0,707630079,243783678,1916,968,20926831,20927799,2609129,1256719,17816,8.020990529789826,8.020619524753279,0.6654241036743763,no-indexable-prefix
job_movie_companies_note,movie_companies.note,benchmarks/job/../../data/job/movie_companies__note.csv,job-csv,utf8,NaiveAutoWildcard,static,prefix-btree,full-scan,contains_co_production,%(co-production)%,1,2609129,31450317,31450317,2609129,2609129,0,0,0,707630079,243783678,1916,629,21097233,21097862,2609129,1256719,17816,8.086170518973956,8.085929442354134,0.6708314577560538,no-indexable-prefix
job_movie_companies_note,movie_companies.note,benchmarks/job/../../data/job/movie_companies__note.csv,job-csv,utf8,NaiveAutoWildcard,static,prefix-btree,full-scan,contains_co_production,%(co-production)%,2,2609129,31450317,31450317,2609129,2609129,0,0,0,707630079,243783678,1916,439,20969037,20969476,2609129,1256719,17816,8.036964059653624,8.036795804270314,0.6667492731472309,no-indexable-prefix
job_movie_companies_note,movie_companies.note,benchmarks/job/../../data/job/movie_companies__note.csv,job-csv,utf8,NaiveAutoWildcard,static,prefix-btree,full-scan,contains_co_production,%(co-production)%,3,2609129,31450317,31450317,2609129,2609129,0,0,0,707630079,243783678,1916,290,20871238,20871528,2609129,1256719,17816,7.999423562422556,7.999312414219458,0.6636349007229403,no-indexable-prefix
job_movie_companies_note,movie_companies.note,benchmarks/job/../../data/job/movie_companies__note.csv,job-csv,utf8,NaiveAutoWildcard,static,prefix-btree,full-scan,contains_co_production,%(co-production)%,4,2609129,31450317,31450317,2609129,2609129,0,0,0,707630079,243783678,1916,290,21132807,21133097,2609129,1256719,17816,8.099675025650322,8.099563877447224,0.6719517962251382,no-indexable-prefix
job_movie_companies_note,movie_companies.note,benchmarks/job/../../data/job/movie_companies__note.csv,job-csv,utf8,NaiveAutoWildcard,static,qgram,qgram,contains_co_production,%(co-production)%,0,2609129,31450317,31450317,2609129,2609129,0,0,0,707630079,930075132,1916,7416,1093004,1100420,17816,17816,17816,0.4217576056990666,61.349573417153124,0.03498915448133639,
job_movie_companies_note,movie_companies.note,benchmarks/job/../../data/job/movie_companies__note.csv,job-csv,utf8,NaiveAutoWildcard,static,qgram,qgram,contains_co_production,%(co-production)%,1,2609129,31450317,31450317,2609129,2609129,0,0,0,707630079,930075132,1916,10500,406356,416856,17816,17816,17816,0.15976825982923804,22.808486753480018,0.013254429200188983,
job_movie_companies_note,movie_companies.note,benchmarks/job/../../data/job/movie_companies__note.csv,job-csv,utf8,NaiveAutoWildcard,static,qgram,qgram,contains_co_production,%(co-production)%,2,2609129,31450317,31450317,2609129,2609129,0,0,0,707630079,930075132,1916,5130,410288,415418,17816,17816,17816,0.15921711804973998,23.02918724741805,0.013208706290623397,
job_movie_companies_note,movie_companies.note,benchmarks/job/../../data/job/movie_companies__note.csv,job-csv,utf8,NaiveAutoWildcard,static,qgram,qgram,contains_co_production,%(co-production)%,3,2609129,31450317,31450317,2609129,2609129,0,0,0,707630079,930075132,1916,14273,742443,756716,17816,17816,17816,0.2900262884663809,41.67282218230804,0.024060679579159725,
job_movie_companies_note,movie_companies.note,benchmarks/job/../../data/job/movie_companies__note.csv,job-csv,utf8,NaiveAutoWildcard,static,qgram,qgram,contains_co_production,%(co-production)%,4,2609129,31450317,31450317,2609129,2609129,0,0,0,707630079,930075132,1916,5859,316433,322292,17816,17816,17816,0.12352474714741969,17.7611697350696,0.010247655055432351,
job_movie_companies_note,movie_companies.note,benchmarks/job/../../data/job/movie_companies__note.csv,job-csv,utf8,NaiveAutoWildcard,static,trigram,trigram,contains_co_production,%(co-production)%,0,2609129,31450317,31450317,2609129,2609129,0,0,0,707630079,1060889407,1916,836698,300393,1137091,17819,17819,17816,0.43581248761559893,16.85801672372187,0.036155152267622614,
job_movie_companies_note,movie_companies.note,benchmarks/job/../../data/job/movie_companies__note.csv,job-csv,utf8,NaiveAutoWildcard,static,trigram,trigram,contains_co_production,%(co-production)%,1,2609129,31450317,31450317,2609129,2609129,0,0,0,707630079,1060889407,1916,825110,313069,1138179,17819,17819,17816,0.43622948501204806,17.569392221785733,0.03618974651352481,
job_movie_companies_note,movie_companies.note,benchmarks/job/../../data/job/movie_companies__note.csv,job-csv,utf8,NaiveAutoWildcard,static,trigram,trigram,contains_co_production,%(co-production)%,2,2609129,31450317,31450317,2609129,2609129,0,0,0,707630079,1060889407,1916,789266,297338,1086604,17819,17819,17816,0.41646235199562764,16.686570514619227,0.034549858432269535,
job_movie_companies_note,movie_companies.note,benchmarks/job/../../data/job/movie_companies__note.csv,job-csv,utf8,NaiveAutoWildcard,static,trigram,trigram,contains_co_production,%(co-production)%,3,2609129,31450317,31450317,2609129,2609129,0,0,0,707630079,1060889407,1916,806254,290022,1096276,17819,17819,17816,0.4201693362037676,16.27599753072563,0.03485739110356185,
job_movie_companies_note,movie_companies.note,benchmarks/job/../../data/job/movie_companies__note.csv,job-csv,utf8,NaiveAutoWildcard,static,trigram,trigram,contains_co_production,%(co-production)%,4,2609129,31450317,31450317,2609129,2609129,0,0,0,707630079,1060889407,1916,799068,297518,1096586,17819,17819,17816,0.42028814980018236,16.69667209158763,0.034867247919949426,
job_movie_companies_note,movie_companies.note,benchmarks/job/../../data/job/movie_companies__note.csv,job-csv,utf8,NaiveAutoWildcard,static,fm,fm,contains_presents,%(presents)%,0,2609129,31450317,31450317,2609129,2609129,0,0,0,707630079,69127940303,2526,131785,219473,351258,11131,11131,11131,0.13462653628854687,19.717276075824273,0.011168663260214515,
job_movie_companies_note,movie_companies.note,benchmarks/job/../../data/job/movie_companies__note.csv,job-csv,utf8,NaiveAutoWildcard,static,fm,fm,contains_presents,%(presents)%,1,2609129,31450317,31450317,2609129,2609129,0,0,0,707630079,69127940303,2526,103059,197074,300133,11131,11131,11131,0.11503187462176075,17.704968107088312,0.009543083460812176,
job_movie_companies_note,movie_companies.note,benchmarks/job/../../data/job/movie_companies__note.csv,job-csv,utf8,NaiveAutoWildcard,static,fm,fm,contains_presents,%(presents)%,2,2609129,31450317,31450317,2609129,2609129,0,0,0,707630079,69127940303,2526,101132,196595,297727,11131,11131,11131,0.114109727805716,17.66193513610637,0.009466581847171843,
job_movie_companies_note,movie_companies.note,benchmarks/job/../../data/job/movie_companies__note.csv,job-csv,utf8,NaiveAutoWildcard,static,fm,fm,contains_presents,%(presents)%,3,2609129,31450317,31450317,2609129,2609129,0,0,0,707630079,69127940303,2526,110036,200399,310435,11131,11131,11131,0.11898031871938873,18.003683406702002,0.00987064772669859,
job_movie_companies_note,movie_companies.note,benchmarks/job/../../data/job/movie_companies__note.csv,job-csv,utf8,NaiveAutoWildcard,static,fm,fm,contains_presents,%(presents)%,4,2609129,31450317,31450317,2609129,2609129,0,0,0,707630079,69127940303,2526,99815,199040,298855,11131,11131,11131,0.11454205598879932,17.88159195040877,0.009502447940349854,
job_movie_companies_note,movie_companies.note,benchmarks/job/../../data/job/movie_companies__note.csv,job-csv,utf8,NaiveAutoWildcard,static,full-scan,full-scan,contains_presents,%(presents)%,0,2609129,31450317,31450317,2609129,2609129,0,0,0,707630079,0,2526,649,23408838,23409487,2609129,1299275,11131,8.972146260303726,8.971897518290586,0.7443323067300085,
job_movie_companies_note,movie_companies.note,benchmarks/job/../../data/job/movie_companies__note.csv,job-csv,utf8,NaiveAutoWildcard,static,full-scan,full-scan,contains_presents,%(presents)%,1,2609129,31450317,31450317,2609129,2609129,0,0,0,707630079,0,2526,100,23449021,23449121,2609129,1299275,11131,8.987336770240184,8.987298443273598,0.7455925166032508,
job_movie_companies_note,movie_companies.note,benchmarks/job/../../data/job/movie_companies__note.csv,job-csv,utf8,NaiveAutoWildcard,static,full-scan,full-scan,contains_presents,%(presents)%,2,2609129,31450317,31450317,2609129,2609129,0,0,0,707630079,0,2526,90,23566804,23566894,2609129,1299275,11131,9.032475588596808,9.032441094326881,0.7493372483336177,
job_movie_companies_note,movie_companies.note,benchmarks/job/../../data/job/movie_companies__note.csv,job-csv,utf8,NaiveAutoWildcard,static,full-scan,full-scan,contains_presents,%(presents)%,3,2609129,31450317,31450317,2609129,2609129,0,0,0,707630079,0,2526,110,24022040,24022150,2609129,1299275,11131,9.206961403594839,9.206919243931596,0.7638126509185901,
job_movie_companies_note,movie_companies.note,benchmarks/job/../../data/job/movie_companies__note.csv,job-csv,utf8,NaiveAutoWildcard,static,full-scan,full-scan,contains_presents,%(presents)%,4,2609129,31450317,31450317,2609129,2609129,0,0,0,707630079,0,2526,100,23819576,23819676,2609129,1299275,11131,9.129359261270714,9.129320934304129,0.7573747507855009,
job_movie_companies_note,movie_companies.note,benchmarks/job/../../data/job/movie_companies__note.csv,job-csv,utf8,NaiveAutoWildcard,static,prefix-btree,full-scan,contains_presents,%(presents)%,0,2609129,31450317,31450317,2609129,2609129,0,0,0,707630079,243783678,2526,918,23315591,23316509,2609129,1299275,11131,8.936510613311953,8.936158771758699,0.7413759613297379,no-indexable-prefix
job_movie_companies_note,movie_companies.note,benchmarks/job/../../data/job/movie_companies__note.csv,job-csv,utf8,NaiveAutoWildcard,static,prefix-btree,full-scan,contains_presents,%(presents)%,1,2609129,31450317,31450317,2609129,2609129,0,0,0,707630079,243783678,2526,270,23467808,23468078,2609129,1299275,11131,8.994602413295778,8.994498930485998,0.7461952768234419,no-indexable-prefix
job_movie_companies_note,movie_companies.note,benchmarks/job/../../data/job/movie_companies__note.csv,job-csv,utf8,NaiveAutoWildcard,static,prefix-btree,full-scan,contains_presents,%(presents)%,2,2609129,31450317,31450317,2609129,2609129,0,0,0,707630079,243783678,2526,359,23431096,23431455,2609129,1299275,11131,8.980565928323207,8.980428334513165,0.7450308052538867,no-indexable-prefix
job_movie_companies_note,movie_companies.note,benchmarks/job/../../data/job/movie_companies__note.csv,job-csv,utf8,NaiveAutoWildcard,static,prefix-btree,full-scan,contains_presents,%(presents)%,3,2609129,31450317,31450317,2609129,2609129,0,0,0,707630079,243783678,2526,289,23674573,23674862,2609129,1299275,11131,9.073856447879733,9.073745682946301,0.7527702185005003,no-indexable-prefix
job_movie_companies_note,movie_companies.note,benchmarks/job/../../data/job/movie_companies__note.csv,job-csv,utf8,NaiveAutoWildcard,static,prefix-btree,full-scan,contains_presents,%(presents)%,4,2609129,31450317,31450317,2609129,2609129,0,0,0,707630079,243783678,2526,350,23511018,23511368,2609129,1299275,11131,9.011194157130598,9.01106001274755,0.7475717335376938,no-indexable-prefix
job_movie_companies_note,movie_companies.note,benchmarks/job/../../data/job/movie_companies__note.csv,job-csv,utf8,NaiveAutoWildcard,static,qgram,full-scan,contains_presents,%(presents)%,0,2609129,31450317,31450317,2609129,2609129,0,0,0,707630079,930075132,2526,479,23371527,23372006,2609129,1299275,11131,8.957780929957853,8.957597343787908,0.743140554036387,literal-shorter-than-qgram
job_movie_companies_note,movie_companies.note,benchmarks/job/../../data/job/movie_companies__note.csv,job-csv,utf8,NaiveAutoWildcard,static,qgram,full-scan,contains_presents,%(presents)%,1,2609129,31450317,31450317,2609129,2609129,0,0,0,707630079,930075132,2526,110,23468176,23468286,2609129,1299275,11131,8.994682133386275,8.994639973723032,0.7462018904292761,literal-shorter-than-qgram
job_movie_companies_note,movie_companies.note,benchmarks/job/../../data/job/movie_companies__note.csv,job-csv,utf8,NaiveAutoWildcard,static,qgram,full-scan,contains_presents,%(presents)%,2,2609129,31450317,31450317,2609129,2609129,0,0,0,707630079,930075132,2526,100,23552241,23552341,2609129,1299275,11131,9.026897865149634,9.026859538183048,0.748874518498494,literal-shorter-than-qgram
job_movie_companies_note,movie_companies.note,benchmarks/job/../../data/job/movie_companies__note.csv,job-csv,utf8,NaiveAutoWildcard,static,qgram,full-scan,contains_presents,%(presents)%,3,2609129,31450317,31450317,2609129,2609129,0,0,0,707630079,930075132,2526,100,23638821,23638921,2609129,1299275,11131,9.060081352819275,9.06004302585269,0.7516274319269978,literal-shorter-than-qgram
job_movie_companies_note,movie_companies.note,benchmarks/job/../../data/job/movie_companies__note.csv,job-csv,utf8,NaiveAutoWildcard,static,qgram,full-scan,contains_presents,%(presents)%,4,2609129,31450317,31450317,2609129,2609129,0,0,0,707630079,930075132,2526,100,23431285,23431385,2609129,1299275,11131,8.980539099446597,8.980500772480012,0.745028579521154,literal-shorter-than-qgram
job_movie_companies_note,movie_companies.note,benchmarks/job/../../data/job/movie_companies__note.csv,job-csv,utf8,NaiveAutoWildcard,static,trigram,trigram,contains_presents,%(presents)%,0,2609129,31450317,31450317,2609129,2609129,0,0,0,707630079,1060889407,2526,194768,538112,732880,11133,11133,11131,0.2808906727110848,48.33486032515943,0.023302785787500967,
job_movie_companies_note,movie_companies.note,benchmarks/job/../../data/job/movie_companies__note.csv,job-csv,utf8,NaiveAutoWildcard,static,trigram,trigram,contains_presents,%(presents)%,1,2609129,31450317,31450317,2609129,2609129,0,0,0,707630079,1060889407,2526,183140,489063,672203,11133,11133,11131,0.2576350191960612,43.929129614659125,0.02137348885863376,
job_movie_companies_note,movie_companies.note,benchmarks/job/../../data/job/movie_companies__note.csv,job-csv,utf8,NaiveAutoWildcard,static,trigram,trigram,contains_presents,%(presents)%,2,2609129,31450317,31450317,2609129,2609129,0,0,0,707630079,1060889407,2526,181473,455945,637418,11133,11133,11131,0.24430298386932958,40.95436989131411,0.020267458671402262,
job_movie_companies_note,movie_companies.note,benchmarks/job/../../data/job/movie_companies__note.csv,job-csv,utf8,NaiveAutoWildcard,static,trigram,trigram,contains_presents,%(presents)%,3,2609129,31450317,31450317,2609129,2609129,0,0,0,707630079,1060889407,2526,180485,403651,584136,11133,11133,11131,0.22388160953329636,36.25716338812539,0.018573294507651543,
job_movie_companies_note,movie_companies.note,benchmarks/job/../../data/job/movie_companies__note.csv,job-csv,utf8,NaiveAutoWildcard,static,trigram,trigram,contains_presents,%(presents)%,4,2609129,31450317,31450317,2609129,2609129,0,0,0,707630079,1060889407,2526,177670,281269,458939,11133,11133,11131,0.1758973971773722,25.26443905506153,0.014592507922893114,
job_movie_companies_note,movie_companies.note,benchmarks/job/../../data/job/movie_companies__note.csv,job-csv,utf8,NaiveAutoWildcard,static,fm,fm,contains_theatrical,%(theatrical)%,0,2609129,31450317,31450317,2609129,2609129,0,0,0,707630079,69127940303,1836,5486733,6245834,11732567,279657,279657,279657,4.496737033699752,22.33390903857225,0.3730508344319709,
job_movie_companies_note,movie_companies.note,benchmarks/job/../../data/job/movie_companies__note.csv,job-csv,utf8,NaiveAutoWildcard,static,fm,fm,contains_theatrical,%(theatrical)%,1,2609129,31450317,31450317,2609129,2609129,0,0,0,707630079,69127940303,1836,4995214,6294703,11289917,279657,279657,279657,4.327082716109476,22.50865524553292,0.358976254515972,
job_movie_companies_note,movie_companies.note,benchmarks/job/../../data/job/movie_companies__note.csv,job-csv,utf8,NaiveAutoWildcard,static,fm,fm,contains_theatrical,%(theatrical)%,2,2609129,31450317,31450317,2609129,2609129,0,0,0,707630079,69127940303,1836,5075146,6219543,11294689,279657,279657,279657,4.328911678954931,22.239897445799677,0.35912798589597683,
job_movie_companies_note,movie_companies.note,benchmarks/job/../../data/job/movie_companies__note.csv,job-csv,utf8,NaiveAutoWildcard,static,fm,fm,contains_theatrical,%(theatrical)%,3,2609129,31450317,31450317,2609129,2609129,0,0,0,707630079,69127940303,1836,4925414,6167988,11093402,279657,279657,279657,4.251764477724175,22.05554661603321,0.35272782783079737,
job_movie_companies_note,movie_companies.note,benchmarks/job/../../data/job/movie_companies__note.csv,job-csv,utf8,NaiveAutoWildcard,static,fm,fm,contains_theatrical,%(theatrical)%,4,2609129,31450317,31450317,2609129,2609129,0,0,0,707630079,69127940303,1836,5294010,6337693,11631703,279657,279657,279657,4.458078922123053,22.66237927175075,0.36984374434127326,
job_movie_companies_note,movie_companies.note,benchmarks/job/../../data/job/movie_companies__note.csv,job-csv,utf8,NaiveAutoWildcard,static,full-scan,full-scan,contains_theatrical,%(theatrical)%,0,2609129,31450317,31450317,2609129,2609129,0,0,0,707630079,0,1836,659,24058123,24058782,2609129,1278216,279657,9.221001337994403,9.220748763284606,0.7649774086537824,
job_movie_companies_note,movie_companies.note,benchmarks/job/../../data/job/movie_companies__note.csv,job-csv,utf8,NaiveAutoWildcard,static,full-scan,full-scan,contains_theatrical,%(theatrical)%,1,2609129,31450317,31450317,2609129,2609129,0,0,0,707630079,0,1836,100,24086780,24086880,2609129,1278216,279657,9.23177044906557,9.231732122098984,0.7658708177726794,
job_movie_companies_note,movie_companies.note,benchmarks/job/../../data/job/movie_companies__note.csv,job-csv,utf8,NaiveAutoWildcard,static,full-scan,full-scan,contains_theatrical,%(theatrical)%,2,2609129,31450317,31450317,2609129,2609129,0,0,0,707630079,0,1836,100,24199880,24199980,2609129,1278216,279657,9.275118248273658,9.275079921307071,0.7694669659450492,
job_movie_companies_note,movie_companies.note,benchmarks/job/../../data/job/movie_companies__note.csv,job-csv,utf8,NaiveAutoWildcard,static,full-scan,full-scan,contains_theatrical,%(theatrical)%,3,2609129,31450317,31450317,2609129,2609129,0,0,0,707630079,0,1836,110,24237618,24237728,2609129,1278216,279657,9.289585911620314,9.289543751957071,0.7706672082192367,
job_movie_companies_note,movie_companies.note,benchmarks/job/../../data/job/movie_companies__note.csv,job-csv,utf8,NaiveAutoWildcard,static,full-scan,full-scan,contains_theatrical,%(theatrical)%,4,2609129,31450317,31450317,2609129,2609129,0,0,0,707630079,0,1836,99,24189630,24189729,2609129,1278216,279657,9.271189350928989,9.271151407232068,0.7691410232844393,
job_movie_companies_note,movie_companies.note,benchmarks/job/../../data/job/movie_companies__note.csv,job-csv,utf8,NaiveAutoWildcard,static,prefix-btree,full-scan,contains_theatrical,%(theatrical)%,0,2609129,31450317,31450317,2609129,2609129,0,0,0,707630079,243783678,1836,1357,24677822,24679179,2609129,1278216,279657,9.458780688881232,9.458260591944669,0.7847036645131431,no-indexable-prefix
job_movie_companies_note,movie_companies.note,benchmarks/job/../../data/job/movie_companies__note.csv,job-csv,utf8,NaiveAutoWildcard,static,prefix-btree,full-scan,contains_theatrical,%(theatrical)%,1,2609129,31450317,31450317,2609129,2609129,0,0,0,707630079,243783678,1836,499,24236552,24237051,2609129,1278216,279657,9.289326438056532,9.28913518649327,0.7706456822040936,no-indexable-prefix
job_movie_companies_note,movie_companies.note,benchmarks/job/../../data/job/movie_companies__note.csv,job-csv,utf8,NaiveAutoWildcard,static,prefix-btree,full-scan,contains_theatrical,%(theatrical)%,2,2609129,31450317,31450317,2609129,2609129,0,0,0,707630079,243783678,1836,429,24050218,24050647,2609129,1278216,279657,9.217883439262682,9.21771901657603,0.7647187467140634,no-indexable-prefix
job_movie_companies_note,movie_companies.note,benchmarks/job/../../data/job/movie_companies__note.csv,job-csv,utf8,NaiveAutoWildcard,static,prefix-btree,full-scan,contains_theatrical,%(theatrical)%,3,2609129,31450317,31450317,2609129,2609129,0,0,0,707630079,243783678,1836,270,24063263,24063533,2609129,1278216,279657,9.222822252176876,9.222718769367095,0.7651284723139674,no-indexable-prefix
job_movie_companies_note,movie_companies.note,benchmarks/job/../../data/job/movie_companies__note.csv,job-csv,utf8,NaiveAutoWildcard,static,prefix-btree,full-scan,contains_theatrical,%(theatrical)%,4,2609129,31450317,31450317,2609129,2609129,0,0,0,707630079,243783678,1836,539,24201754,24202293,2609129,1278216,279657,9.276004751010777,9.275798168660883,0.7695405105137731,no-indexable-prefix
job_movie_companies_note,movie_companies.note,benchmarks/job/../../data/job/movie_companies__note.csv,job-csv,utf8,NaiveAutoWildcard,static,qgram,full-scan,contains_theatrical,%(theatrical)%,0,2609129,31450317,31450317,2609129,2609129,0,0,0,707630079,930075132,1836,719,24257583,24258302,2609129,1278216,279657,9.297471301725595,9.297195730835845,0.7713213828655526,literal-shorter-than-qgram
job_movie_companies_note,movie_companies.note,benchmarks/job/../../data/job/movie_companies__note.csv,job-csv,utf8,NaiveAutoWildcard,static,qgram,full-scan,contains_theatrical,%(theatrical)%,1,2609129,31450317,31450317,2609129,2609129,0,0,0,707630079,930075132,1836,100,24257394,24257494,2609129,1278216,279657,9.297161619835585,9.297123292869,0.7712956915505812,literal-shorter-than-qgram
job_movie_companies_note,movie_companies.note,benchmarks/job/../../data/job/movie_companies__note.csv,job-csv,utf8,NaiveAutoWildcard,static,qgram,full-scan,contains_theatrical,%(theatrical)%,2,2609129,31450317,31450317,2609129,2609129,0,0,0,707630079,930075132,1836,120,24367786,24367906,2609129,1278216,279657,9.339479190181857,9.339433197821956,0.7748063715860162,literal-shorter-than-qgram
job_movie_companies_note,movie_companies.note,benchmarks/job/../../data/job/movie_companies__note.csv,job-csv,utf8,NaiveAutoWildcard,static,qgram,full-scan,contains_theatrical,%(theatrical)%,3,2609129,31450317,31450317,2609129,2609129,0,0,0,707630079,930075132,1836,110,24353286,24353396,2609129,1278216,279657,9.333917947330315,9.333875787667072,0.7743450089867139,literal-shorter-than-qgram
job_movie_companies_note,movie_companies.note,benchmarks/job/../../data/job/movie_companies__note.csv,job-csv,utf8,NaiveAutoWildcard,static,qgram,full-scan,contains_theatrical,%(theatrical)%,4,2609129,31450317,31450317,2609129,2609129,0,0,0,707630079,930075132,1836,110,24200798,24200908,2609129,1278216,279657,9.27547392252357,9.275431762860325,0.7694964728018481,literal-shorter-than-qgram
job_movie_companies_note,movie_companies.note,benchmarks/job/../../data/job/movie_companies__note.csv,job-csv,utf8,NaiveAutoWildcard,static,trigram,trigram,contains_theatrical,%(theatrical)%,0,2609129,31450317,31450317,2609129,2609129,0,0,0,707630079,1060889407,1836,2078355,6205888,8284243,279657,279657,279657,3.1750990464633984,22.191069774759796,0.2634072972936966,
job_movie_companies_note,movie_companies.note,benchmarks/job/../../data/job/movie_companies__note.csv,job-csv,utf8,NaiveAutoWildcard,static,trigram,trigram,contains_theatrical,%(theatrical)%,1,2609129,31450317,31450317,2609129,2609129,0,0,0,707630079,1060889407,1836,2005350,6274041,8279391,279657,279657,279657,3.1732394220446745,22.43477188126884,0.2632530222191401,
job_movie_companies_note,movie_companies.note,benchmarks/job/../../data/job/movie_companies__note.csv,job-csv,utf8,NaiveAutoWildcard,static,trigram,trigram,contains_theatrical,%(theatrical)%,2,2609129,31450317,31450317,2609129,2609129,0,0,0,707630079,1060889407,1836,1995048,6208356,8203404,279657,279657,279657,3.1441159099454263,22.199894871217243,0.2608369257454543,
job_movie_companies_note,movie_companies.note,benchmarks/job/../../data/job/movie_companies__note.csv,job-csv,utf8,NaiveAutoWildcard,static,trigram,trigram,contains_theatrical,%(theatrical)%,3,2609129,31450317,31450317,2609129,2609129,0,0,0,707630079,1060889407,1836,2064215,6384550,8448765,279657,279657,279657,3.2381553384290314,22.82993095112942,0.26863846873149166,
job_movie_companies_note,movie_companies.note,benchmarks/job/../../data/job/movie_companies__note.csv,job-csv,utf8,NaiveAutoWildcard,static,trigram,trigram,contains_theatrical,%(theatrical)%,4,2609129,31450317,31450317,2609129,2609129,0,0,0,707630079,1060889407,1836,2103568,6512748,8616316,279657,279657,279657,3.302372554212536,23.288342505283257,0.27396595080424785,
job_movie_companies_note,movie_companies.note,benchmarks/job/../../data/job/movie_companies__note.csv,job-csv,utf8,NaiveAutoWildcard,static,fm,fm,contains_worldwide,%(worldwide)%,0,2609129,31450317,31450317,2609129,2609129,0,0,0,707630079,69127940303,2086,1869528,4004205,5873733,103199,103199,103199,2.251223684225655,38.800812023372316,0.18676228287301525,
job_movie_companies_note,movie_companies.note,benchmarks/job/../../data/job/movie_companies__note.csv,job-csv,utf8,NaiveAutoWildcard,static,fm,fm,contains_worldwide,%(worldwide)%,1,2609129,31450317,31450317,2609129,2609129,0,0,0,707630079,69127940303,2086,1759624,4051661,5811285,103199,103199,103199,2.2272892601324044,39.260661440517836,0.18477667490601127,
job_movie_companies_note,movie_companies.note,benchmarks/job/../../data/job/movie_companies__note.csv,job-csv,utf8,NaiveAutoWildcard,static,fm,fm,contains_worldwide,%(worldwide)%,2,2609129,31450317,31450317,2609129,2609129,0,0,0,707630079,69127940303,2086,1808308,4112821,5921129,103199,103199,103199,2.2693891333084717,39.8533028420818,0.18826929471012963,
job_movie_companies_note,movie_companies.note,benchmarks/job/../../data/job/movie_companies__note.csv,job-csv,utf8,NaiveAutoWildcard,static,fm,fm,contains_worldwide,%(worldwide)%,3,2609129,31450317,31450317,2609129,2609129,0,0,0,707630079,69127940303,2086,1796551,3655040,5451591,103199,103199,103199,2.089429460942713,35.4173974554017,0.17333977905532716,
job_movie_companies_note,movie_companies.note,benchmarks/job/../../data/job/movie_companies__note.csv,job-csv,utf8,NaiveAutoWildcard,static,fm,fm,contains_worldwide,%(worldwide)%,4,2609129,31450317,31450317,2609129,2609129,0,0,0,707630079,69127940303,2086,1896377,4073028,5969405,103199,103199,103199,2.2878918596972397,39.46770802042656,0.189804287187312,
job_movie_companies_note,movie_companies.note,benchmarks/job/../../data/job/movie_companies__note.csv,job-csv,utf8,NaiveAutoWildcard,static,full-scan,full-scan,contains_worldwide,%(worldwide)%,0,2609129,31450317,31450317,2609129,2609129,0,0,0,707630079,0,2086,459,23966453,23966912,2609129,1287953,103199,9.185790353792395,9.185614433015768,0.762056293423052,
job_movie_companies_note,movie_companies.note,benchmarks/job/../../data/job/movie_companies__note.csv,job-csv,utf8,NaiveAutoWildcard,static,full-scan,full-scan,contains_worldwide,%(worldwide)%,1,2609129,31450317,31450317,2609129,2609129,0,0,0,707630079,0,2086,100,24429214,24429314,2609129,1287953,103199,9.36301501382262,9.362976686856035,0.7767589115238489,
job_movie_companies_note,movie_companies.note,benchmarks/job/../../data/job/movie_companies__note.csv,job-csv,utf8,NaiveAutoWildcard,static,full-scan,full-scan,contains_worldwide,%(worldwide)%,2,2609129,31450317,31450317,2609129,2609129,0,0,0,707630079,0,2086,110,24020818,24020928,2609129,1287953,103199,9.206493048063166,9.206450888399923,0.7637737959843139,
job_movie_companies_note,movie_companies.note,benchmarks/job/../../data/job/movie_companies__note.csv,job-csv,utf8,NaiveAutoWildcard,static,full-scan,full-scan,contains_worldwide,%(worldwide)%,3,2609129,31450317,31450317,2609129,2609129,0,0,0,707630079,0,2086,109,24013441,24013550,2609129,1287953,103199,9.203665284468496,9.203623508074918,0.7635392037542896,
job_movie_companies_note,movie_companies.note,benchmarks/job/../../data/job/movie_companies__note.csv,job-csv,utf8,NaiveAutoWildcard,static,full-scan,full-scan,contains_worldwide,%(worldwide)%,4,2609129,31450317,31450317,2609129,2609129,0,0,0,707630079,0,2086,110,24761622,24761732,2609129,1287953,103199,9.490420749606479,9.490378589943234,0.787328534717154,
job_movie_companies_note,movie_companies.note,benchmarks/job/../../data/job/movie_companies__note.csv,job-csv,utf8,NaiveAutoWildcard,static,prefix-btree,full-scan,contains_worldwide,%(worldwide)%,0,2609129,31450317,31450317,2609129,2609129,0,0,0,707630079,243783678,2086,988,24290965,24291953,2609129,1287953,103199,9.310368709251248,9.309990038821384,0.7723913561825148,no-indexable-prefix
job_movie_companies_note,movie_companies.note,benchmarks/job/../../data/job/movie_companies__note.csv,job-csv,utf8,NaiveAutoWildcard,static,prefix-btree,full-scan,contains_worldwide,%(worldwide)%,1,2609129,31450317,31450317,2609129,2609129,0,0,0,707630079,243783678,2086,689,24248890,24249579,2609129,1287953,103199,9.294128040430351,9.293863967630577,0.7710440247708791,no-indexable-prefix
job_movie_companies_note,movie_companies.note,benchmarks/job/../../data/job/movie_companies__note.csv,job-csv,utf8,NaiveAutoWildcard,static,prefix-btree,full-scan,contains_worldwide,%(worldwide)%,2,2609129,31450317,31450317,2609129,2609129,0,0,0,707630079,243783678,2086,599,24074771,24075370,2609129,1287953,103199,9.22735901521159,9.227129436681743,0.7655048437190634,no-indexable-prefix
job_movie_companies_note,movie_companies.note,benchmarks/job/../../data/job/movie_companies__note.csv,job-csv,utf8,NaiveAutoWildcard,static,prefix-btree,full-scan,contains_worldwide,%(worldwide)%,3,2609129,31450317,31450317,2609129,2609129,0,0,0,707630079,243783678,2086,350,24067774,24068124,2609129,1287953,103199,9.224581843212812,9.224447698829763,0.7652744485850492,no-indexable-prefix
job_movie_companies_note,movie_companies.note,benchmarks/job/../../data/job/movie_companies__note.csv,job-csv,utf8,NaiveAutoWildcard,static,prefix-btree,full-scan,contains_worldwide,%(worldwide)%,4,2609129,31450317,31450317,2609129,2609129,0,0,0,707630079,243783678,2086,289,24525068,24525357,2609129,1287953,103199,9.399825382340238,9.399714617406804,0.7798127122216288,no-indexable-prefix
job_movie_companies_note,movie_companies.note,benchmarks/job/../../data/job/movie_companies__note.csv,job-csv,utf8,NaiveAutoWildcard,static,qgram,full-scan,contains_worldwide,%(worldwide)%,0,2609129,31450317,31450317,2609129,2609129,0,0,0,707630079,930075132,2086,519,23980017,23980536,2609129,1287953,103199,9.191012019719992,9.190813102763412,0.762489484605195,literal-shorter-than-qgram
job_movie_companies_note,movie_companies.note,benchmarks/job/../../data/job/movie_companies__note.csv,job-csv,utf8,NaiveAutoWildcard,static,qgram,full-scan,contains_worldwide,%(worldwide)%,1,2609129,31450317,31450317,2609129,2609129,0,0,0,707630079,930075132,2086,100,24265966,24266066,2609129,1287953,103199,9.300447007411286,9.3004086804447,0.7715682484217886,literal-shorter-than-qgram
job_movie_companies_note,movie_companies.note,benchmarks/job/../../data/job/movie_companies__note.csv,job-csv,utf8,NaiveAutoWildcard,static,qgram,full-scan,contains_worldwide,%(worldwide)%,2,2609129,31450317,31450317,2609129,2609129,0,0,0,707630079,930075132,2086,110,24226153,24226263,2609129,1287953,103199,9.2851917249013,9.285149565238054,0.770302664993806,literal-shorter-than-qgram
job_movie_companies_note,movie_companies.note,benchmarks/job/../../data/job/movie_companies__note.csv,job-csv,utf8,NaiveAutoWildcard,static,qgram,full-scan,contains_worldwide,%(worldwide)%,3,2609129,31450317,31450317,2609129,2609129,0,0,0,707630079,930075132,2086,100,24005588,24005688,2609129,1287953,103199,9.200652018355552,9.200613691388966,0.763289222172228,literal-shorter-than-qgram
job_movie_companies_note,movie_companies.note,benchmarks/job/../../data/job/movie_companies__note.csv,job-csv,utf8,NaiveAutoWildcard,static,qgram,full-scan,contains_worldwide,%(worldwide)%,4,2609129,31450317,31450317,2609129,2609129,0,0,0,707630079,930075132,2086,109,24248499,24248608,2609129,1287953,103199,9.293755885584806,9.293714109191228,0.7710131506782587,literal-shorter-than-qgram
job_movie_companies_note,movie_companies.note,benchmarks/job/../../data/job/movie_companies__note.csv,job-csv,utf8,NaiveAutoWildcard,static,trigram,trigram,contains_worldwide,%(worldwide)%,0,2609129,31450317,31450317,2609129,2609129,0,0,0,707630079,1060889407,2086,737282,4049815,4787097,103199,103199,103199,1.8347490676007203,39.242773670287505,0.15221140696292504,
job_movie_companies_note,movie_companies.note,benchmarks/job/../../data/job/movie_companies__note.csv,job-csv,utf8,NaiveAutoWildcard,static,trigram,trigram,contains_worldwide,%(worldwide)%,1,2609129,31450317,31450317,2609129,2609129,0,0,0,707630079,1060889407,2086,744488,4072361,4816849,103199,103199,103199,1.8461521066992088,39.46124477950368,0.15315740696667698,
job_movie_companies_note,movie_companies.note,benchmarks/job/../../data/job/movie_companies__note.csv,job-csv,utf8,NaiveAutoWildcard,static,trigram,trigram,contains_worldwide,%(worldwide)%,2,2609129,31450317,31450317,2609129,2609129,0,0,0,707630079,1060889407,2086,739468,3566524,4305992,103199,103199,103199,1.6503561150100283,34.559675965852385,0.13691410487213848,
job_movie_companies_note,movie_companies.note,benchmarks/job/../../data/job/movie_companies__note.csv,job-csv,utf8,NaiveAutoWildcard,static,trigram,trigram,contains_worldwide,%(worldwide)%,3,2609129,31450317,31450317,2609129,2609129,0,0,0,707630079,1060889407,2086,747092,3505454,4252546,103199,103199,103199,1.629871884448795,33.967906665762264,0.13521472613455693,
job_movie_companies_note,movie_companies.note,benchmarks/job/../../data/job/movie_companies__note.csv,job-csv,utf8,NaiveAutoWildcard,static,trigram,trigram,contains_worldwide,%(worldwide)%,4,2609129,31450317,31450317,2609129,2609129,0,0,0,707630079,1060889407,2086,744926,3477539,4222465,103199,103199,103199,1.6183427496302405,33.69740985862266,0.13425826518696138,
job_movie_companies_note,movie_companies.note,benchmarks/job/../../data/job/movie_companies__note.csv,job-csv,utf8,NaiveAutoWildcard,static,fm,full-scan,not_contains_tv,%(TV)%,0,2609129,31450317,31450317,2609129,2609129,0,0,0,707630079,69127940303,2036,3264,27115867,27119131,2609129,1337125,413698,10.393940276621048,10.392689284431702,0.8622848221211888,too-broad
job_movie_companies_note,movie_companies.note,benchmarks/job/../../data/job/movie_companies__note.csv,job-csv,utf8,NaiveAutoWildcard,static,fm,full-scan,not_contains_tv,%(TV)%,1,2609129,31450317,31450317,2609129,2609129,0,0,0,707630079,69127940303,2036,2086,27432704,27434790,2609129,1337125,413698,10.514922796074858,10.514123295551887,0.872321573102109,too-broad
job_movie_companies_note,movie_companies.note,benchmarks/job/../../data/job/movie_companies__note.csv,job-csv,utf8,NaiveAutoWildcard,static,fm,full-scan,not_contains_tv,%(TV)%,2,2609129,31450317,31450317,2609129,2609129,0,0,0,707630079,69127940303,2036,2545,27162368,27164913,2609129,1337125,413698,10.411487128463177,10.410511707163579,0.863740514920724,too-broad
job_movie_companies_note,movie_companies.note,benchmarks/job/../../data/job/movie_companies__note.csv,job-csv,utf8,NaiveAutoWildcard,static,fm,full-scan,not_contains_tv,%(TV)%,3,2609129,31450317,31450317,2609129,2609129,0,0,0,707630079,69127940303,2036,2046,27107763,27109809,2609129,1337125,413698,10.390367436795957,10.38958326705962,0.8619884181135599,too-broad
job_movie_companies_note,movie_companies.note,benchmarks/job/../../data/job/movie_companies__note.csv,job-csv,utf8,NaiveAutoWildcard,static,fm,full-scan,not_contains_tv,%(TV)%,4,2609129,31450317,31450317,2609129,2609129,0,0,0,707630079,69127940303,2036,2077,27166797,27168874,2609129,1337125,413698,10.413005259609625,10.412209208513646,0.8638664595972116,too-broad
job_movie_companies_note,movie_companies.note,benchmarks/job/../../data/job/movie_companies__note.csv,job-csv,utf8,NaiveAutoWildcard,static,full-scan,full-scan,not_contains_tv,%(TV)%,0,2609129,31450317,31450317,2609129,2609129,0,0,0,707630079,0,2036,669,28151076,28151745,2609129,1337125,413698,10.789709899357218,10.789453491950763,0.8951180046929257,
job_movie_companies_note,movie_companies.note,benchmarks/job/../../data/job/movie_companies__note.csv,job-csv,utf8,NaiveAutoWildcard,static,full-scan,full-scan,not_contains_tv,%(TV)%,1,2609129,31450317,31450317,2609129,2609129,0,0,0,707630079,0,2036,99,28063227,28063326,2609129,1337125,413698,10.755821578772073,10.755783635075153,0.8923066180859163,
job_movie_companies_note,movie_companies.note,benchmarks/job/../../data/job/movie_companies__note.csv,job-csv,utf8,NaiveAutoWildcard,static,full-scan,full-scan,not_contains_tv,%(TV)%,2,2609129,31450317,31450317,2609129,2609129,0,0,0,707630079,0,2036,109,33347208,33347317,2609129,1337125,413698,12.781015043717655,12.780973267324077,1.0603173570555744,
job_movie_companies_note,movie_companies.note,benchmarks/job/../../data/job/movie_companies__note.csv,job-csv,utf8,NaiveAutoWildcard,static,full-scan,full-scan,not_contains_tv,%(TV)%,3,2609129,31450317,31450317,2609129,2609129,0,0,0,707630079,0,2036,119,34644480,34644599,2609129,1337125,413698,13.278223882376073,13.278178273285835,1.101565971497203,
job_movie_companies_note,movie_companies.note,benchmarks/job/../../data/job/movie_companies__note.csv,job-csv,utf8,NaiveAutoWildcard,static,full-scan,full-scan,not_contains_tv,%(TV)%,4,2609129,31450317,31450317,2609129,2609129,0,0,0,707630079,0,2036,110,27239297,27239407,2609129,1337125,413698,10.440038418951305,10.439996259288062,0.8661091396948399,
job_movie_companies_note,movie_companies.note,benchmarks/job/../../data/job/movie_companies__note.csv,job-csv,utf8,NaiveAutoWildcard,static,prefix-btree,full-scan,not_contains_tv,%(TV)%,0,2609129,31450317,31450317,2609129,2609129,0,0,0,707630079,243783678,2036,1297,27970349,27971646,2609129,1337125,413698,10.720683415806578,10.720186315049965,0.889391544129746,no-indexable-prefix
job_movie_companies_note,movie_companies.note,benchmarks/job/../../data/job/movie_companies__note.csv,job-csv,utf8,NaiveAutoWildcard,static,prefix-btree,full-scan,not_contains_tv,%(TV)%,1,2609129,31450317,31450317,2609129,2609129,0,0,0,707630079,243783678,2036,600,27270214,27270814,2609129,1337125,413698,10.452075769346783,10.45184580754727,0.8671077623796288,no-indexable-prefix
job_movie_companies_note,movie_companies.note,benchmarks/job/../../data/job/movie_companies__note.csv,job-csv,utf8,NaiveAutoWildcard,static,prefix-btree,full-scan,not_contains_tv,%(TV)%,2,2609129,31450317,31450317,2609129,2609129,0,0,0,707630079,243783678,2036,639,27195103,27195742,2609129,1337125,413698,10.42330294899179,10.42305803967531,0.8647207594123774,no-indexable-prefix
job_movie_companies_note,movie_companies.note,benchmarks/job/../../data/job/movie_companies__note.csv,job-csv,utf8,NaiveAutoWildcard,static,prefix-btree,full-scan,not_contains_tv,%(TV)%,3,2609129,31450317,31450317,2609129,2609129,0,0,0,707630079,243783678,2036,439,27242403,27242842,2609129,1337125,413698,10.441354950253514,10.441186694870204,0.8662183595796507,no-indexable-prefix
job_movie_companies_note,movie_companies.note,benchmarks/job/../../data/job/movie_companies__note.csv,job-csv,utf8,NaiveAutoWildcard,static,prefix-btree,full-scan,not_contains_tv,%(TV)%,4,2609129,31450317,31450317,2609129,2609129,0,0,0,707630079,243783678,2036,659,28245873,28246532,2609129,1337125,413698,10.826038881174522,10.825786306464725,0.898131869386245,no-indexable-prefix
job_movie_companies_note,movie_companies.note,benchmarks/job/../../data/job/movie_companies__note.csv,job-csv,utf8,NaiveAutoWildcard,static,qgram,full-scan,not_contains_tv,%(TV)%,0,2609129,31450317,31450317,2609129,2609129,0,0,0,707630079,930075132,2036,459,27276277,27276736,2609129,1337125,413698,10.454345492307969,10.454169571531342,0.8672960593688134,literal-shorter-than-qgram
job_movie_companies_note,movie_companies.note,benchmarks/job/../../data/job/movie_companies__note.csv,job-csv,utf8,NaiveAutoWildcard,static,qgram,full-scan,not_contains_tv,%(TV)%,1,2609129,31450317,31450317,2609129,2609129,0,0,0,707630079,930075132,2036,99,27310139,27310238,2609129,1337125,413698,10.46718579265341,10.467147848956492,0.8683612950546731,literal-shorter-than-qgram
job_movie_companies_note,movie_companies.note,benchmarks/job/../../data/job/movie_companies__note.csv,job-csv,utf8,NaiveAutoWildcard,static,qgram,full-scan,not_contains_tv,%(TV)%,2,2609129,31450317,31450317,2609129,2609129,0,0,0,707630079,930075132,2036,110,27145547,27145657,2609129,1337125,413698,10.404106887777491,10.404064728114248,0.8631282476421461,literal-shorter-than-qgram
job_movie_companies_note,movie_companies.note,benchmarks/job/../../data/job/movie_companies__note.csv,job-csv,utf8,NaiveAutoWildcard,static,qgram,full-scan,not_contains_tv,%(TV)%,3,2609129,31450317,31450317,2609129,2609129,0,0,0,707630079,930075132,2036,99,27534106,27534205,2609129,1337125,413698,10.553025549905735,10.552987606208815,0.8754825905252401,literal-shorter-than-qgram
job_movie_companies_note,movie_companies.note,benchmarks/job/../../data/job/movie_companies__note.csv,job-csv,utf8,NaiveAutoWildcard,static,qgram,full-scan,not_contains_tv,%(TV)%,4,2609129,31450317,31450317,2609129,2609129,0,0,0,707630079,930075132,2036,110,27100380,27100490,2609129,1337125,413698,10.386795746779864,10.38675358711662,0.8616921094944766,literal-shorter-than-qgram
job_movie_companies_note,movie_companies.note,benchmarks/job/../../data/job/movie_companies__note.csv,job-csv,utf8,NaiveAutoWildcard,static,trigram,trigram,not_contains_tv,%(TV)%,0,2609129,31450317,31450317,2609129,2609129,0,0,0,707630079,1060889407,2036,502013,8708641,9210654,413698,413698,413698,3.530164280876875,21.050720573945245,0.29286362995959625,
job_movie_companies_note,movie_companies.note,benchmarks/job/../../data/job/movie_companies__note.csv,job-csv,utf8,NaiveAutoWildcard,static,trigram,trigram,not_contains_tv,%(TV)%,1,2609129,31450317,31450317,2609129,2609129,0,0,0,707630079,1060889407,2036,469330,8575468,9044798,413698,413698,413698,3.466596707176993,20.728811838587568,0.28759004241515274,
job_movie_companies_note,movie_companies.note,benchmarks/job/../../data/job/movie_companies__note.csv,job-csv,utf8,NaiveAutoWildcard,static,trigram,trigram,not_contains_tv,%(TV)%,2,2609129,31450317,31450317,2609129,2609129,0,0,0,707630079,1060889407,2036,474260,8729349,9203609,413698,413698,413698,3.5274641460809337,21.10077641177864,0.2926396258581432,
job_movie_companies_note,movie_companies.note,benchmarks/job/../../data/job/movie_companies__note.csv,job-csv,utf8,NaiveAutoWildcard,static,trigram,trigram,not_contains_tv,%(TV)%,3,2609129,31450317,31450317,2609129,2609129,0,0,0,707630079,1060889407,2036,465808,8594557,9060365,413698,413698,413698,3.472563066065342,20.774954193638838,0.28808501357871846,
job_movie_companies_note,movie_companies.note,benchmarks/job/../../data/job/movie_companies__note.csv,job-csv,utf8,NaiveAutoWildcard,static,trigram,trigram,not_contains_tv,%(TV)%,4,2609129,31450317,31450317,2609129,2609129,0,0,0,707630079,1060889407,2036,422837,8685010,9107847,413698,413698,413698,3.490761476339422,20.993599195548445,0.28959475988747585,
job_movie_companies_note,movie_companies.note,benchmarks/job/../../data/job/movie_companies__note.csv,job-csv,utf8,NaiveAutoWildcard,static,fm,full-scan,not_contains_usa,%(USA)%,0,2609129,31450317,31450317,2609129,2609129,0,0,0,707630079,69127940303,2126,3872,25362463,25366335,2609129,1335804,487819,9.722146739390809,9.720662719244622,0.8065526016796587,too-broad
job_movie_companies_note,movie_companies.note,benchmarks/job/../../data/job/movie_companies__note.csv,job-csv,utf8,NaiveAutoWildcard,static,fm,full-scan,not_contains_usa,%(USA)%,1,2609129,31450317,31450317,2609129,2609129,0,0,0,707630079,69127940303,2126,2814,25502523,25505337,2609129,1335804,487819,9.775421989483847,9.774343468644133,0.8109723345554832,too-broad
job_movie_companies_note,movie_companies.note,benchmarks/job/../../data/job/movie_companies__note.csv,job-csv,utf8,NaiveAutoWildcard,static,fm,full-scan,not_contains_usa,%(USA)%,2,2609129,31450317,31450317,2609129,2609129,0,0,0,707630079,69127940303,2126,2505,25559556,25562061,2609129,1335804,487819,9.79716257800975,9.796202487496785,0.8127759411773179,too-broad
job_movie_companies_note,movie_companies.note,benchmarks/job/../../data/job/movie_companies__note.csv,job-csv,utf8,NaiveAutoWildcard,static,fm,full-scan,not_contains_usa,%(USA)%,3,2609129,31450317,31450317,2609129,2609129,0,0,0,707630079,69127940303,2126,2455,26033026,26035481,2609129,1335804,487819,9.978610103218355,9.977669176188682,0.8278288896102383,too-broad
job_movie_companies_note,movie_companies.note,benchmarks/job/../../data/job/movie_companies__note.csv,job-csv,utf8,NaiveAutoWildcard,static,fm,full-scan,not_contains_usa,%(USA)%,4,2609129,31450317,31450317,2609129,2609129,0,0,0,707630079,69127940303,2126,2795,25632706,25635501,2609129,1335804,487819,9.825309902270067,9.824238663554006,0.815111052775716,too-broad
job_movie_companies_note,movie_companies.note,benchmarks/job/../../data/job/movie_companies__note.csv,job-csv,utf8,NaiveAutoWildcard,static,full-scan,full-scan,not_contains_usa,%(USA)%,0,2609129,31450317,31450317,2609129,2609129,0,0,0,707630079,0,2126,1008,25946994,25948002,2609129,1335804,487819,9.94508205611911,9.94469572029593,0.8250473914142106,
job_movie_companies_note,movie_companies.note,benchmarks/job/../../data/job/movie_companies__note.csv,job-csv,utf8,NaiveAutoWildcard,static,full-scan,full-scan,not_contains_usa,%(USA)%,1,2609129,31450317,31450317,2609129,2609129,0,0,0,707630079,0,2126,110,27260421,27260531,2609129,1335804,487819,10.448134607372806,10.448092447709561,0.8667808022411984,
job_movie_companies_note,movie_companies.note,benchmarks/job/../../data/job/movie_companies__note.csv,job-csv,utf8,NaiveAutoWildcard,static,full-scan,full-scan,not_contains_usa,%(USA)%,2,2609129,31450317,31450317,2609129,2609129,0,0,0,707630079,0,2126,109,26089232,26089341,2609129,1335804,487819,9.99925300742125,9.999211231027672,0.8295414319671245,
job_movie_companies_note,movie_companies.note,benchmarks/job/../../data/job/movie_companies__note.csv,job-csv,utf8,NaiveAutoWildcard,static,full-scan,full-scan,not_contains_usa,%(USA)%,3,2609129,31450317,31450317,2609129,2609129,0,0,0,707630079,0,2126,110,25335289,25335399,2609129,1335804,487819,9.71028990900795,9.710247749344704,0.8055689549965427,
job_movie_companies_note,movie_companies.note,benchmarks/job/../../data/job/movie_companies__note.csv,job-csv,utf8,NaiveAutoWildcard,static,full-scan,full-scan,not_contains_usa,%(USA)%,4,2609129,31450317,31450317,2609129,2609129,0,0,0,707630079,0,2126,369,25538588,25538957,2609129,1335804,487819,9.788307515649858,9.788166089143159,0.8120413221908065,
job_movie_companies_note,movie_companies.note,benchmarks/job/../../data/job/movie_companies__note.csv,job-csv,utf8,NaiveAutoWildcard,static,prefix-btree,full-scan,not_contains_usa,%(USA)%,0,2609129,31450317,31450317,2609129,2609129,0,0,0,707630079,243783678,2126,1467,26012768,26014235,2609129,1335804,487819,9.97046715589762,9.969904899297811,0.8271533479296886,no-indexable-prefix
job_movie_companies_note,movie_companies.note,benchmarks/job/../../data/job/movie_companies__note.csv,job-csv,utf8,NaiveAutoWildcard,static,prefix-btree,full-scan,not_contains_usa,%(USA)%,1,2609129,31450317,31450317,2609129,2609129,0,0,0,707630079,243783678,2126,509,25518671,25519180,2609129,1335804,487819,9.780727591468263,9.780532507208344,0.8114124891014612,no-indexable-prefix
job_movie_companies_note,movie_companies.note,benchmarks/job/../../data/job/movie_companies__note.csv,job-csv,utf8,NaiveAutoWildcard,static,prefix-btree,full-scan,not_contains_usa,%(USA)%,2,2609129,31450317,31450317,2609129,2609129,0,0,0,707630079,243783678,2126,440,25581899,25582339,2609129,1335804,487819,9.804934520293937,9.80476588164096,0.8134207041537928,no-indexable-prefix
job_movie_companies_note,movie_companies.note,benchmarks/job/../../data/job/movie_companies__note.csv,job-csv,utf8,NaiveAutoWildcard,static,prefix-btree,full-scan,not_contains_usa,%(USA)%,3,2609129,31450317,31450317,2609129,2609129,0,0,0,707630079,243783678,2126,289,25760102,25760391,2609129,1335804,487819,9.873176450838574,9.873065685905143,0.8190820779326327,no-indexable-prefix
job_movie_companies_note,movie_companies.note,benchmarks/job/../../data/job/movie_companies__note.csv,job-csv,utf8,NaiveAutoWildcard,static,prefix-btree,full-scan,not_contains_usa,%(USA)%,4,2609129,31450317,31450317,2609129,2609129,0,0,0,707630079,243783678,2126,439,25815636,25816075,2609129,1335804,487819,9.89451843891199,9.89435018352868,0.8208526165252961,no-indexable-prefix
job_movie_companies_note,movie_companies.note,benchmarks/job/../../data/job/movie_companies__note.csv,job-csv,utf8,NaiveAutoWildcard,static,qgram,full-scan,not_contains_usa,%(USA)%,0,2609129,31450317,31450317,2609129,2609129,0,0,0,707630079,930075132,2126,449,25525148,25525597,2609129,1335804,487819,9.783187032914048,9.78301494483408,0.811616525200684,literal-shorter-than-qgram
job_movie_companies_note,movie_companies.note,benchmarks/job/../../data/job/movie_companies__note.csv,job-csv,utf8,NaiveAutoWildcard,static,qgram,full-scan,not_contains_usa,%(USA)%,1,2609129,31450317,31450317,2609129,2609129,0,0,0,707630079,930075132,2126,100,25632594,25632694,2609129,1335804,487819,9.824234064318016,9.824195737351431,0.8150218008931357,literal-shorter-than-qgram
job_movie_companies_note,movie_companies.note,benchmarks/job/../../data/job/movie_companies__note.csv,job-csv,utf8,NaiveAutoWildcard,static,qgram,full-scan,not_contains_usa,%(USA)%,2,2609129,31450317,31450317,2609129,2609129,0,0,0,707630079,930075132,2126,99,26261236,26261335,2609129,1335804,487819,10.065173090330145,10.065135146633224,0.835010184476042,literal-shorter-than-qgram
job_movie_companies_note,movie_companies.note,benchmarks/job/../../data/job/movie_companies__note.csv,job-csv,utf8,NaiveAutoWildcard,static,qgram,full-scan,not_contains_usa,%(USA)%,3,2609129,31450317,31450317,2609129,2609129,0,0,0,707630079,930075132,2126,110,26258910,26259020,2609129,1335804,487819,10.064285821053693,10.06424366139045,0.8349365763149541,literal-shorter-than-qgram
job_movie_companies_note,movie_companies.note,benchmarks/job/../../data/job/movie_companies__note.csv,job-csv,utf8,NaiveAutoWildcard,static,qgram,full-scan,not_contains_usa,%(USA)%,4,2609129,31450317,31450317,2609129,2609129,0,0,0,707630079,930075132,2126,109,26289499,26289608,2609129,1335804,487819,10.076009273592835,10.075967497199256,0.8359091579267707,literal-shorter-than-qgram
job_movie_companies_note,movie_companies.note,benchmarks/job/../../data/job/movie_companies__note.csv,job-csv,utf8,NaiveAutoWildcard,static,trigram,trigram,not_contains_usa,%(USA)%,0,2609129,31450317,31450317,2609129,2609129,0,0,0,707630079,1060889407,2126,895499,6907524,7803023,487819,487819,487819,2.990662017861133,14.160014267586954,0.24810633864199208,
job_movie_companies_note,movie_companies.note,benchmarks/job/../../data/job/movie_companies__note.csv,job-csv,utf8,NaiveAutoWildcard,static,trigram,trigram,not_contains_usa,%(USA)%,1,2609129,31450317,31450317,2609129,2609129,0,0,0,707630079,1060889407,2126,969596,6572626,7542222,487819,487819,487819,2.890704905736742,13.473493242370633,0.23981386260748977,
job_movie_companies_note,movie_companies.note,benchmarks/job/../../data/job/movie_companies__note.csv,job-csv,utf8,NaiveAutoWildcard,static,trigram,trigram,not_contains_usa,%(USA)%,2,2609129,31450317,31450317,2609129,2609129,0,0,0,707630079,1060889407,2126,959038,6721478,7680516,487819,487819,487819,2.943708800906356,13.778631008632301,0.24421108378653225,
job_movie_companies_note,movie_companies.note,benchmarks/job/../../data/job/movie_companies__note.csv,job-csv,utf8,NaiveAutoWildcard,static,trigram,trigram,not_contains_usa,%(USA)%,3,2609129,31450317,31450317,2609129,2609129,0,0,0,707630079,1060889407,2126,901577,6504427,7406004,487819,487819,487819,2.8384966783934407,13.333689339693615,0.23548265030206214,
job_movie_companies_note,movie_companies.note,benchmarks/job/../../data/job/movie_companies__note.csv,job-csv,utf8,NaiveAutoWildcard,static,trigram,trigram,not_contains_usa,%(USA)%,4,2609129,31450317,31450317,2609129,2609129,0,0,0,707630079,1060889407,2126,875480,6695273,7570753,487819,487819,487819,2.9016399725732227,13.724912313788515,0.24072103947314744,
job_movie_companies_note,movie_companies.note,benchmarks/job/../../data/job/movie_companies__note.csv,job-csv,utf8,NaiveAutoWildcard,static,fm,fm,not_contains_mgm_as,%(as Metro-Goldwyn-Mayer Pictures)%,0,2609129,31450317,31450317,2609129,2609129,0,0,0,707630079,69127940303,2295,1616,1357,2973,52,52,52,0.0011394607165839635,26.096153846153847,0.00009453004877502507,
job_movie_companies_note,movie_companies.note,benchmarks/job/../../data/job/movie_companies__note.csv,job-csv,utf8,NaiveAutoWildcard,static,fm,fm,not_contains_mgm_as,%(as Metro-Goldwyn-Mayer Pictures)%,1,2609129,31450317,31450317,2609129,2609129,0,0,0,707630079,69127940303,2295,1018,1318,2336,52,52,52,0.0008953179394349609,25.346153846153847,0.00007427588090765508,
job_movie_companies_note,movie_companies.note,benchmarks/job/../../data/job/movie_companies__note.csv,job-csv,utf8,NaiveAutoWildcard,static,fm,fm,not_contains_mgm_as,%(as Metro-Goldwyn-Mayer Pictures)%,2,2609129,31450317,31450317,2609129,2609129,0,0,0,707630079,69127940303,2295,838,1307,2145,52,52,52,0.0008221134332568455,25.134615384615383,0.00006820281016563363,
job_movie_companies_note,movie_companies.note,benchmarks/job/../../data/job/movie_companies__note.csv,job-csv,utf8,NaiveAutoWildcard,static,fm,fm,not_contains_mgm_as,%(as Metro-Goldwyn-Mayer Pictures)%,3,2609129,31450317,31450317,2609129,2609129,0,0,0,707630079,69127940303,2295,808,1287,2095,52,52,52,0.0008029499499641452,24.75,0.0000666130010708636,
job_movie_companies_note,movie_companies.note,benchmarks/job/../../data/job/movie_companies__note.csv,job-csv,utf8,NaiveAutoWildcard,static,fm,fm,not_contains_mgm_as,%(as Metro-Goldwyn-Mayer Pictures)%,4,2609129,31450317,31450317,2609129,2609129,0,0,0,707630079,69127940303,2295,808,1277,2085,52,52,52,0.000799117253305605,24.557692307692307,0.00006629503925190961,
job_movie_companies_note,movie_companies.note,benchmarks/job/../../data/job/movie_companies__note.csv,job-csv,utf8,NaiveAutoWildcard,static,full-scan,full-scan,not_contains_mgm_as,%(as Metro-Goldwyn-Mayer Pictures)%,0,2609129,31450317,31450317,2609129,2609129,0,0,0,707630079,0,2295,499,5862714,5863213,2609129,146608,52,2.2471916873408713,2.24700043577761,0.18642778703947563,
job_movie_companies_note,movie_companies.note,benchmarks/job/../../data/job/movie_companies__note.csv,job-csv,utf8,NaiveAutoWildcard,static,full-scan,full-scan,not_contains_mgm_as,%(as Metro-Goldwyn-Mayer Pictures)%,1,2609129,31450317,31450317,2609129,2609129,0,0,0,707630079,0,2295,80,6334917,6334997,2609129,146608,52,2.428012183376138,2.4279815218028697,0.20142871691881517,
job_movie_companies_note,movie_companies.note,benchmarks/job/../../data/job/movie_companies__note.csv,job-csv,utf8,NaiveAutoWildcard,static,full-scan,full-scan,not_contains_mgm_as,%(as Metro-Goldwyn-Mayer Pictures)%,2,2609129,31450317,31450317,2609129,2609129,0,0,0,707630079,0,2295,40,5874489,5874529,2609129,146608,52,2.2515287668796753,2.251513436093041,0.18678759263380398,
job_movie_companies_note,movie_companies.note,benchmarks/job/../../data/job/movie_companies__note.csv,job-csv,utf8,NaiveAutoWildcard,static,full-scan,full-scan,not_contains_mgm_as,%(as Metro-Goldwyn-Mayer Pictures)%,3,2609129,31450317,31450317,2609129,2609129,0,0,0,707630079,0,2295,99,5772829,5772928,2609129,146608,52,2.212588185559242,2.212550241862323,0.1835570687570494,
job_movie_companies_note,movie_companies.note,benchmarks/job/../../data/job/movie_companies__note.csv,job-csv,utf8,NaiveAutoWildcard,static,full-scan,full-scan,not_contains_mgm_as,%(as Metro-Goldwyn-Mayer Pictures)%,4,2609129,31450317,31450317,2609129,2609129,0,0,0,707630079,0,2295,40,5774106,5774146,2609129,146608,52,2.2130550080122524,2.213039677225618,0.18359579650659802,
job_movie_companies_note,movie_companies.note,benchmarks/job/../../data/job/movie_companies__note.csv,job-csv,utf8,NaiveAutoWildcard,static,prefix-btree,full-scan,not_contains_mgm_as,%(as Metro-Goldwyn-Mayer Pictures)%,0,2609129,31450317,31450317,2609129,2609129,0,0,0,707630079,243783678,2295,929,6101171,6102100,2609129,146608,52,2.3387498280077375,2.338393770488159,0.19402348154392213,no-indexable-prefix
job_movie_companies_note,movie_companies.note,benchmarks/job/../../data/job/movie_companies__note.csv,job-csv,utf8,NaiveAutoWildcard,static,prefix-btree,full-scan,not_contains_mgm_as,%(as Metro-Goldwyn-Mayer Pictures)%,1,2609129,31450317,31450317,2609129,2609129,0,0,0,707630079,243783678,2295,289,8014226,8014515,2609129,146608,52,3.0717204860319285,3.071609721098497,0.25483097674341404,no-indexable-prefix
job_movie_companies_note,movie_companies.note,benchmarks/job/../../data/job/movie_companies__note.csv,job-csv,utf8,NaiveAutoWildcard,static,prefix-btree,full-scan,not_contains_mgm_as,%(as Metro-Goldwyn-Mayer Pictures)%,2,2609129,31450317,31450317,2609129,2609129,0,0,0,707630079,243783678,2295,379,8231479,8231858,2609129,146608,52,3.155021465017636,3.1548762058142774,0.26174165430510604,no-indexable-prefix
job_movie_companies_note,movie_companies.note,benchmarks/job/../../data/job/movie_companies__note.csv,job-csv,utf8,NaiveAutoWildcard,static,prefix-btree,full-scan,not_contains_mgm_as,%(as Metro-Goldwyn-Mayer Pictures)%,3,2609129,31450317,31450317,2609129,2609129,0,0,0,707630079,243783678,2295,349,8007043,8007392,2609129,146608,52,3.0689904562020507,3.0688566950886673,0.25460449253977313,no-indexable-prefix
job_movie_companies_note,movie_companies.note,benchmarks/job/../../data/job/movie_companies__note.csv,job-csv,utf8,NaiveAutoWildcard,static,prefix-btree,full-scan,not_contains_mgm_as,%(as Metro-Goldwyn-Mayer Pictures)%,4,2609129,31450317,31450317,2609129,2609129,0,0,0,707630079,243783678,2295,499,6335097,6335596,2609129,146608,52,2.428241761905985,2.4280505103427235,0.20144776283177052,no-indexable-prefix
job_movie_companies_note,movie_companies.note,benchmarks/job/../../data/job/movie_companies__note.csv,job-csv,utf8,NaiveAutoWildcard,static,qgram,qgram,not_contains_mgm_as,%(as Metro-Goldwyn-Mayer Pictures)%,0,2609129,31450317,31450317,2609129,2609129,0,0,0,707630079,930075132,2295,3154,1397,4551,52,52,52,0.0017442602493015868,26.865384615384617,0.00014470442380596672,
job_movie_companies_note,movie_companies.note,benchmarks/job/../../data/job/movie_companies__note.csv,job-csv,utf8,NaiveAutoWildcard,static,qgram,qgram,not_contains_mgm_as,%(as Metro-Goldwyn-Mayer Pictures)%,1,2609129,31450317,31450317,2609129,2609129,0,0,0,707630079,930075132,2295,1926,1367,3293,52,52,52,0.0012621070096572459,26.28846153846154,0.00010470482698155316,
job_movie_companies_note,movie_companies.note,benchmarks/job/../../data/job/movie_companies__note.csv,job-csv,utf8,NaiveAutoWildcard,static,qgram,qgram,not_contains_mgm_as,%(as Metro-Goldwyn-Mayer Pictures)%,2,2609129,31450317,31450317,2609129,2609129,0,0,0,707630079,930075132,2295,1666,1597,3263,52,52,52,0.0012506089196816256,30.71153846153846,0.00010375094152469115,
job_movie_companies_note,movie_companies.note,benchmarks/job/../../data/job/movie_companies__note.csv,job-csv,utf8,NaiveAutoWildcard,static,qgram,qgram,not_contains_mgm_as,%(as Metro-Goldwyn-Mayer Pictures)%,3,2609129,31450317,31450317,2609129,2609129,0,0,0,707630079,930075132,2295,1607,1347,2954,52,52,52,0.0011321785929327374,25.903846153846153,0.00009392592131901246,
job_movie_companies_note,movie_companies.note,benchmarks/job/../../data/job/movie_companies__note.csv,job-csv,utf8,NaiveAutoWildcard,static,qgram,qgram,not_contains_mgm_as,%(as Metro-Goldwyn-Mayer Pictures)%,4,2609129,31450317,31450317,2609129,2609129,0,0,0,707630079,930075132,2295,1576,1348,2924,52,52,52,0.0011206805029571171,25.923076923076923,0.00009297203586215045,
job_movie_companies_note,movie_companies.note,benchmarks/job/../../data/job/movie_companies__note.csv,job-csv,utf8,NaiveAutoWildcard,static,trigram,trigram,not_contains_mgm_as,%(as Metro-Goldwyn-Mayer Pictures)%,0,2609129,31450317,31450317,2609129,2609129,0,0,0,707630079,1060889407,2295,209746,5150,214896,52,52,52,0.08236311811336273,99.03846153846153,0.006832872304593941,
job_movie_companies_note,movie_companies.note,benchmarks/job/../../data/job/movie_companies__note.csv,job-csv,utf8,NaiveAutoWildcard,static,trigram,trigram,not_contains_mgm_as,%(as Metro-Goldwyn-Mayer Pictures)%,1,2609129,31450317,31450317,2609129,2609129,0,0,0,707630079,1060889407,2295,191973,3592,195565,52,52,52,0.07495413220273892,69.07692307692308,0.006218220312373958,
job_movie_companies_note,movie_companies.note,benchmarks/job/../../data/job/movie_companies__note.csv,job-csv,utf8,NaiveAutoWildcard,static,trigram,trigram,not_contains_mgm_as,%(as Metro-Goldwyn-Mayer Pictures)%,2,2609129,31450317,31450317,2609129,2609129,0,0,0,707630079,1060889407,2295,189588,3254,192842,52,52,52,0.07391048890261846,62.57692307692308,0.006131639309072783,
job_movie_companies_note,movie_companies.note,benchmarks/job/../../data/job/movie_companies__note.csv,job-csv,utf8,NaiveAutoWildcard,static,trigram,trigram,not_contains_mgm_as,%(as Metro-Goldwyn-Mayer Pictures)%,3,2609129,31450317,31450317,2609129,2609129,0,0,0,707630079,1060889407,2295,188181,3094,191275,52,52,52,0.07330990533622524,59.5,0.006081814692042691,
job_movie_companies_note,movie_companies.note,benchmarks/job/../../data/job/movie_companies__note.csv,job-csv,utf8,NaiveAutoWildcard,static,trigram,trigram,not_contains_mgm_as,%(as Metro-Goldwyn-Mayer Pictures)%,4,2609129,31450317,31450317,2609129,2609129,0,0,0,707630079,1060889407,2295,186185,3064,189249,52,52,52,0.07253340099320502,58.92307692307692,0.006017395627522609,
job_movie_companies_note,movie_companies.note,benchmarks/job/../../data/job/movie_companies__note.csv,job-csv,utf8,PairHorspool,static,fm,fm,contains_1994,%(1994)%,0,2609129,31450317,31450317,2609129,2609129,0,0,0,707630079,69127940303,2415,134861,358220,493081,8468,8468,8468,0.18898299010895972,42.302786962683044,0.01567809316516587,
job_movie_companies_note,movie_companies.note,benchmarks/job/../../data/job/movie_companies__note.csv,job-csv,utf8,PairHorspool,static,fm,fm,contains_1994,%(1994)%,1,2609129,31450317,31450317,2609129,2609129,0,0,0,707630079,69127940303,2415,121619,306795,428414,8468,8468,8468,0.16419809062717866,36.229924421350965,0.01362192947053602,
job_movie_companies_note,movie_companies.note,benchmarks/job/../../data/job/movie_companies__note.csv,job-csv,utf8,PairHorspool,static,fm,fm,contains_1994,%(1994)%,2,2609129,31450317,31450317,2609129,2609129,0,0,0,707630079,69127940303,2415,114982,284842,399824,8468,8468,8468,0.15324041088041257,33.63745866792631,0.012712876630146527,
job_movie_companies_note,movie_companies.note,benchmarks/job/../../data/job/movie_companies__note.csv,job-csv,utf8,PairHorspool,static,fm,fm,contains_1994,%(1994)%,3,2609129,31450317,31450317,2609129,2609129,0,0,0,707630079,69127940303,2415,123754,272147,395901,8468,8468,8468,0.1517368439812673,32.138285309400096,0.01258814020857087,
job_movie_companies_note,movie_companies.note,benchmarks/job/../../data/job/movie_companies__note.csv,job-csv,utf8,PairHorspool,static,fm,fm,contains_1994,%(1994)%,4,2609129,31450317,31450317,2609129,2609129,0,0,0,707630079,69127940303,2415,107617,235523,343140,8468,8468,8468,0.13151515314114404,27.813297118564005,0.010910541855587656,
job_movie_companies_note,movie_companies.note,benchmarks/job/../../data/job/movie_companies__note.csv,job-csv,utf8,PairHorspool,static,full-scan,full-scan,contains_1994,%(1994)%,0,2609129,31450317,31450317,2609129,2609129,0,0,0,707630079,0,2415,599,18823259,18823858,2609129,1324859,8468,7.21461376574328,7.214384187213434,0.5985268129411859,
job_movie_companies_note,movie_companies.note,benchmarks/job/../../data/job/movie_companies__note.csv,job-csv,utf8,PairHorspool,static,full-scan,full-scan,contains_1994,%(1994)%,1,2609129,31450317,31450317,2609129,2609129,0,0,0,707630079,0,2415,100,19251114,19251214,2609129,1324859,8468,7.3784063570639855,7.3783680300974,0.6121151020512766,
job_movie_companies_note,movie_companies.note,benchmarks/job/../../data/job/movie_companies__note.csv,job-csv,utf8,PairHorspool,static,full-scan,full-scan,contains_1994,%(1994)%,2,2609129,31450317,31450317,2609129,2609129,0,0,0,707630079,0,2415,100,18765426,18765526,2609129,1324859,8468,7.192256879594685,7.192218552628099,0.5966720780588635,
job_movie_companies_note,movie_companies.note,benchmarks/job/../../data/job/movie_companies__note.csv,job-csv,utf8,PairHorspool,static,full-scan,full-scan,contains_1994,%(1994)%,3,2609129,31450317,31450317,2609129,2609129,0,0,0,707630079,0,2415,99,18662467,18662566,2609129,1324859,8468,7.152795434798356,7.152757491101436,0.593398343170913,
job_movie_companies_note,movie_companies.note,benchmarks/job/../../data/job/movie_companies__note.csv,job-csv,utf8,PairHorspool,static,full-scan,full-scan,contains_1994,%(1994)%,4,2609129,31450317,31450317,2609129,2609129,0,0,0,707630079,0,2415,100,18420789,18420889,2609129,1324859,8468,7.060167971763757,7.060129644797172,0.5857139373189784,
job_movie_companies_note,movie_companies.note,benchmarks/job/../../data/job/movie_companies__note.csv,job-csv,utf8,PairHorspool,static,prefix-btree,full-scan,contains_1994,%(1994)%,0,2609129,31450317,31450317,2609129,2609129,0,0,0,707630079,243783678,2415,1107,18668274,18669381,2609129,1324859,8468,7.155407417571151,7.154983138051051,0.5936150341505302,no-indexable-prefix
job_movie_companies_note,movie_companies.note,benchmarks/job/../../data/job/movie_companies__note.csv,job-csv,utf8,PairHorspool,static,prefix-btree,full-scan,contains_1994,%(1994)%,1,2609129,31450317,31450317,2609129,2609129,0,0,0,707630079,243783678,2415,370,18653396,18653766,2609129,1324859,8468,7.149422661738841,7.149280851962475,0.5931185367702335,no-indexable-prefix
job_movie_companies_note,movie_companies.note,benchmarks/job/../../data/job/movie_companies__note.csv,job-csv,utf8,PairHorspool,static,prefix-btree,full-scan,contains_1994,%(1994)%,2,2609129,31450317,31450317,2609129,2609129,0,0,0,707630079,243783678,2415,619,18486777,18487396,2609129,1324859,8468,7.085658087430709,7.085420843507546,0.5878286059882958,no-indexable-prefix
job_movie_companies_note,movie_companies.note,benchmarks/job/../../data/job/movie_companies__note.csv,job-csv,utf8,PairHorspool,static,prefix-btree,full-scan,contains_1994,%(1994)%,3,2609129,31450317,31450317,2609129,2609129,0,0,0,707630079,243783678,2415,369,19036228,19036597,2609129,1324859,8468,7.296150171187397,7.296008744680696,0.6052911008814315,no-indexable-prefix
job_movie_companies_note,movie_companies.note,benchmarks/job/../../data/job/movie_companies__note.csv,job-csv,utf8,PairHorspool,static,prefix-btree,full-scan,contains_1994,%(1994)%,4,2609129,31450317,31450317,2609129,2609129,0,0,0,707630079,243783678,2415,10856,18520756,18531612,2609129,1324859,8468,7.10260473897611,7.098443963483599,0.5892345059669828,no-indexable-prefix
job_movie_companies_note,movie_companies.note,benchmarks/job/../../data/job/movie_companies__note.csv,job-csv,utf8,PairHorspool,static,qgram,full-scan,contains_1994,%(1994)%,0,2609129,31450317,31450317,2609129,2609129,0,0,0,707630079,930075132,2415,699,18495727,18496426,2609129,1324859,8468,7.089119012513371,7.088851107016939,0.5881157255108113,literal-shorter-than-qgram
job_movie_companies_note,movie_companies.note,benchmarks/job/../../data/job/movie_companies__note.csv,job-csv,utf8,PairHorspool,static,qgram,full-scan,contains_1994,%(1994)%,1,2609129,31450317,31450317,2609129,2609129,0,0,0,707630079,930075132,2415,100,18383999,18384099,2609129,1324859,8468,7.046067480756988,7.0460291537904025,0.5845441557870465,literal-shorter-than-qgram
job_movie_companies_note,movie_companies.note,benchmarks/job/../../data/job/movie_companies__note.csv,job-csv,utf8,PairHorspool,static,qgram,full-scan,contains_1994,%(1994)%,2,2609129,31450317,31450317,2609129,2609129,0,0,0,707630079,930075132,2415,100,18519236,18519336,2609129,1324859,8468,7.097899720558087,7.097861393591502,0.5888441760380348,literal-shorter-than-qgram
job_movie_companies_note,movie_companies.note,benchmarks/job/../../data/job/movie_companies__note.csv,job-csv,utf8,PairHorspool,static,qgram,full-scan,contains_1994,%(1994)%,3,2609129,31450317,31450317,2609129,2609129,0,0,0,707630079,930075132,2415,109,18786938,18787047,2609129,1324859,8468,7.2005052260735285,7.20046344967995,0.5973563636894343,literal-shorter-than-qgram
job_movie_companies_note,movie_companies.note,benchmarks/job/../../data/job/movie_companies__note.csv,job-csv,utf8,PairHorspool,static,qgram,full-scan,contains_1994,%(1994)%,4,2609129,31450317,31450317,2609129,2609129,0,0,0,707630079,930075132,2415,110,18717748,18717858,2609129,1324859,8468,7.173987181162756,7.173945021499512,0.5951564176602735,literal-shorter-than-qgram
job_movie_companies_note,movie_companies.note,benchmarks/job/../../data/job/movie_companies__note.csv,job-csv,utf8,PairHorspool,static,trigram,trigram,contains_1994,%(1994)%,0,2609129,31450317,31450317,2609129,2609129,0,0,0,707630079,1060889407,2415,457890,305369,763259,8594,8594,8468,0.2925340218900637,35.53281359087735,0.024268721997301332,
job_movie_companies_note,movie_companies.note,benchmarks/job/../../data/job/movie_companies__note.csv,job-csv,utf8,PairHorspool,static,trigram,trigram,contains_1994,%(1994)%,1,2609129,31450317,31450317,2609129,2609129,0,0,0,707630079,1060889407,2415,451524,159305,610829,8594,8594,8468,0.2341122267239374,18.536769839422853,0.019422029990985464,
job_movie_companies_note,movie_companies.note,benchmarks/job/../../data/job/movie_companies__note.csv,job-csv,utf8,PairHorspool,static,trigram,trigram,contains_1994,%(1994)%,2,2609129,31450317,31450317,2609129,2609129,0,0,0,707630079,1060889407,2415,451394,124091,575485,8594,8594,8468,0.22056594365399335,14.439259948801489,0.018298225738074436,
job_movie_companies_note,movie_companies.note,benchmarks/job/../../data/job/movie_companies__note.csv,job-csv,utf8,PairHorspool,static,trigram,trigram,contains_1994,%(1994)%,3,2609129,31450317,31450317,2609129,2609129,0,0,0,707630079,1060889407,2415,456962,122106,579068,8594,8594,8468,0.22193919886674826,14.208284849895275,0.018412151457805656,
job_movie_companies_note,movie_companies.note,benchmarks/job/../../data/job/movie_companies__note.csv,job-csv,utf8,PairHorspool,static,trigram,trigram,contains_1994,%(1994)%,4,2609129,31450317,31450317,2609129,2609129,0,0,0,707630079,1060889407,2415,436685,121268,557953,8594,8594,8468,0.21384645987224088,14.110774959273913,0.01774077507708428,
job_movie_companies_note,movie_companies.note,benchmarks/job/../../data/job/movie_companies__note.csv,job-csv,utf8,PairHorspool,static,fm,full-scan,contains_200_wild,%(200%)%,0,2609129,31450317,31450317,2609129,2609129,0,0,0,707630079,69127940303,3642,3293,29855707,29859000,2609129,1335804,440138,11.444048952734802,11.442786845725145,0.9494021952147573,too-broad
job_movie_companies_note,movie_companies.note,benchmarks/job/../../data/job/movie_companies__note.csv,job-csv,utf8,PairHorspool,static,fm,full-scan,contains_200_wild,%(200%)%,1,2609129,31450317,31450317,2609129,2609129,0,0,0,707630079,69127940303,3642,2315,29606709,29609024,2609129,1335804,440138,11.34824073474328,11.347353465466828,0.9414539128492727,too-broad
job_movie_companies_note,movie_companies.note,benchmarks/job/../../data/job/movie_companies__note.csv,job-csv,utf8,PairHorspool,static,fm,full-scan,contains_200_wild,%(200%)%,2,2609129,31450317,31450317,2609129,2609129,0,0,0,707630079,69127940303,3642,2382,29968996,29971378,2609129,1335804,440138,11.487120031244142,11.486207082900078,0.9529753865437985,too-broad
job_movie_companies_note,movie_companies.note,benchmarks/job/../../data/job/movie_companies__note.csv,job-csv,utf8,PairHorspool,static,fm,full-scan,contains_200_wild,%(200%)%,3,2609129,31450317,31450317,2609129,2609129,0,0,0,707630079,69127940303,3642,2512,29910226,29912738,2609129,1335804,440138,11.464645098038464,11.463682324637839,0.9511108584374524,too-broad
job_movie_companies_note,movie_companies.note,benchmarks/job/../../data/job/movie_companies__note.csv,job-csv,utf8,PairHorspool,static,fm,full-scan,contains_200_wild,%(200%)%,4,2609129,31450317,31450317,2609129,2609129,0,0,0,707630079,69127940303,3642,2632,29927364,29929996,2609129,1335804,440138,11.471259565931772,11.470250800171245,0.9516595969446031,too-broad
job_movie_companies_note,movie_companies.note,benchmarks/job/../../data/job/movie_companies__note.csv,job-csv,utf8,PairHorspool,static,full-scan,full-scan,contains_200_wild,%(200%)%,0,2609129,31450317,31450317,2609129,2609129,0,0,0,707630079,0,3642,931,29930277,29931208,2609129,1335804,440138,11.471724088766788,11.471367264707878,0.9516981339170604,
job_movie_companies_note,movie_companies.note,benchmarks/job/../../data/job/movie_companies__note.csv,job-csv,utf8,PairHorspool,static,full-scan,full-scan,contains_200_wild,%(200%)%,1,2609129,31450317,31450317,2609129,2609129,0,0,0,707630079,0,3642,110,30076062,30076172,2609129,1335804,440138,11.527284392607648,11.527242232944404,0.9563074356293452,
job_movie_companies_note,movie_companies.note,benchmarks/job/../../data/job/movie_companies__note.csv,job-csv,utf8,PairHorspool,static,full-scan,full-scan,contains_200_wild,%(200%)%,2,2609129,31450317,31450317,2609129,2609129,0,0,0,707630079,0,3642,110,29965941,29966051,2609129,1335804,440138,11.485078353734139,11.485036194070895,0.9528060082828418,
job_movie_companies_note,movie_companies.note,benchmarks/job/../../data/job/movie_companies__note.csv,job-csv,utf8,PairHorspool,static,full-scan,full-scan,contains_200_wild,%(200%)%,3,2609129,31450317,31450317,2609129,2609129,0,0,0,707630079,0,3642,110,29862479,29862589,2609129,1335804,440138,11.445424507565551,11.445382347902308,0.9495163117115799,
job_movie_companies_note,movie_companies.note,benchmarks/job/../../data/job/movie_companies__note.csv,job-csv,utf8,PairHorspool,static,full-scan,full-scan,contains_200_wild,%(200%)%,4,2609129,31450317,31450317,2609129,2609129,0,0,0,707630079,0,3642,110,29708196,29708306,2609129,1335804,440138,11.386292513708598,11.386250354045353,0.9446107013802119,
job_movie_companies_note,movie_companies.note,benchmarks/job/../../data/job/movie_companies__note.csv,job-csv,utf8,PairHorspool,static,prefix-btree,full-scan,contains_200_wild,%(200%)%,0,2609129,31450317,31450317,2609129,2609129,0,0,0,707630079,243783678,3642,680,29892530,29893210,2609129,1335804,440138,11.457160608003667,11.456899984630887,0.9504899425973989,no-indexable-prefix
job_movie_companies_note,movie_companies.note,benchmarks/job/../../data/job/movie_companies__note.csv,job-csv,utf8,PairHorspool,static,prefix-btree,full-scan,contains_200_wild,%(200%)%,1,2609129,31450317,31450317,2609129,2609129,0,0,0,707630079,243783678,3642,211,30296181,30296392,2609129,1335804,440138,11.611688038422017,11.611607168522522,0.9633095908063503,no-indexable-prefix
job_movie_companies_note,movie_companies.note,benchmarks/job/../../data/job/movie_companies__note.csv,job-csv,utf8,PairHorspool,static,prefix-btree,full-scan,contains_200_wild,%(200%)%,2,2609129,31450317,31450317,2609129,2609129,0,0,0,707630079,243783678,3642,160,29828476,29828636,2609129,1335804,440138,11.43241135260081,11.432350029454273,0.9484367359476854,no-indexable-prefix
job_movie_companies_note,movie_companies.note,benchmarks/job/../../data/job/movie_companies__note.csv,job-csv,utf8,PairHorspool,static,prefix-btree,full-scan,contains_200_wild,%(200%)%,3,2609129,31450317,31450317,2609129,2609129,0,0,0,707630079,243783678,3642,231,29639427,29639658,2609129,1335804,440138,11.359981817687052,11.35989328239424,0.9424279570854565,no-indexable-prefix
job_movie_companies_note,movie_companies.note,benchmarks/job/../../data/job/movie_companies__note.csv,job-csv,utf8,PairHorspool,static,prefix-btree,full-scan,contains_200_wild,%(200%)%,4,2609129,31450317,31450317,2609129,2609129,0,0,0,707630079,243783678,3642,131,29482811,29482942,2609129,1335804,440138,11.299917328733075,11.299867120406848,0.9374449866435368,no-indexable-prefix
job_movie_companies_note,movie_companies.note,benchmarks/job/../../data/job/movie_companies__note.csv,job-csv,utf8,PairHorspool,static,qgram,full-scan,contains_200_wild,%(200%)%,0,2609129,31450317,31450317,2609129,2609129,0,0,0,707630079,930075132,3642,651,29805452,29806103,2609129,1335804,440138,11.423775137220122,11.423525628667651,0.9477202725810363,literal-shorter-than-qgram
job_movie_companies_note,movie_companies.note,benchmarks/job/../../data/job/movie_companies__note.csv,job-csv,utf8,PairHorspool,static,qgram,full-scan,contains_200_wild,%(200%)%,1,2609129,31450317,31450317,2609129,2609129,0,0,0,707630079,930075132,3642,110,29840167,29840277,2609129,1335804,440138,11.436872994781018,11.436830835117773,0.9488068753011297,literal-shorter-than-qgram
job_movie_companies_note,movie_companies.note,benchmarks/job/../../data/job/movie_companies__note.csv,job-csv,utf8,PairHorspool,static,qgram,full-scan,contains_200_wild,%(200%)%,2,2609129,31450317,31450317,2609129,2609129,0,0,0,707630079,930075132,3642,431,29444913,29445344,2609129,1335804,440138,11.285507155836296,11.285341966610313,0.9362495137966336,literal-shorter-than-qgram
job_movie_companies_note,movie_companies.note,benchmarks/job/../../data/job/movie_companies__note.csv,job-csv,utf8,PairHorspool,static,qgram,full-scan,contains_200_wild,%(200%)%,3,2609129,31450317,31450317,2609129,2609129,0,0,0,707630079,930075132,3642,100,30218788,30218888,2609129,1335804,440138,11.581983106239669,11.581944779273083,0.9608452595247291,literal-shorter-than-qgram
job_movie_companies_note,movie_companies.note,benchmarks/job/../../data/job/movie_companies__note.csv,job-csv,utf8,PairHorspool,static,qgram,full-scan,contains_200_wild,%(200%)%,4,2609129,31450317,31450317,2609129,2609129,0,0,0,707630079,930075132,3642,110,30378933,30379043,2609129,1335804,440138,11.643365659574517,11.643323499911274,0.965937577036187,literal-shorter-than-qgram
job_movie_companies_note,movie_companies.note,benchmarks/job/../../data/job/movie_companies__note.csv,job-csv,utf8,PairHorspool,static,trigram,trigram,contains_200_wild,%(200%)%,0,2609129,31450317,31450317,2609129,2609129,0,0,0,707630079,1060889407,3642,1288126,12151285,13439411,440146,440146,440138,5.150918563244669,27.607396182175915,0.4273219567230435,
job_movie_companies_note,movie_companies.note,benchmarks/job/../../data/job/movie_companies__note.csv,job-csv,utf8,PairHorspool,static,trigram,trigram,contains_200_wild,%(200%)%,1,2609129,31450317,31450317,2609129,2609129,0,0,0,707630079,1060889407,3642,1260582,11822206,13082788,440146,440146,440138,5.0142357851988155,26.859737450754977,0.4159827069469602,
job_movie_companies_note,movie_companies.note,benchmarks/job/../../data/job/movie_companies__note.csv,job-csv,utf8,PairHorspool,static,trigram,trigram,contains_200_wild,%(200%)%,2,2609129,31450317,31450317,2609129,2609129,0,0,0,707630079,1060889407,3642,1349482,11703901,13053383,440146,440146,440138,5.002965740674378,26.590951638774406,0.41504774021832597,
job_movie_companies_note,movie_companies.note,benchmarks/job/../../data/job/movie_companies__note.csv,job-csv,utf8,PairHorspool,static,trigram,trigram,contains_200_wild,%(200%)%,3,2609129,31450317,31450317,2609129,2609129,0,0,0,707630079,1060889407,3642,1258069,11740514,12998583,440146,440146,440138,4.981962562985578,26.67413540052619,0.413305309450458,
job_movie_companies_note,movie_companies.note,benchmarks/job/../../data/job/movie_companies__note.csv,job-csv,utf8,PairHorspool,static,trigram,trigram,contains_200_wild,%(200%)%,4,2609129,31450317,31450317,2609129,2609129,0,0,0,707630079,1060889407,3642,1256358,11693109,12949467,440146,440146,440138,4.963137890077493,26.566432501942536,0.4117436081804835,
job_movie_companies_note,movie_companies.note,benchmarks/job/../../data/job/movie_companies__note.csv,job-csv,utf8,PairHorspool,static,fm,fm,contains_2006,%(2006)%,0,2609129,31450317,31450317,2609129,2609129,0,0,0,707630079,69127940303,2903,969268,2006427,2975695,57173,57173,57173,1.14049362833344,35.09396043587008,0.09461573948523316,
job_movie_companies_note,movie_companies.note,benchmarks/job/../../data/job/movie_companies__note.csv,job-csv,utf8,PairHorspool,static,fm,fm,contains_2006,%(2006)%,1,2609129,31450317,31450317,2609129,2609129,0,0,0,707630079,69127940303,2903,923917,1637653,2561570,57173,57173,57173,0.9817720779616492,28.6438178860651,0.08144814565780052,
job_movie_companies_note,movie_companies.note,benchmarks/job/../../data/job/movie_companies__note.csv,job-csv,utf8,PairHorspool,static,fm,fm,contains_2006,%(2006)%,2,2609129,31450317,31450317,2609129,2609129,0,0,0,707630079,69127940303,2903,887695,1474074,2361769,57173,57173,57173,0.9051944154543528,25.78269462858342,0.07509523671891764,
job_movie_companies_note,movie_companies.note,benchmarks/job/../../data/job/movie_companies__note.csv,job-csv,utf8,PairHorspool,static,fm,fm,contains_2006,%(2006)%,3,2609129,31450317,31450317,2609129,2609129,0,0,0,707630079,69127940303,2903,840081,1399087,2239168,57173,57173,57173,0.8582051711509856,24.471113987371663,0.07119699302235968,
job_movie_companies_note,movie_companies.note,benchmarks/job/../../data/job/movie_companies__note.csv,job-csv,utf8,PairHorspool,static,fm,fm,contains_2006,%(2006)%,4,2609129,31450317,31450317,2609129,2609129,0,0,0,707630079,69127940303,2903,872560,1387096,2259656,57173,57173,57173,0.8660576000650025,24.26138212093121,0.07184843319703264,
job_movie_companies_note,movie_companies.note,benchmarks/job/../../data/job/movie_companies__note.csv,job-csv,utf8,PairHorspool,static,full-scan,full-scan,contains_2006,%(2006)%,0,2609129,31450317,31450317,2609129,2609129,0,0,0,707630079,0,2903,531,17849876,17850407,2609129,1324859,57173,6.841519526248032,6.841316010055463,0.5675747878789267,
job_movie_companies_note,movie_companies.note,benchmarks/job/../../data/job/movie_companies__note.csv,job-csv,utf8,PairHorspool,static,full-scan,full-scan,contains_2006,%(2006)%,1,2609129,31450317,31450317,2609129,2609129,0,0,0,707630079,0,2903,100,17931010,17931110,2609129,1324859,57173,6.872450538091448,6.872412211124862,0.5701408351464311,
job_movie_companies_note,movie_companies.note,benchmarks/job/../../data/job/movie_companies__note.csv,job-csv,utf8,PairHorspool,static,full-scan,full-scan,contains_2006,%(2006)%,2,2609129,31450317,31450317,2609129,2609129,0,0,0,707630079,0,2903,110,17904186,17904296,2609129,1324859,57173,6.862173545271238,6.862131385607994,0.5692882523250878,
job_movie_companies_note,movie_companies.note,benchmarks/job/../../data/job/movie_companies__note.csv,job-csv,utf8,PairHorspool,static,full-scan,full-scan,contains_2006,%(2006)%,3,2609129,31450317,31450317,2609129,2609129,0,0,0,707630079,0,2903,100,17841509,17841609,2609129,1324859,57173,6.838147519727848,6.838109192761262,0.5672950450706109,
job_movie_companies_note,movie_companies.note,benchmarks/job/../../data/job/movie_companies__note.csv,job-csv,utf8,PairHorspool,static,full-scan,full-scan,contains_2006,%(2006)%,4,2609129,31450317,31450317,2609129,2609129,0,0,0,707630079,0,2903,110,17889051,17889161,2609129,1324859,57173,6.856372758878537,6.856330599215294,0.568807017112101,
job_movie_companies_note,movie_companies.note,benchmarks/job/../../data/job/movie_companies__note.csv,job-csv,utf8,PairHorspool,static,prefix-btree,full-scan,contains_2006,%(2006)%,0,2609129,31450317,31450317,2609129,2609129,0,0,0,707630079,243783678,2903,1041,17912393,17913434,2609129,1324859,57173,6.865675863477812,6.865276879755658,0.569578805835248,no-indexable-prefix
job_movie_companies_note,movie_companies.note,benchmarks/job/../../data/job/movie_companies__note.csv,job-csv,utf8,PairHorspool,static,prefix-btree,full-scan,contains_2006,%(2006)%,1,2609129,31450317,31450317,2609129,2609129,0,0,0,707630079,243783678,2903,340,17880603,17880943,2609129,1324859,57173,6.85322304876455,6.853092737078159,0.5685457160892846,no-indexable-prefix
job_movie_companies_note,movie_companies.note,benchmarks/job/../../data/job/movie_companies__note.csv,job-csv,utf8,PairHorspool,static,prefix-btree,full-scan,contains_2006,%(2006)%,2,2609129,31450317,31450317,2609129,2609129,0,0,0,707630079,243783678,2903,341,17877351,17877692,2609129,1324859,57173,6.851977039080858,6.851846344124802,0.5684423467019426,no-indexable-prefix
job_movie_companies_note,movie_companies.note,benchmarks/job/../../data/job/movie_companies__note.csv,job-csv,utf8,PairHorspool,static,prefix-btree,full-scan,contains_2006,%(2006)%,3,2609129,31450317,31450317,2609129,2609129,0,0,0,707630079,243783678,2903,291,18013855,18014146,2609129,1324859,57173,6.904275718065301,6.904164186592538,0.5727810629062976,no-indexable-prefix
job_movie_companies_note,movie_companies.note,benchmarks/job/../../data/job/movie_companies__note.csv,job-csv,utf8,PairHorspool,static,prefix-btree,full-scan,contains_2006,%(2006)%,4,2609129,31450317,31450317,2609129,2609129,0,0,0,707630079,243783678,2903,370,17864971,17865341,2609129,1324859,57173,6.847243275437895,6.847101465661529,0.5680496320593525,no-indexable-prefix
job_movie_companies_note,movie_companies.note,benchmarks/job/../../data/job/movie_companies__note.csv,job-csv,utf8,PairHorspool,static,qgram,full-scan,contains_2006,%(2006)%,0,2609129,31450317,31450317,2609129,2609129,0,0,0,707630079,930075132,2903,470,18155664,18156134,2609129,1324859,57173,6.95869541138058,6.958515274637628,0.5772957391812616,literal-shorter-than-qgram
job_movie_companies_note,movie_companies.note,benchmarks/job/../../data/job/movie_companies__note.csv,job-csv,utf8,PairHorspool,static,qgram,full-scan,contains_2006,%(2006)%,1,2609129,31450317,31450317,2609129,2609129,0,0,0,707630079,930075132,2903,110,18038758,18038868,2609129,1324859,57173,6.913750910744543,6.913708751081299,0.5735671281151157,literal-shorter-than-qgram
job_movie_companies_note,movie_companies.note,benchmarks/job/../../data/job/movie_companies__note.csv,job-csv,utf8,PairHorspool,static,qgram,full-scan,contains_2006,%(2006)%,2,2609129,31450317,31450317,2609129,2609129,0,0,0,707630079,930075132,2903,111,17928716,17928827,2609129,1324859,57173,6.871575533444303,6.871532990511393,0.570068244463164,literal-shorter-than-qgram
job_movie_companies_note,movie_companies.note,benchmarks/job/../../data/job/movie_companies__note.csv,job-csv,utf8,PairHorspool,static,qgram,full-scan,contains_2006,%(2006)%,3,2609129,31450317,31450317,2609129,2609129,0,0,0,707630079,930075132,2903,100,17894587,17894687,2609129,1324859,57173,6.858490707052047,6.8584523800854615,0.5689827228132549,literal-shorter-than-qgram
job_movie_companies_note,movie_companies.note,benchmarks/job/../../data/job/movie_companies__note.csv,job-csv,utf8,PairHorspool,static,qgram,full-scan,contains_2006,%(2006)%,4,2609129,31450317,31450317,2609129,2609129,0,0,0,707630079,930075132,2903,100,17941910,17942010,2609129,1324859,57173,6.876628177449256,6.876589850482671,0.5704874135290909,literal-shorter-than-qgram
job_movie_companies_note,movie_companies.note,benchmarks/job/../../data/job/movie_companies__note.csv,job-csv,utf8,PairHorspool,static,trigram,trigram,contains_2006,%(2006)%,0,2609129,31450317,31450317,2609129,2609129,0,0,0,707630079,1060889407,2903,1325391,2651011,3976402,57925,57925,57173,1.524034265841206,45.76626672421234,0.1264344012812335,
job_movie_companies_note,movie_companies.note,benchmarks/job/../../data/job/movie_companies__note.csv,job-csv,utf8,PairHorspool,static,trigram,trigram,contains_2006,%(2006)%,1,2609129,31450317,31450317,2609129,2609129,0,0,0,707630079,1060889407,2903,1335420,2440300,3775720,57925,57925,57173,1.4471189427582922,42.12861458782909,0.12005347990610078,
job_movie_companies_note,movie_companies.note,benchmarks/job/../../data/job/movie_companies__note.csv,job-csv,utf8,PairHorspool,static,trigram,trigram,contains_2006,%(2006)%,2,2609129,31450317,31450317,2609129,2609129,0,0,0,707630079,1060889407,2903,1307154,2430391,3737545,57925,57925,57173,1.4324876232643153,41.957548554164866,0.11883966066224388,
job_movie_companies_note,movie_companies.note,benchmarks/job/../../data/job/movie_companies__note.csv,job-csv,utf8,PairHorspool,static,trigram,trigram,contains_2006,%(2006)%,3,2609129,31450317,31450317,2609129,2609129,0,0,0,707630079,1060889407,2903,1307495,2281016,3588511,57925,57925,57173,1.3753674118834294,39.378782908933964,0.11410094848964479,
job_movie_companies_note,movie_companies.note,benchmarks/job/../../data/job/movie_companies__note.csv,job-csv,utf8,PairHorspool,static,trigram,trigram,contains_2006,%(2006)%,4,2609129,31450317,31450317,2609129,2609129,0,0,0,707630079,1060889407,2903,1304602,2197971,3502573,57925,57925,57173,1.3424299833392677,37.94511868795857,0.11136844820991788,
job_movie_companies_note,movie_companies.note,benchmarks/job/../../data/job/movie_companies__note.csv,job-csv,utf8,PairHorspool,static,fm,fm,contains_2007,%(2007)%,0,2609129,31450317,31450317,2609129,2609129,0,0,0,707630079,69127940303,2632,1131094,2138967,3270061,62155,62155,62155,1.2533151867922208,34.41343415654412,0.10397545436505456,
job_movie_companies_note,movie_companies.note,benchmarks/job/../../data/job/movie_companies__note.csv,job-csv,utf8,PairHorspool,static,fm,fm,contains_2007,%(2007)%,1,2609129,31450317,31450317,2609129,2609129,0,0,0,707630079,69127940303,2632,957758,1905796,2863554,62155,62155,62155,1.097513384734906,30.661990185825758,0.09105008385130109,
job_movie_companies_note,movie_companies.note,benchmarks/job/../../data/job/movie_companies__note.csv,job-csv,utf8,PairHorspool,static,fm,fm,contains_2007,%(2007)%,2,2609129,31450317,31450317,2609129,2609129,0,0,0,707630079,69127940303,2632,951652,1401950,2353602,62155,62155,62155,0.9020642520933231,22.555707505429975,0.07483555730137792,
job_movie_companies_note,movie_companies.note,benchmarks/job/../../data/job/movie_companies__note.csv,job-csv,utf8,PairHorspool,static,fm,fm,contains_2007,%(2007)%,3,2609129,31450317,31450317,2609129,2609129,0,0,0,707630079,69127940303,2632,880307,998425,1878732,62155,62155,62155,0.7200609858692307,16.063470356367148,0.05973650440470918,
job_movie_companies_note,movie_companies.note,benchmarks/job/../../data/job/movie_companies__note.csv,job-csv,utf8,PairHorspool,static,fm,fm,contains_2007,%(2007)%,4,2609129,31450317,31450317,2609129,2609129,0,0,0,707630079,69127940303,2632,819162,1081870,1901032,62155,62155,62155,0.728607899417775,17.406001126216715,0.060445559260976604,
job_movie_companies_note,movie_companies.note,benchmarks/job/../../data/job/movie_companies__note.csv,job-csv,utf8,PairHorspool,static,full-scan,full-scan,contains_2007,%(2007)%,0,2609129,31450317,31450317,2609129,2609129,0,0,0,707630079,0,2632,460,16976226,16976686,2609129,1324859,62155,6.506648770528402,6.506472466482109,0.5397937960370955,
job_movie_companies_note,movie_companies.note,benchmarks/job/../../data/job/movie_companies__note.csv,job-csv,utf8,PairHorspool,static,full-scan,full-scan,contains_2007,%(2007)%,1,2609129,31450317,31450317,2609129,2609129,0,0,0,707630079,0,2632,110,17075946,17076056,2609129,1324859,62155,6.544734277224315,6.5446921175610715,0.5429533826320415,
job_movie_companies_note,movie_companies.note,benchmarks/job/../../data/job/movie_companies__note.csv,job-csv,utf8,PairHorspool,static,full-scan,full-scan,contains_2007,%(2007)%,2,2609129,31450317,31450317,2609129,2609129,0,0,0,707630079,0,2632,100,17130204,17130304,2609129,1324859,62155,6.565525890057564,6.5654875630909775,0.5446782619075032,
job_movie_companies_note,movie_companies.note,benchmarks/job/../../data/job/movie_companies__note.csv,job-csv,utf8,PairHorspool,static,full-scan,full-scan,contains_2007,%(2007)%,3,2609129,31450317,31450317,2609129,2609129,0,0,0,707630079,0,2632,100,17136209,17136309,2609129,1324859,62155,6.567827424401017,6.5677890974344315,0.5448691979797851,
job_movie_companies_note,movie_companies.note,benchmarks/job/../../data/job/movie_companies__note.csv,job-csv,utf8,PairHorspool,static,full-scan,full-scan,contains_2007,%(2007)%,4,2609129,31450317,31450317,2609129,2609129,0,0,0,707630079,0,2632,100,17206284,17206384,2609129,1324859,62155,6.594685046235736,6.594646719269151,0.5470973154261053,
job_movie_companies_note,movie_companies.note,benchmarks/job/../../data/job/movie_companies__note.csv,job-csv,utf8,PairHorspool,static,prefix-btree,full-scan,contains_2007,%(2007)%,0,2609129,31450317,31450317,2609129,2609129,0,0,0,707630079,243783678,2632,1151,16958228,16959379,2609129,1324859,62155,6.500015522421467,6.499574379036069,0.5392434995170319,no-indexable-prefix
job_movie_companies_note,movie_companies.note,benchmarks/job/../../data/job/movie_companies__note.csv,job-csv,utf8,PairHorspool,static,prefix-btree,full-scan,contains_2007,%(2007)%,1,2609129,31450317,31450317,2609129,2609129,0,0,0,707630079,243783678,2632,340,16961913,16962253,2609129,1324859,62155,6.501117039441131,6.500986727754741,0.5393348817437993,no-indexable-prefix
job_movie_companies_note,movie_companies.note,benchmarks/job/../../data/job/movie_companies__note.csv,job-csv,utf8,PairHorspool,static,prefix-btree,full-scan,contains_2007,%(2007)%,2,2609129,31450317,31450317,2609129,2609129,0,0,0,707630079,243783678,2632,280,16952004,16952284,2609129,1324859,62155,6.497296224142233,6.497188908635794,0.539017905606484,no-indexable-prefix
job_movie_companies_note,movie_companies.note,benchmarks/job/../../data/job/movie_companies__note.csv,job-csv,utf8,PairHorspool,static,prefix-btree,full-scan,contains_2007,%(2007)%,3,2609129,31450317,31450317,2609129,2609129,0,0,0,707630079,243783678,2632,341,17068938,17069279,2609129,1324859,62155,6.542136858698822,6.542006163742767,0.5427378999073363,no-indexable-prefix
job_movie_companies_note,movie_companies.note,benchmarks/job/../../data/job/movie_companies__note.csv,job-csv,utf8,PairHorspool,static,prefix-btree,full-scan,contains_2007,%(2007)%,4,2609129,31450317,31450317,2609129,2609129,0,0,0,707630079,243783678,2632,280,17071993,17072273,2609129,1324859,62155,6.543284368078389,6.54317705257195,0.5428330976759312,no-indexable-prefix
job_movie_companies_note,movie_companies.note,benchmarks/job/../../data/job/movie_companies__note.csv,job-csv,utf8,PairHorspool,static,qgram,full-scan,contains_2007,%(2007)%,0,2609129,31450317,31450317,2609129,2609129,0,0,0,707630079,930075132,2632,590,17156248,17156838,2609129,1324859,62155,6.5756955673713335,6.575469438268479,0.5455219417979157,literal-shorter-than-qgram
job_movie_companies_note,movie_companies.note,benchmarks/job/../../data/job/movie_companies__note.csv,job-csv,utf8,PairHorspool,static,qgram,full-scan,contains_2007,%(2007)%,1,2609129,31450317,31450317,2609129,2609129,0,0,0,707630079,930075132,2632,100,17771625,17771725,2609129,1324859,62155,6.811363102399307,6.811324775432721,0.5650730006950327,literal-shorter-than-qgram
job_movie_companies_note,movie_companies.note,benchmarks/job/../../data/job/movie_companies__note.csv,job-csv,utf8,PairHorspool,static,qgram,full-scan,contains_2007,%(2007)%,2,2609129,31450317,31450317,2609129,2609129,0,0,0,707630079,930075132,2632,110,17708809,17708919,2609129,1324859,62155,6.787291467765679,6.787249308102436,0.5630760096949102,literal-shorter-than-qgram
job_movie_companies_note,movie_companies.note,benchmarks/job/../../data/job/movie_companies__note.csv,job-csv,utf8,PairHorspool,static,qgram,full-scan,contains_2007,%(2007)%,3,2609129,31450317,31450317,2609129,2609129,0,0,0,707630079,930075132,2632,430,17751788,17752218,2609129,1324859,62155,6.803886661027493,6.803721855071175,0.5644527525747992,literal-shorter-than-qgram
job_movie_companies_note,movie_companies.note,benchmarks/job/../../data/job/movie_companies__note.csv,job-csv,utf8,PairHorspool,static,qgram,full-scan,contains_2007,%(2007)%,4,2609129,31450317,31450317,2609129,2609129,0,0,0,707630079,930075132,2632,110,18008689,18008799,2609129,1324859,62155,6.9022263751619795,6.902184215498735,0.5726110487217029,literal-shorter-than-qgram
job_movie_companies_note,movie_companies.note,benchmarks/job/../../data/job/movie_companies__note.csv,job-csv,utf8,PairHorspool,static,trigram,trigram,contains_2007,%(2007)%,0,2609129,31450317,31450317,2609129,2609129,0,0,0,707630079,1060889407,2632,1401349,2685793,4087142,63218,63218,62155,1.5664775486378788,42.484624632225,0.12995551046433013,
job_movie_companies_note,movie_companies.note,benchmarks/job/../../data/job/movie_companies__note.csv,job-csv,utf8,PairHorspool,static,trigram,trigram,contains_2007,%(2007)%,1,2609129,31450317,31450317,2609129,2609129,0,0,0,707630079,1060889407,2632,1353646,3384105,4737751,63218,63218,62155,1.8158362426694885,53.530719098990794,0.15064239257111461,
job_movie_companies_note,movie_companies.note,benchmarks/job/../../data/job/movie_companies__note.csv,job-csv,utf8,PairHorspool,static,trigram,trigram,contains_2007,%(2007)%,2,2609129,31450317,31450317,2609129,2609129,0,0,0,707630079,1060889407,2632,1450904,2722796,4173700,63218,63218,62155,1.59965260437487,43.06994843240849,0.1327077243768322,
job_movie_companies_note,movie_companies.note,benchmarks/job/../../data/job/movie_companies__note.csv,job-csv,utf8,PairHorspool,static,trigram,trigram,contains_2007,%(2007)%,3,2609129,31450317,31450317,2609129,2609129,0,0,0,707630079,1060889407,2632,1349372,1955110,3304482,63218,63218,62155,1.2665077119605814,30.926476636401024,0.10506991074207614,
job_movie_companies_note,movie_companies.note,benchmarks/job/../../data/job/movie_companies__note.csv,job-csv,utf8,PairHorspool,static,trigram,trigram,contains_2007,%(2007)%,4,2609129,31450317,31450317,2609129,2609129,0,0,0,707630079,1060889407,2632,1325501,1890912,3216413,63218,63218,62155,1.232753535758485,29.91097472238919,0.10226965279873014,
job_movie_companies_note,movie_companies.note,benchmarks/job/../../data/job/movie_companies__note.csv,job-csv,utf8,PairHorspool,static,fm,fm,contains_blu_ray,%(Blu-ray)%,0,2609129,31450317,31450317,2609129,2609129,0,0,0,707630079,69127940303,2472,87669,184778,272447,7963,7963,7963,0.1044206706529267,23.204571141529573,0.008662774368856123,
job_movie_companies_note,movie_companies.note,benchmarks/job/../../data/job/movie_companies__note.csv,job-csv,utf8,PairHorspool,static,fm,fm,contains_blu_ray,%(Blu-ray)%,1,2609129,31450317,31450317,2609129,2609129,0,0,0,707630079,69127940303,2472,77140,168923,246063,7963,7963,7963,0.09430848378903457,21.21348737912847,0.007823863905727882,
job_movie_companies_note,movie_companies.note,benchmarks/job/../../data/job/movie_companies__note.csv,job-csv,utf8,PairHorspool,static,fm,fm,contains_blu_ray,%(Blu-ray)%,2,2609129,31450317,31450317,2609129,2609129,0,0,0,707630079,69127940303,2472,74487,167352,241839,7963,7963,7963,0.09268955272046725,21.016199924651513,0.007689556833401711,
job_movie_companies_note,movie_companies.note,benchmarks/job/../../data/job/movie_companies__note.csv,job-csv,utf8,PairHorspool,static,fm,fm,contains_blu_ray,%(Blu-ray)%,3,2609129,31450317,31450317,2609129,2609129,0,0,0,707630079,69127940303,2472,73527,166311,239838,7963,7963,7963,0.09192263011909338,20.885470300138138,0.007625932673429015,
job_movie_companies_note,movie_companies.note,benchmarks/job/../../data/job/movie_companies__note.csv,job-csv,utf8,PairHorspool,static,fm,fm,contains_blu_ray,%(Blu-ray)%,4,2609129,31450317,31450317,2609129,2609129,0,0,0,707630079,69127940303,2472,73007,213913,286920,7963,7963,7963,0.10996773252683176,26.86336807735778,0.00912296050942825,
job_movie_companies_note,movie_companies.note,benchmarks/job/../../data/job/movie_companies__note.csv,job-csv,utf8,PairHorspool,static,full-scan,full-scan,contains_blu_ray,%(Blu-ray)%,0,2609129,31450317,31450317,2609129,2609129,0,0,0,707630079,0,2472,530,16786983,16787513,2609129,1308949,7963,6.434144498029802,6.433941365106899,0.533778816919397,
job_movie_companies_note,movie_companies.note,benchmarks/job/../../data/job/movie_companies__note.csv,job-csv,utf8,PairHorspool,static,full-scan,full-scan,contains_blu_ray,%(Blu-ray)%,1,2609129,31450317,31450317,2609129,2609129,0,0,0,707630079,0,2472,100,16842864,16842964,2609129,1308949,7963,6.455397184271073,6.455358857304487,0.5355419470016789,
job_movie_companies_note,movie_companies.note,benchmarks/job/../../data/job/movie_companies__note.csv,job-csv,utf8,PairHorspool,static,full-scan,full-scan,contains_blu_ray,%(Blu-ray)%,2,2609129,31450317,31450317,2609129,2609129,0,0,0,707630079,0,2472,100,16915870,16915970,2609129,1308949,7963,6.483378169496411,6.483339842529825,0.5378632590571345,
job_movie_companies_note,movie_companies.note,benchmarks/job/../../data/job/movie_companies__note.csv,job-csv,utf8,PairHorspool,static,full-scan,full-scan,contains_blu_ray,%(Blu-ray)%,3,2609129,31450317,31450317,2609129,2609129,0,0,0,707630079,0,2472,100,16970390,16970490,2609129,1308949,7963,6.504274031678771,6.504235704712186,0.5395967868940716,
job_movie_companies_note,movie_companies.note,benchmarks/job/../../data/job/movie_companies__note.csv,job-csv,utf8,PairHorspool,static,full-scan,full-scan,contains_blu_ray,%(Blu-ray)%,4,2609129,31450317,31450317,2609129,2609129,0,0,0,707630079,0,2472,111,16945377,16945488,2609129,1308949,7963,6.494691523493089,6.4946489805601795,0.5388018187543229,
job_movie_companies_note,movie_companies.note,benchmarks/job/../../data/job/movie_companies__note.csv,job-csv,utf8,PairHorspool,static,prefix-btree,full-scan,contains_blu_ray,%(Blu-ray)%,0,2609129,31450317,31450317,2609129,2609129,0,0,0,707630079,243783678,2472,1090,17101209,17102299,2609129,1308949,7963,6.554792423065321,6.554374659129541,0.5437878098335225,no-indexable-prefix
job_movie_companies_note,movie_companies.note,benchmarks/job/../../data/job/movie_companies__note.csv,job-csv,utf8,PairHorspool,static,prefix-btree,full-scan,contains_blu_ray,%(Blu-ray)%,1,2609129,31450317,31450317,2609129,2609129,0,0,0,707630079,243783678,2472,550,17004721,17005271,2609129,1308949,7963,6.517604533926839,6.51739373561062,0.5407026898965756,no-indexable-prefix
job_movie_companies_note,movie_companies.note,benchmarks/job/../../data/job/movie_companies__note.csv,job-csv,utf8,PairHorspool,static,prefix-btree,full-scan,contains_blu_ray,%(Blu-ray)%,2,2609129,31450317,31450317,2609129,2609129,0,0,0,707630079,243783678,2472,270,17158444,17158714,2609129,1308949,7963,6.576414581264475,6.576311098454695,0.5455815914351515,no-indexable-prefix
job_movie_companies_note,movie_companies.note,benchmarks/job/../../data/job/movie_companies__note.csv,job-csv,utf8,PairHorspool,static,prefix-btree,full-scan,contains_blu_ray,%(Blu-ray)%,3,2609129,31450317,31450317,2609129,2609129,0,0,0,707630079,243783678,2472,340,17253883,17254223,2609129,1308949,7963,6.613020283780526,6.612889972094136,0.5486184129717993,no-indexable-prefix
job_movie_companies_note,movie_companies.note,benchmarks/job/../../data/job/movie_companies__note.csv,job-csv,utf8,PairHorspool,static,prefix-btree,full-scan,contains_blu_ray,%(Blu-ray)%,4,2609129,31450317,31450317,2609129,2609129,0,0,0,707630079,243783678,2472,499,17258244,17258743,2609129,1308949,7963,6.6147526626701865,6.614561411106925,0.5487621317139665,no-indexable-prefix
job_movie_companies_note,movie_companies.note,benchmarks/job/../../data/job/movie_companies__note.csv,job-csv,utf8,PairHorspool,static,qgram,full-scan,contains_blu_ray,%(Blu-ray)%,0,2609129,31450317,31450317,2609129,2609129,0,0,0,707630079,930075132,2472,679,16839563,16840242,2609129,1308949,7963,6.4543539242406185,6.454093684137503,0.5354553977945596,literal-shorter-than-qgram
job_movie_companies_note,movie_companies.note,benchmarks/job/../../data/job/movie_companies__note.csv,job-csv,utf8,PairHorspool,static,qgram,full-scan,contains_blu_ray,%(Blu-ray)%,1,2609129,31450317,31450317,2609129,2609129,0,0,0,707630079,930075132,2472,100,16796710,16796810,2609129,1308949,7963,6.437707756113247,6.437669429146662,0.5340744260224786,literal-shorter-than-qgram
job_movie_companies_note,movie_companies.note,benchmarks/job/../../data/job/movie_companies__note.csv,job-csv,utf8,PairHorspool,static,qgram,full-scan,contains_blu_ray,%(Blu-ray)%,2,2609129,31450317,31450317,2609129,2609129,0,0,0,707630079,930075132,2472,99,17028560,17028659,2609129,1308949,7963,6.526568444871833,6.526530501174913,0.5414463389987453,literal-shorter-than-qgram
job_movie_companies_note,movie_companies.note,benchmarks/job/../../data/job/movie_companies__note.csv,job-csv,utf8,PairHorspool,static,qgram,full-scan,contains_blu_ray,%(Blu-ray)%,3,2609129,31450317,31450317,2609129,2609129,0,0,0,707630079,930075132,2472,110,16879494,16879604,2609129,1308949,7963,6.469440184827963,6.46939802516472,0.5367069591063264,literal-shorter-than-qgram
job_movie_companies_note,movie_companies.note,benchmarks/job/../../data/job/movie_companies__note.csv,job-csv,utf8,PairHorspool,static,qgram,full-scan,contains_blu_ray,%(Blu-ray)%,4,2609129,31450317,31450317,2609129,2609129,0,0,0,707630079,930075132,2472,110,16733760,16733870,2609129,1308949,7963,6.413584763344396,6.413542603681152,0.532073174333982,literal-shorter-than-qgram
job_movie_companies_note,movie_companies.note,benchmarks/job/../../data/job/movie_companies__note.csv,job-csv,utf8,PairHorspool,static,trigram,trigram,contains_blu_ray,%(Blu-ray)%,0,2609129,31450317,31450317,2609129,2609129,0,0,0,707630079,1060889407,2472,73590,185942,259532,7963,7963,7963,0.0994707429184222,23.35074720582695,0.008252126679677028,
job_movie_companies_note,movie_companies.note,benchmarks/job/../../data/job/movie_companies__note.csv,job-csv,utf8,PairHorspool,static,trigram,trigram,contains_blu_ray,%(Blu-ray)%,1,2609129,31450317,31450317,2609129,2609129,0,0,0,707630079,1060889407,2472,72892,193509,266401,7963,7963,7963,0.10210342225317337,24.301017204571142,0.008470534653116533,
job_movie_companies_note,movie_companies.note,benchmarks/job/../../data/job/movie_companies__note.csv,job-csv,utf8,PairHorspool,static,trigram,trigram,contains_blu_ray,%(Blu-ray)%,2,2609129,31450317,31450317,2609129,2609129,0,0,0,707630079,1060889407,2472,71474,169650,241124,7963,7963,7963,0.09241551490938163,21.304784628908703,0.0076668225633465,
job_movie_companies_note,movie_companies.note,benchmarks/job/../../data/job/movie_companies__note.csv,job-csv,utf8,PairHorspool,static,trigram,trigram,contains_blu_ray,%(Blu-ray)%,3,2609129,31450317,31450317,2609129,2609129,0,0,0,707630079,1060889407,2472,69498,166776,236274,7963,7963,7963,0.0905566570299897,20.943865377370336,0.007512611081153808,
job_movie_companies_note,movie_companies.note,benchmarks/job/../../data/job/movie_companies__note.csv,job-csv,utf8,PairHorspool,static,trigram,trigram,contains_blu_ray,%(Blu-ray)%,4,2609129,31450317,31450317,2609129,2609129,0,0,0,707630079,1060889407,2472,69448,173564,243012,7963,7963,7963,0.093139128038514,21.79630792414919,0.007726853754765016,
job_movie_companies_note,movie_companies.note,benchmarks/job/../../data/job/movie_companies__note.csv,job-csv,utf8,PairHorspool,static,fm,fm,contains_france,%(France)%,0,2609129,31450317,31450317,2609129,2609129,0,0,0,707630079,69127940303,2456,612899,1127971,1740870,39148,39148,39148,0.6672226631952656,28.812991723715133,0.05535301917624551,
job_movie_companies_note,movie_companies.note,benchmarks/job/../../data/job/movie_companies__note.csv,job-csv,utf8,PairHorspool,static,fm,fm,contains_france,%(France)%,1,2609129,31450317,31450317,2609129,2609129,0,0,0,707630079,69127940303,2456,532610,981829,1514439,39148,39148,39148,0.5804385294862768,25.07992745478696,0.04815337791348812,
job_movie_companies_note,movie_companies.note,benchmarks/job/../../data/job/movie_companies__note.csv,job-csv,utf8,PairHorspool,static,fm,fm,contains_france,%(France)%,2,2609129,31450317,31450317,2609129,2609129,0,0,0,707630079,69127940303,2456,585678,1325961,1911639,39148,39148,39148,0.7326732407634885,33.87046592418514,0.060782821362341116,
job_movie_companies_note,movie_companies.note,benchmarks/job/../../data/job/movie_companies__note.csv,job-csv,utf8,PairHorspool,static,fm,fm,contains_france,%(France)%,3,2609129,31450317,31450317,2609129,2609129,0,0,0,707630079,69127940303,2456,612271,888224,1500495,39148,39148,39148,0.5750942172656086,22.688872994789005,0.04771001195313866,
job_movie_companies_note,movie_companies.note,benchmarks/job/../../data/job/movie_companies__note.csv,job-csv,utf8,PairHorspool,static,fm,fm,contains_france,%(France)%,4,2609129,31450317,31450317,2609129,2609129,0,0,0,707630079,69127940303,2456,542683,799809,1342492,39148,39148,39148,0.5145364602516779,20.430392357208543,0.04268611982511973,
job_movie_companies_note,movie_companies.note,benchmarks/job/../../data/job/movie_companies__note.csv,job-csv,utf8,PairHorspool,static,full-scan,full-scan,contains_france,%(France)%,0,2609129,31450317,31450317,2609129,2609129,0,0,0,707630079,0,2456,409,15124369,15124778,2609129,1314470,39148,5.796868610176039,5.796711852882705,0.4809101924155486,
job_movie_companies_note,movie_companies.note,benchmarks/job/../../data/job/movie_companies__note.csv,job-csv,utf8,PairHorspool,static,full-scan,full-scan,contains_france,%(France)%,1,2609129,31450317,31450317,2609129,2609129,0,0,0,707630079,0,2456,100,15046835,15046935,2609129,1314470,39148,5.767033749576966,5.766995422610381,0.478435082228265,
job_movie_companies_note,movie_companies.note,benchmarks/job/../../data/job/movie_companies__note.csv,job-csv,utf8,PairHorspool,static,full-scan,full-scan,contains_france,%(France)%,2,2609129,31450317,31450317,2609129,2609129,0,0,0,707630079,0,2456,110,15082293,15082403,2609129,1314470,39148,5.7806275580854765,5.780585398422232,0.479562829207731,
job_movie_companies_note,movie_companies.note,benchmarks/job/../../data/job/movie_companies__note.csv,job-csv,utf8,PairHorspool,static,full-scan,full-scan,contains_france,%(France)%,3,2609129,31450317,31450317,2609129,2609129,0,0,0,707630079,0,2456,99,15225540,15225639,2609129,1314470,39148,5.835525571943741,5.835487628246821,0.4841171871177006,
job_movie_companies_note,movie_companies.note,benchmarks/job/../../data/job/movie_companies__note.csv,job-csv,utf8,PairHorspool,static,full-scan,full-scan,contains_france,%(France)%,4,2609129,31450317,31450317,2609129,2609129,0,0,0,707630079,0,2456,110,15075874,15075984,2609129,1314470,39148,5.778167350100359,5.778125190437115,0.47935872951614444,
job_movie_companies_note,movie_companies.note,benchmarks/job/../../data/job/movie_companies__note.csv,job-csv,utf8,PairHorspool,static,prefix-btree,full-scan,contains_france,%(France)%,0,2609129,31450317,31450317,2609129,2609129,0,0,0,707630079,243783678,2456,1098,15433793,15434891,2609129,1314470,39148,5.9157255160630235,5.915304685969915,0.4907706017716769,no-indexable-prefix
job_movie_companies_note,movie_companies.note,benchmarks/job/../../data/job/movie_companies__note.csv,job-csv,utf8,PairHorspool,static,prefix-btree,full-scan,contains_france,%(France)%,1,2609129,31450317,31450317,2609129,2609129,0,0,0,707630079,243783678,2456,489,15089449,15089938,2609129,1314470,39148,5.783515495017686,5.783328076151084,0.47980241343831287,no-indexable-prefix
job_movie_companies_note,movie_companies.note,benchmarks/job/../../data/job/movie_companies__note.csv,job-csv,utf8,PairHorspool,static,prefix-btree,full-scan,contains_france,%(France)%,2,2609129,31450317,31450317,2609129,2609129,0,0,0,707630079,243783678,2456,270,15128102,15128372,2609129,1314470,39148,5.798246081355119,5.798142598545338,0.4810244678932807,no-indexable-prefix
job_movie_companies_note,movie_companies.note,benchmarks/job/../../data/job/movie_companies__note.csv,job-csv,utf8,PairHorspool,static,prefix-btree,full-scan,contains_france,%(France)%,3,2609129,31450317,31450317,2609129,2609129,0,0,0,707630079,243783678,2456,329,15704255,15704584,2609129,1314470,39148,6.019090662056188,6.018964566336122,0.4993458094555931,no-indexable-prefix
job_movie_companies_note,movie_companies.note,benchmarks/job/../../data/job/movie_companies__note.csv,job-csv,utf8,PairHorspool,static,prefix-btree,full-scan,contains_france,%(France)%,4,2609129,31450317,31450317,2609129,2609129,0,0,0,707630079,243783678,2456,369,15187398,15187767,2609129,1314470,39148,5.821010383158518,5.820868956651817,0.482913002116958,no-indexable-prefix
job_movie_companies_note,movie_companies.note,benchmarks/job/../../data/job/movie_companies__note.csv,job-csv,utf8,PairHorspool,static,qgram,full-scan,contains_france,%(France)%,0,2609129,31450317,31450317,2609129,2609129,0,0,0,707630079,930075132,2456,759,15031113,15031872,2609129,1314470,39148,5.761260558600207,5.760969656923824,0.4779561363403746,literal-shorter-than-qgram
job_movie_companies_note,movie_companies.note,benchmarks/job/../../data/job/movie_companies__note.csv,job-csv,utf8,PairHorspool,static,qgram,full-scan,contains_france,%(France)%,1,2609129,31450317,31450317,2609129,2609129,0,0,0,707630079,930075132,2456,110,15033757,15033867,2609129,1314470,39148,5.762025181583586,5.761983021920342,0.4780195697232559,literal-shorter-than-qgram
job_movie_companies_note,movie_companies.note,benchmarks/job/../../data/job/movie_companies__note.csv,job-csv,utf8,PairHorspool,static,qgram,full-scan,contains_france,%(France)%,2,2609129,31450317,31450317,2609129,2609129,0,0,0,707630079,930075132,2456,110,15247731,15247841,2609129,1314470,39148,5.844034925065031,5.843992765401787,0.48482312594814225,literal-shorter-than-qgram
job_movie_companies_note,movie_companies.note,benchmarks/job/../../data/job/movie_companies__note.csv,job-csv,utf8,PairHorspool,static,qgram,full-scan,contains_france,%(France)%,3,2609129,31450317,31450317,2609129,2609129,0,0,0,707630079,930075132,2456,99,15216146,15216245,2609129,1314470,39148,5.831925136702708,5.831887193005788,0.4838184937849752,literal-shorter-than-qgram
job_movie_companies_note,movie_companies.note,benchmarks/job/../../data/job/movie_companies__note.csv,job-csv,utf8,PairHorspool,static,qgram,full-scan,contains_france,%(France)%,4,2609129,31450317,31450317,2609129,2609129,0,0,0,707630079,930075132,2456,100,15082423,15082523,2609129,1314470,39148,5.780673550445378,5.780635223478793,0.4795666447495585,literal-shorter-than-qgram
job_movie_companies_note,movie_companies.note,benchmarks/job/../../data/job/movie_companies__note.csv,job-csv,utf8,PairHorspool,static,trigram,trigram,contains_france,%(France)%,0,2609129,31450317,31450317,2609129,2609129,0,0,0,707630079,1060889407,2456,201185,675359,876544,39148,39148,39148,0.3359527259863349,17.251430468989476,0.02787075246332175,
job_movie_companies_note,movie_companies.note,benchmarks/job/../../data/job/movie_companies__note.csv,job-csv,utf8,PairHorspool,static,trigram,trigram,contains_france,%(France)%,1,2609129,31450317,31450317,2609129,2609129,0,0,0,707630079,1060889407,2456,204739,590928,795667,39148,39148,39148,0.3049550252210604,15.094717482374579,0.025299172660167464,
job_movie_companies_note,movie_companies.note,benchmarks/job/../../data/job/movie_companies__note.csv,job-csv,utf8,PairHorspool,static,trigram,trigram,contains_france,%(France)%,2,2609129,31450317,31450317,2609129,2609129,0,0,0,707630079,1060889407,2456,198011,522958,720969,39148,39148,39148,0.27632554772109774,13.358485746398284,0.022924061464944853,
job_movie_companies_note,movie_companies.note,benchmarks/job/../../data/job/movie_companies__note.csv,job-csv,utf8,PairHorspool,static,trigram,trigram,contains_france,%(France)%,3,2609129,31450317,31450317,2609129,2609129,0,0,0,707630079,1060889407,2456,208952,507495,716447,39148,39148,39148,0.2745924022921059,12.963497496679269,0.022780279130413854,
job_movie_companies_note,movie_companies.note,benchmarks/job/../../data/job/movie_companies__note.csv,job-csv,utf8,PairHorspool,static,trigram,trigram,contains_france,%(France)%,4,2609129,31450317,31450317,2609129,2609129,0,0,0,707630079,1060889407,2456,197911,533340,731251,39148,39148,39148,0.2802663264254086,13.623684479411464,0.023250989807193357,
job_movie_companies_note,movie_companies.note,benchmarks/job/../../data/job/movie_companies__note.csv,job-csv,utf8,PairHorspool,static,fm,fm,contains_japan,%(Japan)%,0,2609129,31450317,31450317,2609129,2609129,0,0,0,707630079,69127940303,2365,845409,1444522,2289931,48897,48897,48897,0.8776610891987326,29.542139599566436,0.07281106260391589,
job_movie_companies_note,movie_companies.note,benchmarks/job/../../data/job/movie_companies__note.csv,job-csv,utf8,PairHorspool,static,fm,fm,contains_japan,%(Japan)%,1,2609129,31450317,31450317,2609129,2609129,0,0,0,707630079,69127940303,2365,746045,1040894,1786939,48897,48897,48897,0.6848795134314938,21.287481849602226,0.0568178374799847,
job_movie_companies_note,movie_companies.note,benchmarks/job/../../data/job/movie_companies__note.csv,job-csv,utf8,PairHorspool,static,fm,fm,contains_japan,%(Japan)%,2,2609129,31450317,31450317,2609129,2609129,0,0,0,707630079,69127940303,2365,672993,750077,1423070,48897,48897,48897,0.545419563386862,15.33993905556578,0.04524819256988729,
job_movie_companies_note,movie_companies.note,benchmarks/job/../../data/job/movie_companies__note.csv,job-csv,utf8,PairHorspool,static,fm,fm,contains_japan,%(Japan)%,3,2609129,31450317,31450317,2609129,2609129,0,0,0,707630079,69127940303,2365,594781,690512,1285293,48897,48897,48897,0.4926138186344945,14.121766161523201,0.04086741001688473,
job_movie_companies_note,movie_companies.note,benchmarks/job/../../data/job/movie_companies__note.csv,job-csv,utf8,PairHorspool,static,fm,fm,contains_japan,%(Japan)%,4,2609129,31450317,31450317,2609129,2609129,0,0,0,707630079,69127940303,2365,615794,687238,1303032,48897,48897,48897,0.49941263923707874,14.054809088492137,0.04143144248752723,
job_movie_companies_note,movie_companies.note,benchmarks/job/../../data/job/movie_companies__note.csv,job-csv,utf8,PairHorspool,static,full-scan,full-scan,contains_japan,%(Japan)%,0,2609129,31450317,31450317,2609129,2609129,0,0,0,707630079,0,2365,728,15877461,15878189,2609129,1323905,48897,6.085628192396773,6.085349172080031,0.504865785613544,
job_movie_companies_note,movie_companies.note,benchmarks/job/../../data/job/movie_companies__note.csv,job-csv,utf8,PairHorspool,static,full-scan,full-scan,contains_japan,%(Japan)%,1,2609129,31450317,31450317,2609129,2609129,0,0,0,707630079,0,2365,100,15908674,15908774,2609129,1323905,48897,6.097350495126918,6.097312168160332,0.5058382718368148,
job_movie_companies_note,movie_companies.note,benchmarks/job/../../data/job/movie_companies__note.csv,job-csv,utf8,PairHorspool,static,full-scan,full-scan,contains_japan,%(Japan)%,2,2609129,31450317,31450317,2609129,2609129,0,0,0,707630079,0,2365,100,16207328,16207428,2609129,1323905,48897,6.211815513912881,6.211777186946295,0.5153343287446037,
job_movie_companies_note,movie_companies.note,benchmarks/job/../../data/job/movie_companies__note.csv,job-csv,utf8,PairHorspool,static,full-scan,full-scan,contains_japan,%(Japan)%,3,2609129,31450317,31450317,2609129,2609129,0,0,0,707630079,0,2365,110,15802642,15802752,2609129,1323905,48897,6.056715478613745,6.056673318950501,0.5024671770399007,
job_movie_companies_note,movie_companies.note,benchmarks/job/../../data/job/movie_companies__note.csv,job-csv,utf8,PairHorspool,static,full-scan,full-scan,contains_japan,%(Japan)%,4,2609129,31450317,31450317,2609129,2609129,0,0,0,707630079,0,2365,100,15575013,15575113,2609129,1323905,48897,5.969468355148404,5.969430028181819,0.4952291259894137,
job_movie_companies_note,movie_companies.note,benchmarks/job/../../data/job/movie_companies__note.csv,job-csv,utf8,PairHorspool,static,prefix-btree,full-scan,contains_japan,%(Japan)%,0,2609129,31450317,31450317,2609129,2609129,0,0,0,707630079,243783678,2365,1288,15556216,15557504,2609129,1323905,48897,5.962719359602381,5.9622257082727605,0.4946692270224176,no-indexable-prefix
job_movie_companies_note,movie_companies.note,benchmarks/job/../../data/job/movie_companies__note.csv,job-csv,utf8,PairHorspool,static,prefix-btree,full-scan,contains_japan,%(Japan)%,1,2609129,31450317,31450317,2609129,2609129,0,0,0,707630079,243783678,2365,319,15645580,15645899,2609129,1323905,48897,5.996598481715545,5.9964762186921385,0.49747985052106153,no-indexable-prefix
job_movie_companies_note,movie_companies.note,benchmarks/job/../../data/job/movie_companies__note.csv,job-csv,utf8,PairHorspool,static,prefix-btree,full-scan,contains_japan,%(Japan)%,2,2609129,31450317,31450317,2609129,2609129,0,0,0,707630079,243783678,2365,269,15682603,15682872,2609129,1323905,48897,6.010769111071166,6.010666011531051,0.49865545075428014,no-indexable-prefix
job_movie_companies_note,movie_companies.note,benchmarks/job/../../data/job/movie_companies__note.csv,job-csv,utf8,PairHorspool,static,prefix-btree,full-scan,contains_japan,%(Japan)%,3,2609129,31450317,31450317,2609129,2609129,0,0,0,707630079,243783678,2365,209,15707002,15707211,2609129,1323905,48897,6.020097511468387,6.020017408108223,0.4994293380254323,no-indexable-prefix
job_movie_companies_note,movie_companies.note,benchmarks/job/../../data/job/movie_companies__note.csv,job-csv,utf8,PairHorspool,static,prefix-btree,full-scan,contains_japan,%(Japan)%,4,2609129,31450317,31450317,2609129,2609129,0,0,0,707630079,243783678,2365,179,15579826,15580005,2609129,1323905,48897,5.971343310353761,5.971274705083574,0.495384672911246,no-indexable-prefix
job_movie_companies_note,movie_companies.note,benchmarks/job/../../data/job/movie_companies__note.csv,job-csv,utf8,PairHorspool,static,qgram,full-scan,contains_japan,%(Japan)%,0,2609129,31450317,31450317,2609129,2609129,0,0,0,707630079,930075132,2365,390,16110191,16110581,2609129,1323905,48897,6.174696996583918,6.174547521414234,0.5122549639165799,literal-shorter-than-qgram
job_movie_companies_note,movie_companies.note,benchmarks/job/../../data/job/movie_companies__note.csv,job-csv,utf8,PairHorspool,static,qgram,full-scan,contains_japan,%(Japan)%,1,2609129,31450317,31450317,2609129,2609129,0,0,0,707630079,930075132,2365,100,15740851,15740951,2609129,1323905,48897,6.0330290299943,6.032990703027715,0.5005021412025831,literal-shorter-than-qgram
job_movie_companies_note,movie_companies.note,benchmarks/job/../../data/job/movie_companies__note.csv,job-csv,utf8,PairHorspool,static,qgram,full-scan,contains_japan,%(Japan)%,2,2609129,31450317,31450317,2609129,2609129,0,0,0,707630079,930075132,2365,100,15765857,15765957,2609129,1323905,48897,6.042613071258646,6.042574744292061,0.5012972365270595,literal-shorter-than-qgram
job_movie_companies_note,movie_companies.note,benchmarks/job/../../data/job/movie_companies__note.csv,job-csv,utf8,PairHorspool,static,qgram,full-scan,contains_japan,%(Japan)%,3,2609129,31450317,31450317,2609129,2609129,0,0,0,707630079,930075132,2365,100,15768412,15768512,2609129,1323905,48897,6.043592325254903,6.043553998288318,0.5013784757718023,literal-shorter-than-qgram
job_movie_companies_note,movie_companies.note,benchmarks/job/../../data/job/movie_companies__note.csv,job-csv,utf8,PairHorspool,static,qgram,full-scan,contains_japan,%(Japan)%,4,2609129,31450317,31450317,2609129,2609129,0,0,0,707630079,930075132,2365,100,16017183,16017283,2609129,1323905,48897,6.13893870329907,6.138900376332485,0.5092884437381029,literal-shorter-than-qgram
job_movie_companies_note,movie_companies.note,benchmarks/job/../../data/job/movie_companies__note.csv,job-csv,utf8,PairHorspool,static,trigram,trigram,contains_japan,%(Japan)%,0,2609129,31450317,31450317,2609129,2609129,0,0,0,707630079,1060889407,2365,184684,1338669,1523353,48897,48897,48897,0.5838549952876995,27.377323762194,0.04843680907890372,
job_movie_companies_note,movie_companies.note,benchmarks/job/../../data/job/movie_companies__note.csv,job-csv,utf8,PairHorspool,static,trigram,trigram,contains_japan,%(Japan)%,1,2609129,31450317,31450317,2609129,2609129,0,0,0,707630079,1060889407,2365,194517,1044618,1239135,48897,48897,48897,0.4749228573980052,21.36364194122339,0.03939976185295684,
job_movie_companies_note,movie_companies.note,benchmarks/job/../../data/job/movie_companies__note.csv,job-csv,utf8,PairHorspool,static,trigram,trigram,contains_japan,%(Japan)%,2,2609129,31450317,31450317,2609129,2609129,0,0,0,707630079,1060889407,2365,195466,884120,1079586,48897,48897,48897,0.4137725654806642,18.08127287972677,0.03432671282772762,
job_movie_companies_note,movie_companies.note,benchmarks/job/../../data/job/movie_companies__note.csv,job-csv,utf8,PairHorspool,static,trigram,trigram,contains_japan,%(Japan)%,3,2609129,31450317,31450317,2609129,2609129,0,0,0,707630079,1060889407,2365,184335,740564,924899,48897,48897,48897,0.3544857306787054,15.145387242571118,0.029408256838873836,
job_movie_companies_note,movie_companies.note,benchmarks/job/../../data/job/movie_companies__note.csv,job-csv,utf8,PairHorspool,static,trigram,trigram,contains_japan,%(Japan)%,4,2609129,31450317,31450317,2609129,2609129,0,0,0,707630079,1060889407,2365,178196,702511,880707,48897,48897,48897,0.33754827760528516,14.367159539440047,0.028003119968552304,
job_movie_companies_note,movie_companies.note,benchmarks/job/../../data/job/movie_companies__note.csv,job-csv,utf8,PairHorspool,static,fm,full-scan,contains_usa,%(USA)%,0,2609129,31450317,31450317,2609129,2609129,0,0,0,707630079,69127940303,2456,3045,19813798,19816843,2609129,1335804,487819,7.595194794891322,7.594027738758797,0.63009994462059,too-broad
job_movie_companies_note,movie_companies.note,benchmarks/job/../../data/job/movie_companies__note.csv,job-csv,utf8,PairHorspool,static,fm,full-scan,contains_usa,%(USA)%,1,2609129,31450317,31450317,2609129,2609129,0,0,0,707630079,69127940303,2456,2855,19760223,19763078,2609129,1335804,487819,7.574588301306681,7.573494066410668,0.6283904229009838,too-broad
job_movie_companies_note,movie_companies.note,benchmarks/job/../../data/job/movie_companies__note.csv,job-csv,utf8,PairHorspool,static,fm,full-scan,contains_usa,%(USA)%,2,2609129,31450317,31450317,2609129,2609129,0,0,0,707630079,69127940303,2456,2516,20104647,20107163,2609129,1335804,487819,7.706465644282058,7.705501337802769,0.6393310121484626,too-broad
job_movie_companies_note,movie_companies.note,benchmarks/job/../../data/job/movie_companies__note.csv,job-csv,utf8,PairHorspool,static,fm,full-scan,contains_usa,%(USA)%,3,2609129,31450317,31450317,2609129,2609129,0,0,0,707630079,69127940303,2456,3664,19744468,19748132,2609129,1335804,487819,7.568859952880827,7.567455652825138,0.6279151971663751,too-broad
job_movie_companies_note,movie_companies.note,benchmarks/job/../../data/job/movie_companies__note.csv,job-csv,utf8,PairHorspool,static,fm,full-scan,contains_usa,%(USA)%,4,2609129,31450317,31450317,2609129,2609129,0,0,0,707630079,69127940303,2456,3215,19888118,19891333,2609129,1335804,487819,7.623744552300787,7.622512340325066,0.6324684422099783,too-broad
job_movie_companies_note,movie_companies.note,benchmarks/job/../../data/job/movie_companies__note.csv,job-csv,utf8,PairHorspool,static,full-scan,full-scan,contains_usa,%(USA)%,0,2609129,31450317,31450317,2609129,2609129,0,0,0,707630079,0,2456,699,20141500,20142199,2609129,1335804,487819,7.719893880294919,7.719625974798486,0.6404450231773499,
job_movie_companies_note,movie_companies.note,benchmarks/job/../../data/job/movie_companies__note.csv,job-csv,utf8,PairHorspool,static,full-scan,full-scan,contains_usa,%(USA)%,1,2609129,31450317,31450317,2609129,2609129,0,0,0,707630079,0,2456,99,20299713,20299812,2609129,1335804,487819,7.780302162139166,7.780264218442246,0.6454565147944296,
job_movie_companies_note,movie_companies.note,benchmarks/job/../../data/job/movie_companies__note.csv,job-csv,utf8,PairHorspool,static,full-scan,full-scan,contains_usa,%(USA)%,2,2609129,31450317,31450317,2609129,2609129,0,0,0,707630079,0,2456,260,25767559,25767819,2609129,1335804,487819,9.876023377916539,9.875923727803416,0.8193182599717517,
job_movie_companies_note,movie_companies.note,benchmarks/job/../../data/job/movie_companies__note.csv,job-csv,utf8,PairHorspool,static,full-scan,full-scan,contains_usa,%(USA)%,3,2609129,31450317,31450317,2609129,2609129,0,0,0,707630079,0,2456,100,24967140,24967240,2609129,1335804,487819,9.569185732096804,9.569147405130218,0.793862904466114,
job_movie_companies_note,movie_companies.note,benchmarks/job/../../data/job/movie_companies__note.csv,job-csv,utf8,PairHorspool,static,full-scan,full-scan,contains_usa,%(USA)%,4,2609129,31450317,31450317,2609129,2609129,0,0,0,707630079,0,2456,100,19958404,19958504,2609129,1335804,487819,7.649489159025866,7.649450832059281,0.6346042235440743,
job_movie_companies_note,movie_companies.note,benchmarks/job/../../data/job/movie_companies__note.csv,job-csv,utf8,PairHorspool,static,prefix-btree,full-scan,contains_usa,%(USA)%,0,2609129,31450317,31450317,2609129,2609129,0,0,0,707630079,243783678,2456,1228,20142285,20143513,2609129,1335804,487819,7.720397496635851,7.719926841486182,0.6404868033603605,no-indexable-prefix
job_movie_companies_note,movie_companies.note,benchmarks/job/../../data/job/movie_companies__note.csv,job-csv,utf8,PairHorspool,static,prefix-btree,full-scan,contains_usa,%(USA)%,1,2609129,31450317,31450317,2609129,2609129,0,0,0,707630079,243783678,2456,339,20369468,20369807,2609129,1335804,487819,7.807129122400617,7.806999193983892,0.6476820885461981,no-indexable-prefix
job_movie_companies_note,movie_companies.note,benchmarks/job/../../data/job/movie_companies__note.csv,job-csv,utf8,PairHorspool,static,prefix-btree,full-scan,contains_usa,%(USA)%,2,2609129,31450317,31450317,2609129,2609129,0,0,0,707630079,243783678,2456,679,20028305,20028984,2609129,1335804,487819,7.676502005075257,7.676241764972142,0.6368452184440621,no-indexable-prefix
job_movie_companies_note,movie_companies.note,benchmarks/job/../../data/job/movie_companies__note.csv,job-csv,utf8,PairHorspool,static,prefix-btree,full-scan,contains_usa,%(USA)%,3,2609129,31450317,31450317,2609129,2609129,0,0,0,707630079,243783678,2456,529,22449953,22450482,2609129,1335804,487819,8.604588734401403,8.604385984748166,0.7138396093114101,no-indexable-prefix
job_movie_companies_note,movie_companies.note,benchmarks/job/../../data/job/movie_companies__note.csv,job-csv,utf8,PairHorspool,static,prefix-btree,full-scan,contains_usa,%(USA)%,4,2609129,31450317,31450317,2609129,2609129,0,0,0,707630079,243783678,2456,289,27879618,27879907,2609129,1335804,487819,10.685522639930797,10.685411874997365,0.8864745941988439,no-indexable-prefix
job_movie_companies_note,movie_companies.note,benchmarks/job/../../data/job/movie_companies__note.csv,job-csv,utf8,PairHorspool,static,qgram,full-scan,contains_usa,%(USA)%,0,2609129,31450317,31450317,2609129,2609129,0,0,0,707630079,930075132,2456,948,19585281,19586229,2609129,1335804,487819,7.506807444170066,7.506444104526836,0.6227672999289642,literal-shorter-than-qgram
job_movie_companies_note,movie_companies.note,benchmarks/job/../../data/job/movie_companies__note.csv,job-csv,utf8,PairHorspool,static,qgram,full-scan,contains_usa,%(USA)%,1,2609129,31450317,31450317,2609129,2609129,0,0,0,707630079,930075132,2456,110,19531272,19531382,2609129,1335804,487819,7.485786252806971,7.485744093143727,0.6210233747405471,literal-shorter-than-qgram
job_movie_companies_note,movie_companies.note,benchmarks/job/../../data/job/movie_companies__note.csv,job-csv,utf8,PairHorspool,static,qgram,full-scan,contains_usa,%(USA)%,2,2609129,31450317,31450317,2609129,2609129,0,0,0,707630079,930075132,2456,99,19682413,19682512,2609129,1335804,487819,7.543709797407487,7.543671853710568,0.625828731710399,literal-shorter-than-qgram
job_movie_companies_note,movie_companies.note,benchmarks/job/../../data/job/movie_companies__note.csv,job-csv,utf8,PairHorspool,static,qgram,full-scan,contains_usa,%(USA)%,3,2609129,31450317,31450317,2609129,2609129,0,0,0,707630079,930075132,2456,100,19839663,19839763,2609129,1335804,487819,7.603979335632696,7.60394100866611,0.6308287131096326,literal-shorter-than-qgram
job_movie_companies_note,movie_companies.note,benchmarks/job/../../data/job/movie_companies__note.csv,job-csv,utf8,PairHorspool,static,qgram,full-scan,contains_usa,%(USA)%,4,2609129,31450317,31450317,2609129,2609129,0,0,0,707630079,930075132,2456,100,19607492,19607592,2609129,1335804,487819,7.514995234041705,7.51495690707512,0.6234465617627956,literal-shorter-than-qgram
job_movie_companies_note,movie_companies.note,benchmarks/job/../../data/job/movie_companies__note.csv,job-csv,utf8,PairHorspool,static,trigram,trigram,contains_usa,%(USA)%,0,2609129,31450317,31450317,2609129,2609129,0,0,0,707630079,1060889407,2456,885399,5190346,6075745,487819,487819,487819,2.328648755964155,10.639901274858094,0.19318549317006883,
job_movie_companies_note,movie_companies.note,benchmarks/job/../../data/job/movie_companies__note.csv,job-csv,utf8,PairHorspool,static,trigram,trigram,contains_usa,%(USA)%,1,2609129,31450317,31450317,2609129,2609129,0,0,0,707630079,1060889407,2456,916901,5277945,6194846,487819,487819,487819,2.374296556437033,10.81947402622694,0.1969724502299929,
job_movie_companies_note,movie_companies.note,benchmarks/job/../../data/job/movie_companies__note.csv,job-csv,utf8,PairHorspool,static,trigram,trigram,contains_usa,%(USA)%,2,2609129,31450317,31450317,2609129,2609129,0,0,0,707630079,1060889407,2456,947854,5214532,6162386,487819,487819,487819,2.3618556230834122,10.68948113952101,0.19594034616566822,
job_movie_companies_note,movie_companies.note,benchmarks/job/../../data/job/movie_companies__note.csv,job-csv,utf8,PairHorspool,static,trigram,trigram,contains_usa,%(USA)%,3,2609129,31450317,31450317,2609129,2609129,0,0,0,707630079,1060889407,2456,924517,5156149,6080666,487819,487819,487819,2.330534825989823,10.569799454305798,0.1933419621811761,
job_movie_companies_note,movie_companies.note,benchmarks/job/../../data/job/movie_companies__note.csv,job-csv,utf8,PairHorspool,static,trigram,trigram,contains_usa,%(USA)%,4,2609129,31450317,31450317,2609129,2609129,0,0,0,707630079,1060889407,2456,936913,5087036,6023949,487819,487819,487819,2.308796920351581,10.428121905870825,0.19153857813261468,
job_movie_companies_note,movie_companies.note,benchmarks/job/../../data/job/movie_companies__note.csv,job-csv,utf8,PairHorspool,static,fm,fm,contains_vhs,%(VHS)%,0,2609129,31450317,31450317,2609129,2609129,0,0,0,707630079,69127940303,2735,1271637,2648919,3920556,75693,75693,75693,1.502630188081923,34.99556101621022,0.12465871170710298,
job_movie_companies_note,movie_companies.note,benchmarks/job/../../data/job/movie_companies__note.csv,job-csv,utf8,PairHorspool,static,fm,fm,contains_vhs,%(VHS)%,1,2609129,31450317,31450317,2609129,2609129,0,0,0,707630079,69127940303,2735,1262384,2779888,4042272,75693,75693,75693,1.5492802387310094,36.72582669467454,0.12852881578268352,
job_movie_companies_note,movie_companies.note,benchmarks/job/../../data/job/movie_companies__note.csv,job-csv,utf8,PairHorspool,static,fm,fm,contains_vhs,%(VHS)%,2,2609129,31450317,31450317,2609129,2609129,0,0,0,707630079,69127940303,2735,1262763,2513020,3775783,75693,75693,75693,1.447143088747241,33.20016381963986,0.1200554830655602,
job_movie_companies_note,movie_companies.note,benchmarks/job/../../data/job/movie_companies__note.csv,job-csv,utf8,PairHorspool,static,fm,fm,contains_vhs,%(VHS)%,3,2609129,31450317,31450317,2609129,2609129,0,0,0,707630079,69127940303,2735,1239616,2466715,3706331,75693,75693,75693,1.4205242439143484,32.58841636611047,0.11784717464056085,
job_movie_companies_note,movie_companies.note,benchmarks/job/../../data/job/movie_companies__note.csv,job-csv,utf8,PairHorspool,static,fm,fm,contains_vhs,%(VHS)%,4,2609129,31450317,31450317,2609129,2609129,0,0,0,707630079,69127940303,2735,1254229,2423974,3678203,75693,75693,75693,1.4097436347532069,32.02375384777985,0.11695281163620704,
job_movie_companies_note,movie_companies.note,benchmarks/job/../../data/job/movie_companies__note.csv,job-csv,utf8,PairHorspool,static,full-scan,full-scan,contains_vhs,%(VHS)%,0,2609129,31450317,31450317,2609129,2609129,0,0,0,707630079,0,2735,739,18004376,18005115,2609129,1335804,75693,6.900814409712973,6.900531173429907,0.5724939115876002,
job_movie_companies_note,movie_companies.note,benchmarks/job/../../data/job/movie_companies__note.csv,job-csv,utf8,PairHorspool,static,full-scan,full-scan,contains_vhs,%(VHS)%,1,2609129,31450317,31450317,2609129,2609129,0,0,0,707630079,0,2735,99,18041785,18041884,2609129,1335804,75693,6.91490685205676,6.91486890835984,0.5736630253997121,
job_movie_companies_note,movie_companies.note,benchmarks/job/../../data/job/movie_companies__note.csv,job-csv,utf8,PairHorspool,static,full-scan,full-scan,contains_vhs,%(VHS)%,2,2609129,31450317,31450317,2609129,2609129,0,0,0,707630079,0,2735,100,17916177,17916277,2609129,1335804,75693,6.866765499137835,6.86672717217125,0.5696692023803767,
job_movie_companies_note,movie_companies.note,benchmarks/job/../../data/job/movie_companies__note.csv,job-csv,utf8,PairHorspool,static,full-scan,full-scan,contains_vhs,%(VHS)%,3,2609129,31450317,31450317,2609129,2609129,0,0,0,707630079,0,2735,100,17890954,17891054,2609129,1335804,75693,6.857098288355999,6.857059961389414,0.568867207284429,
job_movie_companies_note,movie_companies.note,benchmarks/job/../../data/job/movie_companies__note.csv,job-csv,utf8,PairHorspool,static,full-scan,full-scan,contains_vhs,%(VHS)%,4,2609129,31450317,31450317,2609129,2609129,0,0,0,707630079,0,2735,100,17898758,17898858,2609129,1335804,75693,6.860089324828324,6.860050997861738,0.5691153446879407,
job_movie_companies_note,movie_companies.note,benchmarks/job/../../data/job/movie_companies__note.csv,job-csv,utf8,PairHorspool,static,prefix-btree,full-scan,contains_vhs,%(VHS)%,0,2609129,31450317,31450317,2609129,2609129,0,0,0,707630079,243783678,2735,1009,18068366,18069375,2609129,1335804,75693,6.925443318440752,6.925056599347905,0.5745371342361987,no-indexable-prefix
job_movie_companies_note,movie_companies.note,benchmarks/job/../../data/job/movie_companies__note.csv,job-csv,utf8,PairHorspool,static,prefix-btree,full-scan,contains_vhs,%(VHS)%,1,2609129,31450317,31450317,2609129,2609129,0,0,0,707630079,243783678,2735,369,17956694,17957063,2609129,1335804,75693,6.882397535729356,6.882256109222657,0.5709660414551624,no-indexable-prefix
job_movie_companies_note,movie_companies.note,benchmarks/job/../../data/job/movie_companies__note.csv,job-csv,utf8,PairHorspool,static,prefix-btree,full-scan,contains_vhs,%(VHS)%,2,2609129,31450317,31450317,2609129,2609129,0,0,0,707630079,243783678,2735,180,17937437,17937617,2609129,1335804,75693,6.874944473807159,6.874875485267306,0.5703477329020245,no-indexable-prefix
job_movie_companies_note,movie_companies.note,benchmarks/job/../../data/job/movie_companies__note.csv,job-csv,utf8,PairHorspool,static,prefix-btree,full-scan,contains_vhs,%(VHS)%,3,2609129,31450317,31450317,2609129,2609129,0,0,0,707630079,243783678,2735,299,17942809,17943108,2609129,1335804,75693,6.877049007542364,6.876934409912273,0.5705223257368122,no-indexable-prefix
job_movie_companies_note,movie_companies.note,benchmarks/job/../../data/job/movie_companies__note.csv,job-csv,utf8,PairHorspool,static,prefix-btree,full-scan,contains_vhs,%(VHS)%,4,2609129,31450317,31450317,2609129,2609129,0,0,0,707630079,243783678,2735,270,18129114,18129384,2609129,1335804,75693,6.948442947818985,6.948339465009204,0.5764451913155597,no-indexable-prefix
job_movie_companies_note,movie_companies.note,benchmarks/job/../../data/job/movie_companies__note.csv,job-csv,utf8,PairHorspool,static,qgram,full-scan,contains_vhs,%(VHS)%,0,2609129,31450317,31450317,2609129,2609129,0,0,0,707630079,930075132,2735,829,18369522,18370351,2609129,1335804,75693,7.040798289390827,7.040480558837834,0.5841070218783486,literal-shorter-than-qgram
job_movie_companies_note,movie_companies.note,benchmarks/job/../../data/job/movie_companies__note.csv,job-csv,utf8,PairHorspool,static,qgram,full-scan,contains_vhs,%(VHS)%,1,2609129,31450317,31450317,2609129,2609129,0,0,0,707630079,930075132,2735,130,18073497,18073627,2609129,1335804,75693,6.927072981059963,6.9270231560034015,0.5746723316016179,literal-shorter-than-qgram
job_movie_companies_note,movie_companies.note,benchmarks/job/../../data/job/movie_companies__note.csv,job-csv,utf8,PairHorspool,static,qgram,full-scan,contains_vhs,%(VHS)%,2,2609129,31450317,31450317,2609129,2609129,0,0,0,707630079,930075132,2735,100,18191810,18191910,2609129,1335804,75693,6.972407266946172,6.972368939979587,0.5784332793847515,literal-shorter-than-qgram
job_movie_companies_note,movie_companies.note,benchmarks/job/../../data/job/movie_companies__note.csv,job-csv,utf8,PairHorspool,static,qgram,full-scan,contains_vhs,%(VHS)%,3,2609129,31450317,31450317,2609129,2609129,0,0,0,707630079,930075132,2735,100,18554121,18554221,2609129,1335804,75693,7.111270082851403,7.111231755884818,0.5899533858434559,literal-shorter-than-qgram
job_movie_companies_note,movie_companies.note,benchmarks/job/../../data/job/movie_companies__note.csv,job-csv,utf8,PairHorspool,static,qgram,full-scan,contains_vhs,%(VHS)%,4,2609129,31450317,31450317,2609129,2609129,0,0,0,707630079,930075132,2735,449,18505012,18505461,2609129,1335804,75693,7.092581853944362,7.092409765864394,0.5884030040142362,literal-shorter-than-qgram
job_movie_companies_note,movie_companies.note,benchmarks/job/../../data/job/movie_companies__note.csv,job-csv,utf8,PairHorspool,static,trigram,trigram,contains_vhs,%(VHS)%,0,2609129,31450317,31450317,2609129,2609129,0,0,0,707630079,1060889407,2735,124830,2423814,2548644,75693,75693,75693,0.9768179342608204,32.02164004597519,0.08103714821062058,
job_movie_companies_note,movie_companies.note,benchmarks/job/../../data/job/movie_companies__note.csv,job-csv,utf8,PairHorspool,static,trigram,trigram,contains_vhs,%(VHS)%,1,2609129,31450317,31450317,2609129,2609129,0,0,0,707630079,1060889407,2735,121316,2164372,2285688,75693,75693,75693,0.8760348760065141,28.594083997199213,0.07267615140413371,
job_movie_companies_note,movie_companies.note,benchmarks/job/../../data/job/movie_companies__note.csv,job-csv,utf8,PairHorspool,static,trigram,trigram,contains_vhs,%(VHS)%,2,2609129,31450317,31450317,2609129,2609129,0,0,0,707630079,1060889407,2735,119430,1862837,1982267,75693,75693,75693,0.7597428107234253,24.610426327401477,0.06302852209724945,
job_movie_companies_note,movie_companies.note,benchmarks/job/../../data/job/movie_companies__note.csv,job-csv,utf8,PairHorspool,static,trigram,trigram,contains_vhs,%(VHS)%,3,2609129,31450317,31450317,2609129,2609129,0,0,0,707630079,1060889407,2735,115587,1721458,1837045,75693,75693,75693,0.7040836233087747,22.742631419021574,0.05841101697003563,
job_movie_companies_note,movie_companies.note,benchmarks/job/../../data/job/movie_companies__note.csv,job-csv,utf8,PairHorspool,static,trigram,trigram,contains_vhs,%(VHS)%,4,2609129,31450317,31450317,2609129,2609129,0,0,0,707630079,1060889407,2735,113980,1646596,1760576,75693,75693,75693,0.6747753752305846,21.753609977144517,0.05597959473667626,
job_movie_companies_note,movie_companies.note,benchmarks/job/../../data/job/movie_companies__note.csv,job-csv,utf8,PairHorspool,static,fm,fm,contains_co_production,%(co-production)%,0,2609129,31450317,31450317,2609129,2609129,0,0,0,707630079,69127940303,2396,242264,324641,566905,17816,17816,17816,0.21727748992096596,18.221879209699146,0.018025414497411903,
job_movie_companies_note,movie_companies.note,benchmarks/job/../../data/job/movie_companies__note.csv,job-csv,utf8,PairHorspool,static,fm,fm,contains_co_production,%(co-production)%,1,2609129,31450317,31450317,2609129,2609129,0,0,0,707630079,69127940303,2396,186766,196967,383733,17816,17816,17816,0.14707321868715575,11.055624158060171,0.01220124426726764,
job_movie_companies_note,movie_companies.note,benchmarks/job/../../data/job/movie_companies__note.csv,job-csv,utf8,PairHorspool,static,fm,fm,contains_co_production,%(co-production)%,2,2609129,31450317,31450317,2609129,2609129,0,0,0,707630079,69127940303,2396,168969,194961,363930,17816,17816,17816,0.13948332949424885,10.943028738212842,0.011571584477193027,
job_movie_companies_note,movie_companies.note,benchmarks/job/../../data/job/movie_companies__note.csv,job-csv,utf8,PairHorspool,static,fm,fm,contains_co_production,%(co-production)%,3,2609129,31450317,31450317,2609129,2609129,0,0,0,707630079,69127940303,2396,166833,205441,372274,17816,17816,17816,0.1426813315861347,11.531264032330489,0.011836891818928249,
job_movie_companies_note,movie_companies.note,benchmarks/job/../../data/job/movie_companies__note.csv,job-csv,utf8,PairHorspool,static,fm,fm,contains_co_production,%(co-production)%,4,2609129,31450317,31450317,2609129,2609129,0,0,0,707630079,69127940303,2396,165415,194491,359906,17816,17816,17816,0.13794105235885232,10.91664795689268,0.011443636641245937,
job_movie_companies_note,movie_companies.note,benchmarks/job/../../data/job/movie_companies__note.csv,job-csv,utf8,PairHorspool,static,full-scan,full-scan,contains_co_production,%(co-production)%,0,2609129,31450317,31450317,2609129,2609129,0,0,0,707630079,0,2396,11199,11931534,11942733,2609129,1256719,17816,4.577287286293625,4.572995049305726,0.3797333107961996,
job_movie_companies_note,movie_companies.note,benchmarks/job/../../data/job/movie_companies__note.csv,job-csv,utf8,PairHorspool,static,full-scan,full-scan,contains_co_production,%(co-production)%,1,2609129,31450317,31450317,2609129,2609129,0,0,0,707630079,0,2396,100,12259102,12259202,2609129,1256719,17816,4.698580254176777,4.698541927210192,0.38979581668445507,
job_movie_companies_note,movie_companies.note,benchmarks/job/../../data/job/movie_companies__note.csv,job-csv,utf8,PairHorspool,static,full-scan,full-scan,contains_co_production,%(co-production)%,2,2609129,31450317,31450317,2609129,2609129,0,0,0,707630079,0,2396,100,12065807,12065907,2609129,1256719,17816,4.624496144115526,4.624457817148941,0.38364977370498365,
job_movie_companies_note,movie_companies.note,benchmarks/job/../../data/job/movie_companies__note.csv,job-csv,utf8,PairHorspool,static,full-scan,full-scan,contains_co_production,%(co-production)%,3,2609129,31450317,31450317,2609129,2609129,0,0,0,707630079,0,2396,100,11879889,11879989,2609129,1256719,17816,4.553239414379282,4.553201087412696,0.3777382911593546,
job_movie_companies_note,movie_companies.note,benchmarks/job/../../data/job/movie_companies__note.csv,job-csv,utf8,PairHorspool,static,full-scan,full-scan,contains_co_production,%(co-production)%,4,2609129,31450317,31450317,2609129,2609129,0,0,0,707630079,0,2396,100,12021819,12021919,2609129,1256719,17816,4.607636878053941,4.607598551087356,0.38225112325576877,
job_movie_companies_note,movie_companies.note,benchmarks/job/../../data/job/movie_companies__note.csv,job-csv,utf8,PairHorspool,static,prefix-btree,full-scan,contains_co_production,%(co-production)%,0,2609129,31450317,31450317,2609129,2609129,0,0,0,707630079,243783678,2396,988,12282340,12283328,2609129,1256719,17816,4.707827018135171,4.707448347705307,0.39056293136886344,no-indexable-prefix
job_movie_companies_note,movie_companies.note,benchmarks/job/../../data/job/movie_companies__note.csv,job-csv,utf8,PairHorspool,static,prefix-btree,full-scan,contains_co_production,%(co-production)%,1,2609129,31450317,31450317,2609129,2609129,0,0,0,707630079,243783678,2396,380,12191546,12191926,2609129,1256719,17816,4.6727954041367825,4.672649761663759,0.3876566967512601,no-indexable-prefix
job_movie_companies_note,movie_companies.note,benchmarks/job/../../data/job/movie_companies__note.csv,job-csv,utf8,PairHorspool,static,prefix-btree,full-scan,contains_co_production,%(co-production)%,2,2609129,31450317,31450317,2609129,2609129,0,0,0,707630079,243783678,2396,549,12010926,12011475,2609129,1256719,17816,4.603634009663762,4.603423594617207,0.3819190439320532,no-indexable-prefix
job_movie_companies_note,movie_companies.note,benchmarks/job/../../data/job/movie_companies__note.csv,job-csv,utf8,PairHorspool,static,prefix-btree,full-scan,contains_co_production,%(co-production)%,3,2609129,31450317,31450317,2609129,2609129,0,0,0,707630079,243783678,2396,588,12038269,12038857,2609129,1256719,17816,4.6141286996541755,4.613903337090654,0.38278968698471305,no-indexable-prefix
job_movie_companies_note,movie_companies.note,benchmarks/job/../../data/job/movie_companies__note.csv,job-csv,utf8,PairHorspool,static,prefix-btree,full-scan,contains_co_production,%(co-production)%,4,2609129,31450317,31450317,2609129,2609129,0,0,0,707630079,243783678,2396,180,11860774,11860954,2609129,1256719,17816,4.54594387628975,4.545874887749896,0.3771330508369757,no-indexable-prefix
job_movie_companies_note,movie_companies.note,benchmarks/job/../../data/job/movie_companies__note.csv,job-csv,utf8,PairHorspool,static,qgram,qgram,contains_co_production,%(co-production)%,0,2609129,31450317,31450317,2609129,2609129,0,0,0,707630079,930075132,2396,4951,192975,197926,17816,17816,17816,0.07585903188382023,10.83155590480467,0.006293291097828998,
job_movie_companies_note,movie_companies.note,benchmarks/job/../../data/job/movie_companies__note.csv,job-csv,utf8,PairHorspool,static,qgram,qgram,contains_co_production,%(co-production)%,1,2609129,31450317,31450317,2609129,2609129,0,0,0,707630079,930075132,2396,34107,189830,223937,17816,17816,17816,0.08582825916234882,10.655029187247418,0.007120341585110255,
job_movie_companies_note,movie_companies.note,benchmarks/job/../../data/job/movie_companies__note.csv,job-csv,utf8,PairHorspool,static,qgram,qgram,contains_co_production,%(co-production)%,2,2609129,31450317,31450317,2609129,2609129,0,0,0,707630079,930075132,2396,2885,188284,191169,17816,17816,17816,0.07326927875164471,10.568253255500673,0.006078444296761778,
job_movie_companies_note,movie_companies.note,benchmarks/job/../../data/job/movie_companies__note.csv,job-csv,utf8,PairHorspool,static,qgram,qgram,contains_co_production,%(co-production)%,3,2609129,31450317,31450317,2609129,2609129,0,0,0,707630079,930075132,2396,4821,196927,201748,17816,17816,17816,0.07732388854671425,11.053378985181858,0.006414816105033218,
job_movie_companies_note,movie_companies.note,benchmarks/job/../../data/job/movie_companies__note.csv,job-csv,utf8,PairHorspool,static,qgram,qgram,contains_co_production,%(co-production)%,4,2609129,31450317,31450317,2609129,2609129,0,0,0,707630079,930075132,2396,4791,188253,193044,17816,17816,17816,0.07398790937512097,10.566513246519982,0.0061380621378156535,
job_movie_companies_note,movie_companies.note,benchmarks/job/../../data/job/movie_companies__note.csv,job-csv,utf8,PairHorspool,static,trigram,trigram,contains_co_production,%(co-production)%,0,2609129,31450317,31450317,2609129,2609129,0,0,0,707630079,1060889407,2396,840212,199752,1039964,17819,17819,17816,0.3985866547801968,11.210056681070768,0.03306688450866807,
job_movie_companies_note,movie_companies.note,benchmarks/job/../../data/job/movie_companies__note.csv,job-csv,utf8,PairHorspool,static,trigram,trigram,contains_co_production,%(co-production)%,1,2609129,31450317,31450317,2609129,2609129,0,0,0,707630079,1060889407,2396,792580,196149,988729,17819,17819,17816,0.3789498334501667,11.007856782086536,0.031437807129257235,
job_movie_companies_note,movie_companies.note,benchmarks/job/../../data/job/movie_companies__note.csv,job-csv,utf8,PairHorspool,static,trigram,trigram,contains_co_production,%(co-production)%,2,2609129,31450317,31450317,2609129,2609129,0,0,0,707630079,1060889407,2396,802222,196797,999019,17819,17819,17816,0.38289367831180443,11.044222459172794,0.031764989840960905,
job_movie_companies_note,movie_companies.note,benchmarks/job/../../data/job/movie_companies__note.csv,job-csv,utf8,PairHorspool,static,trigram,trigram,contains_co_production,%(co-production)%,3,2609129,31450317,31450317,2609129,2609129,0,0,0,707630079,1060889407,2396,801243,196718,997961,17819,17819,17816,0.3824881790053309,11.039788989281105,0.03173134948051557,
job_movie_companies_note,movie_companies.note,benchmarks/job/../../data/job/movie_companies__note.csv,job-csv,utf8,PairHorspool,static,trigram,trigram,contains_co_production,%(co-production)%,4,2609129,31450317,31450317,2609129,2609129,0,0,0,707630079,1060889407,2396,800575,201009,1001584,17819,17819,17816,0.38387676500471996,11.28059936023346,0.03184654704752261,
job_movie_companies_note,movie_companies.note,benchmarks/job/../../data/job/movie_companies__note.csv,job-csv,utf8,PairHorspool,static,fm,fm,contains_presents,%(presents)%,0,2609129,31450317,31450317,2609129,2609129,0,0,0,707630079,69127940303,2406,142727,180248,322975,11131,11131,11131,0.12378652032919799,16.193333932261254,0.010269371847666908,
job_movie_companies_note,movie_companies.note,benchmarks/job/../../data/job/movie_companies__note.csv,job-csv,utf8,PairHorspool,static,fm,fm,contains_presents,%(presents)%,1,2609129,31450317,31450317,2609129,2609129,0,0,0,707630079,69127940303,2406,104268,152858,257126,11131,11131,11131,0.09854859610237746,13.732638576947265,0.008175625066036696,
job_movie_companies_note,movie_companies.note,benchmarks/job/../../data/job/movie_companies__note.csv,job-csv,utf8,PairHorspool,static,fm,fm,contains_presents,%(presents)%,2,2609129,31450317,31450317,2609129,2609129,0,0,0,707630079,69127940303,2406,101014,144434,245448,11131,11131,11131,0.09407277294453437,12.975833258467343,0.0078043092538622105,
job_movie_companies_note,movie_companies.note,benchmarks/job/../../data/job/movie_companies__note.csv,job-csv,utf8,PairHorspool,static,fm,fm,contains_presents,%(presents)%,3,2609129,31450317,31450317,2609129,2609129,0,0,0,707630079,69127940303,2406,99366,144175,243541,11131,11131,11131,0.09334187769175077,12.952564908813224,0.007743673934987682,
job_movie_companies_note,movie_companies.note,benchmarks/job/../../data/job/movie_companies__note.csv,job-csv,utf8,PairHorspool,static,fm,fm,contains_presents,%(presents)%,4,2609129,31450317,31450317,2609129,2609129,0,0,0,707630079,69127940303,2406,98140,143176,241316,11131,11131,11131,0.0924891026852256,12.862815560147336,0.007672927430270417,
job_movie_companies_note,movie_companies.note,benchmarks/job/../../data/job/movie_companies__note.csv,job-csv,utf8,PairHorspool,static,full-scan,full-scan,contains_presents,%(presents)%,0,2609129,31450317,31450317,2609129,2609129,0,0,0,707630079,0,2406,519,13759486,13760005,2609129,1299275,11131,5.2737925184994685,5.27359360154289,0.43751562186161747,
job_movie_companies_note,movie_companies.note,benchmarks/job/../../data/job/movie_companies__note.csv,job-csv,utf8,PairHorspool,static,full-scan,full-scan,contains_presents,%(presents)%,1,2609129,31450317,31450317,2609129,2609129,0,0,0,707630079,0,2406,109,13916458,13916567,2609129,1299275,11131,5.333797983924904,5.333756207531326,0.44249369569152514,
job_movie_companies_note,movie_companies.note,benchmarks/job/../../data/job/movie_companies__note.csv,job-csv,utf8,PairHorspool,static,full-scan,full-scan,contains_presents,%(presents)%,2,2609129,31450317,31450317,2609129,2609129,0,0,0,707630079,0,2406,100,13828439,13828539,2609129,1299275,11131,5.300059521779107,5.300021194812522,0.43969474139163683,
job_movie_companies_note,movie_companies.note,benchmarks/job/../../data/job/movie_companies__note.csv,job-csv,utf8,PairHorspool,static,full-scan,full-scan,contains_presents,%(presents)%,3,2609129,31450317,31450317,2609129,2609129,0,0,0,707630079,0,2406,99,13857965,13858064,2609129,1299275,11131,5.311375558663447,5.3113376149665275,0.4406335236620985,
job_movie_companies_note,movie_companies.note,benchmarks/job/../../data/job/movie_companies__note.csv,job-csv,utf8,PairHorspool,static,full-scan,full-scan,contains_presents,%(presents)%,4,2609129,31450317,31450317,2609129,2609129,0,0,0,707630079,0,2406,419,13977695,13978114,2609129,1299275,11131,5.35738708204922,5.357226492059228,0.44445065529864136,
job_movie_companies_note,movie_companies.note,benchmarks/job/../../data/job/movie_companies__note.csv,job-csv,utf8,PairHorspool,static,prefix-btree,full-scan,contains_presents,%(presents)%,0,2609129,31450317,31450317,2609129,2609129,0,0,0,707630079,243783678,2406,1227,13822951,13824178,2609129,1299275,11131,5.2983880827663175,5.2979178108863145,0.439556078242391,no-indexable-prefix
job_movie_companies_note,movie_companies.note,benchmarks/job/../../data/job/movie_companies__note.csv,job-csv,utf8,PairHorspool,static,prefix-btree,full-scan,contains_presents,%(presents)%,1,2609129,31450317,31450317,2609129,2609129,0,0,0,707630079,243783678,2406,339,13800390,13800729,2609129,1299275,11131,5.2894007923717075,5.289270863954982,0.43881048957312574,no-indexable-prefix
job_movie_companies_note,movie_companies.note,benchmarks/job/../../data/job/movie_companies__note.csv,job-csv,utf8,PairHorspool,static,prefix-btree,full-scan,contains_presents,%(presents)%,2,2609129,31450317,31450317,2609129,2609129,0,0,0,707630079,243783678,2406,270,13838382,13838652,2609129,1299275,11131,5.303935527909888,5.303832045100108,0.440016296179145,no-indexable-prefix
job_movie_companies_note,movie_companies.note,benchmarks/job/../../data/job/movie_companies__note.csv,job-csv,utf8,PairHorspool,static,prefix-btree,full-scan,contains_presents,%(presents)%,3,2609129,31450317,31450317,2609129,2609129,0,0,0,707630079,243783678,2406,189,13973641,13973830,2609129,1299275,11131,5.355745154800702,5.355672716833856,0.44431444045540147,no-indexable-prefix
job_movie_companies_note,movie_companies.note,benchmarks/job/../../data/job/movie_companies__note.csv,job-csv,utf8,PairHorspool,static,prefix-btree,full-scan,contains_presents,%(presents)%,4,2609129,31450317,31450317,2609129,2609129,0,0,0,707630079,243783678,2406,270,13799324,13799594,2609129,1299275,11131,5.288965781300963,5.288862298491182,0.43877440090667447,no-indexable-prefix
job_movie_companies_note,movie_companies.note,benchmarks/job/../../data/job/movie_companies__note.csv,job-csv,utf8,PairHorspool,static,qgram,full-scan,contains_presents,%(presents)%,0,2609129,31450317,31450317,2609129,2609129,0,0,0,707630079,930075132,2406,1028,13970416,13971444,2609129,1299275,11131,5.3548306733779745,5.3544366721614765,0.444238574765399,literal-shorter-than-qgram
job_movie_companies_note,movie_companies.note,benchmarks/job/../../data/job/movie_companies__note.csv,job-csv,utf8,PairHorspool,static,qgram,full-scan,contains_presents,%(presents)%,1,2609129,31450317,31450317,2609129,2609129,0,0,0,707630079,930075132,2406,99,14135972,14136071,2609129,1299275,11131,5.417927208658521,5.417889264961602,0.4494730848022931,literal-shorter-than-qgram
job_movie_companies_note,movie_companies.note,benchmarks/job/../../data/job/movie_companies__note.csv,job-csv,utf8,PairHorspool,static,qgram,full-scan,contains_presents,%(presents)%,2,2609129,31450317,31450317,2609129,2609129,0,0,0,707630079,930075132,2406,110,14045438,14045548,2609129,1299275,11131,5.38323248869642,5.383190329033176,0.4465947990285758,literal-shorter-than-qgram
job_movie_companies_note,movie_companies.note,benchmarks/job/../../data/job/movie_companies__note.csv,job-csv,utf8,PairHorspool,static,qgram,full-scan,contains_presents,%(presents)%,3,2609129,31450317,31450317,2609129,2609129,0,0,0,707630079,930075132,2406,50,14306567,14306617,2609129,1299275,11131,5.4832923170912595,5.483273153607967,0.45489579643982603,literal-shorter-than-qgram
job_movie_companies_note,movie_companies.note,benchmarks/job/../../data/job/movie_companies__note.csv,job-csv,utf8,PairHorspool,static,qgram,full-scan,contains_presents,%(presents)%,4,2609129,31450317,31450317,2609129,2609129,0,0,0,707630079,930075132,2406,99,14068194,14068293,2609129,1299275,11131,5.391949957246268,5.391912013549349,0.44731800318578663,literal-shorter-than-qgram
job_movie_companies_note,movie_companies.note,benchmarks/job/../../data/job/movie_companies__note.csv,job-csv,utf8,PairHorspool,static,trigram,trigram,contains_presents,%(presents)%,0,2609129,31450317,31450317,2609129,2609129,0,0,0,707630079,1060889407,2406,189027,479022,668049,11133,11133,11131,0.25604291700410364,43.02721638372407,0.02124140751904027,
job_movie_companies_note,movie_companies.note,benchmarks/job/../../data/job/movie_companies__note.csv,job-csv,utf8,PairHorspool,static,trigram,trigram,contains_presents,%(presents)%,1,2609129,31450317,31450317,2609129,2609129,0,0,0,707630079,1060889407,2406,181582,166641,348223,11133,11133,11131,0.13346331285267996,14.968202640797628,0.011072161848161975,
job_movie_companies_note,movie_companies.note,benchmarks/job/../../data/job/movie_companies__note.csv,job-csv,utf8,PairHorspool,static,trigram,trigram,contains_presents,%(presents)%,2,2609129,31450317,31450317,2609129,2609129,0,0,0,707630079,1060889407,2406,178288,146220,324508,11133,11133,11131,0.12437407272695218,13.133926165454055,0.010318115394512557,
job_movie_companies_note,movie_companies.note,benchmarks/job/../../data/job/movie_companies__note.csv,job-csv,utf8,PairHorspool,static,trigram,trigram,contains_presents,%(presents)%,3,2609129,31450317,31450317,2609129,2609129,0,0,0,707630079,1060889407,2406,177819,145271,323090,11133,11133,11131,0.12383059634077119,13.048684092338094,0.01027302840858488,
job_movie_companies_note,movie_companies.note,benchmarks/job/../../data/job/movie_companies__note.csv,job-csv,utf8,PairHorspool,static,trigram,trigram,contains_presents,%(presents)%,4,2609129,31450317,31450317,2609129,2609129,0,0,0,707630079,1060889407,2406,176721,143295,320016,11133,11133,11131,0.12265242538793597,12.871193748315818,0.010175286945438419,
job_movie_companies_note,movie_companies.note,benchmarks/job/../../data/job/movie_companies__note.csv,job-csv,utf8,PairHorspool,static,fm,fm,contains_theatrical,%(theatrical)%,0,2609129,31450317,31450317,2609129,2609129,0,0,0,707630079,69127940303,1966,4871393,3119231,7990624,279657,279657,279657,3.0625637904450107,11.153774087542955,0.25407133416175104,
job_movie_companies_note,movie_companies.note,benchmarks/job/../../data/job/movie_companies__note.csv,job-csv,utf8,PairHorspool,static,fm,fm,contains_theatrical,%(theatrical)%,1,2609129,31450317,31450317,2609129,2609129,0,0,0,707630079,69127940303,1966,5049022,3121437,8170459,279657,279657,279657,3.131489090803866,11.161662322058808,0.2597894005329104,
job_movie_companies_note,movie_companies.note,benchmarks/job/../../data/job/movie_companies__note.csv,job-csv,utf8,PairHorspool,static,fm,fm,contains_theatrical,%(theatrical)%,2,2609129,31450317,31450317,2609129,2609129,0,0,0,707630079,69127940303,1966,4944163,3187790,8131953,279657,279657,279657,3.1167309090504918,11.398927972480575,0.2585650567528461,
job_movie_companies_note,movie_companies.note,benchmarks/job/../../data/job/movie_companies__note.csv,job-csv,utf8,PairHorspool,static,fm,fm,contains_theatrical,%(theatrical)%,3,2609129,31450317,31450317,2609129,2609129,0,0,0,707630079,69127940303,1966,5017433,3129512,8146945,279657,279657,279657,3.1224768878809748,11.190536979228126,0.25904174511182193,
job_movie_companies_note,movie_companies.note,benchmarks/job/../../data/job/movie_companies__note.csv,job-csv,utf8,PairHorspool,static,fm,fm,contains_theatrical,%(theatrical)%,4,2609129,31450317,31450317,2609129,2609129,0,0,0,707630079,69127940303,1966,5048962,3151170,8200132,279657,279657,279657,3.142861851598752,11.267981849193834,0.2607328886382926,
job_movie_companies_note,movie_companies.note,benchmarks/job/../../data/job/movie_companies__note.csv,job-csv,utf8,PairHorspool,static,full-scan,full-scan,contains_theatrical,%(theatrical)%,0,2609129,31450317,31450317,2609129,2609129,0,0,0,707630079,0,1966,479,15277237,15277716,2609129,1278216,279657,5.85548510633242,5.855301520162476,0.48577303688226736,
job_movie_companies_note,movie_companies.note,benchmarks/job/../../data/job/movie_companies__note.csv,job-csv,utf8,PairHorspool,static,full-scan,full-scan,contains_theatrical,%(theatrical)%,1,2609129,31450317,31450317,2609129,2609129,0,0,0,707630079,0,1966,110,14881056,14881166,2609129,1278216,279657,5.703499520338013,5.703457360674769,0.4731642609516464,
job_movie_companies_note,movie_companies.note,benchmarks/job/../../data/job/movie_companies__note.csv,job-csv,utf8,PairHorspool,static,full-scan,full-scan,contains_theatrical,%(theatrical)%,2,2609129,31450317,31450317,2609129,2609129,0,0,0,707630079,0,1966,110,14999629,14999739,2609129,1278216,279657,5.74894495442732,5.748902794764076,0.4769344296275297,
job_movie_companies_note,movie_companies.note,benchmarks/job/../../data/job/movie_companies__note.csv,job-csv,utf8,PairHorspool,static,full-scan,full-scan,contains_theatrical,%(theatrical)%,3,2609129,31450317,31450317,2609129,2609129,0,0,0,707630079,0,1966,100,14991784,14991884,2609129,1278216,279657,5.745934371202037,5.745896044235452,0.4766846706187413,
job_movie_companies_note,movie_companies.note,benchmarks/job/../../data/job/movie_companies__note.csv,job-csv,utf8,PairHorspool,static,full-scan,full-scan,contains_theatrical,%(theatrical)%,4,2609129,31450317,31450317,2609129,2609129,0,0,0,707630079,0,1966,100,15170760,15170860,2609129,1278216,279657,5.814530442917924,5.814492115951339,0.48237542406965245,
job_movie_companies_note,movie_companies.note,benchmarks/job/../../data/job/movie_companies__note.csv,job-csv,utf8,PairHorspool,static,prefix-btree,full-scan,contains_theatrical,%(theatrical)%,0,2609129,31450317,31450317,2609129,2609129,0,0,0,707630079,243783678,1966,1078,15048095,15049173,2609129,1278216,279657,5.767891507089147,5.7674783423893565,0.4785062420833469,no-indexable-prefix
job_movie_companies_note,movie_companies.note,benchmarks/job/../../data/job/movie_companies__note.csv,job-csv,utf8,PairHorspool,static,prefix-btree,full-scan,contains_theatrical,%(theatrical)%,1,2609129,31450317,31450317,2609129,2609129,0,0,0,707630079,243783678,1966,669,15389890,15390559,2609129,1278216,279657,5.898734405236383,5.898477997829927,0.48936101343589,no-indexable-prefix
job_movie_companies_note,movie_companies.note,benchmarks/job/../../data/job/movie_companies__note.csv,job-csv,utf8,PairHorspool,static,prefix-btree,full-scan,contains_theatrical,%(theatrical)%,2,2609129,31450317,31450317,2609129,2609129,0,0,0,707630079,243783678,1966,339,15498473,15498812,2609129,1278216,279657,5.940224496374078,5.9400945679573525,0.4928030455146128,no-indexable-prefix
job_movie_companies_note,movie_companies.note,benchmarks/job/../../data/job/movie_companies__note.csv,job-csv,utf8,PairHorspool,static,prefix-btree,full-scan,contains_theatrical,%(theatrical)%,3,2609129,31450317,31450317,2609129,2609129,0,0,0,707630079,243783678,1966,360,15429654,15430014,2609129,1278216,279657,5.913856309902654,5.9137183328229455,0.49061553179257306,no-indexable-prefix
job_movie_companies_note,movie_companies.note,benchmarks/job/../../data/job/movie_companies__note.csv,job-csv,utf8,PairHorspool,static,prefix-btree,full-scan,contains_theatrical,%(theatrical)%,4,2609129,31450317,31450317,2609129,2609129,0,0,0,707630079,243783678,1966,260,16210368,16210628,2609129,1278216,279657,6.213041976843614,6.2129423267304915,0.515436076526669,no-indexable-prefix
job_movie_companies_note,movie_companies.note,benchmarks/job/../../data/job/movie_companies__note.csv,job-csv,utf8,PairHorspool,static,qgram,full-scan,contains_theatrical,%(theatrical)%,0,2609129,31450317,31450317,2609129,2609129,0,0,0,707630079,930075132,1966,788,15448778,15449566,2609129,1278216,279657,5.921349998409431,5.9210479819127375,0.4912372107409919,literal-shorter-than-qgram
job_movie_companies_note,movie_companies.note,benchmarks/job/../../data/job/movie_companies__note.csv,job-csv,utf8,PairHorspool,static,qgram,full-scan,contains_theatrical,%(theatrical)%,1,2609129,31450317,31450317,2609129,2609129,0,0,0,707630079,930075132,1966,110,15349917,15350027,2609129,1278216,279657,5.883199719139989,5.883157559476745,0.48807225059130566,literal-shorter-than-qgram
job_movie_companies_note,movie_companies.note,benchmarks/job/../../data/job/movie_companies__note.csv,job-csv,utf8,PairHorspool,static,qgram,full-scan,contains_theatrical,%(theatrical)%,2,2609129,31450317,31450317,2609129,2609129,0,0,0,707630079,930075132,1966,100,15383403,15383503,2609129,1278216,279657,5.896030054474117,5.895991727507532,0.48913665957643604,literal-shorter-than-qgram
job_movie_companies_note,movie_companies.note,benchmarks/job/../../data/job/movie_companies__note.csv,job-csv,utf8,PairHorspool,static,qgram,full-scan,contains_theatrical,%(theatrical)%,3,2609129,31450317,31450317,2609129,2609129,0,0,0,707630079,930075132,1966,100,15276878,15276978,2609129,1278216,279657,5.855202253319019,5.855163926352434,0.48574957130002855,literal-shorter-than-qgram
job_movie_companies_note,movie_companies.note,benchmarks/job/../../data/job/movie_companies__note.csv,job-csv,utf8,PairHorspool,static,qgram,full-scan,contains_theatrical,%(theatrical)%,4,2609129,31450317,31450317,2609129,2609129,0,0,0,707630079,930075132,1966,439,15264471,15264910,2609129,1278216,279657,5.850576954991493,5.850408699608184,0.48536585497691487,literal-shorter-than-qgram
job_movie_companies_note,movie_companies.note,benchmarks/job/../../data/job/movie_companies__note.csv,job-csv,utf8,PairHorspool,static,trigram,trigram,contains_theatrical,%(theatrical)%,0,2609129,31450317,31450317,2609129,2609129,0,0,0,707630079,1060889407,1966,2000595,3117913,5118508,279657,279657,279657,1.9617688508310627,11.149061171363492,0.16274901140106154,
job_movie_companies_note,movie_companies.note,benchmarks/job/../../data/job/movie_companies__note.csv,job-csv,utf8,PairHorspool,static,trigram,trigram,contains_theatrical,%(theatrical)%,1,2609129,31450317,31450317,2609129,2609129,0,0,0,707630079,1060889407,1966,2051238,3122704,5173942,279657,279657,279657,1.9830150214880138,11.166192871982464,0.16451160094825118,
job_movie_companies_note,movie_companies.note,benchmarks/job/../../data/job/movie_companies__note.csv,job-csv,utf8,PairHorspool,static,trigram,trigram,contains_theatrical,%(theatrical)%,2,2609129,31450317,31450317,2609129,2609129,0,0,0,707630079,1060889407,1966,1999308,3238183,5237491,279657,279657,279657,2.0073714254833703,11.579123712261806,0.16653221651152197,
job_movie_companies_note,movie_companies.note,benchmarks/job/../../data/job/movie_companies__note.csv,job-csv,utf8,PairHorspool,static,trigram,trigram,contains_theatrical,%(theatrical)%,3,2609129,31450317,31450317,2609129,2609129,0,0,0,707630079,1060889407,1966,1999567,3099599,5099166,279657,279657,279657,1.9543556489541145,11.083573806484372,0.1621340096508407,
job_movie_companies_note,movie_companies.note,benchmarks/job/../../data/job/movie_companies__note.csv,job-csv,utf8,PairHorspool,static,trigram,trigram,contains_theatrical,%(theatrical)%,4,2609129,31450317,31450317,2609129,2609129,0,0,0,707630079,1060889407,1966,2047286,3102763,5150049,279657,279657,279657,1.973857559361764,11.094887665962233,0.1637518947742244,
job_movie_companies_note,movie_companies.note,benchmarks/job/../../data/job/movie_companies__note.csv,job-csv,utf8,PairHorspool,static,fm,fm,contains_worldwide,%(worldwide)%,0,2609129,31450317,31450317,2609129,2609129,0,0,0,707630079,69127940303,2765,1847688,3095796,4943484,103199,103199,103199,1.894687460834631,29.998313937150552,0.15718391646100102,
job_movie_companies_note,movie_companies.note,benchmarks/job/../../data/job/movie_companies__note.csv,job-csv,utf8,PairHorspool,static,fm,fm,contains_worldwide,%(worldwide)%,1,2609129,31450317,31450317,2609129,2609129,0,0,0,707630079,69127940303,2765,1793652,3048238,4841890,103199,103199,103199,1.855749562401859,29.537476138334675,0.1539536151575197,
job_movie_companies_note,movie_companies.note,benchmarks/job/../../data/job/movie_companies__note.csv,job-csv,utf8,PairHorspool,static,fm,fm,contains_worldwide,%(worldwide)%,2,2609129,31450317,31450317,2609129,2609129,0,0,0,707630079,69127940303,2765,1734017,3165921,4899938,103199,103199,103199,1.8779975999653524,30.677826335526508,0.15579931992418392,
job_movie_companies_note,movie_companies.note,benchmarks/job/../../data/job/movie_companies__note.csv,job-csv,utf8,PairHorspool,static,fm,fm,contains_worldwide,%(worldwide)%,3,2609129,31450317,31450317,2609129,2609129,0,0,0,707630079,69127940303,2765,1815780,3068568,4884348,103199,103199,103199,1.8720224258746885,29.73447417126135,0.15530361744843463,
job_movie_companies_note,movie_companies.note,benchmarks/job/../../data/job/movie_companies__note.csv,job-csv,utf8,PairHorspool,static,fm,fm,contains_worldwide,%(worldwide)%,4,2609129,31450317,31450317,2609129,2609129,0,0,0,707630079,69127940303,2765,1920059,2949507,4869566,103199,103199,103199,1.8663569336740344,28.580771131503212,0.15483360628765683,
job_movie_companies_note,movie_companies.note,benchmarks/job/../../data/job/movie_companies__note.csv,job-csv,utf8,PairHorspool,static,full-scan,full-scan,contains_worldwide,%(worldwide)%,0,2609129,31450317,31450317,2609129,2609129,0,0,0,707630079,0,2765,399,14003399,14003798,2609129,1287953,103199,5.367230980147014,5.367078055550339,0.4452673084344428,
job_movie_companies_note,movie_companies.note,benchmarks/job/../../data/job/movie_companies__note.csv,job-csv,utf8,PairHorspool,static,full-scan,full-scan,contains_worldwide,%(worldwide)%,1,2609129,31450317,31450317,2609129,2609129,0,0,0,707630079,0,2765,100,14036515,14036615,2609129,1287953,103199,5.379808740771345,5.37977041380476,0.44631076373570416,
job_movie_companies_note,movie_companies.note,benchmarks/job/../../data/job/movie_companies__note.csv,job-csv,utf8,PairHorspool,static,full-scan,full-scan,contains_worldwide,%(worldwide)%,2,2609129,31450317,31450317,2609129,2609129,0,0,0,707630079,0,2765,90,14043711,14043801,2609129,1287953,103199,5.382562916590173,5.382528422320245,0.4465392510988045,
job_movie_companies_note,movie_companies.note,benchmarks/job/../../data/job/movie_companies__note.csv,job-csv,utf8,PairHorspool,static,full-scan,full-scan,contains_worldwide,%(worldwide)%,3,2609129,31450317,31450317,2609129,2609129,0,0,0,707630079,0,2765,40,14023260,14023300,2609129,1287953,103199,5.3747055051705,5.374690174383865,0.4458873975737669,
job_movie_companies_note,movie_companies.note,benchmarks/job/../../data/job/movie_companies__note.csv,job-csv,utf8,PairHorspool,static,full-scan,full-scan,contains_worldwide,%(worldwide)%,4,2609129,31450317,31450317,2609129,2609129,0,0,0,707630079,0,2765,40,14176197,14176237,2609129,1287953,103199,5.433321618057214,5.43330628727058,0.45075021024430373,
job_movie_companies_note,movie_companies.note,benchmarks/job/../../data/job/movie_companies__note.csv,job-csv,utf8,PairHorspool,static,prefix-btree,full-scan,contains_worldwide,%(worldwide)%,0,2609129,31450317,31450317,2609129,2609129,0,0,0,707630079,243783678,2765,918,14332448,14333366,2609129,1287953,103199,5.493544397383188,5.493192555829934,0.4557463125093461,no-indexable-prefix
job_movie_companies_note,movie_companies.note,benchmarks/job/../../data/job/movie_companies__note.csv,job-csv,utf8,PairHorspool,static,prefix-btree,full-scan,contains_worldwide,%(worldwide)%,1,2609129,31450317,31450317,2609129,2609129,0,0,0,707630079,243783678,2765,329,14095632,14095961,2609129,1287953,103199,5.402554262361117,5.402428166641052,0.4481977399464686,no-indexable-prefix
job_movie_companies_note,movie_companies.note,benchmarks/job/../../data/job/movie_companies__note.csv,job-csv,utf8,PairHorspool,static,prefix-btree,full-scan,contains_worldwide,%(worldwide)%,2,2609129,31450317,31450317,2609129,2609129,0,0,0,707630079,243783678,2765,758,14176776,14177534,2609129,1287953,103199,5.433818718813827,5.433528200407109,0.4507914498922221,no-indexable-prefix
job_movie_companies_note,movie_companies.note,benchmarks/job/../../data/job/movie_companies__note.csv,job-csv,utf8,PairHorspool,static,prefix-btree,full-scan,contains_worldwide,%(worldwide)%,3,2609129,31450317,31450317,2609129,2609129,0,0,0,707630079,243783678,2765,599,14498639,14499238,2609129,1287953,103199,5.557118103397724,5.556888524867877,0.46102040879269995,no-indexable-prefix
job_movie_companies_note,movie_companies.note,benchmarks/job/../../data/job/movie_companies__note.csv,job-csv,utf8,PairHorspool,static,prefix-btree,full-scan,contains_worldwide,%(worldwide)%,4,2609129,31450317,31450317,2609129,2609129,0,0,0,707630079,243783678,2765,229,14534291,14534520,2609129,1287953,103199,5.570640623748385,5.570552854994904,0.4621422416823334,no-indexable-prefix
job_movie_companies_note,movie_companies.note,benchmarks/job/../../data/job/movie_companies__note.csv,job-csv,utf8,PairHorspool,static,qgram,full-scan,contains_worldwide,%(worldwide)%,0,2609129,31450317,31450317,2609129,2609129,0,0,0,707630079,930075132,2765,789,14336919,14337708,2609129,1287953,103199,5.495208554272326,5.494906154505967,0.4558843715311359,literal-shorter-than-qgram
job_movie_companies_note,movie_companies.note,benchmarks/job/../../data/job/movie_companies__note.csv,job-csv,utf8,PairHorspool,static,qgram,full-scan,contains_worldwide,%(worldwide)%,1,2609129,31450317,31450317,2609129,2609129,0,0,0,707630079,930075132,2765,110,14534729,14534839,2609129,1287953,103199,5.570762886771792,5.570720727108548,0.4621523846643581,literal-shorter-than-qgram
job_movie_companies_note,movie_companies.note,benchmarks/job/../../data/job/movie_companies__note.csv,job-csv,utf8,PairHorspool,static,qgram,full-scan,contains_worldwide,%(worldwide)%,2,2609129,31450317,31450317,2609129,2609129,0,0,0,707630079,930075132,2765,99,14091071,14091170,2609129,1287953,103199,5.400718017392011,5.400680073695091,0.4480454044390077,literal-shorter-than-qgram
job_movie_companies_note,movie_companies.note,benchmarks/job/../../data/job/movie_companies__note.csv,job-csv,utf8,PairHorspool,static,qgram,full-scan,contains_worldwide,%(worldwide)%,3,2609129,31450317,31450317,2609129,2609129,0,0,0,707630079,930075132,2765,100,14046127,14046227,2609129,1287953,103199,5.383492728799534,5.383454401832949,0.4466163886360828,literal-shorter-than-qgram
job_movie_companies_note,movie_companies.note,benchmarks/job/../../data/job/movie_companies__note.csv,job-csv,utf8,PairHorspool,static,qgram,full-scan,contains_worldwide,%(worldwide)%,4,2609129,31450317,31450317,2609129,2609129,0,0,0,707630079,930075132,2765,30,14033800,14033830,2609129,1287953,103199,5.378741334751942,5.378729836661966,0.4462222113691255,literal-shorter-than-qgram
job_movie_companies_note,movie_companies.note,benchmarks/job/../../data/job/movie_companies__note.csv,job-csv,utf8,PairHorspool,static,trigram,trigram,contains_worldwide,%(worldwide)%,0,2609129,31450317,31450317,2609129,2609129,0,0,0,707630079,1060889407,2765,737376,3260989,3998365,103199,103199,103199,1.5324520175123575,31.599036812372212,0.12713274082420217,
job_movie_companies_note,movie_companies.note,benchmarks/job/../../data/job/movie_companies__note.csv,job-csv,utf8,PairHorspool,static,trigram,trigram,contains_worldwide,%(worldwide)%,1,2609129,31450317,31450317,2609129,2609129,0,0,0,707630079,1060889407,2765,774246,3126747,3900993,103199,103199,103199,1.4951322836088212,30.29822963400808,0.12403668300068327,
job_movie_companies_note,movie_companies.note,benchmarks/job/../../data/job/movie_companies__note.csv,job-csv,utf8,PairHorspool,static,trigram,trigram,contains_worldwide,%(worldwide)%,2,2609129,31450317,31450317,2609129,2609129,0,0,0,707630079,1060889407,2765,722335,3224969,3947304,103199,103199,103199,1.512881885104186,31.250002422504092,0.12550919598044116,
job_movie_companies_note,movie_companies.note,benchmarks/job/../../data/job/movie_companies__note.csv,job-csv,utf8,PairHorspool,static,trigram,trigram,contains_worldwide,%(worldwide)%,3,2609129,31450317,31450317,2609129,2609129,0,0,0,707630079,1060889407,2765,744214,2964209,3708423,103199,103199,103199,1.421326044055315,28.723233752265042,0.11791369225308604,
job_movie_companies_note,movie_companies.note,benchmarks/job/../../data/job/movie_companies__note.csv,job-csv,utf8,PairHorspool,static,trigram,trigram,contains_worldwide,%(worldwide)%,4,2609129,31450317,31450317,2609129,2609129,0,0,0,707630079,1060889407,2765,729442,2898544,3627986,103199,103199,103199,1.3904969819430162,28.086938826926616,0.11535610276996572,
job_movie_companies_note,movie_companies.note,benchmarks/job/../../data/job/movie_companies__note.csv,job-csv,utf8,PairHorspool,static,fm,full-scan,not_contains_tv,%(TV)%,0,2609129,31450317,31450317,2609129,2609129,0,0,0,707630079,69127940303,2046,2994,20071756,20074750,2609129,1337125,413698,7.694042724602731,7.692895215223165,0.638300402504687,too-broad
job_movie_companies_note,movie_companies.note,benchmarks/job/../../data/job/movie_companies__note.csv,job-csv,utf8,PairHorspool,static,fm,full-scan,not_contains_tv,%(TV)%,1,2609129,31450317,31450317,2609129,2609129,0,0,0,707630079,69127940303,2046,2505,20645248,20647753,2609129,1337125,413698,7.913657392946075,7.912697302433111,0.656519710119297,too-broad
job_movie_companies_note,movie_companies.note,benchmarks/job/../../data/job/movie_companies__note.csv,job-csv,utf8,PairHorspool,static,fm,full-scan,not_contains_tv,%(TV)%,2,2609129,31450317,31450317,2609129,2609129,0,0,0,707630079,69127940303,2046,2645,20049549,20052194,2609129,1337125,413698,7.685397694019729,7.684383945753544,0.6375832078258543,too-broad
job_movie_companies_note,movie_companies.note,benchmarks/job/../../data/job/movie_companies__note.csv,job-csv,utf8,PairHorspool,static,fm,full-scan,not_contains_tv,%(TV)%,3,2609129,31450317,31450317,2609129,2609129,0,0,0,707630079,69127940303,2046,2585,20101848,20104433,2609129,1337125,413698,7.705419318094276,7.704428566008043,0.6392442085718881,too-broad
job_movie_companies_note,movie_companies.note,benchmarks/job/../../data/job/movie_companies__note.csv,job-csv,utf8,PairHorspool,static,fm,full-scan,not_contains_tv,%(TV)%,4,2609129,31450317,31450317,2609129,2609129,0,0,0,707630079,69127940303,2046,2156,19975381,19977537,2609129,1337125,413698,7.656783930576066,7.6559576011764845,0.6352094002740895,too-broad
job_movie_companies_note,movie_companies.note,benchmarks/job/../../data/job/movie_companies__note.csv,job-csv,utf8,PairHorspool,static,full-scan,full-scan,not_contains_tv,%(TV)%,0,2609129,31450317,31450317,2609129,2609129,0,0,0,707630079,0,2046,659,20028789,20029448,2609129,1337125,413698,7.676679842200214,7.676427267490415,0.6368599718724616,
job_movie_companies_note,movie_companies.note,benchmarks/job/../../data/job/movie_companies__note.csv,job-csv,utf8,PairHorspool,static,full-scan,full-scan,not_contains_tv,%(TV)%,1,2609129,31450317,31450317,2609129,2609129,0,0,0,707630079,0,2046,100,20464908,20465008,2609129,1337125,413698,7.843616777859585,7.843578450892999,0.6507091168588222,
job_movie_companies_note,movie_companies.note,benchmarks/job/../../data/job/movie_companies__note.csv,job-csv,utf8,PairHorspool,static,full-scan,full-scan,not_contains_tv,%(TV)%,2,2609129,31450317,31450317,2609129,2609129,0,0,0,707630079,0,2046,110,19919875,19919985,2609129,1337125,413698,7.6347259947668356,7.634683835103592,0.6333794664136454,
job_movie_companies_note,movie_companies.note,benchmarks/job/../../data/job/movie_companies__note.csv,job-csv,utf8,PairHorspool,static,full-scan,full-scan,not_contains_tv,%(TV)%,3,2609129,31450317,31450317,2609129,2609129,0,0,0,707630079,0,2046,110,20166453,20166563,2609129,1337125,413698,7.729231862433785,7.729189702770541,0.6412197053530494,
job_movie_companies_note,movie_companies.note,benchmarks/job/../../data/job/movie_companies__note.csv,job-csv,utf8,PairHorspool,static,full-scan,full-scan,not_contains_tv,%(TV)%,4,2609129,31450317,31450317,2609129,2609129,0,0,0,707630079,0,2046,110,20840832,20840942,2609129,1337125,413698,7.987700876422745,7.987658716759501,0.6626623827034875,
job_movie_companies_note,movie_companies.note,benchmarks/job/../../data/job/movie_companies__note.csv,job-csv,utf8,PairHorspool,static,prefix-btree,full-scan,not_contains_tv,%(TV)%,0,2609129,31450317,31450317,2609129,2609129,0,0,0,707630079,243783678,2046,1148,20599810,20600958,2609129,1337125,413698,7.895722288932437,7.895282295356036,0.6550318077875018,no-indexable-prefix
job_movie_companies_note,movie_companies.note,benchmarks/job/../../data/job/movie_companies__note.csv,job-csv,utf8,PairHorspool,static,prefix-btree,full-scan,not_contains_tv,%(TV)%,1,2609129,31450317,31450317,2609129,2609129,0,0,0,707630079,243783678,2046,359,20454739,20455098,2609129,1337125,413698,7.8398185754709715,7.83968098166093,0.6503940166962388,no-indexable-prefix
job_movie_companies_note,movie_companies.note,benchmarks/job/../../data/job/movie_companies__note.csv,job-csv,utf8,PairHorspool,static,prefix-btree,full-scan,not_contains_tv,%(TV)%,2,2609129,31450317,31450317,2609129,2609129,0,0,0,707630079,243783678,2046,340,21002551,21002891,2609129,1337125,413698,8.049771015538136,8.049640703851745,0.6678117425652658,no-indexable-prefix
job_movie_companies_note,movie_companies.note,benchmarks/job/../../data/job/movie_companies__note.csv,job-csv,utf8,PairHorspool,static,prefix-btree,full-scan,not_contains_tv,%(TV)%,3,2609129,31450317,31450317,2609129,2609129,0,0,0,707630079,243783678,2046,399,20096700,20097099,2609129,1337125,413698,7.702608418364902,7.702455493768227,0.6390110153738673,no-indexable-prefix
job_movie_companies_note,movie_companies.note,benchmarks/job/../../data/job/movie_companies__note.csv,job-csv,utf8,PairHorspool,static,prefix-btree,full-scan,not_contains_tv,%(TV)%,4,2609129,31450317,31450317,2609129,2609129,0,0,0,707630079,243783678,2046,359,20182352,20182711,2609129,1337125,413698,7.735420900997996,7.735283307187954,0.6417331500982963,no-indexable-prefix
job_movie_companies_note,movie_companies.note,benchmarks/job/../../data/job/movie_companies__note.csv,job-csv,utf8,PairHorspool,static,qgram,full-scan,not_contains_tv,%(TV)%,0,2609129,31450317,31450317,2609129,2609129,0,0,0,707630079,930075132,2046,669,20217400,20218069,2609129,1337125,413698,7.748972549843262,7.748716142436805,0.6428573994977539,literal-shorter-than-qgram
job_movie_companies_note,movie_companies.note,benchmarks/job/../../data/job/movie_companies__note.csv,job-csv,utf8,PairHorspool,static,qgram,full-scan,not_contains_tv,%(TV)%,1,2609129,31450317,31450317,2609129,2609129,0,0,0,707630079,930075132,2046,100,20085053,20085153,2609129,1337125,413698,7.698029878936611,7.697991551970025,0.6386311781849449,literal-shorter-than-qgram
job_movie_companies_note,movie_companies.note,benchmarks/job/../../data/job/movie_companies__note.csv,job-csv,utf8,PairHorspool,static,qgram,full-scan,not_contains_tv,%(TV)%,2,2609129,31450317,31450317,2609129,2609129,0,0,0,707630079,930075132,2046,110,20195804,20195914,2609129,1337125,413698,7.740481210396267,7.7404390507330225,0.6421529550878613,literal-shorter-than-qgram
job_movie_companies_note,movie_companies.note,benchmarks/job/../../data/job/movie_companies__note.csv,job-csv,utf8,PairHorspool,static,qgram,full-scan,not_contains_tv,%(TV)%,3,2609129,31450317,31450317,2609129,2609129,0,0,0,707630079,930075132,2046,100,19987698,19987798,2609129,1337125,413698,7.6607166606173935,7.660678333650808,0.6355356608965181,literal-shorter-than-qgram
job_movie_companies_note,movie_companies.note,benchmarks/job/../../data/job/movie_companies__note.csv,job-csv,utf8,PairHorspool,static,qgram,full-scan,not_contains_tv,%(TV)%,4,2609129,31450317,31450317,2609129,2609129,0,0,0,707630079,930075132,2046,100,20064884,20064984,2609129,1337125,413698,7.690299713046001,7.690261386079416,0.6379898809922965,literal-shorter-than-qgram
job_movie_companies_note,movie_companies.note,benchmarks/job/../../data/job/movie_companies__note.csv,job-csv,utf8,PairHorspool,static,trigram,trigram,not_contains_tv,%(TV)%,0,2609129,31450317,31450317,2609129,2609129,0,0,0,707630079,1060889407,2046,411333,6954456,7365789,413698,413698,413698,2.823083488781122,16.810465605344962,0.23420396684713862,
job_movie_companies_note,movie_companies.note,benchmarks/job/../../data/job/movie_companies__note.csv,job-csv,utf8,PairHorspool,static,trigram,trigram,not_contains_tv,%(TV)%,1,2609129,31450317,31450317,2609129,2609129,0,0,0,707630079,1060889407,2046,418369,7059677,7478046,413698,413698,413698,2.8661081916608953,17.06480814507201,0.23777331083817058,
job_movie_companies_note,movie_companies.note,benchmarks/job/../../data/job/movie_companies__note.csv,job-csv,utf8,PairHorspool,static,trigram,trigram,not_contains_tv,%(TV)%,2,2609129,31450317,31450317,2609129,2609129,0,0,0,707630079,1060889407,2046,408020,7017520,7425540,413698,413698,413698,2.845984234585565,16.962905307736563,0.23610382051157067,
job_movie_companies_note,movie_companies.note,benchmarks/job/../../data/job/movie_companies__note.csv,job-csv,utf8,PairHorspool,static,trigram,trigram,not_contains_tv,%(TV)%,3,2609129,31450317,31450317,2609129,2609129,0,0,0,707630079,1060889407,2046,433150,7184089,7617239,413698,413698,413698,2.919456646260112,17.365539596517266,0.24219911678473702,
job_movie_companies_note,movie_companies.note,benchmarks/job/../../data/job/movie_companies__note.csv,job-csv,utf8,PairHorspool,static,trigram,trigram,not_contains_tv,%(TV)%,4,2609129,31450317,31450317,2609129,2609129,0,0,0,707630079,1060889407,2046,442142,6934086,7376228,413698,413698,413698,2.827084440822972,16.761226788623585,0.2345358871899447,
job_movie_companies_note,movie_companies.note,benchmarks/job/../../data/job/movie_companies__note.csv,job-csv,utf8,PairHorspool,static,fm,full-scan,not_contains_usa,%(USA)%,0,2609129,31450317,31450317,2609129,2609129,0,0,0,707630079,69127940303,2754,3593,20341434,20345027,2609129,1335804,487819,7.797631700080755,7.796254612171341,0.6468941791588301,too-broad
job_movie_companies_note,movie_companies.note,benchmarks/job/../../data/job/movie_companies__note.csv,job-csv,utf8,PairHorspool,static,fm,full-scan,not_contains_usa,%(USA)%,1,2609129,31450317,31450317,2609129,2609129,0,0,0,707630079,69127940303,2754,2625,20304587,20307212,2609129,1335804,487819,7.783138357666486,7.782132274793619,0.6456918065404555,too-broad
job_movie_companies_note,movie_companies.note,benchmarks/job/../../data/job/movie_companies__note.csv,job-csv,utf8,PairHorspool,static,fm,full-scan,not_contains_usa,%(USA)%,2,2609129,31450317,31450317,2609129,2609129,0,0,0,707630079,69127940303,2754,2415,20181282,20183697,2609129,1335804,487819,7.735798804888528,7.7348732086454905,0.6417645011336451,too-broad
job_movie_companies_note,movie_companies.note,benchmarks/job/../../data/job/movie_companies__note.csv,job-csv,utf8,PairHorspool,static,fm,full-scan,not_contains_usa,%(USA)%,3,2609129,31450317,31450317,2609129,2609129,0,0,0,707630079,69127940303,2754,2634,20330427,20333061,2609129,1335804,487819,7.793045495259146,7.792035962959287,0.6465137060462698,too-broad
job_movie_companies_note,movie_companies.note,benchmarks/job/../../data/job/movie_companies__note.csv,job-csv,utf8,PairHorspool,static,fm,full-scan,not_contains_usa,%(USA)%,4,2609129,31450317,31450317,2609129,2609129,0,0,0,707630079,69127940303,2754,2416,20584823,20587239,2609129,1335804,487819,7.890464212386585,7.889538232873883,0.6545955959680788,too-broad
job_movie_companies_note,movie_companies.note,benchmarks/job/../../data/job/movie_companies__note.csv,job-csv,utf8,PairHorspool,static,full-scan,full-scan,not_contains_usa,%(USA)%,0,2609129,31450317,31450317,2609129,2609129,0,0,0,707630079,0,2754,878,20326335,20327213,2609129,1335804,487819,7.790804134253231,7.790467623486612,0.6463277619745454,
job_movie_companies_note,movie_companies.note,benchmarks/job/../../data/job/movie_companies__note.csv,job-csv,utf8,PairHorspool,static,full-scan,full-scan,not_contains_usa,%(USA)%,1,2609129,31450317,31450317,2609129,2609129,0,0,0,707630079,0,2754,99,20204846,20204945,2609129,1335804,487819,7.743942518748594,7.743904575051674,0.6424401064065587,
job_movie_companies_note,movie_companies.note,benchmarks/job/../../data/job/movie_companies__note.csv,job-csv,utf8,PairHorspool,static,full-scan,full-scan,not_contains_usa,%(USA)%,2,2609129,31450317,31450317,2609129,2609129,0,0,0,707630079,0,2754,110,20773279,20773389,2609129,1335804,487819,7.961809860685309,7.961767701022065,0.6605144552279075,
job_movie_companies_note,movie_companies.note,benchmarks/job/../../data/job/movie_companies__note.csv,job-csv,utf8,PairHorspool,static,full-scan,full-scan,not_contains_usa,%(USA)%,3,2609129,31450317,31450317,2609129,2609129,0,0,0,707630079,0,2754,109,20445488,20445597,2609129,1335804,487819,7.836177130375693,7.836135353982114,0.6500919211720505,
job_movie_companies_note,movie_companies.note,benchmarks/job/../../data/job/movie_companies__note.csv,job-csv,utf8,PairHorspool,static,full-scan,full-scan,not_contains_usa,%(USA)%,4,2609129,31450317,31450317,2609129,2609129,0,0,0,707630079,0,2754,110,20256393,20256503,2609129,1335804,487819,7.763703136180695,7.763660976517451,0.6440794539527217,
job_movie_companies_note,movie_companies.note,benchmarks/job/../../data/job/movie_companies__note.csv,job-csv,utf8,PairHorspool,static,prefix-btree,full-scan,not_contains_usa,%(USA)%,0,2609129,31450317,31450317,2609129,2609129,0,0,0,707630079,243783678,2754,1338,20404660,20405998,2609129,1335804,487819,7.82100003487754,7.820487220064627,0.6488328241651745,no-indexable-prefix
job_movie_companies_note,movie_companies.note,benchmarks/job/../../data/job/movie_companies__note.csv,job-csv,utf8,PairHorspool,static,prefix-btree,full-scan,not_contains_usa,%(USA)%,1,2609129,31450317,31450317,2609129,2609129,0,0,0,707630079,243783678,2754,419,20396206,20396625,2609129,1335804,487819,7.81740764829949,7.817247058309497,0.6485347985522689,no-indexable-prefix
job_movie_companies_note,movie_companies.note,benchmarks/job/../../data/job/movie_companies__note.csv,job-csv,utf8,PairHorspool,static,prefix-btree,full-scan,not_contains_usa,%(USA)%,2,2609129,31450317,31450317,2609129,2609129,0,0,0,707630079,243783678,2754,279,20318590,20318869,2609129,1335804,487819,7.787606132161346,7.787499199924572,0.6460624546328102,no-indexable-prefix
job_movie_companies_note,movie_companies.note,benchmarks/job/../../data/job/movie_companies__note.csv,job-csv,utf8,PairHorspool,static,prefix-btree,full-scan,not_contains_usa,%(USA)%,3,2609129,31450317,31450317,2609129,2609129,0,0,0,707630079,243783678,2754,648,20349499,20350147,2609129,1335804,487819,7.799594040769928,7.799345682026454,0.6470569756101345,no-indexable-prefix
job_movie_companies_note,movie_companies.note,benchmarks/job/../../data/job/movie_companies__note.csv,job-csv,utf8,PairHorspool,static,prefix-btree,full-scan,not_contains_usa,%(USA)%,4,2609129,31450317,31450317,2609129,2609129,0,0,0,707630079,243783678,2754,480,20304438,20304918,2609129,1335804,487819,7.782259137053017,7.782075167613407,0.6456188660991875,no-indexable-prefix
job_movie_companies_note,movie_companies.note,benchmarks/job/../../data/job/movie_companies__note.csv,job-csv,utf8,PairHorspool,static,qgram,full-scan,not_contains_usa,%(USA)%,0,2609129,31450317,31450317,2609129,2609129,0,0,0,707630079,930075132,2754,669,20279547,20280216,2609129,1335804,487819,7.772791609767091,7.772535202360634,0.6448334368140073,literal-shorter-than-qgram
job_movie_companies_note,movie_companies.note,benchmarks/job/../../data/job/movie_companies__note.csv,job-csv,utf8,PairHorspool,static,qgram,full-scan,not_contains_usa,%(USA)%,1,2609129,31450317,31450317,2609129,2609129,0,0,0,707630079,930075132,2754,99,20301354,20301453,2609129,1335804,487819,7.780931107660832,7.7808931639639125,0.6455086923289199,literal-shorter-than-qgram
job_movie_companies_note,movie_companies.note,benchmarks/job/../../data/job/movie_companies__note.csv,job-csv,utf8,PairHorspool,static,qgram,full-scan,not_contains_usa,%(USA)%,2,2609129,31450317,31450317,2609129,2609129,0,0,0,707630079,930075132,2754,100,20545618,20545718,2609129,1335804,487819,7.874550472590662,7.874512145624076,0.6532753866995998,literal-shorter-than-qgram
job_movie_companies_note,movie_companies.note,benchmarks/job/../../data/job/movie_companies__note.csv,job-csv,utf8,PairHorspool,static,qgram,full-scan,not_contains_usa,%(USA)%,3,2609129,31450317,31450317,2609129,2609129,0,0,0,707630079,930075132,2754,110,21112704,21112814,2609129,1335804,487819,8.091901167017806,8.09185900735456,0.6713068742677538,literal-shorter-than-qgram
job_movie_companies_note,movie_companies.note,benchmarks/job/../../data/job/movie_companies__note.csv,job-csv,utf8,PairHorspool,static,qgram,full-scan,not_contains_usa,%(USA)%,4,2609129,31450317,31450317,2609129,2609129,0,0,0,707630079,930075132,2754,99,21142903,21143002,2609129,1335804,487819,8.103471311690607,8.103433367993686,0.6722667374068122,literal-shorter-than-qgram
job_movie_companies_note,movie_companies.note,benchmarks/job/../../data/job/movie_companies__note.csv,job-csv,utf8,PairHorspool,static,trigram,trigram,not_contains_usa,%(USA)%,0,2609129,31450317,31450317,2609129,2609129,0,0,0,707630079,1060889407,2754,916908,5819221,6736129,487819,487819,487819,2.581753910979488,11.929057703779476,0.21418318295488087,
job_movie_companies_note,movie_companies.note,benchmarks/job/../../data/job/movie_companies__note.csv,job-csv,utf8,PairHorspool,static,trigram,trigram,not_contains_usa,%(USA)%,1,2609129,31450317,31450317,2609129,2609129,0,0,0,707630079,1060889407,2754,986261,5454535,6440796,487819,487819,487819,2.468561730753826,11.181473046355308,0.20479272116716662,
job_movie_companies_note,movie_companies.note,benchmarks/job/../../data/job/movie_companies__note.csv,job-csv,utf8,PairHorspool,static,trigram,trigram,not_contains_usa,%(USA)%,2,2609129,31450317,31450317,2609129,2609129,0,0,0,707630079,1060889407,2754,890112,5492071,6382183,487819,487819,487819,2.446097145829125,11.258419618752038,0.20292905155773153,
job_movie_companies_note,movie_companies.note,benchmarks/job/../../data/job/movie_companies__note.csv,job-csv,utf8,PairHorspool,static,trigram,trigram,not_contains_usa,%(USA)%,3,2609129,31450317,31450317,2609129,2609129,0,0,0,707630079,1060889407,2754,1013606,5842425,6856031,487819,487819,487819,2.6277087104547148,11.976624526719952,0.21799560875650315,
job_movie_companies_note,movie_companies.note,benchmarks/job/../../data/job/movie_companies__note.csv,job-csv,utf8,PairHorspool,static,trigram,trigram,not_contains_usa,%(USA)%,4,2609129,31450317,31450317,2609129,2609129,0,0,0,707630079,1060889407,2754,911779,5358326,6270105,487819,487819,487819,2.40314104821954,10.984250305953642,0.19936539908325884,
job_movie_companies_note,movie_companies.note,benchmarks/job/../../data/job/movie_companies__note.csv,job-csv,utf8,PairHorspool,static,fm,fm,not_contains_mgm_as,%(as Metro-Goldwyn-Mayer Pictures)%,0,2609129,31450317,31450317,2609129,2609129,0,0,0,707630079,69127940303,3133,1607,689,2296,52,52,52,0.0008799871528008006,13.25,0.00007300403363183907,
job_movie_companies_note,movie_companies.note,benchmarks/job/../../data/job/movie_companies__note.csv,job-csv,utf8,PairHorspool,static,fm,fm,not_contains_mgm_as,%(as Metro-Goldwyn-Mayer Pictures)%,1,2609129,31450317,31450317,2609129,2609129,0,0,0,707630079,69127940303,3133,959,669,1628,52,52,52,0.0006239630160103238,12.865384615384615,0.000051764184125711674,
job_movie_companies_note,movie_companies.note,benchmarks/job/../../data/job/movie_companies__note.csv,job-csv,utf8,PairHorspool,static,fm,fm,not_contains_mgm_as,%(as Metro-Goldwyn-Mayer Pictures)%,2,2609129,31450317,31450317,2609129,2609129,0,0,0,707630079,69127940303,3133,879,618,1497,52,52,52,0.0005737546897834488,11.884615384615385,0.00004759888429741424,
job_movie_companies_note,movie_companies.note,benchmarks/job/../../data/job/movie_companies__note.csv,job-csv,utf8,PairHorspool,static,fm,fm,not_contains_mgm_as,%(as Metro-Goldwyn-Mayer Pictures)%,3,2609129,31450317,31450317,2609129,2609129,0,0,0,707630079,69127940303,3133,868,569,1437,52,52,52,0.0005507585098322084,10.942307692307692,0.00004569111338369022,
job_movie_companies_note,movie_companies.note,benchmarks/job/../../data/job/movie_companies__note.csv,job-csv,utf8,PairHorspool,static,fm,fm,not_contains_mgm_as,%(as Metro-Goldwyn-Mayer Pictures)%,4,2609129,31450317,31450317,2609129,2609129,0,0,0,707630079,69127940303,3133,878,569,1447,52,52,52,0.0005545912064907484,10.942307692307692,0.00004600907520264422,
job_movie_companies_note,movie_companies.note,benchmarks/job/../../data/job/movie_companies__note.csv,job-csv,utf8,PairHorspool,static,full-scan,full-scan,not_contains_mgm_as,%(as Metro-Goldwyn-Mayer Pictures)%,0,2609129,31450317,31450317,2609129,2609129,0,0,0,707630079,0,3133,559,5067754,5068313,2609129,146608,52,1.942530629953521,1.9423163822103084,0.16115300205082195,
job_movie_companies_note,movie_companies.note,benchmarks/job/../../data/job/movie_companies__note.csv,job-csv,utf8,PairHorspool,static,full-scan,full-scan,not_contains_mgm_as,%(as Metro-Goldwyn-Mayer Pictures)%,1,2609129,31450317,31450317,2609129,2609129,0,0,0,707630079,0,3133,30,5098842,5098872,2609129,146608,52,1.9542429676723534,1.954231469582378,0.16212466157336347,
job_movie_companies_note,movie_companies.note,benchmarks/job/../../data/job/movie_companies__note.csv,job-csv,utf8,PairHorspool,static,full-scan,full-scan,not_contains_mgm_as,%(as Metro-Goldwyn-Mayer Pictures)%,2,2609129,31450317,31450317,2609129,2609129,0,0,0,707630079,0,3133,40,5444485,5444525,2609129,146608,52,2.0867212774837887,2.0867059466971547,0.17311510723405427,
job_movie_companies_note,movie_companies.note,benchmarks/job/../../data/job/movie_companies__note.csv,job-csv,utf8,PairHorspool,static,full-scan,full-scan,not_contains_mgm_as,%(as Metro-Goldwyn-Mayer Pictures)%,3,2609129,31450317,31450317,2609129,2609129,0,0,0,707630079,0,3133,50,5253216,5253266,2609129,146608,52,2.013417504462217,2.0133983409789242,0.1670338012809219,
job_movie_companies_note,movie_companies.note,benchmarks/job/../../data/job/movie_companies__note.csv,job-csv,utf8,PairHorspool,static,full-scan,full-scan,not_contains_mgm_as,%(as Metro-Goldwyn-Mayer Pictures)%,4,2609129,31450317,31450317,2609129,2609129,0,0,0,707630079,0,3133,40,5156828,5156868,2609129,146608,52,1.9764710752132224,1.9764557444265884,0.1639687129385691,
job_movie_companies_note,movie_companies.note,benchmarks/job/../../data/job/movie_companies__note.csv,job-csv,utf8,PairHorspool,static,prefix-btree,full-scan,not_contains_mgm_as,%(as Metro-Goldwyn-Mayer Pictures)%,0,2609129,31450317,31450317,2609129,2609129,0,0,0,707630079,243783678,3133,918,5109531,5110449,2609129,146608,52,1.9586800805939453,1.9583282390406913,0.16249276597116652,no-indexable-prefix
job_movie_companies_note,movie_companies.note,benchmarks/job/../../data/job/movie_companies__note.csv,job-csv,utf8,PairHorspool,static,prefix-btree,full-scan,not_contains_mgm_as,%(as Metro-Goldwyn-Mayer Pictures)%,1,2609129,31450317,31450317,2609129,2609129,0,0,0,707630079,243783678,3133,259,4977833,4978092,2609129,146608,52,1.9079516574305064,1.9078523905870504,0.15828431872403703,no-indexable-prefix
job_movie_companies_note,movie_companies.note,benchmarks/job/../../data/job/movie_companies__note.csv,job-csv,utf8,PairHorspool,static,prefix-btree,full-scan,not_contains_mgm_as,%(as Metro-Goldwyn-Mayer Pictures)%,2,2609129,31450317,31450317,2609129,2609129,0,0,0,707630079,243783678,3133,359,5109101,5109460,2609129,146608,52,1.9583010268944157,1.9581634330843742,0.16246131954727197,no-indexable-prefix
job_movie_companies_note,movie_companies.note,benchmarks/job/../../data/job/movie_companies__note.csv,job-csv,utf8,PairHorspool,static,prefix-btree,full-scan,not_contains_mgm_as,%(as Metro-Goldwyn-Mayer Pictures)%,3,2609129,31450317,31450317,2609129,2609129,0,0,0,707630079,243783678,3133,339,5028153,5028492,2609129,146608,52,1.9272684485895484,1.927138520172824,0.1598868462915652,no-indexable-prefix
job_movie_companies_note,movie_companies.note,benchmarks/job/../../data/job/movie_companies__note.csv,job-csv,utf8,PairHorspool,static,prefix-btree,full-scan,not_contains_mgm_as,%(as Metro-Goldwyn-Mayer Pictures)%,4,2609129,31450317,31450317,2609129,2609129,0,0,0,707630079,243783678,3133,269,4813129,4813398,2609129,146608,52,1.8448294430823466,1.8447263435422319,0.15304767834295596,no-indexable-prefix
job_movie_companies_note,movie_companies.note,benchmarks/job/../../data/job/movie_companies__note.csv,job-csv,utf8,PairHorspool,static,qgram,qgram,not_contains_mgm_as,%(as Metro-Goldwyn-Mayer Pictures)%,0,2609129,31450317,31450317,2609129,2609129,0,0,0,707630079,930075132,3133,3124,718,3842,52,52,52,0.0014725220562110957,13.807692307692308,0.00012216093084212791,
job_movie_companies_note,movie_companies.note,benchmarks/job/../../data/job/movie_companies__note.csv,job-csv,utf8,PairHorspool,static,qgram,qgram,not_contains_mgm_as,%(as Metro-Goldwyn-Mayer Pictures)%,1,2609129,31450317,31450317,2609129,2609129,0,0,0,707630079,930075132,3133,1767,698,2465,52,52,52,0.0009447597263301278,13.423076923076923,0.00007837758837216171,
job_movie_companies_note,movie_companies.note,benchmarks/job/../../data/job/movie_companies__note.csv,job-csv,utf8,PairHorspool,static,qgram,qgram,not_contains_mgm_as,%(as Metro-Goldwyn-Mayer Pictures)%,2,2609129,31450317,31450317,2609129,2609129,0,0,0,707630079,930075132,3133,1517,658,2175,52,52,52,0.0008336115232324657,12.653846153846153,0.00006915669562249563,
job_movie_companies_note,movie_companies.note,benchmarks/job/../../data/job/movie_companies__note.csv,job-csv,utf8,PairHorspool,static,qgram,qgram,not_contains_mgm_as,%(as Metro-Goldwyn-Mayer Pictures)%,3,2609129,31450317,31450317,2609129,2609129,0,0,0,707630079,930075132,3133,1527,598,2125,52,52,52,0.0008144480399397653,11.5,0.00006756688652772562,
job_movie_companies_note,movie_companies.note,benchmarks/job/../../data/job/movie_companies__note.csv,job-csv,utf8,PairHorspool,static,qgram,qgram,not_contains_mgm_as,%(as Metro-Goldwyn-Mayer Pictures)%,4,2609129,31450317,31450317,2609129,2609129,0,0,0,707630079,930075132,3133,1537,599,2136,52,52,52,0.0008186640062641594,11.51923076923077,0.00006791664452857502,
job_movie_companies_note,movie_companies.note,benchmarks/job/../../data/job/movie_companies__note.csv,job-csv,utf8,PairHorspool,static,trigram,trigram,not_contains_mgm_as,%(as Metro-Goldwyn-Mayer Pictures)%,0,2609129,31450317,31450317,2609129,2609129,0,0,0,707630079,1060889407,3133,189902,2126,192028,52,52,52,0.0735985073946133,40.88461538461539,0.006105757217009927,
job_movie_companies_note,movie_companies.note,benchmarks/job/../../data/job/movie_companies__note.csv,job-csv,utf8,PairHorspool,static,trigram,trigram,not_contains_mgm_as,%(as Metro-Goldwyn-Mayer Pictures)%,1,2609129,31450317,31450317,2609129,2609129,0,0,0,707630079,1060889407,3133,184074,1906,185980,52,52,52,0.07128049245552827,36.65384615384615,0.005913453908906546,
job_movie_companies_note,movie_companies.note,benchmarks/job/../../data/job/movie_companies__note.csv,job-csv,utf8,PairHorspool,static,trigram,trigram,not_contains_mgm_as,%(as Metro-Goldwyn-Mayer Pictures)%,2,2609129,31450317,31450317,2609129,2609129,0,0,0,707630079,1060889407,3133,197188,1696,198884,52,52,52,0.07622620422370838,32.61538461538461,0.0063237518400847915,
job_movie_companies_note,movie_companies.note,benchmarks/job/../../data/job/movie_companies__note.csv,job-csv,utf8,PairHorspool,static,trigram,trigram,not_contains_mgm_as,%(as Metro-Goldwyn-Mayer Pictures)%,3,2609129,31450317,31450317,2609129,2609129,0,0,0,707630079,1060889407,3133,193545,1926,195471,52,52,52,0.07491810485414864,37.03846153846154,0.00621523147127579,
job_movie_companies_note,movie_companies.note,benchmarks/job/../../data/job/movie_companies__note.csv,job-csv,utf8,PairHorspool,static,trigram,trigram,not_contains_mgm_as,%(as Metro-Goldwyn-Mayer Pictures)%,4,2609129,31450317,31450317,2609129,2609129,0,0,0,707630079,1060889407,3133,182558,1417,183975,52,52,52,0.07051203677549098,27.25,0.0058497025642062685,
job_movie_companies_note,movie_companies.note,benchmarks/job/../../data/job/movie_companies__note.csv,job-csv,utf8,StdSearch,static,fm,fm,contains_1994,%(1994)%,0,2609129,31450317,31450317,2609129,2609129,0,0,0,707630079,69127940303,1896,134773,594199,728972,8468,8468,8468,0.27939285485692733,70.1699338686821,0.02317852630865374,
job_movie_companies_note,movie_companies.note,benchmarks/job/../../data/job/movie_companies__note.csv,job-csv,utf8,StdSearch,static,fm,fm,contains_1994,%(1994)%,1,2609129,31450317,31450317,2609129,2609129,0,0,0,707630079,69127940303,1896,122636,470416,593052,8468,8468,8468,0.2272988418740507,55.55219650448748,0.018856789265430933,
job_movie_companies_note,movie_companies.note,benchmarks/job/../../data/job/movie_companies__note.csv,job-csv,utf8,StdSearch,static,fm,fm,contains_1994,%(1994)%,2,2609129,31450317,31450317,2609129,2609129,0,0,0,707630079,69127940303,1896,329777,511622,841399,8468,8468,8468,0.32248271357989583,60.41828058573453,0.02675327565060791,
job_movie_companies_note,movie_companies.note,benchmarks/job/../../data/job/movie_companies__note.csv,job-csv,utf8,StdSearch,static,fm,fm,contains_1994,%(1994)%,3,2609129,31450317,31450317,2609129,2609129,0,0,0,707630079,69127940303,1896,119902,295822,415724,8468,8468,8468,0.1593343985674913,34.93410486537553,0.013218435922283391,
job_movie_companies_note,movie_companies.note,benchmarks/job/../../data/job/movie_companies__note.csv,job-csv,utf8,StdSearch,static,fm,fm,contains_1994,%(1994)%,4,2609129,31450317,31450317,2609129,2609129,0,0,0,707630079,69127940303,1896,84961,224335,309296,8468,8468,8468,0.11854377456998101,26.4920878601795,0.009834431875519729,
job_movie_companies_note,movie_companies.note,benchmarks/job/../../data/job/movie_companies__note.csv,job-csv,utf8,StdSearch,static,full-scan,full-scan,contains_1994,%(1994)%,0,2609129,31450317,31450317,2609129,2609129,0,0,0,707630079,0,1896,1118,36505019,36506137,2609129,1324859,8468,13.99169492961061,13.991266434124185,1.1607557723504027,
job_movie_companies_note,movie_companies.note,benchmarks/job/../../data/job/movie_companies__note.csv,job-csv,utf8,StdSearch,static,full-scan,full-scan,contains_1994,%(1994)%,1,2609129,31450317,31450317,2609129,2609129,0,0,0,707630079,0,1896,99,36520108,36520207,2609129,1324859,8468,13.997087533809175,13.997049590112256,1.161203144629671,
job_movie_companies_note,movie_companies.note,benchmarks/job/../../data/job/movie_companies__note.csv,job-csv,utf8,StdSearch,static,full-scan,full-scan,contains_1994,%(1994)%,2,2609129,31450317,31450317,2609129,2609129,0,0,0,707630079,0,1896,100,36385175,36385275,2609129,1324859,8468,13.945372191256162,13.945333864289577,1.156912822214161,
job_movie_companies_note,movie_companies.note,benchmarks/job/../../data/job/movie_companies__note.csv,job-csv,utf8,StdSearch,static,full-scan,full-scan,contains_1994,%(1994)%,3,2609129,31450317,31450317,2609129,2609129,0,0,0,707630079,0,1896,110,37228194,37228304,2609129,1324859,8468,14.2684796343914,14.268437474728156,1.1837179256412582,
job_movie_companies_note,movie_companies.note,benchmarks/job/../../data/job/movie_companies__note.csv,job-csv,utf8,StdSearch,static,full-scan,full-scan,contains_1994,%(1994)%,4,2609129,31450317,31450317,2609129,2609129,0,0,0,707630079,0,1896,100,37258542,37258642,2609129,1324859,8468,14.28010726951408,14.280068942547494,1.1846825582076008,
job_movie_companies_note,movie_companies.note,benchmarks/job/../../data/job/movie_companies__note.csv,job-csv,utf8,StdSearch,static,prefix-btree,full-scan,contains_1994,%(1994)%,0,2609129,31450317,31450317,2609129,2609129,0,0,0,707630079,243783678,1896,1028,36158588,36159616,2609129,1324859,8468,13.858883941729212,13.858489940512715,1.1497377276038268,no-indexable-prefix
job_movie_companies_note,movie_companies.note,benchmarks/job/../../data/job/movie_companies__note.csv,job-csv,utf8,StdSearch,static,prefix-btree,full-scan,contains_1994,%(1994)%,1,2609129,31450317,31450317,2609129,2609129,0,0,0,707630079,243783678,1896,399,36763537,36763936,2609129,1324859,8468,14.090501466198107,14.090348541601431,1.168952796246855,no-indexable-prefix
job_movie_companies_note,movie_companies.note,benchmarks/job/../../data/job/movie_companies__note.csv,job-csv,utf8,StdSearch,static,prefix-btree,full-scan,contains_1994,%(1994)%,2,2609129,31450317,31450317,2609129,2609129,0,0,0,707630079,243783678,1896,409,36301863,36302272,2609129,1324859,8468,13.913559659181283,13.913402901887949,1.154273643728297,no-indexable-prefix
job_movie_companies_note,movie_companies.note,benchmarks/job/../../data/job/movie_companies__note.csv,job-csv,utf8,StdSearch,static,prefix-btree,full-scan,contains_1994,%(1994)%,3,2609129,31450317,31450317,2609129,2609129,0,0,0,707630079,243783678,1896,479,36265311,36265790,2609129,1324859,8468,13.899577215231597,13.899393629061652,1.153113655420389,no-indexable-prefix
job_movie_companies_note,movie_companies.note,benchmarks/job/../../data/job/movie_companies__note.csv,job-csv,utf8,StdSearch,static,prefix-btree,full-scan,contains_1994,%(1994)%,4,2609129,31450317,31450317,2609129,2609129,0,0,0,707630079,243783678,1896,409,36379713,36380122,2609129,1324859,8468,13.943397202668017,13.943240445374682,1.1567489764888539,no-indexable-prefix
job_movie_companies_note,movie_companies.note,benchmarks/job/../../data/job/movie_companies__note.csv,job-csv,utf8,StdSearch,static,qgram,full-scan,contains_1994,%(1994)%,0,2609129,31450317,31450317,2609129,2609129,0,0,0,707630079,930075132,1896,539,36328350,36328889,2609129,1324859,8468,13.923761147877318,13.923554565527423,1.1551199627018067,literal-shorter-than-qgram
job_movie_companies_note,movie_companies.note,benchmarks/job/../../data/job/movie_companies__note.csv,job-csv,utf8,StdSearch,static,qgram,full-scan,contains_1994,%(1994)%,1,2609129,31450317,31450317,2609129,2609129,0,0,0,707630079,930075132,1896,90,36457226,36457316,2609129,1324859,8468,13.97298332125395,13.972948826984025,1.1592034509540874,literal-shorter-than-qgram
job_movie_companies_note,movie_companies.note,benchmarks/job/../../data/job/movie_companies__note.csv,job-csv,utf8,StdSearch,static,qgram,full-scan,contains_1994,%(1994)%,2,2609129,31450317,31450317,2609129,2609129,0,0,0,707630079,930075132,1896,110,36381901,36382011,2609129,1324859,8468,13.944121199066815,13.94407903940357,1.1568090394764543,literal-shorter-than-qgram
job_movie_companies_note,movie_companies.note,benchmarks/job/../../data/job/movie_companies__note.csv,job-csv,utf8,StdSearch,static,qgram,full-scan,contains_1994,%(1994)%,3,2609129,31450317,31450317,2609129,2609129,0,0,0,707630079,930075132,1896,100,36477354,36477454,2609129,1324859,8468,13.980701605784919,13.980663278818334,1.159843762465097,literal-shorter-than-qgram
job_movie_companies_note,movie_companies.note,benchmarks/job/../../data/job/movie_companies__note.csv,job-csv,utf8,StdSearch,static,qgram,full-scan,contains_1994,%(1994)%,4,2609129,31450317,31450317,2609129,2609129,0,0,0,707630079,930075132,1896,110,36298391,36298501,2609129,1324859,8468,13.912114349271347,13.912072189608104,1.1541537403263693,literal-shorter-than-qgram
job_movie_companies_note,movie_companies.note,benchmarks/job/../../data/job/movie_companies__note.csv,job-csv,utf8,StdSearch,static,trigram,trigram,contains_1994,%(1994)%,0,2609129,31450317,31450317,2609129,2609129,0,0,0,707630079,1060889407,1896,447342,234269,681611,8594,8594,8468,0.26124082021241574,27.259599720735398,0.02167262733790569,
job_movie_companies_note,movie_companies.note,benchmarks/job/../../data/job/movie_companies__note.csv,job-csv,utf8,StdSearch,static,trigram,trigram,contains_1994,%(1994)%,1,2609129,31450317,31450317,2609129,2609129,0,0,0,707630079,1060889407,1896,443240,227015,670255,8594,8594,8468,0.2568884098869776,26.415522457528507,0.02131154989630152,
job_movie_companies_note,movie_companies.note,benchmarks/job/../../data/job/movie_companies__note.csv,job-csv,utf8,StdSearch,static,trigram,trigram,contains_1994,%(1994)%,2,2609129,31450317,31450317,2609129,2609129,0,0,0,707630079,1060889407,1896,433211,226176,659387,8594,8594,8468,0.2527230351584763,26.317896206655806,0.020965988991462313,
job_movie_companies_note,movie_companies.note,benchmarks/job/../../data/job/movie_companies__note.csv,job-csv,utf8,StdSearch,static,trigram,trigram,contains_1994,%(1994)%,3,2609129,31450317,31450317,2609129,2609129,0,0,0,707630079,1060889407,1896,441195,227663,668858,8594,8594,8468,0.25635298216377955,26.490923900395625,0.02126713063019365,
job_movie_companies_note,movie_companies.note,benchmarks/job/../../data/job/movie_companies__note.csv,job-csv,utf8,StdSearch,static,trigram,trigram,contains_1994,%(1994)%,4,2609129,31450317,31450317,2609129,2609129,0,0,0,707630079,1060889407,1896,440137,228381,668518,8594,8594,8468,0.2562226704773892,26.574470560856412,0.021256319928349213,
job_movie_companies_note,movie_companies.note,benchmarks/job/../../data/job/movie_companies__note.csv,job-csv,utf8,StdSearch,static,fm,full-scan,contains_200_wild,%(200%)%,0,2609129,31450317,31450317,2609129,2609129,0,0,0,707630079,69127940303,2984,3133,44137918,44141051,2609129,1335804,440138,16.91792586721469,16.916725083351572,1.4035168866501408,too-broad
job_movie_companies_note,movie_companies.note,benchmarks/job/../../data/job/movie_companies__note.csv,job-csv,utf8,StdSearch,static,fm,full-scan,contains_200_wild,%(200%)%,1,2609129,31450317,31450317,2609129,2609129,0,0,0,707630079,69127940303,2984,3094,44145342,44148436,2609129,1335804,440138,16.920756313697023,16.91957047735087,1.4037517014534384,too-broad
job_movie_companies_note,movie_companies.note,benchmarks/job/../../data/job/movie_companies__note.csv,job-csv,utf8,StdSearch,static,fm,full-scan,contains_200_wild,%(200%)%,2,2609129,31450317,31450317,2609129,2609129,0,0,0,707630079,69127940303,2984,2874,43817345,43820219,2609129,1335804,440138,16.79496069377942,16.793859176759753,1.3933156540202758,too-broad
job_movie_companies_note,movie_companies.note,benchmarks/job/../../data/job/movie_companies__note.csv,job-csv,utf8,StdSearch,static,fm,full-scan,contains_200_wild,%(200%)%,3,2609129,31450317,31450317,2609129,2609129,0,0,0,707630079,69127940303,2984,2465,43328789,43331254,2609129,1335804,440138,16.607555241615113,16.606610481888783,1.3777684339397915,too-broad
job_movie_companies_note,movie_companies.note,benchmarks/job/../../data/job/movie_companies__note.csv,job-csv,utf8,StdSearch,static,fm,full-scan,contains_200_wild,%(200%)%,4,2609129,31450317,31450317,2609129,2609129,0,0,0,707630079,69127940303,2984,2036,43507043,43509079,2609129,1335804,440138,16.675710169945603,16.674929832905924,1.383422589985341,too-broad
job_movie_companies_note,movie_companies.note,benchmarks/job/../../data/job/movie_companies__note.csv,job-csv,utf8,StdSearch,static,full-scan,full-scan,contains_200_wild,%(200%)%,0,2609129,31450317,31450317,2609129,2609129,0,0,0,707630079,0,2984,609,43762458,43763067,2609129,1335804,440138,16.77305606583653,16.772822654610025,1.39149843863259,
job_movie_companies_note,movie_companies.note,benchmarks/job/../../data/job/movie_companies__note.csv,job-csv,utf8,StdSearch,static,full-scan,full-scan,contains_200_wild,%(200%)%,1,2609129,31450317,31450317,2609129,2609129,0,0,0,707630079,0,2984,439,43767327,43767766,2609129,1335804,440138,16.774857049996378,16.77468879461307,1.3916478488913164,
job_movie_companies_note,movie_companies.note,benchmarks/job/../../data/job/movie_companies__note.csv,job-csv,utf8,StdSearch,static,full-scan,full-scan,contains_200_wild,%(200%)%,2,2609129,31450317,31450317,2609129,2609129,0,0,0,707630079,0,2984,100,43406130,43406230,2609129,1335804,440138,16.636291268082182,16.636252941115597,1.380152384473581,
job_movie_companies_note,movie_companies.note,benchmarks/job/../../data/job/movie_companies__note.csv,job-csv,utf8,StdSearch,static,full-scan,full-scan,contains_200_wild,%(200%)%,3,2609129,31450317,31450317,2609129,2609129,0,0,0,707630079,0,2984,110,43318140,43318250,2609129,1335804,440138,16.60257120288035,16.602529043217103,1.3773549563904237,
job_movie_companies_note,movie_companies.note,benchmarks/job/../../data/job/movie_companies__note.csv,job-csv,utf8,StdSearch,static,full-scan,full-scan,contains_200_wild,%(200%)%,4,2609129,31450317,31450317,2609129,2609129,0,0,0,707630079,0,2984,110,44422319,44422429,2609129,1335804,440138,17.02576951925336,17.025727359590118,1.4124636327195048,
job_movie_companies_note,movie_companies.note,benchmarks/job/../../data/job/movie_companies__note.csv,job-csv,utf8,StdSearch,static,prefix-btree,full-scan,contains_200_wild,%(200%)%,0,2609129,31450317,31450317,2609129,2609129,0,0,0,707630079,243783678,2984,599,43508218,43508817,2609129,1335804,440138,16.67560975329315,16.6753801747633,1.3834142593856844,no-indexable-prefix
job_movie_companies_note,movie_companies.note,benchmarks/job/../../data/job/movie_companies__note.csv,job-csv,utf8,StdSearch,static,prefix-btree,full-scan,contains_200_wild,%(200%)%,1,2609129,31450317,31450317,2609129,2609129,0,0,0,707630079,243783678,2984,190,43836437,43836627,2609129,1335804,440138,16.80124938245675,16.801176561220238,1.3938373657728156,no-indexable-prefix
job_movie_companies_note,movie_companies.note,benchmarks/job/../../data/job/movie_companies__note.csv,job-csv,utf8,StdSearch,static,prefix-btree,full-scan,contains_200_wild,%(200%)%,2,2609129,31450317,31450317,2609129,2609129,0,0,0,707630079,243783678,2984,299,43948139,43948438,2609129,1335804,440138,16.844103147065553,16.843988549435462,1.3973925286667221,no-indexable-prefix
job_movie_companies_note,movie_companies.note,benchmarks/job/../../data/job/movie_companies__note.csv,job-csv,utf8,StdSearch,static,prefix-btree,full-scan,contains_200_wild,%(200%)%,3,2609129,31450317,31450317,2609129,2609129,0,0,0,707630079,243783678,2984,340,43931873,43932213,2609129,1335804,440138,16.837884596737073,16.837754285050682,1.3968766356154694,no-indexable-prefix
job_movie_companies_note,movie_companies.note,benchmarks/job/../../data/job/movie_companies__note.csv,job-csv,utf8,StdSearch,static,prefix-btree,full-scan,contains_200_wild,%(200%)%,4,2609129,31450317,31450317,2609129,2609129,0,0,0,707630079,243783678,2984,210,44108771,44108981,2609129,1335804,440138,16.905634409030753,16.905553922400923,1.4024971830967554,no-indexable-prefix
job_movie_companies_note,movie_companies.note,benchmarks/job/../../data/job/movie_companies__note.csv,job-csv,utf8,StdSearch,static,qgram,full-scan,contains_200_wild,%(200%)%,0,2609129,31450317,31450317,2609129,2609129,0,0,0,707630079,930075132,2984,399,44287284,44287683,2609129,1335804,440138,16.974125464858197,16.97397254026152,1.4081792243938271,literal-shorter-than-qgram
job_movie_companies_note,movie_companies.note,benchmarks/job/../../data/job/movie_companies__note.csv,job-csv,utf8,StdSearch,static,qgram,full-scan,contains_200_wild,%(200%)%,1,2609129,31450317,31450317,2609129,2609129,0,0,0,707630079,930075132,2984,429,44879142,44879571,2609129,1335804,440138,17.200978180841194,17.200813758154542,1.426999002903532,literal-shorter-than-qgram
job_movie_companies_note,movie_companies.note,benchmarks/job/../../data/job/movie_companies__note.csv,job-csv,utf8,StdSearch,static,qgram,full-scan,contains_200_wild,%(200%)%,2,2609129,31450317,31450317,2609129,2609129,0,0,0,707630079,930075132,2984,109,43832486,43832595,2609129,1335804,440138,16.799704039164027,16.79966226277045,1.3937091635674133,literal-shorter-than-qgram
job_movie_companies_note,movie_companies.note,benchmarks/job/../../data/job/movie_companies__note.csv,job-csv,utf8,StdSearch,static,qgram,full-scan,contains_200_wild,%(200%)%,3,2609129,31450317,31450317,2609129,2609129,0,0,0,707630079,930075132,2984,99,44104699,44104798,2609129,1335804,440138,16.904031192018486,16.903993248321566,1.402364179667887,literal-shorter-than-qgram
job_movie_companies_note,movie_companies.note,benchmarks/job/../../data/job/movie_companies__note.csv,job-csv,utf8,StdSearch,static,qgram,full-scan,contains_200_wild,%(200%)%,4,2609129,31450317,31450317,2609129,2609129,0,0,0,707630079,930075132,2984,109,44124746,44124855,2609129,1335804,440138,16.911718431706518,16.91167665531294,1.403001915688163,literal-shorter-than-qgram
job_movie_companies_note,movie_companies.note,benchmarks/job/../../data/job/movie_companies__note.csv,job-csv,utf8,StdSearch,static,trigram,trigram,contains_200_wild,%(200%)%,0,2609129,31450317,31450317,2609129,2609129,0,0,0,707630079,1060889407,2984,1319861,19441276,20761137,440146,440146,440138,7.957114040739266,44.170061752236755,0.6601248884073251,
job_movie_companies_note,movie_companies.note,benchmarks/job/../../data/job/movie_companies__note.csv,job-csv,utf8,StdSearch,static,trigram,trigram,contains_200_wild,%(200%)%,1,2609129,31450317,31450317,2609129,2609129,0,0,0,707630079,1060889407,2984,1290923,19422645,20713568,440146,440146,440138,7.938882286004256,44.127732615995605,0.6586123758307428,
job_movie_companies_note,movie_companies.note,benchmarks/job/../../data/job/movie_companies__note.csv,job-csv,utf8,StdSearch,static,trigram,trigram,contains_200_wild,%(200%)%,2,2609129,31450317,31450317,2609129,2609129,0,0,0,707630079,1060889407,2984,1310911,19577677,20888588,440146,440146,440138,8.005962142922025,44.47996119469449,0.6641773435860758,
job_movie_companies_note,movie_companies.note,benchmarks/job/../../data/job/movie_companies__note.csv,job-csv,utf8,StdSearch,static,trigram,trigram,contains_200_wild,%(200%)%,3,2609129,31450317,31450317,2609129,2609129,0,0,0,707630079,1060889407,2984,1315980,19587207,20903187,440146,440146,440138,8.011557496773827,44.50161310110736,0.6646415360455667,
job_movie_companies_note,movie_companies.note,benchmarks/job/../../data/job/movie_companies__note.csv,job-csv,utf8,StdSearch,static,trigram,trigram,contains_200_wild,%(200%)%,4,2609129,31450317,31450317,2609129,2609129,0,0,0,707630079,1060889407,2984,1320131,19722103,21042234,440146,440146,440138,8.064849994001829,44.80809322361217,0.6690626997495764,
job_movie_companies_note,movie_companies.note,benchmarks/job/../../data/job/movie_companies__note.csv,job-csv,utf8,StdSearch,static,fm,fm,contains_2006,%(2006)%,0,2609129,31450317,31450317,2609129,2609129,0,0,0,707630079,69127940303,2375,1043984,3089912,4133896,57173,57173,57173,1.584396938595217,54.04495128819548,0.13144210915266769,
job_movie_companies_note,movie_companies.note,benchmarks/job/../../data/job/movie_companies__note.csv,job-csv,utf8,StdSearch,static,fm,fm,contains_2006,%(2006)%,1,2609129,31450317,31450317,2609129,2609129,0,0,0,707630079,69127940303,2375,906894,2655849,3562743,57173,57173,57173,1.3654913191337033,46.4528536197156,0.11328162447456412,
job_movie_companies_note,movie_companies.note,benchmarks/job/../../data/job/movie_companies__note.csv,job-csv,utf8,StdSearch,static,fm,fm,contains_2006,%(2006)%,2,2609129,31450317,31450317,2609129,2609129,0,0,0,707630079,69127940303,2375,940064,2495986,3436050,57173,57173,57173,1.3169337353576616,43.65672607699439,0.10925327080169017,
job_movie_companies_note,movie_companies.note,benchmarks/job/../../data/job/movie_companies__note.csv,job-csv,utf8,StdSearch,static,fm,fm,contains_2006,%(2006)%,3,2609129,31450317,31450317,2609129,2609129,0,0,0,707630079,69127940303,2375,848627,2283336,3131963,57173,57173,57173,1.200386412477114,39.93731306735697,0.09958446523766358,
job_movie_companies_note,movie_companies.note,benchmarks/job/../../data/job/movie_companies__note.csv,job-csv,utf8,StdSearch,static,fm,fm,contains_2006,%(2006)%,4,2609129,31450317,31450317,2609129,2609129,0,0,0,707630079,69127940303,2375,944035,2077621,3021656,57173,57173,57173,1.158109085445756,36.33919857275287,0.09607712380132766,
job_movie_companies_note,movie_companies.note,benchmarks/job/../../data/job/movie_companies__note.csv,job-csv,utf8,StdSearch,static,full-scan,full-scan,contains_2006,%(2006)%,0,2609129,31450317,31450317,2609129,2609129,0,0,0,707630079,0,2375,749,34508642,34509391,2609129,1324859,57173,13.226402757395284,13.22611568841556,1.0972668733354898,
job_movie_companies_note,movie_companies.note,benchmarks/job/../../data/job/movie_companies__note.csv,job-csv,utf8,StdSearch,static,full-scan,full-scan,contains_2006,%(2006)%,1,2609129,31450317,31450317,2609129,2609129,0,0,0,707630079,0,2375,100,34543640,34543740,2609129,1324859,57173,13.239567687147703,13.239529360181118,1.0983590403874148,
job_movie_companies_note,movie_companies.note,benchmarks/job/../../data/job/movie_companies__note.csv,job-csv,utf8,StdSearch,static,full-scan,full-scan,contains_2006,%(2006)%,2,2609129,31450317,31450317,2609129,2609129,0,0,0,707630079,0,2375,120,34298556,34298676,2609129,1324859,57173,13.145642089754856,13.145596097394954,1.0905669408674006,
job_movie_companies_note,movie_companies.note,benchmarks/job/../../data/job/movie_companies__note.csv,job-csv,utf8,StdSearch,static,full-scan,full-scan,contains_2006,%(2006)%,3,2609129,31450317,31450317,2609129,2609129,0,0,0,707630079,0,2375,110,34048016,34048126,2609129,1324859,57173,13.049613874975135,13.049571715311892,1.0826004074935078,
job_movie_companies_note,movie_companies.note,benchmarks/job/../../data/job/movie_companies__note.csv,job-csv,utf8,StdSearch,static,full-scan,full-scan,contains_2006,%(2006)%,4,2609129,31450317,31450317,2609129,2609129,0,0,0,707630079,0,2375,139,33948348,33948487,2609129,1324859,57173,13.011425268739108,13.011371994255555,1.079432267725632,
job_movie_companies_note,movie_companies.note,benchmarks/job/../../data/job/movie_companies__note.csv,job-csv,utf8,StdSearch,static,prefix-btree,full-scan,contains_2006,%(2006)%,0,2609129,31450317,31450317,2609129,2609129,0,0,0,707630079,243783678,2375,1337,33989838,33991175,2609129,1324859,57173,13.027786284235084,13.027273852691836,1.080789583138383,no-indexable-prefix
job_movie_companies_note,movie_companies.note,benchmarks/job/../../data/job/movie_companies__note.csv,job-csv,utf8,StdSearch,static,prefix-btree,full-scan,contains_2006,%(2006)%,1,2609129,31450317,31450317,2609129,2609129,0,0,0,707630079,243783678,2375,620,34661084,34661704,2609129,1324859,57173,13.284779710010506,13.284542082817676,1.1021098451885238,no-indexable-prefix
job_movie_companies_note,movie_companies.note,benchmarks/job/../../data/job/movie_companies__note.csv,job-csv,utf8,StdSearch,static,prefix-btree,full-scan,contains_2006,%(2006)%,2,2609129,31450317,31450317,2609129,2609129,0,0,0,707630079,243783678,2375,429,34774646,34775075,2609129,1324859,57173,13.32823137529804,13.328066952611389,1.1057146101261872,no-indexable-prefix
job_movie_companies_note,movie_companies.note,benchmarks/job/../../data/job/movie_companies__note.csv,job-csv,utf8,StdSearch,static,prefix-btree,full-scan,contains_2006,%(2006)%,3,2609129,31450317,31450317,2609129,2609129,0,0,0,707630079,243783678,2375,349,34451199,34451548,2609129,1324859,57173,13.20423329011329,13.204099528999908,1.0954276867861141,no-indexable-prefix
job_movie_companies_note,movie_companies.note,benchmarks/job/../../data/job/movie_companies__note.csv,job-csv,utf8,StdSearch,static,prefix-btree,full-scan,contains_2006,%(2006)%,4,2609129,31450317,31450317,2609129,2609129,0,0,0,707630079,243783678,2375,399,34100081,34100480,2609129,1324859,57173,13.069679575061256,13.06952665046458,1.0842650648004597,no-indexable-prefix
job_movie_companies_note,movie_companies.note,benchmarks/job/../../data/job/movie_companies__note.csv,job-csv,utf8,StdSearch,static,qgram,full-scan,contains_2006,%(2006)%,0,2609129,31450317,31450317,2609129,2609129,0,0,0,707630079,930075132,2375,539,35268185,35268724,2609129,1324859,57173,13.517432062577205,13.51722548022731,1.1214107635226698,literal-shorter-than-qgram
job_movie_companies_note,movie_companies.note,benchmarks/job/../../data/job/movie_companies__note.csv,job-csv,utf8,StdSearch,static,qgram,full-scan,contains_2006,%(2006)%,1,2609129,31450317,31450317,2609129,2609129,0,0,0,707630079,930075132,2375,110,34627957,34628067,2609129,1324859,57173,13.271887668260174,13.27184550859693,1.1010403170181082,literal-shorter-than-qgram
job_movie_companies_note,movie_companies.note,benchmarks/job/../../data/job/movie_companies__note.csv,job-csv,utf8,StdSearch,static,qgram,full-scan,contains_2006,%(2006)%,2,2609129,31450317,31450317,2609129,2609129,0,0,0,707630079,930075132,2375,109,48297373,48297482,2609129,1324859,57173,18.510959787729927,18.51091801133635,1.5356755227618215,literal-shorter-than-qgram
job_movie_companies_note,movie_companies.note,benchmarks/job/../../data/job/movie_companies__note.csv,job-csv,utf8,StdSearch,static,qgram,full-scan,contains_2006,%(2006)%,3,2609129,31450317,31450317,2609129,2609129,0,0,0,707630079,930075132,2375,109,41541172,41541281,2609129,1324859,57173,15.92151288801742,15.921471111623841,1.320854126843936,literal-shorter-than-qgram
job_movie_companies_note,movie_companies.note,benchmarks/job/../../data/job/movie_companies__note.csv,job-csv,utf8,StdSearch,static,qgram,full-scan,contains_2006,%(2006)%,4,2609129,31450317,31450317,2609129,2609129,0,0,0,707630079,930075132,2375,130,34975522,34975652,2609129,1324859,57173,13.40510645506604,13.405056630009478,1.112092192902221,literal-shorter-than-qgram
job_movie_companies_note,movie_companies.note,benchmarks/job/../../data/job/movie_companies__note.csv,job-csv,utf8,StdSearch,static,trigram,trigram,contains_2006,%(2006)%,0,2609129,31450317,31450317,2609129,2609129,0,0,0,707630079,1060889407,2375,1305636,3678966,4984602,57925,57925,57173,1.910446742955216,63.51257660768235,0.15849131186817608,
job_movie_companies_note,movie_companies.note,benchmarks/job/../../data/job/movie_companies__note.csv,job-csv,utf8,StdSearch,static,trigram,trigram,contains_2006,%(2006)%,1,2609129,31450317,31450317,2609129,2609129,0,0,0,707630079,1060889407,2375,1286617,3761038,5047655,57925,57925,57173,1.9346130451963088,64.92944324557618,0.16049615652522675,
job_movie_companies_note,movie_companies.note,benchmarks/job/../../data/job/movie_companies__note.csv,job-csv,utf8,StdSearch,static,trigram,trigram,contains_2006,%(2006)%,2,2609129,31450317,31450317,2609129,2609129,0,0,0,707630079,1060889407,2375,1455711,3632976,5088687,57925,57925,57173,1.9503393661256305,62.71861890375486,0.16180081746075883,
job_movie_companies_note,movie_companies.note,benchmarks/job/../../data/job/movie_companies__note.csv,job-csv,utf8,StdSearch,static,trigram,trigram,contains_2006,%(2006)%,3,2609129,31450317,31450317,2609129,2609129,0,0,0,707630079,1060889407,2375,1323808,3646687,4970495,57925,57925,57173,1.9050399577790136,62.955321536469576,0.15804276313017768,
job_movie_companies_note,movie_companies.note,benchmarks/job/../../data/job/movie_companies__note.csv,job-csv,utf8,StdSearch,static,trigram,trigram,contains_2006,%(2006)%,4,2609129,31450317,31450317,2609129,2609129,0,0,0,707630079,1060889407,2375,1266272,3557161,4823433,57925,57925,57173,1.8486755541791915,61.409771255934395,0.15336675302827632,
job_movie_companies_note,movie_companies.note,benchmarks/job/../../data/job/movie_companies__note.csv,job-csv,utf8,StdSearch,static,fm,fm,contains_2007,%(2007)%,0,2609129,31450317,31450317,2609129,2609129,0,0,0,707630079,69127940303,2245,1312292,4088238,5400530,62155,62155,62155,2.0698593285345415,65.7748853672271,0.17171623421156612,
job_movie_companies_note,movie_companies.note,benchmarks/job/../../data/job/movie_companies__note.csv,job-csv,utf8,StdSearch,static,fm,fm,contains_2007,%(2007)%,1,2609129,31450317,31450317,2609129,2609129,0,0,0,707630079,69127940303,2245,1099673,3845196,4944869,62155,62155,62155,1.8952182893218388,61.864628750703886,0.15722795417292615,
job_movie_companies_note,movie_companies.note,benchmarks/job/../../data/job/movie_companies__note.csv,job-csv,utf8,StdSearch,static,fm,fm,contains_2007,%(2007)%,2,2609129,31450317,31450317,2609129,2609129,0,0,0,707630079,69127940303,2245,1603510,4662412,6265922,62155,62155,62155,2.4015378312072726,75.01266189365296,0.19923239565439038,
job_movie_companies_note,movie_companies.note,benchmarks/job/../../data/job/movie_companies__note.csv,job-csv,utf8,StdSearch,static,fm,fm,contains_2007,%(2007)%,3,2609129,31450317,31450317,2609129,2609129,0,0,0,707630079,69127940303,2245,1593123,4652714,6245837,62155,62155,62155,2.393839859968595,74.85663261201834,0.19859376934102127,
job_movie_companies_note,movie_companies.note,benchmarks/job/../../data/job/movie_companies__note.csv,job-csv,utf8,StdSearch,static,fm,fm,contains_2007,%(2007)%,4,2609129,31450317,31450317,2609129,2609129,0,0,0,707630079,69127940303,2245,1551973,4838151,6390124,62155,62155,62155,2.449140690245672,77.84009331509935,0.20318154503816288,
job_movie_companies_note,movie_companies.note,benchmarks/job/../../data/job/movie_companies__note.csv,job-csv,utf8,StdSearch,static,full-scan,full-scan,contains_2007,%(2007)%,0,2609129,31450317,31450317,2609129,2609129,0,0,0,707630079,0,2245,519,34925848,34926367,2609129,1324859,62155,13.386217009584424,13.386018092627847,1.1105251180775062,
job_movie_companies_note,movie_companies.note,benchmarks/job/../../data/job/movie_companies__note.csv,job-csv,utf8,StdSearch,static,full-scan,full-scan,contains_2007,%(2007)%,1,2609129,31450317,31450317,2609129,2609129,0,0,0,707630079,0,2245,99,34302890,34302989,2609129,1324859,62155,13.147295131823686,13.147257188126765,1.0907040777999153,
job_movie_companies_note,movie_companies.note,benchmarks/job/../../data/job/movie_companies__note.csv,job-csv,utf8,StdSearch,static,full-scan,full-scan,contains_2007,%(2007)%,2,2609129,31450317,31450317,2609129,2609129,0,0,0,707630079,0,2245,99,34260864,34260963,2609129,1324859,62155,13.131187840846504,13.131149897149585,1.0893678114595793,
job_movie_companies_note,movie_companies.note,benchmarks/job/../../data/job/movie_companies__note.csv,job-csv,utf8,StdSearch,static,full-scan,full-scan,contains_2007,%(2007)%,3,2609129,31450317,31450317,2609129,2609129,0,0,0,707630079,0,2245,100,34530187,34530287,2609129,1324859,62155,13.234411560332969,13.234373233366384,1.097931286352376,
job_movie_companies_note,movie_companies.note,benchmarks/job/../../data/job/movie_companies__note.csv,job-csv,utf8,StdSearch,static,full-scan,full-scan,contains_2007,%(2007)%,4,2609129,31450317,31450317,2609129,2609129,0,0,0,707630079,0,2245,219,34321520,34321739,2609129,1324859,62155,13.154481438058449,13.154397502001625,1.0913002562104541,
job_movie_companies_note,movie_companies.note,benchmarks/job/../../data/job/movie_companies__note.csv,job-csv,utf8,StdSearch,static,prefix-btree,full-scan,contains_2007,%(2007)%,0,2609129,31450317,31450317,2609129,2609129,0,0,0,707630079,243783678,2245,1048,34511259,34512307,2609129,1324859,62155,13.227520371740914,13.2271187051311,1.0973595910018967,no-indexable-prefix
job_movie_companies_note,movie_companies.note,benchmarks/job/../../data/job/movie_companies__note.csv,job-csv,utf8,StdSearch,static,prefix-btree,full-scan,contains_2007,%(2007)%,1,2609129,31450317,31450317,2609129,2609129,0,0,0,707630079,243783678,2245,339,34884478,34884817,2609129,1324859,62155,13.37029215496819,13.370162226551466,1.1092039867197523,no-indexable-prefix
job_movie_companies_note,movie_companies.note,benchmarks/job/../../data/job/movie_companies__note.csv,job-csv,utf8,StdSearch,static,prefix-btree,full-scan,contains_2007,%(2007)%,2,2609129,31450317,31450317,2609129,2609129,0,0,0,707630079,243783678,2245,549,44101029,44101578,2609129,1324859,62155,16.902797063694436,16.902586648647883,1.4022617959621837,no-indexable-prefix
job_movie_companies_note,movie_companies.note,benchmarks/job/../../data/job/movie_companies__note.csv,job-csv,utf8,StdSearch,static,prefix-btree,full-scan,contains_2007,%(2007)%,3,2609129,31450317,31450317,2609129,2609129,0,0,0,707630079,243783678,2245,759,34670503,34671262,2609129,1324859,62155,13.288443001476738,13.288152099800355,1.1024137530950802,no-indexable-prefix
job_movie_companies_note,movie_companies.note,benchmarks/job/../../data/job/movie_companies__note.csv,job-csv,utf8,StdSearch,static,prefix-btree,full-scan,contains_2007,%(2007)%,4,2609129,31450317,31450317,2609129,2609129,0,0,0,707630079,243783678,2245,349,36290578,36290927,2609129,1324859,62155,13.90921146482217,13.909077703708785,1.1539129160446937,no-indexable-prefix
job_movie_companies_note,movie_companies.note,benchmarks/job/../../data/job/movie_companies__note.csv,job-csv,utf8,StdSearch,static,qgram,full-scan,contains_2007,%(2007)%,0,2609129,31450317,31450317,2609129,2609129,0,0,0,707630079,930075132,2245,778,36419528,36420306,2609129,1324859,62155,13.958798510920694,13.95850032712066,1.1580266742621386,literal-shorter-than-qgram
job_movie_companies_note,movie_companies.note,benchmarks/job/../../data/job/movie_companies__note.csv,job-csv,utf8,StdSearch,static,qgram,full-scan,contains_2007,%(2007)%,1,2609129,31450317,31450317,2609129,2609129,0,0,0,707630079,930075132,2245,120,35957431,35957551,2609129,1324859,62155,13.781438556698424,13.781392564338521,1.1433128321091326,literal-shorter-than-qgram
job_movie_companies_note,movie_companies.note,benchmarks/job/../../data/job/movie_companies__note.csv,job-csv,utf8,StdSearch,static,qgram,full-scan,contains_2007,%(2007)%,2,2609129,31450317,31450317,2609129,2609129,0,0,0,707630079,930075132,2245,110,35878222,35878332,2609129,1324859,62155,13.751076317039134,13.75103415737589,1.140793970375561,literal-shorter-than-qgram
job_movie_companies_note,movie_companies.note,benchmarks/job/../../data/job/movie_companies__note.csv,job-csv,utf8,StdSearch,static,qgram,full-scan,contains_2007,%(2007)%,3,2609129,31450317,31450317,2609129,2609129,0,0,0,707630079,930075132,2245,299,35326021,35326320,2609129,1324859,62155,13.539506862251732,13.539392264621641,1.1232420964151173,literal-shorter-than-qgram
job_movie_companies_note,movie_companies.note,benchmarks/job/../../data/job/movie_companies__note.csv,job-csv,utf8,StdSearch,static,qgram,full-scan,contains_2007,%(2007)%,4,2609129,31450317,31450317,2609129,2609129,0,0,0,707630079,930075132,2245,100,35091603,35091703,2609129,1324859,62155,13.449585283058063,13.449546956091478,1.1157821716073641,literal-shorter-than-qgram
job_movie_companies_note,movie_companies.note,benchmarks/job/../../data/job/movie_companies__note.csv,job-csv,utf8,StdSearch,static,trigram,trigram,contains_2007,%(2007)%,0,2609129,31450317,31450317,2609129,2609129,0,0,0,707630079,1060889407,2245,1328905,3817461,5146366,63218,63218,62155,1.9724459771824236,60.38566547502294,0.1636347894363036,
job_movie_companies_note,movie_companies.note,benchmarks/job/../../data/job/movie_companies__note.csv,job-csv,utf8,StdSearch,static,trigram,trigram,contains_2007,%(2007)%,1,2609129,31450317,31450317,2609129,2609129,0,0,0,707630079,1060889407,2245,1345717,4032343,5378060,63218,63218,62155,2.061247259142802,63.78472903287039,0.1710017740043765,
job_movie_companies_note,movie_companies.note,benchmarks/job/../../data/job/movie_companies__note.csv,job-csv,utf8,StdSearch,static,trigram,trigram,contains_2007,%(2007)%,2,2609129,31450317,31450317,2609129,2609129,0,0,0,707630079,1060889407,2245,1335919,3862500,5198419,63218,63218,62155,1.9923963130991222,61.09810497010345,0.1652898760925049,
job_movie_companies_note,movie_companies.note,benchmarks/job/../../data/job/movie_companies__note.csv,job-csv,utf8,StdSearch,static,trigram,trigram,contains_2007,%(2007)%,3,2609129,31450317,31450317,2609129,2609129,0,0,0,707630079,1060889407,2245,1335311,3904258,5239569,63218,63218,62155,2.008167859849015,61.75864468980354,0.16659828897750062,
job_movie_companies_note,movie_companies.note,benchmarks/job/../../data/job/movie_companies__note.csv,job-csv,utf8,StdSearch,static,trigram,trigram,contains_2007,%(2007)%,4,2609129,31450317,31450317,2609129,2609129,0,0,0,707630079,1060889407,2245,1344141,3887555,5231696,63218,63218,62155,2.005150377769746,61.49443196557942,0.16634795763743812,
job_movie_companies_note,movie_companies.note,benchmarks/job/../../data/job/movie_companies__note.csv,job-csv,utf8,StdSearch,static,fm,fm,contains_blu_ray,%(Blu-ray)%,0,2609129,31450317,31450317,2609129,2609129,0,0,0,707630079,69127940303,2694,87446,361077,448523,7963,7963,7963,0.17190526033783687,45.344342584453095,0.014261318892270624,
job_movie_companies_note,movie_companies.note,benchmarks/job/../../data/job/movie_companies__note.csv,job-csv,utf8,StdSearch,static,fm,fm,contains_blu_ray,%(Blu-ray)%,1,2609129,31450317,31450317,2609129,2609129,0,0,0,707630079,69127940303,2694,77767,336182,413949,7963,7963,7963,0.15865409491060042,42.21800828833354,0.013161997699419056,
job_movie_companies_note,movie_companies.note,benchmarks/job/../../data/job/movie_companies__note.csv,job-csv,utf8,StdSearch,static,fm,fm,contains_blu_ray,%(Blu-ray)%,2,2609129,31450317,31450317,2609129,2609129,0,0,0,707630079,69127940303,2694,74495,339225,413720,7963,7963,7963,0.15856632615711988,42.6001506969735,0.013154716373765009,
job_movie_companies_note,movie_companies.note,benchmarks/job/../../data/job/movie_companies__note.csv,job-csv,utf8,StdSearch,static,fm,fm,contains_blu_ray,%(Blu-ray)%,3,2609129,31450317,31450317,2609129,2609129,0,0,0,707630079,69127940303,2694,71780,360907,432687,7963,7963,7963,0.16583580190937283,45.32299384654025,0.013757794555775065,
job_movie_companies_note,movie_companies.note,benchmarks/job/../../data/job/movie_companies__note.csv,job-csv,utf8,StdSearch,static,fm,fm,contains_blu_ray,%(Blu-ray)%,4,2609129,31450317,31450317,2609129,2609129,0,0,0,707630079,69127940303,2694,71461,329148,400609,7963,7963,7963,0.15354127756810798,41.33467286198669,0.012737836632934416,
job_movie_companies_note,movie_companies.note,benchmarks/job/../../data/job/movie_companies__note.csv,job-csv,utf8,StdSearch,static,full-scan,full-scan,contains_blu_ray,%(Blu-ray)%,0,2609129,31450317,31450317,2609129,2609129,0,0,0,707630079,0,2694,708,37399162,37399870,2609129,1308949,7963,14.334235677883308,14.333964322959885,1.1891730693843245,
job_movie_companies_note,movie_companies.note,benchmarks/job/../../data/job/movie_companies__note.csv,job-csv,utf8,StdSearch,static,full-scan,full-scan,contains_blu_ray,%(Blu-ray)%,1,2609129,31450317,31450317,2609129,2609129,0,0,0,707630079,0,2694,99,37791000,37791099,2609129,1308949,7963,14.484181885985706,14.484143942288787,1.20161265783108,
job_movie_companies_note,movie_companies.note,benchmarks/job/../../data/job/movie_companies__note.csv,job-csv,utf8,StdSearch,static,full-scan,full-scan,contains_blu_ray,%(Blu-ray)%,2,2609129,31450317,31450317,2609129,2609129,0,0,0,707630079,0,2694,100,37100784,37100884,2609129,1308949,7963,14.219643413568283,14.219605086601698,1.1796664561441463,
job_movie_companies_note,movie_companies.note,benchmarks/job/../../data/job/movie_companies__note.csv,job-csv,utf8,StdSearch,static,full-scan,full-scan,contains_blu_ray,%(Blu-ray)%,3,2609129,31450317,31450317,2609129,2609129,0,0,0,707630079,0,2694,100,37288269,37288369,2609129,1308949,7963,14.291500726870922,14.291462399904336,1.1856277633068055,
job_movie_companies_note,movie_companies.note,benchmarks/job/../../data/job/movie_companies__note.csv,job-csv,utf8,StdSearch,static,full-scan,full-scan,contains_blu_ray,%(Blu-ray)%,4,2609129,31450317,31450317,2609129,2609129,0,0,0,707630079,0,2694,99,37050746,37050845,2609129,1308949,7963,14.200464982758614,14.200427039061694,1.1780754069982824,
job_movie_companies_note,movie_companies.note,benchmarks/job/../../data/job/movie_companies__note.csv,job-csv,utf8,StdSearch,static,prefix-btree,full-scan,contains_blu_ray,%(Blu-ray)%,0,2609129,31450317,31450317,2609129,2609129,0,0,0,707630079,243783678,2694,1137,37097013,37098150,2609129,1308949,7963,14.218595554301839,14.218159776691762,1.1795795253828443,no-indexable-prefix
job_movie_companies_note,movie_companies.note,benchmarks/job/../../data/job/movie_companies__note.csv,job-csv,utf8,StdSearch,static,prefix-btree,full-scan,contains_blu_ray,%(Blu-ray)%,1,2609129,31450317,31450317,2609129,2609129,0,0,0,707630079,243783678,2694,409,37501802,37502211,2609129,1308949,7963,14.373459878756474,14.37330312146314,1.1924271224356817,no-indexable-prefix
job_movie_companies_note,movie_companies.note,benchmarks/job/../../data/job/movie_companies__note.csv,job-csv,utf8,StdSearch,static,prefix-btree,full-scan,contains_blu_ray,%(Blu-ray)%,2,2609129,31450317,31450317,2609129,2609129,0,0,0,707630079,243783678,2694,569,37092364,37092933,2609129,1308949,7963,14.216596036455078,14.216377956015206,1.179413644701896,no-indexable-prefix
job_movie_companies_note,movie_companies.note,benchmarks/job/../../data/job/movie_companies__note.csv,job-csv,utf8,StdSearch,static,prefix-btree,full-scan,contains_blu_ray,%(Blu-ray)%,3,2609129,31450317,31450317,2609129,2609129,0,0,0,707630079,243783678,2694,370,37267414,37267784,2609129,1308949,7963,14.283611120799316,14.28346931102295,1.1849732389024887,no-indexable-prefix
job_movie_companies_note,movie_companies.note,benchmarks/job/../../data/job/movie_companies__note.csv,job-csv,utf8,StdSearch,static,prefix-btree,full-scan,contains_blu_ray,%(Blu-ray)%,4,2609129,31450317,31450317,2609129,2609129,0,0,0,707630079,243783678,2694,379,37345461,37345840,2609129,1308949,7963,14.313527617837217,14.313382358633858,1.187455121676516,no-indexable-prefix
job_movie_companies_note,movie_companies.note,benchmarks/job/../../data/job/movie_companies__note.csv,job-csv,utf8,StdSearch,static,qgram,full-scan,contains_blu_ray,%(Blu-ray)%,0,2609129,31450317,31450317,2609129,2609129,0,0,0,707630079,930075132,2694,658,36717677,36718335,2609129,1308949,7963,14.073023986165499,14.072771794725366,1.1675028585562428,literal-shorter-than-qgram
job_movie_companies_note,movie_companies.note,benchmarks/job/../../data/job/movie_companies__note.csv,job-csv,utf8,StdSearch,static,qgram,full-scan,contains_blu_ray,%(Blu-ray)%,1,2609129,31450317,31450317,2609129,2609129,0,0,0,707630079,930075132,2694,100,36684570,36684670,2609129,1308949,7963,14.060121212864523,14.060082885897938,1.1664324400927342,literal-shorter-than-qgram
job_movie_companies_note,movie_companies.note,benchmarks/job/../../data/job/movie_companies__note.csv,job-csv,utf8,StdSearch,static,qgram,full-scan,contains_blu_ray,%(Blu-ray)%,2,2609129,31450317,31450317,2609129,2609129,0,0,0,707630079,930075132,2694,160,36675171,36675331,2609129,1308949,7963,14.056541857455112,14.056480534308577,1.1661354955500132,literal-shorter-than-qgram
job_movie_companies_note,movie_companies.note,benchmarks/job/../../data/job/movie_companies__note.csv,job-csv,utf8,StdSearch,static,qgram,full-scan,contains_blu_ray,%(Blu-ray)%,3,2609129,31450317,31450317,2609129,2609129,0,0,0,707630079,930075132,2694,100,36988983,36989083,2609129,1308949,7963,14.176793481656139,14.176755154689554,1.1761116112120586,literal-shorter-than-qgram
job_movie_companies_note,movie_companies.note,benchmarks/job/../../data/job/movie_companies__note.csv,job-csv,utf8,StdSearch,static,qgram,full-scan,contains_blu_ray,%(Blu-ray)%,4,2609129,31450317,31450317,2609129,2609129,0,0,0,707630079,930075132,2694,100,36793757,36793857,2609129,1308949,7963,14.101969277870124,14.101930950903538,1.1699041698053472,literal-shorter-than-qgram
job_movie_companies_note,movie_companies.note,benchmarks/job/../../data/job/movie_companies__note.csv,job-csv,utf8,StdSearch,static,trigram,trigram,contains_blu_ray,%(Blu-ray)%,0,2609129,31450317,31450317,2609129,2609129,0,0,0,707630079,1060889407,2694,74604,367573,442177,7963,7963,7963,0.16947303103832734,46.16011553434635,0.014059540321962414,
job_movie_companies_note,movie_companies.note,benchmarks/job/../../data/job/movie_companies__note.csv,job-csv,utf8,StdSearch,static,trigram,trigram,contains_blu_ray,%(Blu-ray)%,1,2609129,31450317,31450317,2609129,2609129,0,0,0,707630079,1060889407,2694,71431,338627,410058,7963,7963,7963,0.1571627926407625,42.525053371844784,0.013038278755664053,
job_movie_companies_note,movie_companies.note,benchmarks/job/../../data/job/movie_companies__note.csv,job-csv,utf8,StdSearch,static,trigram,trigram,contains_blu_ray,%(Blu-ray)%,2,2609129,31450317,31450317,2609129,2609129,0,0,0,707630079,1060889407,2694,69595,329927,399522,7963,7963,7963,0.15312466344132467,41.432500313952026,0.012703274183214115,
job_movie_companies_note,movie_companies.note,benchmarks/job/../../data/job/movie_companies__note.csv,job-csv,utf8,StdSearch,static,trigram,trigram,contains_blu_ray,%(Blu-ray)%,3,2609129,31450317,31450317,2609129,2609129,0,0,0,707630079,1060889407,2694,68657,340333,408990,7963,7963,7963,0.1567534606376304,42.73929423584077,0.013004320433399765,
job_movie_companies_note,movie_companies.note,benchmarks/job/../../data/job/movie_companies__note.csv,job-csv,utf8,StdSearch,static,trigram,trigram,contains_blu_ray,%(Blu-ray)%,4,2609129,31450317,31450317,2609129,2609129,0,0,0,707630079,1060889407,2694,70044,336322,406366,7963,7963,7963,0.1557477610344295,42.23558960190883,0.012920887252106234,
job_movie_companies_note,movie_companies.note,benchmarks/job/../../data/job/movie_companies__note.csv,job-csv,utf8,StdSearch,static,fm,fm,contains_france,%(France)%,0,2609129,31450317,31450317,2609129,2609129,0,0,0,707630079,69127940303,1966,666338,2856577,3522915,39148,39148,39148,1.35022645488207,72.96865740267702,0.11201524614203412,
job_movie_companies_note,movie_companies.note,benchmarks/job/../../data/job/movie_companies__note.csv,job-csv,utf8,StdSearch,static,fm,fm,contains_france,%(France)%,1,2609129,31450317,31450317,2609129,2609129,0,0,0,707630079,69127940303,1966,666029,2234610,2900639,39148,39148,39148,1.1117269402931016,57.081076938796365,0.09222924525689201,
job_movie_companies_note,movie_companies.note,benchmarks/job/../../data/job/movie_companies__note.csv,job-csv,utf8,StdSearch,static,fm,fm,contains_france,%(France)%,2,2609129,31450317,31450317,2609129,2609129,0,0,0,707630079,69127940303,1966,580579,1604123,2184702,39148,39148,39148,0.8373300055305812,40.97586083580259,0.06946518217924481,
job_movie_companies_note,movie_companies.note,benchmarks/job/../../data/job/movie_companies__note.csv,job-csv,utf8,StdSearch,static,fm,fm,contains_france,%(France)%,3,2609129,31450317,31450317,2609129,2609129,0,0,0,707630079,69127940303,1966,537036,1564072,2101108,39148,39148,39148,0.8052909610831814,39.9527945233473,0.06680721214988071,
job_movie_companies_note,movie_companies.note,benchmarks/job/../../data/job/movie_companies__note.csv,job-csv,utf8,StdSearch,static,fm,fm,contains_france,%(France)%,4,2609129,31450317,31450317,2609129,2609129,0,0,0,707630079,69127940303,1966,543701,1437124,1980825,39148,39148,39148,0.7591901358652638,36.71002350056197,0.06298267200295628,
job_movie_companies_note,movie_companies.note,benchmarks/job/../../data/job/movie_companies__note.csv,job-csv,utf8,StdSearch,static,full-scan,full-scan,contains_france,%(France)%,0,2609129,31450317,31450317,2609129,2609129,0,0,0,707630079,0,1966,589,37324666,37325255,2609129,1314470,39148,14.305638011765613,14.305412265932425,1.186800597272199,
job_movie_companies_note,movie_companies.note,benchmarks/job/../../data/job/movie_companies__note.csv,job-csv,utf8,StdSearch,static,full-scan,full-scan,contains_france,%(France)%,1,2609129,31450317,31450317,2609129,2609129,0,0,0,707630079,0,1966,100,37483505,37483605,2609129,1314470,39148,14.366328763353595,14.36629043638701,1.1918355226753359,
job_movie_companies_note,movie_companies.note,benchmarks/job/../../data/job/movie_companies__note.csv,job-csv,utf8,StdSearch,static,full-scan,full-scan,contains_france,%(France)%,2,2609129,31450317,31450317,2609129,2609129,0,0,0,707630079,0,1966,110,38641717,38641827,2609129,1314470,39148,14.810240122278355,14.81019796261511,1.2286625600625902,
job_movie_companies_note,movie_companies.note,benchmarks/job/../../data/job/movie_companies__note.csv,job-csv,utf8,StdSearch,static,full-scan,full-scan,contains_france,%(France)%,3,2609129,31450317,31450317,2609129,2609129,0,0,0,707630079,0,1966,100,38887551,38887651,2609129,1314470,39148,14.90445700461725,14.904418677650664,1.2364788246808451,
job_movie_companies_note,movie_companies.note,benchmarks/job/../../data/job/movie_companies__note.csv,job-csv,utf8,StdSearch,static,full-scan,full-scan,contains_france,%(France)%,4,2609129,31450317,31450317,2609129,2609129,0,0,0,707630079,0,1966,110,38846057,38846167,2609129,1314470,39148,14.888557445798963,14.888515286135718,1.2351597918710961,
job_movie_companies_note,movie_companies.note,benchmarks/job/../../data/job/movie_companies__note.csv,job-csv,utf8,StdSearch,static,prefix-btree,full-scan,contains_france,%(France)%,0,2609129,31450317,31450317,2609129,2609129,0,0,0,707630079,243783678,1966,1112,37342053,37343165,2609129,1314470,39148,14.312502371481058,14.312076175612628,1.1873700668899458,no-indexable-prefix
job_movie_companies_note,movie_companies.note,benchmarks/job/../../data/job/movie_companies__note.csv,job-csv,utf8,StdSearch,static,prefix-btree,full-scan,contains_france,%(France)%,1,2609129,31450317,31450317,2609129,2609129,0,0,0,707630079,243783678,1966,358,37396864,37397222,2609129,1314470,39148,14.333220779808128,14.333083569267751,1.1890888730946654,no-indexable-prefix
job_movie_companies_note,movie_companies.note,benchmarks/job/../../data/job/movie_companies__note.csv,job-csv,utf8,StdSearch,static,prefix-btree,full-scan,contains_france,%(France)%,2,2609129,31450317,31450317,2609129,2609129,0,0,0,707630079,243783678,1966,318,37796175,37796493,2609129,1314470,39148,14.486249242563323,14.486127362809581,1.2017841664362239,no-indexable-prefix
job_movie_companies_note,movie_companies.note,benchmarks/job/../../data/job/movie_companies__note.csv,job-csv,utf8,StdSearch,static,prefix-btree,full-scan,contains_france,%(France)%,3,2609129,31450317,31450317,2609129,2609129,0,0,0,707630079,243783678,1966,348,37653543,37653891,2609129,1314470,39148,14.43159422167321,14.431460843829493,1.1972499673055759,no-indexable-prefix
job_movie_companies_note,movie_companies.note,benchmarks/job/../../data/job/movie_companies__note.csv,job-csv,utf8,StdSearch,static,prefix-btree,full-scan,contains_france,%(France)%,4,2609129,31450317,31450317,2609129,2609129,0,0,0,707630079,243783678,1966,368,37732826,37733194,2609129,1314470,39148,14.46198865598443,14.461847612747396,1.1997714999184268,no-indexable-prefix
job_movie_companies_note,movie_companies.note,benchmarks/job/../../data/job/movie_companies__note.csv,job-csv,utf8,StdSearch,static,qgram,full-scan,contains_france,%(France)%,0,2609129,31450317,31450317,2609129,2609129,0,0,0,707630079,930075132,1966,497,37557478,37557975,2609129,1314470,39148,14.394832528403157,14.394642043379227,1.1942002047228968,literal-shorter-than-qgram
job_movie_companies_note,movie_companies.note,benchmarks/job/../../data/job/movie_companies__note.csv,job-csv,utf8,StdSearch,static,qgram,full-scan,contains_france,%(France)%,1,2609129,31450317,31450317,2609129,2609129,0,0,0,707630079,930075132,1966,110,37426552,37426662,2609129,1314470,39148,14.34450423877087,14.344462079107625,1.190024952689666,literal-shorter-than-qgram
job_movie_companies_note,movie_companies.note,benchmarks/job/../../data/job/movie_companies__note.csv,job-csv,utf8,StdSearch,static,qgram,full-scan,contains_france,%(France)%,2,2609129,31450317,31450317,2609129,2609129,0,0,0,707630079,930075132,1966,99,37781437,37781536,2609129,1314470,39148,14.480516678171144,14.480478734474225,1.2013085909436143,literal-shorter-than-qgram
job_movie_companies_note,movie_companies.note,benchmarks/job/../../data/job/movie_companies__note.csv,job-csv,utf8,StdSearch,static,qgram,full-scan,contains_france,%(France)%,3,2609129,31450317,31450317,2609129,2609129,0,0,0,707630079,930075132,1966,119,37968044,37968163,2609129,1314470,39148,14.55204514610048,14.551999537010243,1.2072426169822073,literal-shorter-than-qgram
job_movie_companies_note,movie_companies.note,benchmarks/job/../../data/job/movie_companies__note.csv,job-csv,utf8,StdSearch,static,qgram,full-scan,contains_france,%(France)%,4,2609129,31450317,31450317,2609129,2609129,0,0,0,707630079,930075132,1966,120,37328600,37328720,2609129,1314470,39148,14.306966041157796,14.306920048797894,1.1869107710424667,literal-shorter-than-qgram
job_movie_companies_note,movie_companies.note,benchmarks/job/../../data/job/movie_companies__note.csv,job-csv,utf8,StdSearch,static,trigram,trigram,contains_france,%(France)%,0,2609129,31450317,31450317,2609129,2609129,0,0,0,707630079,1060889407,1966,210062,2417770,2627832,39148,39148,39148,1.0071682925604675,61.75973229794626,0.08355502426255354,
job_movie_companies_note,movie_companies.note,benchmarks/job/../../data/job/movie_companies__note.csv,job-csv,utf8,StdSearch,static,trigram,trigram,contains_france,%(France)%,1,2609129,31450317,31450317,2609129,2609129,0,0,0,707630079,1060889407,1966,257592,2134644,2392236,39148,39148,39148,0.9168714923639268,54.52753652804741,0.07606397099272481,
job_movie_companies_note,movie_companies.note,benchmarks/job/../../data/job/movie_companies__note.csv,job-csv,utf8,StdSearch,static,trigram,trigram,contains_france,%(France)%,2,2609129,31450317,31450317,2609129,2609129,0,0,0,707630079,1060889407,1966,201746,1700055,1901801,39148,39148,39148,0.7289026337908168,43.426356391131094,0.06047001052485417,
job_movie_companies_note,movie_companies.note,benchmarks/job/../../data/job/movie_companies__note.csv,job-csv,utf8,StdSearch,static,trigram,trigram,contains_france,%(France)%,3,2609129,31450317,31450317,2609129,2609129,0,0,0,707630079,1060889407,1966,199739,1425076,1624815,39148,39148,39148,0.6227423021245787,36.40226831511188,0.051662913286374824,
job_movie_companies_note,movie_companies.note,benchmarks/job/../../data/job/movie_companies__note.csv,job-csv,utf8,StdSearch,static,trigram,trigram,contains_france,%(France)%,4,2609129,31450317,31450317,2609129,2609129,0,0,0,707630079,1060889407,1966,201368,1432974,1634342,39148,39148,39148,0.6263937122311699,36.60401553080617,0.0519658355112923,
job_movie_companies_note,movie_companies.note,benchmarks/job/../../data/job/movie_companies__note.csv,job-csv,utf8,StdSearch,static,fm,fm,contains_japan,%(Japan)%,0,2609129,31450317,31450317,2609129,2609129,0,0,0,707630079,69127940303,2802,800903,1715424,2516327,48897,48897,48897,0.9644318084694165,35.08239769311,0.08000959100030693,
job_movie_companies_note,movie_companies.note,benchmarks/job/../../data/job/movie_companies__note.csv,job-csv,utf8,StdSearch,static,fm,fm,contains_japan,%(Japan)%,1,2609129,31450317,31450317,2609129,2609129,0,0,0,707630079,69127940303,2802,733919,1697889,2431808,48897,48897,48897,0.9320382395811015,34.72378673538254,0.07732220950268959,
job_movie_companies_note,movie_companies.note,benchmarks/job/../../data/job/movie_companies__note.csv,job-csv,utf8,StdSearch,static,fm,fm,contains_japan,%(Japan)%,2,2609129,31450317,31450317,2609129,2609129,0,0,0,707630079,69127940303,2802,709846,1394306,2104152,48897,48897,48897,0.806457633946041,28.51516452952124,0.06690399972757032,
job_movie_companies_note,movie_companies.note,benchmarks/job/../../data/job/movie_companies__note.csv,job-csv,utf8,StdSearch,static,fm,fm,contains_japan,%(Japan)%,3,2609129,31450317,31450317,2609129,2609129,0,0,0,707630079,69127940303,2802,696105,1341690,2037795,48897,48897,48897,0.7810250087289666,27.439106693662186,0.06479410048553724,
job_movie_companies_note,movie_companies.note,benchmarks/job/../../data/job/movie_companies__note.csv,job-csv,utf8,StdSearch,static,fm,fm,contains_japan,%(Japan)%,4,2609129,31450317,31450317,2609129,2609129,0,0,0,707630079,69127940303,2802,655936,1263300,1919236,48897,48897,48897,0.7355849404149813,25.835940855267193,0.06102437695620047,
job_movie_companies_note,movie_companies.note,benchmarks/job/../../data/job/movie_companies__note.csv,job-csv,utf8,StdSearch,static,full-scan,full-scan,contains_japan,%(Japan)%,0,2609129,31450317,31450317,2609129,2609129,0,0,0,707630079,0,2802,636,35713859,35714495,2609129,1323905,48897,13.688282564794612,13.688038805287128,1.1355845793223642,
job_movie_companies_note,movie_companies.note,benchmarks/job/../../data/job/movie_companies__note.csv,job-csv,utf8,StdSearch,static,full-scan,full-scan,contains_japan,%(Japan)%,1,2609129,31450317,31450317,2609129,2609129,0,0,0,707630079,0,2802,109,35769556,35769665,2609129,1323905,48897,13.709427552259777,13.709385775866199,1.1373387746775334,
job_movie_companies_note,movie_companies.note,benchmarks/job/../../data/job/movie_companies__note.csv,job-csv,utf8,StdSearch,static,full-scan,full-scan,contains_japan,%(Japan)%,2,2609129,31450317,31450317,2609129,2609129,0,0,0,707630079,0,2802,99,36247512,36247611,2609129,1323905,48897,13.892609755976036,13.892571812279117,1.1525356326297125,
job_movie_companies_note,movie_companies.note,benchmarks/job/../../data/job/movie_companies__note.csv,job-csv,utf8,StdSearch,static,full-scan,full-scan,contains_japan,%(Japan)%,3,2609129,31450317,31450317,2609129,2609129,0,0,0,707630079,0,2802,109,35612042,35612151,2609129,1323905,48897,13.64905721411245,13.649015437718871,1.1323304308824613,
job_movie_companies_note,movie_companies.note,benchmarks/job/../../data/job/movie_companies__note.csv,job-csv,utf8,StdSearch,static,full-scan,full-scan,contains_japan,%(Japan)%,4,2609129,31450317,31450317,2609129,2609129,0,0,0,707630079,0,2802,100,35666726,35666826,2609129,1323905,48897,13.670012483093016,13.66997415612643,1.1340688871275924,
job_movie_companies_note,movie_companies.note,benchmarks/job/../../data/job/movie_companies__note.csv,job-csv,utf8,StdSearch,static,prefix-btree,full-scan,contains_japan,%(Japan)%,0,2609129,31450317,31450317,2609129,2609129,0,0,0,707630079,243783678,2802,1034,35759094,35760128,2609129,1323905,48897,13.705772309456528,13.705376008622034,1.137035534490797,no-indexable-prefix
job_movie_companies_note,movie_companies.note,benchmarks/job/../../data/job/movie_companies__note.csv,job-csv,utf8,StdSearch,static,prefix-btree,full-scan,contains_japan,%(Japan)%,1,2609129,31450317,31450317,2609129,2609129,0,0,0,707630079,243783678,2802,556,35369731,35370287,2609129,1323905,48897,13.556358079650336,13.556144981716121,1.1246400791445124,no-indexable-prefix
job_movie_companies_note,movie_companies.note,benchmarks/job/../../data/job/movie_companies__note.csv,job-csv,utf8,StdSearch,static,prefix-btree,full-scan,contains_japan,%(Japan)%,2,2609129,31450317,31450317,2609129,2609129,0,0,0,707630079,243783678,2802,399,36049134,36049533,2609129,1323905,48897,13.816692467103007,13.81653954250633,1.1462375085122354,no-indexable-prefix
job_movie_companies_note,movie_companies.note,benchmarks/job/../../data/job/movie_companies__note.csv,job-csv,utf8,StdSearch,static,prefix-btree,full-scan,contains_japan,%(Japan)%,3,2609129,31450317,31450317,2609129,2609129,0,0,0,707630079,243783678,2802,496,37669012,37669508,2609129,1323905,48897,14.437579744044852,14.437389642290588,1.1977465282782365,no-indexable-prefix
job_movie_companies_note,movie_companies.note,benchmarks/job/../../data/job/movie_companies__note.csv,job-csv,utf8,StdSearch,static,prefix-btree,full-scan,contains_japan,%(Japan)%,4,2609129,31450317,31450317,2609129,2609129,0,0,0,707630079,243783678,2802,558,35551030,35551588,2609129,1323905,48897,13.625845253339333,13.625631388865786,1.1304047587183303,no-indexable-prefix
job_movie_companies_note,movie_companies.note,benchmarks/job/../../data/job/movie_companies__note.csv,job-csv,utf8,StdSearch,static,qgram,full-scan,contains_japan,%(Japan)%,0,2609129,31450317,31450317,2609129,2609129,0,0,0,707630079,930075132,2802,1023,36789225,36790248,2609129,1323905,48897,14.100586057646057,14.10019397277789,1.1697894173848868,literal-shorter-than-qgram
job_movie_companies_note,movie_companies.note,benchmarks/job/../../data/job/movie_companies__note.csv,job-csv,utf8,StdSearch,static,qgram,full-scan,contains_japan,%(Japan)%,1,2609129,31450317,31450317,2609129,2609129,0,0,0,707630079,930075132,2802,119,36632758,36632877,2609129,1323905,48897,14.040270527060946,14.04022491797071,1.1647856204438258,literal-shorter-than-qgram
job_movie_companies_note,movie_companies.note,benchmarks/job/../../data/job/movie_companies__note.csv,job-csv,utf8,StdSearch,static,qgram,full-scan,contains_japan,%(Japan)%,2,2609129,31450317,31450317,2609129,2609129,0,0,0,707630079,930075132,2802,109,35765667,35765776,2609129,1323905,48897,13.707937016529272,13.707895240135693,1.1372151193261422,literal-shorter-than-qgram
job_movie_companies_note,movie_companies.note,benchmarks/job/../../data/job/movie_companies__note.csv,job-csv,utf8,StdSearch,static,qgram,full-scan,contains_japan,%(Japan)%,3,2609129,31450317,31450317,2609129,2609129,0,0,0,707630079,930075132,2802,109,35804601,35804710,2609129,1323905,48897,13.72285923769963,13.722817461306052,1.1384530718720578,literal-shorter-than-qgram
job_movie_companies_note,movie_companies.note,benchmarks/job/../../data/job/movie_companies__note.csv,job-csv,utf8,StdSearch,static,qgram,full-scan,contains_japan,%(Japan)%,4,2609129,31450317,31450317,2609129,2609129,0,0,0,707630079,930075132,2802,99,35556499,35556598,2609129,1323905,48897,13.627765434365262,13.627727490668342,1.1305640575896263,literal-shorter-than-qgram
job_movie_companies_note,movie_companies.note,benchmarks/job/../../data/job/movie_companies__note.csv,job-csv,utf8,StdSearch,static,trigram,trigram,contains_japan,%(Japan)%,0,2609129,31450317,31450317,2609129,2609129,0,0,0,707630079,1060889407,2802,208611,2000730,2209341,48897,48897,48897,0.8467733868275582,40.91723418614639,0.07024860830496557,
job_movie_companies_note,movie_companies.note,benchmarks/job/../../data/job/movie_companies__note.csv,job-csv,utf8,StdSearch,static,trigram,trigram,contains_japan,%(Japan)%,1,2609129,31450317,31450317,2609129,2609129,0,0,0,707630079,1060889407,2802,185552,1779870,1965422,48897,48897,48897,0.7532866332021145,36.400392662126514,0.06249291541322143,
job_movie_companies_note,movie_companies.note,benchmarks/job/../../data/job/movie_companies__note.csv,job-csv,utf8,StdSearch,static,trigram,trigram,contains_japan,%(Japan)%,2,2609129,31450317,31450317,2609129,2609129,0,0,0,707630079,1060889407,2802,175429,1447918,1623347,48897,48897,48897,0.622179662255105,29.61159171319304,0.05161623649135238,
job_movie_companies_note,movie_companies.note,benchmarks/job/../../data/job/movie_companies__note.csv,job-csv,utf8,StdSearch,static,trigram,trigram,contains_japan,%(Japan)%,3,2609129,31450317,31450317,2609129,2609129,0,0,0,707630079,1060889407,2802,174416,1366145,1540561,48897,48897,48897,0.5904502996977152,27.939239626152933,0.04898395777695977,
job_movie_companies_note,movie_companies.note,benchmarks/job/../../data/job/movie_companies__note.csv,job-csv,utf8,StdSearch,static,trigram,trigram,contains_japan,%(Japan)%,4,2609129,31450317,31450317,2609129,2609129,0,0,0,707630079,1060889407,2802,185304,1423022,1608326,48897,48897,48897,0.616422568604312,29.102439822483998,0.05113862604310157,
job_movie_companies_note,movie_companies.note,benchmarks/job/../../data/job/movie_companies__note.csv,job-csv,utf8,StdSearch,static,fm,full-scan,contains_usa,%(USA)%,0,2609129,31450317,31450317,2609129,2609129,0,0,0,707630079,69127940303,2106,4362,32909918,32914280,2609129,1335804,487819,12.615045097425233,12.613373275142777,1.046548433836136,too-broad
job_movie_companies_note,movie_companies.note,benchmarks/job/../../data/job/movie_companies__note.csv,job-csv,utf8,StdSearch,static,fm,full-scan,contains_usa,%(USA)%,1,2609129,31450317,31450317,2609129,2609129,0,0,0,707630079,69127940303,2106,2732,32797146,32799878,2609129,1335804,487819,12.571198281112203,12.57015118838509,1.0429108870349384,too-broad
job_movie_companies_note,movie_companies.note,benchmarks/job/../../data/job/movie_companies__note.csv,job-csv,utf8,StdSearch,static,fm,full-scan,contains_usa,%(USA)%,2,2609129,31450317,31450317,2609129,2609129,0,0,0,707630079,69127940303,2106,2484,33020523,33023007,2609129,1335804,487819,12.656716858384542,12.65576481653456,1.0500055373050772,too-broad
job_movie_companies_note,movie_companies.note,benchmarks/job/../../data/job/movie_companies__note.csv,job-csv,utf8,StdSearch,static,fm,full-scan,contains_usa,%(USA)%,3,2609129,31450317,31450317,2609129,2609129,0,0,0,707630079,69127940303,2106,2652,32823394,32826046,2609129,1335804,487819,12.58122768172827,12.580211250574425,1.0437429295227771,too-broad
job_movie_companies_note,movie_companies.note,benchmarks/job/../../data/job/movie_companies__note.csv,job-csv,utf8,StdSearch,static,fm,full-scan,contains_usa,%(USA)%,4,2609129,31450317,31450317,2609129,2609129,0,0,0,707630079,69127940303,2106,2752,32699777,32702529,2609129,1335804,487819,12.533887362410981,12.532832604290551,1.039815560523603,too-broad
job_movie_companies_note,movie_companies.note,benchmarks/job/../../data/job/movie_companies__note.csv,job-csv,utf8,StdSearch,static,full-scan,full-scan,contains_usa,%(USA)%,0,2609129,31450317,31450317,2609129,2609129,0,0,0,707630079,0,2106,1083,32991502,32992585,2609129,1335804,487819,12.64505702860993,12.64464194756181,1.0490382338594553,
job_movie_companies_note,movie_companies.note,benchmarks/job/../../data/job/movie_companies__note.csv,job-csv,utf8,StdSearch,static,full-scan,full-scan,contains_usa,%(USA)%,1,2609129,31450317,31450317,2609129,2609129,0,0,0,707630079,0,2106,109,32824438,32824547,2609129,1335804,487819,12.580653160499155,12.580611384105577,1.043695267046116,
job_movie_companies_note,movie_companies.note,benchmarks/job/../../data/job/movie_companies__note.csv,job-csv,utf8,StdSearch,static,full-scan,full-scan,contains_usa,%(USA)%,2,2609129,31450317,31450317,2609129,2609129,0,0,0,707630079,0,2106,278,32889163,32889441,2609129,1335804,487819,12.605525062195085,12.605418513227978,1.045758648474036,
job_movie_companies_note,movie_companies.note,benchmarks/job/../../data/job/movie_companies__note.csv,job-csv,utf8,StdSearch,static,full-scan,full-scan,contains_usa,%(USA)%,3,2609129,31450317,31450317,2609129,2609129,0,0,0,707630079,0,2106,110,32820086,32820196,2609129,1335804,487819,12.578985554183024,12.578943394519781,1.043556921858689,
job_movie_companies_note,movie_companies.note,benchmarks/job/../../data/job/movie_companies__note.csv,job-csv,utf8,StdSearch,static,full-scan,full-scan,contains_usa,%(USA)%,4,2609129,31450317,31450317,2609129,2609129,0,0,0,707630079,0,2106,109,32935102,32935211,2609129,1335804,487819,12.623067314801222,12.623025538407644,1.0472139597193886,
job_movie_companies_note,movie_companies.note,benchmarks/job/../../data/job/movie_companies__note.csv,job-csv,utf8,StdSearch,static,prefix-btree,full-scan,contains_usa,%(USA)%,0,2609129,31450317,31450317,2609129,2609129,0,0,0,707630079,243783678,2106,884,32894418,32895302,2609129,1335804,487819,12.607771405706655,12.60743259532204,1.045945005896125,no-indexable-prefix
job_movie_companies_note,movie_companies.note,benchmarks/job/../../data/job/movie_companies__note.csv,job-csv,utf8,StdSearch,static,prefix-btree,full-scan,contains_usa,%(USA)%,1,2609129,31450317,31450317,2609129,2609129,0,0,0,707630079,243783678,2106,288,32960586,32960874,2609129,1335804,487819,12.632903164236035,12.632792782572269,1.04802994513537,no-indexable-prefix
job_movie_companies_note,movie_companies.note,benchmarks/job/../../data/job/movie_companies__note.csv,job-csv,utf8,StdSearch,static,prefix-btree,full-scan,contains_usa,%(USA)%,2,2609129,31450317,31450317,2609129,2609129,0,0,0,707630079,243783678,2106,288,32890026,32890314,2609129,1335804,487819,12.605859656613376,12.60574927494961,1.0457864065408307,no-indexable-prefix
job_movie_companies_note,movie_companies.note,benchmarks/job/../../data/job/movie_companies__note.csv,job-csv,utf8,StdSearch,static,prefix-btree,full-scan,contains_usa,%(USA)%,3,2609129,31450317,31450317,2609129,2609129,0,0,0,707630079,243783678,2106,349,33053436,33053785,2609129,1335804,487819,12.668513132160196,12.668379371046813,1.0509841601914538,no-indexable-prefix
job_movie_companies_note,movie_companies.note,benchmarks/job/../../data/job/movie_companies__note.csv,job-csv,utf8,StdSearch,static,prefix-btree,full-scan,contains_usa,%(USA)%,4,2609129,31450317,31450317,2609129,2609129,0,0,0,707630079,243783678,2106,328,32918688,32919016,2609129,1335804,487819,12.616860262562717,12.616734550112318,1.0466990205535924,no-indexable-prefix
job_movie_companies_note,movie_companies.note,benchmarks/job/../../data/job/movie_companies__note.csv,job-csv,utf8,StdSearch,static,qgram,full-scan,contains_usa,%(USA)%,0,2609129,31450317,31450317,2609129,2609129,0,0,0,707630079,930075132,2106,795,32945930,32946725,2609129,1335804,487819,12.627480281733867,12.627175582349512,1.0475800609577322,literal-shorter-than-qgram
job_movie_companies_note,movie_companies.note,benchmarks/job/../../data/job/movie_companies__note.csv,job-csv,utf8,StdSearch,static,qgram,full-scan,contains_usa,%(USA)%,1,2609129,31450317,31450317,2609129,2609129,0,0,0,707630079,930075132,2106,110,33099136,33099246,2609129,1335804,487819,12.685936954439585,12.685894794776342,1.0524296464166005,literal-shorter-than-qgram
job_movie_companies_note,movie_companies.note,benchmarks/job/../../data/job/movie_companies__note.csv,job-csv,utf8,StdSearch,static,qgram,full-scan,contains_usa,%(USA)%,2,2609129,31450317,31450317,2609129,2609129,0,0,0,707630079,930075132,2106,100,33353267,33353367,2609129,1335804,487819,12.78333382519607,12.783295498229485,1.0605097239560415,literal-shorter-than-qgram
job_movie_companies_note,movie_companies.note,benchmarks/job/../../data/job/movie_companies__note.csv,job-csv,utf8,StdSearch,static,qgram,full-scan,contains_usa,%(USA)%,3,2609129,31450317,31450317,2609129,2609129,0,0,0,707630079,930075132,2106,109,32998724,32998833,2609129,1335804,487819,12.647451697482186,12.647409921088608,1.0492368964039376,literal-shorter-than-qgram
job_movie_companies_note,movie_companies.note,benchmarks/job/../../data/job/movie_companies__note.csv,job-csv,utf8,StdSearch,static,qgram,full-scan,contains_usa,%(USA)%,4,2609129,31450317,31450317,2609129,2609129,0,0,0,707630079,930075132,2106,109,33268761,33268870,2609129,1335804,487819,12.750948688240404,12.750906911846828,1.057823041974426,literal-shorter-than-qgram
job_movie_companies_note,movie_companies.note,benchmarks/job/../../data/job/movie_companies__note.csv,job-csv,utf8,StdSearch,static,trigram,trigram,contains_usa,%(USA)%,0,2609129,31450317,31450317,2609129,2609129,0,0,0,707630079,1060889407,2106,969399,10426320,11395719,487819,487819,487819,4.367633413296161,21.373337241886848,0.36234035415286914,
job_movie_companies_note,movie_companies.note,benchmarks/job/../../data/job/movie_companies__note.csv,job-csv,utf8,StdSearch,static,trigram,trigram,contains_usa,%(USA)%,1,2609129,31450317,31450317,2609129,2609129,0,0,0,707630079,1060889407,2106,926857,10684674,11611531,487819,487819,487819,4.450347606423446,21.9029476096667,0.36920235176007926,
job_movie_companies_note,movie_companies.note,benchmarks/job/../../data/job/movie_companies__note.csv,job-csv,utf8,StdSearch,static,trigram,trigram,contains_usa,%(USA)%,2,2609129,31450317,31450317,2609129,2609129,0,0,0,707630079,1060889407,2106,1040601,14285658,15326259,487819,487819,487819,5.874090165721971,29.284751106455467,0.48731651894001576,
job_movie_companies_note,movie_companies.note,benchmarks/job/../../data/job/movie_companies__note.csv,job-csv,utf8,StdSearch,static,trigram,trigram,contains_usa,%(USA)%,3,2609129,31450317,31450317,2609129,2609129,0,0,0,707630079,1060889407,2106,1560113,13131561,14691674,487819,487819,487819,5.630872984816006,26.918920747244368,0.46713913885192315,
job_movie_companies_note,movie_companies.note,benchmarks/job/../../data/job/movie_companies__note.csv,job-csv,utf8,StdSearch,static,trigram,trigram,contains_usa,%(USA)%,4,2609129,31450317,31450317,2609129,2609129,0,0,0,707630079,1060889407,2106,942821,10870192,11813013,487819,487819,487819,4.527569545239043,22.283248499955928,0.37560871008072827,
job_movie_companies_note,movie_companies.note,benchmarks/job/../../data/job/movie_companies__note.csv,job-csv,utf8,StdSearch,static,fm,fm,contains_vhs,%(VHS)%,0,2609129,31450317,31450317,2609129,2609129,0,0,0,707630079,69127940303,2325,1302246,4135586,5437832,75693,75693,75693,2.084156053610228,54.636307188247265,0.17290229538862836,
job_movie_companies_note,movie_companies.note,benchmarks/job/../../data/job/movie_companies__note.csv,job-csv,utf8,StdSearch,static,fm,fm,contains_vhs,%(VHS)%,1,2609129,31450317,31450317,2609129,2609129,0,0,0,707630079,69127940303,2325,1614495,4039649,5654144,75693,75693,75693,2.1670618815704397,53.36885841491287,0.1797801910867862,
job_movie_companies_note,movie_companies.note,benchmarks/job/../../data/job/movie_companies__note.csv,job-csv,utf8,StdSearch,static,fm,fm,contains_vhs,%(VHS)%,2,2609129,31450317,31450317,2609129,2609129,0,0,0,707630079,69127940303,2325,1306984,3865203,5172187,75693,75693,75693,1.98234238322444,51.0642067298165,0.16445579864902474,
job_movie_companies_note,movie_companies.note,benchmarks/job/../../data/job/movie_companies__note.csv,job-csv,utf8,StdSearch,static,fm,fm,contains_vhs,%(VHS)%,3,2609129,31450317,31450317,2609129,2609129,0,0,0,707630079,69127940303,2325,1257701,3843486,5101187,75693,75693,75693,1.9551302369488055,50.77729776861797,0.16219826973445134,
job_movie_companies_note,movie_companies.note,benchmarks/job/../../data/job/movie_companies__note.csv,job-csv,utf8,StdSearch,static,fm,fm,contains_vhs,%(VHS)%,4,2609129,31450317,31450317,2609129,2609129,0,0,0,707630079,69127940303,2325,1550546,3758270,5308816,75693,75693,75693,2.034708134400407,49.651486927456965,0.1688000791852114,
job_movie_companies_note,movie_companies.note,benchmarks/job/../../data/job/movie_companies__note.csv,job-csv,utf8,StdSearch,static,full-scan,full-scan,contains_vhs,%(VHS)%,0,2609129,31450317,31450317,2609129,2609129,0,0,0,707630079,0,2325,526,34245124,34245650,2609129,1335804,75693,13.125318832453281,13.125117232609043,1.088880916526215,
job_movie_companies_note,movie_companies.note,benchmarks/job/../../data/job/movie_companies__note.csv,job-csv,utf8,StdSearch,static,full-scan,full-scan,contains_vhs,%(VHS)%,1,2609129,31450317,31450317,2609129,2609129,0,0,0,707630079,0,2325,109,41663265,41663374,2609129,1335804,75693,15.968307431330532,15.968265654936953,1.3247362180800912,
job_movie_companies_note,movie_companies.note,benchmarks/job/../../data/job/movie_companies__note.csv,job-csv,utf8,StdSearch,static,full-scan,full-scan,contains_vhs,%(VHS)%,2,2609129,31450317,31450317,2609129,2609129,0,0,0,707630079,0,2325,119,40503943,40504062,2609129,1335804,75693,15.52397830846999,15.523932699379754,1.287874522854571,
job_movie_companies_note,movie_companies.note,benchmarks/job/../../data/job/movie_companies__note.csv,job-csv,utf8,StdSearch,static,full-scan,full-scan,contains_vhs,%(VHS)%,3,2609129,31450317,31450317,2609129,2609129,0,0,0,707630079,0,2325,99,34134008,34134107,2609129,1335804,75693,13.082567784114929,13.08252984041801,1.0853342750090564,
job_movie_companies_note,movie_companies.note,benchmarks/job/../../data/job/movie_companies__note.csv,job-csv,utf8,StdSearch,static,full-scan,full-scan,contains_vhs,%(VHS)%,4,2609129,31450317,31450317,2609129,2609129,0,0,0,707630079,0,2325,99,34208228,34208327,2609129,1335804,75693,13.111014058714613,13.110976115017694,1.087694187629333,
job_movie_companies_note,movie_companies.note,benchmarks/job/../../data/job/movie_companies__note.csv,job-csv,utf8,StdSearch,static,prefix-btree,full-scan,contains_vhs,%(VHS)%,0,2609129,31450317,31450317,2609129,2609129,0,0,0,707630079,243783678,2325,864,34302794,34303658,2609129,1335804,75693,13.147551539230141,13.147220394238843,1.0907253494456033,no-indexable-prefix
job_movie_companies_note,movie_companies.note,benchmarks/job/../../data/job/movie_companies__note.csv,job-csv,utf8,StdSearch,static,prefix-btree,full-scan,contains_vhs,%(VHS)%,1,2609129,31450317,31450317,2609129,2609129,0,0,0,707630079,243783678,2325,546,33770332,33770878,2609129,1335804,75693,12.943353126656444,12.943143861418887,1.073784979655372,no-indexable-prefix
job_movie_companies_note,movie_companies.note,benchmarks/job/../../data/job/movie_companies__note.csv,job-csv,utf8,StdSearch,static,prefix-btree,full-scan,contains_vhs,%(VHS)%,2,2609129,31450317,31450317,2609129,2609129,0,0,0,707630079,243783678,2325,328,33986911,33987239,2609129,1335804,75693,13.026277734830282,13.026152022379883,1.0806644333664428,no-indexable-prefix
job_movie_companies_note,movie_companies.note,benchmarks/job/../../data/job/movie_companies__note.csv,job-csv,utf8,StdSearch,static,prefix-btree,full-scan,contains_vhs,%(VHS)%,3,2609129,31450317,31450317,2609129,2609129,0,0,0,707630079,243783678,2325,357,33991143,33991500,2609129,1335804,75693,13.027910846876486,13.027774019605776,1.080799916897499,no-indexable-prefix
job_movie_companies_note,movie_companies.note,benchmarks/job/../../data/job/movie_companies__note.csv,job-csv,utf8,StdSearch,static,prefix-btree,full-scan,contains_vhs,%(VHS)%,4,2609129,31450317,31450317,2609129,2609129,0,0,0,707630079,243783678,2325,357,33797700,33798057,2609129,1335804,75693,12.95377001290469,12.95363318563398,1.0746491680831072,no-indexable-prefix
job_movie_companies_note,movie_companies.note,benchmarks/job/../../data/job/movie_companies__note.csv,job-csv,utf8,StdSearch,static,qgram,full-scan,contains_vhs,%(VHS)%,0,2609129,31450317,31450317,2609129,2609129,0,0,0,707630079,930075132,2325,536,33702589,33703125,2609129,1335804,75693,12.917385456985837,12.917180024444939,1.071630692943413,literal-shorter-than-qgram
job_movie_companies_note,movie_companies.note,benchmarks/job/../../data/job/movie_companies__note.csv,job-csv,utf8,StdSearch,static,qgram,full-scan,contains_vhs,%(VHS)%,1,2609129,31450317,31450317,2609129,2609129,0,0,0,707630079,930075132,2325,109,33875497,33875606,2609129,1335804,75693,12.983492192222002,12.983450415828424,1.0771149301929135,literal-shorter-than-qgram
job_movie_companies_note,movie_companies.note,benchmarks/job/../../data/job/movie_companies__note.csv,job-csv,utf8,StdSearch,static,qgram,full-scan,contains_vhs,%(VHS)%,2,2609129,31450317,31450317,2609129,2609129,0,0,0,707630079,930075132,2325,99,33700135,33700234,2609129,1335804,75693,12.916277424381853,12.916239480684933,1.0715387701815533,literal-shorter-than-qgram
job_movie_companies_note,movie_companies.note,benchmarks/job/../../data/job/movie_companies__note.csv,job-csv,utf8,StdSearch,static,qgram,full-scan,contains_vhs,%(VHS)%,3,2609129,31450317,31450317,2609129,2609129,0,0,0,707630079,930075132,2325,99,47965495,47965594,2609129,1335804,75693,18.383757184868973,18.383719241172052,1.5251227515449208,literal-shorter-than-qgram
job_movie_companies_note,movie_companies.note,benchmarks/job/../../data/job/movie_companies__note.csv,job-csv,utf8,StdSearch,static,qgram,full-scan,contains_vhs,%(VHS)%,4,2609129,31450317,31450317,2609129,2609129,0,0,0,707630079,930075132,2325,109,34133512,34133621,2609129,1335804,75693,13.082381515057325,13.082339738663746,1.0853188220646552,literal-shorter-than-qgram
job_movie_companies_note,movie_companies.note,benchmarks/job/../../data/job/movie_companies__note.csv,job-csv,utf8,StdSearch,static,trigram,trigram,contains_vhs,%(VHS)%,0,2609129,31450317,31450317,2609129,2609129,0,0,0,707630079,1060889407,2325,123723,4033322,4157045,75693,75693,75693,1.5932692480900714,53.28527076479992,0.1321781589673643,
job_movie_companies_note,movie_companies.note,benchmarks/job/../../data/job/movie_companies__note.csv,job-csv,utf8,StdSearch,static,trigram,trigram,contains_vhs,%(VHS)%,1,2609129,31450317,31450317,2609129,2609129,0,0,0,707630079,1060889407,2325,121596,3747769,3869365,75693,75693,75693,1.4830102306171906,49.51275547276499,0.12303103335969555,
job_movie_companies_note,movie_companies.note,benchmarks/job/../../data/job/movie_companies__note.csv,job-csv,utf8,StdSearch,static,trigram,trigram,contains_vhs,%(VHS)%,2,2609129,31450317,31450317,2609129,2609129,0,0,0,707630079,1060889407,2325,261722,3808229,4069951,75693,75693,75693,1.5598887598121824,50.31150832970024,0.1294089023013663,
job_movie_companies_note,movie_companies.note,benchmarks/job/../../data/job/movie_companies__note.csv,job-csv,utf8,StdSearch,static,trigram,trigram,contains_vhs,%(VHS)%,3,2609129,31450317,31450317,2609129,2609129,0,0,0,707630079,1060889407,2325,120087,3597174,3717261,75693,75693,75693,1.4247133813621327,47.523205580436766,0.11819470690867759,
job_movie_companies_note,movie_companies.note,benchmarks/job/../../data/job/movie_companies__note.csv,job-csv,utf8,StdSearch,static,trigram,trigram,contains_vhs,%(VHS)%,4,2609129,31450317,31450317,2609129,2609129,0,0,0,707630079,1060889407,2325,127319,3305272,3432591,75693,75693,75693,1.3156080055834725,43.66681199054074,0.10914328780851398,
job_movie_companies_note,movie_companies.note,benchmarks/job/../../data/job/movie_companies__note.csv,job-csv,utf8,StdSearch,static,fm,fm,contains_co_production,%(co-production)%,0,2609129,31450317,31450317,2609129,2609129,0,0,0,707630079,69127940303,2255,285623,1029885,1315508,17816,17816,17816,0.5041943115882733,57.80674674449933,0.04182813165285425,
job_movie_companies_note,movie_companies.note,benchmarks/job/../../data/job/movie_companies__note.csv,job-csv,utf8,StdSearch,static,fm,fm,contains_co_production,%(co-production)%,1,2609129,31450317,31450317,2609129,2609129,0,0,0,707630079,69127940303,2255,237123,739256,976379,17816,17816,17816,0.37421645307686974,41.49393803322856,0.03104512428284904,
job_movie_companies_note,movie_companies.note,benchmarks/job/../../data/job/movie_companies__note.csv,job-csv,utf8,StdSearch,static,fm,fm,contains_co_production,%(co-production)%,2,2609129,31450317,31450317,2609129,2609129,0,0,0,707630079,69127940303,2255,175402,790309,965711,17816,17816,17816,0.37012773228153917,44.35950830713965,0.03070592261438891,
job_movie_companies_note,movie_companies.note,benchmarks/job/../../data/job/movie_companies__note.csv,job-csv,utf8,StdSearch,static,fm,fm,contains_co_production,%(co-production)%,3,2609129,31450317,31450317,2609129,2609129,0,0,0,707630079,69127940303,2255,174418,672656,847074,17816,17816,17816,0.3246577689336173,37.7557251908397,0.026933718982864306,
job_movie_companies_note,movie_companies.note,benchmarks/job/../../data/job/movie_companies__note.csv,job-csv,utf8,StdSearch,static,fm,fm,contains_co_production,%(co-production)%,4,2609129,31450317,31450317,2609129,2609129,0,0,0,707630079,69127940303,2255,171020,711092,882112,17816,17816,17816,0.33808677148581,39.91311180960934,0.028047793604115343,
job_movie_companies_note,movie_companies.note,benchmarks/job/../../data/job/movie_companies__note.csv,job-csv,utf8,StdSearch,static,full-scan,full-scan,contains_co_production,%(co-production)%,0,2609129,31450317,31450317,2609129,2609129,0,0,0,707630079,0,2255,646,42939322,42939968,2609129,1256719,17816,16.457587187141762,16.457339594937622,1.365327033110668,
job_movie_companies_note,movie_companies.note,benchmarks/job/../../data/job/movie_companies__note.csv,job-csv,utf8,StdSearch,static,full-scan,full-scan,contains_co_production,%(co-production)%,1,2609129,31450317,31450317,2609129,2609129,0,0,0,707630079,0,2255,109,42948621,42948730,2609129,1256719,17816,16.460945395953974,16.460903619560398,1.3656056312564353,
job_movie_companies_note,movie_companies.note,benchmarks/job/../../data/job/movie_companies__note.csv,job-csv,utf8,StdSearch,static,full-scan,full-scan,contains_co_production,%(co-production)%,2,2609129,31450317,31450317,2609129,2609129,0,0,0,707630079,0,2255,109,42427554,42427663,2609129,1256719,17816,16.261236220976425,16.26119444458285,1.3490376901447447,
job_movie_companies_note,movie_companies.note,benchmarks/job/../../data/job/movie_companies__note.csv,job-csv,utf8,StdSearch,static,full-scan,full-scan,contains_co_production,%(co-production)%,3,2609129,31450317,31450317,2609129,2609129,0,0,0,707630079,0,2255,99,42664131,42664230,2609129,1256719,17816,16.351905176018512,16.35186723232159,1.356559617507194,
job_movie_companies_note,movie_companies.note,benchmarks/job/../../data/job/movie_companies__note.csv,job-csv,utf8,StdSearch,static,full-scan,full-scan,contains_co_production,%(co-production)%,4,2609129,31450317,31450317,2609129,2609129,0,0,0,707630079,0,2255,110,43707479,43707589,2609129,1256719,17816,16.751793031314282,16.751750871651037,1.389734450053397,
job_movie_companies_note,movie_companies.note,benchmarks/job/../../data/job/movie_companies__note.csv,job-csv,utf8,StdSearch,static,prefix-btree,full-scan,contains_co_production,%(co-production)%,0,2609129,31450317,31450317,2609129,2609129,0,0,0,707630079,243783678,2255,984,43106005,43106989,2609129,1256719,17816,16.521601270002364,16.521224132651163,1.3706376632070194,no-indexable-prefix
job_movie_companies_note,movie_companies.note,benchmarks/job/../../data/job/movie_companies__note.csv,job-csv,utf8,StdSearch,static,prefix-btree,full-scan,contains_co_production,%(co-production)%,1,2609129,31450317,31450317,2609129,2609129,0,0,0,707630079,243783678,2255,298,43089307,43089605,2609129,1256719,17816,16.51493851013116,16.514824295770733,1.3700849183809498,no-indexable-prefix
job_movie_companies_note,movie_companies.note,benchmarks/job/../../data/job/movie_companies__note.csv,job-csv,utf8,StdSearch,static,prefix-btree,full-scan,contains_co_production,%(co-production)%,2,2609129,31450317,31450317,2609129,2609129,0,0,0,707630079,243783678,2255,288,43078787,43079075,2609129,1256719,17816,16.510902680549716,16.51079229888595,1.3697501045855913,no-indexable-prefix
job_movie_companies_note,movie_companies.note,benchmarks/job/../../data/job/movie_companies__note.csv,job-csv,utf8,StdSearch,static,prefix-btree,full-scan,contains_co_production,%(co-production)%,3,2609129,31450317,31450317,2609129,2609129,0,0,0,707630079,243783678,2255,874,43587564,43588438,2609129,1256719,17816,16.70612606735811,16.705791089670154,1.3859459031843782,no-indexable-prefix
job_movie_companies_note,movie_companies.note,benchmarks/job/../../data/job/movie_companies__note.csv,job-csv,utf8,StdSearch,static,prefix-btree,full-scan,contains_co_production,%(co-production)%,4,2609129,31450317,31450317,2609129,2609129,0,0,0,707630079,243783678,2255,357,43194845,43195202,2609129,1256719,17816,16.555410637036346,16.555273809765634,1.3734424998005585,no-indexable-prefix
job_movie_companies_note,movie_companies.note,benchmarks/job/../../data/job/movie_companies__note.csv,job-csv,utf8,StdSearch,static,qgram,qgram,contains_co_production,%(co-production)%,0,2609129,31450317,31450317,2609129,2609129,0,0,0,707630079,930075132,2255,4669,657568,662237,17816,17816,17816,0.25381535370616015,36.90884598114055,0.021056608109864202,
job_movie_companies_note,movie_companies.note,benchmarks/job/../../data/job/movie_companies__note.csv,job-csv,utf8,StdSearch,static,qgram,qgram,contains_co_production,%(co-production)%,1,2609129,31450317,31450317,2609129,2609129,0,0,0,707630079,930075132,2255,4063,669260,673323,17816,17816,17816,0.2580642812218177,37.565110013471035,0.02140910058235661,
job_movie_companies_note,movie_companies.note,benchmarks/job/../../data/job/movie_companies__note.csv,job-csv,utf8,StdSearch,static,qgram,qgram,contains_co_production,%(co-production)%,2,2609129,31450317,31450317,2609129,2609129,0,0,0,707630079,930075132,2255,4163,664423,668586,17816,17816,17816,0.25624873281466726,37.293612483161205,0.0212584820687181,
job_movie_companies_note,movie_companies.note,benchmarks/job/../../data/job/movie_companies__note.csv,job-csv,utf8,StdSearch,static,qgram,qgram,contains_co_production,%(co-production)%,3,2609129,31450317,31450317,2609129,2609129,0,0,0,707630079,930075132,2255,4172,680148,684320,17816,17816,17816,0.2622790977372142,38.176246070947464,0.021758763194660326,
job_movie_companies_note,movie_companies.note,benchmarks/job/../../data/job/movie_companies__note.csv,job-csv,utf8,StdSearch,static,qgram,qgram,contains_co_production,%(co-production)%,4,2609129,31450317,31450317,2609129,2609129,0,0,0,707630079,930075132,2255,5206,666806,672012,17816,17816,17816,0.2575618146898831,37.427368657386616,0.021367415787891742,
job_movie_companies_note,movie_companies.note,benchmarks/job/../../data/job/movie_companies__note.csv,job-csv,utf8,StdSearch,static,trigram,trigram,contains_co_production,%(co-production)%,0,2609129,31450317,31450317,2609129,2609129,0,0,0,707630079,1060889407,2255,878022,692307,1570329,17819,17819,17816,0.6018594711108572,38.85218025702901,0.049930466519622047,
job_movie_companies_note,movie_companies.note,benchmarks/job/../../data/job/movie_companies__note.csv,job-csv,utf8,StdSearch,static,trigram,trigram,contains_co_production,%(co-production)%,1,2609129,31450317,31450317,2609129,2609129,0,0,0,707630079,1060889407,2255,806795,672340,1479135,17819,17819,17816,0.5669075772029669,37.73163477187272,0.04703084550785291,
job_movie_companies_note,movie_companies.note,benchmarks/job/../../data/job/movie_companies__note.csv,job-csv,utf8,StdSearch,static,trigram,trigram,contains_co_production,%(co-production)%,2,2609129,31450317,31450317,2609129,2609129,0,0,0,707630079,1060889407,2255,804501,663419,1467920,17819,17819,17816,0.5626092079004142,37.23098939334418,0.046674251327895995,
job_movie_companies_note,movie_companies.note,benchmarks/job/../../data/job/movie_companies__note.csv,job-csv,utf8,StdSearch,static,trigram,trigram,contains_co_production,%(co-production)%,3,2609129,31450317,31450317,2609129,2609129,0,0,0,707630079,1060889407,2255,801998,690817,1492815,17819,17819,17816,0.5721507062318498,38.76856164767944,0.04746581727618199,
job_movie_companies_note,movie_companies.note,benchmarks/job/../../data/job/movie_companies__note.csv,job-csv,utf8,StdSearch,static,trigram,trigram,contains_co_production,%(co-production)%,4,2609129,31450317,31450317,2609129,2609129,0,0,0,707630079,1060889407,2255,797657,669617,1467274,17819,17819,17816,0.5623616156962726,37.578820360289576,0.04665371099439157,
job_movie_companies_note,movie_companies.note,benchmarks/job/../../data/job/movie_companies__note.csv,job-csv,utf8,StdSearch,static,fm,fm,contains_presents,%(presents)%,0,2609129,31450317,31450317,2609129,2609129,0,0,0,707630079,69127940303,1818,132102,390812,522914,11131,11131,11131,0.20041707405038234,35.11023268349654,0.016626668659651348,
job_movie_companies_note,movie_companies.note,benchmarks/job/../../data/job/movie_companies__note.csv,job-csv,utf8,StdSearch,static,fm,fm,contains_presents,%(presents)%,1,2609129,31450317,31450317,2609129,2609129,0,0,0,707630079,69127940303,1818,101505,375047,476552,11131,11131,11131,0.18264792580205885,33.6939178869823,0.0151525340746168,
job_movie_companies_note,movie_companies.note,benchmarks/job/../../data/job/movie_companies__note.csv,job-csv,utf8,StdSearch,static,fm,fm,contains_presents,%(presents)%,2,2609129,31450317,31450317,2609129,2609129,0,0,0,707630079,69127940303,1818,98902,365699,464601,11131,11131,11131,0.1780674700254376,32.85410115892552,0.01477253790478487,
job_movie_companies_note,movie_companies.note,benchmarks/job/../../data/job/movie_companies__note.csv,job-csv,utf8,StdSearch,static,fm,fm,contains_presents,%(presents)%,3,2609129,31450317,31450317,2609129,2609129,0,0,0,707630079,69127940303,1818,96459,365609,462068,11131,11131,11131,0.17709664796182942,32.846015632018684,0.014691998176043821,
job_movie_companies_note,movie_companies.note,benchmarks/job/../../data/job/movie_companies__note.csv,job-csv,utf8,StdSearch,static,fm,fm,contains_presents,%(presents)%,4,2609129,31450317,31450317,2609129,2609129,0,0,0,707630079,69127940303,1818,105965,365808,471773,11131,11131,11131,0.18081628006894254,32.863893630401584,0.015000580121338682,
job_movie_companies_note,movie_companies.note,benchmarks/job/../../data/job/movie_companies__note.csv,job-csv,utf8,StdSearch,static,full-scan,full-scan,contains_presents,%(presents)%,0,2609129,31450317,31450317,2609129,2609129,0,0,0,707630079,0,1818,884,40264389,40265273,2609129,1299275,11131,15.432457728230379,15.432118917845765,1.28028194437595,
job_movie_companies_note,movie_companies.note,benchmarks/job/../../data/job/movie_companies__note.csv,job-csv,utf8,StdSearch,static,full-scan,full-scan,contains_presents,%(presents)%,1,2609129,31450317,31450317,2609129,2609129,0,0,0,707630079,0,1818,99,40167950,40168049,2609129,1299275,11131,15.39519471823739,15.39515677454047,1.2771905923873517,
job_movie_companies_note,movie_companies.note,benchmarks/job/../../data/job/movie_companies__note.csv,job-csv,utf8,StdSearch,static,full-scan,full-scan,contains_presents,%(presents)%,2,2609129,31450317,31450317,2609129,2609129,0,0,0,707630079,0,1818,109,40523227,40523336,2609129,1299275,11131,15.531365448009662,15.531323671616084,1.2884873624644229,
job_movie_companies_note,movie_companies.note,benchmarks/job/../../data/job/movie_companies__note.csv,job-csv,utf8,StdSearch,static,full-scan,full-scan,contains_presents,%(presents)%,3,2609129,31450317,31450317,2609129,2609129,0,0,0,707630079,0,1818,110,40503291,40503401,2609129,1299275,11131,15.523724967220861,15.523682807557618,1.287853505578338,
job_movie_companies_note,movie_companies.note,benchmarks/job/../../data/job/movie_companies__note.csv,job-csv,utf8,StdSearch,static,full-scan,full-scan,contains_presents,%(presents)%,4,2609129,31450317,31450317,2609129,2609129,0,0,0,707630079,0,1818,109,42870014,42870123,2609129,1299275,11131,16.43081771733019,16.430775940936613,1.3631062287861837,
job_movie_companies_note,movie_companies.note,benchmarks/job/../../data/job/movie_companies__note.csv,job-csv,utf8,StdSearch,static,prefix-btree,full-scan,contains_presents,%(presents)%,0,2609129,31450317,31450317,2609129,2609129,0,0,0,707630079,243783678,1818,1093,40841869,40842962,2609129,1299275,11131,15.653868398227914,15.653449484483136,1.298650248898922,no-indexable-prefix
job_movie_companies_note,movie_companies.note,benchmarks/job/../../data/job/movie_companies__note.csv,job-csv,utf8,StdSearch,static,prefix-btree,full-scan,contains_presents,%(presents)%,1,2609129,31450317,31450317,2609129,2609129,0,0,0,707630079,243783678,1818,377,40604768,40605145,2609129,1299275,11131,15.562720356103512,15.562575863439484,1.2910885763091036,no-indexable-prefix
job_movie_companies_note,movie_companies.note,benchmarks/job/../../data/job/movie_companies__note.csv,job-csv,utf8,StdSearch,static,prefix-btree,full-scan,contains_presents,%(presents)%,2,2609129,31450317,31450317,2609129,2609129,0,0,0,707630079,243783678,1818,656,40205898,40206554,2609129,1299275,11131,15.409952516721097,15.409701091820297,1.278414904371234,no-indexable-prefix
job_movie_companies_note,movie_companies.note,benchmarks/job/../../data/job/movie_companies__note.csv,job-csv,utf8,StdSearch,static,prefix-btree,full-scan,contains_presents,%(presents)%,3,2609129,31450317,31450317,2609129,2609129,0,0,0,707630079,243783678,1818,288,40759609,40759897,2609129,1299275,11131,15.622032103433751,15.621921721769985,1.2960090990497806,no-indexable-prefix
job_movie_companies_note,movie_companies.note,benchmarks/job/../../data/job/movie_companies__note.csv,job-csv,utf8,StdSearch,static,prefix-btree,full-scan,contains_presents,%(presents)%,4,2609129,31450317,31450317,2609129,2609129,0,0,0,707630079,243783678,1818,300,42317399,42317699,2609129,1299275,11131,16.219090355440457,16.218975374540697,1.345541254798799,no-indexable-prefix
job_movie_companies_note,movie_companies.note,benchmarks/job/../../data/job/movie_companies__note.csv,job-csv,utf8,StdSearch,static,qgram,full-scan,contains_presents,%(presents)%,0,2609129,31450317,31450317,2609129,2609129,0,0,0,707630079,930075132,1818,530,41113110,41113640,2609129,1299275,11131,15.757611064841946,15.757407931919042,1.3072567758220053,literal-shorter-than-qgram
job_movie_companies_note,movie_companies.note,benchmarks/job/../../data/job/movie_companies__note.csv,job-csv,utf8,StdSearch,static,qgram,full-scan,contains_presents,%(presents)%,1,2609129,31450317,31450317,2609129,2609129,0,0,0,707630079,930075132,1818,110,40779070,40779180,2609129,1299275,11131,15.629422692400414,15.62938053273717,1.2966222248252697,literal-shorter-than-qgram
job_movie_companies_note,movie_companies.note,benchmarks/job/../../data/job/movie_companies__note.csv,job-csv,utf8,StdSearch,static,qgram,full-scan,contains_presents,%(presents)%,2,2609129,31450317,31450317,2609129,2609129,0,0,0,707630079,930075132,1818,110,40061081,40061191,2609129,1299275,11131,15.354239288283562,15.354197128620317,1.273792915982373,literal-shorter-than-qgram
job_movie_companies_note,movie_companies.note,benchmarks/job/../../data/job/movie_companies__note.csv,job-csv,utf8,StdSearch,static,qgram,full-scan,contains_presents,%(presents)%,3,2609129,31450317,31450317,2609129,2609129,0,0,0,707630079,930075132,1818,100,40615541,40615641,2609129,1299275,11131,15.566743154516315,15.56670482754973,1.2914223090342778,literal-shorter-than-qgram
job_movie_companies_note,movie_companies.note,benchmarks/job/../../data/job/movie_companies__note.csv,job-csv,utf8,StdSearch,static,qgram,full-scan,contains_presents,%(presents)%,4,2609129,31450317,31450317,2609129,2609129,0,0,0,707630079,930075132,1818,100,41325109,41325209,2609129,1299275,11131,15.838699044777012,15.838660717810427,1.313983862229433,literal-shorter-than-qgram
job_movie_companies_note,movie_companies.note,benchmarks/job/../../data/job/movie_companies__note.csv,job-csv,utf8,StdSearch,static,trigram,trigram,contains_presents,%(presents)%,0,2609129,31450317,31450317,2609129,2609129,0,0,0,707630079,1060889407,1818,185454,420716,606170,11133,11133,11131,0.23232657335072354,37.7899937123866,0.019273891579534793,
job_movie_companies_note,movie_companies.note,benchmarks/job/../../data/job/movie_companies__note.csv,job-csv,utf8,StdSearch,static,trigram,trigram,contains_presents,%(presents)%,1,2609129,31450317,31450317,2609129,2609129,0,0,0,707630079,1060889407,1818,187716,384535,572251,11133,11133,11131,0.2193264495546215,34.54010599119734,0.01819539688582471,
job_movie_companies_note,movie_companies.note,benchmarks/job/../../data/job/movie_companies__note.csv,job-csv,utf8,StdSearch,static,trigram,trigram,contains_presents,%(presents)%,2,2609129,31450317,31450317,2609129,2609129,0,0,0,707630079,1060889407,1818,191618,382364,573982,11133,11133,11131,0.21998988934621477,34.34510015269918,0.01825043607668565,
job_movie_companies_note,movie_companies.note,benchmarks/job/../../data/job/movie_companies__note.csv,job-csv,utf8,StdSearch,static,trigram,trigram,contains_presents,%(presents)%,3,2609129,31450317,31450317,2609129,2609129,0,0,0,707630079,1060889407,1818,189487,506052,695539,11133,11133,11131,0.26657900011843033,45.455133387227164,0.02211548455934482,
job_movie_companies_note,movie_companies.note,benchmarks/job/../../data/job/movie_companies__note.csv,job-csv,utf8,StdSearch,static,trigram,trigram,contains_presents,%(presents)%,4,2609129,31450317,31450317,2609129,2609129,0,0,0,707630079,1060889407,1818,187846,387035,574881,11133,11133,11131,0.22033444877581754,34.764663612683016,0.018279020844209615,
job_movie_companies_note,movie_companies.note,benchmarks/job/../../data/job/movie_companies__note.csv,job-csv,utf8,StdSearch,static,fm,fm,contains_theatrical,%(theatrical)%,0,2609129,31450317,31450317,2609129,2609129,0,0,0,707630079,69127940303,2360,7466424,20154581,27621005,279657,279657,279657,10.586293356901862,72.06893086888581,0.878242499113761,
job_movie_companies_note,movie_companies.note,benchmarks/job/../../data/job/movie_companies__note.csv,job-csv,utf8,StdSearch,static,fm,fm,contains_theatrical,%(theatrical)%,1,2609129,31450317,31450317,2609129,2609129,0,0,0,707630079,69127940303,2360,5823240,11106472,16929712,279657,279657,279657,6.4886450612445765,39.714621840325826,0.5383002021887411,
job_movie_companies_note,movie_companies.note,benchmarks/job/../../data/job/movie_companies__note.csv,job-csv,utf8,StdSearch,static,fm,fm,contains_theatrical,%(theatrical)%,2,2609129,31450317,31450317,2609129,2609129,0,0,0,707630079,69127940303,2360,5139302,11032353,16171655,279657,279657,279657,6.198104808156285,39.44958645769639,0.5141968839296596,
job_movie_companies_note,movie_companies.note,benchmarks/job/../../data/job/movie_companies__note.csv,job-csv,utf8,StdSearch,static,fm,fm,contains_theatrical,%(theatrical)%,3,2609129,31450317,31450317,2609129,2609129,0,0,0,707630079,69127940303,2360,4953216,12890117,17843333,279657,279657,279657,6.83880827663178,46.092595572433375,0.5673498616881986,
job_movie_companies_note,movie_companies.note,benchmarks/job/../../data/job/movie_companies__note.csv,job-csv,utf8,StdSearch,static,fm,fm,contains_theatrical,%(theatrical)%,4,2609129,31450317,31450317,2609129,2609129,0,0,0,707630079,69127940303,2360,7534753,20484749,28019502,279657,279657,279657,10.739025168935687,73.24954855412166,0.8909131822105323,
job_movie_companies_note,movie_companies.note,benchmarks/job/../../data/job/movie_companies__note.csv,job-csv,utf8,StdSearch,static,full-scan,full-scan,contains_theatrical,%(theatrical)%,0,2609129,31450317,31450317,2609129,2609129,0,0,0,707630079,0,2360,990,44999652,45000642,2609129,1278216,279657,17.247381022555803,17.247001585586606,1.43084859844179,
job_movie_companies_note,movie_companies.note,benchmarks/job/../../data/job/movie_companies__note.csv,job-csv,utf8,StdSearch,static,full-scan,full-scan,contains_theatrical,%(theatrical)%,1,2609129,31450317,31450317,2609129,2609129,0,0,0,707630079,0,2360,110,43578529,43578639,2609129,1278216,279657,16.702370407902407,16.702328248239162,1.385634332397985,
job_movie_companies_note,movie_companies.note,benchmarks/job/../../data/job/movie_companies__note.csv,job-csv,utf8,StdSearch,static,full-scan,full-scan,contains_theatrical,%(theatrical)%,2,2609129,31450317,31450317,2609129,2609129,0,0,0,707630079,0,2360,100,43596373,43596473,2609129,1278216,279657,16.709205639123248,16.709167312156662,1.3862013855059077,
job_movie_companies_note,movie_companies.note,benchmarks/job/../../data/job/movie_companies__note.csv,job-csv,utf8,StdSearch,static,full-scan,full-scan,contains_theatrical,%(theatrical)%,3,2609129,31450317,31450317,2609129,2609129,0,0,0,707630079,0,2360,100,43296667,43296767,2609129,1278216,279657,16.594337420648806,16.59429909368222,1.3766718790147647,
job_movie_companies_note,movie_companies.note,benchmarks/job/../../data/job/movie_companies__note.csv,job-csv,utf8,StdSearch,static,full-scan,full-scan,contains_theatrical,%(theatrical)%,4,2609129,31450317,31450317,2609129,2609129,0,0,0,707630079,0,2360,110,43572338,43572448,2609129,1278216,279657,16.699997585401103,16.699955425737862,1.3854374822358706,
job_movie_companies_note,movie_companies.note,benchmarks/job/../../data/job/movie_companies__note.csv,job-csv,utf8,StdSearch,static,prefix-btree,full-scan,contains_theatrical,%(theatrical)%,0,2609129,31450317,31450317,2609129,2609129,0,0,0,707630079,243783678,2360,1010,44237293,44238303,2609129,1278216,279657,16.955199608758324,16.95481250639581,1.4066091289318323,no-indexable-prefix
job_movie_companies_note,movie_companies.note,benchmarks/job/../../data/job/movie_companies__note.csv,job-csv,utf8,StdSearch,static,prefix-btree,full-scan,contains_theatrical,%(theatrical)%,1,2609129,31450317,31450317,2609129,2609129,0,0,0,707630079,243783678,2360,570,43362878,43363448,2609129,1278216,279657,16.61989422523762,16.619675761528082,1.378792080219732,no-indexable-prefix
job_movie_companies_note,movie_companies.note,benchmarks/job/../../data/job/movie_companies__note.csv,job-csv,utf8,StdSearch,static,prefix-btree,full-scan,contains_theatrical,%(theatrical)%,2,2609129,31450317,31450317,2609129,2609129,0,0,0,707630079,243783678,2360,340,44401946,44402286,2609129,1278216,279657,17.018049318374064,17.017919006687674,1.4118231622275859,no-indexable-prefix
job_movie_companies_note,movie_companies.note,benchmarks/job/../../data/job/movie_companies__note.csv,job-csv,utf8,StdSearch,static,prefix-btree,full-scan,contains_theatrical,%(theatrical)%,3,2609129,31450317,31450317,2609129,2609129,0,0,0,707630079,243783678,2360,421,43585090,43585511,2609129,1278216,279657,16.705004237046158,16.704842880516832,1.3858528357599702,no-indexable-prefix
job_movie_companies_note,movie_companies.note,benchmarks/job/../../data/job/movie_companies__note.csv,job-csv,utf8,StdSearch,static,prefix-btree,full-scan,contains_theatrical,%(theatrical)%,4,2609129,31450317,31450317,2609129,2609129,0,0,0,707630079,243783678,2360,340,43302329,43302669,2609129,1278216,279657,16.596599478216678,16.596469166530287,1.3768595400803114,no-indexable-prefix
job_movie_companies_note,movie_companies.note,benchmarks/job/../../data/job/movie_companies__note.csv,job-csv,utf8,StdSearch,static,qgram,full-scan,contains_theatrical,%(theatrical)%,0,2609129,31450317,31450317,2609129,2609129,0,0,0,707630079,930075132,2360,890,43451222,43452112,2609129,1278216,279657,16.653876446890898,16.653535336888286,1.3816112568913057,literal-shorter-than-qgram
job_movie_companies_note,movie_companies.note,benchmarks/job/../../data/job/movie_companies__note.csv,job-csv,utf8,StdSearch,static,qgram,full-scan,contains_theatrical,%(theatrical)%,1,2609129,31450317,31450317,2609129,2609129,0,0,0,707630079,930075132,2360,110,43617744,43617854,2609129,1278216,279657,16.71740032784887,16.71735816818563,1.3868812196710132,literal-shorter-than-qgram
job_movie_companies_note,movie_companies.note,benchmarks/job/../../data/job/movie_companies__note.csv,job-csv,utf8,StdSearch,static,qgram,full-scan,contains_theatrical,%(theatrical)%,2,2609129,31450317,31450317,2609129,2609129,0,0,0,707630079,930075132,2360,100,43537783,43537883,2609129,1278216,279657,16.686749869400863,16.686711542434274,1.3843384472086562,literal-shorter-than-qgram
job_movie_companies_note,movie_companies.note,benchmarks/job/../../data/job/movie_companies__note.csv,job-csv,utf8,StdSearch,static,qgram,full-scan,contains_theatrical,%(theatrical)%,3,2609129,31450317,31450317,2609129,2609129,0,0,0,707630079,930075132,2360,90,43598923,43599013,2609129,1278216,279657,16.710179144074516,16.71014464980459,1.386282147807922,literal-shorter-than-qgram
job_movie_companies_note,movie_companies.note,benchmarks/job/../../data/job/movie_companies__note.csv,job-csv,utf8,StdSearch,static,qgram,full-scan,contains_theatrical,%(theatrical)%,4,2609129,31450317,31450317,2609129,2609129,0,0,0,707630079,930075132,2360,100,43554455,43554555,2609129,1278216,279657,16.69313974126998,16.693101414303396,1.3848685531532163,literal-shorter-than-qgram
job_movie_companies_note,movie_companies.note,benchmarks/job/../../data/job/movie_companies__note.csv,job-csv,utf8,StdSearch,static,trigram,trigram,contains_theatrical,%(theatrical)%,0,2609129,31450317,31450317,2609129,2609129,0,0,0,707630079,1060889407,2360,2093688,11201396,13295084,279657,279657,279657,5.095602402180957,40.05405192789739,0.4227329091786261,
job_movie_companies_note,movie_companies.note,benchmarks/job/../../data/job/movie_companies__note.csv,job-csv,utf8,StdSearch,static,trigram,trigram,contains_theatrical,%(theatrical)%,1,2609129,31450317,31450317,2609129,2609129,0,0,0,707630079,1060889407,2360,2064924,11110163,13175087,279657,279657,279657,5.049611192087474,39.72782015111368,0.41891746273972374,
job_movie_companies_note,movie_companies.note,benchmarks/job/../../data/job/movie_companies__note.csv,job-csv,utf8,StdSearch,static,trigram,trigram,contains_theatrical,%(theatrical)%,2,2609129,31450317,31450317,2609129,2609129,0,0,0,707630079,1060889407,2360,2190652,11449142,13639794,279657,279657,279657,5.227719288697492,40.939944288896754,0.4336933710397895,
job_movie_companies_note,movie_companies.note,benchmarks/job/../../data/job/movie_companies__note.csv,job-csv,utf8,StdSearch,static,trigram,trigram,contains_theatrical,%(theatrical)%,3,2609129,31450317,31450317,2609129,2609129,0,0,0,707630079,1060889407,2360,2101540,11233270,13334810,279657,279657,279657,5.110828172926674,40.16802726196734,0.4239960443006028,
job_movie_companies_note,movie_companies.note,benchmarks/job/../../data/job/movie_companies__note.csv,job-csv,utf8,StdSearch,static,trigram,trigram,contains_theatrical,%(theatrical)%,4,2609129,31450317,31450317,2609129,2609129,0,0,0,707630079,1060889407,2360,2071697,11099932,13171629,279657,279657,279657,5.048285845582951,39.691236049875386,0.41880751154272944,
job_movie_companies_note,movie_companies.note,benchmarks/job/../../data/job/movie_companies__note.csv,job-csv,utf8,StdSearch,static,fm,fm,contains_worldwide,%(worldwide)%,0,2609129,31450317,31450317,2609129,2609129,0,0,0,707630079,69127940303,2430,1866388,6448333,8314721,103199,103199,103199,3.186780339339297,62.484452368724504,0.2643763813255046,
job_movie_companies_note,movie_companies.note,benchmarks/job/../../data/job/movie_companies__note.csv,job-csv,utf8,StdSearch,static,fm,fm,contains_worldwide,%(worldwide)%,1,2609129,31450317,31450317,2609129,2609129,0,0,0,707630079,69127940303,2430,1829954,6299349,8129303,103199,103199,103199,3.1157152444359784,61.040794968943494,0.25848079687082326,
job_movie_companies_note,movie_companies.note,benchmarks/job/../../data/job/movie_companies__note.csv,job-csv,utf8,StdSearch,static,fm,fm,contains_worldwide,%(worldwide)%,2,2609129,31450317,31450317,2609129,2609129,0,0,0,707630079,69127940303,2430,1864798,6319091,8183889,103199,103199,103199,3.1366364024162854,61.23209527224101,0.2602164232557656,
job_movie_companies_note,movie_companies.note,benchmarks/job/../../data/job/movie_companies__note.csv,job-csv,utf8,StdSearch,static,fm,fm,contains_worldwide,%(worldwide)%,3,2609129,31450317,31450317,2609129,2609129,0,0,0,707630079,69127940303,2430,1855747,6039881,7895628,103199,103199,103199,3.0261547052675435,58.526545799862404,0.2510508240664156,
job_movie_companies_note,movie_companies.note,benchmarks/job/../../data/job/movie_companies__note.csv,job-csv,utf8,StdSearch,static,fm,fm,contains_worldwide,%(worldwide)%,4,2609129,31450317,31450317,2609129,2609129,0,0,0,707630079,69127940303,2430,1738914,5986275,7725189,103199,103199,103199,2.960830606689052,58.0071027820037,0.2456315146203455,
job_movie_companies_note,movie_companies.note,benchmarks/job/../../data/job/movie_companies__note.csv,job-csv,utf8,StdSearch,static,full-scan,full-scan,contains_worldwide,%(worldwide)%,0,2609129,31450317,31450317,2609129,2609129,0,0,0,707630079,0,2430,600,46086361,46086961,2609129,1287953,103199,17.66373414269666,17.66350418089715,1.4653893949622192,
job_movie_companies_note,movie_companies.note,benchmarks/job/../../data/job/movie_companies__note.csv,job-csv,utf8,StdSearch,static,full-scan,full-scan,contains_worldwide,%(worldwide)%,1,2609129,31450317,31450317,2609129,2609129,0,0,0,707630079,0,2430,100,39284061,39284161,2609129,1287953,103199,15.056427259825021,15.056388932858436,1.2490863287641902,
job_movie_companies_note,movie_companies.note,benchmarks/job/../../data/job/movie_companies__note.csv,job-csv,utf8,StdSearch,static,full-scan,full-scan,contains_worldwide,%(worldwide)%,2,2609129,31450317,31450317,2609129,2609129,0,0,0,707630079,0,2430,110,38883128,38883238,2609129,1287953,103199,14.902765635581837,14.902723475918592,1.2363385081301406,
job_movie_companies_note,movie_companies.note,benchmarks/job/../../data/job/movie_companies__note.csv,job-csv,utf8,StdSearch,static,full-scan,full-scan,contains_worldwide,%(worldwide)%,3,2609129,31450317,31450317,2609129,2609129,0,0,0,707630079,0,2430,390,39260737,39261127,2609129,1287953,103199,15.047599026341741,15.047449551172058,1.2483539355104116,
job_movie_companies_note,movie_companies.note,benchmarks/job/../../data/job/movie_companies__note.csv,job-csv,utf8,StdSearch,static,full-scan,full-scan,contains_worldwide,%(worldwide)%,4,2609129,31450317,31450317,2609129,2609129,0,0,0,707630079,0,2430,110,39267750,39267860,2609129,1287953,103199,15.050179581001936,15.050137421338691,1.2485680192031132,
job_movie_companies_note,movie_companies.note,benchmarks/job/../../data/job/movie_companies__note.csv,job-csv,utf8,StdSearch,static,prefix-btree,full-scan,contains_worldwide,%(worldwide)%,0,2609129,31450317,31450317,2609129,2609129,0,0,0,707630079,243783678,2430,870,39327445,39328315,2609129,1287953,103199,15.07335014865114,15.073016704041846,1.2504902573795997,no-indexable-prefix
job_movie_companies_note,movie_companies.note,benchmarks/job/../../data/job/movie_companies__note.csv,job-csv,utf8,StdSearch,static,prefix-btree,full-scan,contains_worldwide,%(worldwide)%,1,2609129,31450317,31450317,2609129,2609129,0,0,0,707630079,243783678,2430,440,40122119,40122559,2609129,1287953,103199,15.37775978113769,15.377591142484714,1.27574418407293,no-indexable-prefix
job_movie_companies_note,movie_companies.note,benchmarks/job/../../data/job/movie_companies__note.csv,job-csv,utf8,StdSearch,static,prefix-btree,full-scan,contains_worldwide,%(worldwide)%,2,2609129,31450317,31450317,2609129,2609129,0,0,0,707630079,243783678,2430,590,39864691,39865281,2609129,1287953,103199,15.279152928046102,15.27892679894325,1.2675637259872452,no-indexable-prefix
job_movie_companies_note,movie_companies.note,benchmarks/job/../../data/job/movie_companies__note.csv,job-csv,utf8,StdSearch,static,prefix-btree,full-scan,contains_worldwide,%(worldwide)%,3,2609129,31450317,31450317,2609129,2609129,0,0,0,707630079,243783678,2430,560,39580182,39580742,2609129,1287953,103199,15.17009776059367,15.169883129580791,1.25851647218691,no-indexable-prefix
job_movie_companies_note,movie_companies.note,benchmarks/job/../../data/job/movie_companies__note.csv,job-csv,utf8,StdSearch,static,prefix-btree,full-scan,contains_worldwide,%(worldwide)%,4,2609129,31450317,31450317,2609129,2609129,0,0,0,707630079,243783678,2430,440,39171857,39172297,2609129,1287953,103199,15.01355318192393,15.013384543270954,1.2455294806726431,no-indexable-prefix
job_movie_companies_note,movie_companies.note,benchmarks/job/../../data/job/movie_companies__note.csv,job-csv,utf8,StdSearch,static,qgram,full-scan,contains_worldwide,%(worldwide)%,0,2609129,31450317,31450317,2609129,2609129,0,0,0,707630079,930075132,2430,480,39278510,39278990,2609129,1287953,103199,15.05444537238289,15.05426140294328,1.248921910707609,literal-shorter-than-qgram
job_movie_companies_note,movie_companies.note,benchmarks/job/../../data/job/movie_companies__note.csv,job-csv,utf8,StdSearch,static,qgram,full-scan,contains_worldwide,%(worldwide)%,1,2609129,31450317,31450317,2609129,2609129,0,0,0,707630079,930075132,2430,110,39281660,39281770,2609129,1287953,103199,15.055510862053966,15.055468702390721,1.2490103040932783,literal-shorter-than-qgram
job_movie_companies_note,movie_companies.note,benchmarks/job/../../data/job/movie_companies__note.csv,job-csv,utf8,StdSearch,static,qgram,full-scan,contains_worldwide,%(worldwide)%,2,2609129,31450317,31450317,2609129,2609129,0,0,0,707630079,930075132,2430,110,39454229,39454339,2609129,1287953,103199,15.121651325020725,15.121609165357482,1.2544973394067855,literal-shorter-than-qgram
job_movie_companies_note,movie_companies.note,benchmarks/job/../../data/job/movie_companies__note.csv,job-csv,utf8,StdSearch,static,qgram,full-scan,contains_worldwide,%(worldwide)%,3,2609129,31450317,31450317,2609129,2609129,0,0,0,707630079,930075132,2430,100,39476340,39476440,2609129,1287953,103199,15.130121967905765,15.13008364093918,1.2552000668228558,literal-shorter-than-qgram
job_movie_companies_note,movie_companies.note,benchmarks/job/../../data/job/movie_companies__note.csv,job-csv,utf8,StdSearch,static,qgram,full-scan,contains_worldwide,%(worldwide)%,4,2609129,31450317,31450317,2609129,2609129,0,0,0,707630079,930075132,2430,130,39265529,39265659,2609129,1287953,103199,15.049336004467392,15.04928617941083,1.2484980358067614,literal-shorter-than-qgram
job_movie_companies_note,movie_companies.note,benchmarks/job/../../data/job/movie_companies__note.csv,job-csv,utf8,StdSearch,static,trigram,trigram,contains_worldwide,%(worldwide)%,0,2609129,31450317,31450317,2609129,2609129,0,0,0,707630079,1060889407,2430,776033,6250133,7026166,103199,103199,103199,2.6929162950547867,60.563891122975996,0.22340525216327708,
job_movie_companies_note,movie_companies.note,benchmarks/job/../../data/job/movie_companies__note.csv,job-csv,utf8,StdSearch,static,trigram,trigram,contains_worldwide,%(worldwide)%,1,2609129,31450317,31450317,2609129,2609129,0,0,0,707630079,1060889407,2430,732317,6047572,6779889,103199,103199,103199,2.5985257915572593,58.6010717158112,0.21557458387462358,
job_movie_companies_note,movie_companies.note,benchmarks/job/../../data/job/movie_companies__note.csv,job-csv,utf8,StdSearch,static,trigram,trigram,contains_worldwide,%(worldwide)%,2,2609129,31450317,31450317,2609129,2609129,0,0,0,707630079,1060889407,2430,715016,6021759,6736775,103199,103199,103199,2.5820015031836294,58.350943323094214,0.2142037232883853,
job_movie_companies_note,movie_companies.note,benchmarks/job/../../data/job/movie_companies__note.csv,job-csv,utf8,StdSearch,static,trigram,trigram,contains_worldwide,%(worldwide)%,3,2609129,31450317,31450317,2609129,2609129,0,0,0,707630079,1060889407,2430,775112,6354024,7129136,103199,103199,103199,2.732381572547774,61.57059661430828,0.22667930501304645,
job_movie_companies_note,movie_companies.note,benchmarks/job/../../data/job/movie_companies__note.csv,job-csv,utf8,StdSearch,static,trigram,trigram,contains_worldwide,%(worldwide)%,4,2609129,31450317,31450317,2609129,2609129,0,0,0,707630079,1060889407,2430,748139,6138682,6886821,103199,103199,103199,2.63950958346636,59.48392910784019,0.21897461319706252,
job_movie_companies_note,movie_companies.note,benchmarks/job/../../data/job/movie_companies__note.csv,job-csv,utf8,StdSearch,static,fm,full-scan,not_contains_tv,%(TV)%,0,2609129,31450317,31450317,2609129,2609129,0,0,0,707630079,69127940303,2690,3000,33009035,33012035,2609129,1337125,413698,12.652511623610792,12.65136181461323,1.0496566695973208,too-broad
job_movie_companies_note,movie_companies.note,benchmarks/job/../../data/job/movie_companies__note.csv,job-csv,utf8,StdSearch,static,fm,full-scan,not_contains_tv,%(TV)%,1,2609129,31450317,31450317,2609129,2609129,0,0,0,707630079,69127940303,2690,2590,33400595,33403185,2609129,1337125,413698,12.802427553409586,12.801434884975023,1.0620937461457065,too-broad
job_movie_companies_note,movie_companies.note,benchmarks/job/../../data/job/movie_companies__note.csv,job-csv,utf8,StdSearch,static,fm,full-scan,not_contains_tv,%(TV)%,2,2609129,31450317,31450317,2609129,2609129,0,0,0,707630079,69127940303,2690,2990,34875143,34878133,2609129,1337125,413698,13.367730380521623,13.366584404220719,1.1089914610399634,too-broad
job_movie_companies_note,movie_companies.note,benchmarks/job/../../data/job/movie_companies__note.csv,job-csv,utf8,StdSearch,static,fm,full-scan,not_contains_tv,%(TV)%,3,2609129,31450317,31450317,2609129,2609129,0,0,0,707630079,69127940303,2690,3240,33806338,33809578,2609129,1337125,413698,12.958185662724993,12.956943869007628,1.075015491894724,too-broad
job_movie_companies_note,movie_companies.note,benchmarks/job/../../data/job/movie_companies__note.csv,job-csv,utf8,StdSearch,static,fm,full-scan,not_contains_tv,%(TV)%,4,2609129,31450317,31450317,2609129,2609129,0,0,0,707630079,69127940303,2690,2990,34013737,34016727,2609129,1337125,413698,13.037579590736986,13.036433614436081,1.0816020391781742,too-broad
job_movie_companies_note,movie_companies.note,benchmarks/job/../../data/job/movie_companies__note.csv,job-csv,utf8,StdSearch,static,full-scan,full-scan,not_contains_tv,%(TV)%,0,2609129,31450317,31450317,2609129,2609129,0,0,0,707630079,0,2690,570,32949175,32949745,2609129,1337125,413698,12.628637756124744,12.628419292415208,1.0476760854270564,
job_movie_companies_note,movie_companies.note,benchmarks/job/../../data/job/movie_companies__note.csv,job-csv,utf8,StdSearch,static,full-scan,full-scan,not_contains_tv,%(TV)%,1,2609129,31450317,31450317,2609129,2609129,0,0,0,707630079,0,2690,110,32787543,32787653,2609129,1337125,413698,12.566512809447138,12.566470649783893,1.042522178711267,
job_movie_companies_note,movie_companies.note,benchmarks/job/../../data/job/movie_companies__note.csv,job-csv,utf8,StdSearch,static,full-scan,full-scan,not_contains_tv,%(TV)%,2,2609129,31450317,31450317,2609129,2609129,0,0,0,707630079,0,2690,100,32958916,32959016,2609129,1337125,413698,12.632191049196878,12.632152722230293,1.0479708678294086,
job_movie_companies_note,movie_companies.note,benchmarks/job/../../data/job/movie_companies__note.csv,job-csv,utf8,StdSearch,static,full-scan,full-scan,not_contains_tv,%(TV)%,3,2609129,31450317,31450317,2609129,2609129,0,0,0,707630079,0,2690,100,33230055,33230155,2609129,1337125,413698,12.736110403126867,12.736072076160282,1.0565920527923454,
job_movie_companies_note,movie_companies.note,benchmarks/job/../../data/job/movie_companies__note.csv,job-csv,utf8,StdSearch,static,full-scan,full-scan,not_contains_tv,%(TV)%,4,2609129,31450317,31450317,2609129,2609129,0,0,0,707630079,0,2690,110,32802096,32802206,2609129,1337125,413698,12.572090532894311,12.572048373231066,1.0429849085463907,
job_movie_companies_note,movie_companies.note,benchmarks/job/../../data/job/movie_companies__note.csv,job-csv,utf8,StdSearch,static,prefix-btree,full-scan,not_contains_tv,%(TV)%,0,2609129,31450317,31450317,2609129,2609129,0,0,0,707630079,243783678,2690,1170,32935564,32936734,2609129,1337125,413698,12.623651034502318,12.62320260899327,1.0472623853044152,no-indexable-prefix
job_movie_companies_note,movie_companies.note,benchmarks/job/../../data/job/movie_companies__note.csv,job-csv,utf8,StdSearch,static,prefix-btree,full-scan,not_contains_tv,%(TV)%,1,2609129,31450317,31450317,2609129,2609129,0,0,0,707630079,243783678,2690,310,33208663,33208973,2609129,1337125,413698,12.727991985064747,12.727873171468334,1.0559185460674372,no-indexable-prefix
job_movie_companies_note,movie_companies.note,benchmarks/job/../../data/job/movie_companies__note.csv,job-csv,utf8,StdSearch,static,prefix-btree,full-scan,not_contains_tv,%(TV)%,2,2609129,31450317,31450317,2609129,2609129,0,0,0,707630079,243783678,2690,420,32781513,32781933,2609129,1337125,413698,12.564320506958452,12.564159533698794,1.0423403045508253,no-indexable-prefix
job_movie_companies_note,movie_companies.note,benchmarks/job/../../data/job/movie_companies__note.csv,job-csv,utf8,StdSearch,static,prefix-btree,full-scan,not_contains_tv,%(TV)%,3,2609129,31450317,31450317,2609129,2609129,0,0,0,707630079,243783678,2690,350,32899022,32899372,2609129,1337125,413698,12.609331313246681,12.609197168863632,1.0460744163564393,no-indexable-prefix
job_movie_companies_note,movie_companies.note,benchmarks/job/../../data/job/movie_companies__note.csv,job-csv,utf8,StdSearch,static,prefix-btree,full-scan,not_contains_tv,%(TV)%,4,2609129,31450317,31450317,2609129,2609129,0,0,0,707630079,243783678,2690,480,32875062,32875542,2609129,1337125,413698,12.60019799710938,12.60001402766977,1.045316713341872,no-indexable-prefix
job_movie_companies_note,movie_companies.note,benchmarks/job/../../data/job/movie_companies__note.csv,job-csv,utf8,StdSearch,static,qgram,full-scan,not_contains_tv,%(TV)%,0,2609129,31450317,31450317,2609129,2609129,0,0,0,707630079,930075132,2690,530,32750651,32751181,2609129,1337125,413698,12.55253419819411,12.552331065271208,1.041362508365178,literal-shorter-than-qgram
job_movie_companies_note,movie_companies.note,benchmarks/job/../../data/job/movie_companies__note.csv,job-csv,utf8,StdSearch,static,qgram,full-scan,not_contains_tv,%(TV)%,1,2609129,31450317,31450317,2609129,2609129,0,0,0,707630079,930075132,2690,110,33245486,33245596,2609129,1337125,413698,12.742028470037319,12.741986310374076,1.0570830176369923,literal-shorter-than-qgram
job_movie_companies_note,movie_companies.note,benchmarks/job/../../data/job/movie_companies__note.csv,job-csv,utf8,StdSearch,static,qgram,full-scan,not_contains_tv,%(TV)%,2,2609129,31450317,31450317,2609129,2609129,0,0,0,707630079,930075132,2690,100,32806825,32806925,2609129,1337125,413698,12.573899182447477,12.57386085548089,1.0431349547287552,literal-shorter-than-qgram
job_movie_companies_note,movie_companies.note,benchmarks/job/../../data/job/movie_companies__note.csv,job-csv,utf8,StdSearch,static,qgram,full-scan,not_contains_tv,%(TV)%,3,2609129,31450317,31450317,2609129,2609129,0,0,0,707630079,930075132,2690,120,32868079,32868199,2609129,1337125,413698,12.597383647953015,12.597337655593112,1.045083233978214,literal-shorter-than-qgram
job_movie_companies_note,movie_companies.note,benchmarks/job/../../data/job/movie_companies__note.csv,job-csv,utf8,StdSearch,static,qgram,full-scan,not_contains_tv,%(TV)%,4,2609129,31450317,31450317,2609129,2609129,0,0,0,707630079,930075132,2690,110,32758903,32759013,2609129,1337125,413698,12.555535966217079,12.555493806553836,1.0416115360617828,literal-shorter-than-qgram
job_movie_companies_note,movie_companies.note,benchmarks/job/../../data/job/movie_companies__note.csv,job-csv,utf8,StdSearch,static,trigram,trigram,not_contains_tv,%(TV)%,0,2609129,31450317,31450317,2609129,2609129,0,0,0,707630079,1060889407,2690,445002,11578525,12023527,413698,413698,413698,4.608253175676634,27.987867961653187,0.3823022515162566,
job_movie_companies_note,movie_companies.note,benchmarks/job/../../data/job/movie_companies__note.csv,job-csv,utf8,StdSearch,static,trigram,trigram,not_contains_tv,%(TV)%,1,2609129,31450317,31450317,2609129,2609129,0,0,0,707630079,1060889407,2690,437552,11485808,11923360,413698,413698,413698,4.569862203057036,27.76375036862639,0.37911732336434,
job_movie_companies_note,movie_companies.note,benchmarks/job/../../data/job/movie_companies__note.csv,job-csv,utf8,StdSearch,static,trigram,trigram,not_contains_tv,%(TV)%,2,2609129,31450317,31450317,2609129,2609129,0,0,0,707630079,1060889407,2690,445262,11416343,11861605,413698,413698,413698,4.546193384842221,27.595838026773155,0.3771537501513896,
job_movie_companies_note,movie_companies.note,benchmarks/job/../../data/job/movie_companies__note.csv,job-csv,utf8,StdSearch,static,trigram,trigram,not_contains_tv,%(TV)%,3,2609129,31450317,31450317,2609129,2609129,0,0,0,707630079,1060889407,2690,416280,11574764,11991044,413698,413698,413698,4.595803427120698,27.978776788865307,0.3812694161397483,
job_movie_companies_note,movie_companies.note,benchmarks/job/../../data/job/movie_companies__note.csv,job-csv,utf8,StdSearch,static,trigram,trigram,not_contains_tv,%(TV)%,4,2609129,31450317,31450317,2609129,2609129,0,0,0,707630079,1060889407,2690,490036,11344747,11834783,413698,413698,413698,4.535913325864685,27.42277458435864,0.37630091296059115,
job_movie_companies_note,movie_companies.note,benchmarks/job/../../data/job/movie_companies__note.csv,job-csv,utf8,StdSearch,static,fm,full-scan,not_contains_usa,%(USA)%,0,2609129,31450317,31450317,2609129,2609129,0,0,0,707630079,69127940303,2310,3680,33158010,33161690,2609129,1335804,487819,12.709869845454172,12.70845941308383,1.0544151271988769,too-broad
job_movie_companies_note,movie_companies.note,benchmarks/job/../../data/job/movie_companies__note.csv,job-csv,utf8,StdSearch,static,fm,full-scan,not_contains_usa,%(USA)%,1,2609129,31450317,31450317,2609129,2609129,0,0,0,707630079,69127940303,2310,3151,33027320,33030471,2609129,1335804,487819,12.659577583170476,12.65836990045337,1.0502428640067443,too-broad
job_movie_companies_note,movie_companies.note,benchmarks/job/../../data/job/movie_companies__note.csv,job-csv,utf8,StdSearch,static,fm,full-scan,not_contains_usa,%(USA)%,2,2609129,31450317,31450317,2609129,2609129,0,0,0,707630079,69127940303,2310,3070,33332373,33335443,2609129,1335804,487819,12.776464099705304,12.775287461831132,1.0599398091917485,too-broad
job_movie_companies_note,movie_companies.note,benchmarks/job/../../data/job/movie_companies__note.csv,job-csv,utf8,StdSearch,static,fm,full-scan,not_contains_usa,%(USA)%,3,2609129,31450317,31450317,2609129,2609129,0,0,0,707630079,69127940303,2310,3270,32637264,32640534,2609129,1335804,487819,12.510126559476362,12.508873267669019,1.0378443562269977,too-broad
job_movie_companies_note,movie_companies.note,benchmarks/job/../../data/job/movie_companies__note.csv,job-csv,utf8,StdSearch,static,fm,full-scan,not_contains_usa,%(USA)%,4,2609129,31450317,31450317,2609129,2609129,0,0,0,707630079,69127940303,2310,2481,32686756,32689237,2609129,1335804,487819,12.52879294201245,12.527842049971465,1.0393929256738492,too-broad
job_movie_companies_note,movie_companies.note,benchmarks/job/../../data/job/movie_companies__note.csv,job-csv,utf8,StdSearch,static,full-scan,full-scan,not_contains_usa,%(USA)%,0,2609129,31450317,31450317,2609129,2609129,0,0,0,707630079,0,2310,600,46504722,46505322,2609129,1335804,487819,17.824079223373012,17.8238492615735,1.478691677416161,
job_movie_companies_note,movie_companies.note,benchmarks/job/../../data/job/movie_companies__note.csv,job-csv,utf8,StdSearch,static,full-scan,full-scan,not_contains_usa,%(USA)%,1,2609129,31450317,31450317,2609129,2609129,0,0,0,707630079,0,2310,110,33155390,33155500,2609129,1335804,487819,12.707497406222537,12.707455246559292,1.0542183088329444,
job_movie_companies_note,movie_companies.note,benchmarks/job/../../data/job/movie_companies__note.csv,job-csv,utf8,StdSearch,static,full-scan,full-scan,not_contains_usa,%(USA)%,2,2609129,31450317,31450317,2609129,2609129,0,0,0,707630079,0,2310,130,33516728,33516858,2609129,1335804,487819,12.845994966136209,12.845945141079648,1.0657081135303024,
job_movie_companies_note,movie_companies.note,benchmarks/job/../../data/job/movie_companies__note.csv,job-csv,utf8,StdSearch,static,full-scan,full-scan,not_contains_usa,%(USA)%,3,2609129,31450317,31450317,2609129,2609129,0,0,0,707630079,0,2310,110,33153020,33153130,2609129,1335804,487819,12.706589057114462,12.706546897451219,1.0541429518818524,
job_movie_companies_note,movie_companies.note,benchmarks/job/../../data/job/movie_companies__note.csv,job-csv,utf8,StdSearch,static,full-scan,full-scan,not_contains_usa,%(USA)%,4,2609129,31450317,31450317,2609129,2609129,0,0,0,707630079,0,2310,90,32584669,32584759,2609129,1335804,487819,12.488749693863355,12.488715199593427,1.0360709241817816,
job_movie_companies_note,movie_companies.note,benchmarks/job/../../data/job/movie_companies__note.csv,job-csv,utf8,StdSearch,static,prefix-btree,full-scan,not_contains_usa,%(USA)%,0,2609129,31450317,31450317,2609129,2609129,0,0,0,707630079,243783678,2310,1780,32623510,32625290,2609129,1335804,487819,12.504283996690083,12.503601776684864,1.0373596552301843,no-indexable-prefix
job_movie_companies_note,movie_companies.note,benchmarks/job/../../data/job/movie_companies__note.csv,job-csv,utf8,StdSearch,static,prefix-btree,full-scan,not_contains_usa,%(USA)%,1,2609129,31450317,31450317,2609129,2609129,0,0,0,707630079,243783678,2310,660,32966613,32967273,2609129,1335804,487819,12.635355706827834,12.63510274884837,1.048233408903319,no-indexable-prefix
job_movie_companies_note,movie_companies.note,benchmarks/job/../../data/job/movie_companies__note.csv,job-csv,utf8,StdSearch,static,prefix-btree,full-scan,not_contains_usa,%(USA)%,2,2609129,31450317,31450317,2609129,2609129,0,0,0,707630079,243783678,2310,540,32820449,32820989,2609129,1335804,487819,12.579289487028047,12.579082521408486,1.043582136230932,no-indexable-prefix
job_movie_companies_note,movie_companies.note,benchmarks/job/../../data/job/movie_companies__note.csv,job-csv,utf8,StdSearch,static,prefix-btree,full-scan,not_contains_usa,%(USA)%,3,2609129,31450317,31450317,2609129,2609129,0,0,0,707630079,243783678,2310,340,33512770,33513110,2609129,1335804,487819,12.844558471428588,12.844428159742197,1.0655889414405584,no-indexable-prefix
job_movie_companies_note,movie_companies.note,benchmarks/job/../../data/job/movie_companies__note.csv,job-csv,utf8,StdSearch,static,prefix-btree,full-scan,not_contains_usa,%(USA)%,4,2609129,31450317,31450317,2609129,2609129,0,0,0,707630079,243783678,2310,420,32916637,32917057,2609129,1335804,487819,12.61610943728731,12.615948464027651,1.0466367318332594,no-indexable-prefix
job_movie_companies_note,movie_companies.note,benchmarks/job/../../data/job/movie_companies__note.csv,job-csv,utf8,StdSearch,static,qgram,full-scan,not_contains_usa,%(USA)%,0,2609129,31450317,31450317,2609129,2609129,0,0,0,707630079,930075132,2310,560,33000495,33001055,2609129,1335804,487819,12.648303322679714,12.648088691666835,1.0493075475201092,literal-shorter-than-qgram
job_movie_companies_note,movie_companies.note,benchmarks/job/../../data/job/movie_companies__note.csv,job-csv,utf8,StdSearch,static,qgram,full-scan,not_contains_usa,%(USA)%,1,2609129,31450317,31450317,2609129,2609129,0,0,0,707630079,930075132,2310,100,32616690,32616790,2609129,1335804,487819,12.501026204530325,12.50098787756374,1.0370893876840732,literal-shorter-than-qgram
job_movie_companies_note,movie_companies.note,benchmarks/job/../../data/job/movie_companies__note.csv,job-csv,utf8,StdSearch,static,qgram,full-scan,not_contains_usa,%(USA)%,2,2609129,31450317,31450317,2609129,2609129,0,0,0,707630079,930075132,2310,110,33371301,33371411,2609129,1335804,487819,12.790249543046741,12.790207383383496,1.061083454262162,literal-shorter-than-qgram
job_movie_companies_note,movie_companies.note,benchmarks/job/../../data/job/movie_companies__note.csv,job-csv,utf8,StdSearch,static,qgram,full-scan,not_contains_usa,%(USA)%,3,2609129,31450317,31450317,2609129,2609129,0,0,0,707630079,930075132,2310,100,33768245,33768345,2609129,1335804,487819,12.942382304592835,12.94234397762625,1.073704439926631,literal-shorter-than-qgram
job_movie_companies_note,movie_companies.note,benchmarks/job/../../data/job/movie_companies__note.csv,job-csv,utf8,StdSearch,static,qgram,full-scan,not_contains_usa,%(USA)%,4,2609129,31450317,31450317,2609129,2609129,0,0,0,707630079,930075132,2310,120,33435163,33435283,2609129,1335804,487819,12.814729743144168,12.814683750784265,1.0631143399921852,literal-shorter-than-qgram
job_movie_companies_note,movie_companies.note,benchmarks/job/../../data/job/movie_companies__note.csv,job-csv,utf8,StdSearch,static,trigram,trigram,not_contains_usa,%(USA)%,0,2609129,31450317,31450317,2609129,2609129,0,0,0,707630079,1060889407,2310,986550,10492402,11478952,487819,487819,487819,4.399534097394188,21.508801420198886,0.36498684576056895,
job_movie_companies_note,movie_companies.note,benchmarks/job/../../data/job/movie_companies__note.csv,job-csv,utf8,StdSearch,static,trigram,trigram,not_contains_usa,%(USA)%,1,2609129,31450317,31450317,2609129,2609129,0,0,0,707630079,1060889407,2310,936788,10504041,11440829,487819,487819,487819,4.3849227079228354,21.53266067947333,0.36377467991817064,
job_movie_companies_note,movie_companies.note,benchmarks/job/../../data/job/movie_companies__note.csv,job-csv,utf8,StdSearch,static,trigram,trigram,not_contains_usa,%(USA)%,2,2609129,31450317,31450317,2609129,2609129,0,0,0,707630079,1060889407,2310,928698,10480951,11409649,487819,487819,487819,4.3729723597415076,21.485327549767433,0.36278327496667206,
job_movie_companies_note,movie_companies.note,benchmarks/job/../../data/job/movie_companies__note.csv,job-csv,utf8,StdSearch,static,trigram,trigram,not_contains_usa,%(USA)%,3,2609129,31450317,31450317,2609129,2609129,0,0,0,707630079,1060889407,2310,935068,10412688,11347756,487819,487819,487819,4.349250650312806,21.345392450888546,0.36081531388062005,
job_movie_companies_note,movie_companies.note,benchmarks/job/../../data/job/movie_companies__note.csv,job-csv,utf8,StdSearch,static,trigram,trigram,not_contains_usa,%(USA)%,4,2609129,31450317,31450317,2609129,2609129,0,0,0,707630079,1060889407,2310,986550,10433189,11419739,487819,487819,487819,4.376839550669975,21.38741828424067,0.36310409844199665,
job_movie_companies_note,movie_companies.note,benchmarks/job/../../data/job/movie_companies__note.csv,job-csv,utf8,StdSearch,static,fm,fm,not_contains_mgm_as,%(as Metro-Goldwyn-Mayer Pictures)%,0,2609129,31450317,31450317,2609129,2609129,0,0,0,707630079,69127940303,2060,1630,4040,5670,52,52,52,0.002173139005392221,77.6923076923077,0.00018028435134691964,
job_movie_companies_note,movie_companies.note,benchmarks/job/../../data/job/movie_companies__note.csv,job-csv,utf8,StdSearch,static,fm,fm,not_contains_mgm_as,%(as Metro-Goldwyn-Mayer Pictures)%,1,2609129,31450317,31450317,2609129,2609129,0,0,0,707630079,69127940303,2060,940,4010,4950,52,52,52,0.0018971848459773358,77.11538461538461,0.00015739110038223144,
job_movie_companies_note,movie_companies.note,benchmarks/job/../../data/job/movie_companies__note.csv,job-csv,utf8,StdSearch,static,fm,fm,not_contains_mgm_as,%(as Metro-Goldwyn-Mayer Pictures)%,2,2609129,31450317,31450317,2609129,2609129,0,0,0,707630079,69127940303,2060,890,3991,4881,52,52,52,0.0018707392390334093,76.75,0.00015519716383144883,
job_movie_companies_note,movie_companies.note,benchmarks/job/../../data/job/movie_companies__note.csv,job-csv,utf8,StdSearch,static,fm,fm,not_contains_mgm_as,%(as Metro-Goldwyn-Mayer Pictures)%,3,2609129,31450317,31450317,2609129,2609129,0,0,0,707630079,69127940303,2060,880,3990,4870,52,52,52,0.0018665232727090152,76.73076923076923,0.0001548474058305994,
job_movie_companies_note,movie_companies.note,benchmarks/job/../../data/job/movie_companies__note.csv,job-csv,utf8,StdSearch,static,fm,fm,not_contains_mgm_as,%(as Metro-Goldwyn-Mayer Pictures)%,4,2609129,31450317,31450317,2609129,2609129,0,0,0,707630079,69127940303,2060,880,3980,4860,52,52,52,0.001862690576050475,76.53846153846153,0.00015452944401164541,
job_movie_companies_note,movie_companies.note,benchmarks/job/../../data/job/movie_companies__note.csv,job-csv,utf8,StdSearch,static,full-scan,full-scan,not_contains_mgm_as,%(as Metro-Goldwyn-Mayer Pictures)%,0,2609129,31450317,31450317,2609129,2609129,0,0,0,707630079,0,2060,490,13471792,13472282,2609129,146608,52,5.163517020430956,5.163329218294687,0.42836712901812724,
job_movie_companies_note,movie_companies.note,benchmarks/job/../../data/job/movie_companies__note.csv,job-csv,utf8,StdSearch,static,full-scan,full-scan,not_contains_mgm_as,%(as Metro-Goldwyn-Mayer Pictures)%,1,2609129,31450317,31450317,2609129,2609129,0,0,0,707630079,0,2060,100,13419119,13419219,2609129,146608,52,5.1431795821517445,5.143141255185159,0.4266799282182116,
job_movie_companies_note,movie_companies.note,benchmarks/job/../../data/job/movie_companies__note.csv,job-csv,utf8,StdSearch,static,full-scan,full-scan,not_contains_mgm_as,%(as Metro-Goldwyn-Mayer Pictures)%,2,2609129,31450317,31450317,2609129,2609129,0,0,0,707630079,0,2060,100,13317884,13317984,2609129,146608,52,5.104379277529015,5.104340950562429,0.42346104174403076,
job_movie_companies_note,movie_companies.note,benchmarks/job/../../data/job/movie_companies__note.csv,job-csv,utf8,StdSearch,static,full-scan,full-scan,not_contains_mgm_as,%(as Metro-Goldwyn-Mayer Pictures)%,3,2609129,31450317,31450317,2609129,2609129,0,0,0,707630079,0,2060,100,13372438,13372538,2609129,146608,52,5.1252881708800135,5.125249843913428,0.42519565065115245,
job_movie_companies_note,movie_companies.note,benchmarks/job/../../data/job/movie_companies__note.csv,job-csv,utf8,StdSearch,static,full-scan,full-scan,not_contains_mgm_as,%(as Metro-Goldwyn-Mayer Pictures)%,4,2609129,31450317,31450317,2609129,2609129,0,0,0,707630079,0,2060,100,13389678,13389778,2609129,146608,52,5.1318957399193375,5.131857412952752,0.4257438168270291,
job_movie_companies_note,movie_companies.note,benchmarks/job/../../data/job/movie_companies__note.csv,job-csv,utf8,StdSearch,static,prefix-btree,full-scan,not_contains_mgm_as,%(as Metro-Goldwyn-Mayer Pictures)%,0,2609129,31450317,31450317,2609129,2609129,0,0,0,707630079,243783678,2060,1000,13380297,13381297,2609129,146608,52,5.1286452298832295,5.128261960217375,0.42547415340837424,no-indexable-prefix
job_movie_companies_note,movie_companies.note,benchmarks/job/../../data/job/movie_companies__note.csv,job-csv,utf8,StdSearch,static,prefix-btree,full-scan,not_contains_mgm_as,%(as Metro-Goldwyn-Mayer Pictures)%,1,2609129,31450317,31450317,2609129,2609129,0,0,0,707630079,243783678,2060,320,13263873,13264193,2609129,146608,52,5.083762818933062,5.0836401726399885,0.42175069332369525,no-indexable-prefix
job_movie_companies_note,movie_companies.note,benchmarks/job/../../data/job/movie_companies__note.csv,job-csv,utf8,StdSearch,static,prefix-btree,full-scan,not_contains_mgm_as,%(as Metro-Goldwyn-Mayer Pictures)%,2,2609129,31450317,31450317,2609129,2609129,0,0,0,707630079,243783678,2060,280,13265684,13265964,2609129,146608,52,5.084441589511289,5.08433427400485,0.42180700436183205,no-indexable-prefix
job_movie_companies_note,movie_companies.note,benchmarks/job/../../data/job/movie_companies__note.csv,job-csv,utf8,StdSearch,static,prefix-btree,full-scan,not_contains_mgm_as,%(as Metro-Goldwyn-Mayer Pictures)%,3,2609129,31450317,31450317,2609129,2609129,0,0,0,707630079,243783678,2060,270,13251332,13251602,2609129,146608,52,5.078937070570293,5.0788335877605135,0.42135034759745027,no-indexable-prefix
job_movie_companies_note,movie_companies.note,benchmarks/job/../../data/job/movie_companies__note.csv,job-csv,utf8,StdSearch,static,prefix-btree,full-scan,not_contains_mgm_as,%(as Metro-Goldwyn-Mayer Pictures)%,4,2609129,31450317,31450317,2609129,2609129,0,0,0,707630079,243783678,2060,660,13447420,13448080,2609129,146608,52,5.154241127977957,5.1539881699984935,0.4275975978238947,no-indexable-prefix
job_movie_companies_note,movie_companies.note,benchmarks/job/../../data/job/movie_companies__note.csv,job-csv,utf8,StdSearch,static,qgram,qgram,not_contains_mgm_as,%(as Metro-Goldwyn-Mayer Pictures)%,0,2609129,31450317,31450317,2609129,2609129,0,0,0,707630079,930075132,2060,3000,4050,7050,52,52,52,0.0027020511442707507,77.88461538461539,0.00022416308236257205,
job_movie_companies_note,movie_companies.note,benchmarks/job/../../data/job/movie_companies__note.csv,job-csv,utf8,StdSearch,static,qgram,qgram,not_contains_mgm_as,%(as Metro-Goldwyn-Mayer Pictures)%,1,2609129,31450317,31450317,2609129,2609129,0,0,0,707630079,930075132,2060,1831,4040,5871,52,52,52,0.0022501762082288764,77.6923076923077,0.0001866753839078951,
job_movie_companies_note,movie_companies.note,benchmarks/job/../../data/job/movie_companies__note.csv,job-csv,utf8,StdSearch,static,qgram,qgram,not_contains_mgm_as,%(as Metro-Goldwyn-Mayer Pictures)%,2,2609129,31450317,31450317,2609129,2609129,0,0,0,707630079,930075132,2060,1580,4010,5590,52,52,52,0.0021424774321239003,77.11538461538461,0.00017774065679528763,
job_movie_companies_note,movie_companies.note,benchmarks/job/../../data/job/movie_companies__note.csv,job-csv,utf8,StdSearch,static,qgram,qgram,not_contains_mgm_as,%(as Metro-Goldwyn-Mayer Pictures)%,3,2609129,31450317,31450317,2609129,2609129,0,0,0,707630079,930075132,2060,1570,3990,5560,52,52,52,0.00213097934214828,76.73076923076923,0.00017678677133842562,
job_movie_companies_note,movie_companies.note,benchmarks/job/../../data/job/movie_companies__note.csv,job-csv,utf8,StdSearch,static,qgram,qgram,not_contains_mgm_as,%(as Metro-Goldwyn-Mayer Pictures)%,4,2609129,31450317,31450317,2609129,2609129,0,0,0,707630079,930075132,2060,1560,3990,5550,52,52,52,0.00212714664548974,76.73076923076923,0.0001764688095194716,
job_movie_companies_note,movie_companies.note,benchmarks/job/../../data/job/movie_companies__note.csv,job-csv,utf8,StdSearch,static,trigram,trigram,not_contains_mgm_as,%(as Metro-Goldwyn-Mayer Pictures)%,0,2609129,31450317,31450317,2609129,2609129,0,0,0,707630079,1060889407,2060,181877,4591,186468,52,52,52,0.07146752805246502,88.28846153846153,0.005928970445671502,
job_movie_companies_note,movie_companies.note,benchmarks/job/../../data/job/movie_companies__note.csv,job-csv,utf8,StdSearch,static,trigram,trigram,not_contains_mgm_as,%(as Metro-Goldwyn-Mayer Pictures)%,1,2609129,31450317,31450317,2609129,2609129,0,0,0,707630079,1060889407,2060,179347,4580,183927,52,52,52,0.07049363983152998,88.07692307692308,0.005848176347475289,
job_movie_companies_note,movie_companies.note,benchmarks/job/../../data/job/movie_companies__note.csv,job-csv,utf8,StdSearch,static,trigram,trigram,not_contains_mgm_as,%(as Metro-Goldwyn-Mayer Pictures)%,2,2609129,31450317,31450317,2609129,2609129,0,0,0,707630079,1060889407,2060,178577,4570,183147,52,52,52,0.07019468949216386,87.88461538461539,0.005823375325596877,
job_movie_companies_note,movie_companies.note,benchmarks/job/../../data/job/movie_companies__note.csv,job-csv,utf8,StdSearch,static,trigram,trigram,not_contains_mgm_as,%(as Metro-Goldwyn-Mayer Pictures)%,3,2609129,31450317,31450317,2609129,2609129,0,0,0,707630079,1060889407,2060,178068,4560,182628,52,52,52,0.06999577253558563,87.6923076923077,0.005806873107193165,
job_movie_companies_note,movie_companies.note,benchmarks/job/../../data/job/movie_companies__note.csv,job-csv,utf8,StdSearch,static,trigram,trigram,not_contains_mgm_as,%(as Metro-Goldwyn-Mayer Pictures)%,4,2609129,31450317,31450317,2609129,2609129,0,0,0,707630079,1060889407,2060,185297,4740,190037,52,52,52,0.07283541748989797,91.15384615384616,0.006042451018856185,
job_movie_companies_note,movie_companies.note,benchmarks/job/../../data/job/movie_companies__note.csv,job-csv,utf8,TwoWay2,static,fm,fm,contains_1994,%(1994)%,0,2609129,31450317,31450317,2609129,2609129,0,0,0,707630079,69127940303,2481,93864,151246,245110,8468,8468,8468,0.09394322779747571,17.86088804912612,0.007793562144381565,
job_movie_companies_note,movie_companies.note,benchmarks/job/../../data/job/movie_companies__note.csv,job-csv,utf8,TwoWay2,static,fm,fm,contains_1994,%(1994)%,1,2609129,31450317,31450317,2609129,2609129,0,0,0,707630079,69127940303,2481,81433,143746,225179,8468,8468,8468,0.0863042800873395,16.97520075578649,0.0071598324430243426,
job_movie_companies_note,movie_companies.note,benchmarks/job/../../data/job/movie_companies__note.csv,job-csv,utf8,TwoWay2,static,fm,fm,contains_1994,%(1994)%,2,2609129,31450317,31450317,2609129,2609129,0,0,0,707630079,69127940303,2481,78473,164297,242770,8468,8468,8468,0.09304637677937733,19.40210203117619,0.007719159078746329,
job_movie_companies_note,movie_companies.note,benchmarks/job/../../data/job/movie_companies__note.csv,job-csv,utf8,TwoWay2,static,fm,fm,contains_1994,%(1994)%,3,2609129,31450317,31450317,2609129,2609129,0,0,0,707630079,69127940303,2481,80043,143346,223389,8468,8468,8468,0.08561822738546082,16.92796410014171,0.007102917277431575,
job_movie_companies_note,movie_companies.note,benchmarks/job/../../data/job/movie_companies__note.csv,job-csv,utf8,TwoWay2,static,fm,fm,contains_1994,%(1994)%,4,2609129,31450317,31450317,2609129,2609129,0,0,0,707630079,69127940303,2481,80693,156466,237159,8468,8468,8468,0.0908958506842705,18.477326405290505,0.007540750702131237,
job_movie_companies_note,movie_companies.note,benchmarks/job/../../data/job/movie_companies__note.csv,job-csv,utf8,TwoWay2,static,full-scan,full-scan,contains_1994,%(1994)%,0,2609129,31450317,31450317,2609129,2609129,0,0,0,707630079,0,2481,720,25771744,25772464,2609129,1324859,8468,9.87780366551443,9.877527711355015,0.8194659532366557,
job_movie_companies_note,movie_companies.note,benchmarks/job/../../data/job/movie_companies__note.csv,job-csv,utf8,TwoWay2,static,full-scan,full-scan,contains_1994,%(1994)%,1,2609129,31450317,31450317,2609129,2609129,0,0,0,707630079,0,2481,450,25788557,25789007,2609129,1324859,8468,9.884144095596653,9.88397162424702,0.8199919574737514,
job_movie_companies_note,movie_companies.note,benchmarks/job/../../data/job/movie_companies__note.csv,job-csv,utf8,TwoWay2,static,full-scan,full-scan,contains_1994,%(1994)%,2,2609129,31450317,31450317,2609129,2609129,0,0,0,707630079,0,2481,100,26343888,26343988,2609129,1324859,8468,10.096851478021977,10.096813151055391,0.8376382342982426,
job_movie_companies_note,movie_companies.note,benchmarks/job/../../data/job/movie_companies__note.csv,job-csv,utf8,TwoWay2,static,full-scan,full-scan,contains_1994,%(1994)%,3,2609129,31450317,31450317,2609129,2609129,0,0,0,707630079,0,2481,110,25910990,25911100,2609129,1324859,8468,9.930938638909767,9.930896479246522,0.8238740487099064,
job_movie_companies_note,movie_companies.note,benchmarks/job/../../data/job/movie_companies__note.csv,job-csv,utf8,TwoWay2,static,full-scan,full-scan,contains_1994,%(1994)%,4,2609129,31450317,31450317,2609129,2609129,0,0,0,707630079,0,2481,110,26319627,26319737,2609129,1324859,8468,10.08755680535535,10.087514645692107,0.8368671450910972,
job_movie_companies_note,movie_companies.note,benchmarks/job/../../data/job/movie_companies__note.csv,job-csv,utf8,TwoWay2,static,prefix-btree,full-scan,contains_1994,%(1994)%,0,2609129,31450317,31450317,2609129,2609129,0,0,0,707630079,243783678,2481,1190,26939733,26940923,2609129,1324859,8468,10.325638556008538,10.325182465106172,0.8566184881379733,no-indexable-prefix
job_movie_companies_note,movie_companies.note,benchmarks/job/../../data/job/movie_companies__note.csv,job-csv,utf8,TwoWay2,static,prefix-btree,full-scan,contains_1994,%(1994)%,1,2609129,31450317,31450317,2609129,2609129,0,0,0,707630079,243783678,2481,520,25655900,25656420,2609129,1324859,8468,9.833327520410068,9.833128220183823,0.815776197104786,no-indexable-prefix
job_movie_companies_note,movie_companies.note,benchmarks/job/../../data/job/movie_companies__note.csv,job-csv,utf8,TwoWay2,static,prefix-btree,full-scan,contains_1994,%(1994)%,2,2609129,31450317,31450317,2609129,2609129,0,0,0,707630079,243783678,2481,360,25550386,25550746,2609129,1324859,8468,9.792825881740612,9.792687904660903,0.8124161673791714,no-indexable-prefix
job_movie_companies_note,movie_companies.note,benchmarks/job/../../data/job/movie_companies__note.csv,job-csv,utf8,TwoWay2,static,prefix-btree,full-scan,contains_1994,%(1994)%,3,2609129,31450317,31450317,2609129,2609129,0,0,0,707630079,243783678,2481,400,26210922,26211322,2609129,1324859,8468,10.046004624531788,10.045851316665447,0.8334199620309074,no-indexable-prefix
job_movie_companies_note,movie_companies.note,benchmarks/job/../../data/job/movie_companies__note.csv,job-csv,utf8,TwoWay2,static,prefix-btree,full-scan,contains_1994,%(1994)%,4,2609129,31450317,31450317,2609129,2609129,0,0,0,707630079,243783678,2481,460,26607431,26607891,2609129,1324859,8468,10.197997492649845,10.197821188603553,0.8460293420889844,no-indexable-prefix
job_movie_companies_note,movie_companies.note,benchmarks/job/../../data/job/movie_companies__note.csv,job-csv,utf8,TwoWay2,static,qgram,full-scan,contains_1994,%(1994)%,0,2609129,31450317,31450317,2609129,2609129,0,0,0,707630079,930075132,2481,828,26050580,26051408,2609129,1324859,8468,9.98471443918641,9.984397091903084,0.8283353073992863,literal-shorter-than-qgram
job_movie_companies_note,movie_companies.note,benchmarks/job/../../data/job/movie_companies__note.csv,job-csv,utf8,TwoWay2,static,qgram,full-scan,contains_1994,%(1994)%,1,2609129,31450317,31450317,2609129,2609129,0,0,0,707630079,930075132,2481,110,25840144,25840254,2609129,1324859,8468,9.903785516162673,9.90374335649943,0.821621416407345,literal-shorter-than-qgram
job_movie_companies_note,movie_companies.note,benchmarks/job/../../data/job/movie_companies__note.csv,job-csv,utf8,TwoWay2,static,qgram,full-scan,contains_1994,%(1994)%,2,2609129,31450317,31450317,2609129,2609129,0,0,0,707630079,930075132,2481,319,26011446,26011765,2609129,1324859,8468,9.96952047982296,9.969398216799553,0.827074811360407,literal-shorter-than-qgram
job_movie_companies_note,movie_companies.note,benchmarks/job/../../data/job/movie_companies__note.csv,job-csv,utf8,TwoWay2,static,qgram,full-scan,contains_1994,%(1994)%,3,2609129,31450317,31450317,2609129,2609129,0,0,0,707630079,930075132,2481,99,25965637,25965736,2609129,1324859,8468,9.951878960373366,9.951841016676447,0.8256112649039435,literal-shorter-than-qgram
job_movie_companies_note,movie_companies.note,benchmarks/job/../../data/job/movie_companies__note.csv,job-csv,utf8,TwoWay2,static,qgram,full-scan,contains_1994,%(1994)%,4,2609129,31450317,31450317,2609129,2609129,0,0,0,707630079,930075132,2481,99,26035690,26035789,2609129,1324859,8468,9.978728150275437,9.978690206578516,0.8278386828342621,literal-shorter-than-qgram
job_movie_companies_note,movie_companies.note,benchmarks/job/../../data/job/movie_companies__note.csv,job-csv,utf8,TwoWay2,static,trigram,trigram,contains_1994,%(1994)%,0,2609129,31450317,31450317,2609129,2609129,0,0,0,707630079,1060889407,2481,438490,155145,593635,8594,8594,8468,0.22752228808924357,18.05271119385618,0.018875326439475953,
job_movie_companies_note,movie_companies.note,benchmarks/job/../../data/job/movie_companies__note.csv,job-csv,utf8,TwoWay2,static,trigram,trigram,contains_1994,%(1994)%,1,2609129,31450317,31450317,2609129,2609129,0,0,0,707630079,1060889407,2481,434697,148319,583016,8594,8594,8468,0.22345234750753987,17.258436118222015,0.018537682783928696,
job_movie_companies_note,movie_companies.note,benchmarks/job/../../data/job/movie_companies__note.csv,job-csv,utf8,TwoWay2,static,trigram,trigram,contains_1994,%(1994)%,2,2609129,31450317,31450317,2609129,2609129,0,0,0,707630079,1060889407,2481,485937,151991,637928,8594,8594,8468,0.24449845139891513,17.685710961135676,0.020283674724168917,
job_movie_companies_note,movie_companies.note,benchmarks/job/../../data/job/movie_companies__note.csv,job-csv,utf8,TwoWay2,static,trigram,trigram,contains_1994,%(1994)%,3,2609129,31450317,31450317,2609129,2609129,0,0,0,707630079,1060889407,2481,453211,163529,616740,8594,8594,8468,0.23637773371880041,19.028275541075168,0.019609977222169176,
job_movie_companies_note,movie_companies.note,benchmarks/job/../../data/job/movie_companies__note.csv,job-csv,utf8,TwoWay2,static,trigram,trigram,contains_1994,%(1994)%,4,2609129,31450317,31450317,2609129,2609129,0,0,0,707630079,1060889407,2481,445546,151003,596549,8594,8594,8468,0.22863913589554216,17.570747032813593,0.01896798051351915,
job_movie_companies_note,movie_companies.note,benchmarks/job/../../data/job/movie_companies__note.csv,job-csv,utf8,TwoWay2,static,fm,full-scan,contains_200_wild,%(200%)%,0,2609129,31450317,31450317,2609129,2609129,0,0,0,707630079,69127940303,2944,3074,33269234,33272308,2609129,1335804,440138,12.752266369351611,12.751088198398776,1.0579323572477823,too-broad
job_movie_companies_note,movie_companies.note,benchmarks/job/../../data/job/movie_companies__note.csv,job-csv,utf8,TwoWay2,static,fm,full-scan,contains_200_wild,%(200%)%,1,2609129,31450317,31450317,2609129,2609129,0,0,0,707630079,69127940303,2944,2635,32517788,32520423,2609129,1335804,440138,12.46409165664097,12.463081741071445,1.0340252850233593,too-broad
job_movie_companies_note,movie_companies.note,benchmarks/job/../../data/job/movie_companies__note.csv,job-csv,utf8,TwoWay2,static,fm,full-scan,contains_200_wild,%(200%)%,2,2609129,31450317,31450317,2609129,2609129,0,0,0,707630079,69127940303,2944,2675,32558759,32561434,2609129,1335804,440138,12.47980992890731,12.47878468255115,1.0353292782390715,too-broad
job_movie_companies_note,movie_companies.note,benchmarks/job/../../data/job/movie_companies__note.csv,job-csv,utf8,TwoWay2,static,fm,full-scan,contains_200_wild,%(200%)%,3,2609129,31450317,31450317,2609129,2609129,0,0,0,707630079,69127940303,2944,2515,32715610,32718125,2609129,1335804,440138,12.53986483611964,12.538900912910018,1.0403114537764437,too-broad
job_movie_companies_note,movie_companies.note,benchmarks/job/../../data/job/movie_companies__note.csv,job-csv,utf8,TwoWay2,static,fm,full-scan,contains_200_wild,%(200%)%,4,2609129,31450317,31450317,2609129,2609129,0,0,0,707630079,69127940303,2944,2445,32580148,32582593,2609129,1335804,440138,12.487919531767115,12.4869824374341,1.0360020536517962,too-broad
job_movie_companies_note,movie_companies.note,benchmarks/job/../../data/job/movie_companies__note.csv,job-csv,utf8,TwoWay2,static,full-scan,full-scan,contains_200_wild,%(200%)%,0,2609129,31450317,31450317,2609129,2609129,0,0,0,707630079,0,2944,599,32512979,32513578,2609129,1335804,440138,12.4614681757782,12.461238597248354,1.0338076401582852,
job_movie_companies_note,movie_companies.note,benchmarks/job/../../data/job/movie_companies__note.csv,job-csv,utf8,TwoWay2,static,full-scan,full-scan,contains_200_wild,%(200%)%,1,2609129,31450317,31450317,2609129,2609129,0,0,0,707630079,0,2944,99,32627493,32627592,2609129,1335804,440138,12.505166283460879,12.50512833976396,1.0374328500409074,
job_movie_companies_note,movie_companies.note,benchmarks/job/../../data/job/movie_companies__note.csv,job-csv,utf8,TwoWay2,static,full-scan,full-scan,contains_200_wild,%(200%)%,2,2609129,31450317,31450317,2609129,2609129,0,0,0,707630079,0,2944,110,32606107,32606217,2609129,1335804,440138,12.49697389435325,12.496931734690007,1.0367532066528933,
job_movie_companies_note,movie_companies.note,benchmarks/job/../../data/job/movie_companies__note.csv,job-csv,utf8,TwoWay2,static,full-scan,full-scan,contains_200_wild,%(200%)%,3,2609129,31450317,31450317,2609129,2609129,0,0,0,707630079,0,2944,100,32669191,32669291,2609129,1335804,440138,12.521148245257326,12.52110991829074,1.0387587190297636,
job_movie_companies_note,movie_companies.note,benchmarks/job/../../data/job/movie_companies__note.csv,job-csv,utf8,TwoWay2,static,full-scan,full-scan,contains_200_wild,%(200%)%,4,2609129,31450317,31450317,2609129,2609129,0,0,0,707630079,0,2944,99,32581675,32581774,2609129,1335804,440138,12.48760563391078,12.487567690213861,1.035976012578824,
job_movie_companies_note,movie_companies.note,benchmarks/job/../../data/job/movie_companies__note.csv,job-csv,utf8,TwoWay2,static,prefix-btree,full-scan,contains_200_wild,%(200%)%,0,2609129,31450317,31450317,2609129,2609129,0,0,0,707630079,243783678,2944,659,32669233,32669892,2609129,1335804,440138,12.521378590326504,12.521126015616705,1.0387778285350828,no-indexable-prefix
job_movie_companies_note,movie_companies.note,benchmarks/job/../../data/job/movie_companies__note.csv,job-csv,utf8,TwoWay2,static,prefix-btree,full-scan,contains_200_wild,%(200%)%,1,2609129,31450317,31450317,2609129,2609129,0,0,0,707630079,243783678,2944,160,32825245,32825405,2609129,1335804,440138,12.580982005872459,12.580920682725921,1.0437225481701822,no-indexable-prefix
job_movie_companies_note,movie_companies.note,benchmarks/job/../../data/job/movie_companies__note.csv,job-csv,utf8,TwoWay2,static,prefix-btree,full-scan,contains_200_wild,%(200%)%,2,2609129,31450317,31450317,2609129,2609129,0,0,0,707630079,243783678,2944,210,32523569,32523779,2609129,1335804,440138,12.465377909639576,12.465297423009748,1.0341319930098,no-indexable-prefix
job_movie_companies_note,movie_companies.note,benchmarks/job/../../data/job/movie_companies__note.csv,job-csv,utf8,TwoWay2,static,prefix-btree,full-scan,contains_200_wild,%(200%)%,3,2609129,31450317,31450317,2609129,2609129,0,0,0,707630079,243783678,2944,129,32965440,32965569,2609129,1335804,440138,12.634702615317218,12.634653173530324,1.0481792282093692,no-indexable-prefix
job_movie_companies_note,movie_companies.note,benchmarks/job/../../data/job/movie_companies__note.csv,job-csv,utf8,TwoWay2,static,prefix-btree,full-scan,contains_200_wild,%(200%)%,4,2609129,31450317,31450317,2609129,2609129,0,0,0,707630079,243783678,2944,140,32532112,32532252,2609129,1335804,440138,12.468625353518359,12.468571695765139,1.034401402059,no-indexable-prefix
job_movie_companies_note,movie_companies.note,benchmarks/job/../../data/job/movie_companies__note.csv,job-csv,utf8,TwoWay2,static,qgram,full-scan,contains_200_wild,%(200%)%,0,2609129,31450317,31450317,2609129,2609129,0,0,0,707630079,930075132,2944,658,33239404,33240062,2609129,1335804,440138,12.739907455706483,12.73965526426635,1.0569070575663833,literal-shorter-than-qgram
job_movie_companies_note,movie_companies.note,benchmarks/job/../../data/job/movie_companies__note.csv,job-csv,utf8,TwoWay2,static,qgram,full-scan,contains_200_wild,%(200%)%,1,2609129,31450317,31450317,2609129,2609129,0,0,0,707630079,930075132,2944,110,32543308,32543418,2609129,1335804,440138,12.472904942607284,12.47286278294404,1.034756438226044,literal-shorter-than-qgram
job_movie_companies_note,movie_companies.note,benchmarks/job/../../data/job/movie_companies__note.csv,job-csv,utf8,TwoWay2,static,qgram,full-scan,contains_200_wild,%(200%)%,2,2609129,31450317,31450317,2609129,2609129,0,0,0,707630079,930075132,2944,100,32785874,32785974,2609129,1335804,440138,12.565869299678168,12.565830972711582,1.0424687929218646,literal-shorter-than-qgram
job_movie_companies_note,movie_companies.note,benchmarks/job/../../data/job/movie_companies__note.csv,job-csv,utf8,TwoWay2,static,qgram,full-scan,contains_200_wild,%(200%)%,3,2609129,31450317,31450317,2609129,2609129,0,0,0,707630079,930075132,2944,110,32719272,32719382,2609129,1335804,440138,12.540346606089619,12.540304446426374,1.0403514215770862,literal-shorter-than-qgram
job_movie_companies_note,movie_companies.note,benchmarks/job/../../data/job/movie_companies__note.csv,job-csv,utf8,TwoWay2,static,qgram,full-scan,contains_200_wild,%(200%)%,4,2609129,31450317,31450317,2609129,2609129,0,0,0,707630079,930075132,2944,100,33779793,33779893,2609129,1335804,440138,12.946808302694118,12.946769975727532,1.074071622235159,literal-shorter-than-qgram
job_movie_companies_note,movie_companies.note,benchmarks/job/../../data/job/movie_companies__note.csv,job-csv,utf8,TwoWay2,static,trigram,trigram,contains_200_wild,%(200%)%,0,2609129,31450317,31450317,2609129,2609129,0,0,0,707630079,1060889407,2944,1355480,13227373,14582853,440146,440146,440138,5.589165196508107,30.05223948417116,0.4636790465418838,
job_movie_companies_note,movie_companies.note,benchmarks/job/../../data/job/movie_companies__note.csv,job-csv,utf8,TwoWay2,static,trigram,trigram,contains_200_wild,%(200%)%,1,2609129,31450317,31450317,2609129,2609129,0,0,0,707630079,1060889407,2944,1354732,13269196,14623928,440146,440146,440138,5.6049079980330605,30.147260227288218,0.4649850747132374,
job_movie_companies_note,movie_companies.note,benchmarks/job/../../data/job/movie_companies__note.csv,job-csv,utf8,TwoWay2,static,trigram,trigram,contains_200_wild,%(200%)%,2,2609129,31450317,31450317,2609129,2609129,0,0,0,707630079,1060889407,2944,1357418,13449131,14806549,440146,440146,440138,5.6749010876809844,30.556067759334404,0.4707917252471573,
job_movie_companies_note,movie_companies.note,benchmarks/job/../../data/job/movie_companies__note.csv,job-csv,utf8,TwoWay2,static,trigram,trigram,contains_200_wild,%(200%)%,3,2609129,31450317,31450317,2609129,2609129,0,0,0,707630079,1060889407,2944,1405762,13371124,14776886,440146,440146,440138,5.663532159582758,30.378837931050153,0.469848555103594,
job_movie_companies_note,movie_companies.note,benchmarks/job/../../data/job/movie_companies__note.csv,job-csv,utf8,TwoWay2,static,trigram,trigram,contains_200_wild,%(200%)%,4,2609129,31450317,31450317,2609129,2609129,0,0,0,707630079,1060889407,2944,1351340,13271314,14622654,440146,440146,440138,5.604419712478762,30.15207226692961,0.46494456637750264,
job_movie_companies_note,movie_companies.note,benchmarks/job/../../data/job/movie_companies__note.csv,job-csv,utf8,TwoWay2,static,fm,fm,contains_2006,%(2006)%,0,2609129,31450317,31450317,2609129,2609129,0,0,0,707630079,69127940303,3633,1048732,2944688,3993420,57173,57173,57173,1.5305567490147096,51.50487118045231,0.12697550870472943,
job_movie_companies_note,movie_companies.note,benchmarks/job/../../data/job/movie_companies__note.csv,job-csv,utf8,TwoWay2,static,fm,fm,contains_2006,%(2006)%,1,2609129,31450317,31450317,2609129,2609129,0,0,0,707630079,69127940303,3633,1106917,2767151,3874068,57173,57173,57173,1.484812747855702,48.3996117048257,0.12318057080314962,
job_movie_companies_note,movie_companies.note,benchmarks/job/../../data/job/movie_companies__note.csv,job-csv,utf8,TwoWay2,static,fm,fm,contains_2006,%(2006)%,2,2609129,31450317,31450317,2609129,2609129,0,0,0,707630079,69127940303,3633,1048593,2808050,3856643,57173,57173,57173,1.478134273928196,49.114966854984,0.12262652233362227,
job_movie_companies_note,movie_companies.note,benchmarks/job/../../data/job/movie_companies__note.csv,job-csv,utf8,TwoWay2,static,fm,fm,contains_2006,%(2006)%,3,2609129,31450317,31450317,2609129,2609129,0,0,0,707630079,69127940303,3633,1063523,2720276,3783799,57173,57173,57173,1.4502153783887266,47.579731691532714,0.12031036125963372,
job_movie_companies_note,movie_companies.note,benchmarks/job/../../data/job/movie_companies__note.csv,job-csv,utf8,TwoWay2,static,fm,fm,contains_2006,%(2006)%,4,2609129,31450317,31450317,2609129,2609129,0,0,0,707630079,69127940303,3633,1071138,2767501,3838639,57173,57173,57173,1.4712338868641603,48.405733475591624,0.12205406387477748,
job_movie_companies_note,movie_companies.note,benchmarks/job/../../data/job/movie_companies__note.csv,job-csv,utf8,TwoWay2,static,full-scan,full-scan,contains_2006,%(2006)%,0,2609129,31450317,31450317,2609129,2609129,0,0,0,707630079,0,3633,529,24284691,24285220,2609129,1324859,57173,9.307788154591053,9.307585404937816,0.772177272489813,
job_movie_companies_note,movie_companies.note,benchmarks/job/../../data/job/movie_companies__note.csv,job-csv,utf8,TwoWay2,static,full-scan,full-scan,contains_2006,%(2006)%,1,2609129,31450317,31450317,2609129,2609129,0,0,0,707630079,0,3633,110,25341347,25341457,2609129,1324859,57173,9.712611756643692,9.712569596980448,0.8057615762664649,
job_movie_companies_note,movie_companies.note,benchmarks/job/../../data/job/movie_companies__note.csv,job-csv,utf8,TwoWay2,static,full-scan,full-scan,contains_2006,%(2006)%,2,2609129,31450317,31450317,2609129,2609129,0,0,0,707630079,0,3633,110,24642777,24642887,2609129,1324859,57173,9.444871066168059,9.444828906504814,0.7835497174797952,
job_movie_companies_note,movie_companies.note,benchmarks/job/../../data/job/movie_companies__note.csv,job-csv,utf8,TwoWay2,static,full-scan,full-scan,contains_2006,%(2006)%,3,2609129,31450317,31450317,2609129,2609129,0,0,0,707630079,0,3633,109,24509395,24509504,2609129,1324859,57173,9.393749408327453,9.393707631933875,0.779308647350041,
job_movie_companies_note,movie_companies.note,benchmarks/job/../../data/job/movie_companies__note.csv,job-csv,utf8,TwoWay2,static,full-scan,full-scan,contains_2006,%(2006)%,4,2609129,31450317,31450317,2609129,2609129,0,0,0,707630079,0,3633,100,24751490,24751590,2609129,1324859,57173,9.486533628655387,9.486495301688802,0.7870060578403709,
job_movie_companies_note,movie_companies.note,benchmarks/job/../../data/job/movie_companies__note.csv,job-csv,utf8,TwoWay2,static,prefix-btree,full-scan,contains_2006,%(2006)%,0,2609129,31450317,31450317,2609129,2609129,0,0,0,707630079,243783678,3633,878,24069031,24069909,2609129,1324859,57173,9.22526597956636,9.224929468799742,0.7653312047697325,no-indexable-prefix
job_movie_companies_note,movie_companies.note,benchmarks/job/../../data/job/movie_companies__note.csv,job-csv,utf8,TwoWay2,static,prefix-btree,full-scan,contains_2006,%(2006)%,1,2609129,31450317,31450317,2609129,2609129,0,0,0,707630079,243783678,3633,389,24367157,24367546,2609129,1324859,57173,9.33934121310215,9.339192121202133,0.7747949249605338,no-indexable-prefix
job_movie_companies_note,movie_companies.note,benchmarks/job/../../data/job/movie_companies__note.csv,job-csv,utf8,TwoWay2,static,prefix-btree,full-scan,contains_2006,%(2006)%,2,2609129,31450317,31450317,2609129,2609129,0,0,0,707630079,243783678,3633,330,24301856,24302186,2609129,1324859,57173,9.314290707741932,9.314164228752201,0.7727167265118504,no-indexable-prefix
job_movie_companies_note,movie_companies.note,benchmarks/job/../../data/job/movie_companies__note.csv,job-csv,utf8,TwoWay2,static,prefix-btree,full-scan,contains_2006,%(2006)%,3,2609129,31450317,31450317,2609129,2609129,0,0,0,707630079,243783678,3633,349,24457197,24457546,2609129,1324859,57173,9.37383548302901,9.373701721915628,0.7776565813311198,no-indexable-prefix
job_movie_companies_note,movie_companies.note,benchmarks/job/../../data/job/movie_companies__note.csv,job-csv,utf8,TwoWay2,static,prefix-btree,full-scan,contains_2006,%(2006)%,4,2609129,31450317,31450317,2609129,2609129,0,0,0,707630079,243783678,3633,359,24344641,24345000,2609129,1324859,57173,9.330700015215806,9.330562421405764,0.7740780482435201,no-indexable-prefix
job_movie_companies_note,movie_companies.note,benchmarks/job/../../data/job/movie_companies__note.csv,job-csv,utf8,TwoWay2,static,qgram,full-scan,contains_2006,%(2006)%,0,2609129,31450317,31450317,2609129,2609129,0,0,0,707630079,930075132,3633,598,24595533,24596131,2609129,1324859,57173,9.426950909671389,9.426721714411208,0.7820630551990939,literal-shorter-than-qgram
job_movie_companies_note,movie_companies.note,benchmarks/job/../../data/job/movie_companies__note.csv,job-csv,utf8,TwoWay2,static,qgram,full-scan,contains_2006,%(2006)%,1,2609129,31450317,31450317,2609129,2609129,0,0,0,707630079,930075132,3633,100,24362606,24362706,2609129,1324859,57173,9.337486187919417,9.337447860952832,0.77464103144016,literal-shorter-than-qgram
job_movie_companies_note,movie_companies.note,benchmarks/job/../../data/job/movie_companies__note.csv,job-csv,utf8,TwoWay2,static,qgram,full-scan,contains_2006,%(2006)%,2,2609129,31450317,31450317,2609129,2609129,0,0,0,707630079,930075132,3633,100,24316566,24316666,2609129,1324859,57173,9.319840452503499,9.319802125536913,0.7731771352256959,literal-shorter-than-qgram
job_movie_companies_note,movie_companies.note,benchmarks/job/../../data/job/movie_companies__note.csv,job-csv,utf8,TwoWay2,static,qgram,full-scan,contains_2006,%(2006)%,3,2609129,31450317,31450317,2609129,2609129,0,0,0,707630079,930075132,3633,99,24482907,24483006,2609129,1324859,57173,9.383593528721654,9.383555585024734,0.7784661121221768,literal-shorter-than-qgram
job_movie_companies_note,movie_companies.note,benchmarks/job/../../data/job/movie_companies__note.csv,job-csv,utf8,TwoWay2,static,qgram,full-scan,contains_2006,%(2006)%,4,2609129,31450317,31450317,2609129,2609129,0,0,0,707630079,930075132,3633,110,24298962,24299072,2609129,1324859,57173,9.313097206002462,9.313055046339219,0.7726177132014281,literal-shorter-than-qgram
job_movie_companies_note,movie_companies.note,benchmarks/job/../../data/job/movie_companies__note.csv,job-csv,utf8,TwoWay2,static,trigram,trigram,contains_2006,%(2006)%,0,2609129,31450317,31450317,2609129,2609129,0,0,0,707630079,1060889407,3633,1337507,2757771,4095278,57925,57925,57173,1.569595830639267,47.60933966335779,0.1302142042002311,
job_movie_companies_note,movie_companies.note,benchmarks/job/../../data/job/movie_companies__note.csv,job-csv,utf8,TwoWay2,static,trigram,trigram,contains_2006,%(2006)%,1,2609129,31450317,31450317,2609129,2609129,0,0,0,707630079,1060889407,3633,1314583,2694945,4009528,57925,57925,57173,1.536730456792286,46.52473025463962,0.12748768160270055,
job_movie_companies_note,movie_companies.note,benchmarks/job/../../data/job/movie_companies__note.csv,job-csv,utf8,TwoWay2,static,trigram,trigram,contains_2006,%(2006)%,2,2609129,31450317,31450317,2609129,2609129,0,0,0,707630079,1060889407,3633,1308495,2509814,3818309,57925,57925,57173,1.4634420145573483,43.328683642641344,0.12140764749684399,
job_movie_companies_note,movie_companies.note,benchmarks/job/../../data/job/movie_companies__note.csv,job-csv,utf8,TwoWay2,static,trigram,trigram,contains_2006,%(2006)%,3,2609129,31450317,31450317,2609129,2609129,0,0,0,707630079,1060889407,3633,1286928,2540403,3827331,57925,57925,57173,1.4668998734826832,43.856763055675444,0.12169451264990429,
job_movie_companies_note,movie_companies.note,benchmarks/job/../../data/job/movie_companies__note.csv,job-csv,utf8,TwoWay2,static,trigram,trigram,contains_2006,%(2006)%,4,2609129,31450317,31450317,2609129,2609129,0,0,0,707630079,1060889407,3633,1325672,2507099,3832771,57925,57925,57173,1.4689848604649292,43.28181268882175,0.12186748387941528,
job_movie_companies_note,movie_companies.note,benchmarks/job/../../data/job/movie_companies__note.csv,job-csv,utf8,TwoWay2,static,fm,fm,contains_2007,%(2007)%,0,2609129,31450317,31450317,2609129,2609129,0,0,0,707630079,69127940303,3293,1170300,2705994,3876294,62155,62155,62155,1.485665906131893,43.53622395623844,0.12325134910404878,
job_movie_companies_note,movie_companies.note,benchmarks/job/../../data/job/movie_companies__note.csv,job-csv,utf8,TwoWay2,static,fm,fm,contains_2007,%(2007)%,1,2609129,31450317,31450317,2609129,2609129,0,0,0,707630079,69127940303,3293,1088274,2451850,3540124,62155,62155,62155,1.3568221425617515,39.447349368514196,0.11256242663627206,
job_movie_companies_note,movie_companies.note,benchmarks/job/../../data/job/movie_companies__note.csv,job-csv,utf8,TwoWay2,static,fm,fm,contains_2007,%(2007)%,2,2609129,31450317,31450317,2609129,2609129,0,0,0,707630079,69127940303,3293,1062386,2489275,3551661,62155,62155,62155,1.3612439246967092,40.04947309146488,0.11292925918679929,
job_movie_companies_note,movie_companies.note,benchmarks/job/../../data/job/movie_companies__note.csv,job-csv,utf8,TwoWay2,static,fm,fm,contains_2007,%(2007)%,3,2609129,31450317,31450317,2609129,2609129,0,0,0,707630079,69127940303,3293,993582,1908551,2902133,62155,62155,62155,1.1122995451738875,30.70631485801625,0.09227674875264373,
job_movie_companies_note,movie_companies.note,benchmarks/job/../../data/job/movie_companies__note.csv,job-csv,utf8,TwoWay2,static,fm,fm,contains_2007,%(2007)%,4,2609129,31450317,31450317,2609129,2609129,0,0,0,707630079,69127940303,3293,1003572,2087116,3090688,62155,62155,62155,1.1845669570189898,33.57921325717963,0.09827207782993093,
job_movie_companies_note,movie_companies.note,benchmarks/job/../../data/job/movie_companies__note.csv,job-csv,utf8,TwoWay2,static,full-scan,full-scan,contains_2007,%(2007)%,0,2609129,31450317,31450317,2609129,2609129,0,0,0,707630079,0,3293,599,24430881,24431480,2609129,1324859,62155,9.36384517591886,9.363615597389014,0.7768277820538343,
job_movie_companies_note,movie_companies.note,benchmarks/job/../../data/job/movie_companies__note.csv,job-csv,utf8,TwoWay2,static,full-scan,full-scan,contains_2007,%(2007)%,1,2609129,31450317,31450317,2609129,2609129,0,0,0,707630079,0,3293,99,24532788,24532887,2609129,1324859,62155,9.402711402924117,9.402673459227199,0.7800521374713012,
job_movie_companies_note,movie_companies.note,benchmarks/job/../../data/job/movie_companies__note.csv,job-csv,utf8,TwoWay2,static,full-scan,full-scan,contains_2007,%(2007)%,2,2609129,31450317,31450317,2609129,2609129,0,0,0,707630079,0,3293,110,24394891,24395001,2609129,1324859,62155,9.349863881778171,9.349821722114928,0.775667889134472,
job_movie_companies_note,movie_companies.note,benchmarks/job/../../data/job/movie_companies__note.csv,job-csv,utf8,TwoWay2,static,full-scan,full-scan,contains_2007,%(2007)%,3,2609129,31450317,31450317,2609129,2609129,0,0,0,707630079,0,3293,100,24721291,24721391,2609129,1324859,62155,9.474959268016262,9.474920941049676,0.7860458449433118,
job_movie_companies_note,movie_companies.note,benchmarks/job/../../data/job/movie_companies__note.csv,job-csv,utf8,TwoWay2,static,full-scan,full-scan,contains_2007,%(2007)%,4,2609129,31450317,31450317,2609129,2609129,0,0,0,707630079,0,3293,409,24411099,24411508,2609129,1324859,62155,9.356190514152424,9.35603375685909,0.7761927487090193,
job_movie_companies_note,movie_companies.note,benchmarks/job/../../data/job/movie_companies__note.csv,job-csv,utf8,TwoWay2,static,prefix-btree,full-scan,contains_2007,%(2007)%,0,2609129,31450317,31450317,2609129,2609129,0,0,0,707630079,243783678,3293,928,24448315,24449243,2609129,1324859,62155,9.370653194993425,9.370297520743513,0.7773925776328423,no-indexable-prefix
job_movie_companies_note,movie_companies.note,benchmarks/job/../../data/job/movie_companies__note.csv,job-csv,utf8,TwoWay2,static,prefix-btree,full-scan,contains_2007,%(2007)%,1,2609129,31450317,31450317,2609129,2609129,0,0,0,707630079,243783678,3293,280,24400750,24401030,2609129,1324859,62155,9.352174614593606,9.352067299087167,0.7758595883151194,no-indexable-prefix
job_movie_companies_note,movie_companies.note,benchmarks/job/../../data/job/movie_companies__note.csv,job-csv,utf8,TwoWay2,static,prefix-btree,full-scan,contains_2007,%(2007)%,2,2609129,31450317,31450317,2609129,2609129,0,0,0,707630079,243783678,3293,628,24576469,24577097,2609129,1324859,62155,9.419655754851524,9.419415061501367,0.7814578466728969,no-indexable-prefix
job_movie_companies_note,movie_companies.note,benchmarks/job/../../data/job/movie_companies__note.csv,job-csv,utf8,TwoWay2,static,prefix-btree,full-scan,contains_2007,%(2007)%,3,2609129,31450317,31450317,2609129,2609129,0,0,0,707630079,243783678,3293,669,24533496,24534165,2609129,1324859,62155,9.40320122155708,9.402944814150622,0.7800927729917635,no-indexable-prefix
job_movie_companies_note,movie_companies.note,benchmarks/job/../../data/job/movie_companies__note.csv,job-csv,utf8,TwoWay2,static,prefix-btree,full-scan,contains_2007,%(2007)%,4,2609129,31450317,31450317,2609129,2609129,0,0,0,707630079,243783678,3293,339,24720814,24721153,2609129,1324859,62155,9.474868049835788,9.474738121419064,0.7860382774520206,no-indexable-prefix
job_movie_companies_note,movie_companies.note,benchmarks/job/../../data/job/movie_companies__note.csv,job-csv,utf8,TwoWay2,static,qgram,full-scan,contains_2007,%(2007)%,0,2609129,31450317,31450317,2609129,2609129,0,0,0,707630079,930075132,3293,868,24379293,24380161,2609129,1324859,62155,9.344176159936898,9.343843481866937,0.7751960337951442,literal-shorter-than-qgram
job_movie_companies_note,movie_companies.note,benchmarks/job/../../data/job/movie_companies__note.csv,job-csv,utf8,TwoWay2,static,qgram,full-scan,contains_2007,%(2007)%,1,2609129,31450317,31450317,2609129,2609129,0,0,0,707630079,930075132,3293,100,24497447,24497547,2609129,1324859,62155,9.389166652932836,9.38912832596625,0.7789284604031177,literal-shorter-than-qgram
job_movie_companies_note,movie_companies.note,benchmarks/job/../../data/job/movie_companies__note.csv,job-csv,utf8,TwoWay2,static,qgram,full-scan,contains_2007,%(2007)%,2,2609129,31450317,31450317,2609129,2609129,0,0,0,707630079,930075132,3293,100,24626600,24626700,2609129,1324859,62155,9.43866708008688,9.438628753120295,0.7830350326834543,literal-shorter-than-qgram
job_movie_companies_note,movie_companies.note,benchmarks/job/../../data/job/movie_companies__note.csv,job-csv,utf8,TwoWay2,static,qgram,full-scan,contains_2007,%(2007)%,3,2609129,31450317,31450317,2609129,2609129,0,0,0,707630079,930075132,3293,110,24725902,24726012,2609129,1324859,62155,9.476730357142173,9.476688197478929,0.7861927750998503,literal-shorter-than-qgram
job_movie_companies_note,movie_companies.note,benchmarks/job/../../data/job/movie_companies__note.csv,job-csv,utf8,TwoWay2,static,qgram,full-scan,contains_2007,%(2007)%,4,2609129,31450317,31450317,2609129,2609129,0,0,0,707630079,930075132,3293,109,24862540,24862649,2609129,1324859,62155,9.529099174475467,9.52905739808189,0.7905373100054921,literal-shorter-than-qgram
job_movie_companies_note,movie_companies.note,benchmarks/job/../../data/job/movie_companies__note.csv,job-csv,utf8,TwoWay2,static,trigram,trigram,contains_2007,%(2007)%,0,2609129,31450317,31450317,2609129,2609129,0,0,0,707630079,1060889407,3293,1338012,2678048,4016060,63218,63218,62155,1.5392339742496441,42.362112056692716,0.1276953742628413,
job_movie_companies_note,movie_companies.note,benchmarks/job/../../data/job/movie_companies__note.csv,job-csv,utf8,TwoWay2,static,trigram,trigram,contains_2007,%(2007)%,1,2609129,31450317,31450317,2609129,2609129,0,0,0,707630079,1060889407,3293,1324708,2618718,3943426,63218,63218,62155,1.5113955653400042,41.42361352779272,0.12538589038705078,
job_movie_companies_note,movie_companies.note,benchmarks/job/../../data/job/movie_companies__note.csv,job-csv,utf8,TwoWay2,static,trigram,trigram,contains_2007,%(2007)%,2,2609129,31450317,31450317,2609129,2609129,0,0,0,707630079,1060889407,3293,1331076,2513939,3845015,63218,63218,62155,1.4736776142536456,39.7661900091746,0.12225679633054255,
job_movie_companies_note,movie_companies.note,benchmarks/job/../../data/job/movie_companies__note.csv,job-csv,utf8,TwoWay2,static,trigram,trigram,contains_2007,%(2007)%,3,2609129,31450317,31450317,2609129,2609129,0,0,0,707630079,1060889407,3293,1324549,2816989,4141538,63218,63218,62155,1.5873258853816734,44.559919643139615,0.13168509557471234,
job_movie_companies_note,movie_companies.note,benchmarks/job/../../data/job/movie_companies__note.csv,job-csv,utf8,TwoWay2,static,trigram,trigram,contains_2007,%(2007)%,4,2609129,31450317,31450317,2609129,2609129,0,0,0,707630079,1060889407,3293,1316295,2741141,4057436,63218,63218,62155,1.5550921399440196,43.360134771742224,0.12901097308494539,
job_movie_companies_note,movie_companies.note,benchmarks/job/../../data/job/movie_companies__note.csv,job-csv,utf8,TwoWay2,static,fm,fm,contains_blu_ray,%(Blu-ray)%,0,2609129,31450317,31450317,2609129,2609129,0,0,0,707630079,69127940303,1996,85188,240664,325852,7963,7963,7963,0.12488918715785996,30.22278035916112,0.010360849462979976,
job_movie_companies_note,movie_companies.note,benchmarks/job/../../data/job/movie_companies__note.csv,job-csv,utf8,TwoWay2,static,fm,fm,contains_blu_ray,%(Blu-ray)%,1,2609129,31450317,31450317,2609129,2609129,0,0,0,707630079,69127940303,1996,76895,233589,310484,7963,7963,7963,0.11899909893301558,29.33429611955293,0.009872205739611464,
job_movie_companies_note,movie_companies.note,benchmarks/job/../../data/job/movie_companies__note.csv,job-csv,utf8,TwoWay2,static,fm,fm,contains_blu_ray,%(Blu-ray)%,2,2609129,31450317,31450317,2609129,2609129,0,0,0,707630079,69127940303,1996,74131,234367,308498,7963,7963,7963,0.11823792537662951,29.43199799070702,0.009809058522367199,
job_movie_companies_note,movie_companies.note,benchmarks/job/../../data/job/movie_companies__note.csv,job-csv,utf8,TwoWay2,static,fm,fm,contains_blu_ray,%(Blu-ray)%,3,2609129,31450317,31450317,2609129,2609129,0,0,0,707630079,69127940303,1996,80457,236803,317260,7963,7963,7963,0.12159613418884233,29.73791284691699,0.010087656668134696,
job_movie_companies_note,movie_companies.note,benchmarks/job/../../data/job/movie_companies__note.csv,job-csv,utf8,TwoWay2,static,fm,fm,contains_blu_ray,%(Blu-ray)%,4,2609129,31450317,31450317,2609129,2609129,0,0,0,707630079,69127940303,1996,73102,233868,306970,7963,7963,7963,0.11765228932720459,29.36933316589225,0.009760473956431027,
job_movie_companies_note,movie_companies.note,benchmarks/job/../../data/job/movie_companies__note.csv,job-csv,utf8,TwoWay2,static,full-scan,full-scan,contains_blu_ray,%(Blu-ray)%,0,2609129,31450317,31450317,2609129,2609129,0,0,0,707630079,0,1996,569,21869601,21870170,2609129,1308949,7963,8.382172748070333,8.381954667630461,0.6953879034033266,
job_movie_companies_note,movie_companies.note,benchmarks/job/../../data/job/movie_companies__note.csv,job-csv,utf8,TwoWay2,static,full-scan,full-scan,contains_blu_ray,%(Blu-ray)%,1,2609129,31450317,31450317,2609129,2609129,0,0,0,707630079,0,1996,110,21846177,21846287,2609129,1308949,7963,8.373019118640741,8.372976958977498,0.6946285151911188,
job_movie_companies_note,movie_companies.note,benchmarks/job/../../data/job/movie_companies__note.csv,job-csv,utf8,TwoWay2,static,full-scan,full-scan,contains_blu_ray,%(Blu-ray)%,2,2609129,31450317,31450317,2609129,2609129,0,0,0,707630079,0,1996,100,21929530,21929630,2609129,1308949,7963,8.404961962402012,8.404923635435427,0.6972785043788271,
job_movie_companies_note,movie_companies.note,benchmarks/job/../../data/job/movie_companies__note.csv,job-csv,utf8,TwoWay2,static,full-scan,full-scan,contains_blu_ray,%(Blu-ray)%,3,2609129,31450317,31450317,2609129,2609129,0,0,0,707630079,0,1996,110,21562798,21562908,2609129,1308949,7963,8.264408544000698,8.264366384337455,0.6856181449617821,
job_movie_companies_note,movie_companies.note,benchmarks/job/../../data/job/movie_companies__note.csv,job-csv,utf8,TwoWay2,static,full-scan,full-scan,contains_blu_ray,%(Blu-ray)%,4,2609129,31450317,31450317,2609129,2609129,0,0,0,707630079,0,1996,100,23562966,23563066,2609129,1308949,7963,9.031008432315918,9.030970105349333,0.7492155325493222,
job_movie_companies_note,movie_companies.note,benchmarks/job/../../data/job/movie_companies__note.csv,job-csv,utf8,TwoWay2,static,prefix-btree,full-scan,contains_blu_ray,%(Blu-ray)%,0,2609129,31450317,31450317,2609129,2609129,0,0,0,707630079,243783678,1996,848,21166918,21167766,2609129,1308949,7963,8.112962601695815,8.11263758901917,0.6730541380552698,no-indexable-prefix
job_movie_companies_note,movie_companies.note,benchmarks/job/../../data/job/movie_companies__note.csv,job-csv,utf8,TwoWay2,static,prefix-btree,full-scan,contains_blu_ray,%(Blu-ray)%,1,2609129,31450317,31450317,2609129,2609129,0,0,0,707630079,243783678,1996,329,21169252,21169581,2609129,1308949,7963,8.11365823613934,8.113532140419274,0.67311184812541,no-indexable-prefix
job_movie_companies_note,movie_companies.note,benchmarks/job/../../data/job/movie_companies__note.csv,job-csv,utf8,TwoWay2,static,prefix-btree,full-scan,contains_blu_ray,%(Blu-ray)%,2,2609129,31450317,31450317,2609129,2609129,0,0,0,707630079,243783678,1996,390,21245440,21245830,2609129,1308949,7963,8.142882164891041,8.14273268972136,0.6755362751987524,no-indexable-prefix
job_movie_companies_note,movie_companies.note,benchmarks/job/../../data/job/movie_companies__note.csv,job-csv,utf8,TwoWay2,static,prefix-btree,full-scan,contains_blu_ray,%(Blu-ray)%,3,2609129,31450317,31450317,2609129,2609129,0,0,0,707630079,243783678,1996,289,20891035,20891324,2609129,1308949,7963,8.0070107687278,8.00690000379437,0.6642643379397416,no-indexable-prefix
job_movie_companies_note,movie_companies.note,benchmarks/job/../../data/job/movie_companies__note.csv,job-csv,utf8,TwoWay2,static,prefix-btree,full-scan,contains_blu_ray,%(Blu-ray)%,4,2609129,31450317,31450317,2609129,2609129,0,0,0,707630079,243783678,1996,569,20522038,20522607,2609129,1308949,7963,7.865692727343109,7.865474646903238,0.6525405451398153,no-indexable-prefix
job_movie_companies_note,movie_companies.note,benchmarks/job/../../data/job/movie_companies__note.csv,job-csv,utf8,TwoWay2,static,qgram,full-scan,contains_blu_ray,%(Blu-ray)%,0,2609129,31450317,31450317,2609129,2609129,0,0,0,707630079,930075132,1996,609,21098694,21099303,2609129,1308949,7963,8.086722810562453,8.086489399335948,0.670877276054165,literal-shorter-than-qgram
job_movie_companies_note,movie_companies.note,benchmarks/job/../../data/job/movie_companies__note.csv,job-csv,utf8,TwoWay2,static,qgram,full-scan,contains_blu_ray,%(Blu-ray)%,1,2609129,31450317,31450317,2609129,2609129,0,0,0,707630079,930075132,1996,90,21056521,21056611,2609129,1308949,7963,8.070360261987814,8.070325767717886,0.6695198334566866,literal-shorter-than-qgram
job_movie_companies_note,movie_companies.note,benchmarks/job/../../data/job/movie_companies__note.csv,job-csv,utf8,TwoWay2,static,qgram,full-scan,contains_blu_ray,%(Blu-ray)%,2,2609129,31450317,31450317,2609129,2609129,0,0,0,707630079,930075132,1996,100,21684473,21684573,2609129,1308949,7963,8.311039047896827,8.311000720930242,0.689486627432086,literal-shorter-than-qgram
job_movie_companies_note,movie_companies.note,benchmarks/job/../../data/job/movie_companies__note.csv,job-csv,utf8,TwoWay2,static,qgram,full-scan,contains_blu_ray,%(Blu-ray)%,3,2609129,31450317,31450317,2609129,2609129,0,0,0,707630079,930075132,1996,109,20832723,20832832,2609129,1308949,7963,7.984592559432669,7.984550783039091,0.6624045156683158,literal-shorter-than-qgram
job_movie_companies_note,movie_companies.note,benchmarks/job/../../data/job/movie_companies__note.csv,job-csv,utf8,TwoWay2,static,qgram,full-scan,contains_blu_ray,%(Blu-ray)%,4,2609129,31450317,31450317,2609129,2609129,0,0,0,707630079,930075132,1996,100,20792082,20792182,2609129,1308949,7963,7.9690126475157035,7.968974320549118,0.6611120008742678,literal-shorter-than-qgram
job_movie_companies_note,movie_companies.note,benchmarks/job/../../data/job/movie_companies__note.csv,job-csv,utf8,TwoWay2,static,trigram,trigram,contains_blu_ray,%(Blu-ray)%,0,2609129,31450317,31450317,2609129,2609129,0,0,0,707630079,1060889407,1996,73491,260844,334335,7963,7963,7963,0.12814046373329951,32.7570011302273,0.010630576473998656,
job_movie_companies_note,movie_companies.note,benchmarks/job/../../data/job/movie_companies__note.csv,job-csv,utf8,TwoWay2,static,trigram,trigram,contains_blu_ray,%(Blu-ray)%,1,2609129,31450317,31450317,2609129,2609129,0,0,0,707630079,1060889407,1996,72194,228899,301093,7963,7963,7963,0.1153998135009806,28.745322114780862,0.00957360779543176,
job_movie_companies_note,movie_companies.note,benchmarks/job/../../data/job/movie_companies__note.csv,job-csv,utf8,TwoWay2,static,trigram,trigram,contains_blu_ray,%(Blu-ray)%,2,2609129,31450317,31450317,2609129,2609129,0,0,0,707630079,1060889407,1996,69989,228359,298348,7963,7963,7963,0.11434773826821135,28.67750847670476,0.009486327276128886,
job_movie_companies_note,movie_companies.note,benchmarks/job/../../data/job/movie_companies__note.csv,job-csv,utf8,TwoWay2,static,trigram,trigram,contains_blu_ray,%(Blu-ray)%,3,2609129,31450317,31450317,2609129,2609129,0,0,0,707630079,1060889407,1996,69499,235745,305244,7963,7963,7963,0.11699076588394058,29.605048348612332,0.009705593746479566,
job_movie_companies_note,movie_companies.note,benchmarks/job/../../data/job/movie_companies__note.csv,job-csv,utf8,TwoWay2,static,trigram,trigram,contains_blu_ray,%(Blu-ray)%,4,2609129,31450317,31450317,2609129,2609129,0,0,0,707630079,1060889407,1996,69649,229907,299556,7963,7963,7963,0.11481072802456299,28.871907572522918,0.00952473706385853,
job_movie_companies_note,movie_companies.note,benchmarks/job/../../data/job/movie_companies__note.csv,job-csv,utf8,TwoWay2,static,fm,fm,contains_france,%(France)%,0,2609129,31450317,31450317,2609129,2609129,0,0,0,707630079,69127940303,2715,645388,1327483,1972871,39148,39148,39148,0.756141608943061,33.90934402779197,0.06272976517216027,
job_movie_companies_note,movie_companies.note,benchmarks/job/../../data/job/movie_companies__note.csv,job-csv,utf8,TwoWay2,static,fm,fm,contains_france,%(France)%,1,2609129,31450317,31450317,2609129,2609129,0,0,0,707630079,69127940303,2715,586836,1044025,1630861,39148,39148,39148,0.625059550524332,26.66866762031266,0.051855153002114414,
job_movie_companies_note,movie_companies.note,benchmarks/job/../../data/job/movie_companies__note.csv,job-csv,utf8,TwoWay2,static,fm,fm,contains_france,%(France)%,2,2609129,31450317,31450317,2609129,2609129,0,0,0,707630079,69127940303,2715,525650,757093,1282743,39148,39148,39148,0.49163648098656676,19.339251047307652,0.04078632975305146,
job_movie_companies_note,movie_companies.note,benchmarks/job/../../data/job/movie_companies__note.csv,job-csv,utf8,TwoWay2,static,fm,fm,contains_france,%(France)%,3,2609129,31450317,31450317,2609129,2609129,0,0,0,707630079,69127940303,2715,472906,998945,1471851,39148,39148,39148,0.5641158409568864,25.51714008378461,0.04679924211892681,
job_movie_companies_note,movie_companies.note,benchmarks/job/../../data/job/movie_companies__note.csv,job-csv,utf8,TwoWay2,static,fm,fm,contains_france,%(France)%,4,2609129,31450317,31450317,2609129,2609129,0,0,0,707630079,69127940303,2715,625538,1408420,2033958,39148,39148,39148,0.7795544030210848,35.97680596709921,0.06467209853560459,
job_movie_companies_note,movie_companies.note,benchmarks/job/../../data/job/movie_companies__note.csv,job-csv,utf8,TwoWay2,static,full-scan,full-scan,contains_france,%(France)%,0,2609129,31450317,31450317,2609129,2609129,0,0,0,707630079,0,2715,668,24391453,24392121,2609129,1314470,39148,9.348760065140512,9.348504041003721,0.7755763161306133,
job_movie_companies_note,movie_companies.note,benchmarks/job/../../data/job/movie_companies__note.csv,job-csv,utf8,TwoWay2,static,full-scan,full-scan,contains_france,%(France)%,1,2609129,31450317,31450317,2609129,2609129,0,0,0,707630079,0,2715,160,24322074,24322234,2609129,1314470,39148,9.321974498002973,9.321913174856437,0.7733541763664894,
job_movie_companies_note,movie_companies.note,benchmarks/job/../../data/job/movie_companies__note.csv,job-csv,utf8,TwoWay2,static,full-scan,full-scan,contains_france,%(France)%,2,2609129,31450317,31450317,2609129,2609129,0,0,0,707630079,0,2715,110,37187735,37187845,2609129,1314470,39148,14.252972926980613,14.25293076731737,1.1824314839179522,
job_movie_companies_note,movie_companies.note,benchmarks/job/../../data/job/movie_companies__note.csv,job-csv,utf8,TwoWay2,static,full-scan,full-scan,contains_france,%(France)%,3,2609129,31450317,31450317,2609129,2609129,0,0,0,707630079,0,2715,110,24409446,24409556,2609129,1314470,39148,9.355442371764678,9.355400212101433,0.7761306825619595,
job_movie_companies_note,movie_companies.note,benchmarks/job/../../data/job/movie_companies__note.csv,job-csv,utf8,TwoWay2,static,full-scan,full-scan,contains_france,%(France)%,4,2609129,31450317,31450317,2609129,2609129,0,0,0,707630079,0,2715,109,23850995,23851104,2609129,1314470,39148,9.141404660329176,9.141362883935598,0.7583740411901094,
job_movie_companies_note,movie_companies.note,benchmarks/job/../../data/job/movie_companies__note.csv,job-csv,utf8,TwoWay2,static,prefix-btree,full-scan,contains_france,%(France)%,0,2609129,31450317,31450317,2609129,2609129,0,0,0,707630079,243783678,2715,1387,24582221,24583608,2609129,1314470,39148,9.4221512236459,9.421619628619359,0.7816648716132177,no-indexable-prefix
job_movie_companies_note,movie_companies.note,benchmarks/job/../../data/job/movie_companies__note.csv,job-csv,utf8,TwoWay2,static,prefix-btree,full-scan,contains_france,%(France)%,1,2609129,31450317,31450317,2609129,2609129,0,0,0,707630079,243783678,2715,578,23864666,23865244,2609129,1314470,39148,9.146824093404351,9.146602563537487,0.7588236392021104,no-indexable-prefix
job_movie_companies_note,movie_companies.note,benchmarks/job/../../data/job/movie_companies__note.csv,job-csv,utf8,TwoWay2,static,prefix-btree,full-scan,contains_france,%(France)%,2,2609129,31450317,31450317,2609129,2609129,0,0,0,707630079,243783678,2715,469,24595753,24596222,2609129,1314470,39148,9.426985787210981,9.426806033737696,0.7820659486516464,no-indexable-prefix
job_movie_companies_note,movie_companies.note,benchmarks/job/../../data/job/movie_companies__note.csv,job-csv,utf8,TwoWay2,static,prefix-btree,full-scan,contains_france,%(France)%,3,2609129,31450317,31450317,2609129,2609129,0,0,0,707630079,243783678,2715,699,24524794,24525493,2609129,1314470,39148,9.399877507014793,9.39960960151836,0.7798170365023666,no-indexable-prefix
job_movie_companies_note,movie_companies.note,benchmarks/job/../../data/job/movie_companies__note.csv,job-csv,utf8,TwoWay2,static,prefix-btree,full-scan,contains_france,%(France)%,4,2609129,31450317,31450317,2609129,2609129,0,0,0,707630079,243783678,2715,758,24174691,24175449,2609129,1314470,39148,9.265716260100593,9.265425741693875,0.768686973806973,no-indexable-prefix
job_movie_companies_note,movie_companies.note,benchmarks/job/../../data/job/movie_companies__note.csv,job-csv,utf8,TwoWay2,static,qgram,full-scan,contains_france,%(France)%,0,2609129,31450317,31450317,2609129,2609129,0,0,0,707630079,930075132,2715,638,24110461,24111099,2609129,1314470,39148,9.241052857102888,9.240808331056073,0.766640889502004,literal-shorter-than-qgram
job_movie_companies_note,movie_companies.note,benchmarks/job/../../data/job/movie_companies__note.csv,job-csv,utf8,TwoWay2,static,qgram,full-scan,contains_france,%(France)%,1,2609129,31450317,31450317,2609129,2609129,0,0,0,707630079,930075132,2715,100,24389368,24389468,2609129,1314470,39148,9.347743250717002,9.347704923750417,0.7754919608600448,literal-shorter-than-qgram
job_movie_companies_note,movie_companies.note,benchmarks/job/../../data/job/movie_companies__note.csv,job-csv,utf8,TwoWay2,static,qgram,full-scan,contains_france,%(France)%,2,2609129,31450317,31450317,2609129,2609129,0,0,0,707630079,930075132,2715,100,24128475,24128575,2609129,1314470,39148,9.247750877783352,9.247712550816766,0.7671965595768081,literal-shorter-than-qgram
job_movie_companies_note,movie_companies.note,benchmarks/job/../../data/job/movie_companies__note.csv,job-csv,utf8,TwoWay2,static,qgram,full-scan,contains_france,%(France)%,3,2609129,31450317,31450317,2609129,2609129,0,0,0,707630079,930075132,2715,100,24265677,24265777,2609129,1314470,39148,9.300336242477854,9.300297915511269,0.7715590593252208,literal-shorter-than-qgram
job_movie_companies_note,movie_companies.note,benchmarks/job/../../data/job/movie_companies__note.csv,job-csv,utf8,TwoWay2,static,qgram,full-scan,contains_france,%(France)%,4,2609129,31450317,31450317,2609129,2609129,0,0,0,707630079,930075132,2715,100,24238721,24238821,2609129,1314470,39148,9.290004825365093,9.289966498398508,0.7707019614460484,literal-shorter-than-qgram
job_movie_companies_note,movie_companies.note,benchmarks/job/../../data/job/movie_companies__note.csv,job-csv,utf8,TwoWay2,static,trigram,trigram,contains_france,%(France)%,0,2609129,31450317,31450317,2609129,2609129,0,0,0,707630079,1060889407,2715,211404,1821366,2032770,39148,39148,39148,0.7790990786580503,46.52513538367222,0.06463432467151285,
job_movie_companies_note,movie_companies.note,benchmarks/job/../../data/job/movie_companies__note.csv,job-csv,utf8,TwoWay2,static,trigram,trigram,contains_france,%(France)%,1,2609129,31450317,31450317,2609129,2609129,0,0,0,707630079,1060889407,2715,212781,1516242,1729023,39148,39148,39148,0.6626820674638931,38.73102074180035,0.0549763298093307,
job_movie_companies_note,movie_companies.note,benchmarks/job/../../data/job/movie_companies__note.csv,job-csv,utf8,TwoWay2,static,trigram,trigram,contains_france,%(France)%,2,2609129,31450317,31450317,2609129,2609129,0,0,0,707630079,1060889407,2715,205566,1042128,1247694,39148,39148,39148,0.4782032624680497,26.620210483294166,0.03967190537379957,
job_movie_companies_note,movie_companies.note,benchmarks/job/../../data/job/movie_companies__note.csv,job-csv,utf8,TwoWay2,static,trigram,trigram,contains_france,%(France)%,3,2609129,31450317,31450317,2609129,2609129,0,0,0,707630079,1060889407,2715,203749,926791,1130540,39148,39148,39148,0.4333016880345893,23.674031879023193,0.035946855480025845,
job_movie_companies_note,movie_companies.note,benchmarks/job/../../data/job/movie_companies__note.csv,job-csv,utf8,TwoWay2,static,trigram,trigram,contains_france,%(France)%,4,2609129,31450317,31450317,2609129,2609129,0,0,0,707630079,1060889407,2715,208210,761075,969285,39148,39148,39148,0.3714975380673014,19.440967610095026,0.030819562168483073,
job_movie_companies_note,movie_companies.note,benchmarks/job/../../data/job/movie_companies__note.csv,job-csv,utf8,TwoWay2,static,fm,fm,contains_japan,%(Japan)%,0,2609129,31450317,31450317,2609129,2609129,0,0,0,707630079,69127940303,3383,846862,1511571,2358433,48897,48897,48897,0.9039158278490638,30.91336891833855,0.07498916465611459,
job_movie_companies_note,movie_companies.note,benchmarks/job/../../data/job/movie_companies__note.csv,job-csv,utf8,TwoWay2,static,fm,fm,contains_japan,%(Japan)%,1,2609129,31450317,31450317,2609129,2609129,0,0,0,707630079,69127940303,3383,1146099,2488372,3634471,48897,48897,48897,1.3929824857260795,50.89007505572939,0.11556230100955739,
job_movie_companies_note,movie_companies.note,benchmarks/job/../../data/job/movie_companies__note.csv,job-csv,utf8,TwoWay2,static,fm,fm,contains_japan,%(Japan)%,2,2609129,31450317,31450317,2609129,2609129,0,0,0,707630079,69127940303,3383,1160011,2241798,3401809,48897,48897,48897,1.3038101987291544,45.84735259831891,0.10816453773740976,
job_movie_companies_note,movie_companies.note,benchmarks/job/../../data/job/movie_companies__note.csv,job-csv,utf8,TwoWay2,static,fm,fm,contains_japan,%(Japan)%,3,2609129,31450317,31450317,2609129,2609129,0,0,0,707630079,69127940303,3383,1100640,2244823,3345463,48897,48897,48897,1.2822144861369444,45.90921733439679,0.10637295007233155,
job_movie_companies_note,movie_companies.note,benchmarks/job/../../data/job/movie_companies__note.csv,job-csv,utf8,TwoWay2,static,fm,fm,contains_japan,%(Japan)%,4,2609129,31450317,31450317,2609129,2609129,0,0,0,707630079,69127940303,3383,1160240,2176470,3336710,48897,48897,48897,1.2788597267517243,44.51131971286582,0.1060946380922011,
job_movie_companies_note,movie_companies.note,benchmarks/job/../../data/job/movie_companies__note.csv,job-csv,utf8,TwoWay2,static,full-scan,full-scan,contains_japan,%(Japan)%,0,2609129,31450317,31450317,2609129,2609129,0,0,0,707630079,0,3383,599,23289308,23289907,2609129,1323905,48897,8.926314873660903,8.926085295131058,0.7405301192989565,
job_movie_companies_note,movie_companies.note,benchmarks/job/../../data/job/movie_companies__note.csv,job-csv,utf8,TwoWay2,static,full-scan,full-scan,contains_japan,%(Japan)%,1,2609129,31450317,31450317,2609129,2609129,0,0,0,707630079,0,3383,99,24141777,24141876,2609129,1323905,48897,9.252848747608876,9.252810803911958,0.7676194805921988,
job_movie_companies_note,movie_companies.note,benchmarks/job/../../data/job/movie_companies__note.csv,job-csv,utf8,TwoWay2,static,full-scan,full-scan,contains_japan,%(Japan)%,2,2609129,31450317,31450317,2609129,2609129,0,0,0,707630079,0,3383,100,24198512,24198612,2609129,1323905,48897,9.274593935370769,9.274555608404183,0.7694234687682162,
job_movie_companies_note,movie_companies.note,benchmarks/job/../../data/job/movie_companies__note.csv,job-csv,utf8,TwoWay2,static,full-scan,full-scan,contains_japan,%(Japan)%,3,2609129,31450317,31450317,2609129,2609129,0,0,0,707630079,0,3383,110,24450779,24450889,2609129,1323905,48897,9.37128405686342,9.371241897200177,0.7774449141482421,
job_movie_companies_note,movie_companies.note,benchmarks/job/../../data/job/movie_companies__note.csv,job-csv,utf8,TwoWay2,static,full-scan,full-scan,contains_japan,%(Japan)%,4,2609129,31450317,31450317,2609129,2609129,0,0,0,707630079,0,3383,110,23727336,23727446,2609129,1323905,48897,9.094010299989,9.093968140325757,0.754442188929288,
job_movie_companies_note,movie_companies.note,benchmarks/job/../../data/job/movie_companies__note.csv,job-csv,utf8,TwoWay2,static,prefix-btree,full-scan,contains_japan,%(Japan)%,0,2609129,31450317,31450317,2609129,2609129,0,0,0,707630079,243783678,3383,1198,23891670,23892868,2609129,1323905,48897,9.157411534653901,9.156952377594209,0.759701976930789,no-indexable-prefix
job_movie_companies_note,movie_companies.note,benchmarks/job/../../data/job/movie_companies__note.csv,job-csv,utf8,TwoWay2,static,prefix-btree,full-scan,contains_japan,%(Japan)%,1,2609129,31450317,31450317,2609129,2609129,0,0,0,707630079,243783678,3383,339,23625453,23625792,2609129,1323905,48897,9.055049405376277,9.054919476959553,0.751209979854893,no-indexable-prefix
job_movie_companies_note,movie_companies.note,benchmarks/job/../../data/job/movie_companies__note.csv,job-csv,utf8,TwoWay2,static,prefix-btree,full-scan,contains_japan,%(Japan)%,2,2609129,31450317,31450317,2609129,2609129,0,0,0,707630079,243783678,3383,599,23842421,23843020,2609129,1323905,48897,9.138306308350412,9.138076729820565,0.758117000855667,no-indexable-prefix
job_movie_companies_note,movie_companies.note,benchmarks/job/../../data/job/movie_companies__note.csv,job-csv,utf8,TwoWay2,static,prefix-btree,full-scan,contains_japan,%(Japan)%,3,2609129,31450317,31450317,2609129,2609129,0,0,0,707630079,243783678,3383,708,23881780,23882488,2609129,1323905,48897,9.153433195522338,9.153161840598912,0.7593719325627147,no-indexable-prefix
job_movie_companies_note,movie_companies.note,benchmarks/job/../../data/job/movie_companies__note.csv,job-csv,utf8,TwoWay2,static,prefix-btree,full-scan,contains_japan,%(Japan)%,4,2609129,31450317,31450317,2609129,2609129,0,0,0,707630079,243783678,3383,369,23664464,23664833,2609129,1323905,48897,9.070012636400882,9.069871209894183,0.7524513345922713,no-indexable-prefix
job_movie_companies_note,movie_companies.note,benchmarks/job/../../data/job/movie_companies__note.csv,job-csv,utf8,TwoWay2,static,qgram,full-scan,contains_japan,%(Japan)%,0,2609129,31450317,31450317,2609129,2609129,0,0,0,707630079,930075132,3383,598,24061663,24062261,2609129,1323905,48897,9.22233473316191,9.22210553790173,0.7650880275705965,literal-shorter-than-qgram
job_movie_companies_note,movie_companies.note,benchmarks/job/../../data/job/movie_companies__note.csv,job-csv,utf8,TwoWay2,static,qgram,full-scan,contains_japan,%(Japan)%,1,2609129,31450317,31450317,2609129,2609129,0,0,0,707630079,930075132,3383,110,23315506,23315616,2609129,1323905,48897,8.936168353500344,8.9361261938371,0.7413475673393054,literal-shorter-than-qgram
job_movie_companies_note,movie_companies.note,benchmarks/job/../../data/job/movie_companies__note.csv,job-csv,utf8,TwoWay2,static,qgram,full-scan,contains_japan,%(Japan)%,2,2609129,31450317,31450317,2609129,2609129,0,0,0,707630079,930075132,3383,129,23161671,23161800,2609129,1323905,48897,8.877215346577344,8.877165904790449,0.7364568058248825,literal-shorter-than-qgram
job_movie_companies_note,movie_companies.note,benchmarks/job/../../data/job/movie_companies__note.csv,job-csv,utf8,TwoWay2,static,qgram,full-scan,contains_japan,%(Japan)%,3,2609129,31450317,31450317,2609129,2609129,0,0,0,707630079,930075132,3383,109,22989063,22989172,2609129,1323905,48897,8.8110522707003,8.811010494306721,0.7309678945366433,literal-shorter-than-qgram
job_movie_companies_note,movie_companies.note,benchmarks/job/../../data/job/movie_companies__note.csv,job-csv,utf8,TwoWay2,static,qgram,full-scan,contains_japan,%(Japan)%,4,2609129,31450317,31450317,2609129,2609129,0,0,0,707630079,930075132,3383,110,23765637,23765747,2609129,1323905,48897,9.108689911460875,9.10864775179763,0.7556600144920638,literal-shorter-than-qgram
job_movie_companies_note,movie_companies.note,benchmarks/job/../../data/job/movie_companies__note.csv,job-csv,utf8,TwoWay2,static,trigram,trigram,contains_japan,%(Japan)%,0,2609129,31450317,31450317,2609129,2609129,0,0,0,707630079,1060889407,3383,190711,1120522,1311233,48897,48897,48897,0.5025558337667474,22.915966214696198,0.04169220297525141,
job_movie_companies_note,movie_companies.note,benchmarks/job/../../data/job/movie_companies__note.csv,job-csv,utf8,TwoWay2,static,trigram,trigram,contains_japan,%(Japan)%,1,2609129,31450317,31450317,2609129,2609129,0,0,0,707630079,1060889407,3383,179174,901131,1080305,48897,48897,48897,0.41404813637041327,18.429167433584883,0.03434957428251041,
job_movie_companies_note,movie_companies.note,benchmarks/job/../../data/job/movie_companies__note.csv,job-csv,utf8,TwoWay2,static,trigram,trigram,contains_japan,%(Japan)%,2,2609129,31450317,31450317,2609129,2609129,0,0,0,707630079,1060889407,3383,175322,781065,956387,48897,48897,48897,0.3665541259171164,15.973679366832322,0.030409455014396198,
job_movie_companies_note,movie_companies.note,benchmarks/job/../../data/job/movie_companies__note.csv,job-csv,utf8,TwoWay2,static,trigram,trigram,contains_japan,%(Japan)%,3,2609129,31450317,31450317,2609129,2609129,0,0,0,707630079,1060889407,3383,182058,698923,880981,48897,48897,48897,0.33765329349372913,14.293780804548335,0.028011832122391642,
job_movie_companies_note,movie_companies.note,benchmarks/job/../../data/job/movie_companies__note.csv,job-csv,utf8,TwoWay2,static,trigram,trigram,contains_japan,%(Japan)%,4,2609129,31450317,31450317,2609129,2609129,0,0,0,707630079,1060889407,3383,174683,675640,850323,48897,48897,48897,0.325903012077977,13.817616622696688,0.02703702477784246,
job_movie_companies_note,movie_companies.note,benchmarks/job/../../data/job/movie_companies__note.csv,job-csv,utf8,TwoWay2,static,fm,full-scan,contains_usa,%(USA)%,0,2609129,31450317,31450317,2609129,2609129,0,0,0,707630079,69127940303,3094,3672,23622559,23626231,2609129,1335804,487819,9.055217660759586,9.05381029454657,0.7512239383787451,too-broad
job_movie_companies_note,movie_companies.note,benchmarks/job/../../data/job/movie_companies__note.csv,job-csv,utf8,TwoWay2,static,fm,full-scan,contains_usa,%(USA)%,1,2609129,31450317,31450317,2609129,2609129,0,0,0,707630079,69127940303,3094,2535,23720040,23722575,2609129,1335804,487819,9.092143393446625,9.091171804843686,0.7542873097272755,too-broad
job_movie_companies_note,movie_companies.note,benchmarks/job/../../data/job/movie_companies__note.csv,job-csv,utf8,TwoWay2,static,fm,full-scan,contains_usa,%(USA)%,2,2609129,31450317,31450317,2609129,2609129,0,0,0,707630079,69127940303,3094,3015,23662500,23665515,2609129,1335804,487819,9.070274026312996,9.069118468270446,0.752473019588324,too-broad
job_movie_companies_note,movie_companies.note,benchmarks/job/../../data/job/movie_companies__note.csv,job-csv,utf8,TwoWay2,static,fm,full-scan,contains_usa,%(USA)%,3,2609129,31450317,31450317,2609129,2609129,0,0,0,707630079,69127940303,3094,2784,23863787,23866571,2609129,1335804,487819,9.14733269225094,9.1462656695012,0.7588658327354856,too-broad
job_movie_companies_note,movie_companies.note,benchmarks/job/../../data/job/movie_companies__note.csv,job-csv,utf8,TwoWay2,static,fm,full-scan,contains_usa,%(USA)%,4,2609129,31450317,31450317,2609129,2609129,0,0,0,707630079,69127940303,3094,2904,23724352,23727256,2609129,1335804,487819,9.093937478752489,9.092824463642847,0.7544361476547279,too-broad
job_movie_companies_note,movie_companies.note,benchmarks/job/../../data/job/movie_companies__note.csv,job-csv,utf8,TwoWay2,static,full-scan,full-scan,contains_usa,%(USA)%,0,2609129,31450317,31450317,2609129,2609129,0,0,0,707630079,0,3094,598,23560027,23560625,2609129,1335804,487819,9.030072871061568,9.029843675801388,0.7491379180693155,
job_movie_companies_note,movie_companies.note,benchmarks/job/../../data/job/movie_companies__note.csv,job-csv,utf8,TwoWay2,static,full-scan,full-scan,contains_usa,%(USA)%,1,2609129,31450317,31450317,2609129,2609129,0,0,0,707630079,0,3094,120,23623887,23624007,2609129,1335804,487819,9.054365269022728,9.054319276662826,0.7511532236702098,
job_movie_companies_note,movie_companies.note,benchmarks/job/../../data/job/movie_companies__note.csv,job-csv,utf8,TwoWay2,static,full-scan,full-scan,contains_usa,%(USA)%,2,2609129,31450317,31450317,2609129,2609129,0,0,0,707630079,0,3094,110,23647119,23647229,2609129,1335804,487819,9.06326555720319,9.063223397539945,0.7518915946061847,
job_movie_companies_note,movie_companies.note,benchmarks/job/../../data/job/movie_companies__note.csv,job-csv,utf8,TwoWay2,static,full-scan,full-scan,contains_usa,%(USA)%,3,2609129,31450317,31450317,2609129,2609129,0,0,0,707630079,0,3094,100,23736288,23736388,2609129,1335804,487819,9.097437497341067,9.097399170374482,0.7547265103877967,
job_movie_companies_note,movie_companies.note,benchmarks/job/../../data/job/movie_companies__note.csv,job-csv,utf8,TwoWay2,static,full-scan,full-scan,contains_usa,%(USA)%,4,2609129,31450317,31450317,2609129,2609129,0,0,0,707630079,0,3094,120,23727116,23727236,2609129,1335804,487819,9.093929813359171,9.093883820999269,0.75443551173109,
job_movie_companies_note,movie_companies.note,benchmarks/job/../../data/job/movie_companies__note.csv,job-csv,utf8,TwoWay2,static,prefix-btree,full-scan,contains_usa,%(USA)%,0,2609129,31450317,31450317,2609129,2609129,0,0,0,707630079,243783678,3094,1487,23579709,23581196,2609129,1335804,487819,9.037957111357851,9.037387189364727,0.7497919973270858,no-indexable-prefix
job_movie_companies_note,movie_companies.note,benchmarks/job/../../data/job/movie_companies__note.csv,job-csv,utf8,TwoWay2,static,prefix-btree,full-scan,contains_usa,%(USA)%,1,2609129,31450317,31450317,2609129,2609129,0,0,0,707630079,243783678,3094,349,23794758,23795107,2609129,1335804,487819,9.119942708850347,9.119808947736965,0.7565935503925127,no-indexable-prefix
job_movie_companies_note,movie_companies.note,benchmarks/job/../../data/job/movie_companies__note.csv,job-csv,utf8,TwoWay2,static,prefix-btree,full-scan,contains_usa,%(USA)%,2,2609129,31450317,31450317,2609129,2609129,0,0,0,707630079,243783678,3094,359,23940989,23941348,2609129,1335804,487819,9.175992448054505,9.175854854244463,0.7612434558290779,no-indexable-prefix
job_movie_companies_note,movie_companies.note,benchmarks/job/../../data/job/movie_companies__note.csv,job-csv,utf8,TwoWay2,static,prefix-btree,full-scan,contains_usa,%(USA)%,3,2609129,31450317,31450317,2609129,2609129,0,0,0,707630079,243783678,3094,309,24016904,24017213,2609129,1335804,487819,9.205069201254519,9.20495077092777,0.7636556731685725,no-indexable-prefix
job_movie_companies_note,movie_companies.note,benchmarks/job/../../data/job/movie_companies__note.csv,job-csv,utf8,TwoWay2,static,prefix-btree,full-scan,contains_usa,%(USA)%,4,2609129,31450317,31450317,2609129,2609129,0,0,0,707630079,243783678,3094,389,24514857,24515246,2609129,1335804,487819,9.395950142748788,9.39580105084877,0.7794912210264844,no-indexable-prefix
job_movie_companies_note,movie_companies.note,benchmarks/job/../../data/job/movie_companies__note.csv,job-csv,utf8,TwoWay2,static,qgram,full-scan,contains_usa,%(USA)%,0,2609129,31450317,31450317,2609129,2609129,0,0,0,707630079,930075132,3094,819,24356591,24357410,2609129,1335804,487819,9.335456391769053,9.33514249391272,0.774472638860842,literal-shorter-than-qgram
job_movie_companies_note,movie_companies.note,benchmarks/job/../../data/job/movie_companies__note.csv,job-csv,utf8,TwoWay2,static,qgram,full-scan,contains_usa,%(USA)%,1,2609129,31450317,31450317,2609129,2609129,0,0,0,707630079,930075132,3094,110,23604845,23604955,2609129,1335804,487819,9.047063215348876,9.047021055685633,0.7505474428127386,literal-shorter-than-qgram
job_movie_companies_note,movie_companies.note,benchmarks/job/../../data/job/movie_companies__note.csv,job-csv,utf8,TwoWay2,static,qgram,full-scan,contains_usa,%(USA)%,2,2609129,31450317,31450317,2609129,2609129,0,0,0,707630079,930075132,3094,150,23867220,23867370,2609129,1335804,487819,9.147638924713956,9.147581434264078,0.75889123788482,literal-shorter-than-qgram
job_movie_companies_note,movie_companies.note,benchmarks/job/../../data/job/movie_companies__note.csv,job-csv,utf8,TwoWay2,static,qgram,full-scan,contains_usa,%(USA)%,3,2609129,31450317,31450317,2609129,2609129,0,0,0,707630079,930075132,3094,139,23848950,23849089,2609129,1335804,487819,9.14063237195248,9.140579097468926,0.7583099718835903,literal-shorter-than-qgram
job_movie_companies_note,movie_companies.note,benchmarks/job/../../data/job/movie_companies__note.csv,job-csv,utf8,TwoWay2,static,qgram,full-scan,contains_usa,%(USA)%,4,2609129,31450317,31450317,2609129,2609129,0,0,0,707630079,930075132,3094,110,23837031,23837141,2609129,1335804,487819,9.136053065984855,9.136010906321612,0.757930071102304,literal-shorter-than-qgram
job_movie_companies_note,movie_companies.note,benchmarks/job/../../data/job/movie_companies__note.csv,job-csv,utf8,TwoWay2,static,trigram,trigram,contains_usa,%(USA)%,0,2609129,31450317,31450317,2609129,2609129,0,0,0,707630079,1060889407,3094,894833,6565136,7459969,487819,487819,487819,2.8591798259112524,13.45813918687054,0.2371985312580474,
job_movie_companies_note,movie_companies.note,benchmarks/job/../../data/job/movie_companies__note.csv,job-csv,utf8,TwoWay2,static,trigram,trigram,contains_usa,%(USA)%,1,2609129,31450317,31450317,2609129,2609129,0,0,0,707630079,1060889407,3094,929722,6411559,7341281,487819,487819,487819,2.813690315810372,13.143315451017694,0.23342470602124615,
job_movie_companies_note,movie_companies.note,benchmarks/job/../../data/job/movie_companies__note.csv,job-csv,utf8,TwoWay2,static,trigram,trigram,contains_usa,%(USA)%,2,2609129,31450317,31450317,2609129,2609129,0,0,0,707630079,1060889407,3094,967844,6401959,7369803,487819,487819,487819,2.82462193321986,13.1236360207372,0.23433159672126674,
job_movie_companies_note,movie_companies.note,benchmarks/job/../../data/job/movie_companies__note.csv,job-csv,utf8,TwoWay2,static,trigram,trigram,contains_usa,%(USA)%,3,2609129,31450317,31450317,2609129,2609129,0,0,0,707630079,1060889407,3094,899843,6357999,7257842,487819,487819,487819,2.7817106781611796,13.033520629577774,0.23077166440007585,
job_movie_companies_note,movie_companies.note,benchmarks/job/../../data/job/movie_companies__note.csv,job-csv,utf8,TwoWay2,static,trigram,trigram,contains_usa,%(USA)%,4,2609129,31450317,31450317,2609129,2609129,0,0,0,707630079,1060889407,3094,893765,6564158,7457923,487819,487819,487819,2.858395656174915,13.456134344910716,0.23713347626988943,
job_movie_companies_note,movie_companies.note,benchmarks/job/../../data/job/movie_companies__note.csv,job-csv,utf8,TwoWay2,static,fm,fm,contains_vhs,%(VHS)%,0,2609129,31450317,31450317,2609129,2609129,0,0,0,707630079,69127940303,2744,1348477,3415965,4764442,75693,75693,75693,1.826066093320798,45.12920613530974,0.15149106446208477,
job_movie_companies_note,movie_companies.note,benchmarks/job/../../data/job/movie_companies__note.csv,job-csv,utf8,TwoWay2,static,fm,fm,contains_vhs,%(VHS)%,1,2609129,31450317,31450317,2609129,2609129,0,0,0,707630079,69127940303,2744,1321302,3445934,4767236,75693,75693,75693,1.827136948767194,45.52513442458351,0.1515799029943005,
job_movie_companies_note,movie_companies.note,benchmarks/job/../../data/job/movie_companies__note.csv,job-csv,utf8,TwoWay2,static,fm,fm,contains_vhs,%(VHS)%,2,2609129,31450317,31450317,2609129,2609129,0,0,0,707630079,69127940303,2744,1355263,3318334,4673597,75693,75693,75693,1.7912479605262905,43.83937748536853,0.14860254031779713,
job_movie_companies_note,movie_companies.note,benchmarks/job/../../data/job/movie_companies__note.csv,job-csv,utf8,TwoWay2,static,fm,fm,contains_vhs,%(VHS)%,3,2609129,31450317,31450317,2609129,2609129,0,0,0,707630079,69127940303,2744,1259857,3169629,4429486,75693,75693,75693,1.697687619125003,41.874796876857836,0.14084074255912907,
job_movie_companies_note,movie_companies.note,benchmarks/job/../../data/job/movie_companies__note.csv,job-csv,utf8,TwoWay2,static,fm,fm,contains_vhs,%(VHS)%,4,2609129,31450317,31450317,2609129,2609129,0,0,0,707630079,69127940303,2744,1290645,3285981,4576626,75693,75693,75693,1.7540819177587617,43.41195354920534,0.14551923276321826,
job_movie_companies_note,movie_companies.note,benchmarks/job/../../data/job/movie_companies__note.csv,job-csv,utf8,TwoWay2,static,full-scan,full-scan,contains_vhs,%(VHS)%,0,2609129,31450317,31450317,2609129,2609129,0,0,0,707630079,0,2744,659,25324786,25325445,2609129,1335804,75693,9.706474842754037,9.70622226804424,0.8052524558019558,
job_movie_companies_note,movie_companies.note,benchmarks/job/../../data/job/movie_companies__note.csv,job-csv,utf8,TwoWay2,static,full-scan,full-scan,contains_vhs,%(VHS)%,1,2609129,31450317,31450317,2609129,2609129,0,0,0,707630079,0,2744,100,25227856,25227956,2609129,1335804,75693,9.669110266299597,9.669071939333012,0.8021526778251552,
job_movie_companies_note,movie_companies.note,benchmarks/job/../../data/job/movie_companies__note.csv,job-csv,utf8,TwoWay2,static,full-scan,full-scan,contains_vhs,%(VHS)%,2,2609129,31450317,31450317,2609129,2609129,0,0,0,707630079,0,2744,359,25287202,25287561,2609129,1335804,75693,9.691955054732825,9.691817460922783,0.8040478892470305,
job_movie_companies_note,movie_companies.note,benchmarks/job/../../data/job/movie_companies__note.csv,job-csv,utf8,TwoWay2,static,full-scan,full-scan,contains_vhs,%(VHS)%,3,2609129,31450317,31450317,2609129,2609129,0,0,0,707630079,0,2744,110,25280348,25280458,2609129,1335804,75693,9.689232690296263,9.68919053063302,0.8038220409670275,
job_movie_companies_note,movie_companies.note,benchmarks/job/../../data/job/movie_companies__note.csv,job-csv,utf8,TwoWay2,static,full-scan,full-scan,contains_vhs,%(VHS)%,4,2609129,31450317,31450317,2609129,2609129,0,0,0,707630079,0,2744,110,25190084,25190194,2609129,1335804,75693,9.654637237177617,9.654595077514374,0.800951990404421,
job_movie_companies_note,movie_companies.note,benchmarks/job/../../data/job/movie_companies__note.csv,job-csv,utf8,TwoWay2,static,prefix-btree,full-scan,contains_vhs,%(VHS)%,0,2609129,31450317,31450317,2609129,2609129,0,0,0,707630079,243783678,2744,1377,25323307,25324684,2609129,1335804,75693,9.706183174538323,9.705655412208442,0.8052282589075335,no-indexable-prefix
job_movie_companies_note,movie_companies.note,benchmarks/job/../../data/job/movie_companies__note.csv,job-csv,utf8,TwoWay2,static,prefix-btree,full-scan,contains_vhs,%(VHS)%,1,2609129,31450317,31450317,2609129,2609129,0,0,0,707630079,243783678,2744,280,25212279,25212559,2609129,1335804,75693,9.663209063254442,9.663101747748003,0.8016631120125117,no-indexable-prefix
job_movie_companies_note,movie_companies.note,benchmarks/job/../../data/job/movie_companies__note.csv,job-csv,utf8,TwoWay2,static,prefix-btree,full-scan,contains_vhs,%(VHS)%,2,2609129,31450317,31450317,2609129,2609129,0,0,0,707630079,243783678,2744,399,25295766,25296165,2609129,1335804,75693,9.695252706937833,9.695099782341156,0.8043214635960585,no-indexable-prefix
job_movie_companies_note,movie_companies.note,benchmarks/job/../../data/job/movie_companies__note.csv,job-csv,utf8,TwoWay2,static,prefix-btree,full-scan,contains_vhs,%(VHS)%,3,2609129,31450317,31450317,2609129,2609129,0,0,0,707630079,243783678,2744,270,25151464,25151734,2609129,1335804,75693,9.639896685828873,9.639793203019092,0.799729109248724,no-indexable-prefix
job_movie_companies_note,movie_companies.note,benchmarks/job/../../data/job/movie_companies__note.csv,job-csv,utf8,TwoWay2,static,prefix-btree,full-scan,contains_vhs,%(VHS)%,4,2609129,31450317,31450317,2609129,2609129,0,0,0,707630079,243783678,2744,270,25426556,25426826,2609129,1335804,75693,9.745331104747983,9.745227621938202,0.8084759845186934,no-indexable-prefix
job_movie_companies_note,movie_companies.note,benchmarks/job/../../data/job/movie_companies__note.csv,job-csv,utf8,TwoWay2,static,qgram,full-scan,contains_vhs,%(VHS)%,0,2609129,31450317,31450317,2609129,2609129,0,0,0,707630079,930075132,2744,598,27446216,27446814,2609129,1335804,75693,10.519531230537087,10.519302035276906,0.8727038903932193,literal-shorter-than-qgram
job_movie_companies_note,movie_companies.note,benchmarks/job/../../data/job/movie_companies__note.csv,job-csv,utf8,TwoWay2,static,qgram,full-scan,contains_vhs,%(VHS)%,1,2609129,31450317,31450317,2609129,2609129,0,0,0,707630079,930075132,2744,100,25204265,25204365,2609129,1335804,75693,9.660068551612435,9.66003022464585,0.8014025740980608,literal-shorter-than-qgram
job_movie_companies_note,movie_companies.note,benchmarks/job/../../data/job/movie_companies__note.csv,job-csv,utf8,TwoWay2,static,qgram,full-scan,contains_vhs,%(VHS)%,2,2609129,31450317,31450317,2609129,2609129,0,0,0,707630079,930075132,2744,100,25249212,25249312,2609129,1335804,75693,9.677295373283576,9.677257046316988,0.8028317170857133,literal-shorter-than-qgram
job_movie_companies_note,movie_companies.note,benchmarks/job/../../data/job/movie_companies__note.csv,job-csv,utf8,TwoWay2,static,qgram,full-scan,contains_vhs,%(VHS)%,3,2609129,31450317,31450317,2609129,2609129,0,0,0,707630079,930075132,2744,100,25591753,25591853,2609129,1335804,75693,9.808580947894873,9.808542620928288,0.8137232130283456,literal-shorter-than-qgram
job_movie_companies_note,movie_companies.note,benchmarks/job/../../data/job/movie_companies__note.csv,job-csv,utf8,TwoWay2,static,qgram,full-scan,contains_vhs,%(VHS)%,4,2609129,31450317,31450317,2609129,2609129,0,0,0,707630079,930075132,2744,150,25451714,25451864,2609129,1335804,75693,9.754927410641635,9.754869920191757,0.8092720973209905,literal-shorter-than-qgram
job_movie_companies_note,movie_companies.note,benchmarks/job/../../data/job/movie_companies__note.csv,job-csv,utf8,TwoWay2,static,trigram,trigram,contains_vhs,%(VHS)%,0,2609129,31450317,31450317,2609129,2609129,0,0,0,707630079,1060889407,2744,123804,3342977,3466781,75693,75693,75693,1.328711995459021,44.16494259706974,0.11023039926751772,
job_movie_companies_note,movie_companies.note,benchmarks/job/../../data/job/movie_companies__note.csv,job-csv,utf8,TwoWay2,static,trigram,trigram,contains_vhs,%(VHS)%,1,2609129,31450317,31450317,2609129,2609129,0,0,0,707630079,1060889407,2744,120721,3188216,3308937,75693,75693,75693,1.268215178321961,42.12035459025273,0.10521156273242015,
job_movie_companies_note,movie_companies.note,benchmarks/job/../../data/job/movie_companies__note.csv,job-csv,utf8,TwoWay2,static,trigram,trigram,contains_vhs,%(VHS)%,2,2609129,31450317,31450317,2609129,2609129,0,0,0,707630079,1060889407,2744,122138,3143239,3265377,75693,75693,75693,1.2515199516773605,41.526151691702005,0.10382652104905651,
job_movie_companies_note,movie_companies.note,benchmarks/job/../../data/job/movie_companies__note.csv,job-csv,utf8,TwoWay2,static,trigram,trigram,contains_vhs,%(VHS)%,3,2609129,31450317,31450317,2609129,2609129,0,0,0,707630079,1060889407,2744,121779,2883356,3005135,75693,75693,75693,1.151777087296182,38.09276947670194,0.09555181908023376,
job_movie_companies_note,movie_companies.note,benchmarks/job/../../data/job/movie_companies__note.csv,job-csv,utf8,TwoWay2,static,trigram,trigram,contains_vhs,%(VHS)%,4,2609129,31450317,31450317,2609129,2609129,0,0,0,707630079,1060889407,2744,121848,3063355,3185203,75693,75693,75693,1.2207916894871813,40.47078329568124,0.10127729396177469,
job_movie_companies_note,movie_companies.note,benchmarks/job/../../data/job/movie_companies__note.csv,job-csv,utf8,TwoWay2,static,fm,fm,contains_co_production,%(co-production)%,0,2609129,31450317,31450317,2609129,2609129,0,0,0,707630079,69127940303,2605,239765,317175,556940,17816,17816,17816,0.2134582077007308,17.802817691962282,0.017708565544824237,
job_movie_companies_note,movie_companies.note,benchmarks/job/../../data/job/movie_companies__note.csv,job-csv,utf8,TwoWay2,static,fm,fm,contains_co_production,%(co-production)%,1,2609129,31450317,31450317,2609129,2609129,0,0,0,707630079,69127940303,2605,178681,277766,456447,17816,17816,17816,0.17494228917006402,15.590817242927706,0.014513271837609776,
job_movie_companies_note,movie_companies.note,benchmarks/job/../../data/job/movie_companies__note.csv,job-csv,utf8,TwoWay2,static,fm,fm,contains_co_production,%(co-production)%,2,2609129,31450317,31450317,2609129,2609129,0,0,0,707630079,69127940303,2605,180098,276948,457046,17816,17816,17816,0.17517186769991058,15.544903457566233,0.014532317750565122,
job_movie_companies_note,movie_companies.note,benchmarks/job/../../data/job/movie_companies__note.csv,job-csv,utf8,TwoWay2,static,fm,fm,contains_co_production,%(co-production)%,3,2609129,31450317,31450317,2609129,2609129,0,0,0,707630079,69127940303,2605,170547,276739,447286,17816,17816,17816,0.17143115576117549,15.533172429277055,0.014221987015266014,
job_movie_companies_note,movie_companies.note,benchmarks/job/../../data/job/movie_companies__note.csv,job-csv,utf8,TwoWay2,static,fm,fm,contains_co_production,%(co-production)%,4,2609129,31450317,31450317,2609129,2609129,0,0,0,707630079,69127940303,2605,168102,276659,444761,17816,17816,17816,0.17046339985489412,15.528682083520431,0.01414170165598013,
job_movie_companies_note,movie_companies.note,benchmarks/job/../../data/job/movie_companies__note.csv,job-csv,utf8,TwoWay2,static,full-scan,full-scan,contains_co_production,%(co-production)%,0,2609129,31450317,31450317,2609129,2609129,0,0,0,707630079,0,2605,718,18113827,18114545,2609129,1256719,17816,6.942755609247377,6.942480421627294,0.5759733677724138,
job_movie_companies_note,movie_companies.note,benchmarks/job/../../data/job/movie_companies__note.csv,job-csv,utf8,TwoWay2,static,full-scan,full-scan,contains_co_production,%(co-production)%,1,2609129,31450317,31450317,2609129,2609129,0,0,0,707630079,0,2605,110,18104384,18104494,2609129,1256719,17816,6.938903365835879,6.938861206172635,0.5756537843481832,
job_movie_companies_note,movie_companies.note,benchmarks/job/../../data/job/movie_companies__note.csv,job-csv,utf8,TwoWay2,static,full-scan,full-scan,contains_co_production,%(co-production)%,2,2609129,31450317,31450317,2609129,2609129,0,0,0,707630079,0,2605,100,18186117,18186217,2609129,1256719,17816,6.9702253127384655,6.97018698577188,0.578252263721221,
job_movie_companies_note,movie_companies.note,benchmarks/job/../../data/job/movie_companies__note.csv,job-csv,utf8,TwoWay2,static,full-scan,full-scan,contains_co_production,%(co-production)%,3,2609129,31450317,31450317,2609129,2609129,0,0,0,707630079,0,2605,110,18135821,18135931,2609129,1256719,17816,6.950952214321331,6.950910054658087,0.5766533609184289,
job_movie_companies_note,movie_companies.note,benchmarks/job/../../data/job/movie_companies__note.csv,job-csv,utf8,TwoWay2,static,full-scan,full-scan,contains_co_production,%(co-production)%,4,2609129,31450317,31450317,2609129,2609129,0,0,0,707630079,0,2605,100,18170299,18170399,2609129,1256719,17816,6.964162753163987,6.964124426197402,0.5777493117159995,
job_movie_companies_note,movie_companies.note,benchmarks/job/../../data/job/movie_companies__note.csv,job-csv,utf8,TwoWay2,static,prefix-btree,full-scan,contains_co_production,%(co-production)%,0,2609129,31450317,31450317,2609129,2609129,0,0,0,707630079,243783678,2605,938,18186257,18187195,2609129,1256719,17816,6.970600150471671,6.970240643525099,0.5782833603871147,no-indexable-prefix
job_movie_companies_note,movie_companies.note,benchmarks/job/../../data/job/movie_companies__note.csv,job-csv,utf8,TwoWay2,static,prefix-btree,full-scan,contains_co_production,%(co-production)%,1,2609129,31450317,31450317,2609129,2609129,0,0,0,707630079,243783678,2605,290,18311696,18311986,2609129,1256719,17816,7.018428755343258,7.018317607140161,0.5822512377220236,no-indexable-prefix
job_movie_companies_note,movie_companies.note,benchmarks/job/../../data/job/movie_companies__note.csv,job-csv,utf8,TwoWay2,static,prefix-btree,full-scan,contains_co_production,%(co-production)%,2,2609129,31450317,31450317,2609129,2609129,0,0,0,707630079,243783678,2605,349,18205506,18205855,2609129,1256719,17816,6.977751962436507,6.977618201323123,0.5788766771412829,no-indexable-prefix
job_movie_companies_note,movie_companies.note,benchmarks/job/../../data/job/movie_companies__note.csv,job-csv,utf8,TwoWay2,static,prefix-btree,full-scan,contains_co_production,%(co-production)%,3,2609129,31450317,31450317,2609129,2609129,0,0,0,707630079,243783678,2605,309,18184631,18184940,2609129,1256719,17816,6.96973587737517,6.969617447048421,0.5782116599969406,no-indexable-prefix
job_movie_companies_note,movie_companies.note,benchmarks/job/../../data/job/movie_companies__note.csv,job-csv,utf8,TwoWay2,static,prefix-btree,full-scan,contains_co_production,%(co-production)%,4,2609129,31450317,31450317,2609129,2609129,0,0,0,707630079,243783678,2605,319,18117608,18117927,2609129,1256719,17816,6.9440518272572955,6.943929564233888,0.5760809024595841,no-indexable-prefix
job_movie_companies_note,movie_companies.note,benchmarks/job/../../data/job/movie_companies__note.csv,job-csv,utf8,TwoWay2,static,qgram,qgram,contains_co_production,%(co-production)%,0,2609129,31450317,31450317,2609129,2609129,0,0,0,707630079,930075132,2605,6906,426868,433774,17816,17816,17816,0.16625241603615612,23.95981140547822,0.013792357005495366,
job_movie_companies_note,movie_companies.note,benchmarks/job/../../data/job/movie_companies__note.csv,job-csv,utf8,TwoWay2,static,qgram,qgram,contains_co_production,%(co-production)%,1,2609129,31450317,31450317,2609129,2609129,0,0,0,707630079,930075132,2605,5249,271669,276918,17816,17816,17816,0.10613426932895997,15.248596766951055,0.008804935098110457,
job_movie_companies_note,movie_companies.note,benchmarks/job/../../data/job/movie_companies__note.csv,job-csv,utf8,TwoWay2,static,qgram,qgram,contains_co_production,%(co-production)%,2,2609129,31450317,31450317,2609129,2609129,0,0,0,707630079,930075132,2605,4221,264643,268864,17816,17816,17816,0.10304741544017179,14.854232150875617,0.008548848649124904,
job_movie_companies_note,movie_companies.note,benchmarks/job/../../data/job/movie_companies__note.csv,job-csv,utf8,TwoWay2,static,qgram,qgram,contains_co_production,%(co-production)%,3,2609129,31450317,31450317,2609129,2609129,0,0,0,707630079,930075132,2605,4291,264274,268565,17816,17816,17816,0.10293281781008144,14.833520431073193,0.00853934159073818,
job_movie_companies_note,movie_companies.note,benchmarks/job/../../data/job/movie_companies__note.csv,job-csv,utf8,TwoWay2,static,qgram,qgram,contains_co_production,%(co-production)%,4,2609129,31450317,31450317,2609129,2609129,0,0,0,707630079,930075132,2605,4052,263955,268007,17816,17816,17816,0.10271895333653491,14.815615177368658,0.008521599321240546,
job_movie_companies_note,movie_companies.note,benchmarks/job/../../data/job/movie_companies__note.csv,job-csv,utf8,TwoWay2,static,trigram,trigram,contains_co_production,%(co-production)%,0,2609129,31450317,31450317,2609129,2609129,0,0,0,707630079,1060889407,2605,805337,277337,1082674,17819,17819,17816,0.4149561022088214,15.564116953813345,0.034424899437420615,
job_movie_companies_note,movie_companies.note,benchmarks/job/../../data/job/movie_companies__note.csv,job-csv,utf8,TwoWay2,static,trigram,trigram,contains_co_production,%(co-production)%,1,2609129,31450317,31450317,2609129,2609129,0,0,0,707630079,1060889407,2605,797852,276868,1074720,17819,17819,17816,0.41190757528661864,15.537796733823447,0.0341719926066246,
job_movie_companies_note,movie_companies.note,benchmarks/job/../../data/job/movie_companies__note.csv,job-csv,utf8,TwoWay2,static,trigram,trigram,contains_co_production,%(co-production)%,2,2609129,31450317,31450317,2609129,2609129,0,0,0,707630079,1060889407,2605,788103,291279,1079382,17819,17819,17816,0.41369437846883,16.34654020988832,0.034320226406620954,
job_movie_companies_note,movie_companies.note,benchmarks/job/../../data/job/movie_companies__note.csv,job-csv,utf8,TwoWay2,static,trigram,trigram,contains_co_production,%(co-production)%,3,2609129,31450317,31450317,2609129,2609129,0,0,0,707630079,1060889407,2605,793611,291228,1084839,17819,17819,17816,0.4157858810353953,16.34367809641394,0.034493738171224156,
job_movie_companies_note,movie_companies.note,benchmarks/job/../../data/job/movie_companies__note.csv,job-csv,utf8,TwoWay2,static,trigram,trigram,contains_co_production,%(co-production)%,4,2609129,31450317,31450317,2609129,2609129,0,0,0,707630079,1060889407,2605,797134,285870,1083004,17819,17819,17816,0.41508258119855324,16.042987821987765,0.034435392177446095,
job_movie_companies_note,movie_companies.note,benchmarks/job/../../data/job/movie_companies__note.csv,job-csv,utf8,TwoWay2,static,fm,fm,contains_presents,%(presents)%,0,2609129,31450317,31450317,2609129,2609129,0,0,0,707630079,69127940303,1786,131518,236532,368050,11131,11131,11131,0.14106240051756735,21.249842781421258,0.011702584746602077,
job_movie_companies_note,movie_companies.note,benchmarks/job/../../data/job/movie_companies__note.csv,job-csv,utf8,TwoWay2,static,fm,fm,contains_presents,%(presents)%,1,2609129,31450317,31450317,2609129,2609129,0,0,0,707630079,69127940303,1786,103237,197991,301228,11131,11131,11131,0.11545155490587089,17.787350642350194,0.00957790027998764,
job_movie_companies_note,movie_companies.note,benchmarks/job/../../data/job/movie_companies__note.csv,job-csv,utf8,TwoWay2,static,fm,fm,contains_presents,%(presents)%,2,2609129,31450317,31450317,2609129,2609129,0,0,0,707630079,69127940303,1786,98666,204009,302675,11131,11131,11131,0.11600614611236164,18.32800287485401,0.009623909355190283,
job_movie_companies_note,movie_companies.note,benchmarks/job/../../data/job/movie_companies__note.csv,job-csv,utf8,TwoWay2,static,fm,fm,contains_presents,%(presents)%,3,2609129,31450317,31450317,2609129,2609129,0,0,0,707630079,69127940303,1786,97239,197262,294501,11131,11131,11131,0.11287329986367098,17.721857874404815,0.00936400736437728,
job_movie_companies_note,movie_companies.note,benchmarks/job/../../data/job/movie_companies__note.csv,job-csv,utf8,TwoWay2,static,fm,fm,contains_presents,%(presents)%,4,2609129,31450317,31450317,2609129,2609129,0,0,0,707630079,69127940303,1786,95972,196225,292197,11131,11131,11131,0.11199024655354335,17.628694636600486,0.00929074896129028,
job_movie_companies_note,movie_companies.note,benchmarks/job/../../data/job/movie_companies__note.csv,job-csv,utf8,TwoWay2,static,full-scan,full-scan,contains_presents,%(presents)%,0,2609129,31450317,31450317,2609129,2609129,0,0,0,707630079,0,1786,449,21192937,21193386,2609129,1299275,11131,8.122781970534994,8.122609882455027,0.67386875623543,
job_movie_companies_note,movie_companies.note,benchmarks/job/../../data/job/movie_companies__note.csv,job-csv,utf8,TwoWay2,static,full-scan,full-scan,contains_presents,%(presents)%,1,2609129,31450317,31450317,2609129,2609129,0,0,0,707630079,0,1786,99,21055651,21055750,2609129,1299275,11131,8.070030266805512,8.069992323108593,0.6694924569440747,
job_movie_companies_note,movie_companies.note,benchmarks/job/../../data/job/movie_companies__note.csv,job-csv,utf8,TwoWay2,static,full-scan,full-scan,contains_presents,%(presents)%,2,2609129,31450317,31450317,2609129,2609129,0,0,0,707630079,0,1786,100,21256906,21257006,2609129,1299275,11131,8.147165586676627,8.147127259710041,0.6758916293276154,
job_movie_companies_note,movie_companies.note,benchmarks/job/../../data/job/movie_companies__note.csv,job-csv,utf8,TwoWay2,static,full-scan,full-scan,contains_presents,%(presents)%,3,2609129,31450317,31450317,2609129,2609129,0,0,0,707630079,0,1786,100,21032579,21032679,2609129,1299275,11131,8.061187852344595,8.06114952537801,0.6687588872315658,
job_movie_companies_note,movie_companies.note,benchmarks/job/../../data/job/movie_companies__note.csv,job-csv,utf8,TwoWay2,static,full-scan,full-scan,contains_presents,%(presents)%,4,2609129,31450317,31450317,2609129,2609129,0,0,0,707630079,0,1786,110,21012670,21012780,2609129,1299275,11131,8.053561169263766,8.053519009600523,0.6681261750080293,
job_movie_companies_note,movie_companies.note,benchmarks/job/../../data/job/movie_companies__note.csv,job-csv,utf8,TwoWay2,static,prefix-btree,full-scan,contains_presents,%(presents)%,0,2609129,31450317,31450317,2609129,2609129,0,0,0,707630079,243783678,1786,1527,21032297,21033824,2609129,1299275,11131,8.061626696111997,8.061041443332238,0.6687952938598362,no-indexable-prefix
job_movie_companies_note,movie_companies.note,benchmarks/job/../../data/job/movie_companies__note.csv,job-csv,utf8,TwoWay2,static,prefix-btree,full-scan,contains_presents,%(presents)%,1,2609129,31450317,31450317,2609129,2609129,0,0,0,707630079,243783678,1786,459,20656097,20656556,2609129,1299275,11131,7.9170313158145875,7.9168553950379605,0.6567996119085222,no-indexable-prefix
job_movie_companies_note,movie_companies.note,benchmarks/job/../../data/job/movie_companies__note.csv,job-csv,utf8,TwoWay2,static,prefix-btree,full-scan,contains_presents,%(presents)%,2,2609129,31450317,31450317,2609129,2609129,0,0,0,707630079,243783678,1786,270,20624631,20624901,2609129,1299275,11131,7.904898914541979,7.9047954317321985,0.6557931037706234,no-indexable-prefix
job_movie_companies_note,movie_companies.note,benchmarks/job/../../data/job/movie_companies__note.csv,job-csv,utf8,TwoWay2,static,prefix-btree,full-scan,contains_presents,%(presents)%,3,2609129,31450317,31450317,2609129,2609129,0,0,0,707630079,243783678,1786,339,20669040,20669379,2609129,1299275,11131,7.9219459827398335,7.921816054323109,0.6572073343489669,no-indexable-prefix
job_movie_companies_note,movie_companies.note,benchmarks/job/../../data/job/movie_companies__note.csv,job-csv,utf8,TwoWay2,static,prefix-btree,full-scan,contains_presents,%(presents)%,4,2609129,31450317,31450317,2609129,2609129,0,0,0,707630079,243783678,1786,269,20823900,20824169,2609129,1299275,11131,7.9812722943173755,7.9811691947772605,0.662129065344556,no-indexable-prefix
job_movie_companies_note,movie_companies.note,benchmarks/job/../../data/job/movie_companies__note.csv,job-csv,utf8,TwoWay2,static,qgram,full-scan,contains_presents,%(presents)%,0,2609129,31450317,31450317,2609129,2609129,0,0,0,707630079,930075132,1786,1158,21258664,21259822,2609129,1299275,11131,8.148244874055672,8.147801047782613,0.6759811673758328,literal-shorter-than-qgram
job_movie_companies_note,movie_companies.note,benchmarks/job/../../data/job/movie_companies__note.csv,job-csv,utf8,TwoWay2,static,qgram,full-scan,contains_presents,%(presents)%,1,2609129,31450317,31450317,2609129,2609129,0,0,0,707630079,930075132,1786,100,20631089,20631189,2609129,1299275,11131,7.907308914200869,7.907270587234284,0.6559930381623816,literal-shorter-than-qgram
job_movie_companies_note,movie_companies.note,benchmarks/job/../../data/job/movie_companies__note.csv,job-csv,utf8,TwoWay2,static,qgram,full-scan,contains_presents,%(presents)%,2,2609129,31450317,31450317,2609129,2609129,0,0,0,707630079,930075132,1786,109,20463350,20463459,2609129,1299275,11131,7.843023093147177,7.842981316753598,0.6506598645730661,literal-shorter-than-qgram
job_movie_companies_note,movie_companies.note,benchmarks/job/../../data/job/movie_companies__note.csv,job-csv,utf8,TwoWay2,static,qgram,full-scan,contains_presents,%(presents)%,3,2609129,31450317,31450317,2609129,2609129,0,0,0,707630079,930075132,1786,90,20434270,20434360,2609129,1299275,11131,7.831870329140491,7.831835834870564,0.6497346274760919,literal-shorter-than-qgram
job_movie_companies_note,movie_companies.note,benchmarks/job/../../data/job/movie_companies__note.csv,job-csv,utf8,TwoWay2,static,qgram,full-scan,contains_presents,%(presents)%,4,2609129,31450317,31450317,2609129,2609129,0,0,0,707630079,930075132,1786,100,20395590,20395690,2609129,1299275,11131,7.817049291161917,7.817010964195331,0.6485050691221967,literal-shorter-than-qgram
job_movie_companies_note,movie_companies.note,benchmarks/job/../../data/job/movie_companies__note.csv,job-csv,utf8,TwoWay2,static,trigram,trigram,contains_presents,%(presents)%,0,2609129,31450317,31450317,2609129,2609129,0,0,0,707630079,1060889407,1786,183847,566068,749915,11133,11133,11131,0.28741967146890784,50.84595347166083,0.02384443374608911,
job_movie_companies_note,movie_companies.note,benchmarks/job/../../data/job/movie_companies__note.csv,job-csv,utf8,TwoWay2,static,trigram,trigram,contains_presents,%(presents)%,1,2609129,31450317,31450317,2609129,2609129,0,0,0,707630079,1060889407,1786,180234,248791,429025,11133,11133,11131,0.16443226839301545,22.34716608281685,0.01364135693767411,
job_movie_companies_note,movie_companies.note,benchmarks/job/../../data/job/movie_companies__note.csv,job-csv,utf8,TwoWay2,static,trigram,trigram,contains_presents,%(presents)%,2,2609129,31450317,31450317,2609129,2609129,0,0,0,707630079,1060889407,1786,175953,207856,383809,11133,11133,11131,0.14710234718176066,18.67025958861044,0.012203660777091691,
job_movie_companies_note,movie_companies.note,benchmarks/job/../../data/job/movie_companies__note.csv,job-csv,utf8,TwoWay2,static,trigram,trigram,contains_presents,%(presents)%,3,2609129,31450317,31450317,2609129,2609129,0,0,0,707630079,1060889407,1786,182489,197398,379887,11133,11133,11131,0.14559916355228125,17.730890146411568,0.01207895615169793,
job_movie_companies_note,movie_companies.note,benchmarks/job/../../data/job/movie_companies__note.csv,job-csv,utf8,TwoWay2,static,trigram,trigram,contains_presents,%(presents)%,4,2609129,31450317,31450317,2609129,2609129,0,0,0,707630079,1060889407,1786,176901,194803,371704,11133,11133,11131,0.1424628678765979,17.49779933530944,0.01181876799524787,
job_movie_companies_note,movie_companies.note,benchmarks/job/../../data/job/movie_companies__note.csv,job-csv,utf8,TwoWay2,static,fm,fm,contains_theatrical,%(theatrical)%,0,2609129,31450317,31450317,2609129,2609129,0,0,0,707630079,69127940303,2525,5147160,5554320,10701480,279657,279657,279657,4.101552663743341,19.86118709705103,0.3402662046299883,
job_movie_companies_note,movie_companies.note,benchmarks/job/../../data/job/movie_companies__note.csv,job-csv,utf8,TwoWay2,static,fm,fm,contains_theatrical,%(theatrical)%,1,2609129,31450317,31450317,2609129,2609129,0,0,0,707630079,69127940303,2525,5304321,5778442,11082763,279657,279657,279657,4.2476868717491545,20.662604547713805,0.35238954825161223,
job_movie_companies_note,movie_companies.note,benchmarks/job/../../data/job/movie_companies__note.csv,job-csv,utf8,TwoWay2,static,fm,fm,contains_theatrical,%(theatrical)%,2,2609129,31450317,31450317,2609129,2609129,0,0,0,707630079,69127940303,2525,5909189,5739643,11648832,279657,279657,279657,4.464643948229466,20.52386673675252,0.37038838114095957,
job_movie_companies_note,movie_companies.note,benchmarks/job/../../data/job/movie_companies__note.csv,job-csv,utf8,TwoWay2,static,fm,fm,contains_theatrical,%(theatrical)%,3,2609129,31450317,31450317,2609129,2609129,0,0,0,707630079,69127940303,2525,5249725,5600933,10850658,279657,279657,279657,4.15872806595611,20.02786627904898,0.3450094954527803,
job_movie_companies_note,movie_companies.note,benchmarks/job/../../data/job/movie_companies__note.csv,job-csv,utf8,TwoWay2,static,fm,fm,contains_theatrical,%(theatrical)%,4,2609129,31450317,31450317,2609129,2609129,0,0,0,707630079,69127940303,2525,5770508,5585685,11356193,279657,279657,279657,4.352484296483616,19.973342344371854,0.3610835782672715,
job_movie_companies_note,movie_companies.note,benchmarks/job/../../data/job/movie_companies__note.csv,job-csv,utf8,TwoWay2,static,full-scan,full-scan,contains_theatrical,%(theatrical)%,0,2609129,31450317,31450317,2609129,2609129,0,0,0,707630079,0,2525,598,22181365,22181963,2609129,1278216,279657,8.501673546995951,8.50144435173577,0.7053017303450392,
job_movie_companies_note,movie_companies.note,benchmarks/job/../../data/job/movie_companies__note.csv,job-csv,utf8,TwoWay2,static,full-scan,full-scan,contains_theatrical,%(theatrical)%,1,2609129,31450317,31450317,2609129,2609129,0,0,0,707630079,0,2525,120,22049619,22049739,2609129,1278216,279657,8.450996098698072,8.45095010633817,0.7010975119901017,
job_movie_companies_note,movie_companies.note,benchmarks/job/../../data/job/movie_companies__note.csv,job-csv,utf8,TwoWay2,static,full-scan,full-scan,contains_theatrical,%(theatrical)%,2,2609129,31450317,31450317,2609129,2609129,0,0,0,707630079,0,2525,110,22219592,22219702,2609129,1278216,279657,8.516137760915615,8.516095601252372,0.7065016864535897,
job_movie_companies_note,movie_companies.note,benchmarks/job/../../data/job/movie_companies__note.csv,job-csv,utf8,TwoWay2,static,full-scan,full-scan,contains_theatrical,%(theatrical)%,3,2609129,31450317,31450317,2609129,2609129,0,0,0,707630079,0,2525,90,22067582,22067672,2609129,1278216,279657,8.457869273615831,8.457834779345903,0.7016677129200319,
job_movie_companies_note,movie_companies.note,benchmarks/job/../../data/job/movie_companies__note.csv,job-csv,utf8,TwoWay2,static,full-scan,full-scan,contains_theatrical,%(theatrical)%,4,2609129,31450317,31450317,2609129,2609129,0,0,0,707630079,0,2525,99,22468136,22468235,2609129,1278216,279657,8.61139292077931,8.61135497708239,0.7144040869285991,
job_movie_companies_note,movie_companies.note,benchmarks/job/../../data/job/movie_companies__note.csv,job-csv,utf8,TwoWay2,static,prefix-btree,full-scan,contains_theatrical,%(theatrical)%,0,2609129,31450317,31450317,2609129,2609129,0,0,0,707630079,243783678,2525,918,22131468,22132386,2609129,1278216,279657,8.482672186771907,8.482320345218653,0.7037253710352108,no-indexable-prefix
job_movie_companies_note,movie_companies.note,benchmarks/job/../../data/job/movie_companies__note.csv,job-csv,utf8,TwoWay2,static,prefix-btree,full-scan,contains_theatrical,%(theatrical)%,1,2609129,31450317,31450317,2609129,2609129,0,0,0,707630079,243783678,2525,588,22146765,22147353,2609129,1278216,279657,8.488408583860744,8.488183221297222,0.7042012644896394,no-indexable-prefix
job_movie_companies_note,movie_companies.note,benchmarks/job/../../data/job/movie_companies__note.csv,job-csv,utf8,TwoWay2,static,prefix-btree,full-scan,contains_theatrical,%(theatrical)%,2,2609129,31450317,31450317,2609129,2609129,0,0,0,707630079,243783678,2525,120,22300175,22300295,2609129,1278216,279657,8.547026613095788,8.546980620735885,0.7090642361410856,no-indexable-prefix
job_movie_companies_note,movie_companies.note,benchmarks/job/../../data/job/movie_companies__note.csv,job-csv,utf8,TwoWay2,static,prefix-btree,full-scan,contains_theatrical,%(theatrical)%,3,2609129,31450317,31450317,2609129,2609129,0,0,0,707630079,243783678,2525,210,22216391,22216601,2609129,1278216,279657,8.514949241681803,8.514868755051973,0.706403086493532,no-indexable-prefix
job_movie_companies_note,movie_companies.note,benchmarks/job/../../data/job/movie_companies__note.csv,job-csv,utf8,TwoWay2,static,prefix-btree,full-scan,contains_theatrical,%(theatrical)%,4,2609129,31450317,31450317,2609129,2609129,0,0,0,707630079,243783678,2525,369,22109235,22109604,2609129,1278216,279657,8.473940537244422,8.47379911073772,0.7030009904192699,no-indexable-prefix
job_movie_companies_note,movie_companies.note,benchmarks/job/../../data/job/movie_companies__note.csv,job-csv,utf8,TwoWay2,static,qgram,full-scan,contains_theatrical,%(theatrical)%,0,2609129,31450317,31450317,2609129,2609129,0,0,0,707630079,930075132,2525,1547,22070675,22072222,2609129,1278216,279657,8.459613150595468,8.459020232422391,0.701812385547656,literal-shorter-than-qgram
job_movie_companies_note,movie_companies.note,benchmarks/job/../../data/job/movie_companies__note.csv,job-csv,utf8,TwoWay2,static,qgram,full-scan,contains_theatrical,%(theatrical)%,1,2609129,31450317,31450317,2609129,2609129,0,0,0,707630079,930075132,2525,100,22097517,22097617,2609129,1278216,279657,8.46934628375983,8.469307956793244,0.7026198495868897,literal-shorter-than-qgram
job_movie_companies_note,movie_companies.note,benchmarks/job/../../data/job/movie_companies__note.csv,job-csv,utf8,TwoWay2,static,qgram,full-scan,contains_theatrical,%(theatrical)%,2,2609129,31450317,31450317,2609129,2609129,0,0,0,707630079,930075132,2525,90,22093049,22093139,2609129,1278216,279657,8.467630002196135,8.467595507926209,0.7024774662843621,literal-shorter-than-qgram
job_movie_companies_note,movie_companies.note,benchmarks/job/../../data/job/movie_companies__note.csv,job-csv,utf8,TwoWay2,static,qgram,full-scan,contains_theatrical,%(theatrical)%,3,2609129,31450317,31450317,2609129,2609129,0,0,0,707630079,930075132,2525,100,22107937,22108037,2609129,1278216,279657,8.473339953678028,8.473301626711443,0.7029511658022398,literal-shorter-than-qgram
job_movie_companies_note,movie_companies.note,benchmarks/job/../../data/job/movie_companies__note.csv,job-csv,utf8,TwoWay2,static,qgram,full-scan,contains_theatrical,%(theatrical)%,4,2609129,31450317,31450317,2609129,2609129,0,0,0,707630079,930075132,2525,110,21995612,21995722,2609129,1278216,279657,8.430293021157635,8.430250861494391,0.6993799776326579,literal-shorter-than-qgram
job_movie_companies_note,movie_companies.note,benchmarks/job/../../data/job/movie_companies__note.csv,job-csv,utf8,TwoWay2,static,trigram,trigram,contains_theatrical,%(theatrical)%,0,2609129,31450317,31450317,2609129,2609129,0,0,0,707630079,1060889407,2525,2010614,5478787,7489401,279657,279657,279657,2.8704602187166675,19.591095520584144,0.23813435648359282,
job_movie_companies_note,movie_companies.note,benchmarks/job/../../data/job/movie_companies__note.csv,job-csv,utf8,TwoWay2,static,trigram,trigram,contains_theatrical,%(theatrical)%,1,2609129,31450317,31450317,2609129,2609129,0,0,0,707630079,1060889407,2525,1985058,5474865,7459923,279657,279657,279657,2.859162195506623,19.57707119793175,0.23719706863368023,
job_movie_companies_note,movie_companies.note,benchmarks/job/../../data/job/movie_companies__note.csv,job-csv,utf8,TwoWay2,static,trigram,trigram,contains_theatrical,%(theatrical)%,2,2609129,31450317,31450317,2609129,2609129,0,0,0,707630079,1060889407,2525,1996244,5453151,7449395,279657,279657,279657,2.855127132464512,19.49942608266555,0.23686231843068545,
job_movie_companies_note,movie_companies.note,benchmarks/job/../../data/job/movie_companies__note.csv,job-csv,utf8,TwoWay2,static,trigram,trigram,contains_theatrical,%(theatrical)%,3,2609129,31450317,31450317,2609129,2609129,0,0,0,707630079,1060889407,2525,1992792,5459108,7451900,279657,279657,279657,2.8560872229774765,19.520727176505506,0.23694196786633342,
job_movie_companies_note,movie_companies.note,benchmarks/job/../../data/job/movie_companies__note.csv,job-csv,utf8,TwoWay2,static,trigram,trigram,contains_theatrical,%(theatrical)%,4,2609129,31450317,31450317,2609129,2609129,0,0,0,707630079,1060889407,2525,2017170,5466672,7483842,279657,279657,279657,2.8683296226441852,19.547774595307825,0.2379576015084363,
job_movie_companies_note,movie_companies.note,benchmarks/job/../../data/job/movie_companies__note.csv,job-csv,utf8,TwoWay2,static,fm,fm,contains_worldwide,%(worldwide)%,0,2609129,31450317,31450317,2609129,2609129,0,0,0,707630079,69127940303,2415,1803726,3570749,5374475,103199,103199,103199,2.0598732373907156,34.600616285041525,0.17088778469228147,
job_movie_companies_note,movie_companies.note,benchmarks/job/../../data/job/movie_companies__note.csv,job-csv,utf8,TwoWay2,static,fm,fm,contains_worldwide,%(worldwide)%,1,2609129,31450317,31450317,2609129,2609129,0,0,0,707630079,69127940303,2415,1767152,3331838,5098990,103199,103199,103199,1.9542881934929244,32.28556478260448,0.16212841352282714,
job_movie_companies_note,movie_companies.note,benchmarks/job/../../data/job/movie_companies__note.csv,job-csv,utf8,TwoWay2,static,fm,fm,contains_worldwide,%(worldwide)%,2,2609129,31450317,31450317,2609129,2609129,0,0,0,707630079,69127940303,2415,1768360,3279716,5048076,103199,103199,103199,1.9347744017256334,31.780501749047957,0.1605095427178047,
job_movie_companies_note,movie_companies.note,benchmarks/job/../../data/job/movie_companies__note.csv,job-csv,utf8,TwoWay2,static,fm,fm,contains_worldwide,%(worldwide)%,3,2609129,31450317,31450317,2609129,2609129,0,0,0,707630079,69127940303,2415,1742284,3456458,5198742,103199,103199,103199,1.9925201092011933,33.493134623397516,0.1653001462592571,
job_movie_companies_note,movie_companies.note,benchmarks/job/../../data/job/movie_companies__note.csv,job-csv,utf8,TwoWay2,static,fm,fm,contains_worldwide,%(worldwide)%,4,2609129,31450317,31450317,2609129,2609129,0,0,0,707630079,69127940303,2415,1820192,3444323,5264515,103199,103199,103199,2.0177289049334086,33.375546274673205,0.16739147653106326,
job_movie_companies_note,movie_companies.note,benchmarks/job/../../data/job/movie_companies__note.csv,job-csv,utf8,TwoWay2,static,full-scan,full-scan,contains_worldwide,%(worldwide)%,0,2609129,31450317,31450317,2609129,2609129,0,0,0,707630079,0,2415,369,19923267,19923636,2609129,1287953,103199,7.636125312316869,7.635983885810169,0.6334955542737455,
job_movie_companies_note,movie_companies.note,benchmarks/job/../../data/job/movie_companies__note.csv,job-csv,utf8,TwoWay2,static,full-scan,full-scan,contains_worldwide,%(worldwide)%,1,2609129,31450317,31450317,2609129,2609129,0,0,0,707630079,0,2415,110,20808638,20808748,2609129,1287953,103199,7.975361892800241,7.975319733136997,0.661638736423547,
job_movie_companies_note,movie_companies.note,benchmarks/job/../../data/job/movie_companies__note.csv,job-csv,utf8,TwoWay2,static,full-scan,full-scan,contains_worldwide,%(worldwide)%,2,2609129,31450317,31450317,2609129,2609129,0,0,0,707630079,0,2415,110,19840708,19840818,2609129,1287953,103199,7.604383685130172,7.6043415254669275,0.6308622580815322,
job_movie_companies_note,movie_companies.note,benchmarks/job/../../data/job/movie_companies__note.csv,job-csv,utf8,TwoWay2,static,full-scan,full-scan,contains_worldwide,%(worldwide)%,3,2609129,31450317,31450317,2609129,2609129,0,0,0,707630079,0,2415,99,19939042,19939141,2609129,1287953,103199,7.642067908485935,7.642029964789016,0.6339885540740337,
job_movie_companies_note,movie_companies.note,benchmarks/job/../../data/job/movie_companies__note.csv,job-csv,utf8,TwoWay2,static,full-scan,full-scan,contains_worldwide,%(worldwide)%,4,2609129,31450317,31450317,2609129,2609129,0,0,0,707630079,0,2415,419,20211525,20211944,2609129,1287953,103199,7.746625023139906,7.746464433149913,0.6426626478836446,
job_movie_companies_note,movie_companies.note,benchmarks/job/../../data/job/movie_companies__note.csv,job-csv,utf8,TwoWay2,static,prefix-btree,full-scan,contains_worldwide,%(worldwide)%,0,2609129,31450317,31450317,2609129,2609129,0,0,0,707630079,243783678,2415,1308,19931579,19932887,2609129,1287953,103199,7.639670939995685,7.639169623272747,0.6337897007524598,no-indexable-prefix
job_movie_companies_note,movie_companies.note,benchmarks/job/../../data/job/movie_companies__note.csv,job-csv,utf8,TwoWay2,static,prefix-btree,full-scan,contains_worldwide,%(worldwide)%,1,2609129,31450317,31450317,2609129,2609129,0,0,0,707630079,243783678,2415,270,19867792,19868062,2609129,1287953,103199,7.6148254839066984,7.614722001096918,0.6317285132610905,no-indexable-prefix
job_movie_companies_note,movie_companies.note,benchmarks/job/../../data/job/movie_companies__note.csv,job-csv,utf8,TwoWay2,static,prefix-btree,full-scan,contains_worldwide,%(worldwide)%,2,2609129,31450317,31450317,2609129,2609129,0,0,0,707630079,243783678,2415,289,20634723,20635012,2609129,1287953,103199,7.908774154133429,7.908663389199997,0.6561145949657677,no-indexable-prefix
job_movie_companies_note,movie_companies.note,benchmarks/job/../../data/job/movie_companies__note.csv,job-csv,utf8,TwoWay2,static,prefix-btree,full-scan,contains_worldwide,%(worldwide)%,3,2609129,31450317,31450317,2609129,2609129,0,0,0,707630079,243783678,2415,520,19926966,19927486,2609129,1287953,103199,7.637600900530407,7.6374016003041625,0.6336179695740428,no-indexable-prefix
job_movie_companies_note,movie_companies.note,benchmarks/job/../../data/job/movie_companies__note.csv,job-csv,utf8,TwoWay2,static,prefix-btree,full-scan,contains_worldwide,%(worldwide)%,4,2609129,31450317,31450317,2609129,2609129,0,0,0,707630079,243783678,2415,459,19987402,19987861,2609129,1287953,103199,7.660740806606342,7.660564885829715,0.6355376640559776,no-indexable-prefix
job_movie_companies_note,movie_companies.note,benchmarks/job/../../data/job/movie_companies__note.csv,job-csv,utf8,TwoWay2,static,qgram,full-scan,contains_worldwide,%(worldwide)%,0,2609129,31450317,31450317,2609129,2609129,0,0,0,707630079,930075132,2415,859,20226284,20227143,2609129,1287953,103199,7.752450338791221,7.752121110148252,0.6431459180522727,literal-shorter-than-qgram
job_movie_companies_note,movie_companies.note,benchmarks/job/../../data/job/movie_companies__note.csv,job-csv,utf8,TwoWay2,static,qgram,full-scan,contains_worldwide,%(worldwide)%,1,2609129,31450317,31450317,2609129,2609129,0,0,0,707630079,930075132,2415,100,20052458,20052558,2609129,1287953,103199,7.685537204178099,7.685498877211514,0.6375947816360643,literal-shorter-than-qgram
job_movie_companies_note,movie_companies.note,benchmarks/job/../../data/job/movie_companies__note.csv,job-csv,utf8,TwoWay2,static,qgram,full-scan,contains_worldwide,%(worldwide)%,2,2609129,31450317,31450317,2609129,2609129,0,0,0,707630079,930075132,2415,100,20309941,20310041,2609129,1287953,103199,7.784222627551187,7.784184300584601,0.6457817579390376,literal-shorter-than-qgram
job_movie_companies_note,movie_companies.note,benchmarks/job/../../data/job/movie_companies__note.csv,job-csv,utf8,TwoWay2,static,qgram,full-scan,contains_worldwide,%(worldwide)%,3,2609129,31450317,31450317,2609129,2609129,0,0,0,707630079,930075132,2415,110,20325779,20325889,2609129,1287953,103199,7.790296685215641,7.790254525552397,0.646285663829716,literal-shorter-than-qgram
job_movie_companies_note,movie_companies.note,benchmarks/job/../../data/job/movie_companies__note.csv,job-csv,utf8,TwoWay2,static,qgram,full-scan,contains_worldwide,%(worldwide)%,4,2609129,31450317,31450317,2609129,2609129,0,0,0,707630079,930075132,2415,100,20786627,20786727,2609129,1287953,103199,7.96692191148847,7.966883584521884,0.6609385527020284,literal-shorter-than-qgram
job_movie_companies_note,movie_companies.note,benchmarks/job/../../data/job/movie_companies__note.csv,job-csv,utf8,TwoWay2,static,trigram,trigram,contains_worldwide,%(worldwide)%,0,2609129,31450317,31450317,2609129,2609129,0,0,0,707630079,1060889407,2415,779956,3582580,4362536,103199,103199,103199,1.6720277149960772,34.71525886878749,0.138711988181232,
job_movie_companies_note,movie_companies.note,benchmarks/job/../../data/job/movie_companies__note.csv,job-csv,utf8,TwoWay2,static,trigram,trigram,contains_worldwide,%(worldwide)%,1,2609129,31450317,31450317,2609129,2609129,0,0,0,707630079,1060889407,2415,747810,3548665,4296475,103199,103199,103199,1.6467085376000956,34.38662196339112,0.13661150060903995,
job_movie_companies_note,movie_companies.note,benchmarks/job/../../data/job/movie_companies__note.csv,job-csv,utf8,TwoWay2,static,trigram,trigram,contains_worldwide,%(worldwide)%,2,2609129,31450317,31450317,2609129,2609129,0,0,0,707630079,1060889407,2415,731292,3464576,4195868,103199,103199,103199,1.6081489263275215,33.571798176338916,0.13341258213708942,
job_movie_companies_note,movie_companies.note,benchmarks/job/../../data/job/movie_companies__note.csv,job-csv,utf8,TwoWay2,static,trigram,trigram,contains_worldwide,%(worldwide)%,3,2609129,31450317,31450317,2609129,2609129,0,0,0,707630079,1060889407,2415,728672,3320236,4048908,103199,103199,103199,1.5518236162336168,32.17314121260865,0.1287398152457414,
job_movie_companies_note,movie_companies.note,benchmarks/job/../../data/job/movie_companies__note.csv,job-csv,utf8,TwoWay2,static,trigram,trigram,contains_worldwide,%(worldwide)%,4,2609129,31450317,31450317,2609129,2609129,0,0,0,707630079,1060889407,2415,729063,3337263,4066326,103199,103199,103199,1.5584994072734617,32.338133121444976,0.12929364114199549,
job_movie_companies_note,movie_companies.note,benchmarks/job/../../data/job/movie_companies__note.csv,job-csv,utf8,TwoWay2,static,fm,full-scan,not_contains_tv,%(TV)%,0,2609129,31450317,31450317,2609129,2609129,0,0,0,707630079,69127940303,2530,3040,26555681,26558721,2609129,1337125,413698,10.179152123179804,10.17798698339561,0.8444659238251875,too-broad
job_movie_companies_note,movie_companies.note,benchmarks/job/../../data/job/movie_companies__note.csv,job-csv,utf8,TwoWay2,static,fm,full-scan,not_contains_tv,%(TV)%,1,2609129,31450317,31450317,2609129,2609129,0,0,0,707630079,69127940303,2530,2479,26686125,26688604,2609129,1337125,413698,10.22893233718992,10.227982211688268,0.8485957073183078,too-broad
job_movie_companies_note,movie_companies.note,benchmarks/job/../../data/job/movie_companies__note.csv,job-csv,utf8,TwoWay2,static,fm,full-scan,not_contains_tv,%(TV)%,2,2609129,31450317,31450317,2609129,2609129,0,0,0,707630079,69127940303,2530,3099,25871053,25874152,2609129,1337125,413698,9.916777591295793,9.915589838601312,0.8226992433812352,too-broad
job_movie_companies_note,movie_companies.note,benchmarks/job/../../data/job/movie_companies__note.csv,job-csv,utf8,TwoWay2,static,fm,full-scan,not_contains_tv,%(TV)%,3,2609129,31450317,31450317,2609129,2609129,0,0,0,707630079,69127940303,2530,2140,25836409,25838549,2609129,1337125,413698,9.903132041382392,9.902311844297465,0.8215672039172133,too-broad
job_movie_companies_note,movie_companies.note,benchmarks/job/../../data/job/movie_companies__note.csv,job-csv,utf8,TwoWay2,static,fm,full-scan,not_contains_tv,%(TV)%,4,2609129,31450317,31450317,2609129,2609129,0,0,0,707630079,69127940303,2530,2859,25806531,25809390,2609129,1337125,413698,9.891956281195755,9.890860513221078,0.8206400590493254,too-broad
job_movie_companies_note,movie_companies.note,benchmarks/job/../../data/job/movie_companies__note.csv,job-csv,utf8,TwoWay2,static,full-scan,full-scan,not_contains_tv,%(TV)%,0,2609129,31450317,31450317,2609129,2609129,0,0,0,707630079,0,2530,450,25763846,25764296,2609129,1337125,413698,9.874673118883734,9.8745006475341,0.8192062420229341,
job_movie_companies_note,movie_companies.note,benchmarks/job/../../data/job/movie_companies__note.csv,job-csv,utf8,TwoWay2,static,full-scan,full-scan,not_contains_tv,%(TV)%,1,2609129,31450317,31450317,2609129,2609129,0,0,0,707630079,0,2530,109,25665322,25665431,2609129,1337125,413698,9.836781163369078,9.8367393869755,0.8160627124998454,
job_movie_companies_note,movie_companies.note,benchmarks/job/../../data/job/movie_companies__note.csv,job-csv,utf8,TwoWay2,static,full-scan,full-scan,not_contains_tv,%(TV)%,2,2609129,31450317,31450317,2609129,2609129,0,0,0,707630079,0,2530,100,25628566,25628666,2609129,1337125,413698,9.822690254103955,9.82265192713737,0.814893725872461,
job_movie_companies_note,movie_companies.note,benchmarks/job/../../data/job/movie_companies__note.csv,job-csv,utf8,TwoWay2,static,full-scan,full-scan,not_contains_tv,%(TV)%,3,2609129,31450317,31450317,2609129,2609129,0,0,0,707630079,0,2530,110,26324772,26324882,2609129,1337125,413698,10.089528727786169,10.089486568122926,0.837030736446949,
job_movie_companies_note,movie_companies.note,benchmarks/job/../../data/job/movie_companies__note.csv,job-csv,utf8,TwoWay2,static,full-scan,full-scan,not_contains_tv,%(TV)%,4,2609129,31450317,31450317,2609129,2609129,0,0,0,707630079,0,2530,110,25748461,25748571,2609129,1337125,413698,9.868646203388181,9.868604043724936,0.818706247062629,
job_movie_companies_note,movie_companies.note,benchmarks/job/../../data/job/movie_companies__note.csv,job-csv,utf8,TwoWay2,static,prefix-btree,full-scan,not_contains_tv,%(TV)%,0,2609129,31450317,31450317,2609129,2609129,0,0,0,707630079,243783678,2530,950,25693827,25694777,2609129,1337125,413698,9.84802859498323,9.84766448880067,0.8169958032537478,no-indexable-prefix
job_movie_companies_note,movie_companies.note,benchmarks/job/../../data/job/movie_companies__note.csv,job-csv,utf8,TwoWay2,static,prefix-btree,full-scan,not_contains_tv,%(TV)%,1,2609129,31450317,31450317,2609129,2609129,0,0,0,707630079,243783678,2530,350,25679189,25679539,2609129,1337125,413698,9.842188331814947,9.842054187431899,0.8165112930340257,no-indexable-prefix
job_movie_companies_note,movie_companies.note,benchmarks/job/../../data/job/movie_companies__note.csv,job-csv,utf8,TwoWay2,static,prefix-btree,full-scan,not_contains_tv,%(TV)%,2,2609129,31450317,31450317,2609129,2609129,0,0,0,707630079,243783678,2530,310,25689856,25690166,2609129,1337125,413698,9.846261338553978,9.846142524957562,0.8168491910590281,no-indexable-prefix
job_movie_companies_note,movie_companies.note,benchmarks/job/../../data/job/movie_companies__note.csv,job-csv,utf8,TwoWay2,static,prefix-btree,full-scan,not_contains_tv,%(TV)%,3,2609129,31450317,31450317,2609129,2609129,0,0,0,707630079,243783678,2530,290,25753960,25754250,2609129,1337125,413698,9.870822791820565,9.870711643617467,0.8188868175796129,no-indexable-prefix
job_movie_companies_note,movie_companies.note,benchmarks/job/../../data/job/movie_companies__note.csv,job-csv,utf8,TwoWay2,static,prefix-btree,full-scan,not_contains_tv,%(TV)%,4,2609129,31450317,31450317,2609129,2609129,0,0,0,707630079,243783678,2530,400,25803131,25803531,2609129,1337125,413698,9.889710704223516,9.889557396357175,0.8204537652196001,no-indexable-prefix
job_movie_companies_note,movie_companies.note,benchmarks/job/../../data/job/movie_companies__note.csv,job-csv,utf8,TwoWay2,static,qgram,full-scan,not_contains_tv,%(TV)%,0,2609129,31450317,31450317,2609129,2609129,0,0,0,707630079,930075132,2530,460,25627875,25628335,2609129,1337125,413698,9.822563391844557,9.822387087798266,0.8148832013362536,literal-shorter-than-qgram
job_movie_companies_note,movie_companies.note,benchmarks/job/../../data/job/movie_companies__note.csv,job-csv,utf8,TwoWay2,static,qgram,full-scan,not_contains_tv,%(TV)%,1,2609129,31450317,31450317,2609129,2609129,0,0,0,707630079,930075132,2530,100,25530949,25531049,2609129,1337125,413698,9.785276619132285,9.7852382921657,0.8117898779843777,literal-shorter-than-qgram
job_movie_companies_note,movie_companies.note,benchmarks/job/../../data/job/movie_companies__note.csv,job-csv,utf8,TwoWay2,static,qgram,full-scan,not_contains_tv,%(TV)%,2,2609129,31450317,31450317,2609129,2609129,0,0,0,707630079,930075132,2530,100,25568934,25569034,2609129,1337125,413698,9.79983511738975,9.799796790423164,0.8129976559536745,literal-shorter-than-qgram
job_movie_companies_note,movie_companies.note,benchmarks/job/../../data/job/movie_companies__note.csv,job-csv,utf8,TwoWay2,static,qgram,full-scan,not_contains_tv,%(TV)%,3,2609129,31450317,31450317,2609129,2609129,0,0,0,707630079,930075132,2530,100,25532748,25532848,2609129,1337125,413698,9.785966121261156,9.78592779429457,0.8118470793156075,literal-shorter-than-qgram
job_movie_companies_note,movie_companies.note,benchmarks/job/../../data/job/movie_companies__note.csv,job-csv,utf8,TwoWay2,static,qgram,full-scan,not_contains_tv,%(TV)%,4,2609129,31450317,31450317,2609129,2609129,0,0,0,707630079,930075132,2530,110,25590453,25590563,2609129,1337125,413698,9.808086530025921,9.808044370362676,0.8136821959537006,literal-shorter-than-qgram
job_movie_companies_note,movie_companies.note,benchmarks/job/../../data/job/movie_companies__note.csv,job-csv,utf8,TwoWay2,static,trigram,trigram,not_contains_tv,%(TV)%,0,2609129,31450317,31450317,2609129,2609129,0,0,0,707630079,1060889407,2530,524200,8635323,9159523,413698,413698,413698,3.5105673195920937,20.873494674859437,0.29123785938310254,
job_movie_companies_note,movie_companies.note,benchmarks/job/../../data/job/movie_companies__note.csv,job-csv,utf8,TwoWay2,static,trigram,trigram,not_contains_tv,%(TV)%,1,2609129,31450317,31450317,2609129,2609129,0,0,0,707630079,1060889407,2530,529089,8678017,9207106,413698,413698,413698,3.5288044401024248,20.976695560529663,0.2927508171062314,
job_movie_companies_note,movie_companies.note,benchmarks/job/../../data/job/movie_companies__note.csv,job-csv,utf8,TwoWay2,static,trigram,trigram,not_contains_tv,%(TV)%,2,2609129,31450317,31450317,2609129,2609129,0,0,0,707630079,1060889407,2530,527459,8676618,9204077,413698,413698,413698,3.527643516284553,20.973313866637014,0.2926545064712702,
job_movie_companies_note,movie_companies.note,benchmarks/job/../../data/job/movie_companies__note.csv,job-csv,utf8,TwoWay2,static,trigram,trigram,not_contains_tv,%(TV)%,3,2609129,31450317,31450317,2609129,2609129,0,0,0,707630079,1060889407,2530,501803,8656131,9157934,413698,413698,413698,3.5099583040930518,20.923792234915325,0.2911873352500708,
job_movie_companies_note,movie_companies.note,benchmarks/job/../../data/job/movie_companies__note.csv,job-csv,utf8,TwoWay2,static,trigram,trigram,not_contains_tv,%(TV)%,4,2609129,31450317,31450317,2609129,2609129,0,0,0,707630079,1060889407,2530,507272,8688046,9195318,413698,413698,413698,3.524286457281338,21.000937882223266,0.2923760037140484,
job_movie_companies_note,movie_companies.note,benchmarks/job/../../data/job/movie_companies__note.csv,job-csv,utf8,TwoWay2,static,fm,full-scan,not_contains_usa,%(USA)%,0,2609129,31450317,31450317,2609129,2609129,0,0,0,707630079,69127940303,3190,3530,23598237,23601767,2609129,1335804,487819,9.045841351654134,9.04448840973367,0.7504460765848561,too-broad
job_movie_companies_note,movie_companies.note,benchmarks/job/../../data/job/movie_companies__note.csv,job-csv,utf8,TwoWay2,static,fm,full-scan,not_contains_usa,%(USA)%,1,2609129,31450317,31450317,2609129,2609129,0,0,0,707630079,69127940303,3190,3240,23482684,23485924,2609129,1335804,487819,9.001442243752608,9.000200450035242,0.7467627114855472,too-broad
job_movie_companies_note,movie_companies.note,benchmarks/job/../../data/job/movie_companies__note.csv,job-csv,utf8,TwoWay2,static,fm,full-scan,not_contains_usa,%(USA)%,2,2609129,31450317,31450317,2609129,2609129,0,0,0,707630079,69127940303,3190,2759,23605626,23608385,2609129,1335804,487819,9.048377830302757,9.047320389294665,0.7506565037166398,too-broad
job_movie_companies_note,movie_companies.note,benchmarks/job/../../data/job/movie_companies__note.csv,job-csv,utf8,TwoWay2,static,fm,full-scan,not_contains_usa,%(USA)%,3,2609129,31450317,31450317,2609129,2609129,0,0,0,707630079,69127940303,3190,2839,23437960,23440799,2609129,1335804,487819,8.984147200080946,8.983059097499588,0.7453279087775172,too-broad
job_movie_companies_note,movie_companies.note,benchmarks/job/../../data/job/movie_companies__note.csv,job-csv,utf8,TwoWay2,static,fm,full-scan,not_contains_usa,%(USA)%,4,2609129,31450317,31450317,2609129,2609129,0,0,0,707630079,69127940303,3190,2400,24940828,24943228,2609129,1335804,487819,9.559982660880317,9.559062813682267,0.7930994145464416,too-broad
job_movie_companies_note,movie_companies.note,benchmarks/job/../../data/job/movie_companies__note.csv,job-csv,utf8,TwoWay2,static,full-scan,full-scan,not_contains_usa,%(USA)%,0,2609129,31450317,31450317,2609129,2609129,0,0,0,707630079,0,3190,540,23442890,23443430,2609129,1335804,487819,8.985155582571808,8.984948616952247,0.745411564532084,
job_movie_companies_note,movie_companies.note,benchmarks/job/../../data/job/movie_companies__note.csv,job-csv,utf8,TwoWay2,static,full-scan,full-scan,not_contains_usa,%(USA)%,1,2609129,31450317,31450317,2609129,2609129,0,0,0,707630079,0,3190,100,23411962,23412062,2609129,1335804,487819,8.9731331796933,8.973094852726714,0.7444141818983891,
job_movie_companies_note,movie_companies.note,benchmarks/job/../../data/job/movie_companies__note.csv,job-csv,utf8,TwoWay2,static,full-scan,full-scan,not_contains_usa,%(USA)%,2,2609129,31450317,31450317,2609129,2609129,0,0,0,707630079,0,3190,100,23821098,23821198,2609129,1335804,487819,9.129942597702145,9.12990427073556,0.7574231445743457,
job_movie_companies_note,movie_companies.note,benchmarks/job/../../data/job/movie_companies__note.csv,job-csv,utf8,TwoWay2,static,full-scan,full-scan,not_contains_usa,%(USA)%,3,2609129,31450317,31450317,2609129,2609129,0,0,0,707630079,0,3190,100,24004314,24004414,2609129,1335804,487819,9.200163732801252,9.200125405834667,0.7632487138364933,
job_movie_companies_note,movie_companies.note,benchmarks/job/../../data/job/movie_companies__note.csv,job-csv,utf8,TwoWay2,static,full-scan,full-scan,not_contains_usa,%(USA)%,4,2609129,31450317,31450317,2609129,2609129,0,0,0,707630079,0,3190,400,24241121,24241521,2609129,1335804,487819,9.2910396534629,9.290886345596558,0.770787811137166,
job_movie_companies_note,movie_companies.note,benchmarks/job/../../data/job/movie_companies__note.csv,job-csv,utf8,TwoWay2,static,prefix-btree,full-scan,not_contains_usa,%(USA)%,0,2609129,31450317,31450317,2609129,2609129,0,0,0,707630079,243783678,3190,969,23456530,23457499,2609129,1335804,487819,8.990547803500709,8.990176415194496,0.7458589050151704,no-indexable-prefix
job_movie_companies_note,movie_companies.note,benchmarks/job/../../data/job/movie_companies__note.csv,job-csv,utf8,TwoWay2,static,prefix-btree,full-scan,not_contains_usa,%(USA)%,1,2609129,31450317,31450317,2609129,2609129,0,0,0,707630079,243783678,3190,300,23653288,23653588,2609129,1335804,487819,9.065702769008356,9.0655877881086,0.7520937865268575,no-indexable-prefix
job_movie_companies_note,movie_companies.note,benchmarks/job/../../data/job/movie_companies__note.csv,job-csv,utf8,TwoWay2,static,prefix-btree,full-scan,not_contains_usa,%(USA)%,2,2609129,31450317,31450317,2609129,2609129,0,0,0,707630079,243783678,3190,520,23630814,23631334,2609129,1335804,487819,9.057173485864439,9.056974185638195,0.7513861942949573,no-indexable-prefix
job_movie_companies_note,movie_companies.note,benchmarks/job/../../data/job/movie_companies__note.csv,job-csv,utf8,TwoWay2,static,prefix-btree,full-scan,not_contains_usa,%(USA)%,3,2609129,31450317,31450317,2609129,2609129,0,0,0,707630079,243783678,3190,710,24141645,24142355,2609129,1335804,487819,9.25303233377882,9.252760212316064,0.7676347109633267,no-indexable-prefix
job_movie_companies_note,movie_companies.note,benchmarks/job/../../data/job/movie_companies__note.csv,job-csv,utf8,TwoWay2,static,prefix-btree,full-scan,not_contains_usa,%(USA)%,4,2609129,31450317,31450317,2609129,2609129,0,0,0,707630079,243783678,3190,350,23594858,23595208,2609129,1335804,487819,9.043327485915798,9.04319334153275,0.7502375254278041,no-indexable-prefix
job_movie_companies_note,movie_companies.note,benchmarks/job/../../data/job/movie_companies__note.csv,job-csv,utf8,TwoWay2,static,qgram,full-scan,not_contains_usa,%(USA)%,0,2609129,31450317,31450317,2609129,2609129,0,0,0,707630079,930075132,3190,1010,24306771,24307781,2609129,1335804,487819,9.316435101522385,9.316047999159872,0.7728946261495552,literal-shorter-than-qgram
job_movie_companies_note,movie_companies.note,benchmarks/job/../../data/job/movie_companies__note.csv,job-csv,utf8,TwoWay2,static,qgram,full-scan,not_contains_usa,%(USA)%,1,2609129,31450317,31450317,2609129,2609129,0,0,0,707630079,930075132,3190,100,24975916,24976016,2609129,1335804,487819,9.572549306684339,9.572510979717752,0.794141947758428,literal-shorter-than-qgram
job_movie_companies_note,movie_companies.note,benchmarks/job/../../data/job/movie_companies__note.csv,job-csv,utf8,TwoWay2,static,qgram,full-scan,not_contains_usa,%(USA)%,2,2609129,31450317,31450317,2609129,2609129,0,0,0,707630079,930075132,3190,110,24789326,24789436,2609129,1335804,487819,9.501038852429298,9.500996692766053,0.7882094161403842,literal-shorter-than-qgram
job_movie_companies_note,movie_companies.note,benchmarks/job/../../data/job/movie_companies__note.csv,job-csv,utf8,TwoWay2,static,qgram,full-scan,not_contains_usa,%(USA)%,3,2609129,31450317,31450317,2609129,2609129,0,0,0,707630079,930075132,3190,110,24007125,24007235,2609129,1335804,487819,9.201244936528626,9.201202776865383,0.7633384108656203,literal-shorter-than-qgram
job_movie_companies_note,movie_companies.note,benchmarks/job/../../data/job/movie_companies__note.csv,job-csv,utf8,TwoWay2,static,qgram,full-scan,not_contains_usa,%(USA)%,4,2609129,31450317,31450317,2609129,2609129,0,0,0,707630079,930075132,3190,110,23581180,23581290,2609129,1335804,487819,9.037993138706442,9.037950979043197,0.749794986168184,literal-shorter-than-qgram
job_movie_companies_note,movie_companies.note,benchmarks/job/../../data/job/movie_companies__note.csv,job-csv,utf8,TwoWay2,static,trigram,trigram,not_contains_usa,%(USA)%,0,2609129,31450317,31450317,2609129,2609129,0,0,0,707630079,1060889407,3190,857179,6445223,7302402,487819,487819,487819,2.7987891744716342,13.21232465320129,0.23218850226533488,
job_movie_companies_note,movie_companies.note,benchmarks/job/../../data/job/movie_companies__note.csv,job-csv,utf8,TwoWay2,static,trigram,trigram,not_contains_usa,%(USA)%,1,2609129,31450317,31450317,2609129,2609129,0,0,0,707630079,1060889407,3190,899083,6409098,7308181,487819,487819,487819,2.801004089870604,13.138270547067663,0.2323722524005084,
job_movie_companies_note,movie_companies.note,benchmarks/job/../../data/job/movie_companies__note.csv,job-csv,utf8,TwoWay2,static,trigram,trigram,not_contains_usa,%(USA)%,2,2609129,31450317,31450317,2609129,2609129,0,0,0,707630079,1060889407,3190,903211,6441635,7344846,487819,487819,487819,2.8150566721691415,13.204969466133955,0.23353805940970324,
job_movie_companies_note,movie_companies.note,benchmarks/job/../../data/job/movie_companies__note.csv,job-csv,utf8,TwoWay2,static,trigram,trigram,not_contains_usa,%(USA)%,3,2609129,31450317,31450317,2609129,2609129,0,0,0,707630079,1060889407,3190,914230,6727190,7641420,487819,487819,487819,2.928724490050128,13.790340269649194,0.2429679802591497,
job_movie_companies_note,movie_companies.note,benchmarks/job/../../data/job/movie_companies__note.csv,job-csv,utf8,TwoWay2,static,trigram,trigram,not_contains_usa,%(USA)%,4,2609129,31450317,31450317,2609129,2609129,0,0,0,707630079,1060889407,3190,879265,6478929,7358194,487819,487819,487819,2.820172555668961,13.281419952892364,0.23396247484564306,
job_movie_companies_note,movie_companies.note,benchmarks/job/../../data/job/movie_companies__note.csv,job-csv,utf8,TwoWay2,static,fm,fm,not_contains_mgm_as,%(as Metro-Goldwyn-Mayer Pictures)%,0,2609129,31450317,31450317,2609129,2609129,0,0,0,707630079,69127940303,2719,1630,1339,2969,52,52,52,0.0011379276379205475,25.75,0.00009440286404744347,
job_movie_companies_note,movie_companies.note,benchmarks/job/../../data/job/movie_companies__note.csv,job-csv,utf8,TwoWay2,static,fm,fm,not_contains_mgm_as,%(as Metro-Goldwyn-Mayer Pictures)%,1,2609129,31450317,31450317,2609129,2609129,0,0,0,707630079,69127940303,2719,950,1230,2180,52,52,52,0.0008355278715617357,23.653846153846153,0.00006931567653197264,
job_movie_companies_note,movie_companies.note,benchmarks/job/../../data/job/movie_companies__note.csv,job-csv,utf8,TwoWay2,static,fm,fm,not_contains_mgm_as,%(as Metro-Goldwyn-Mayer Pictures)%,2,2609129,31450317,31450317,2609129,2609129,0,0,0,707630079,69127940303,2719,840,1219,2059,52,52,52,0.0007891522419934009,23.442307692307693,0.0000654683385226292,
job_movie_companies_note,movie_companies.note,benchmarks/job/../../data/job/movie_companies__note.csv,job-csv,utf8,TwoWay2,static,fm,fm,not_contains_mgm_as,%(as Metro-Goldwyn-Mayer Pictures)%,3,2609129,31450317,31450317,2609129,2609129,0,0,0,707630079,69127940303,2719,830,1220,2050,52,52,52,0.0007857028150007148,23.46153846153846,0.00006518217288557059,
job_movie_companies_note,movie_companies.note,benchmarks/job/../../data/job/movie_companies__note.csv,job-csv,utf8,TwoWay2,static,fm,fm,not_contains_mgm_as,%(as Metro-Goldwyn-Mayer Pictures)%,4,2609129,31450317,31450317,2609129,2609129,0,0,0,707630079,69127940303,2719,900,1210,2110,52,52,52,0.0008086989949519552,23.26923076923077,0.00006708994379929461,
job_movie_companies_note,movie_companies.note,benchmarks/job/../../data/job/movie_companies__note.csv,job-csv,utf8,TwoWay2,static,full-scan,full-scan,not_contains_mgm_as,%(as Metro-Goldwyn-Mayer Pictures)%,0,2609129,31450317,31450317,2609129,2609129,0,0,0,707630079,0,2719,540,6007890,6008430,2609129,146608,52,2.3028489584071927,2.3026419927876316,0.19104513318577998,
job_movie_companies_note,movie_companies.note,benchmarks/job/../../data/job/movie_companies__note.csv,job-csv,utf8,TwoWay2,static,full-scan,full-scan,not_contains_mgm_as,%(as Metro-Goldwyn-Mayer Pictures)%,1,2609129,31450317,31450317,2609129,2609129,0,0,0,707630079,0,2719,100,5752059,5752159,2609129,146608,52,2.20462805786912,2.204589730902535,0.18289669385526383,
job_movie_companies_note,movie_companies.note,benchmarks/job/../../data/job/movie_companies__note.csv,job-csv,utf8,TwoWay2,static,full-scan,full-scan,not_contains_mgm_as,%(as Metro-Goldwyn-Mayer Pictures)%,2,2609129,31450317,31450317,2609129,2609129,0,0,0,707630079,0,2719,90,5608712,5608802,2609129,146608,52,2.149683668381287,2.1496491741113606,0.17833848860728493,
job_movie_companies_note,movie_companies.note,benchmarks/job/../../data/job/movie_companies__note.csv,job-csv,utf8,TwoWay2,static,full-scan,full-scan,not_contains_mgm_as,%(as Metro-Goldwyn-Mayer Pictures)%,3,2609129,31450317,31450317,2609129,2609129,0,0,0,707630079,0,2719,100,5578156,5578256,2609129,146608,52,2.137976313168111,2.1379379862015253,0.17736724243510804,
job_movie_companies_note,movie_companies.note,benchmarks/job/../../data/job/movie_companies__note.csv,job-csv,utf8,TwoWay2,static,full-scan,full-scan,not_contains_mgm_as,%(as Metro-Goldwyn-Mayer Pictures)%,4,2609129,31450317,31450317,2609129,2609129,0,0,0,707630079,0,2719,100,5605622,5605722,2609129,146608,52,2.148503197810457,2.148464870843872,0.1782405563670471,
job_movie_companies_note,movie_companies.note,benchmarks/job/../../data/job/movie_companies__note.csv,job-csv,utf8,TwoWay2,static,prefix-btree,full-scan,not_contains_mgm_as,%(as Metro-Goldwyn-Mayer Pictures)%,0,2609129,31450317,31450317,2609129,2609129,0,0,0,707630079,243783678,2719,750,5577886,5578636,2609129,146608,52,2.1381219556411355,2.137834503391745,0.1773793249842283,no-indexable-prefix
job_movie_companies_note,movie_companies.note,benchmarks/job/../../data/job/movie_companies__note.csv,job-csv,utf8,TwoWay2,static,prefix-btree,full-scan,not_contains_mgm_as,%(as Metro-Goldwyn-Mayer Pictures)%,1,2609129,31450317,31450317,2609129,2609129,0,0,0,707630079,243783678,2719,220,5892648,5892868,2609129,146608,52,2.2585575492817718,2.258473229955284,0.18737070281358373,no-indexable-prefix
job_movie_companies_note,movie_companies.note,benchmarks/job/../../data/job/movie_companies__note.csv,job-csv,utf8,TwoWay2,static,prefix-btree,full-scan,not_contains_mgm_as,%(as Metro-Goldwyn-Mayer Pictures)%,2,2609129,31450317,31450317,2609129,2609129,0,0,0,707630079,243783678,2719,400,5802941,5803341,2609129,146608,52,2.22424456590686,2.2240912580405183,0.1845240860370342,no-indexable-prefix
job_movie_companies_note,movie_companies.note,benchmarks/job/../../data/job/movie_companies__note.csv,job-csv,utf8,TwoWay2,static,prefix-btree,full-scan,not_contains_mgm_as,%(as Metro-Goldwyn-Mayer Pictures)%,3,2609129,31450317,31450317,2609129,2609129,0,0,0,707630079,243783678,2719,310,5876771,5877081,2609129,146608,52,2.2525068710669345,2.2523880574705197,0.18686873649000105,no-indexable-prefix
job_movie_companies_note,movie_companies.note,benchmarks/job/../../data/job/movie_companies__note.csv,job-csv,utf8,TwoWay2,static,prefix-btree,full-scan,not_contains_mgm_as,%(as Metro-Goldwyn-Mayer Pictures)%,4,2609129,31450317,31450317,2609129,2609129,0,0,0,707630079,243783678,2719,340,5498578,5498918,2609129,146608,52,2.1075684644185855,2.1074381527321955,0.17484459695589077,no-indexable-prefix
job_movie_companies_note,movie_companies.note,benchmarks/job/../../data/job/movie_companies__note.csv,job-csv,utf8,TwoWay2,static,qgram,qgram,not_contains_mgm_as,%(as Metro-Goldwyn-Mayer Pictures)%,0,2609129,31450317,31450317,2609129,2609129,0,0,0,707630079,930075132,2719,3029,1340,4369,52,52,52,0.0016745051701161574,25.76923076923077,0.00013891751870100387,
job_movie_companies_note,movie_companies.note,benchmarks/job/../../data/job/movie_companies__note.csv,job-csv,utf8,TwoWay2,static,qgram,qgram,not_contains_mgm_as,%(as Metro-Goldwyn-Mayer Pictures)%,1,2609129,31450317,31450317,2609129,2609129,0,0,0,707630079,930075132,2719,1790,1250,3040,52,52,52,0.0011651397841961819,24.03846153846154,0.00009666039296201689,
job_movie_companies_note,movie_companies.note,benchmarks/job/../../data/job/movie_companies__note.csv,job-csv,utf8,TwoWay2,static,qgram,qgram,not_contains_mgm_as,%(as Metro-Goldwyn-Mayer Pictures)%,2,2609129,31450317,31450317,2609129,2609129,0,0,0,707630079,930075132,2719,1559,1250,2809,52,52,52,0.0010766044913839063,24.03846153846154,0.00008931547494417941,
job_movie_companies_note,movie_companies.note,benchmarks/job/../../data/job/movie_companies__note.csv,job-csv,utf8,TwoWay2,static,qgram,qgram,not_contains_mgm_as,%(as Metro-Goldwyn-Mayer Pictures)%,3,2609129,31450317,31450317,2609129,2609129,0,0,0,707630079,930075132,2719,1510,1230,2740,52,52,52,0.0010501588844399798,23.653846153846153,0.0000871215383933968,
job_movie_companies_note,movie_companies.note,benchmarks/job/../../data/job/movie_companies__note.csv,job-csv,utf8,TwoWay2,static,qgram,qgram,not_contains_mgm_as,%(as Metro-Goldwyn-Mayer Pictures)%,4,2609129,31450317,31450317,2609129,2609129,0,0,0,707630079,930075132,2719,1499,1240,2739,52,52,52,0.0010497756147741257,23.846153846153847,0.0000870897422115014,
job_movie_companies_note,movie_companies.note,benchmarks/job/../../data/job/movie_companies__note.csv,job-csv,utf8,TwoWay2,static,trigram,trigram,not_contains_mgm_as,%(as Metro-Goldwyn-Mayer Pictures)%,0,2609129,31450317,31450317,2609129,2609129,0,0,0,707630079,1060889407,2719,187031,4250,191281,52,52,52,0.07331220495422036,81.73076923076923,0.006082005469134063,
job_movie_companies_note,movie_companies.note,benchmarks/job/../../data/job/movie_companies__note.csv,job-csv,utf8,TwoWay2,static,trigram,trigram,not_contains_mgm_as,%(as Metro-Goldwyn-Mayer Pictures)%,1,2609129,31450317,31450317,2609129,2609129,0,0,0,707630079,1060889407,2719,197339,4640,201979,52,52,52,0.07741242383952653,89.23076923076923,0.006422161023051055,
job_movie_companies_note,movie_companies.note,benchmarks/job/../../data/job/movie_companies__note.csv,job-csv,utf8,TwoWay2,static,trigram,trigram,not_contains_mgm_as,%(as Metro-Goldwyn-Mayer Pictures)%,2,2609129,31450317,31450317,2609129,2609129,0,0,0,707630079,1060889407,2719,182472,3479,185951,52,52,52,0.0712693776352185,66.90384615384616,0.005912531819631579,
job_movie_companies_note,movie_companies.note,benchmarks/job/../../data/job/movie_companies__note.csv,job-csv,utf8,TwoWay2,static,trigram,trigram,not_contains_mgm_as,%(as Metro-Goldwyn-Mayer Pictures)%,3,2609129,31450317,31450317,2609129,2609129,0,0,0,707630079,1060889407,2719,180402,3300,183702,52,52,52,0.07040740415671283,63.46153846153846,0.0058410222065488245,
job_movie_companies_note,movie_companies.note,benchmarks/job/../../data/job/movie_companies__note.csv,job-csv,utf8,TwoWay2,static,trigram,trigram,not_contains_mgm_as,%(as Metro-Goldwyn-Mayer Pictures)%,4,2609129,31450317,31450317,2609129,2609129,0,0,0,707630079,1060889407,2719,182492,3119,185611,52,52,52,0.07113906594882813,59.98076923076923,0.005901721117787143,
