dataset,column,storage,algorithm,generic_matcher,requested_index,actual_index,pattern_name,pattern,runs,row_count,rows_matched,sum_query_total_ns,min_query_total_ns,median_query_total_ns,mean_query_total_ns,geomean_query_total_ns,p90_query_total_ns,max_query_total_ns,median_execute_ns,median_candidate_prepare_ns,median_ns_per_table_row,geomean_ns_per_table_row,median_ns_per_candidate_row
job_movie_companies_note,movie_companies.note,utf8,PairHorspool,static,fm,fm,not_contains_mgm_as,%(as Metro-Goldwyn-Mayer Pictures)%,5,2609129,52,8305,1437,1497.0,1661.0,1633.6336734432928,2296,2296,618.0,879.0,0.0005737546897834488,0.0006258793643395937,11.884615384615385
job_movie_companies_note,movie_companies.note,utf8,TwoWay2,static,fm,fm,not_contains_mgm_as,%(as Metro-Goldwyn-Mayer Pictures)%,5,2609129,52,11368,2050,2110.0,2273.6,2249.841227685399,2969,2969,1220.0,900.0,0.0008086989949519552,0.0008619734785056622,23.46153846153846
job_movie_companies_note,movie_companies.note,utf8,NaiveAutoWildcard,static,fm,fm,not_contains_mgm_as,%(as Metro-Goldwyn-Mayer Pictures)%,5,2609129,52,11634,2085,2145.0,2326.8,2305.0323567769656,2973,2973,1307.0,838.0,0.0008221134332568455,0.0008834365797934867,25.134615384615383
job_movie_companies_note,movie_companies.note,utf8,PairHorspool,static,qgram,qgram,not_contains_mgm_as,%(as Metro-Goldwyn-Mayer Pictures)%,5,2609129,52,12743,2125,2175.0,2548.6,2478.3277836750995,3842,3842,658.0,1537.0,0.0008336115232324657,0.0009497422319862299,12.653846153846153
job_movie_companies_note,movie_companies.note,utf8,LibcMemmem,static,fm,fm,not_contains_mgm_as,%(as Metro-Goldwyn-Mayer Pictures)%,5,2609129,52,14235,2595,2655.0,2847.0,2829.1367064108067,3486,3486,1824.0,831.0,0.001017580962842389,0.0010842698847009864,35.07692307692308
job_movie_companies_note,movie_companies.note,utf8,TwoWay2,static,qgram,qgram,not_contains_mgm_as,%(as Metro-Goldwyn-Mayer Pictures)%,5,2609129,52,15697,2739,2809.0,3139.4,3086.2421089652257,4369,4369,1250.0,1559.0,0.0010766044913839063,0.0011827701888254662,24.03846153846154
job_movie_companies_note,movie_companies.note,utf8,NaiveAutoWildcard,static,qgram,qgram,not_contains_mgm_as,%(as Metro-Goldwyn-Mayer Pictures)%,5,2609129,52,16985,2924,3263.0,3397.0,3350.7397662583785,4551,4551,1367.0,1666.0,0.0012506089196816256,0.001283953380610924,26.28846153846154
job_movie_companies_note,movie_companies.note,utf8,LibcMemmem,static,qgram,qgram,not_contains_mgm_as,%(as Metro-Goldwyn-Mayer Pictures)%,5,2609129,52,19204,3356,3526.0,3840.8,3783.644042230311,5249,5249,1823.0,1703.0,0.0013514088418012295,0.0014499091459257093,35.05769230769231
job_movie_companies_note,movie_companies.note,utf8,StdSearch,static,fm,fm,not_contains_mgm_as,%(as Metro-Goldwyn-Mayer Pictures)%,5,2609129,52,25231,4860,4881.0,5046.2,5037.005895725921,5670,5670,3991.0,890.0,0.0018707392390334093,0.0019305293069066343,76.75
job_movie_companies_note,movie_companies.note,utf8,StdSearch,static,qgram,qgram,not_contains_mgm_as,%(as Metro-Goldwyn-Mayer Pictures)%,5,2609129,52,29621,5550,5590.0,5924.2,5898.426281709898,7050,7050,4010.0,1580.0,0.0021424774321239003,0.0022605244892069344,77.11538461538461
job_movie_companies_note,movie_companies.note,utf8,StdSearch,static,trigram,trigram,not_contains_mgm_as,%(as Metro-Goldwyn-Mayer Pictures)%,5,2609129,52,926207,182628,183927.0,185241.4,185221.34247192467,190037,190037,4580.0,179347.0,0.07049363983152998,0.07098959077914507,88.07692307692308
job_movie_companies_note,movie_companies.note,utf8,TwoWay2,static,trigram,trigram,not_contains_mgm_as,%(as Metro-Goldwyn-Mayer Pictures)%,5,2609129,52,948524,183702,185951.0,189704.8,189591.487038592,201979,201979,3479.0,182492.0,0.0712693776352185,0.07266447921892709,66.90384615384616
job_movie_companies_note,movie_companies.note,utf8,LibcMemmem,static,trigram,trigram,not_contains_mgm_as,%(as Metro-Goldwyn-Mayer Pictures)%,5,2609129,52,949933,187525,188866.0,189986.6,189966.86902836154,195108,195108,3586.0,185200.0,0.07238660871118292,0.07280820534362234,68.96153846153847
job_movie_companies_note,movie_companies.note,utf8,PairHorspool,static,trigram,trigram,not_contains_mgm_as,%(as Metro-Goldwyn-Mayer Pictures)%,5,2609129,52,956338,183975,192028.0,191267.6,191185.2392614374,198884,198884,1906.0,189902.0,0.0735985073946133,0.07327541106629837,36.65384615384615
job_movie_companies_note,movie_companies.note,utf8,NaiveAutoWildcard,static,trigram,trigram,not_contains_mgm_as,%(as Metro-Goldwyn-Mayer Pictures)%,5,2609129,52,983827,189249,192842.0,196765.4,196554.313454746,214896,214896,3254.0,189588.0,0.07391048890261846,0.07533318590226853,62.57692307692308
job_movie_companies_note,movie_companies.note,utf8,PairHorspool,static,qgram,qgram,contains_co_production,%(co-production)%,5,2609129,17816,1007824,191169,197926.0,201564.8,201234.4558042509,223937,223937,189830.0,4821.0,0.07585903188382023,0.07712688793846528,10.655029187247418
job_movie_companies_note,movie_companies.note,utf8,TwoWay2,static,fm,fm,contains_1994,%(1994)%,5,2609129,8468,1173607,223389,237159.0,234721.4,234550.87950320213,245110,245110,151246.0,80693.0,0.0908958506842705,0.08989590012605739,17.86088804912612
job_movie_companies_note,movie_companies.note,utf8,PairHorspool,static,trigram,trigram,contains_blu_ray,%(Blu-ray)%,5,2609129,7963,1246343,236274,243012.0,249268.6,249001.61932707325,266401,266401,173564.0,71474.0,0.093139128038514,0.09543453006731366,21.79630792414919
job_movie_companies_note,movie_companies.note,utf8,NaiveAutoWildcard,static,fm,fm,contains_1994,%(1994)%,5,2609129,8468,1696815,220493,244887.0,339363.0,314443.9277639452,545763,545763,146411.0,98476.0,0.09385775866199027,0.1205164635401316,17.28991497401984
job_movie_companies_note,movie_companies.note,utf8,PairHorspool,static,fm,fm,contains_presents,%(presents)%,5,2609129,11131,1310406,241316,245448.0,262081.2,260427.30710987918,322975,322975,144434.0,101014.0,0.09407277294453437,0.09981376926936154,12.975833258467343
job_movie_companies_note,movie_companies.note,utf8,PairHorspool,static,fm,fm,contains_blu_ray,%(Blu-ray)%,5,2609129,7963,1287107,239838,246063.0,257421.4,256747.78161866634,286920,286920,168923.0,74487.0,0.09430848378903457,0.0984033368990188,21.21348737912847
job_movie_companies_note,movie_companies.note,utf8,TwoWay2,static,qgram,qgram,contains_co_production,%(co-production)%,5,2609129,17816,1516128,268007,268864.0,303225.6,297350.4376574383,433774,433774,264643.0,4291.0,0.10304741544017179,0.11396523514168905,14.854232150875617
job_movie_companies_note,movie_companies.note,utf8,NaiveAutoWildcard,static,fm,fm,contains_presents,%(presents)%,5,2609129,11131,1558408,297727,300133.0,311681.6,311055.4966744919,351258,351258,199040.0,103059.0,0.11503187462176075,0.11921794591221821,17.88159195040877
job_movie_companies_note,movie_companies.note,utf8,TwoWay2,static,trigram,trigram,contains_blu_ray,%(Blu-ray)%,5,2609129,7963,1538576,298348,301093.0,307715.2,307429.9386207887,334335,334335,229907.0,69989.0,0.1153998135009806,0.11782821010383158,28.871907572522918
job_movie_companies_note,movie_companies.note,utf8,TwoWay2,static,fm,fm,contains_presents,%(presents)%,5,2609129,11131,1558651,292197,301228.0,311730.2,310533.34938639577,368050,368050,197991.0,98666.0,0.11545155490587089,0.11901787914664243,17.787350642350194
job_movie_companies_note,movie_companies.note,utf8,TwoWay2,static,fm,fm,contains_blu_ray,%(Blu-ray)%,5,2609129,7963,1569064,306970,310484.0,313812.8,313736.20903552347,325852,325852,234367.0,76895.0,0.11899909893301558,0.1202454918863728,29.43199799070702
job_movie_companies_note,movie_companies.note,utf8,PairHorspool,static,trigram,trigram,contains_presents,%(presents)%,5,2609129,11131,1983886,320016,324508.0,396777.2,378858.7111706235,668049,668049,146220.0,178288.0,0.12437407272695218,0.14520477906611748,13.133926165454055
job_movie_companies_note,movie_companies.note,utf8,NaiveAutoWildcard,static,trigram,trigram,contains_blu_ray,%(Blu-ray)%,5,2609129,7963,1670606,327066,329133.0,334121.2,334038.8229878771,346107,346107,259615.0,69168.0,0.12614669493152697,0.12802663264254086,32.60266231319854
job_movie_companies_note,movie_companies.note,utf8,LibcMemmem,static,fm,fm,contains_1994,%(1994)%,5,2609129,8468,1758943,335703,343192.0,351788.6,351215.8247611844,391266,391266,254995.0,85163.0,0.13153508316376844,0.13461005569291515,30.11277751535191
job_movie_companies_note,movie_companies.note,utf8,NaiveAutoWildcard,static,fm,fm,contains_blu_ray,%(Blu-ray)%,5,2609129,7963,1768791,343332,353606.0,353758.2,353654.53709736426,365159,365159,270489.0,77715.0,0.13552645346397207,0.13554485040793307,33.96822805475323
job_movie_companies_note,movie_companies.note,utf8,LibcMemmem,static,trigram,trigram,contains_blu_ray,%(Blu-ray)%,5,2609129,7963,1826381,358940,363417.0,365276.2,365220.8188896287,375423,375423,291822.0,69819.0,0.13928671215566574,0.1399777473632005,36.64724350119302
job_movie_companies_note,movie_companies.note,utf8,PairHorspool,static,fm,fm,contains_co_production,%(co-production)%,5,2609129,17816,2046748,359906,372274.0,409349.6,402830.0101362938,566905,566905,196967.0,168969.0,0.1426813315861347,0.15439251949596972,11.055624158060171
job_movie_companies_note,movie_companies.note,utf8,TwoWay2,static,trigram,trigram,contains_presents,%(presents)%,5,2609129,11131,2314340,371704,383809.0,462868.0,444930.61744344456,749915,749915,207856.0,180234.0,0.14710234718176066,0.17052817242842344,18.67025958861044
job_movie_companies_note,movie_companies.note,utf8,LibcMemmem,static,fm,fm,contains_blu_ray,%(Blu-ray)%,5,2609129,7963,2096812,378606,390512.0,419362.4,415171.6013478169,545377,545377,305765.0,88902.0,0.14967140375198007,0.15912245044227402,38.398216752480224
job_movie_companies_note,movie_companies.note,utf8,PairHorspool,static,fm,fm,contains_1994,%(1994)%,5,2609129,8468,2060360,343140,399824.0,412072.0,409205.76694327017,493081,493081,284842.0,121619.0,0.15324041088041257,0.15683586361578902,33.63745866792631
job_movie_companies_note,movie_companies.note,utf8,LibcMemmem,static,fm,fm,contains_presents,%(presents)%,5,2609129,11131,2215278,396726,407894.0,443055.6,438084.949364621,583851,583851,303239.0,105237.0,0.1563333970838544,0.1679043082959869,27.24274548558081
job_movie_companies_note,movie_companies.note,utf8,StdSearch,static,trigram,trigram,contains_blu_ray,%(Blu-ray)%,5,2609129,7963,2067113,399522,408990.0,413422.6,413163.96648410533,442177,442177,338627.0,70044.0,0.1567534606376304,0.15835284495323917,42.525053371844784
job_movie_companies_note,movie_companies.note,utf8,StdSearch,static,fm,fm,contains_blu_ray,%(Blu-ray)%,5,2609129,7963,2109488,400609,413949.0,421897.6,421566.91940742836,448523,448523,339225.0,74495.0,0.15865409491060042,0.16157345995541042,42.6001506969735
job_movie_companies_note,movie_companies.note,utf8,NaiveAutoWildcard,static,qgram,qgram,contains_co_production,%(co-production)%,5,2609129,17816,3011702,322292,416856.0,602340.4,541305.5213498203,1100420,1100420,410288.0,7416.0,0.15976825982923804,0.2074657864751034,23.02918724741805
job_movie_companies_note,movie_companies.note,utf8,TwoWay2,static,fm,fm,contains_co_production,%(co-production)%,5,2609129,17816,2362480,444761,456447.0,472496.0,470732.4490351159,556940,556940,276948.0,178681.0,0.17494228917006402,0.18041729634678852,15.544903457566233
job_movie_companies_note,movie_companies.note,utf8,LibcMemmem,static,qgram,qgram,contains_co_production,%(co-production)%,5,2609129,17816,2470723,464426,470553.0,494144.6,492182.0800855758,585404,585404,466112.0,5263.0,0.18034869107660065,0.18863843067935698,26.16255051638976
job_movie_companies_note,movie_companies.note,utf8,StdSearch,static,fm,fm,contains_presents,%(presents)%,5,2609129,11131,2397908,462068,471773.0,479581.6,479084.2971010302,522914,522914,365808.0,101505.0,0.18081628006894254,0.1836183645960012,32.863893630401584
job_movie_companies_note,movie_companies.note,utf8,NaiveAutoWildcard,static,fm,fm,contains_co_production,%(co-production)%,5,2609129,17816,2883027,472538,478758.0,576605.4,554495.1507520134,935024,935024,301077.0,177681.0,0.1834934186849328,0.21252111336771773,16.899247867085766
job_movie_companies_note,movie_companies.note,utf8,LibcMemmem,static,trigram,trigram,contains_presents,%(presents)%,5,2609129,11131,2413129,473000,481531.0,482625.8,482574.05675196013,492488,492488,307159.0,175495.0,0.18455622546834596,0.1849559757298317,27.58995778316716
job_movie_companies_note,movie_companies.note,utf8,StdSearch,static,trigram,trigram,contains_presents,%(presents)%,5,2609129,11131,3022823,572251,574881.0,604564.6,602831.2296702878,695539,695539,387035.0,187846.0,0.22033444877581754,0.23104683593643702,34.764663612683016
job_movie_companies_note,movie_companies.note,utf8,PairHorspool,static,trigram,trigram,contains_1994,%(1994)%,5,2609129,8468,3086594,557953,579068.0,617318.8,613183.633504545,763259,763259,124091.0,451524.0,0.22193919886674826,0.2350144435173577,14.439259948801489
job_movie_companies_note,movie_companies.note,utf8,StdSearch,static,fm,fm,contains_1994,%(1994)%,5,2609129,8468,2888443,309296,593052.0,577688.6,541997.1500126489,841399,841399,470416.0,122636.0,0.2272988418740507,0.20773100908387435,55.55219650448748
job_movie_companies_note,movie_companies.note,utf8,TwoWay2,static,trigram,trigram,contains_1994,%(1994)%,5,2609129,8468,3027868,583016,596549.0,605573.6,605262.7894423681,637928,637928,151991.0,445546.0,0.22863913589554216,0.23197856449412813,17.685710961135676
job_movie_companies_note,movie_companies.note,utf8,NaiveAutoWildcard,static,trigram,trigram,contains_presents,%(presents)%,5,2609129,11131,3085576,458939,637418.0,617115.2,609600.501267707,732880,732880,455945.0,181473.0,0.24430298386932958,0.2336411883046028,40.95436989131411
job_movie_companies_note,movie_companies.note,utf8,LibcMemmem,static,fm,fm,contains_co_production,%(co-production)%,5,2609129,17816,3394644,637737,652017.0,678928.8,676343.8046500107,801518,801518,473755.0,178161.0,0.24989833772113224,0.2592217556126968,26.591546924113157
job_movie_companies_note,movie_companies.note,utf8,StdSearch,static,trigram,trigram,contains_1994,%(1994)%,5,2609129,8468,3348629,659387,668858.0,669725.8,669688.456410432,681611,681611,227663.0,441195.0,0.25635298216377955,0.2566710959864384,26.490923900395625
job_movie_companies_note,movie_companies.note,utf8,StdSearch,static,qgram,qgram,contains_co_production,%(co-production)%,5,2609129,17816,3360478,662237,672012.0,672095.6,672056.9647422867,684320,684320,666806.0,4172.0,0.2575618146898831,0.2575786785551807,37.427368657386616
job_movie_companies_note,movie_companies.note,utf8,LibcMemmem,static,trigram,trigram,contains_1994,%(1994)%,5,2609129,8468,3599408,705174,721310.0,719881.6,719822.6660910939,733026,733026,264960.0,450975.0,0.27645624267715396,0.2758859374143632,30.83081219455434
job_movie_companies_note,movie_companies.note,utf8,PairHorspool,static,trigram,trigram,contains_france,%(France)%,5,2609129,39148,3840878,716447,731251.0,768175.6,765833.6415026335,876544,876544,533340.0,201185.0,0.2802663264254086,0.2935205580099719,13.623684479411464
job_movie_companies_note,movie_companies.note,utf8,NaiveAutoWildcard,static,trigram,trigram,contains_1994,%(1994)%,5,2609129,8468,4078843,608685,907368.0,815768.6,799558.2421311318,987020,987020,462225.0,445143.0,0.3477666301666188,0.3064463274908983,53.784617174773096
job_movie_companies_note,movie_companies.note,utf8,TwoWay2,static,trigram,trigram,contains_japan,%(Japan)%,5,2609129,48897,5079229,850323,956387.0,1015845.8,1002956.455138963,1311233,1311233,781065.0,179174.0,0.3665541259171164,0.38440261098627165,15.973679366832322
job_movie_companies_note,movie_companies.note,utf8,StdSearch,static,fm,fm,contains_co_production,%(co-production)%,5,2609129,17816,4986784,847074,965711.0,997356.8,984919.7285965626,1315508,1315508,739256.0,175402.0,0.37012773228153917,0.37748957602326294,41.49393803322856
job_movie_companies_note,movie_companies.note,utf8,PairHorspool,static,trigram,trigram,contains_co_production,%(co-production)%,5,2609129,17816,5027257,988729,999019.0,1005451.4,1005296.2320760504,1039964,1039964,196797.0,801243.0,0.38289367831180443,0.38529946200437004,11.044222459172794
job_movie_companies_note,movie_companies.note,utf8,NaiveAutoWildcard,static,trigram,trigram,contains_france,%(France)%,5,2609129,39148,5655442,940073,1046331.0,1131088.4,1115992.0472672787,1372265,1372265,844137.0,204240.0,0.40102693274268925,0.4277258809357452,21.562710738735056
job_movie_companies_note,movie_companies.note,utf8,PairHorspool,static,trigram,trigram,contains_japan,%(Japan)%,5,2609129,48897,5647680,880707,1079586.0,1129536.0,1106675.8572171184,1523353,1523353,884120.0,184684.0,0.4137725654806642,0.42415495745898346,18.08127287972677
job_movie_companies_note,movie_companies.note,utf8,TwoWay2,static,trigram,trigram,contains_co_production,%(co-production)%,5,2609129,17816,5404619,1074720,1082674.0,1080923.8,1080917.908027705,1084839,1084839,285870.0,797134.0,0.4149561022088214,0.41428269740591595,16.042987821987765
job_movie_companies_note,movie_companies.note,utf8,NaiveAutoWildcard,static,trigram,trigram,contains_co_production,%(co-production)%,5,2609129,17816,5554736,1086604,1096586.0,1110947.2,1110728.5593015738,1138179,1138179,297518.0,806254.0,0.42028814980018236,0.4257083494146897,16.69667209158763
job_movie_companies_note,movie_companies.note,utf8,TwoWay2,static,trigram,trigram,contains_france,%(France)%,5,2609129,39148,7109312,969285,1247694.0,1421862.4,1368821.7738490659,2032770,2032770,1042128.0,208210.0,0.4782032624680497,0.524627567283948,26.620210483294166
job_movie_companies_note,movie_companies.note,utf8,NaiveAutoWildcard,static,fm,fm,contains_france,%(France)%,5,2609129,39148,7791515,1195559,1285894.0,1558303.0,1508001.8075601812,2326453,2326453,815691.0,509774.0,0.49284416370367273,0.5779710393775087,20.83608358025953
job_movie_companies_note,movie_companies.note,utf8,LibcMemmem,static,trigram,trigram,contains_co_production,%(co-production)%,5,2609129,17816,6488200,1279003,1292226.0,1297640.0,1297568.6405639998,1318042,1318042,477380.0,814846.0,0.4952710272278603,0.49731845378285244,26.7905045176497
job_movie_companies_note,movie_companies.note,utf8,PairHorspool,static,fm,fm,contains_japan,%(Japan)%,5,2609129,48897,8088265,1285293,1423070.0,1617653.0,1576968.8768221964,2289931,2289931,750077.0,672993.0,0.545419563386862,0.6044039984224621,15.33993905556578
job_movie_companies_note,movie_companies.note,utf8,LibcMemmem,static,trigram,trigram,contains_france,%(France)%,5,2609129,39148,7646635,1269333,1452849.0,1529327.0,1513333.478313367,1922289,1922289,1247524.0,205124.0,0.5568329507663285,0.5800146332358423,31.866864207622356
job_movie_companies_note,movie_companies.note,utf8,StdSearch,static,trigram,trigram,contains_co_production,%(co-production)%,5,2609129,17816,7477473,1467274,1479135.0,1495494.6,1495008.3314569849,1570329,1570329,672340.0,804501.0,0.5669075772029669,0.5729912166090676,37.73163477187272
job_movie_companies_note,movie_companies.note,utf8,PairHorspool,static,fm,fm,contains_france,%(France)%,5,2609129,39148,8009935,1342492,1514439.0,1601987.0,1589695.8976230747,1911639,1911639,981829.0,585678.0,0.5804385294862768,0.609281871459786,25.07992745478696
job_movie_companies_note,movie_companies.note,utf8,LibcMemmem,static,trigram,trigram,contains_japan,%(Japan)%,5,2609129,48897,7856441,1475823,1528788.0,1571288.2,1566082.6406662297,1832419,1832419,1343000.0,182226.0,0.585938065921616,0.6002317248399753,27.465897703335582
job_movie_companies_note,movie_companies.note,utf8,NaiveAutoWildcard,static,fm,fm,contains_japan,%(Japan)%,5,2609129,48897,8501079,1429732,1587787.0,1700215.8,1672696.1132563418,2347172,2347172,891541.0,667014.0,0.6085505929373366,0.6410936369953345,18.233040881853693
job_movie_companies_note,movie_companies.note,utf8,StdSearch,static,trigram,trigram,contains_japan,%(Japan)%,5,2609129,48897,8946997,1540561,1623347.0,1789399.4,1771889.2854431588,2209341,2209341,1447918.0,185304.0,0.622179662255105,0.679111304960391,29.61159171319304
job_movie_companies_note,movie_companies.note,utf8,TwoWay2,static,fm,fm,contains_france,%(France)%,5,2609129,39148,8392284,1282743,1630861.0,1678456.8,1653378.2625210017,2033958,2033958,1044025.0,586836.0,0.625059550524332,0.6336896335903668,26.66866762031266
job_movie_companies_note,movie_companies.note,utf8,LibcMemmem,static,fm,fm,contains_france,%(France)%,5,2609129,39148,9729806,1514243,1866217.0,1945961.2,1914663.9651214571,2425166,2425166,1305721.0,559240.0,0.7152643660010678,0.7338322482330311,33.35345356084602
job_movie_companies_note,movie_companies.note,utf8,StdSearch,static,trigram,trigram,contains_france,%(France)%,5,2609129,39148,10181026,1624815,1901801.0,2036205.2,1996837.4367777554,2627832,2627832,1700055.0,201746.0,0.7289026337908168,0.7653270497549182,43.426356391131094
job_movie_companies_note,movie_companies.note,utf8,PairHorspool,static,trigram,trigram,contains_vhs,%(VHS)%,5,2609129,75693,10414220,1760576,1982267.0,2082844.0,2062778.3737383552,2548644,2548644,1862837.0,119430.0,0.7597428107234253,0.7906002347909973,24.610426327401477
job_movie_companies_note,movie_companies.note,utf8,NaiveAutoWildcard,static,trigram,trigram,contains_japan,%(Japan)%,5,2609129,48897,9530685,1330212,2055142.0,1906137.0,1873990.5334967668,2290193,2290193,1876471.0,180988.0,0.7876735876225361,0.718243521113751,38.37599443728654
job_movie_companies_note,movie_companies.note,utf8,StdSearch,static,fm,fm,contains_japan,%(Japan)%,5,2609129,48897,11009318,1919236,2104152.0,2201863.6,2189840.4248052537,2516327,2516327,1394306.0,709846.0,0.806457633946041,0.8392992450737392,28.51516452952124
job_movie_companies_note,movie_companies.note,utf8,StdSearch,static,fm,fm,contains_france,%(France)%,5,2609129,39148,12690189,1980825,2184702.0,2538037.8,2475235.400217847,3522915,3522915,1604123.0,580579.0,0.8373300055305812,0.9486824913601436,40.97586083580259
job_movie_companies_note,movie_companies.note,utf8,PairHorspool,static,fm,fm,contains_2007,%(2007)%,5,2609129,62155,12266981,1878732,2353602.0,2453396.2,2394471.670512174,3270061,3270061,1401950.0,951652.0,0.9020642520933231,0.9177281000671105,22.555707505429975
job_movie_companies_note,movie_companies.note,utf8,PairHorspool,static,fm,fm,contains_2006,%(2006)%,5,2609129,57173,12397858,2239168,2361769.0,2479571.6,2465427.375149591,2975695,2975695,1474074.0,887695.0,0.9051944154543528,0.9449233824774474,25.78269462858342
job_movie_companies_note,movie_companies.note,utf8,LibcMemmem,static,fm,fm,contains_japan,%(Japan)%,5,2609129,48897,14879358,2610381,2852809.0,2975871.6,2962538.624305702,3337263,3337263,2058888.0,795908.0,1.0933951521753045,1.1354509493397988,42.106632308730596
job_movie_companies_note,movie_companies.note,utf8,NaiveAutoWildcard,static,fm,fm,contains_2006,%(2006)%,5,2609129,57173,15328753,2466083,3027265.0,3065750.6,3040562.2075868915,3539085,3539085,2078544.0,948721.0,1.1602588450015312,1.1653551817483918,36.35534255680129
job_movie_companies_note,movie_companies.note,utf8,NaiveAutoWildcard,static,fm,fm,contains_2007,%(2007)%,5,2609129,62155,15344904,2683674,3120132.0,3068980.8,3060238.0757093485,3345279,3345279,2103008.0,1013773.0,1.1958519490603952,1.1728963956937353,33.83489662939426
job_movie_companies_note,movie_companies.note,utf8,TwoWay2,static,trigram,trigram,contains_vhs,%(VHS)%,5,2609129,75693,16231433,3005135,3265377.0,3246286.6,3242723.117572733,3466781,3466781,3143239.0,121848.0,1.2515199516773605,1.242837360667104,41.526151691702005
job_movie_companies_note,movie_companies.note,utf8,TwoWay2,static,fm,fm,contains_japan,%(Japan)%,5,2609129,48897,16076886,2358433,3345463.0,3215377.2,3180606.0019014175,3634471,3634471,2241798.0,1146099.0,1.2822144861369444,1.2190297988332506,45.84735259831891
job_movie_companies_note,movie_companies.note,utf8,StdSearch,static,fm,fm,contains_2006,%(2006)%,5,2609129,57173,17286308,3021656,3436050.0,3457261.6,3435999.0260375473,4133896,4133896,2495986.0,940064.0,1.3169337353576616,1.3169141886047029,43.65672607699439
job_movie_companies_note,movie_companies.note,utf8,TwoWay2,static,fm,fm,contains_2007,%(2007)%,5,2609129,62155,16960900,2902133,3540124.0,3392180.0,3373866.029092209,3876294,3876294,2451850.0,1062386.0,1.3568221425617515,1.293100494456196,39.447349368514196
job_movie_companies_note,movie_companies.note,utf8,LibcMemmem,static,trigram,trigram,contains_vhs,%(VHS)%,5,2609129,75693,18193646,3439458,3564984.0,3638729.2,3632402.81299006,4059587,4059587,3448132.0,121806.0,1.3663502264548821,1.3921895007874274,45.554172776875006
job_movie_companies_note,movie_companies.note,utf8,NaiveAutoWildcard,static,trigram,trigram,contains_2006,%(2006)%,5,2609129,57173,18459731,3368383,3631421.0,3691946.2,3683150.3437812133,4016308,4016308,2337435.0,1284352.0,1.3918135132452247,1.4116396697901867,40.35278377211912
job_movie_companies_note,movie_companies.note,utf8,PairHorspool,static,trigram,trigram,contains_2006,%(2006)%,5,2609129,57173,18580751,3502573,3737545.0,3716150.2,3712578.0642613657,3976402,3976402,2430391.0,1307495.0,1.4324876232643153,1.4229185295169384,41.957548554164866
job_movie_companies_note,movie_companies.note,utf8,NaiveAutoWildcard,static,trigram,trigram,contains_vhs,%(VHS)%,5,2609129,75693,19015341,3573218,3744290.0,3803068.2,3798725.6372695183,4111762,4111762,3604963.0,135575.0,1.4350727771605007,1.4559360614212635,47.62610809453979
job_movie_companies_note,movie_companies.note,utf8,PairHorspool,static,fm,fm,contains_vhs,%(VHS)%,5,2609129,75693,19123145,3678203,3775783.0,3824629.0,3822187.8147403207,4042272,4042272,2513020.0,1262384.0,1.447143088747241,1.4649283343215302,33.20016381963986
job_movie_companies_note,movie_companies.note,utf8,TwoWay2,static,trigram,trigram,contains_2006,%(2006)%,5,2609129,57173,19583217,3818309,3832771.0,3916643.4,3914995.984996637,4095278,4095278,2540403.0,1314583.0,1.4689848604649292,1.500498825470109,43.856763055675444
job_movie_companies_note,movie_companies.note,utf8,TwoWay2,static,fm,fm,contains_2006,%(2006)%,5,2609129,57173,19346569,3783799,3856643.0,3869313.8,3868703.080975768,3993420,3993420,2767501.0,1063523.0,1.478134273928196,1.4827565060983954,48.405733475591624
job_movie_companies_note,movie_companies.note,utf8,StdSearch,static,trigram,trigram,contains_vhs,%(VHS)%,5,2609129,75693,19246213,3432591,3869365.0,3849242.6,3840358.288448657,4157045,4157045,3747769.0,123723.0,1.4830102306171906,1.4718927274197635,49.51275547276499
job_movie_companies_note,movie_companies.note,utf8,PairHorspool,static,trigram,trigram,contains_worldwide,%(worldwide)%,5,2609129,103199,19183071,3627986,3900993.0,3836614.2,3833916.1490569958,3998365,3998365,3126747.0,737376.0,1.4951322836088212,1.469423704232332,30.29822963400808
job_movie_companies_note,movie_companies.note,utf8,TwoWay2,static,trigram,trigram,contains_2007,%(2007)%,5,2609129,62155,20003475,3845015,4016060.0,4000695.0,3999420.3404988004,4141538,4141538,2678048.0,1324708.0,1.5392339742496441,1.5328563670098336,42.362112056692716
job_movie_companies_note,movie_companies.note,utf8,PairHorspool,static,trigram,trigram,contains_2007,%(2007)%,5,2609129,62155,19519488,3216413,4087142.0,3903897.6,3861870.24178252,4737751,4737751,2685793.0,1353646.0,1.5664775486378788,1.480137624471615,42.484624632225
job_movie_companies_note,movie_companies.note,utf8,NaiveAutoWildcard,static,trigram,trigram,contains_2007,%(2007)%,5,2609129,62155,20280152,3819371,4111828.0,4056030.4,4052583.9296452575,4226987,4226987,2697523.0,1384379.0,1.5759389436091509,1.5532321322556302,42.670173051978864
job_movie_companies_note,movie_companies.note,utf8,TwoWay2,static,trigram,trigram,contains_worldwide,%(worldwide)%,5,2609129,103199,20970113,4048908,4195868.0,4194022.6,4192206.3012136198,4362536,4362536,3464576.0,731292.0,1.6081489263275215,1.6067453928111641,33.571798176338916
job_movie_companies_note,movie_companies.note,utf8,LibcMemmem,static,fm,fm,contains_2006,%(2006)%,5,2609129,57173,21152143,3957151,4219916.0,4230428.6,4226660.693807712,4481536,4481536,3260975.0,958941.0,1.6173657952519787,1.619950565878498,57.03697549542616
job_movie_companies_note,movie_companies.note,utf8,NaiveAutoWildcard,static,trigram,trigram,contains_worldwide,%(worldwide)%,5,2609129,103199,22384949,4222465,4305992.0,4476989.8,4469147.73659447,4816849,4816849,3566524.0,744488.0,1.6503561150100283,1.7128884773424389,34.559675965852385
job_movie_companies_note,movie_companies.note,utf8,NaiveAutoWildcard,static,fm,fm,contains_vhs,%(VHS)%,5,2609129,75693,22423796,4256780,4527439.0,4484759.2,4480985.189577239,4705669,4705669,3278081.0,1249358.0,1.7352300327044006,1.7174256236468186,43.30758458510034
job_movie_companies_note,movie_companies.note,utf8,TwoWay2,static,fm,fm,contains_vhs,%(VHS)%,5,2609129,75693,23211387,4429486,4673597.0,4642277.4,4640510.320047385,4767236,4767236,3318334.0,1321302.0,1.7912479605262905,1.778566717092179,43.83937748536853
job_movie_companies_note,movie_companies.note,utf8,PairHorspool,static,fm,fm,contains_worldwide,%(worldwide)%,5,2609129,103199,24439226,4841890,4884348.0,4887845.2,4887728.774008028,4943484,4943484,3068568.0,1815780.0,1.8720224258746885,1.873317877345275,29.73447417126135
job_movie_companies_note,movie_companies.note,utf8,LibcMemmem,static,fm,fm,contains_2007,%(2007)%,5,2609129,62155,24918605,4674975,4948647.0,4983721.0,4979617.664706334,5256356,5256356,3814453.0,1098497.0,1.8966662821194353,1.9085361436709338,61.37001045772665
job_movie_companies_note,movie_companies.note,utf8,StdSearch,static,trigram,trigram,contains_2006,%(2006)%,5,2609129,57173,24914872,4823433,4984602.0,4982974.4,4982144.922468103,5088687,5088687,3646687.0,1305636.0,1.910446742955216,1.909504666116547,62.955321536469576
job_movie_companies_note,movie_companies.note,utf8,PairHorspool,static,prefix-btree,full-scan,not_contains_mgm_as,%(as Metro-Goldwyn-Mayer Pictures)%,5,2609129,52,25039891,4813398,5028492.0,5007978.2,5006766.1051607365,5110449,5110449,5028153.0,339.0,1.9272684485895484,1.9189415318292042,1.927138520172824
job_movie_companies_note,movie_companies.note,utf8,PairHorspool,static,trigram,trigram,contains_theatrical,%(theatrical)%,5,2609129,279657,25779156,5099166,5150049.0,5155831.2,5155606.335624432,5237491,5237491,3117913.0,2000595.0,1.973857559361764,1.9759873888949147,11.149061171363492
job_movie_companies_note,movie_companies.note,utf8,PairHorspool,static,full-scan,full-scan,not_contains_mgm_as,%(as Metro-Goldwyn-Mayer Pictures)%,5,2609129,52,26021844,5068313,5156868.0,5204368.8,5202625.773468097,5444525,5444525,5156828.0,40.0,1.9764710752132224,1.9940083453137043,1.9764557444265884
job_movie_companies_note,movie_companies.note,utf8,TwoWay2,static,fm,fm,contains_worldwide,%(worldwide)%,5,2609129,103199,25984798,5048076,5198742.0,5196959.6,5195657.864126159,5374475,5374475,3444323.0,1768360.0,1.9925201092011933,1.9913377222820337,33.375546274673205
job_movie_companies_note,movie_companies.note,utf8,LibcMemmem,static,fm,fm,contains_vhs,%(VHS)%,5,2609129,75693,26062117,4977446,5223201.0,5212423.4,5208506.471205993,5532337,5532337,3946984.0,1276217.0,2.0018945019583163,1.9962623542185918,52.144636888483745
job_movie_companies_note,movie_companies.note,utf8,StdSearch,static,trigram,trigram,contains_2007,%(2007)%,5,2609129,62155,26194110,5146366,5231696.0,5238822.0,5238260.975062397,5378060,5378060,3887555.0,1335919.0,2.005150377769746,2.007666159856412,61.49443196557942
job_movie_companies_note,movie_companies.note,utf8,StdSearch,static,fm,fm,contains_vhs,%(VHS)%,5,2609129,75693,26674166,5101187,5308816.0,5334833.2,5331226.785098012,5654144,5654144,3865203.0,1306984.0,2.034708134400407,2.0432972076121954,51.0642067298165
job_movie_companies_note,movie_companies.note,utf8,LibcMemmem,static,trigram,trigram,contains_worldwide,%(worldwide)%,5,2609129,103199,27113142,5308865,5433452.0,5422628.4,5421575.004631663,5609537,5609537,4687429.0,746023.0,2.082477332473787,2.077925238652439,45.42126377193578
job_movie_companies_note,movie_companies.note,utf8,LibcMemmem,static,trigram,trigram,contains_2006,%(2006)%,5,2609129,57173,27718155,5289372,5528822.0,5543631.0,5540979.78479501,5829202,5829202,4055789.0,1386205.0,2.119029760506284,2.123689169834071,70.01793698748382
job_movie_companies_note,movie_companies.note,utf8,LibcMemmem,static,trigram,trigram,contains_2007,%(2007)%,5,2609129,62155,27600100,5254615,5585689.0,5520020.0,5516415.583814742,5771211,5771211,4096131.0,1357320.0,2.1408251565944036,2.1142745337620332,64.79374545224461
job_movie_companies_note,movie_companies.note,utf8,TwoWay2,static,full-scan,full-scan,not_contains_mgm_as,%(as Metro-Goldwyn-Mayer Pictures)%,5,2609129,52,28553369,5578256,5608802.0,5710673.8,5708452.5957652945,6008430,6008430,5608712.0,100.0,2.149683668381287,2.187876490583639,2.1496491741113606
job_movie_companies_note,movie_companies.note,utf8,TwoWay2,static,prefix-btree,full-scan,not_contains_mgm_as,%(as Metro-Goldwyn-Mayer Pictures)%,5,2609129,52,28650844,5498918,5803341.0,5730168.8,5727885.78688595,5892868,5892868,5802941.0,340.0,2.22424456590686,2.19532457000018,2.2240912580405183
job_movie_companies_note,movie_companies.note,utf8,NaiveAutoWildcard,static,full-scan,full-scan,not_contains_mgm_as,%(as Metro-Goldwyn-Mayer Pictures)%,5,2609129,52,29619813,5772928,5863213.0,5923962.6,5920355.802712983,6334997,6334997,5862714.0,80.0,2.2471916873408713,2.269092482587101,2.24700043577761
job_movie_companies_note,movie_companies.note,utf8,NaiveAutoWildcard,static,fm,fm,contains_worldwide,%(worldwide)%,5,2609129,103199,29027143,5451591,5873733.0,5805428.6,5802418.404040529,5969405,5969405,4051661.0,1808308.0,2.251223684225655,2.223890808005277,39.260661440517836
job_movie_companies_note,movie_companies.note,utf8,PairHorspool,static,trigram,trigram,contains_usa,%(USA)%,5,2609129,487819,30537592,6023949,6080666.0,6107518.4,6107201.893738493,6194846,6194846,5190346.0,924517.0,2.330534825989823,2.340704886573259,10.639901274858094
job_movie_companies_note,movie_companies.note,utf8,StdSearch,static,fm,fm,contains_2007,%(2007)%,5,2609129,62155,29247282,4944869,6245837.0,5849456.4,5820163.941423788,6390124,6390124,4652714.0,1551973.0,2.393839859968595,2.2306919282258564,74.85663261201834
job_movie_companies_note,movie_companies.note,utf8,PairHorspool,static,trigram,trigram,not_contains_usa,%(USA)%,5,2609129,487819,32685244,6270105,6440796.0,6537048.8,6533311.3556796005,6856031,6856031,5492071.0,916908.0,2.468561730753826,2.5040199238903096,11.258419618752038
job_movie_companies_note,movie_companies.note,utf8,StdSearch,static,trigram,trigram,contains_worldwide,%(worldwide)%,5,2609129,103199,34558787,6736775,6886821.0,6911757.4,6910186.129285265,7129136,7129136,6138682.0,748139.0,2.63950958346636,2.648464679209039,59.48392910784019
job_movie_companies_note,movie_companies.note,utf8,TwoWay2,static,trigram,trigram,not_contains_usa,%(USA)%,5,2609129,487819,36955043,7302402,7344846.0,7391008.6,7389934.791894876,7641420,7641420,6445223.0,899083.0,2.8150566721691415,2.832337534863167,13.21232465320129
job_movie_companies_note,movie_companies.note,utf8,TwoWay2,static,trigram,trigram,contains_usa,%(USA)%,5,2609129,487819,36886818,7257842,7369803.0,7377363.6,7376970.229894295,7459969,7459969,6411559.0,899843.0,2.82462193321986,2.8273688269150354,13.143315451017694
job_movie_companies_note,movie_companies.note,utf8,LibcMemmem,static,fm,fm,contains_worldwide,%(worldwide)%,5,2609129,103199,36920996,7125625,7394070.0,7384199.2,7381495.753473486,7703020,7703020,5415913.0,2007535.0,2.833922738201139,2.829103122153025,52.48028566168277
job_movie_companies_note,movie_companies.note,utf8,PairHorspool,static,trigram,trigram,not_contains_tv,%(TV)%,5,2609129,413698,37262842,7365789,7425540.0,7452568.4,7452010.747193431,7617239,7617239,7017520.0,418369.0,2.845984234585565,2.85612938264072,16.962905307736563
job_movie_companies_note,movie_companies.note,utf8,TwoWay2,static,trigram,trigram,contains_theatrical,%(theatrical)%,5,2609129,279657,37334461,7449395,7459923.0,7466892.2,7466873.814992734,7489401,7489401,5466672.0,1996244.0,2.859162195506623,2.8618259196843083,19.547774595307825
job_movie_companies_note,movie_companies.note,utf8,NaiveAutoWildcard,static,trigram,trigram,contains_usa,%(USA)%,5,2609129,487819,42849468,7452794,7503117.0,8569893.6,8352589.30254735,12848574,12848574,6550453.0,951426.0,2.875717145453521,3.201293995045856,13.428039908244656
job_movie_companies_note,movie_companies.note,utf8,NaiveAutoWildcard,static,trigram,trigram,not_contains_usa,%(USA)%,5,2609129,487819,38002518,7406004,7570753.0,7600503.6,7599326.835367321,7803023,7803023,6695273.0,901577.0,2.9016399725732227,2.9125911367356694,13.724912313788515
job_movie_companies_note,movie_companies.note,utf8,NaiveAutoWildcard,static,prefix-btree,full-scan,not_contains_mgm_as,%(as Metro-Goldwyn-Mayer Pictures)%,5,2609129,52,36691461,6102100,8007392.0,7338292.2,7278243.823638827,8231858,8231858,8007043.0,379.0,3.0689904562020507,2.789529762614267,3.0688566950886673
job_movie_companies_note,movie_companies.note,utf8,StdSearch,static,fm,fm,contains_worldwide,%(worldwide)%,5,2609129,103199,40248730,7725189,8129303.0,8049746.0,8046950.000992412,8314721,8314721,6299349.0,1855747.0,3.1157152444359784,3.0841518376439034,61.040794968943494
job_movie_companies_note,movie_companies.note,utf8,PairHorspool,static,fm,fm,contains_theatrical,%(theatrical)%,5,2609129,279657,40640113,7990624,8146945.0,8128022.6,8127697.427475864,8200132,8200132,3129512.0,5017433.0,3.1224768878809748,3.115099713352617,11.190536979228126
job_movie_companies_note,movie_companies.note,utf8,NaiveAutoWildcard,static,trigram,trigram,contains_theatrical,%(theatrical)%,5,2609129,279657,41832119,8203404,8284243.0,8366423.8,8365117.280780184,8616316,8616316,6274041.0,2064215.0,3.1750990464633984,3.2060955974196754,22.43477188126884
job_movie_companies_note,movie_companies.note,utf8,NaiveAutoWildcard,static,trigram,trigram,not_contains_tv,%(TV)%,5,2609129,413698,45627273,9044798,9107847.0,9125454.6,9125187.231580283,9210654,9210654,8685010.0,469330.0,3.490761476339422,3.4974073723453305,20.993599195548445
job_movie_companies_note,movie_companies.note,utf8,LibcMemmem,static,prefix-btree,full-scan,not_contains_mgm_as,%(as Metro-Goldwyn-Mayer Pictures)%,5,2609129,52,45607332,9015666,9122886.0,9121466.4,9121262.434594577,9188464,9188464,9122616.0,280.0,3.4965254688442005,3.4959030389068535,3.49642198603442
job_movie_companies_note,movie_companies.note,utf8,TwoWay2,static,trigram,trigram,not_contains_tv,%(TV)%,5,2609129,413698,45923958,9157934,9195318.0,9184791.6,9184766.104950942,9207106,9207106,8676618.0,524200.0,3.524286457281338,3.5202421957672465,20.973313866637014
job_movie_companies_note,movie_companies.note,utf8,LibcMemmem,static,full-scan,full-scan,not_contains_mgm_as,%(as Metro-Goldwyn-Mayer Pictures)%,5,2609129,52,47193973,9336158,9473773.0,9438794.6,9438616.659732187,9493809,9493809,9473633.0,101.0,3.6310098120867154,3.6175352004442862,3.630956154333496
job_movie_companies_note,movie_companies.note,utf8,LibcMemmem,static,trigram,trigram,contains_theatrical,%(theatrical)%,5,2609129,279657,50488613,9975180,10094389.0,10097722.6,10097470.755873088,10174145,10174145,7861869.0,2210558.0,3.868873099030366,3.870053952870862,28.11254143468606
job_movie_companies_note,movie_companies.note,utf8,TwoWay2,static,fm,fm,contains_theatrical,%(theatrical)%,5,2609129,279657,55639926,10701480,11082763.0,11127985.2,11122761.43588596,11648832,11648832,5600933.0,5304321.0,4.2476868717491545,4.263016891843983,20.02786627904898
job_movie_companies_note,movie_companies.note,utf8,NaiveAutoWildcard,static,fm,fm,contains_theatrical,%(theatrical)%,5,2609129,279657,57042278,11093402,11294689.0,11408455.6,11405996.263356792,11732567,11732567,6245834.0,5075146.0,4.328911678954931,4.371572275652143,22.33390903857225
job_movie_companies_note,movie_companies.note,utf8,StdSearch,static,trigram,trigram,not_contains_usa,%(USA)%,5,2609129,487819,57096925,11347756,11419739.0,11419385.0,11419304.06382707,11478952,11478952,10480951.0,936788.0,4.376839550669975,4.3766728283653284,21.485327549767433
job_movie_companies_note,movie_companies.note,utf8,StdSearch,static,trigram,trigram,contains_usa,%(USA)%,5,2609129,487819,64838196,11395719,11813013.0,12967639.2,12861744.221333602,15326259,15326259,10870192.0,969399.0,4.527569545239043,4.929516325179782,22.283248499955928
job_movie_companies_note,movie_companies.note,utf8,StdSearch,static,trigram,trigram,not_contains_tv,%(TV)%,5,2609129,413698,59634319,11834783,11923360.0,11926863.8,11926644.068389727,12023527,12023527,11485808.0,445002.0,4.569862203057036,4.5711208606397005,27.76375036862639
job_movie_companies_note,movie_companies.note,utf8,PairHorspool,static,full-scan,full-scan,contains_co_production,%(co-production)%,5,2609129,17816,60169750,11879989,12021919.0,12033950.0,12033255.739986695,12259202,12259202,12021819.0,100.0,4.607636878053941,4.611981622986062,4.607598551087356
job_movie_companies_note,movie_companies.note,utf8,PairHorspool,static,prefix-btree,full-scan,contains_co_production,%(co-production)%,5,2609129,17816,60386540,11860954,12038857.0,12077308.0,12076411.893779237,12283328,12283328,12038269.0,549.0,4.6141286996541755,4.628522008685657,4.613903337090654
job_movie_companies_note,movie_companies.note,utf8,LibcMemmem,static,fm,fm,contains_theatrical,%(theatrical)%,5,2609129,279657,62914607,12478218,12519823.0,12582921.4,12582535.35163525,12735922,12735922,7575478.0,4975414.0,4.798468377761314,4.8225039850463505,27.088461937301766
job_movie_companies_note,movie_companies.note,utf8,LibcMemmem,static,trigram,trigram,not_contains_usa,%(USA)%,5,2609129,487819,65081650,12956224,13015148.0,13016330.0,13016212.17352041,13102582,13102582,12042253.0,970370.0,4.98831142500045,4.988719223924919,24.6859039930794
job_movie_companies_note,movie_companies.note,utf8,PairHorspool,static,trigram,trigram,contains_200_wild,%(200%)%,5,2609129,440138,65523632,12949467,13053383.0,13104726.4,13103590.275112676,13439411,13439411,11740514.0,1260582.0,5.002965740674378,5.02220856078791,26.67413540052619
job_movie_companies_note,movie_companies.note,utf8,LibcMemmem,static,trigram,trigram,contains_usa,%(USA)%,5,2609129,487819,65732689,13047726,13091116.0,13146537.8,13145886.74417073,13402725,13402725,12117804.0,966514.0,5.017427654976047,5.038419334574871,24.84077905944623
job_movie_companies_note,movie_companies.note,utf8,StdSearch,static,prefix-btree,full-scan,not_contains_mgm_as,%(as Metro-Goldwyn-Mayer Pictures)%,5,2609129,52,66611136,13251602,13265964.0,13322227.2,13321996.184129108,13448080,13448080,13265684.0,320.0,5.084441589511289,5.1059169554284205,5.08433427400485
job_movie_companies_note,movie_companies.note,utf8,StdSearch,static,trigram,trigram,contains_theatrical,%(theatrical)%,5,2609129,279657,66616404,13171629,13295084.0,13323280.8,13322193.644651012,13639794,13639794,11201396.0,2093688.0,5.095602402180957,5.105992459552594,40.05405192789739
job_movie_companies_note,movie_companies.note,utf8,StdSearch,static,full-scan,full-scan,not_contains_mgm_as,%(as Metro-Goldwyn-Mayer Pictures)%,5,2609129,52,66971801,13317984,13389778.0,13394360.2,13394263.00363291,13472282,13472282,13389678.0,100.0,5.1318957399193375,5.133614704370692,5.131857412952752
job_movie_companies_note,movie_companies.note,utf8,LibcMemmem,static,trigram,trigram,not_contains_tv,%(TV)%,5,2609129,413698,68410090,13441928,13716286.0,13682018.0,13680411.937156731,14013325,14013325,13193535.0,522751.0,5.257036351977997,5.243286552715484,31.891706027101897
job_movie_companies_note,movie_companies.note,utf8,PairHorspool,static,prefix-btree,full-scan,contains_presents,%(presents)%,5,2609129,11131,69236983,13799594,13824178.0,13847396.6,13847245.105913643,13973830,13973830,13822951.0,270.0,5.2983880827663175,5.307228964148572,5.2979178108863145
job_movie_companies_note,movie_companies.note,utf8,PairHorspool,static,full-scan,full-scan,contains_presents,%(presents)%,5,2609129,11131,69341289,13760005,13858064.0,13868257.8,13868057.358259294,13978114,13978114,13857965.0,109.0,5.311375558663447,5.3152055724343255,5.3113376149665275
job_movie_companies_note,movie_companies.note,utf8,PairHorspool,static,full-scan,full-scan,contains_worldwide,%(worldwide)%,5,2609129,103199,70283751,14003798,14036615.0,14056750.2,14056617.154293658,14176237,14176237,14036515.0,90.0,5.379808740771345,5.387474900627757,5.37977041380476
job_movie_companies_note,movie_companies.note,utf8,PairHorspool,static,qgram,full-scan,contains_presents,%(presents)%,5,2609129,11131,70527973,13971444,14068293.0,14105594.6,14105140.329110088,14306617,14306617,14068194.0,99.0,5.391949957246268,5.406072294623991,5.391912013549349
job_movie_companies_note,movie_companies.note,utf8,PairHorspool,static,qgram,full-scan,contains_worldwide,%(worldwide)%,5,2609129,103199,71043774,14033830,14091170.0,14208754.8,14207399.12210891,14534839,14534839,14091071.0,100.0,5.400718017392011,5.445265067384557,5.400680073695091
job_movie_companies_note,movie_companies.note,utf8,PairHorspool,static,prefix-btree,full-scan,contains_worldwide,%(worldwide)%,5,2609129,103199,71640619,14095961,14333366.0,14328123.8,14327086.733354874,14534520,14534520,14332448.0,599.0,5.493544397383188,5.491137463881625,5.493192555829934
job_movie_companies_note,movie_companies.note,utf8,TwoWay2,static,trigram,trigram,contains_200_wild,%(200%)%,5,2609129,440138,73412870,14582853,14623928.0,14682574.0,14682293.54128673,14806549,14806549,13271314.0,1355480.0,5.6049079980330605,5.62727753208063,30.15207226692961
job_movie_companies_note,movie_companies.note,utf8,PairHorspool,static,full-scan,full-scan,contains_theatrical,%(theatrical)%,5,2609129,279657,75321365,14881166,14999739.0,15064273.0,15063611.346129172,15277716,15277716,14999629.0,110.0,5.74894495442732,5.773425154524747,5.748902794764076
job_movie_companies_note,movie_companies.note,utf8,PairHorspool,static,full-scan,full-scan,contains_france,%(France)%,5,2609129,39148,75555739,15046935,15082403.0,15111147.8,15111019.227930255,15225639,15225639,15082293.0,110.0,5.7806275580854765,5.7915952028435544,5.780585398422232
job_movie_companies_note,movie_companies.note,utf8,PairHorspool,static,qgram,full-scan,contains_france,%(France)%,5,2609129,39148,75612348,15031872,15082523.0,15122469.6,15122191.14332548,15247841,15247841,15082423.0,110.0,5.780673550445378,5.795877091550476,5.780635223478793
job_movie_companies_note,movie_companies.note,utf8,PairHorspool,static,prefix-btree,full-scan,contains_france,%(France)%,5,2609129,39148,76545552,15089938,15187767.0,15309110.4,15307374.800372204,15704584,15704584,15187398.0,369.0,5.821010383158518,5.866852118082318,5.820868956651817
job_movie_companies_note,movie_companies.note,utf8,PairHorspool,static,qgram,full-scan,contains_theatrical,%(theatrical)%,5,2609129,279657,76724984,15264910,15350027.0,15344996.8,15344843.868721727,15449566,15449566,15349917.0,110.0,5.883199719139989,5.8812128491922016,5.883157559476745
job_movie_companies_note,movie_companies.note,utf8,PairHorspool,static,prefix-btree,full-scan,contains_theatrical,%(theatrical)%,5,2609129,279657,77579186,15049173,15430014.0,15515837.2,15511232.936093021,16210628,16210628,15429654.0,360.0,5.913856309902654,5.944984705623984,5.9137183328229455
job_movie_companies_note,movie_companies.note,utf8,PairHorspool,static,prefix-btree,full-scan,contains_japan,%(Japan)%,5,2609129,48897,78173491,15557504,15645899.0,15634698.2,15634591.641005015,15707211,15707211,15645580.0,269.0,5.996598481715545,5.992264468334069,5.9964762186921385
job_movie_companies_note,movie_companies.note,utf8,PairHorspool,static,qgram,full-scan,contains_japan,%(Japan)%,5,2609129,48897,79403284,15740951,15768512.0,15880656.8,15879923.79089081,16110581,16110581,15768412.0,100.0,6.043592325254903,6.086292781997364,6.043553998288318
job_movie_companies_note,movie_companies.note,utf8,NaiveAutoWildcard,static,trigram,trigram,contains_200_wild,%(200%)%,5,2609129,440138,78891138,15645528,15770672.0,15778227.6,15777772.97204511,15997028,15997028,14431979.0,1314253.0,6.044420187733148,6.047141402360711,32.789072262385666
job_movie_companies_note,movie_companies.note,utf8,PairHorspool,static,full-scan,full-scan,contains_japan,%(Japan)%,5,2609129,48897,79372256,15575113,15878189.0,15874451.2,15873150.800835162,16207428,16207428,15877461.0,100.0,6.085628192396773,6.083696896550535,6.085349172080031
job_movie_companies_note,movie_companies.note,utf8,PairHorspool,static,qgram,full-scan,contains_blu_ray,%(Blu-ray)%,5,2609129,7963,84279185,16733870,16840242.0,16855837.0,16855546.81824009,17028659,17028659,16839563.0,110.0,6.4543539242406185,6.460219483206848,6.454093684137503
job_movie_companies_note,movie_companies.note,utf8,PairHorspool,static,full-scan,full-scan,contains_blu_ray,%(Blu-ray)%,5,2609129,7963,84462425,16787513,16915970.0,16892485.0,16892349.18441575,16970490,16970490,16915870.0,100.0,6.483378169496411,6.474324956719273,6.483339842529825
job_movie_companies_note,movie_companies.note,utf8,PairHorspool,static,prefix-btree,full-scan,contains_2007,%(2007)%,5,2609129,62155,85015468,16952284,16962253.0,17003093.6,17003003.536223486,17072273,17072273,16961913.0,340.0,6.501117039441131,6.516735278324682,6.500986727754741
job_movie_companies_note,movie_companies.note,utf8,PairHorspool,static,full-scan,full-scan,contains_2007,%(2007)%,5,2609129,62155,85525739,16976686,17130304.0,17105147.8,17104976.838369805,17206384,17206384,17130204.0,100.0,6.565525890057564,6.555818435960813,6.5654875630909775
job_movie_companies_note,movie_companies.note,utf8,PairHorspool,static,prefix-btree,full-scan,contains_blu_ray,%(Blu-ray)%,5,2609129,7963,85779250,17005271,17158714.0,17155850.0,17155582.602198306,17258743,17258743,17158444.0,499.0,6.576414581264475,6.575214180671021,6.576311098454695
job_movie_companies_note,movie_companies.note,utf8,PairHorspool,static,qgram,full-scan,contains_2007,%(2007)%,5,2609129,62155,88398499,17156838,17752218.0,17679699.8,17677435.118962508,18008799,18008799,17751788.0,110.0,6.803886661027493,6.775224605605932,6.803721855071175
job_movie_companies_note,movie_companies.note,utf8,StdSearch,static,fm,fm,contains_theatrical,%(theatrical)%,5,2609129,279657,106585207,16171655,17843333.0,21317041.4,20678354.738768347,28019502,28019502,12890117.0,5823240.0,6.83880827663178,7.9253858279908735,46.092595572433375
job_movie_companies_note,movie_companies.note,utf8,PairHorspool,static,prefix-btree,full-scan,contains_2006,%(2006)%,5,2609129,57173,89551556,17865341,17880943.0,17910311.2,17910229.100122657,18014146,18014146,17880603.0,341.0,6.85322304876455,6.86444748419875,6.853092737078159
job_movie_companies_note,movie_companies.note,utf8,PairHorspool,static,full-scan,full-scan,contains_2006,%(2006)%,5,2609129,57173,89416583,17841609,17889161.0,17883316.6,17883285.39388083,17931110,17931110,17889051.0,110.0,6.856372758878537,6.85412066632198,6.856330599215294
job_movie_companies_note,movie_companies.note,utf8,PairHorspool,static,full-scan,full-scan,contains_vhs,%(VHS)%,5,2609129,75693,89753188,17891054,17916277.0,17950637.6,17950533.5030024,18041884,18041884,17916177.0,100.0,6.866765499137835,6.87989478481133,6.86672717217125
job_movie_companies_note,movie_companies.note,utf8,PairHorspool,static,qgram,full-scan,contains_2006,%(2006)%,5,2609129,57173,89960526,17894687,17942010.0,17992105.2,17991855.21180265,18156134,18156134,17941910.0,110.0,6.876628177449256,6.895732253943749,6.876589850482671
job_movie_companies_note,movie_companies.note,utf8,PairHorspool,static,prefix-btree,full-scan,contains_vhs,%(VHS)%,5,2609129,75693,90036547,17937617,17957063.0,18007309.4,18007141.640249554,18129384,18129384,17956694.0,299.0,6.882397535729356,6.901590914055993,6.882256109222657
job_movie_companies_note,movie_companies.note,utf8,TwoWay2,static,full-scan,full-scan,contains_co_production,%(co-production)%,5,2609129,17816,90711586,18104494,18135931.0,18142317.2,18142289.87536302,18186217,18186217,18135821.0,110.0,6.950952214321331,6.953389042856831,6.950910054658087
job_movie_companies_note,movie_companies.note,utf8,TwoWay2,static,prefix-btree,full-scan,contains_co_production,%(co-production)%,5,2609129,17816,91007903,18117927,18187195.0,18201580.6,18201472.576046836,18311986,18311986,18186257.0,319.0,6.970600150471671,6.976072091491068,6.970240643525099
job_movie_companies_note,movie_companies.note,utf8,PairHorspool,static,qgram,full-scan,contains_vhs,%(VHS)%,5,2609129,75693,91695570,18073627,18370351.0,18339114.0,18338201.498506725,18554221,18554221,18369522.0,130.0,7.040798289390827,7.028476169633621,7.040480558837834
job_movie_companies_note,movie_companies.note,utf8,PairHorspool,static,qgram,full-scan,contains_1994,%(1994)%,5,2609129,8468,92904766,18384099,18519336.0,18580953.2,18580356.826357666,18787047,18787047,18519236.0,109.0,7.097899720558087,7.121286835568498,7.097861393591502
job_movie_companies_note,movie_companies.note,utf8,PairHorspool,static,prefix-btree,full-scan,contains_1994,%(1994)%,5,2609129,8468,93378752,18487396,18653766.0,18675750.4,18674756.183364138,19036597,19036597,18653396.0,619.0,7.149422661738841,7.157467492025116,7.149280851962475
job_movie_companies_note,movie_companies.note,utf8,PairHorspool,static,full-scan,full-scan,contains_1994,%(1994)%,5,2609129,8468,93924053,18420889,18765526.0,18784810.6,18782867.239389047,19251214,19251214,18765426.0,100.0,7.192256879594685,7.198903158870259,7.192218552628099
job_movie_companies_note,movie_companies.note,utf8,PairHorspool,static,qgram,full-scan,contains_usa,%(USA)%,5,2609129,487819,98247478,19531382,19607592.0,19649495.6,19649206.35702458,19839763,19839763,19607492.0,100.0,7.514995234041705,7.530944617916553,7.51495690707512
job_movie_companies_note,movie_companies.note,utf8,LibcMemmem,static,trigram,trigram,contains_200_wild,%(200%)%,5,2609129,440138,98301159,19593893,19650797.0,19660231.8,19660134.355240334,19774964,19774964,18305213.0,1350355.0,7.531554399954928,7.535132988825007,41.58895684613742
job_movie_companies_note,movie_companies.note,utf8,PairHorspool,static,fm,full-scan,contains_usa,%(USA)%,5,2609129,487819,99326549,19748132,19816843.0,19865309.8,19864880.29112148,20107163,20107163,19813798.0,3045.0,7.595194794891322,7.613605919829951,7.594027738758797
job_movie_companies_note,movie_companies.note,utf8,TwoWay2,static,prefix-btree,full-scan,contains_worldwide,%(worldwide)%,5,2609129,103199,100351308,19868062,19932887.0,20070261.6,20068266.24094573,20635012,20635012,19931579.0,459.0,7.639670939995685,7.691557604089334,7.639169623272747
job_movie_companies_note,movie_companies.note,utf8,TwoWay2,static,full-scan,full-scan,contains_worldwide,%(worldwide)%,5,2609129,103199,100724287,19840818,19939141.0,20144857.4,20141774.55874952,20808748,20808748,19939042.0,110.0,7.642067908485935,7.71973099068693,7.642029964789016
job_movie_companies_note,movie_companies.note,utf8,PairHorspool,static,fm,full-scan,not_contains_tv,%(TV)%,5,2609129,413698,100856667,19977537,20074750.0,20171333.4,20169898.95303732,20647753,20647753,20071756.0,2585.0,7.694042724602731,7.730510066769408,7.692895215223165
job_movie_companies_note,movie_companies.note,utf8,PairHorspool,static,qgram,full-scan,not_contains_tv,%(TV)%,5,2609129,413698,100551918,19987798,20085153.0,20110383.6,20110201.408317797,20218069,20218069,20085053.0,100.0,7.698029878936611,7.707630017526922,7.697991551970025
job_movie_companies_note,movie_companies.note,utf8,PairHorspool,static,full-scan,full-scan,not_contains_tv,%(TV)%,5,2609129,413698,101421946,19919985,20166563.0,20284389.2,20281675.40113518,20840942,20840942,20166453.0,110.0,7.729231862433785,7.773350800209572,7.729189702770541
job_movie_companies_note,movie_companies.note,utf8,PairHorspool,static,full-scan,full-scan,contains_usa,%(USA)%,5,2609129,487819,111135574,19958504,20299812.0,22227114.8,22081827.665557645,25767819,25767819,20299713.0,100.0,7.780302162139166,8.463294455735994,7.780264218442246
job_movie_companies_note,movie_companies.note,utf8,TwoWay2,static,qgram,full-scan,contains_worldwide,%(worldwide)%,5,2609129,103199,101702358,20052558,20310041.0,20340471.6,20339026.286073264,20786727,20786727,20309941.0,100.0,7.784222627551187,7.795331698815965,7.784184300584601
job_movie_companies_note,movie_companies.note,utf8,PairHorspool,static,full-scan,full-scan,not_contains_usa,%(USA)%,5,2609129,487819,102007647,20204945,20327213.0,20401529.4,20400528.882841393,20773389,20773389,20326335.0,110.0,7.790804134253231,7.818903549805318,7.790467623486612
job_movie_companies_note,movie_companies.note,utf8,PairHorspool,static,fm,full-scan,not_contains_usa,%(USA)%,5,2609129,487819,101756236,20183697,20333061.0,20351247.2,20350825.584269058,20587239,20587239,20330427.0,2625.0,7.793045495259146,7.799853897603376,7.792035962959287
job_movie_companies_note,movie_companies.note,utf8,PairHorspool,static,prefix-btree,full-scan,not_contains_usa,%(USA)%,5,2609129,487819,101776557,20304918,20350147.0,20355311.4,20355271.26610574,20405998,20405998,20349499.0,480.0,7.799594040769928,7.801557914537764,7.799345682026454
job_movie_companies_note,movie_companies.note,utf8,PairHorspool,static,prefix-btree,full-scan,contains_usa,%(USA)%,5,2609129,487819,110872693,20028984,20369807.0,22174538.6,21991740.763210528,27879907,27879907,20369468.0,529.0,7.807129122400617,8.428766841348205,7.806999193983892
job_movie_companies_note,movie_companies.note,utf8,PairHorspool,static,prefix-btree,full-scan,not_contains_tv,%(TV)%,5,2609129,413698,102338757,20097099,20455098.0,20467751.4,20465209.113505855,21002891,21002891,20454739.0,359.0,7.8398185754709715,7.843693815062421,7.83968098166093
job_movie_companies_note,movie_companies.note,utf8,TwoWay2,static,qgram,full-scan,contains_presents,%(presents)%,5,2609129,11131,103184520,20395690,20463459.0,20636904.0,20634429.878538433,21259822,21259822,20463350.0,100.0,7.843023093147177,7.908550707918236,7.842981316753598
job_movie_companies_note,movie_companies.note,utf8,PairHorspool,static,qgram,full-scan,not_contains_usa,%(USA)%,5,2609129,487819,103383203,20280216,20545718.0,20676640.6,20673154.90066191,21143002,21143002,20545618.0,100.0,7.874550472590662,7.923392825728433,7.874512145624076
job_movie_companies_note,movie_companies.note,utf8,TwoWay2,static,prefix-btree,full-scan,contains_presents,%(presents)%,5,2609129,11131,103808829,20624901,20669379.0,20761765.8,20761208.32211568,21033824,21033824,20669040.0,339.0,7.9219459827398335,7.957141252885542,7.921816054323109
job_movie_companies_note,movie_companies.note,utf8,StdSearch,static,trigram,trigram,contains_200_wild,%(200%)%,5,2609129,440138,104308714,20713568,20888588.0,20861742.8,20861421.447446417,21042234,21042234,19577677.0,1315980.0,8.005962142922025,7.995549855909769,44.47996119469449
job_movie_companies_note,movie_companies.note,utf8,NaiveAutoWildcard,static,prefix-btree,full-scan,contains_co_production,%(co-production)%,5,2609129,17816,104999762,20871528,20969476.0,20999952.4,20999714.697654337,21133097,21133097,20969037.0,439.0,8.036964059653624,8.048553367809717,8.036795804270314
job_movie_companies_note,movie_companies.note,utf8,TwoWay2,static,full-scan,full-scan,contains_presents,%(presents)%,5,2609129,11131,105551601,21012780,21055750.0,21110320.2,21110098.181926116,21257006,21257006,21055651.0,100.0,8.070030266805512,8.090860206605345,8.069992323108593
job_movie_companies_note,movie_companies.note,utf8,TwoWay2,static,qgram,full-scan,contains_blu_ray,%(Blu-ray)%,5,2609129,7963,105465501,20792182,21056611.0,21093100.2,21090708.414038006,21684573,21684573,21056521.0,100.0,8.070360261987814,8.083428607784438,8.070325767717886
job_movie_companies_note,movie_companies.note,utf8,TwoWay2,static,prefix-btree,full-scan,contains_blu_ray,%(Blu-ray)%,5,2609129,7963,104997108,20522607,21167766.0,20999421.6,20997708.227349386,21245830,21245830,21166918.0,390.0,8.112962601695815,8.047784528860014,8.11263758901917
job_movie_companies_note,movie_companies.note,utf8,NaiveAutoWildcard,static,full-scan,full-scan,contains_co_production,%(co-production)%,5,2609129,17816,106888160,21030480,21196462.0,21377632.0,21373700.513147343,22129640,22129640,21196352.0,110.0,8.123960908027161,8.191890857063795,8.123918748363918
job_movie_companies_note,movie_companies.note,utf8,TwoWay2,static,full-scan,full-scan,contains_blu_ray,%(Blu-ray)%,5,2609129,7963,110772061,21562908,21870170.0,22154412.2,22143182.810037527,23563066,23563066,21869601.0,110.0,8.382172748070333,8.486809966084467,8.381954667630461
job_movie_companies_note,movie_companies.note,utf8,TwoWay2,static,qgram,full-scan,contains_theatrical,%(theatrical)%,5,2609129,279657,110366737,21995722,22093139.0,22073347.4,22073310.145607974,22108037,22108037,22093049.0,100.0,8.467630002196135,8.460030147991915,8.467595507926209
job_movie_companies_note,movie_companies.note,utf8,TwoWay2,static,prefix-btree,full-scan,contains_theatrical,%(theatrical)%,5,2609129,279657,110906239,22109604,22147353.0,22181247.8,22181139.351979624,22300295,22300295,22146765.0,369.0,8.488408583860744,8.501357732791288,8.488183221297222
job_movie_companies_note,movie_companies.note,utf8,TwoWay2,static,full-scan,full-scan,contains_theatrical,%(theatrical)%,5,2609129,279657,110987311,22049739,22181963.0,22197462.2,22196956.325482436,22468235,22468235,22181365.0,110.0,8.501673546995951,8.5074199090961,8.50144435173577
job_movie_companies_note,movie_companies.note,utf8,TwoWay2,static,qgram,full-scan,contains_japan,%(Japan)%,5,2609129,48897,117294596,22989172,23315616.0,23458919.2,23455575.151845783,24062261,24062261,23315506.0,110.0,8.936168353500344,8.989810392663605,8.9361261938371
job_movie_companies_note,movie_companies.note,utf8,NaiveAutoWildcard,static,prefix-btree,full-scan,contains_presents,%(presents)%,5,2609129,11131,117402272,23316509,23468078.0,23480454.4,23480164.359779444,23674862,23674862,23467808.0,350.0,8.994602413295778,8.99923461047729,8.994498930485998
job_movie_companies_note,movie_companies.note,utf8,NaiveAutoWildcard,static,qgram,full-scan,contains_presents,%(presents)%,5,2609129,11131,117462939,23372006,23468286.0,23492587.8,23492401.26317239,23638921,23638921,23468176.0,100.0,8.994682133386275,9.003924681378345,8.994639973723032
job_movie_companies_note,movie_companies.note,utf8,NaiveAutoWildcard,static,full-scan,full-scan,contains_presents,%(presents)%,5,2609129,11131,118267328,23409487,23566894.0,23653465.6,23652317.89319253,24022150,24022150,23566804.0,100.0,9.032475588596808,9.065215633263055,9.032441094326881
job_movie_companies_note,movie_companies.note,utf8,TwoWay2,static,fm,full-scan,not_contains_usa,%(USA)%,5,2609129,487819,119080103,23440799,23601767.0,23816020.6,23809413.813544344,24943228,24943228,23598237.0,2839.0,9.045841351654134,9.125425764690055,9.04448840973367
job_movie_companies_note,movie_companies.note,utf8,TwoWay2,static,prefix-btree,full-scan,not_contains_usa,%(USA)%,5,2609129,487819,118479984,23457499,23631334.0,23695996.8,23694856.5036364,24142355,24142355,23630814.0,520.0,9.057173485864439,9.081519541578817,9.056974185638195
job_movie_companies_note,movie_companies.note,utf8,TwoWay2,static,full-scan,full-scan,contains_usa,%(USA)%,5,2609129,487819,118295485,23560625,23647229.0,23659097.0,23659005.314106945,23736388,23736388,23647119.0,120.0,9.06326555720319,9.067778940788285,9.063223397539945
job_movie_companies_note,movie_companies.note,utf8,TwoWay2,static,fm,full-scan,contains_usa,%(USA)%,5,2609129,487819,118608148,23626231,23722575.0,23721629.6,23721489.49806345,23866571,23866571,23720040.0,2904.0,9.092143393446625,9.091727162589509,9.091171804843686
job_movie_companies_note,movie_companies.note,utf8,TwoWay2,static,full-scan,full-scan,not_contains_usa,%(USA)%,5,2609129,487819,118922625,23412062,23821198.0,23784525.0,23782367.092363223,24241521,24241521,23821098.0,100.0,9.129942597702145,9.115059853307368,9.12990427073556
job_movie_companies_note,movie_companies.note,utf8,TwoWay2,static,prefix-btree,full-scan,contains_japan,%(Japan)%,5,2609129,48897,118909001,23625792,23843020.0,23781800.2,23781529.740046296,23892868,23892868,23842421.0,599.0,9.138306308350412,9.114738673327382,9.138076729820565
job_movie_companies_note,movie_companies.note,utf8,TwoWay2,static,qgram,full-scan,contains_usa,%(USA)%,5,2609129,487819,119515965,23604955,23849089.0,23903193.0,23901929.536692936,24357410,24357410,23848950.0,139.0,9.14063237195248,9.160884341096205,9.140579097468926
job_movie_companies_note,movie_companies.note,utf8,TwoWay2,static,prefix-btree,full-scan,contains_usa,%(USA)%,5,2609129,487819,119850110,23581196,23941348.0,23970022.0,23968021.795169458,24515246,24515246,23940989.0,359.0,9.175992448054505,9.186215399851829,9.175854854244463
job_movie_companies_note,movie_companies.note,utf8,NaiveAutoWildcard,static,full-scan,full-scan,contains_worldwide,%(worldwide)%,5,2609129,103199,121192436,23966912,24020928.0,24238487.2,24236511.20721532,24761732,24761732,24020818.0,110.0,9.206493048063166,9.28911947243697,9.206450888399923
job_movie_companies_note,movie_companies.note,utf8,TwoWay2,static,full-scan,full-scan,contains_japan,%(Japan)%,5,2609129,48897,119808730,23289907,24141876.0,23961746.0,23958243.504143268,24450889,24450889,24141777.0,110.0,9.252848747608876,9.182467789059107,9.252810803911958
job_movie_companies_note,movie_companies.note,utf8,NaiveAutoWildcard,static,full-scan,full-scan,contains_theatrical,%(theatrical)%,5,2609129,279657,120773099,24058782,24189729.0,24154619.8,24154520.50599782,24237728,24237728,24189630.0,100.0,9.271189350928989,9.257694809263935,9.271151407232068
job_movie_companies_note,movie_companies.note,utf8,NaiveAutoWildcard,static,prefix-btree,full-scan,contains_theatrical,%(theatrical)%,5,2609129,279657,121232703,24050647,24202293.0,24246540.6,24245471.30552571,24679179,24679179,24201754.0,499.0,9.276004751010777,9.292553568643022,9.275798168660883
job_movie_companies_note,movie_companies.note,utf8,NaiveAutoWildcard,static,qgram,full-scan,contains_worldwide,%(worldwide)%,5,2609129,103199,120727161,23980536,24226263.0,24145432.2,24145106.850290824,24266066,24266066,24226153.0,109.0,9.2851917249013,9.254086708629584,9.285149565238054
job_movie_companies_note,movie_companies.note,utf8,TwoWay2,static,qgram,full-scan,contains_france,%(France)%,5,2609129,39148,121133740,24111099,24238821.0,24226748.0,24226537.041392293,24389468,24389468,24238721.0,100.0,9.290004825365093,9.285296740789743,9.289966498398508
job_movie_companies_note,movie_companies.note,utf8,NaiveAutoWildcard,static,prefix-btree,full-scan,contains_worldwide,%(worldwide)%,5,2609129,103199,121210383,24068124,24249579.0,24242076.6,24241497.065881517,24525357,24525357,24248890.0,599.0,9.294128040430351,9.291030454990919,9.293863967630577
job_movie_companies_note,movie_companies.note,utf8,NaiveAutoWildcard,static,qgram,full-scan,contains_theatrical,%(theatrical)%,5,2609129,279657,121438006,24200908,24258302.0,24287601.2,24287518.623827867,24367906,24367906,24257583.0,110.0,9.297471301725595,9.308668908283186,9.297195730835845
job_movie_companies_note,movie_companies.note,utf8,TwoWay2,static,qgram,full-scan,not_contains_usa,%(USA)%,5,2609129,487819,121661758,23581290,24307781.0,24332351.6,24327022.989078876,24976016,24976016,24306771.0,110.0,9.316435101522385,9.323809593163082,9.316047999159872
job_movie_companies_note,movie_companies.note,utf8,TwoWay2,static,prefix-btree,full-scan,contains_2006,%(2006)%,5,2609129,57173,121542187,24069909,24345000.0,24308437.4,24308090.706513874,24457546,24457546,24344641.0,359.0,9.330700015215806,9.316553531849134,9.330562421405764
job_movie_companies_note,movie_companies.note,utf8,TwoWay2,static,qgram,full-scan,contains_2006,%(2006)%,5,2609129,57173,122057581,24299072,24362706.0,24411516.2,24411257.71353116,24596131,24596131,24362606.0,100.0,9.337486187919417,9.356094313466295,9.337447860952832
job_movie_companies_note,movie_companies.note,utf8,TwoWay2,static,full-scan,full-scan,contains_france,%(France)%,5,2609129,39148,134162860,23851104,24392121.0,26832572.0,26408545.437054127,37187845,37187845,24391453.0,110.0,9.348760065140512,10.121594217840514,9.348504041003721
job_movie_companies_note,movie_companies.note,utf8,TwoWay2,static,full-scan,full-scan,contains_2007,%(2007)%,5,2609129,62155,122492267,24395001,24431480.0,24498453.4,24498153.832124162,24721391,24721391,24430881.0,110.0,9.36384517591886,9.389398914350345,9.363615597389014
job_movie_companies_note,movie_companies.note,utf8,TwoWay2,static,prefix-btree,full-scan,contains_france,%(France)%,5,2609129,39148,121746016,23865244,24525493.0,24349203.2,24347503.675767917,24596222,24596222,24524794.0,699.0,9.399877507014793,9.331659339189438,9.39960960151836
job_movie_companies_note,movie_companies.note,utf8,TwoWay2,static,prefix-btree,full-scan,contains_2007,%(2007)%,5,2609129,62155,122682688,24401030,24534165.0,24536537.6,24536286.42324772,24721153,24721153,24533496.0,628.0,9.40320122155708,9.404014136518356,9.402944814150622
job_movie_companies_note,movie_companies.note,utf8,NaiveAutoWildcard,static,full-scan,full-scan,contains_blu_ray,%(Blu-ray)%,5,2609129,7963,123022412,24437822,24560308.0,24604482.4,24603984.382972322,24845927,24845927,24560199.0,110.0,9.4132210404315,9.42996072635734,9.413179264037922
job_movie_companies_note,movie_companies.note,utf8,NaiveAutoWildcard,static,qgram,full-scan,contains_blu_ray,%(Blu-ray)%,5,2609129,7963,123205940,24381855,24576087.0,24641188.0,24639927.311972078,25114419,25114419,24575987.0,100.0,9.419268652489011,9.443736587957131,9.419230325522426
job_movie_companies_note,movie_companies.note,utf8,NaiveAutoWildcard,static,prefix-btree,full-scan,contains_blu_ray,%(Blu-ray)%,5,2609129,7963,123034825,24407167,24595818.0,24606965.0,24606318.254691403,24931609,24931609,24594889.0,330.0,9.426830946265977,9.430855277757443,9.426474888746398
job_movie_companies_note,movie_companies.note,utf8,TwoWay2,static,qgram,full-scan,contains_2007,%(2007)%,5,2609129,62155,123093069,24380161,24626700.0,24618613.8,24618034.311060667,24862649,24862649,24626600.0,109.0,9.43866708008688,9.435345665162588,9.438628753120295
job_movie_companies_note,movie_companies.note,utf8,TwoWay2,static,full-scan,full-scan,contains_2006,%(2006)%,5,2609129,57173,123530658,24285220,24642887.0,24706131.6,24703618.207491573,25341457,25341457,24642777.0,110.0,9.444871066168059,9.468147416245039,9.444828906504814
job_movie_companies_note,movie_companies.note,utf8,NaiveAutoWildcard,static,full-scan,full-scan,contains_japan,%(Japan)%,5,2609129,48897,124710295,24766662,24841501.0,24942059.0,24941329.1439472,25297086,25297086,24841391.0,109.0,9.520993787581986,9.55925483178486,9.520951627918743
job_movie_companies_note,movie_companies.note,utf8,NaiveAutoWildcard,static,qgram,full-scan,contains_japan,%(Japan)%,5,2609129,48897,124710593,24769837,24900076.0,24942118.6,24941841.62909465,25097188,25097188,24899977.0,100.0,9.543443808259385,9.559451065853777,9.543405864562466
job_movie_companies_note,movie_companies.note,utf8,NaiveAutoWildcard,static,prefix-btree,full-scan,contains_japan,%(Japan)%,5,2609129,48897,125070593,24757048,25061666.0,25014118.6,25013208.72378483,25259466,25259466,25061186.0,379.0,9.605376353564735,9.58680387209678,9.605192384125123
job_movie_companies_note,movie_companies.note,utf8,NaiveAutoWildcard,static,fm,full-scan,contains_usa,%(USA)%,5,2609129,487819,126788669,25122388,25232540.0,25357733.8,25356795.71908692,25680435,25680435,25230084.0,3035.0,9.67086717444787,9.71849034677856,9.669925864148533
job_movie_companies_note,movie_companies.note,utf8,TwoWay2,static,full-scan,full-scan,contains_vhs,%(VHS)%,5,2609129,75693,126311614,25190194,25280458.0,25262322.8,25262277.920178376,25325445,25325445,25280348.0,110.0,9.689232690296263,9.682264464501372,9.68919053063302
job_movie_companies_note,movie_companies.note,utf8,TwoWay2,static,prefix-btree,full-scan,contains_vhs,%(VHS)%,5,2609129,75693,126411968,25151734,25296165.0,25282393.6,25282216.502964016,25426826,25426826,25295766.0,280.0,9.695252706937833,9.689906478368835,9.695099782341156
job_movie_companies_note,movie_companies.note,utf8,NaiveAutoWildcard,static,full-scan,full-scan,contains_usa,%(USA)%,5,2609129,487819,127147930,25068256,25438827.0,25429586.0,25428049.152312376,25745263,25745263,25438727.0,100.0,9.749930724007896,9.745799843549323,9.749892397041311
job_movie_companies_note,movie_companies.note,utf8,TwoWay2,static,qgram,full-scan,contains_vhs,%(VHS)%,5,2609129,75693,128944208,25204365,25451864.0,25788841.6,25775536.581143644,27446814,27446814,25451714.0,100.0,9.754927410641635,9.878981069927933,9.754869920191757
job_movie_companies_note,movie_companies.note,utf8,NaiveAutoWildcard,static,prefix-btree,full-scan,contains_usa,%(USA)%,5,2609129,487819,127059503,25128748,25484074.0,25411900.6,25411471.66672511,25538686,25538686,25483625.0,469.0,9.767272526578793,9.739445999028794,9.767100438498824
job_movie_companies_note,movie_companies.note,utf8,NaiveAutoWildcard,static,fm,full-scan,not_contains_usa,%(USA)%,5,2609129,487819,128104715,25366335,25562061.0,25620943.0,25619958.052538663,26035481,26035481,25559556.0,2795.0,9.79716257800975,9.819352741853699,9.796202487496785
job_movie_companies_note,movie_companies.note,utf8,TwoWay2,static,qgram,full-scan,not_contains_tv,%(TV)%,5,2609129,413698,127851829,25531049,25569034.0,25570365.8,25570339.514880236,25628335,25628335,25568934.0,100.0,9.79983511738975,9.800335284303689,9.799796790423164
job_movie_companies_note,movie_companies.note,utf8,TwoWay2,static,prefix-btree,full-scan,not_contains_tv,%(TV)%,5,2609129,413698,128622263,25679539,25694777.0,25724452.6,25724409.04099341,25803531,25803531,25693827.0,350.0,9.84802859498323,9.859385641721817,9.84766448880067
job_movie_companies_note,movie_companies.note,utf8,NaiveAutoWildcard,static,qgram,full-scan,contains_usa,%(USA)%,5,2609129,487819,129273315,25133318,25718689.0,25854663.0,25841150.2161079,27473337,27473337,25718579.0,110.0,9.857193339233131,9.90412892578328,9.857151179569888
job_movie_companies_note,movie_companies.note,utf8,TwoWay2,static,full-scan,full-scan,not_contains_tv,%(TV)%,5,2609129,413698,129131846,25628666,25748571.0,25826369.2,25825127.928599536,26324882,26324882,25748461.0,110.0,9.868646203388181,9.8979877959273,9.868604043724936
job_movie_companies_note,movie_companies.note,utf8,NaiveAutoWildcard,static,prefix-btree,full-scan,not_contains_usa,%(USA)%,5,2609129,487819,128692220,25519180,25760391.0,25738444.0,25737842.429084286,26014235,26014235,25760102.0,440.0,9.873176450838574,9.864534103143233,9.873065685905143
job_movie_companies_note,movie_companies.note,utf8,TwoWay2,static,fm,full-scan,not_contains_tv,%(TV)%,5,2609129,413698,130769416,25809390,25874152.0,26153883.2,26151042.124298856,26688604,26688604,25871053.0,2859.0,9.916777591295793,10.022901129074109,9.915589838601312
job_movie_companies_note,movie_companies.note,utf8,TwoWay2,static,full-scan,full-scan,contains_1994,%(1994)%,5,2609129,8468,130136296,25772464,25911100.0,26027259.2,26026028.166002132,26343988,26343988,25910990.0,110.0,9.930938638909767,9.974987055067036,9.930896479246522
job_movie_companies_note,movie_companies.note,utf8,NaiveAutoWildcard,static,full-scan,full-scan,not_contains_usa,%(USA)%,5,2609129,487819,130172230,25335399,25948002.0,26034446.0,26025941.52261508,27260531,27260531,25946994.0,110.0,9.94508205611911,9.974953710606107,9.94469572029593
job_movie_companies_note,movie_companies.note,utf8,TwoWay2,static,qgram,full-scan,contains_1994,%(1994)%,5,2609129,8468,129904952,25840254,26011765.0,25980990.4,25980878.75692935,26051408,26051408,26011446.0,110.0,9.96952047982296,9.957682429653728,9.969398216799553
job_movie_companies_note,movie_companies.note,utf8,TwoWay2,static,prefix-btree,full-scan,contains_1994,%(1994)%,5,2609129,8468,130967302,25550746,26211322.0,26193460.4,26187997.937177595,26940923,26940923,26210922.0,460.0,10.046004624531788,10.037064859575743,10.045851316665447
job_movie_companies_note,movie_companies.note,utf8,NaiveAutoWildcard,static,qgram,full-scan,not_contains_usa,%(USA)%,5,2609129,487819,129968254,25525597,26259020.0,25993650.8,25991414.61095362,26289608,26289608,26258910.0,109.0,10.064285821053693,9.961720558853164,10.06424366139045
job_movie_companies_note,movie_companies.note,utf8,NaiveAutoWildcard,static,fm,full-scan,not_contains_tv,%(TV)%,5,2609129,413698,135997517,27109809,27164913.0,27199503.4,27199239.741121277,27434790,27434790,27162368.0,2086.0,10.411487128463177,10.424643243013282,10.410511707163579
job_movie_companies_note,movie_companies.note,utf8,NaiveAutoWildcard,static,prefix-btree,full-scan,not_contains_tv,%(TV)%,5,2609129,413698,137927576,27195742,27270814.0,27585515.2,27582073.829834204,28246532,28246532,27270214.0,639.0,10.452075769346783,10.571371902270835,10.45184580754727
job_movie_companies_note,movie_companies.note,utf8,NaiveAutoWildcard,static,qgram,full-scan,not_contains_tv,%(TV)%,5,2609129,413698,136367326,27100490,27276736.0,27273465.2,27273042.263152942,27534205,27534205,27276277.0,110.0,10.454345492307969,10.452929694162306,10.454169571531342
job_movie_companies_note,movie_companies.note,utf8,NaiveAutoWildcard,static,qgram,full-scan,contains_1994,%(1994)%,5,2609129,8468,137677785,27337595,27445789.0,27535557.0,27534750.30177026,27881787,27881787,27445689.0,100.0,10.519138379129586,10.553234431873625,10.519100052163001
job_movie_companies_note,movie_companies.note,utf8,NaiveAutoWildcard,static,full-scan,full-scan,contains_vhs,%(VHS)%,5,2609129,75693,138592096,27552830,27627313.0,27718419.2,27717710.125203177,28099161,28099161,27627213.0,100.0,10.58871102195407,10.623357449938274,10.588672694987485
job_movie_companies_note,movie_companies.note,utf8,NaiveAutoWildcard,static,full-scan,full-scan,contains_1994,%(1994)%,5,2609129,8468,143941816,27413301,27713686.0,28788363.2,28699037.699508216,33494386,33494386,27713085.0,101.0,10.621815172802878,10.99947032132179,10.621584827733699
job_movie_companies_note,movie_companies.note,utf8,NaiveAutoWildcard,static,prefix-btree,full-scan,contains_vhs,%(VHS)%,5,2609129,75693,150397830,27548068,27763247.0,30079566.0,29746727.334907874,39677623,39677623,27762967.0,280.0,10.640810400712269,11.401018117540374,10.640703085205828
job_movie_companies_note,movie_companies.note,utf8,NaiveAutoWildcard,static,prefix-btree,full-scan,contains_1994,%(1994)%,5,2609129,8468,142293116,27249869,27835435.0,28458623.2,28427328.078565057,30881665,30881665,27834994.0,381.0,10.668477871350937,10.895332503682264,10.668308849428296
job_movie_companies_note,movie_companies.note,utf8,NaiveAutoWildcard,static,qgram,full-scan,contains_2006,%(2006)%,5,2609129,57173,139368080,27725383,27852351.0,27873616.0,27873159.335413415,28160775,28160775,27852250.0,101.0,10.674961261018524,10.682936336225614,10.674922550782272
job_movie_companies_note,movie_companies.note,utf8,NaiveAutoWildcard,static,qgram,full-scan,contains_vhs,%(VHS)%,5,2609129,75693,139644845,27447433,27923637.0,27928969.0,27927583.92541098,28235565,28235565,27923527.0,110.0,10.702283022418593,10.703795404520053,10.702240862755348
job_movie_companies_note,movie_companies.note,utf8,NaiveAutoWildcard,static,prefix-btree,full-scan,contains_2006,%(2006)%,5,2609129,57173,139929256,27724832,28060826.0,27985851.2,27985368.82019963,28147987,28147987,28060446.0,361.0,10.754863404607438,10.725942642161426,10.754717762134414
job_movie_companies_note,movie_companies.note,utf8,NaiveAutoWildcard,static,full-scan,full-scan,not_contains_tv,%(TV)%,5,2609129,413698,151446394,27239407,28151745.0,30289278.8,30137533.725370437,34644599,34644599,28151076.0,110.0,10.789709899357218,11.550802202574117,10.789453491950763
job_movie_companies_note,movie_companies.note,utf8,NaiveAutoWildcard,static,qgram,full-scan,contains_2007,%(2007)%,5,2609129,62155,143759773,28422982,28711015.0,28751954.6,28750791.873509746,29221637,29221637,28710905.0,111.0,11.004061125379389,11.019306059608398,11.004018965716146
job_movie_companies_note,movie_companies.note,utf8,NaiveAutoWildcard,static,full-scan,full-scan,contains_2007,%(2007)%,5,2609129,62155,143061061,28290557,28733159.0,28612212.2,28611568.60134415,28774769,28774769,28733049.0,110.0,11.01254824886006,10.965946106919205,11.012506089196815
job_movie_companies_note,movie_companies.note,utf8,NaiveAutoWildcard,static,prefix-btree,full-scan,contains_2007,%(2007)%,5,2609129,62155,144316380,28640542,28766977.0,28863276.0,28862372.14313242,29199095,29199095,28766657.0,381.0,11.02550966241991,11.062071672194055,11.025387016126837
job_movie_companies_note,movie_companies.note,utf8,NaiveAutoWildcard,static,full-scan,full-scan,contains_2006,%(2006)%,5,2609129,57173,151610822,27986231,28947356.0,30322164.4,30222975.906969585,34311239,34311239,28947236.0,110.0,11.094643461476991,11.583549529364014,11.094597469117089
job_movie_companies_note,movie_companies.note,utf8,PairHorspool,static,prefix-btree,full-scan,contains_200_wild,%(200%)%,5,2609129,440138,149140838,29482942,29828636.0,29828167.6,29826903.768556315,30296392,30296392,29828476.0,211.0,11.43241135260081,11.431747146269885,11.432350029454273
job_movie_companies_note,movie_companies.note,utf8,PairHorspool,static,qgram,full-scan,contains_200_wild,%(200%)%,5,2609129,440138,149689655,29445344,29840277.0,29937931.0,29936115.767712895,30379043,30379043,29840167.0,110.0,11.436872994781018,11.473604793017133,11.436830835117773
job_movie_companies_note,movie_companies.note,utf8,PairHorspool,static,fm,full-scan,contains_200_wild,%(200%)%,5,2609129,440138,149282136,29609024,29912738.0,29856427.2,29856148.180990852,29971378,29971378,29910226.0,2512.0,11.464645098038464,11.442955867647786,11.463682324637839
job_movie_companies_note,movie_companies.note,utf8,PairHorspool,static,full-scan,full-scan,contains_200_wild,%(200%)%,5,2609129,440138,149544326,29708306,29931208.0,29908865.2,29908617.110577762,30076172,30076172,29930277.0,110.0,11.471724088766788,11.46306564374548,11.471367264707878
job_movie_companies_note,movie_companies.note,utf8,NaiveAutoWildcard,static,full-scan,full-scan,contains_france,%(France)%,5,2609129,39148,149814933,29883244,29936213.0,29962986.6,29962846.257774767,30134080,30134080,29935524.0,110.0,11.473642353444387,11.483849974455076,11.473378280644614
job_movie_companies_note,movie_companies.note,utf8,NaiveAutoWildcard,static,prefix-btree,full-scan,contains_france,%(France)%,5,2609129,39148,150556783,29743788,29959101.0,30111356.6,30109853.897770833,30518153,30518153,29958732.0,369.0,11.482414629556454,11.540193298223278,11.482273203049754
job_movie_companies_note,movie_companies.note,utf8,NaiveAutoWildcard,static,qgram,full-scan,contains_france,%(France)%,5,2609129,39148,152892281,30230857,30582026.0,30578456.2,30577567.627377715,30892718,30892718,30581417.0,110.0,11.721162886158561,11.719453886718519,11.720929474932056
job_movie_companies_note,movie_companies.note,utf8,TwoWay2,static,fm,full-scan,contains_200_wild,%(200%)%,5,2609129,440138,163654883,32520423,32582593.0,32730976.6,32729798.94138703,33272308,33272308,32580148.0,2635.0,12.487919531767115,12.544338742929154,12.4869824374341
job_movie_companies_note,movie_companies.note,utf8,TwoWay2,static,full-scan,full-scan,contains_200_wild,%(200%)%,5,2609129,440138,162998452,32513578,32606217.0,32599690.4,32599649.27217951,32669291,32669291,32606107.0,100.0,12.49697389435325,12.49445657918792,12.496931734690007
job_movie_companies_note,movie_companies.note,utf8,TwoWay2,static,prefix-btree,full-scan,contains_200_wild,%(200%)%,5,2609129,440138,163516897,32523779,32669892.0,32703379.4,32702932.612278946,32965569,32965569,32669233.0,160.0,12.521378590326504,12.53404182008632,12.521126015616705
job_movie_companies_note,movie_companies.note,utf8,TwoWay2,static,qgram,full-scan,contains_200_wild,%(200%)%,5,2609129,440138,165068729,32543418,32785974.0,33013745.8,33010742.151944533,33779893,33779893,32785874.0,110.0,12.565869299678168,12.652016055932842,12.565830972711582
job_movie_companies_note,movie_companies.note,utf8,StdSearch,static,qgram,full-scan,not_contains_tv,%(TV)%,5,2609129,413698,164430914,32751181,32806925.0,32886182.8,32885667.848429397,33245596,33245596,32806825.0,110.0,12.573899182447477,12.604078602476152,12.57386085548089
job_movie_companies_note,movie_companies.note,utf8,StdSearch,static,fm,full-scan,contains_usa,%(USA)%,5,2609129,487819,164265740,32702529,32826046.0,32853148.0,32852968.970902402,33023007,33023007,32823394.0,2732.0,12.58122768172827,12.591546067672391,12.580211250574425
job_movie_companies_note,movie_companies.note,utf8,StdSearch,static,full-scan,full-scan,contains_usa,%(USA)%,5,2609129,487819,164461980,32820196,32889441.0,32892396.0,32892330.063627407,32992585,32992585,32889163.0,110.0,12.605525062195085,12.606632328259737,12.605418513227978
job_movie_companies_note,movie_companies.note,utf8,StdSearch,static,prefix-btree,full-scan,not_contains_tv,%(TV)%,5,2609129,413698,164702554,32781933,32899372.0,32940510.8,32940198.58640276,33208973,33208973,32899022.0,420.0,12.609331313246681,12.624978680624837,12.609197168863632
job_movie_companies_note,movie_companies.note,utf8,StdSearch,static,prefix-btree,full-scan,not_contains_usa,%(USA)%,5,2609129,487819,164843719,32625290,32917057.0,32968743.8,32967419.929975133,33513110,33513110,32916637.0,540.0,12.61610943728731,12.635411664199049,12.615948464027651
job_movie_companies_note,movie_companies.note,utf8,StdSearch,static,prefix-btree,full-scan,contains_usa,%(USA)%,5,2609129,487819,164719291,32890314,32919016.0,32943858.2,32943802.972495362,33053785,33053785,32918688.0,328.0,12.616860262562717,12.626359984500574,12.616734550112318
job_movie_companies_note,movie_companies.note,utf8,StdSearch,static,full-scan,full-scan,not_contains_tv,%(TV)%,5,2609129,413698,164728775,32787653,32949745.0,32945755.0,32945371.476433054,33230155,33230155,32949175.0,110.0,12.628637756124744,12.6269613346063,12.628419292415208
job_movie_companies_note,movie_companies.note,utf8,StdSearch,static,fm,full-scan,not_contains_usa,%(USA)%,5,2609129,487819,164857375,32640534,33030471.0,32971475.0,32970378.914513435,33335443,33335443,33027320.0,3151.0,12.659577583170476,12.636545759140311,12.65836990045337
job_movie_companies_note,movie_companies.note,utf8,StdSearch,static,qgram,full-scan,contains_usa,%(USA)%,5,2609129,487819,165667041,32946725,33099246.0,33133408.2,33133043.680321142,33353367,33353367,33099136.0,109.0,12.685936954439585,12.698890319336453,12.685894794776342
job_movie_companies_note,movie_companies.note,utf8,StdSearch,static,full-scan,full-scan,not_contains_usa,%(USA)%,5,2609129,487819,178915569,32584759,33155500.0,35783113.8,35430078.725495204,46505322,46505322,33155390.0,110.0,12.707497406222537,13.579274156241413,12.707455246559292
job_movie_companies_note,movie_companies.note,utf8,LibcMemmem,static,qgram,full-scan,contains_presents,%(presents)%,5,2609129,11131,167745201,32913462,33255679.0,33549040.2,33543055.408335403,34730157,34730157,33255569.0,120.0,12.745892978078125,12.856035481572587,12.745850818414882
job_movie_companies_note,movie_companies.note,utf8,LibcMemmem,static,prefix-btree,full-scan,contains_presents,%(presents)%,5,2609129,11131,166158177,32852646,33295500.0,33231635.4,33231074.90326258,33364565,33364565,33295209.0,371.0,12.761155159442097,12.736462627949788,12.761043627969334
job_movie_companies_note,movie_companies.note,utf8,StdSearch,static,qgram,full-scan,not_contains_usa,%(USA)%,5,2609129,487819,166192884,32616790,33371411.0,33238576.8,33236224.066677846,33768345,33768345,33371301.0,110.0,12.790249543046741,12.738436466728935,12.790207383383496
job_movie_companies_note,movie_companies.note,utf8,LibcMemmem,static,qgram,full-scan,contains_worldwide,%(worldwide)%,5,2609129,103199,168270408,33518709,33600973.0,33654081.6,33653836.32643796,33890904,33890904,33600863.0,110.0,12.878233694079519,12.898494478425558,12.878191534416274
job_movie_companies_note,movie_companies.note,utf8,LibcMemmem,static,full-scan,full-scan,contains_presents,%(presents)%,5,2609129,11131,169193733,33614148,33665416.0,33838746.6,33837823.39934278,34257097,34257097,33665316.0,111.0,12.902932741156148,12.96901111443704,12.902894414189563
job_movie_companies_note,movie_companies.note,utf8,LibcMemmem,static,full-scan,full-scan,contains_worldwide,%(worldwide)%,5,2609129,103199,169245517,33419982,33722348.0,33849103.4,33846227.0534877,34585937,34585937,33722238.0,110.0,12.924753049772548,12.972232112708877,12.924710890109305
job_movie_companies_note,movie_companies.note,utf8,LibcMemmem,static,qgram,full-scan,contains_france,%(France)%,5,2609129,39148,168567729,33394165,33731483.0,33713545.8,33713043.960606545,33911275,33911275,33730961.0,111.0,12.928254218170125,12.921186725531777,12.928054151404549
job_movie_companies_note,movie_companies.note,utf8,LibcMemmem,static,prefix-btree,full-scan,contains_worldwide,%(worldwide)%,5,2609129,103199,169380663,33549315,33799816.0,33876132.6,33874782.622214325,34405519,34405519,33798664.0,360.0,12.954444184246928,12.983176378017339,12.954002657591863
job_movie_companies_note,movie_companies.note,utf8,StdSearch,static,fm,full-scan,not_contains_tv,%(TV)%,5,2609129,413698,169119658,33012035,33809578.0,33823931.6,33818094.70184842,34878133,34878133,33806338.0,2990.0,12.958185662724993,12.961449587199406,12.956943869007628
job_movie_companies_note,movie_companies.note,utf8,LibcMemmem,static,full-scan,full-scan,contains_france,%(France)%,5,2609129,39148,169420387,33620200,33849401.0,33884077.4,33883346.59717437,34295131,34295131,33848879.0,111.0,12.973448610628298,12.986458699435712,12.973248543862722
job_movie_companies_note,movie_companies.note,utf8,StdSearch,static,qgram,full-scan,contains_vhs,%(VHS)%,5,2609129,75693,183378180,33700234,33875606.0,36675636.0,36296142.38494088,47965594,47965594,33875497.0,109.0,12.983492192222002,13.911210216129597,12.983450415828424
job_movie_companies_note,movie_companies.note,utf8,StdSearch,static,prefix-btree,full-scan,contains_vhs,%(VHS)%,5,2609129,75693,169851332,33770878,33987239.0,33970266.4,33969734.06992844,34303658,34303658,33986911.0,357.0,13.026277734830282,13.019568599329508,13.026152022379883
job_movie_companies_note,movie_companies.note,utf8,LibcMemmem,static,prefix-btree,full-scan,contains_france,%(France)%,5,2609129,39148,170269396,33606715,33987325.0,34053879.2,34052043.39698942,34697540,34697540,33986914.0,411.0,13.026310696021547,13.051115142256286,13.026153172188879
job_movie_companies_note,movie_companies.note,utf8,LibcMemmem,static,prefix-btree,full-scan,contains_japan,%(Japan)%,5,2609129,48897,170393840,34016098,34061533.0,34078768.0,34078714.333484225,34186390,34186390,34060108.0,512.0,13.05475237138524,13.061337327514277,13.054206212111398
job_movie_companies_note,movie_companies.note,utf8,LibcMemmem,static,prefix-btree,full-scan,contains_co_production,%(co-production)%,5,2609129,17816,170466790,33731273,34089694.0,34093358.0,34092582.56912352,34424883,34424883,34089212.0,381.0,13.065545628445355,13.066652511240342,13.065360892466414
job_movie_companies_note,movie_companies.note,utf8,StdSearch,static,full-scan,full-scan,contains_vhs,%(VHS)%,5,2609129,75693,184755520,34134107,34245650.0,36951104.0,36798978.40216742,41663374,41663374,34245124.0,109.0,13.125318832453281,14.103932001828962,13.125117232609043
job_movie_companies_note,movie_companies.note,utf8,StdSearch,static,full-scan,full-scan,contains_2006,%(2006)%,5,2609129,57173,171348420,33948487,34298676.0,34269684.0,34268849.86506597,34543740,34543740,34298556.0,120.0,13.145642089754856,13.134210305431429,13.145596097394954
job_movie_companies_note,movie_companies.note,utf8,LibcMemmem,static,full-scan,full-scan,contains_japan,%(Japan)%,5,2609129,48897,182721125,33961835,34318622.0,36544225.0,36282835.64222288,45794661,45794661,34318491.0,111.0,13.15328678650998,13.906110046686077,13.153236578183755
job_movie_companies_note,movie_companies.note,utf8,StdSearch,static,full-scan,full-scan,contains_2007,%(2007)%,5,2609129,62155,172342345,34260963,34321739.0,34468469.0,34467587.20888026,34926367,34926367,34321520.0,100.0,13.154481438058449,13.210380552283922,13.154397502001625
job_movie_companies_note,movie_companies.note,utf8,LibcMemmem,static,full-scan,full-scan,contains_co_production,%(co-production)%,5,2609129,17816,172037470,33548147,34353167.0,34407494.0,34401591.52863363,35212285,35212285,34353057.0,110.0,13.166526837116908,13.185086287416222,13.166484677453663
job_movie_companies_note,movie_companies.note,utf8,StdSearch,static,prefix-btree,full-scan,contains_2006,%(2006)%,5,2609129,57173,171979982,33991175,34451548.0,34395996.4,34394632.936419986,34775075,34775075,34451199.0,429.0,13.20423329011329,13.182419113811545,13.204099528999908
job_movie_companies_note,movie_companies.note,utf8,LibcMemmem,static,qgram,full-scan,contains_japan,%(Japan)%,5,2609129,48897,172183190,33852565,34521850.0,34436638.0,34434815.91556176,34926712,34926712,34521750.0,100.0,13.23117791416216,13.197820038794555,13.231139587195573
job_movie_companies_note,movie_companies.note,utf8,StdSearch,static,prefix-btree,full-scan,contains_2007,%(2007)%,5,2609129,62155,184460891,34512307,34884817.0,36892178.2,36725393.36333113,44101578,44101578,34884478.0,549.0,13.37029215496819,14.075729103467095,13.370162226551466
job_movie_companies_note,movie_companies.note,utf8,LibcMemmem,static,full-scan,full-scan,contains_2007,%(2007)%,5,2609129,62155,175026283,34732280,34975365.0,35005256.6,35004752.00740331,35257290,35257290,34975264.0,101.0,13.40499645667194,13.416259602342391,13.404957746435688
job_movie_companies_note,movie_companies.note,utf8,LibcMemmem,static,full-scan,full-scan,contains_vhs,%(VHS)%,5,2609129,75693,175919939,34987695,35075537.0,35183987.8,35183369.47791702,35562719,35562719,35074966.0,101.0,13.443389345639867,13.484718080248236,13.443170498660663
job_movie_companies_note,movie_companies.note,utf8,StdSearch,static,qgram,full-scan,contains_2006,%(2006)%,5,2609129,57173,194711206,34628067,35268724.0,38942241.2,38600918.429721065,48297482,48297482,35268185.0,110.0,13.517432062577205,14.794560943517933,13.51722548022731
job_movie_companies_note,movie_companies.note,utf8,LibcMemmem,static,prefix-btree,full-scan,contains_vhs,%(VHS)%,5,2609129,75693,176605178,34912478,35367742.0,35321035.6,35319268.72634806,35710667,35710667,35367291.0,461.0,13.555382658350737,13.53680404456813,13.555209803731437
job_movie_companies_note,movie_companies.note,utf8,LibcMemmem,static,prefix-btree,full-scan,contains_blu_ray,%(Blu-ray)%,5,2609129,7963,178100278,35360170,35483324.0,35620055.6,35618995.885901526,36048868,36048868,35482761.0,411.0,13.599681732869476,13.651680311705555,13.599465952047598
job_movie_companies_note,movie_companies.note,utf8,LibcMemmem,static,qgram,full-scan,contains_vhs,%(VHS)%,5,2609129,75693,177391924,35189525,35552471.0,35478384.8,35478058.97595927,35612352,35612352,35552371.0,110.0,13.626183680454282,13.597663434809087,13.626145353487697
job_movie_companies_note,movie_companies.note,utf8,LibcMemmem,static,prefix-btree,full-scan,contains_2007,%(2007)%,5,2609129,62155,189077195,34929806,35590384.0,37815439.0,37599257.69943044,46164643,46164643,35589601.0,693.0,13.640714583295805,14.410654666748941,13.640414483147442
job_movie_companies_note,movie_companies.note,utf8,LibcMemmem,static,full-scan,full-scan,contains_blu_ray,%(Blu-ray)%,5,2609129,7963,180031603,35508942,35604950.0,36006320.6,35998546.9836158,37500390,37500390,35604850.0,111.0,13.646297289248634,13.797150696650109,13.64625896228205
job_movie_companies_note,movie_companies.note,utf8,LibcMemmem,static,prefix-btree,full-scan,contains_theatrical,%(theatrical)%,5,2609129,279657,178806213,35459714,35625739.0,35761242.6,35760336.34726462,36068639,36068639,35625117.0,622.0,13.654265082332074,13.705852029547025,13.654026688599911
job_movie_companies_note,movie_companies.note,utf8,LibcMemmem,static,qgram,full-scan,contains_2007,%(2007)%,5,2609129,62155,178509103,35389824,35663408.0,35701820.6,35700802.283283256,36089035,36089035,35663297.0,120.0,13.668702467375129,13.683034453260072,13.668659924442219
job_movie_companies_note,movie_companies.note,utf8,LibcMemmem,static,qgram,full-scan,contains_theatrical,%(theatrical)%,5,2609129,279657,178538230,35360211,35701776.0,35707646.0,35706951.938794695,36052001,36052001,35701686.0,110.0,13.683407757914614,13.68539117843541,13.683373263644688
job_movie_companies_note,movie_companies.note,utf8,StdSearch,static,full-scan,full-scan,contains_japan,%(Japan)%,5,2609129,48897,179010748,35612151,35714495.0,35802149.6,35801422.99374911,36247611,36247611,35713859.0,109.0,13.688282564794612,13.721599047038303,13.688038805287128
job_movie_companies_note,movie_companies.note,utf8,StdSearch,static,prefix-btree,full-scan,contains_japan,%(Japan)%,5,2609129,48897,180401044,35370287,35760128.0,36080208.8,36070922.44809288,37669508,37669508,35759094.0,556.0,13.705772309456528,13.824890221985958,13.705376008622034
job_movie_companies_note,movie_companies.note,utf8,StdSearch,static,qgram,full-scan,contains_japan,%(Japan)%,5,2609129,48897,180550209,35556598,35804710.0,36110041.8,36106579.77790687,36790248,36790248,35804601.0,109.0,13.72285923769963,13.838556468461315,13.722817461306052
job_movie_companies_note,movie_companies.note,utf8,LibcMemmem,static,full-scan,full-scan,contains_theatrical,%(theatrical)%,5,2609129,279657,179482003,35470028,35823128.0,35896400.6,35895276.93607419,36243127,36243127,35822526.0,111.0,13.72991829840533,13.757570438257364,13.729687570066487
job_movie_companies_note,movie_companies.note,utf8,LibcMemmem,static,qgram,full-scan,contains_blu_ray,%(Blu-ray)%,5,2609129,7963,179603569,35607431,35825350.0,35920713.8,35919795.9388994,36278150,36278150,35825240.0,110.0,13.730769923602857,13.766967827194438,13.730727763939614
job_movie_companies_note,movie_companies.note,utf8,StdSearch,static,qgram,full-scan,contains_2007,%(2007)%,5,2609129,62155,178674212,35091703,35878332.0,35734842.4,35731706.388744906,36420306,36420306,35878222.0,120.0,13.751076317039134,13.694879019013625,13.75103415737589
job_movie_companies_note,movie_companies.note,utf8,StdSearch,static,prefix-btree,full-scan,contains_1994,%(1994)%,5,2609129,8468,181871736,36159616,36302272.0,36374347.2,36373758.77004634,36763936,36763936,36301863.0,409.0,13.913559659181283,13.940958074514523,13.913402901887949
job_movie_companies_note,movie_companies.note,utf8,NaiveAutoWildcard,static,prefix-btree,full-scan,contains_200_wild,%(200%)%,5,2609129,440138,181880603,36233359,36335154.0,36376120.6,36375890.59239897,36602950,36602950,36334463.0,150.0,13.926162332333893,13.941775205442122,13.925897492994789
job_movie_companies_note,movie_companies.note,utf8,StdSearch,static,qgram,full-scan,contains_1994,%(1994)%,5,2609129,8468,181944171,36298501,36382011.0,36388834.2,36388767.30542078,36477454,36477454,36381901.0,110.0,13.944121199066815,13.946710568929324,13.94407903940357
job_movie_companies_note,movie_companies.note,utf8,NaiveAutoWildcard,static,full-scan,full-scan,contains_200_wild,%(200%)%,5,2609129,440138,183315996,36408784,36507886.0,36663199.2,36661953.32673061,37227472,37227472,36507785.0,111.0,13.992365268256188,14.051414475865318,13.992326558019936
job_movie_companies_note,movie_companies.note,utf8,StdSearch,static,full-scan,full-scan,contains_1994,%(1994)%,5,2609129,8468,183898565,36385275,36520207.0,36779713.0,36777737.520913854,37258642,37258642,36520108.0,100.0,13.997087533809175,14.095790970856559,13.997049590112256
job_movie_companies_note,movie_companies.note,utf8,NaiveAutoWildcard,static,fm,full-scan,contains_200_wild,%(200%)%,5,2609129,440138,183819113,36365725,36646671.0,36763822.6,36761921.85988095,37307111,37307111,36644136.0,2594.0,14.045557348831737,14.089729177821411,14.044585760228797
job_movie_companies_note,movie_companies.note,utf8,NaiveAutoWildcard,static,qgram,full-scan,contains_200_wild,%(200%)%,5,2609129,440138,183349249,36547800,36657027.0,36669849.8,36669696.77097943,36838241,36838241,36656927.0,110.0,14.04952648949132,14.054382132888025,14.049488162524735
job_movie_companies_note,movie_companies.note,utf8,StdSearch,static,qgram,full-scan,contains_blu_ray,%(Blu-ray)%,5,2609129,7963,183861276,36675331,36718335.0,36772255.2,36772072.17878925,36989083,36989083,36717677.0,100.0,14.073023986165499,14.093619748199496,14.072771794725366
job_movie_companies_note,movie_companies.note,utf8,LibcMemmem,static,prefix-btree,full-scan,not_contains_tv,%(TV)%,5,2609129,413698,185732396,36720306,36781838.0,37146479.2,37138464.85379672,38704400,38704400,36781316.0,431.0,14.097362759756225,14.234046687611077,14.097162692990649
job_movie_companies_note,movie_companies.note,utf8,LibcMemmem,static,fm,full-scan,not_contains_tv,%(TV)%,5,2609129,413698,184113257,36709150,36810446.0,36822651.4,36822514.23042115,36961120,36961120,36808201.0,2265.0,14.108327338356977,14.112952636684502,14.107466897957135
job_movie_companies_note,movie_companies.note,utf8,LibcMemmem,static,full-scan,full-scan,contains_2006,%(2006)%,5,2609129,57173,184436926,36373504,36859496.0,36887385.2,36885640.110014364,37477999,37477999,36858512.0,101.0,14.127126715467115,14.137146917611203,14.126749578115914
job_movie_companies_note,movie_companies.note,utf8,LibcMemmem,static,full-scan,full-scan,not_contains_tv,%(TV)%,5,2609129,413698,184267055,36736850,36924402.0,36853411.0,36853292.43891741,36934872,36934872,36924302.0,110.0,14.152003216399036,14.124748910460157,14.15196488943245
job_movie_companies_note,movie_companies.note,utf8,LibcMemmem,static,qgram,full-scan,contains_1994,%(1994)%,5,2609129,8468,185289935,36860390,36950774.0,37057987.0,37057136.94388335,37548342,37548342,36950664.0,110.0,14.162110804026938,14.202876132226502,14.162068644363695
job_movie_companies_note,movie_companies.note,utf8,LibcMemmem,static,prefix-btree,full-scan,contains_1994,%(1994)%,5,2609129,8468,185116499,36523413,36988706.0,37023299.8,37022115.99393452,37390889,37390889,36988222.0,484.0,14.176648988992111,14.189453645258629,14.176463486473839
job_movie_companies_note,movie_companies.note,utf8,LibcMemmem,static,prefix-btree,full-scan,contains_2006,%(2006)%,5,2609129,57173,186080285,36993519,37023401.0,37216057.0,37214201.61739085,37960760,37960760,37023211.0,271.0,14.189946530048918,14.263074382293862,14.189873708812405
job_movie_companies_note,movie_companies.note,utf8,LibcMemmem,static,qgram,full-scan,contains_2006,%(2006)%,5,2609129,57173,197134161,36837063,37221963.0,39426832.2,39176870.63996659,48788118,48788118,37221852.0,111.0,14.26604932144022,15.015305874105879,14.266006778507311
job_movie_companies_note,movie_companies.note,utf8,StdSearch,static,prefix-btree,full-scan,contains_blu_ray,%(Blu-ray)%,5,2609129,7963,186306918,37092933,37267784.0,37261383.6,37261061.29204451,37502211,37502211,37267414.0,409.0,14.283611120799316,14.28103439883578,14.28346931102295
job_movie_companies_note,movie_companies.note,utf8,LibcMemmem,static,qgram,full-scan,not_contains_tv,%(TV)%,5,2609129,413698,186107494,36741785,37273354.0,37221498.8,37219534.75862771,37641574,37641574,37272963.0,111.0,14.285745932838124,14.26511835942186,14.285596074398775
job_movie_companies_note,movie_companies.note,utf8,StdSearch,static,full-scan,full-scan,contains_blu_ray,%(Blu-ray)%,5,2609129,7963,186631067,37050845,37288369.0,37326213.4,37325280.09044453,37791099,37791099,37288269.0,100.0,14.291500726870922,14.305647593507258,14.291462399904336
job_movie_companies_note,movie_companies.note,utf8,LibcMemmem,static,full-scan,full-scan,contains_1994,%(1994)%,5,2609129,8468,196104404,36251630,37322767.0,39220880.8,38969510.05109261,48536494,48536494,37322657.0,111.0,14.304684436836967,14.935831076194393,14.304642277173723
job_movie_companies_note,movie_companies.note,utf8,StdSearch,static,qgram,full-scan,contains_france,%(France)%,5,2609129,39148,188063056,37328720,37557975.0,37612611.2,37611886.02999485,37968163,37968163,37557478.0,119.0,14.394832528403157,14.415494979359012,14.394642043379227
job_movie_companies_note,movie_companies.note,utf8,StdSearch,static,prefix-btree,full-scan,contains_france,%(France)%,5,2609129,39148,187923965,37343165,37653891.0,37584793.0,37584353.14658449,37796493,37796493,37653543.0,358.0,14.43159422167321,14.404942415649053,14.431460843829493
job_movie_companies_note,movie_companies.note,utf8,LibcMemmem,static,prefix-btree,full-scan,contains_usa,%(USA)%,5,2609129,487819,189918490,37813509,37959597.0,37983698.0,37983483.67755335,38165882,38165882,37959155.0,351.0,14.548762058142774,14.557916837381363,14.548592652950468
job_movie_companies_note,movie_companies.note,utf8,LibcMemmem,static,prefix-btree,full-scan,not_contains_usa,%(USA)%,5,2609129,487819,190762087,37994983,38182912.0,38152417.4,38152244.66527527,38296752,38296752,38182561.0,361.0,14.634351923572963,14.622597809460553,14.634217395920247
job_movie_companies_note,movie_companies.note,utf8,LibcMemmem,static,qgram,full-scan,not_contains_usa,%(USA)%,5,2609129,487819,196598982,37591249,38191690.0,39319796.4,39258413.861417904,43608109,43608109,38191590.0,100.0,14.63771626469983,15.046558832468612,14.637677937733244
job_movie_companies_note,movie_companies.note,utf8,LibcMemmem,static,fm,full-scan,contains_usa,%(USA)%,5,2609129,487819,191347025,38078241,38206436.0,38269405.0,38268548.89612012,38769512,38769512,38203105.0,3331.0,14.643367959192512,14.667173604678036,14.642091287935552
job_movie_companies_note,movie_companies.note,utf8,LibcMemmem,static,fm,full-scan,not_contains_usa,%(USA)%,5,2609129,487819,202442825,37968293,38228099.0,40488565.0,40244544.78476932,49857237,49857237,38224572.0,2806.0,14.651670729963907,15.424512931326891,14.65031893785244
job_movie_companies_note,movie_companies.note,utf8,LibcMemmem,static,full-scan,full-scan,contains_usa,%(USA)%,5,2609129,487819,190970392,37922102,38228411.0,38194078.4,38193696.75281467,38426380,38426380,38227889.0,110.0,14.651790310099654,14.638485103649533,14.651590243334079
job_movie_companies_note,movie_companies.note,utf8,LibcMemmem,static,full-scan,full-scan,not_contains_usa,%(USA)%,5,2609129,487819,191394523,38057326,38356330.0,38278904.6,38278568.27737276,38490983,38490983,38356220.0,110.0,14.700817782486032,14.671013966729893,14.700775622822789
job_movie_companies_note,movie_companies.note,utf8,StdSearch,static,full-scan,full-scan,contains_france,%(France)%,5,2609129,39148,191184505,37325255,38641827.0,38236901.0,38230707.41900599,38887651,38887651,38641717.0,110.0,14.810240122278355,14.652670297252454,14.81019796261511
job_movie_companies_note,movie_companies.note,utf8,LibcMemmem,static,qgram,full-scan,contains_usa,%(USA)%,5,2609129,487819,203474667,37886774,38691434.0,40694933.4,40470540.13555783,49635197,49635197,38691334.0,110.0,14.829252980592374,15.511130342731233,14.829214653625789
job_movie_companies_note,movie_companies.note,utf8,StdSearch,static,full-scan,full-scan,contains_worldwide,%(worldwide)%,5,2609129,103199,202783347,38883238,39267860.0,40556669.4,40467986.332924634,46086961,46086961,39267750.0,110.0,15.050179581001936,15.510151472004642,15.050137421338691
job_movie_companies_note,movie_companies.note,utf8,StdSearch,static,qgram,full-scan,contains_worldwide,%(worldwide)%,5,2609129,103199,196757198,39265659,39281770.0,39351439.6,39351328.68690203,39476440,39476440,39281660.0,110.0,15.055510862053966,15.082170333471439,15.055468702390721
job_movie_companies_note,movie_companies.note,utf8,StdSearch,static,prefix-btree,full-scan,contains_worldwide,%(worldwide)%,5,2609129,103199,198069194,39172297,39580742.0,39613838.8,39612326.75013152,40122559,40122559,39580182.0,560.0,15.17009776059367,15.182202949720002,15.169883129580791
job_movie_companies_note,movie_companies.note,utf8,StdSearch,static,full-scan,full-scan,contains_presents,%(presents)%,5,2609129,11131,204330182,40168049,40503401.0,40866036.4,40853809.51144586,42870123,42870123,40503291.0,109.0,15.523724967220861,15.658025724293433,15.523682807557618
job_movie_companies_note,movie_companies.note,utf8,StdSearch,static,prefix-btree,full-scan,contains_presents,%(presents)%,5,2609129,11131,204732257,40206554,40759897.0,40946451.4,40940208.89520004,42317699,42317699,40759609.0,377.0,15.622032103433751,15.691139840153554,15.621921721769985
job_movie_companies_note,movie_companies.note,utf8,StdSearch,static,qgram,full-scan,contains_presents,%(presents)%,5,2609129,11131,203894861,40061191,40779180.0,40778972.2,40776629.8462399,41325209,41325209,40779070.0,110.0,15.629422692400414,15.628444971482821,15.62938053273717
job_movie_companies_note,movie_companies.note,utf8,StdSearch,static,full-scan,full-scan,contains_co_production,%(co-production)%,5,2609129,17816,214688180,42427663,42939968.0,42937636.0,42935485.99835232,43707589,43707589,42939322.0,109.0,16.457587187141762,16.45586898922974,16.457339594937622
job_movie_companies_note,movie_companies.note,utf8,StdSearch,static,prefix-btree,full-scan,contains_co_production,%(co-production)%,5,2609129,17816,216059309,43079075,43106989.0,43211861.8,43211433.844697565,43588438,43588438,43106005.0,357.0,16.521601270002364,16.561631486982822,16.521224132651163
job_movie_companies_note,movie_companies.note,utf8,StdSearch,static,qgram,full-scan,contains_theatrical,%(theatrical)%,5,2609129,279657,217761417,43452112,43554555.0,43552283.4,43552244.96440402,43617854,43617854,43554455.0,100.0,16.69313974126998,16.69225400507219,16.693101414303396
job_movie_companies_note,movie_companies.note,utf8,StdSearch,static,full-scan,full-scan,contains_theatrical,%(theatrical)%,5,2609129,279657,219044969,43296767,43578639.0,43808993.8,43804853.41584889,45000642,45000642,43578529.0,110.0,16.702370407902407,16.789071372093904,16.702328248239162
job_movie_companies_note,movie_companies.note,utf8,StdSearch,static,prefix-btree,full-scan,contains_theatrical,%(theatrical)%,5,2609129,279657,218892217,43302669,43585511.0,43778443.4,43776081.141820475,44402286,44402286,43585090.0,421.0,16.705004237046158,16.778043937267952,16.704842880516832
job_movie_companies_note,movie_companies.note,utf8,StdSearch,static,full-scan,full-scan,contains_200_wild,%(200%)%,5,2609129,440138,218677742,43318250,43763067.0,43735548.4,43733826.7939303,44422429,44422429,43762458.0,110.0,16.77305606583653,16.761848877537293,16.772822654610025
job_movie_companies_note,movie_companies.note,utf8,StdSearch,static,fm,full-scan,contains_200_wild,%(200%)%,5,2609129,440138,218950039,43331254,43820219.0,43790007.8,43788769.042475894,44148436,44148436,43817345.0,2874.0,16.79496069377942,16.78290686278831,16.793859176759753
job_movie_companies_note,movie_companies.note,utf8,StdSearch,static,prefix-btree,full-scan,contains_200_wild,%(200%)%,5,2609129,440138,219335076,43508817,43932213.0,43867015.2,43866561.25386287,44108981,44108981,43931873.0,299.0,16.837884596737073,16.812722176634423,16.837754285050682
job_movie_companies_note,movie_companies.note,utf8,StdSearch,static,qgram,full-scan,contains_200_wild,%(200%)%,5,2609129,440138,221229502,43832595,44124855.0,44245900.4,44244530.77164692,44879571,44879571,44124746.0,109.0,16.911718431706518,16.9575862289676,16.91167665531294
job_movie_companies_note,movie_companies.note,utf8,LibcMemmem,static,prefix-btree,full-scan,contains_200_wild,%(200%)%,5,2609129,440138,238178588,47437105,47606698.0,47635717.6,47635396.30498387,47934641,47934641,47606497.0,201.0,18.246203234872635,18.257202307743313,18.246126197669795
job_movie_companies_note,movie_companies.note,utf8,LibcMemmem,static,qgram,full-scan,contains_200_wild,%(200%)%,5,2609129,440138,238260643,47449128,47685738.0,47652128.6,47651909.35261806,47870657,47870657,47685075.0,110.0,18.276496869261734,18.26353123973556,18.276242761473274
job_movie_companies_note,movie_companies.note,utf8,LibcMemmem,static,full-scan,full-scan,contains_200_wild,%(200%)%,5,2609129,440138,240973304,47659811,47912552.0,48194660.8,48191983.94689008,49086264,49086264,47912442.0,110.0,18.363427795252747,18.470525221251997,18.363385635589502
job_movie_companies_note,movie_companies.note,utf8,LibcMemmem,static,fm,full-scan,contains_200_wild,%(200%)%,5,2609129,440138,246448736,47764169,48786961.0,49289747.2,49251511.82023406,53143450,53143450,48783937.0,3024.0,18.698562240502483,18.87661016377496,18.69740323303294
