dataset,column,data_path,data_type,storage,algorithm,generic_matcher,requested_index,actual_index,pattern_name,pattern,iteration,row_count,total_input_sequence_bytes,total_loaded_symbols,records_seen,records_loaded,records_skipped,records_truncated,records_invalid_dna,load_ns,index_build_ns,compile_ns,candidate_prepare_ns,execute_ns,query_total_ns,candidate_rows_seen,rows_after_len_filter,rows_matched,ns_per_table_row,ns_per_candidate_row,ns_per_loaded_symbol,fallback_reason
job_name_name,name.name,benchmarks/job/../../data/job/name__name.csv,job-csv,utf8,LibcMemmem,static,fm,fm,contains_an,%An%,0,4167491,60681846,60681846,4167491,4167491,0,0,0,1338257961,62312623267,6107,3402293,11821411,15223704,163621,163621,163621,3.6529662571556845,72.2487394649831,0.2508774040921563,
job_name_name,name.name,benchmarks/job/../../data/job/name__name.csv,job-csv,utf8,LibcMemmem,static,fm,fm,contains_an,%An%,1,4167491,60681846,60681846,4167491,4167491,0,0,0,1338257961,62312623267,6107,3531862,12520229,16052091,163621,163621,163621,3.8517398117956345,76.51969490468828,0.26452871918233994,
job_name_name,name.name,benchmarks/job/../../data/job/name__name.csv,job-csv,utf8,LibcMemmem,static,fm,fm,contains_an,%An%,2,4167491,60681846,60681846,4167491,4167491,0,0,0,1338257961,62312623267,6107,3340708,10822972,14163680,163621,163621,163621,3.3986108188356017,66.14659487474101,0.2334088518005863,
job_name_name,name.name,benchmarks/job/../../data/job/name__name.csv,job-csv,utf8,LibcMemmem,static,fm,fm,contains_an,%An%,3,4167491,60681846,60681846,4167491,4167491,0,0,0,1338257961,62312623267,6107,3313366,11055700,14369066,163621,163621,163621,3.447893708708669,67.56895508522744,0.23679348845122478,
job_name_name,name.name,benchmarks/job/../../data/job/name__name.csv,job-csv,utf8,LibcMemmem,static,fm,fm,contains_an,%An%,4,4167491,60681846,60681846,4167491,4167491,0,0,0,1338257961,62312623267,6107,3245975,11164708,14410683,163621,163621,163621,3.457879813057785,68.2351776361225,0.23747931135779884,
job_name_name,name.name,benchmarks/job/../../data/job/name__name.csv,job-csv,utf8,LibcMemmem,static,full-scan,full-scan,contains_an,%An%,0,4167491,60681846,60681846,4167491,4167491,0,0,0,1338257961,0,6107,493,64495918,64496411,4167491,4167473,163621,15.476076852955412,15.47595855635921,1.062861716500846,
job_name_name,name.name,benchmarks/job/../../data/job/name__name.csv,job-csv,utf8,LibcMemmem,static,full-scan,full-scan,contains_an,%An%,1,4167491,60681846,60681846,4167491,4167491,0,0,0,1338257961,0,6107,111,63383348,63383459,4167491,4167473,163621,15.209021207244358,15.208994572513774,1.0445209428862794,
job_name_name,name.name,benchmarks/job/../../data/job/name__name.csv,job-csv,utf8,LibcMemmem,static,full-scan,full-scan,contains_an,%An%,2,4167491,60681846,60681846,4167491,4167491,0,0,0,1338257961,0,6107,251,63261730,63261981,4167491,4167473,163621,15.179872254073254,15.17981202598878,1.0425190591598021,
job_name_name,name.name,benchmarks/job/../../data/job/name__name.csv,job-csv,utf8,LibcMemmem,static,full-scan,full-scan,contains_an,%An%,3,4167491,60681846,60681846,4167491,4167491,0,0,0,1338257961,0,6107,121,76918192,76918313,4167491,4167473,163621,18.45674363783869,18.456714603582828,1.2675671237819628,
job_name_name,name.name,benchmarks/job/../../data/job/name__name.csv,job-csv,utf8,LibcMemmem,static,full-scan,full-scan,contains_an,%An%,4,4167491,60681846,60681846,4167491,4167491,0,0,0,1338257961,0,6107,111,63536669,63536780,4167491,4167473,163621,15.24581096875794,15.245784334027356,1.047047579930248,
job_name_name,name.name,benchmarks/job/../../data/job/name__name.csv,job-csv,utf8,LibcMemmem,static,prefix-btree,full-scan,contains_an,%An%,0,4167491,60681846,60681846,4167491,4167491,0,0,0,1338257961,1584574030,6107,1667,64384627,64386294,4167491,4167473,163621,15.44965400045255,15.449253999588722,1.0610470551604512,no-indexable-prefix
job_name_name,name.name,benchmarks/job/../../data/job/name__name.csv,job-csv,utf8,LibcMemmem,static,prefix-btree,full-scan,contains_an,%An%,1,4167491,60681846,60681846,4167491,4167491,0,0,0,1338257961,1584574030,6107,673,63720341,63721014,4167491,4167473,163621,15.290018382763154,15.28985689471195,1.050083644456037,no-indexable-prefix
job_name_name,name.name,benchmarks/job/../../data/job/name__name.csv,job-csv,utf8,LibcMemmem,static,prefix-btree,full-scan,contains_an,%An%,2,4167491,60681846,60681846,4167491,4167491,0,0,0,1338257961,1584574030,6107,744,64136237,64136981,4167491,4167473,163621,15.389830715891168,15.38965219121049,1.0569385282049593,no-indexable-prefix
job_name_name,name.name,benchmarks/job/../../data/job/name__name.csv,job-csv,utf8,LibcMemmem,static,prefix-btree,full-scan,contains_an,%An%,3,4167491,60681846,60681846,4167491,4167491,0,0,0,1338257961,1584574030,6107,673,64701557,64702230,4167491,4167473,163621,15.525463642273012,15.525302154221809,1.0662534887287378,no-indexable-prefix
job_name_name,name.name,benchmarks/job/../../data/job/name__name.csv,job-csv,utf8,LibcMemmem,static,prefix-btree,full-scan,contains_an,%An%,4,4167491,60681846,60681846,4167491,4167491,0,0,0,1338257961,1584574030,6107,663,64793643,64794306,4167491,4167473,163621,15.54755751122198,15.547398422696054,1.0677708453365113,no-indexable-prefix
job_name_name,name.name,benchmarks/job/../../data/job/name__name.csv,job-csv,utf8,LibcMemmem,static,qgram,full-scan,contains_an,%An%,0,4167491,60681846,60681846,4167491,4167491,0,0,0,1338257961,588757039,6107,392,85552411,85552803,4167491,4167473,163621,20.52861133953259,20.528517278141692,1.4098582795256427,literal-shorter-than-qgram
job_name_name,name.name,benchmarks/job/../../data/job/name__name.csv,job-csv,utf8,LibcMemmem,static,qgram,full-scan,contains_an,%An%,1,4167491,60681846,60681846,4167491,4167491,0,0,0,1338257961,588757039,6107,100,64379828,64379928,4167491,4167473,163621,15.448126462660627,15.448102467407848,1.060942147343375,literal-shorter-than-qgram
job_name_name,name.name,benchmarks/job/../../data/job/name__name.csv,job-csv,utf8,LibcMemmem,static,qgram,full-scan,contains_an,%An%,2,4167491,60681846,60681846,4167491,4167491,0,0,0,1338257961,588757039,6107,111,62911104,62911215,4167491,4167473,163621,15.095705065709799,15.095678430979214,1.0367386483265522,literal-shorter-than-qgram
job_name_name,name.name,benchmarks/job/../../data/job/name__name.csv,job-csv,utf8,LibcMemmem,static,qgram,full-scan,contains_an,%An%,3,4167491,60681846,60681846,4167491,4167491,0,0,0,1338257961,588757039,6107,341,63528345,63528686,4167491,4167473,163621,15.243868792997993,15.243786969186017,1.046914195721732,literal-shorter-than-qgram
job_name_name,name.name,benchmarks/job/../../data/job/name__name.csv,job-csv,utf8,LibcMemmem,static,qgram,full-scan,contains_an,%An%,4,4167491,60681846,60681846,4167491,4167491,0,0,0,1338257961,588757039,6107,170,62979297,62979467,4167491,4167473,163621,15.112082305636653,15.112041513706929,1.0378633998708608,literal-shorter-than-qgram
job_name_name,name.name,benchmarks/job/../../data/job/name__name.csv,job-csv,utf8,LibcMemmem,static,trigram,full-scan,contains_an,%An%,0,4167491,60681846,60681846,4167491,4167491,0,0,0,1338257961,3192349665,6107,472,63003947,63004419,4167491,4167473,163621,15.118069601110117,15.117956343517,1.0382745936898492,literal-shorter-than-trigram
job_name_name,name.name,benchmarks/job/../../data/job/name__name.csv,job-csv,utf8,LibcMemmem,static,trigram,full-scan,contains_an,%An%,1,4167491,60681846,60681846,4167491,4167491,0,0,0,1338257961,3192349665,6107,110,63078171,63078281,4167491,4167473,163621,15.135792974717882,15.135766579939824,1.0394917946299789,literal-shorter-than-trigram
job_name_name,name.name,benchmarks/job/../../data/job/name__name.csv,job-csv,utf8,LibcMemmem,static,trigram,full-scan,contains_an,%An%,2,4167491,60681846,60681846,4167491,4167491,0,0,0,1338257961,3192349665,6107,121,64210899,64211020,4167491,4167473,163621,15.407596561096353,15.40756752684049,1.0581586459976844,literal-shorter-than-trigram
job_name_name,name.name,benchmarks/job/../../data/job/name__name.csv,job-csv,utf8,LibcMemmem,static,trigram,full-scan,contains_an,%An%,3,4167491,60681846,60681846,4167491,4167491,0,0,0,1338257961,3192349665,6107,111,63658503,63658614,4167491,4167473,163621,15.27504534502894,15.275018710298355,1.0490553303207024,literal-shorter-than-trigram
job_name_name,name.name,benchmarks/job/../../data/job/name__name.csv,job-csv,utf8,LibcMemmem,static,trigram,full-scan,contains_an,%An%,4,4167491,60681846,60681846,4167491,4167491,0,0,0,1338257961,3192349665,6107,100,64356961,64357061,4167491,4167473,163621,15.44263946820761,15.44261547295483,1.0605653130591972,literal-shorter-than-trigram
job_name_name,name.name,benchmarks/job/../../data/job/name__name.csv,job-csv,utf8,LibcMemmem,static,fm,fm,contains_ang,%Ang%,0,4167491,60681846,60681846,4167491,4167491,0,0,0,1338257961,62312623267,1566,289484,1574737,1864221,15803,15803,15803,0.4473245413127467,99.64797823198127,0.03072123086037956,
job_name_name,name.name,benchmarks/job/../../data/job/name__name.csv,job-csv,utf8,LibcMemmem,static,fm,fm,contains_ang,%Ang%,1,4167491,60681846,60681846,4167491,4167491,0,0,0,1338257961,62312623267,1566,271123,1204222,1475345,15803,15803,15803,0.35401276211514315,76.20211352274885,0.02431279035248862,
job_name_name,name.name,benchmarks/job/../../data/job/name__name.csv,job-csv,utf8,LibcMemmem,static,fm,fm,contains_ang,%Ang%,2,4167491,60681846,60681846,4167491,4167491,0,0,0,1338257961,62312623267,1566,219294,879141,1098435,15803,15803,15803,0.2635722548650975,55.631272543188004,0.01810154226356265,
job_name_name,name.name,benchmarks/job/../../data/job/name__name.csv,job-csv,utf8,LibcMemmem,static,fm,fm,contains_ang,%Ang%,3,4167491,60681846,60681846,4167491,4167491,0,0,0,1338257961,62312623267,1566,196767,938098,1134865,15803,15803,15803,0.27231372545255644,59.362019869645,0.018701886557637024,
job_name_name,name.name,benchmarks/job/../../data/job/name__name.csv,job-csv,utf8,LibcMemmem,static,fm,fm,contains_ang,%Ang%,4,4167491,60681846,60681846,4167491,4167491,0,0,0,1338257961,62312623267,1566,228509,784678,1013187,15803,15803,15803,0.24311678177589346,49.65373663228501,0.016696706952520856,
job_name_name,name.name,benchmarks/job/../../data/job/name__name.csv,job-csv,utf8,LibcMemmem,static,full-scan,full-scan,contains_ang,%Ang%,0,4167491,60681846,60681846,4167491,4167491,0,0,0,1338257961,0,1566,903,118098421,118099324,4167491,4167235,15803,28.338231324314798,28.338014647182202,1.9462051961965692,
job_name_name,name.name,benchmarks/job/../../data/job/name__name.csv,job-csv,utf8,LibcMemmem,static,full-scan,full-scan,contains_ang,%Ang%,1,4167491,60681846,60681846,4167491,4167491,0,0,0,1338257961,0,1566,120,117559186,117559306,4167491,4167235,15803,28.20865264016167,28.208623845858334,1.9373060272424805,
job_name_name,name.name,benchmarks/job/../../data/job/name__name.csv,job-csv,utf8,LibcMemmem,static,full-scan,full-scan,contains_ang,%Ang%,2,4167491,60681846,60681846,4167491,4167491,0,0,0,1338257961,0,1566,110,118013083,118013193,4167491,4167235,15803,28.317563973143553,28.317537578365496,1.9447858095813366,
job_name_name,name.name,benchmarks/job/../../data/job/name__name.csv,job-csv,utf8,LibcMemmem,static,full-scan,full-scan,contains_ang,%Ang%,3,4167491,60681846,60681846,4167491,4167491,0,0,0,1338257961,0,1566,121,118651511,118651632,4167491,4167235,15803,28.470759025034486,28.470729990778626,1.955306896893018,
job_name_name,name.name,benchmarks/job/../../data/job/name__name.csv,job-csv,utf8,LibcMemmem,static,full-scan,full-scan,contains_ang,%Ang%,4,4167491,60681846,60681846,4167491,4167491,0,0,0,1338257961,0,1566,151,118307997,118308148,4167491,4167235,15803,28.388339170978412,28.388302938146715,1.9496464890010103,
job_name_name,name.name,benchmarks/job/../../data/job/name__name.csv,job-csv,utf8,LibcMemmem,static,prefix-btree,full-scan,contains_ang,%Ang%,0,4167491,60681846,60681846,4167491,4167491,0,0,0,1338257961,1584574030,1566,1405,119254416,119255821,4167491,4167235,15803,28.61573570284855,28.615398569547,1.965263564987789,no-indexable-prefix
job_name_name,name.name,benchmarks/job/../../data/job/name__name.csv,job-csv,utf8,LibcMemmem,static,prefix-btree,full-scan,contains_ang,%Ang%,1,4167491,60681846,60681846,4167491,4167491,0,0,0,1338257961,1584574030,1566,783,117226346,117227129,4167491,4167235,15803,28.12894592933734,28.12875804650808,1.9318319518493225,no-indexable-prefix
job_name_name,name.name,benchmarks/job/../../data/job/name__name.csv,job-csv,utf8,LibcMemmem,static,prefix-btree,full-scan,contains_ang,%Ang%,2,4167491,60681846,60681846,4167491,4167491,0,0,0,1338257961,1584574030,1566,723,116824826,116825549,4167491,4167235,15803,28.03258579322667,28.032412307549073,1.925214157130289,no-indexable-prefix
job_name_name,name.name,benchmarks/job/../../data/job/name__name.csv,job-csv,utf8,LibcMemmem,static,prefix-btree,full-scan,contains_ang,%Ang%,3,4167491,60681846,60681846,4167491,4167491,0,0,0,1338257961,1584574030,1566,732,115401490,115402222,4167491,4167235,15803,27.691054881702204,27.69087923645186,1.90175859185299,no-indexable-prefix
job_name_name,name.name,benchmarks/job/../../data/job/name__name.csv,job-csv,utf8,LibcMemmem,static,prefix-btree,full-scan,contains_ang,%Ang%,4,4167491,60681846,60681846,4167491,4167491,0,0,0,1338257961,1584574030,1566,682,115661971,115662653,4167491,4167235,15803,27.753545958467576,27.753382310843623,1.9060503367020178,no-indexable-prefix
job_name_name,name.name,benchmarks/job/../../data/job/name__name.csv,job-csv,utf8,LibcMemmem,static,qgram,full-scan,contains_ang,%Ang%,0,4167491,60681846,60681846,4167491,4167491,0,0,0,1338257961,588757039,1566,491,117317220,117317711,4167491,4167235,15803,28.150681309209787,28.15056349251864,1.9333246882436634,literal-shorter-than-qgram
job_name_name,name.name,benchmarks/job/../../data/job/name__name.csv,job-csv,utf8,LibcMemmem,static,qgram,full-scan,contains_ang,%Ang%,1,4167491,60681846,60681846,4167491,4167491,0,0,0,1338257961,588757039,1566,110,119898665,119898775,4167491,4167235,15803,28.770014140402463,28.769987745624405,1.9758590567597432,literal-shorter-than-qgram
job_name_name,name.name,benchmarks/job/../../data/job/name__name.csv,job-csv,utf8,LibcMemmem,static,qgram,full-scan,contains_ang,%Ang%,2,4167491,60681846,60681846,4167491,4167491,0,0,0,1338257961,588757039,1566,120,116365614,116365734,4167491,4167235,15803,27.922252021660036,27.9222232273567,1.917636684948576,literal-shorter-than-qgram
job_name_name,name.name,benchmarks/job/../../data/job/name__name.csv,job-csv,utf8,LibcMemmem,static,qgram,full-scan,contains_ang,%Ang%,3,4167491,60681846,60681846,4167491,4167491,0,0,0,1338257961,588757039,1566,100,115804472,115804572,4167491,4167235,15803,27.787599781259274,27.787575786006496,1.9083890757047832,literal-shorter-than-qgram
job_name_name,name.name,benchmarks/job/../../data/job/name__name.csv,job-csv,utf8,LibcMemmem,static,qgram,full-scan,contains_ang,%Ang%,4,4167491,60681846,60681846,4167491,4167491,0,0,0,1338257961,588757039,1566,230,118369819,118370049,4167491,4167235,15803,28.403192472401262,28.403137283319868,1.950666579919141,literal-shorter-than-qgram
job_name_name,name.name,benchmarks/job/../../data/job/name__name.csv,job-csv,utf8,LibcMemmem,static,trigram,trigram,contains_ang,%Ang%,0,4167491,60681846,60681846,4167491,4167491,0,0,0,1338257961,3192349665,1566,6550,1307105,1313655,15803,15803,15803,0.3152148378964706,82.7124596595583,0.0216482372668755,
job_name_name,name.name,benchmarks/job/../../data/job/name__name.csv,job-csv,utf8,LibcMemmem,static,trigram,trigram,contains_ang,%Ang%,1,4167491,60681846,60681846,4167491,4167491,0,0,0,1338257961,3192349665,1566,5298,931180,936478,15803,15803,15803,0.22471026332150448,58.92425488831235,0.015432589179966608,
job_name_name,name.name,benchmarks/job/../../data/job/name__name.csv,job-csv,utf8,LibcMemmem,static,trigram,trigram,contains_ang,%Ang%,2,4167491,60681846,60681846,4167491,4167491,0,0,0,1338257961,3192349665,1566,5818,2096781,2102599,15803,15803,15803,0.5045239449827246,132.6824653546795,0.03464955565128985,
job_name_name,name.name,benchmarks/job/../../data/job/name__name.csv,job-csv,utf8,LibcMemmem,static,trigram,trigram,contains_ang,%Ang%,3,4167491,60681846,60681846,4167491,4167491,0,0,0,1338257961,3192349665,1566,12688,1451905,1464593,15803,15803,15803,0.3514327925363246,91.87527684616845,0.024135603916861724,
job_name_name,name.name,benchmarks/job/../../data/job/name__name.csv,job-csv,utf8,LibcMemmem,static,trigram,trigram,contains_ang,%Ang%,4,4167491,60681846,60681846,4167491,4167491,0,0,0,1338257961,3192349665,1566,5758,1280757,1286515,15803,15803,15803,0.30870252629219835,81.04518129469088,0.02120098653557771,
job_name_name,name.name,benchmarks/job/../../data/job/name__name.csv,job-csv,utf8,LibcMemmem,static,fm,fm,contains_angel,%Angel%,0,4167491,60681846,60681846,4167491,4167491,0,0,0,1338257961,62312623267,2324,228010,622303,850313,12221,12221,12221,0.20403475376431526,50.92079207920792,0.014012642265365494,
job_name_name,name.name,benchmarks/job/../../data/job/name__name.csv,job-csv,utf8,LibcMemmem,static,fm,fm,contains_angel,%Angel%,1,4167491,60681846,60681846,4167491,4167491,0,0,0,1338257961,62312623267,2324,166030,586962,752992,12221,12221,12221,0.1806823338070796,48.02896653301694,0.012408851240286923,
job_name_name,name.name,benchmarks/job/../../data/job/name__name.csv,job-csv,utf8,LibcMemmem,static,fm,fm,contains_angel,%Angel%,2,4167491,60681846,60681846,4167491,4167491,0,0,0,1338257961,62312623267,2324,164779,607061,771840,12221,12221,12221,0.18520495905090137,49.67359463219049,0.012719454843216207,
job_name_name,name.name,benchmarks/job/../../data/job/name__name.csv,job-csv,utf8,LibcMemmem,static,fm,fm,contains_angel,%Angel%,3,4167491,60681846,60681846,4167491,4167491,0,0,0,1338257961,62312623267,2324,155535,605198,760733,12221,12221,12221,0.18253980632471672,49.52115211521152,0.01253641822300528,
job_name_name,name.name,benchmarks/job/../../data/job/name__name.csv,job-csv,utf8,LibcMemmem,static,fm,fm,contains_angel,%Angel%,4,4167491,60681846,60681846,4167491,4167491,0,0,0,1338257961,62312623267,2324,156997,578329,735326,12221,12221,12221,0.17644333245110788,47.32255952868014,0.012117726280113495,
job_name_name,name.name,benchmarks/job/../../data/job/name__name.csv,job-csv,utf8,LibcMemmem,static,full-scan,full-scan,contains_angel,%Angel%,0,4167491,60681846,60681846,4167491,4167491,0,0,0,1338257961,0,2324,951,104405581,104406532,4167491,4153604,12221,25.05261127138607,25.052383076532138,1.7205562928985383,
job_name_name,name.name,benchmarks/job/../../data/job/name__name.csv,job-csv,utf8,LibcMemmem,static,full-scan,full-scan,contains_angel,%Angel%,1,4167491,60681846,60681846,4167491,4167491,0,0,0,1338257961,0,2324,111,103860831,103860942,4167491,4153604,12221,24.921695571748085,24.9216689370175,1.71156530076557,
job_name_name,name.name,benchmarks/job/../../data/job/name__name.csv,job-csv,utf8,LibcMemmem,static,full-scan,full-scan,contains_angel,%Angel%,2,4167491,60681846,60681846,4167491,4167491,0,0,0,1338257961,0,2324,110,104484455,104484565,4167491,4153604,12221,25.071335486987255,25.071309092209198,1.721842229387682,
job_name_name,name.name,benchmarks/job/../../data/job/name__name.csv,job-csv,utf8,LibcMemmem,static,full-scan,full-scan,contains_angel,%Angel%,3,4167491,60681846,60681846,4167491,4167491,0,0,0,1338257961,0,2324,110,116138119,116138229,4167491,4153604,12221,27.867661621824737,27.86763522704668,1.913887540599869,
job_name_name,name.name,benchmarks/job/../../data/job/name__name.csv,job-csv,utf8,LibcMemmem,static,full-scan,full-scan,contains_angel,%Angel%,4,4167491,60681846,60681846,4167491,4167491,0,0,0,1338257961,0,2324,100,103249598,103249698,4167491,4153604,12221,24.77502602885045,24.775002033597673,1.7014923705518121,
job_name_name,name.name,benchmarks/job/../../data/job/name__name.csv,job-csv,utf8,LibcMemmem,static,prefix-btree,full-scan,contains_angel,%Angel%,0,4167491,60681846,60681846,4167491,4167491,0,0,0,1338257961,1584574030,2324,1702,110527383,110529085,4167491,4153604,12221,26.52173334027596,26.521324941073658,1.8214522511394924,no-indexable-prefix
job_name_name,name.name,benchmarks/job/../../data/job/name__name.csv,job-csv,utf8,LibcMemmem,static,prefix-btree,full-scan,contains_angel,%Angel%,1,4167491,60681846,60681846,4167491,4167491,0,0,0,1338257961,1584574030,2324,841,107513021,107513862,4167491,4153604,12221,25.798222959569678,25.798021159493807,1.7717632057534967,no-indexable-prefix
job_name_name,name.name,benchmarks/job/../../data/job/name__name.csv,job-csv,utf8,LibcMemmem,static,prefix-btree,full-scan,contains_angel,%Angel%,2,4167491,60681846,60681846,4167491,4167491,0,0,0,1338257961,1584574030,2324,701,101508617,101509318,4167491,4153604,12221,24.357417448531983,24.35724924181,1.6728119642240284,no-indexable-prefix
job_name_name,name.name,benchmarks/job/../../data/job/name__name.csv,job-csv,utf8,LibcMemmem,static,prefix-btree,full-scan,contains_angel,%Angel%,3,4167491,60681846,60681846,4167491,4167491,0,0,0,1338257961,1584574030,2324,581,102480833,102481414,4167491,4153604,12221,24.59067434098838,24.59053492856973,1.6888315164307954,no-indexable-prefix
job_name_name,name.name,benchmarks/job/../../data/job/name__name.csv,job-csv,utf8,LibcMemmem,static,prefix-btree,full-scan,contains_angel,%Angel%,4,4167491,60681846,60681846,4167491,4167491,0,0,0,1338257961,1584574030,2324,651,108649748,108650399,4167491,4153604,12221,26.070937885648704,26.07078167655311,1.7904926458565549,no-indexable-prefix
job_name_name,name.name,benchmarks/job/../../data/job/name__name.csv,job-csv,utf8,LibcMemmem,static,qgram,full-scan,contains_angel,%Angel%,0,4167491,60681846,60681846,4167491,4167491,0,0,0,1338257961,588757039,2324,571,104115367,104115938,4167491,4153604,12221,24.98288250652491,24.98274549363154,1.715767480112586,literal-shorter-than-qgram
job_name_name,name.name,benchmarks/job/../../data/job/name__name.csv,job-csv,utf8,LibcMemmem,static,qgram,full-scan,contains_angel,%Angel%,1,4167491,60681846,60681846,4167491,4167491,0,0,0,1338257961,588757039,2324,140,104671999,104672139,4167491,4153604,12221,25.116344342435294,25.116310749081403,1.7249333350867408,literal-shorter-than-qgram
job_name_name,name.name,benchmarks/job/../../data/job/name__name.csv,job-csv,utf8,LibcMemmem,static,qgram,full-scan,contains_angel,%Angel%,2,4167491,60681846,60681846,4167491,4167491,0,0,0,1338257961,588757039,2324,110,103324686,103324796,4167491,4153604,12221,24.79304598378257,24.793019589004512,1.70272994002193,literal-shorter-than-qgram
job_name_name,name.name,benchmarks/job/../../data/job/name__name.csv,job-csv,utf8,LibcMemmem,static,qgram,full-scan,contains_angel,%Angel%,3,4167491,60681846,60681846,4167491,4167491,0,0,0,1338257961,588757039,2324,140,104496859,104496999,4167491,4153604,12221,25.07431905671782,25.07428546336393,1.7220471341626622,literal-shorter-than-qgram
job_name_name,name.name,benchmarks/job/../../data/job/name__name.csv,job-csv,utf8,LibcMemmem,static,qgram,full-scan,contains_angel,%Angel%,4,4167491,60681846,60681846,4167491,4167491,0,0,0,1338257961,588757039,2324,131,102778915,102779046,4167491,4153604,12221,24.66209189174014,24.662060457958997,1.6937363111860506,literal-shorter-than-qgram
job_name_name,name.name,benchmarks/job/../../data/job/name__name.csv,job-csv,utf8,LibcMemmem,static,trigram,trigram,contains_angel,%Angel%,0,4167491,60681846,60681846,4167491,4167491,0,0,0,1338257961,3192349665,2324,159595,985164,1144759,12227,12227,12221,0.27468781576252954,80.57283062075734,0.018864933673903066,
job_name_name,name.name,benchmarks/job/../../data/job/name__name.csv,job-csv,utf8,LibcMemmem,static,trigram,trigram,contains_angel,%Angel%,1,4167491,60681846,60681846,4167491,4167491,0,0,0,1338257961,3192349665,2324,164239,643934,808173,12227,12227,12221,0.19392315424316453,52.66492189416864,0.01331820063615072,
job_name_name,name.name,benchmarks/job/../../data/job/name__name.csv,job-csv,utf8,LibcMemmem,static,trigram,trigram,contains_angel,%Angel%,2,4167491,60681846,60681846,4167491,4167491,0,0,0,1338257961,3192349665,2324,155411,586038,741449,12227,12227,12221,0.17791256177877768,47.92982743109512,0.012218629604643207,
job_name_name,name.name,benchmarks/job/../../data/job/name__name.csv,job-csv,utf8,LibcMemmem,static,trigram,trigram,contains_angel,%Angel%,3,4167491,60681846,60681846,4167491,4167491,0,0,0,1338257961,3192349665,2324,153558,573596,727154,12227,12227,12221,0.17448244039399247,46.912243395763475,0.011983056678928324,
job_name_name,name.name,benchmarks/job/../../data/job/name__name.csv,job-csv,utf8,LibcMemmem,static,trigram,trigram,contains_angel,%Angel%,4,4167491,60681846,60681846,4167491,4167491,0,0,0,1338257961,3192349665,2324,154250,560873,715123,12227,12227,12221,0.1715955715321281,45.87167743518443,0.011784793099405711,
job_name_name,name.name,benchmarks/job/../../data/job/name__name.csv,job-csv,utf8,LibcMemmem,static,fm,fm,contains_b,%B%,0,4167491,60681846,60681846,4167491,4167491,0,0,0,1338257961,62312623267,2072,11589289,10046242,21635531,536716,536716,536716,5.19150035357005,18.71798493057781,0.3565404223200461,
job_name_name,name.name,benchmarks/job/../../data/job/name__name.csv,job-csv,utf8,LibcMemmem,static,fm,fm,contains_b,%B%,1,4167491,60681846,60681846,4167491,4167491,0,0,0,1338257961,62312623267,2072,11795369,10257728,22053097,536716,536716,536716,5.291696370790003,19.11202200046207,0.36342165661868625,
job_name_name,name.name,benchmarks/job/../../data/job/name__name.csv,job-csv,utf8,LibcMemmem,static,fm,fm,contains_b,%B%,2,4167491,60681846,60681846,4167491,4167491,0,0,0,1338257961,62312623267,2072,11829711,10451808,22281519,536716,536716,536716,5.346506807093284,19.473628511167917,0.36718591257095246,
job_name_name,name.name,benchmarks/job/../../data/job/name__name.csv,job-csv,utf8,LibcMemmem,static,fm,fm,contains_b,%B%,3,4167491,60681846,60681846,4167491,4167491,0,0,0,1338257961,62312623267,2072,11648674,10250962,21899636,536716,536716,536716,5.25487301592253,19.099415705885423,0.3608927124596704,
job_name_name,name.name,benchmarks/job/../../data/job/name__name.csv,job-csv,utf8,LibcMemmem,static,fm,fm,contains_b,%B%,4,4167491,60681846,60681846,4167491,4167491,0,0,0,1338257961,62312623267,2072,11225936,9842646,21068582,536716,536716,536716,5.0554595078909585,18.338648372696174,0.3471974468278371,
job_name_name,name.name,benchmarks/job/../../data/job/name__name.csv,job-csv,utf8,LibcMemmem,static,full-scan,full-scan,contains_b,%B%,0,4167491,60681846,60681846,4167491,4167491,0,0,0,1338257961,0,2072,471,26968658,26969129,4167491,4167491,536716,6.4713106758958805,6.47119765825529,0.4444348809032606,
job_name_name,name.name,benchmarks/job/../../data/job/name__name.csv,job-csv,utf8,LibcMemmem,static,full-scan,full-scan,contains_b,%B%,1,4167491,60681846,60681846,4167491,4167491,0,0,0,1338257961,0,2072,431,26905907,26906338,4167491,4167491,536716,6.456243816723299,6.456140397183821,0.4434001233251869,
job_name_name,name.name,benchmarks/job/../../data/job/name__name.csv,job-csv,utf8,LibcMemmem,static,full-scan,full-scan,contains_b,%B%,2,4167491,60681846,60681846,4167491,4167491,0,0,0,1338257961,0,2072,130,27067594,27067724,4167491,4167491,536716,6.494968795373524,6.49493760154491,0.4460596666752689,
job_name_name,name.name,benchmarks/job/../../data/job/name__name.csv,job-csv,utf8,LibcMemmem,static,full-scan,full-scan,contains_b,%B%,3,4167491,60681846,60681846,4167491,4167491,0,0,0,1338257961,0,2072,100,27574645,27574745,4167491,4167491,536716,6.616629765967101,6.6166057707143215,0.45441506509212,
job_name_name,name.name,benchmarks/job/../../data/job/name__name.csv,job-csv,utf8,LibcMemmem,static,full-scan,full-scan,contains_b,%B%,4,4167491,60681846,60681846,4167491,4167491,0,0,0,1338257961,0,2072,110,26922543,26922653,4167491,4167491,536716,6.460158642214225,6.460132247436167,0.44366898462515464,
job_name_name,name.name,benchmarks/job/../../data/job/name__name.csv,job-csv,utf8,LibcMemmem,static,prefix-btree,full-scan,contains_b,%B%,0,4167491,60681846,60681846,4167491,4167491,0,0,0,1338257961,1584574030,2072,1232,26922242,26923474,4167491,4167491,536716,6.4603556432395415,6.460060021725302,0.44368251420696725,no-indexable-prefix
job_name_name,name.name,benchmarks/job/../../data/job/name__name.csv,job-csv,utf8,LibcMemmem,static,prefix-btree,full-scan,contains_b,%B%,1,4167491,60681846,60681846,4167491,4167491,0,0,0,1338257961,1584574030,2072,740,26701921,26702661,4167491,4167491,536716,6.407371005720228,6.407193440849662,0.44004364995751777,no-indexable-prefix
job_name_name,name.name,benchmarks/job/../../data/job/name__name.csv,job-csv,utf8,LibcMemmem,static,prefix-btree,full-scan,contains_b,%B%,2,4167491,60681846,60681846,4167491,4167491,0,0,0,1338257961,1584574030,2072,561,26786001,26786562,4167491,4167491,536716,6.427503262754497,6.4273686493864055,0.4414262875259266,no-indexable-prefix
job_name_name,name.name,benchmarks/job/../../data/job/name__name.csv,job-csv,utf8,LibcMemmem,static,prefix-btree,full-scan,contains_b,%B%,3,4167491,60681846,60681846,4167491,4167491,0,0,0,1338257961,1584574030,2072,851,27529500,27530351,4167491,4167491,536716,6.6059773134483075,6.605773113847157,0.45368347891064487,no-indexable-prefix
job_name_name,name.name,benchmarks/job/../../data/job/name__name.csv,job-csv,utf8,LibcMemmem,static,prefix-btree,full-scan,contains_b,%B%,4,4167491,60681846,60681846,4167491,4167491,0,0,0,1338257961,1584574030,2072,730,27188102,27188832,4167491,4167491,536716,6.524028966109345,6.523853800764057,0.4480554530262642,no-indexable-prefix
job_name_name,name.name,benchmarks/job/../../data/job/name__name.csv,job-csv,utf8,LibcMemmem,static,qgram,full-scan,contains_b,%B%,0,4167491,60681846,60681846,4167491,4167491,0,0,0,1338257961,588757039,2072,760,27112378,27113138,4167491,4167491,536716,6.5058659994706645,6.505683635549543,0.44680806183780236,literal-shorter-than-qgram
job_name_name,name.name,benchmarks/job/../../data/job/name__name.csv,job-csv,utf8,LibcMemmem,static,qgram,full-scan,contains_b,%B%,1,4167491,60681846,60681846,4167491,4167491,0,0,0,1338257961,588757039,2072,110,27168993,27169103,4167491,4167491,536716,6.519294942688538,6.519268547910482,0.44773033107793064,literal-shorter-than-qgram
job_name_name,name.name,benchmarks/job/../../data/job/name__name.csv,job-csv,utf8,LibcMemmem,static,qgram,full-scan,contains_b,%B%,2,4167491,60681846,60681846,4167491,4167491,0,0,0,1338257961,588757039,2072,100,27090398,27090498,4167491,4167491,536716,6.500433474241456,6.500409478988677,0.44643496837587965,literal-shorter-than-qgram
job_name_name,name.name,benchmarks/job/../../data/job/name__name.csv,job-csv,utf8,LibcMemmem,static,qgram,full-scan,contains_b,%B%,3,4167491,60681846,60681846,4167491,4167491,0,0,0,1338257961,588757039,2072,100,27400262,27400362,4167491,4167491,536716,6.574786124313166,6.574762129060387,0.4515413390686895,literal-shorter-than-qgram
job_name_name,name.name,benchmarks/job/../../data/job/name__name.csv,job-csv,utf8,LibcMemmem,static,qgram,full-scan,contains_b,%B%,4,4167491,60681846,60681846,4167491,4167491,0,0,0,1338257961,588757039,2072,150,27497384,27497534,4167491,4167491,536716,6.59810279134376,6.5980667984645915,0.4531426746641821,literal-shorter-than-qgram
job_name_name,name.name,benchmarks/job/../../data/job/name__name.csv,job-csv,utf8,LibcMemmem,static,trigram,full-scan,contains_b,%B%,0,4167491,60681846,60681846,4167491,4167491,0,0,0,1338257961,3192349665,2072,841,27241982,27242823,4167491,4167491,536716,6.536984243037358,6.536782442961485,0.4489451919442266,literal-shorter-than-trigram
job_name_name,name.name,benchmarks/job/../../data/job/name__name.csv,job-csv,utf8,LibcMemmem,static,trigram,full-scan,contains_b,%B%,1,4167491,60681846,60681846,4167491,4167491,0,0,0,1338257961,3192349665,2072,110,27462038,27462148,4167491,4167491,536716,6.589611831195317,6.589585436417259,0.4525595348566028,literal-shorter-than-trigram
job_name_name,name.name,benchmarks/job/../../data/job/name__name.csv,job-csv,utf8,LibcMemmem,static,trigram,full-scan,contains_b,%B%,2,4167491,60681846,60681846,4167491,4167491,0,0,0,1338257961,3192349665,2072,110,27391224,27391334,4167491,4167491,536716,6.5726198328922605,6.572593438114203,0.4513925631069299,literal-shorter-than-trigram
job_name_name,name.name,benchmarks/job/../../data/job/name__name.csv,job-csv,utf8,LibcMemmem,static,trigram,full-scan,contains_b,%B%,3,4167491,60681846,60681846,4167491,4167491,0,0,0,1338257961,3192349665,2072,160,27144089,27144249,4167491,4167491,536716,6.513331162562799,6.513292770158352,0.44732075223947537,literal-shorter-than-trigram
job_name_name,name.name,benchmarks/job/../../data/job/name__name.csv,job-csv,utf8,LibcMemmem,static,trigram,full-scan,contains_b,%B%,4,4167491,60681846,60681846,4167491,4167491,0,0,0,1338257961,3192349665,2072,110,27252101,27252211,4167491,4167491,536716,6.539236917368268,6.539210522590211,0.44909990048753623,literal-shorter-than-trigram
job_name_name,name.name,benchmarks/job/../../data/job/name__name.csv,job-csv,utf8,LibcMemmem,static,fm,fm,contains_bert,%Bert%,0,4167491,60681846,60681846,4167491,4167491,0,0,0,1338257961,62312623267,2342,61447,229172,290619,5216,5216,5216,0.06973476367435466,43.936349693251536,0.004789224770782352,
job_name_name,name.name,benchmarks/job/../../data/job/name__name.csv,job-csv,utf8,LibcMemmem,static,fm,fm,contains_bert,%Bert%,1,4167491,60681846,60681846,4167491,4167491,0,0,0,1338257961,62312623267,2342,55592,222597,278189,5216,5216,5216,0.06675215375390132,42.67580521472393,0.004584385913375147,
job_name_name,name.name,benchmarks/job/../../data/job/name__name.csv,job-csv,utf8,LibcMemmem,static,fm,fm,contains_bert,%Bert%,2,4167491,60681846,60681846,4167491,4167491,0,0,0,1338257961,62312623267,2342,55201,235767,290968,5216,5216,5216,0.06981850710655405,45.20072852760736,0.00479497607900722,
job_name_name,name.name,benchmarks/job/../../data/job/name__name.csv,job-csv,utf8,LibcMemmem,static,fm,fm,contains_bert,%Bert%,3,4167491,60681846,60681846,4167491,4167491,0,0,0,1338257961,62312623267,2342,53010,225579,278589,5216,5216,5216,0.0668481347650181,43.247507668711656,0.004590977670652933,
job_name_name,name.name,benchmarks/job/../../data/job/name__name.csv,job-csv,utf8,LibcMemmem,static,fm,fm,contains_bert,%Bert%,4,4167491,60681846,60681846,4167491,4167491,0,0,0,1338257961,62312623267,2342,52560,221646,274206,5216,5216,5216,0.06579642283570618,42.49348159509202,0.004518748490281591,
job_name_name,name.name,benchmarks/job/../../data/job/name__name.csv,job-csv,utf8,LibcMemmem,static,full-scan,full-scan,contains_bert,%Bert%,0,4167491,60681846,60681846,4167491,4167491,0,0,0,1338257961,0,2342,460,109514989,109515449,4167491,4164231,5216,26.278508819815087,26.278398441652303,1.8047481449394271,
job_name_name,name.name,benchmarks/job/../../data/job/name__name.csv,job-csv,utf8,LibcMemmem,static,full-scan,full-scan,contains_bert,%Bert%,1,4167491,60681846,60681846,4167491,4167491,0,0,0,1338257961,0,2342,110,110412884,110412994,4167491,4164231,5216,26.49387701137207,26.493850616594013,1.8195391419041538,
job_name_name,name.name,benchmarks/job/../../data/job/name__name.csv,job-csv,utf8,LibcMemmem,static,full-scan,full-scan,contains_bert,%Bert%,2,4167491,60681846,60681846,4167491,4167491,0,0,0,1338257961,0,2342,110,109378848,109378958,4167491,4164231,5216,26.245757459344244,26.245731064566186,1.8024988560829214,
job_name_name,name.name,benchmarks/job/../../data/job/name__name.csv,job-csv,utf8,LibcMemmem,static,full-scan,full-scan,contains_bert,%Bert%,3,4167491,60681846,60681846,4167491,4167491,0,0,0,1338257961,0,2342,180,109324155,109324335,4167491,4164231,5216,26.232650532418667,26.232607340963664,1.80159870218846,
job_name_name,name.name,benchmarks/job/../../data/job/name__name.csv,job-csv,utf8,LibcMemmem,static,full-scan,full-scan,contains_bert,%Bert%,4,4167491,60681846,60681846,4167491,4167491,0,0,0,1338257961,0,2342,130,110171053,110171183,4167491,4164231,5216,26.43585385067418,26.43582265684557,1.8155542433564067,
job_name_name,name.name,benchmarks/job/../../data/job/name__name.csv,job-csv,utf8,LibcMemmem,static,prefix-btree,full-scan,contains_bert,%Bert%,0,4167491,60681846,60681846,4167491,4167491,0,0,0,1338257961,1584574030,2342,1230,108748905,108750135,4167491,4164231,5216,26.094869790960555,26.094574649351372,1.792136234616198,no-indexable-prefix
job_name_name,name.name,benchmarks/job/../../data/job/name__name.csv,job-csv,utf8,LibcMemmem,static,prefix-btree,full-scan,contains_bert,%Bert%,1,4167491,60681846,60681846,4167491,4167491,0,0,0,1338257961,1584574030,2342,851,107825211,107826062,4167491,4164231,5216,25.87313613874631,25.87293193914516,1.7769080723088089,no-indexable-prefix
job_name_name,name.name,benchmarks/job/../../data/job/name__name.csv,job-csv,utf8,LibcMemmem,static,prefix-btree,full-scan,contains_bert,%Bert%,2,4167491,60681846,60681846,4167491,4167491,0,0,0,1338257961,1584574030,2342,951,111147544,111148495,4167491,4164231,5216,26.67036233551554,26.670134140661613,1.8316597520780762,no-indexable-prefix
job_name_name,name.name,benchmarks/job/../../data/job/name__name.csv,job-csv,utf8,LibcMemmem,static,prefix-btree,full-scan,contains_bert,%Bert%,3,4167491,60681846,60681846,4167491,4167491,0,0,0,1338257961,1584574030,2342,851,109545009,109545860,4167491,4164231,5216,26.285806016137766,26.285601816536616,1.805249299765864,no-indexable-prefix
job_name_name,name.name,benchmarks/job/../../data/job/name__name.csv,job-csv,utf8,LibcMemmem,static,prefix-btree,full-scan,contains_bert,%Bert%,4,4167491,60681846,60681846,4167491,4167491,0,0,0,1338257961,1584574030,2342,720,108590659,108591379,4167491,4164231,5216,26.056775887458425,26.056603121638414,1.7895200320702176,no-indexable-prefix
job_name_name,name.name,benchmarks/job/../../data/job/name__name.csv,job-csv,utf8,LibcMemmem,static,qgram,full-scan,contains_bert,%Bert%,0,4167491,60681846,60681846,4167491,4167491,0,0,0,1338257961,588757039,2342,850,108291806,108292656,4167491,4164231,5216,25.985096548498845,25.984892588850222,1.7845972582969871,literal-shorter-than-qgram
job_name_name,name.name,benchmarks/job/../../data/job/name__name.csv,job-csv,utf8,LibcMemmem,static,qgram,full-scan,contains_bert,%Bert%,1,4167491,60681846,60681846,4167491,4167491,0,0,0,1338257961,588757039,2342,110,108030082,108030192,4167491,4164231,5216,25.92211764824447,25.922091253466416,1.780272010841595,literal-shorter-than-qgram
job_name_name,name.name,benchmarks/job/../../data/job/name__name.csv,job-csv,utf8,LibcMemmem,static,qgram,full-scan,contains_bert,%Bert%,2,4167491,60681846,60681846,4167491,4167491,0,0,0,1338257961,588757039,2342,110,108976199,108976309,4167491,4164231,5216,26.14914081398136,26.149114419203304,1.795863444892563,literal-shorter-than-qgram
job_name_name,name.name,benchmarks/job/../../data/job/name__name.csv,job-csv,utf8,LibcMemmem,static,qgram,full-scan,contains_bert,%Bert%,3,4167491,60681846,60681846,4167491,4167491,0,0,0,1338257961,588757039,2342,110,108437506,108437616,4167491,4164231,5216,26.01988006692756,26.0198536721495,1.786986111134457,literal-shorter-than-qgram
job_name_name,name.name,benchmarks/job/../../data/job/name__name.csv,job-csv,utf8,LibcMemmem,static,qgram,full-scan,contains_bert,%Bert%,4,4167491,60681846,60681846,4167491,4167491,0,0,0,1338257961,588757039,2342,121,108971247,108971368,4167491,4164231,5216,26.147955208541543,26.14792617428568,1.7957820202107893,literal-shorter-than-qgram
job_name_name,name.name,benchmarks/job/../../data/job/name__name.csv,job-csv,utf8,LibcMemmem,static,trigram,trigram,contains_bert,%Bert%,0,4167491,60681846,60681846,4167491,4167491,0,0,0,1338257961,3192349665,2342,151084,253199,404283,5512,5512,5216,0.09700872779329338,45.935957910014515,0.006662338518838073,
job_name_name,name.name,benchmarks/job/../../data/job/name__name.csv,job-csv,utf8,LibcMemmem,static,trigram,trigram,contains_bert,%Bert%,1,4167491,60681846,60681846,4167491,4167491,0,0,0,1338257961,3192349665,2342,147452,250098,397550,5512,5512,5216,0.0953931274236705,45.3733671988389,0.0065513827644597365,
job_name_name,name.name,benchmarks/job/../../data/job/name__name.csv,job-csv,utf8,LibcMemmem,static,trigram,trigram,contains_bert,%Bert%,2,4167491,60681846,60681846,4167491,4167491,0,0,0,1338257961,3192349665,2342,147892,245097,392989,5512,5512,5216,0.09429870394441164,44.466074020319304,0.00647622025209978,
job_name_name,name.name,benchmarks/job/../../data/job/name__name.csv,job-csv,utf8,LibcMemmem,static,trigram,trigram,contains_bert,%Bert%,3,4167491,60681846,60681846,4167491,4167491,0,0,0,1338257961,3192349665,2342,145731,241216,386947,5512,5512,5216,0.09284891077149297,43.761973875181425,0.00637665175841882,
job_name_name,name.name,benchmarks/job/../../data/job/name__name.csv,job-csv,utf8,LibcMemmem,static,trigram,trigram,contains_bert,%Bert%,4,4167491,60681846,60681846,4167491,4167491,0,0,0,1338257961,3192349665,2342,155355,233132,388487,5512,5512,5216,0.0932184376642925,42.295355587808416,0.006402030023938296,
job_name_name,name.name,benchmarks/job/../../data/job/name__name.csv,job-csv,utf8,LibcMemmem,static,fm,fm,contains_downey_robert,%Downey%Robert%,0,4167491,60681846,60681846,4167491,4167491,0,0,0,1338257961,62312623267,2050,757338,3696296,4453634,38048,37546,2,1.068660736159958,97.1482338099243,0.0733931858302399,
job_name_name,name.name,benchmarks/job/../../data/job/name__name.csv,job-csv,utf8,LibcMemmem,static,fm,fm,contains_downey_robert,%Downey%Robert%,1,4167491,60681846,60681846,4167491,4167491,0,0,0,1338257961,62312623267,2050,707710,3383756,4091466,38048,37546,2,0.9817576090746207,88.93387300252313,0.06742487695578675,
job_name_name,name.name,benchmarks/job/../../data/job/name__name.csv,job-csv,utf8,LibcMemmem,static,fm,fm,contains_downey_robert,%Downey%Robert%,2,4167491,60681846,60681846,4167491,4167491,0,0,0,1338257961,62312623267,2050,719274,3714553,4433827,38048,37546,2,1.063907996441984,97.62807506307821,0.07306677848923712,
job_name_name,name.name,benchmarks/job/../../data/job/name__name.csv,job-csv,utf8,LibcMemmem,static,fm,fm,contains_downey_robert,%Downey%Robert%,3,4167491,60681846,60681846,4167491,4167491,0,0,0,1338257961,62312623267,2050,723296,3738381,4461677,38048,37546,2,1.0705906743409883,98.254336627418,0.07352572958970299,
job_name_name,name.name,benchmarks/job/../../data/job/name__name.csv,job-csv,utf8,LibcMemmem,static,fm,fm,contains_downey_robert,%Downey%Robert%,4,4167491,60681846,60681846,4167491,4167491,0,0,0,1338257961,62312623267,2050,721765,3601763,4323528,38048,37546,2,1.037441472579065,94.66366169049621,0.07124911789928079,
job_name_name,name.name,benchmarks/job/../../data/job/name__name.csv,job-csv,utf8,LibcMemmem,static,full-scan,full-scan,contains_downey_robert,%Downey%Robert%,0,4167491,60681846,60681846,4167491,4167491,0,0,0,1338257961,0,2050,490,99693350,99693840,4167491,3592595,2,23.921788913281397,23.92167133654278,1.6428939884261267,
job_name_name,name.name,benchmarks/job/../../data/job/name__name.csv,job-csv,utf8,LibcMemmem,static,full-scan,full-scan,contains_downey_robert,%Downey%Robert%,1,4167491,60681846,60681846,4167491,4167491,0,0,0,1338257961,0,2050,140,98980747,98980887,4167491,3592595,2,23.750714038734575,23.750680445380684,1.6311449556099529,
job_name_name,name.name,benchmarks/job/../../data/job/name__name.csv,job-csv,utf8,LibcMemmem,static,full-scan,full-scan,contains_downey_robert,%Downey%Robert%,2,4167491,60681846,60681846,4167491,4167491,0,0,0,1338257961,0,2050,110,98315323,98315433,4167491,3592595,2,23.591036669305346,23.59101027452729,1.620178677491123,
job_name_name,name.name,benchmarks/job/../../data/job/name__name.csv,job-csv,utf8,LibcMemmem,static,full-scan,full-scan,contains_downey_robert,%Downey%Robert%,3,4167491,60681846,60681846,4167491,4167491,0,0,0,1338257961,0,2050,110,98346904,98347014,4167491,3592595,2,23.59861461008554,23.598588215307483,1.6206991132075976,
job_name_name,name.name,benchmarks/job/../../data/job/name__name.csv,job-csv,utf8,LibcMemmem,static,full-scan,full-scan,contains_downey_robert,%Downey%Robert%,4,4167491,60681846,60681846,4167491,4167491,0,0,0,1338257961,0,2050,130,98952237,98952367,4167491,3592595,2,23.74387059264195,23.74383939881334,1.6306749633160469,
job_name_name,name.name,benchmarks/job/../../data/job/name__name.csv,job-csv,utf8,LibcMemmem,static,prefix-btree,full-scan,contains_downey_robert,%Downey%Robert%,0,4167491,60681846,60681846,4167491,4167491,0,0,0,1338257961,1584574030,2050,870,101413335,101414205,4167491,3592595,2,24.33459484375611,24.33438608505693,1.6712445596991232,no-indexable-prefix
job_name_name,name.name,benchmarks/job/../../data/job/name__name.csv,job-csv,utf8,LibcMemmem,static,prefix-btree,full-scan,contains_downey_robert,%Downey%Robert%,1,4167491,60681846,60681846,4167491,4167491,0,0,0,1338257961,1584574030,2050,280,100773060,100773340,4167491,3592595,2,24.180817667032755,24.180750480324974,1.660683493379552,no-indexable-prefix
job_name_name,name.name,benchmarks/job/../../data/job/name__name.csv,job-csv,utf8,LibcMemmem,static,prefix-btree,full-scan,contains_downey_robert,%Downey%Robert%,2,4167491,60681846,60681846,4167491,4167491,0,0,0,1338257961,1584574030,2050,220,99856243,99856463,4167491,3592595,2,23.9608107132085,23.960757923652384,1.6455739167855903,no-indexable-prefix
job_name_name,name.name,benchmarks/job/../../data/job/name__name.csv,job-csv,utf8,LibcMemmem,static,prefix-btree,full-scan,contains_downey_robert,%Downey%Robert%,3,4167491,60681846,60681846,4167491,4167491,0,0,0,1338257961,1584574030,2050,220,100014441,100014661,4167491,3592595,2,23.99877072320012,23.99871793364401,1.6481809238301683,no-indexable-prefix
job_name_name,name.name,benchmarks/job/../../data/job/name__name.csv,job-csv,utf8,LibcMemmem,static,prefix-btree,full-scan,contains_downey_robert,%Downey%Robert%,4,4167491,60681846,60681846,4167491,4167491,0,0,0,1338257961,1584574030,2050,220,98990672,98990892,4167491,3592595,2,23.753114763775134,23.75306197421902,1.6313098319388635,no-indexable-prefix
job_name_name,name.name,benchmarks/job/../../data/job/name__name.csv,job-csv,utf8,LibcMemmem,static,qgram,full-scan,contains_downey_robert,%Downey%Robert%,0,4167491,60681846,60681846,4167491,4167491,0,0,0,1338257961,588757039,2050,480,99835319,99835799,4167491,3592595,2,23.955852334174207,23.95573715696087,1.6452333866046198,literal-shorter-than-qgram
job_name_name,name.name,benchmarks/job/../../data/job/name__name.csv,job-csv,utf8,LibcMemmem,static,qgram,full-scan,contains_downey_robert,%Downey%Robert%,1,4167491,60681846,60681846,4167491,4167491,0,0,0,1338257961,588757039,2050,100,100294829,100294929,4167491,3592595,2,24.066021738259302,24.065997743006523,1.6527995704019947,literal-shorter-than-qgram
job_name_name,name.name,benchmarks/job/../../data/job/name__name.csv,job-csv,utf8,LibcMemmem,static,qgram,full-scan,contains_downey_robert,%Downey%Robert%,2,4167491,60681846,60681846,4167491,4167491,0,0,0,1338257961,588757039,2050,130,99128167,99128297,4167491,3592595,2,23.786085440856382,23.786054247027767,1.633574182960749,literal-shorter-than-qgram
job_name_name,name.name,benchmarks/job/../../data/job/name__name.csv,job-csv,utf8,LibcMemmem,static,qgram,full-scan,contains_downey_robert,%Downey%Robert%,3,4167491,60681846,60681846,4167491,4167491,0,0,0,1338257961,588757039,2050,110,98643584,98643694,4167491,3592595,2,23.669803726030842,23.669777331252785,1.6255882195805316,literal-shorter-than-qgram
job_name_name,name.name,benchmarks/job/../../data/job/name__name.csv,job-csv,utf8,LibcMemmem,static,qgram,full-scan,contains_downey_robert,%Downey%Robert%,4,4167491,60681846,60681846,4167491,4167491,0,0,0,1338257961,588757039,2050,120,99801298,99801418,4167491,3592595,2,23.947602526316192,23.94757373201286,1.644666808587201,literal-shorter-than-qgram
job_name_name,name.name,benchmarks/job/../../data/job/name__name.csv,job-csv,utf8,LibcMemmem,static,trigram,trigram,contains_downey_robert,%Downey%Robert%,0,4167491,60681846,60681846,4167491,4167491,0,0,0,1338257961,3192349665,2050,605913,3889926,4495839,38049,37547,2,1.0787879325954153,102.23464480012615,0.07408869862001231,
job_name_name,name.name,benchmarks/job/../../data/job/name__name.csv,job-csv,utf8,LibcMemmem,static,trigram,trigram,contains_downey_robert,%Downey%Robert%,1,4167491,60681846,60681846,4167491,4167491,0,0,0,1338257961,3192349665,2050,572223,3654985,4227208,38049,37547,2,1.014329245102149,96.05994901311466,0.06966182274678988,
job_name_name,name.name,benchmarks/job/../../data/job/name__name.csv,job-csv,utf8,LibcMemmem,static,trigram,trigram,contains_downey_robert,%Downey%Robert%,2,4167491,60681846,60681846,4167491,4167491,0,0,0,1338257961,3192349665,2050,573782,3675386,4249168,38049,37547,2,1.019598602612459,96.59612604799075,0.07002371022134034,
job_name_name,name.name,benchmarks/job/../../data/job/name__name.csv,job-csv,utf8,LibcMemmem,static,trigram,trigram,contains_downey_robert,%Downey%Robert%,3,4167491,60681846,60681846,4167491,4167491,0,0,0,1338257961,3192349665,2050,550752,3534235,4084987,38049,37547,2,0.9802029566470569,92.88640962968803,0.0673181069672798,
job_name_name,name.name,benchmarks/job/../../data/job/name__name.csv,job-csv,utf8,LibcMemmem,static,trigram,trigram,contains_downey_robert,%Downey%Robert%,4,4167491,60681846,60681846,4167491,4167491,0,0,0,1338257961,3192349665,2050,574762,4047797,4622559,38049,37547,2,1.1091947169172052,106.38379458067229,0.07617696732561498,
job_name_name,name.name,benchmarks/job/../../data/job/name__name.csv,job-csv,utf8,LibcMemmem,static,fm,fm,contains_tim,%Tim%,0,4167491,60681846,60681846,4167491,4167491,0,0,0,1338257961,62312623267,2650,311011,1760927,2071938,15502,15502,15502,0.4971667605280971,113.59353631789446,0.034144280976554336,
job_name_name,name.name,benchmarks/job/../../data/job/name__name.csv,job-csv,utf8,LibcMemmem,static,fm,fm,contains_tim,%Tim%,1,4167491,60681846,60681846,4167491,4167491,0,0,0,1338257961,62312623267,2650,297432,1717357,2014789,15502,15502,15502,0.48345371351731775,110.7829312346794,0.033202500134883836,
job_name_name,name.name,benchmarks/job/../../data/job/name__name.csv,job-csv,utf8,LibcMemmem,static,fm,fm,contains_tim,%Tim%,2,4167491,60681846,60681846,4167491,4167491,0,0,0,1338257961,62312623267,2650,264471,1210565,1475036,15502,15502,15502,0.3539386167840554,78.09089149787124,0.024307698219991528,
job_name_name,name.name,benchmarks/job/../../data/job/name__name.csv,job-csv,utf8,LibcMemmem,static,fm,fm,contains_tim,%Tim%,3,4167491,60681846,60681846,4167491,4167491,0,0,0,1338257961,62312623267,2650,225931,861514,1087445,15502,15502,15502,0.2609351765846645,55.57437749967746,0.01792043373235547,
job_name_name,name.name,benchmarks/job/../../data/job/name__name.csv,job-csv,utf8,LibcMemmem,static,fm,fm,contains_tim,%Tim%,4,4167491,60681846,60681846,4167491,4167491,0,0,0,1338257961,62312623267,2650,186370,747034,933404,15502,15502,15502,0.22397264925107216,48.18952393239582,0.01538193152528682,
job_name_name,name.name,benchmarks/job/../../data/job/name__name.csv,job-csv,utf8,LibcMemmem,static,full-scan,full-scan,contains_tim,%Tim%,0,4167491,60681846,60681846,4167491,4167491,0,0,0,1338257961,0,2650,561,116240122,116240683,4167491,4167235,15502,27.89224571810713,27.892111104739037,1.9155759203502147,
job_name_name,name.name,benchmarks/job/../../data/job/name__name.csv,job-csv,utf8,LibcMemmem,static,full-scan,full-scan,contains_tim,%Tim%,1,4167491,60681846,60681846,4167491,4167491,0,0,0,1338257961,0,2650,110,117769957,117770067,4167491,4167235,15502,28.259225274871618,28.259198880093564,1.9407792406315392,
job_name_name,name.name,benchmarks/job/../../data/job/name__name.csv,job-csv,utf8,LibcMemmem,static,full-scan,full-scan,contains_tim,%Tim%,2,4167491,60681846,60681846,4167491,4167491,0,0,0,1338257961,0,2650,111,116517627,116517738,4167491,4167235,15502,27.958725765694513,27.95869913096393,1.9201416186317075,
job_name_name,name.name,benchmarks/job/../../data/job/name__name.csv,job-csv,utf8,LibcMemmem,static,full-scan,full-scan,contains_tim,%Tim%,3,4167491,60681846,60681846,4167491,4167491,0,0,0,1338257961,0,2650,160,116736345,116736505,4167491,4167235,15502,28.011219460341966,28.011181067937517,1.923746766042681,
job_name_name,name.name,benchmarks/job/../../data/job/name__name.csv,job-csv,utf8,LibcMemmem,static,full-scan,full-scan,contains_tim,%Tim%,4,4167491,60681846,60681846,4167491,4167491,0,0,0,1338257961,0,2650,421,116339618,116340039,4167491,4167235,15502,27.91608644145842,27.915985421444223,1.9172132469404441,
job_name_name,name.name,benchmarks/job/../../data/job/name__name.csv,job-csv,utf8,LibcMemmem,static,prefix-btree,full-scan,contains_tim,%Tim%,0,4167491,60681846,60681846,4167491,4167491,0,0,0,1338257961,1584574030,2650,1490,114358708,114360198,4167491,4167235,15502,27.441018588882375,27.440661059615966,1.8845866686389205,no-indexable-prefix
job_name_name,name.name,benchmarks/job/../../data/job/name__name.csv,job-csv,utf8,LibcMemmem,static,prefix-btree,full-scan,contains_tim,%Tim%,1,4167491,60681846,60681846,4167491,4167491,0,0,0,1338257961,1584574030,2650,1163,113247322,113248485,4167491,4167235,15502,27.174260244353256,27.173981179563434,1.8662663129925217,no-indexable-prefix
job_name_name,name.name,benchmarks/job/../../data/job/name__name.csv,job-csv,utf8,LibcMemmem,static,prefix-btree,full-scan,contains_tim,%Tim%,2,4167491,60681846,60681846,4167491,4167491,0,0,0,1338257961,1584574030,2650,577,113862433,113863010,4167491,4167235,15502,27.321717071494575,27.32157861888604,1.8763933120953507,no-indexable-prefix
job_name_name,name.name,benchmarks/job/../../data/job/name__name.csv,job-csv,utf8,LibcMemmem,static,prefix-btree,full-scan,contains_tim,%Tim%,3,4167491,60681846,60681846,4167491,4167491,0,0,0,1338257961,1584574030,2650,687,114316261,114316948,4167491,4167235,15502,27.430640642055376,27.430475794668784,1.8838739348832598,no-indexable-prefix
job_name_name,name.name,benchmarks/job/../../data/job/name__name.csv,job-csv,utf8,LibcMemmem,static,prefix-btree,full-scan,contains_tim,%Tim%,4,4167491,60681846,60681846,4167491,4167491,0,0,0,1338257961,1584574030,2650,705,115720308,115721013,4167491,4167235,15502,27.767549587989514,27.767380421457418,1.907012074088847,no-indexable-prefix
job_name_name,name.name,benchmarks/job/../../data/job/name__name.csv,job-csv,utf8,LibcMemmem,static,qgram,full-scan,contains_tim,%Tim%,0,4167491,60681846,60681846,4167491,4167491,0,0,0,1338257961,588757039,2650,527,118297323,118297850,4167491,4167235,15502,28.38586813984721,28.385741684865067,1.9494767842098937,literal-shorter-than-qgram
job_name_name,name.name,benchmarks/job/../../data/job/name__name.csv,job-csv,utf8,LibcMemmem,static,qgram,full-scan,contains_tim,%Tim%,1,4167491,60681846,60681846,4167491,4167491,0,0,0,1338257961,588757039,2650,120,114561935,114562055,4167491,4167235,15502,27.489454686284866,27.48942589198153,1.8879131495109756,literal-shorter-than-qgram
job_name_name,name.name,benchmarks/job/../../data/job/name__name.csv,job-csv,utf8,LibcMemmem,static,qgram,full-scan,contains_tim,%Tim%,2,4167491,60681846,60681846,4167491,4167491,0,0,0,1338257961,588757039,2650,110,113429519,113429629,4167491,4167235,15502,27.217726205047594,27.217699810269536,1.86925145619334,literal-shorter-than-qgram
job_name_name,name.name,benchmarks/job/../../data/job/name__name.csv,job-csv,utf8,LibcMemmem,static,qgram,full-scan,contains_tim,%Tim%,3,4167491,60681846,60681846,4167491,4167491,0,0,0,1338257961,588757039,2650,219,113630586,113630805,4167491,4167235,15502,27.265998894778658,27.26594634517507,1.8725667145986298,literal-shorter-than-qgram
job_name_name,name.name,benchmarks/job/../../data/job/name__name.csv,job-csv,utf8,LibcMemmem,static,qgram,full-scan,contains_tim,%Tim%,4,4167491,60681846,60681846,4167491,4167491,0,0,0,1338257961,588757039,2650,109,114169830,114169939,4167491,4167235,15502,27.395365460897217,27.395339306071687,1.8814513157691346,literal-shorter-than-qgram
job_name_name,name.name,benchmarks/job/../../data/job/name__name.csv,job-csv,utf8,LibcMemmem,static,trigram,trigram,contains_tim,%Tim%,0,4167491,60681846,60681846,4167491,4167491,0,0,0,1338257961,3192349665,2650,5612,873031,878643,15502,15502,15502,0.21083260887665983,56.31731389498129,0.0144795034745647,
job_name_name,name.name,benchmarks/job/../../data/job/name__name.csv,job-csv,utf8,LibcMemmem,static,trigram,trigram,contains_tim,%Tim%,1,4167491,60681846,60681846,4167491,4167491,0,0,0,1338257961,3192349665,2650,4540,728013,732553,15502,15502,15502,0.17577794409154093,46.96252096503677,0.012072028922785243,
job_name_name,name.name,benchmarks/job/../../data/job/name__name.csv,job-csv,utf8,LibcMemmem,static,trigram,trigram,contains_tim,%Tim%,2,4167491,60681846,60681846,4167491,4167491,0,0,0,1338257961,3192349665,2650,5066,704442,709508,15502,15502,15502,0.17024823808857656,45.44200748290543,0.011692261306618787,
job_name_name,name.name,benchmarks/job/../../data/job/name__name.csv,job-csv,utf8,LibcMemmem,static,trigram,trigram,contains_tim,%Tim%,3,4167491,60681846,60681846,4167491,4167491,0,0,0,1338257961,3192349665,2650,5036,705674,710710,15502,15502,15502,0.17053666102698242,45.521481099213005,0.011712069537238533,
job_name_name,name.name,benchmarks/job/../../data/job/name__name.csv,job-csv,utf8,LibcMemmem,static,trigram,trigram,contains_tim,%Tim%,4,4167491,60681846,60681846,4167491,4167491,0,0,0,1338257961,3192349665,2650,4877,684785,689662,15502,15502,15502,0.16548614022201846,44.173977551283706,0.011365211269281425,
job_name_name,name.name,benchmarks/job/../../data/job/name__name.csv,job-csv,utf8,LibcMemmem,static,fm,fm,contains_yo,%Yo%,0,4167491,60681846,60681846,4167491,4167491,0,0,0,1338257961,62312623267,2215,345452,568661,914113,21066,21066,21066,0.2193437250374386,26.994256147346434,0.015064027551172388,
job_name_name,name.name,benchmarks/job/../../data/job/name__name.csv,job-csv,utf8,LibcMemmem,static,fm,fm,contains_yo,%Yo%,1,4167491,60681846,60681846,4167491,4167491,0,0,0,1338257961,62312623267,2215,243065,380107,623172,21066,21066,21066,0.14953169664913493,18.04362479825311,0.01026949641578142,
job_name_name,name.name,benchmarks/job/../../data/job/name__name.csv,job-csv,utf8,LibcMemmem,static,fm,fm,contains_yo,%Yo%,2,4167491,60681846,60681846,4167491,4167491,0,0,0,1338257961,62312623267,2215,237384,378896,616280,21066,21066,21066,0.14787794382759314,17.986138801860818,0.010155920437885163,
job_name_name,name.name,benchmarks/job/../../data/job/name__name.csv,job-csv,utf8,LibcMemmem,static,fm,fm,contains_yo,%Yo%,3,4167491,60681846,60681846,4167491,4167491,0,0,0,1338257961,62312623267,2215,222663,380166,602829,21066,21066,21066,0.14465034237626428,18.04642551979493,0.009934256120026408,
job_name_name,name.name,benchmarks/job/../../data/job/name__name.csv,job-csv,utf8,LibcMemmem,static,fm,fm,contains_yo,%Yo%,4,4167491,60681846,60681846,4167491,4167491,0,0,0,1338257961,62312623267,2215,267102,374445,641547,21066,21066,21066,0.15394082434731113,17.77485046995158,0.01057230526572972,
job_name_name,name.name,benchmarks/job/../../data/job/name__name.csv,job-csv,utf8,LibcMemmem,static,full-scan,full-scan,contains_yo,%Yo%,0,4167491,60681846,60681846,4167491,4167491,0,0,0,1338257961,0,2215,506,64708628,64709134,4167491,4167473,21066,15.527120274524888,15.526998858545825,1.0663672624593523,
job_name_name,name.name,benchmarks/job/../../data/job/name__name.csv,job-csv,utf8,LibcMemmem,static,full-scan,full-scan,contains_yo,%Yo%,1,4167491,60681846,60681846,4167491,4167491,0,0,0,1338257961,0,2215,99,64911731,64911830,4167491,4167473,21066,15.575757692098195,15.575733936797944,1.0697075695422977,
job_name_name,name.name,benchmarks/job/../../data/job/name__name.csv,job-csv,utf8,LibcMemmem,static,full-scan,full-scan,contains_yo,%Yo%,2,4167491,60681846,60681846,4167491,4167491,0,0,0,1338257961,0,2215,109,65504809,65504918,4167491,4167473,21066,15.718070656901238,15.71804450207571,1.0794812998932168,
job_name_name,name.name,benchmarks/job/../../data/job/name__name.csv,job-csv,utf8,LibcMemmem,static,full-scan,full-scan,contains_yo,%Yo%,3,4167491,60681846,60681846,4167491,4167491,0,0,0,1338257961,0,2215,109,67572482,67572591,4167491,4167473,21066,16.214214019898304,16.214187865072773,1.1135552962577968,
job_name_name,name.name,benchmarks/job/../../data/job/name__name.csv,job-csv,utf8,LibcMemmem,static,full-scan,full-scan,contains_yo,%Yo%,4,4167491,60681846,60681846,4167491,4167491,0,0,0,1338257961,0,2215,120,65251355,65251475,4167491,4167473,21066,15.657256368400075,15.65722757409674,1.075304713043832,
job_name_name,name.name,benchmarks/job/../../data/job/name__name.csv,job-csv,utf8,LibcMemmem,static,prefix-btree,full-scan,contains_yo,%Yo%,0,4167491,60681846,60681846,4167491,4167491,0,0,0,1338257961,1584574030,2215,1102,63147613,63148715,4167491,4167473,21066,15.152693791060377,15.15242936337475,1.0406525042102377,no-indexable-prefix
job_name_name,name.name,benchmarks/job/../../data/job/name__name.csv,job-csv,utf8,LibcMemmem,static,prefix-btree,full-scan,contains_yo,%Yo%,1,4167491,60681846,60681846,4167491,4167491,0,0,0,1338257961,1584574030,2215,735,64418106,64418841,4167491,4167473,21066,15.457463735374594,15.457287370266666,1.0615834099707513,no-indexable-prefix
job_name_name,name.name,benchmarks/job/../../data/job/name__name.csv,job-csv,utf8,LibcMemmem,static,prefix-btree,full-scan,contains_yo,%Yo%,2,4167491,60681846,60681846,4167491,4167491,0,0,0,1338257961,1584574030,2215,784,62715913,62716697,4167491,4167473,21066,15.049029979908775,15.048841857126986,1.033533109721151,no-indexable-prefix
job_name_name,name.name,benchmarks/job/../../data/job/name__name.csv,job-csv,utf8,LibcMemmem,static,prefix-btree,full-scan,contains_yo,%Yo%,3,4167491,60681846,60681846,4167491,4167491,0,0,0,1338257961,1584574030,2215,1013,63284063,63285076,4167491,4167473,21066,15.185413957702607,15.185170885791955,1.0428996507456283,no-indexable-prefix
job_name_name,name.name,benchmarks/job/../../data/job/name__name.csv,job-csv,utf8,LibcMemmem,static,prefix-btree,full-scan,contains_yo,%Yo%,4,4167491,60681846,60681846,4167491,4167491,0,0,0,1338257961,1584574030,2215,646,62376669,62377315,4167491,4167473,21066,14.967594411121704,14.96743940178875,1.0279403003000271,no-indexable-prefix
job_name_name,name.name,benchmarks/job/../../data/job/name__name.csv,job-csv,utf8,LibcMemmem,static,qgram,full-scan,contains_yo,%Yo%,0,4167491,60681846,60681846,4167491,4167491,0,0,0,1338257961,588757039,2215,517,63412339,63412856,4167491,4167473,21066,15.216075091703857,15.215951036246988,1.045005387608017,literal-shorter-than-qgram
job_name_name,name.name,benchmarks/job/../../data/job/name__name.csv,job-csv,utf8,LibcMemmem,static,qgram,full-scan,contains_yo,%Yo%,1,4167491,60681846,60681846,4167491,4167491,0,0,0,1338257961,588757039,2215,109,63612247,63612356,4167491,4167473,21066,15.263945620998342,15.263919466172812,1.048293026550313,literal-shorter-than-qgram
job_name_name,name.name,benchmarks/job/../../data/job/name__name.csv,job-csv,utf8,LibcMemmem,static,qgram,full-scan,contains_yo,%Yo%,2,4167491,60681846,60681846,4167491,4167491,0,0,0,1338257961,588757039,2215,208,74087156,74087364,4167491,4167473,21066,17.777450269238734,17.777400359112953,1.220914802097484,literal-shorter-than-qgram
job_name_name,name.name,benchmarks/job/../../data/job/name__name.csv,job-csv,utf8,LibcMemmem,static,qgram,full-scan,contains_yo,%Yo%,3,4167491,60681846,60681846,4167491,4167491,0,0,0,1338257961,588757039,2215,119,66068266,66068385,4167491,4167473,21066,15.853275987878558,15.85324743352775,1.0887668941383226,literal-shorter-than-qgram
job_name_name,name.name,benchmarks/job/../../data/job/name__name.csv,job-csv,utf8,LibcMemmem,static,qgram,full-scan,contains_yo,%Yo%,4,4167491,60681846,60681846,4167491,4167491,0,0,0,1338257961,588757039,2215,109,64220554,64220663,4167491,4167473,21066,15.40991042332185,15.40988426849632,1.0583175567862586,literal-shorter-than-qgram
job_name_name,name.name,benchmarks/job/../../data/job/name__name.csv,job-csv,utf8,LibcMemmem,static,trigram,full-scan,contains_yo,%Yo%,0,4167491,60681846,60681846,4167491,4167491,0,0,0,1338257961,3192349665,2215,785,63955753,63956538,4167491,4167473,21066,15.346532961918815,15.346344599184498,1.0539649370587705,literal-shorter-than-trigram
job_name_name,name.name,benchmarks/job/../../data/job/name__name.csv,job-csv,utf8,LibcMemmem,static,trigram,full-scan,contains_yo,%Yo%,1,4167491,60681846,60681846,4167491,4167491,0,0,0,1338257961,3192349665,2215,139,64709316,64709455,4167491,4167473,21066,15.527197299286309,15.527163945884945,1.0663725523445677,literal-shorter-than-trigram
job_name_name,name.name,benchmarks/job/../../data/job/name__name.csv,job-csv,utf8,LibcMemmem,static,trigram,full-scan,contains_yo,%Yo%,2,4167491,60681846,60681846,4167491,4167491,0,0,0,1338257961,3192349665,2215,109,64507820,64507929,4167491,4167473,21066,15.478840626170518,15.47881447134499,1.06305152615166,literal-shorter-than-trigram
job_name_name,name.name,benchmarks/job/../../data/job/name__name.csv,job-csv,utf8,LibcMemmem,static,trigram,full-scan,contains_yo,%Yo%,3,4167491,60681846,60681846,4167491,4167491,0,0,0,1338257961,3192349665,2215,109,63488968,63489077,4167491,4167473,21066,15.234364513324683,15.234338358499155,1.0462614634366925,literal-shorter-than-trigram
job_name_name,name.name,benchmarks/job/../../data/job/name__name.csv,job-csv,utf8,LibcMemmem,static,trigram,full-scan,contains_yo,%Yo%,4,4167491,60681846,60681846,4167491,4167491,0,0,0,1338257961,3192349665,2215,110,63378384,63378494,4167491,4167473,21066,15.207829842943871,15.207803448165816,1.0444391226990688,literal-shorter-than-trigram
job_name_name,name.name,benchmarks/job/../../data/job/name__name.csv,job-csv,utf8,LibcMemmem,static,fm,fm,prefix_a,A%,0,4167491,60681846,60681846,4167491,4167491,0,0,0,1338257961,62312623267,1837,13410000,7555464,20965464,552032,552032,177263,5.030716083130113,13.686641354124399,0.3454981247604102,
job_name_name,name.name,benchmarks/job/../../data/job/name__name.csv,job-csv,utf8,LibcMemmem,static,fm,fm,prefix_a,A%,1,4167491,60681846,60681846,4167491,4167491,0,0,0,1338257961,62312623267,1837,12036565,7391426,19427991,552032,552032,177263,4.661795550368315,13.389488290533881,0.32016150266753585,
job_name_name,name.name,benchmarks/job/../../data/job/name__name.csv,job-csv,utf8,LibcMemmem,static,fm,fm,prefix_a,A%,2,4167491,60681846,60681846,4167491,4167491,0,0,0,1338257961,62312623267,1837,12866386,7215054,20081440,552032,552032,177263,4.818592289701406,13.069992319285838,0.3309299456710661,
job_name_name,name.name,benchmarks/job/../../data/job/name__name.csv,job-csv,utf8,LibcMemmem,static,fm,fm,prefix_a,A%,3,4167491,60681846,60681846,4167491,4167491,0,0,0,1338257961,62312623267,1837,11814195,7132496,18946691,552032,552032,177263,4.546306398742073,12.920439394817691,0.31222997072303965,
job_name_name,name.name,benchmarks/job/../../data/job/name__name.csv,job-csv,utf8,LibcMemmem,static,fm,fm,prefix_a,A%,4,4167491,60681846,60681846,4167491,4167491,0,0,0,1338257961,62312623267,1837,11855122,7572822,19427944,552032,552032,177263,4.661784272599509,13.718085183467625,0.32016072813605573,
job_name_name,name.name,benchmarks/job/../../data/job/name__name.csv,job-csv,utf8,LibcMemmem,static,full-scan,full-scan,prefix_a,A%,0,4167491,60681846,60681846,4167491,4167491,0,0,0,1338257961,0,1837,487,14164730,14165217,4167491,4167491,177263,3.3989796258708176,3.3988627689897832,0.23343418062792617,
job_name_name,name.name,benchmarks/job/../../data/job/name__name.csv,job-csv,utf8,LibcMemmem,static,full-scan,full-scan,prefix_a,A%,1,4167491,60681846,60681846,4167491,4167491,0,0,0,1338257961,0,1837,109,13927692,13927801,4167491,4167491,177263,3.342011056532576,3.3419849017070464,0.229521709013269,
job_name_name,name.name,benchmarks/job/../../data/job/name__name.csv,job-csv,utf8,LibcMemmem,static,full-scan,full-scan,prefix_a,A%,2,4167491,60681846,60681846,4167491,4167491,0,0,0,1338257961,0,1837,99,13939151,13939250,4167491,4167491,177263,3.344758273023265,3.3447345177230137,0.22971038158595242,
job_name_name,name.name,benchmarks/job/../../data/job/name__name.csv,job-csv,utf8,LibcMemmem,static,full-scan,full-scan,prefix_a,A%,3,4167491,60681846,60681846,4167491,4167491,0,0,0,1338257961,0,1837,110,13825419,13825529,4167491,4167491,177263,3.317470631610242,3.317444236832185,0.22783632851248461,
job_name_name,name.name,benchmarks/job/../../data/job/name__name.csv,job-csv,utf8,LibcMemmem,static,full-scan,full-scan,prefix_a,A%,4,4167491,60681846,60681846,4167491,4167491,0,0,0,1338257961,0,1837,109,13791323,13791432,4167491,4167491,177263,3.3092889702701216,3.309262815444592,0.22727443064273292,
job_name_name,name.name,benchmarks/job/../../data/job/name__name.csv,job-csv,utf8,LibcMemmem,static,prefix-btree,prefix-btree,prefix_a,A%,0,4167491,60681846,60681846,4167491,4167491,0,0,0,1338257961,1584574030,1837,6007321,689287,6696608,177263,177263,177263,1.6068680172314709,3.888499009945674,0.11035603630120283,
job_name_name,name.name,benchmarks/job/../../data/job/name__name.csv,job-csv,utf8,LibcMemmem,static,prefix-btree,prefix-btree,prefix_a,A%,1,4167491,60681846,60681846,4167491,4167491,0,0,0,1338257961,1584574030,1837,5982492,661936,6644428,177263,177263,177263,1.5943472943312895,3.7342028511308056,0.10949614156431563,
job_name_name,name.name,benchmarks/job/../../data/job/name__name.csv,job-csv,utf8,LibcMemmem,static,prefix-btree,prefix-btree,prefix_a,A%,2,4167491,60681846,60681846,4167491,4167491,0,0,0,1338257961,1584574030,1837,5922000,724861,6646861,177263,177263,177263,1.5949310988314072,4.089183868037887,0.10953623592795776,
job_name_name,name.name,benchmarks/job/../../data/job/name__name.csv,job-csv,utf8,LibcMemmem,static,prefix-btree,prefix-btree,prefix_a,A%,3,4167491,60681846,60681846,4167491,4167491,0,0,0,1338257961,1584574030,1837,5626590,694600,6321190,177263,177263,177263,1.5167855191528907,3.9184714238165888,0.10416937546692301,
job_name_name,name.name,benchmarks/job/../../data/job/name__name.csv,job-csv,utf8,LibcMemmem,static,prefix-btree,prefix-btree,prefix_a,A%,4,4167491,60681846,60681846,4167491,4167491,0,0,0,1338257961,1584574030,1837,5644279,668203,6312482,177263,177263,177263,1.5146960125408788,3.769557098774138,0.1040258729109856,
job_name_name,name.name,benchmarks/job/../../data/job/name__name.csv,job-csv,utf8,LibcMemmem,static,qgram,full-scan,prefix_a,A%,0,4167491,60681846,60681846,4167491,4167491,0,0,0,1338257961,588757039,1837,457,13879007,13879464,4167491,4167491,177263,3.3304124711966985,3.3303028128914978,0.2287251445844281,literal-shorter-than-qgram
job_name_name,name.name,benchmarks/job/../../data/job/name__name.csv,job-csv,utf8,LibcMemmem,static,qgram,full-scan,prefix_a,A%,1,4167491,60681846,60681846,4167491,4167491,0,0,0,1338257961,588757039,1837,109,14071538,14071647,4167491,4167491,177263,3.3765272678453293,3.3765011130198004,0.23189220380672004,literal-shorter-than-qgram
job_name_name,name.name,benchmarks/job/../../data/job/name__name.csv,job-csv,utf8,LibcMemmem,static,qgram,full-scan,prefix_a,A%,2,4167491,60681846,60681846,4167491,4167491,0,0,0,1338257961,588757039,1837,109,14243868,14243977,4167491,4167491,177263,3.417878286959708,3.4178521321341786,0.2347320976359223,literal-shorter-than-qgram
job_name_name,name.name,benchmarks/job/../../data/job/name__name.csv,job-csv,utf8,LibcMemmem,static,qgram,full-scan,prefix_a,A%,3,4167491,60681846,60681846,4167491,4167491,0,0,0,1338257961,588757039,1837,109,14216662,14216771,4167491,4167491,177263,3.4113501384886016,3.411323983663072,0.23428375926467365,literal-shorter-than-qgram
job_name_name,name.name,benchmarks/job/../../data/job/name__name.csv,job-csv,utf8,LibcMemmem,static,qgram,full-scan,prefix_a,A%,4,4167491,60681846,60681846,4167491,4167491,0,0,0,1338257961,588757039,1837,109,14387697,14387806,4167491,4167491,177263,3.452390419079489,3.45236426425396,0.23710231227968906,literal-shorter-than-qgram
job_name_name,name.name,benchmarks/job/../../data/job/name__name.csv,job-csv,utf8,LibcMemmem,static,trigram,full-scan,prefix_a,A%,0,4167491,60681846,60681846,4167491,4167491,0,0,0,1338257961,3192349665,1837,517,14025400,14025917,4167491,4167491,177263,3.365554238749406,3.3654301832925375,0.23113860115593715,literal-shorter-than-trigram
job_name_name,name.name,benchmarks/job/../../data/job/name__name.csv,job-csv,utf8,LibcMemmem,static,trigram,full-scan,prefix_a,A%,1,4167491,60681846,60681846,4167491,4167491,0,0,0,1338257961,3192349665,1837,99,14048248,14048347,4167491,4167491,177263,3.370936373947778,3.3709126186475267,0.23150823394528902,literal-shorter-than-trigram
job_name_name,name.name,benchmarks/job/../../data/job/name__name.csv,job-csv,utf8,LibcMemmem,static,trigram,full-scan,prefix_a,A%,2,4167491,60681846,60681846,4167491,4167491,0,0,0,1338257961,3192349665,1837,109,14195899,14196008,4167491,4167491,177263,3.406368004154058,3.4063418493285287,0.23394159762377698,literal-shorter-than-trigram
job_name_name,name.name,benchmarks/job/../../data/job/name__name.csv,job-csv,utf8,LibcMemmem,static,trigram,full-scan,prefix_a,A%,3,4167491,60681846,60681846,4167491,4167491,0,0,0,1338257961,3192349665,1837,130,14542011,14542141,4167491,4167491,177263,3.4894234924562526,3.4893922986276396,0.2396456594283569,literal-shorter-than-trigram
job_name_name,name.name,benchmarks/job/../../data/job/name__name.csv,job-csv,utf8,LibcMemmem,static,trigram,full-scan,prefix_a,A%,4,4167491,60681846,60681846,4167491,4167491,0,0,0,1338257961,3192349665,1837,109,14334522,14334631,4167491,4167491,177263,3.439630943414155,3.4396047885886256,0.23622602054657335,literal-shorter-than-trigram
job_name_name,name.name,benchmarks/job/../../data/job/name__name.csv,job-csv,utf8,LibcMemmem,static,fm,fm,prefix_b,B%,0,4167491,60681846,60681846,4167491,4167491,0,0,0,1338257961,62312623267,2830,11105553,7663233,18768786,536716,536716,343399,4.503617644285255,14.278003636932754,0.3092982042767783,
job_name_name,name.name,benchmarks/job/../../data/job/name__name.csv,job-csv,utf8,LibcMemmem,static,fm,fm,prefix_b,B%,1,4167491,60681846,60681846,4167491,4167491,0,0,0,1338257961,62312623267,2830,11104052,7892946,18996998,536716,536716,343399,4.5583776905577,14.706000939044113,0.3130589995564736,
job_name_name,name.name,benchmarks/job/../../data/job/name__name.csv,job-csv,utf8,LibcMemmem,static,fm,fm,prefix_b,B%,2,4167491,60681846,60681846,4167491,4167491,0,0,0,1338257961,62312623267,2830,11142163,7790696,18932859,536716,536716,343399,4.542987375377655,14.515490501494273,0.3120020277563738,
job_name_name,name.name,benchmarks/job/../../data/job/name__name.csv,job-csv,utf8,LibcMemmem,static,fm,fm,prefix_b,B%,3,4167491,60681846,60681846,4167491,4167491,0,0,0,1338257961,62312623267,2830,11713858,8426656,20140514,536716,536716,343399,4.832767245328184,15.700400211657563,0.33190344934463595,
job_name_name,name.name,benchmarks/job/../../data/job/name__name.csv,job-csv,utf8,LibcMemmem,static,fm,fm,prefix_b,B%,4,4167491,60681846,60681846,4167491,4167491,0,0,0,1338257961,62312623267,2830,11785116,8116184,19901300,536716,536716,343399,4.775367241344973,15.12193413276295,0.3279613477810151,
job_name_name,name.name,benchmarks/job/../../data/job/name__name.csv,job-csv,utf8,LibcMemmem,static,full-scan,full-scan,prefix_b,B%,0,4167491,60681846,60681846,4167491,4167491,0,0,0,1338257961,0,2830,467,14515795,14516262,4167491,4167491,343399,3.4832137609895257,3.483101703159047,0.2392191892118773,
job_name_name,name.name,benchmarks/job/../../data/job/name__name.csv,job-csv,utf8,LibcMemmem,static,full-scan,full-scan,prefix_b,B%,1,4167491,60681846,60681846,4167491,4167491,0,0,0,1338257961,0,2830,109,14644718,14644827,4167491,4167491,343399,3.5140632577250916,3.5140371028995623,0.24133786239792376,
job_name_name,name.name,benchmarks/job/../../data/job/name__name.csv,job-csv,utf8,LibcMemmem,static,full-scan,full-scan,prefix_b,B%,2,4167491,60681846,60681846,4167491,4167491,0,0,0,1338257961,0,2830,110,14398035,14398145,4167491,4167491,343399,3.45487128826433,3.4548448934862726,0.23727269272592663,
job_name_name,name.name,benchmarks/job/../../data/job/name__name.csv,job-csv,utf8,LibcMemmem,static,full-scan,full-scan,prefix_b,B%,3,4167491,60681846,60681846,4167491,4167491,0,0,0,1338257961,0,2830,119,14188421,14188540,4167491,4167491,343399,3.4045760386765083,3.404547484325701,0.2338185295154007,
job_name_name,name.name,benchmarks/job/../../data/job/name__name.csv,job-csv,utf8,LibcMemmem,static,full-scan,full-scan,prefix_b,B%,4,4167491,60681846,60681846,4167491,4167491,0,0,0,1338257961,0,2830,99,14198917,14199016,4167491,4167491,343399,3.4070897813576564,3.4070660260574046,0.23399116763850591,
job_name_name,name.name,benchmarks/job/../../data/job/name__name.csv,job-csv,utf8,LibcMemmem,static,prefix-btree,prefix-btree,prefix_b,B%,0,4167491,60681846,60681846,4167491,4167491,0,0,0,1338257961,1584574030,2830,11949618,1277335,13226953,343399,343399,343399,3.173840807334677,3.7196817696032896,0.21797215925171426,
job_name_name,name.name,benchmarks/job/../../data/job/name__name.csv,job-csv,utf8,LibcMemmem,static,prefix-btree,prefix-btree,prefix_b,B%,1,4167491,60681846,60681846,4167491,4167491,0,0,0,1338257961,1584574030,2830,11920454,1333579,13254033,343399,343399,343399,3.1803387217872814,3.8834679192426305,0.21841842121942037,
job_name_name,name.name,benchmarks/job/../../data/job/name__name.csv,job-csv,utf8,LibcMemmem,static,prefix-btree,prefix-btree,prefix_b,B%,2,4167491,60681846,60681846,4167491,4167491,0,0,0,1338257961,1584574030,2830,11646939,1321642,12968581,343399,343399,343399,3.1118437928240277,3.8487066066004854,0.21371434547327384,
job_name_name,name.name,benchmarks/job/../../data/job/name__name.csv,job-csv,utf8,LibcMemmem,static,prefix-btree,prefix-btree,prefix_b,B%,3,4167491,60681846,60681846,4167491,4167491,0,0,0,1338257961,1584574030,2830,11934465,1324105,13258570,343399,343399,343399,3.1814273864058733,3.8558790211969165,0.21849318822634367,
job_name_name,name.name,benchmarks/job/../../data/job/name__name.csv,job-csv,utf8,LibcMemmem,static,prefix-btree,prefix-btree,prefix_b,B%,4,4167491,60681846,60681846,4167491,4167491,0,0,0,1338257961,1584574030,2830,10901052,1396148,12297200,343399,343399,343399,2.950744224762573,4.065672876158637,0.20265039399098042,
job_name_name,name.name,benchmarks/job/../../data/job/name__name.csv,job-csv,utf8,LibcMemmem,static,qgram,full-scan,prefix_b,B%,0,4167491,60681846,60681846,4167491,4167491,0,0,0,1338257961,588757039,2830,456,14095149,14095605,4167491,4167491,343399,3.3822760505061678,3.3821666321534947,0.23228701710887306,literal-shorter-than-qgram
job_name_name,name.name,benchmarks/job/../../data/job/name__name.csv,job-csv,utf8,LibcMemmem,static,qgram,full-scan,prefix_b,B%,1,4167491,60681846,60681846,4167491,4167491,0,0,0,1338257961,588757039,2830,99,13987823,13987922,4167491,4167491,343399,3.3564372424559523,3.356413487155701,0.23051246661151342,literal-shorter-than-qgram
job_name_name,name.name,benchmarks/job/../../data/job/name__name.csv,job-csv,utf8,LibcMemmem,static,qgram,full-scan,prefix_b,B%,2,4167491,60681846,60681846,4167491,4167491,0,0,0,1338257961,588757039,2830,109,14021200,14021309,4167491,4167491,343399,3.3644485375013407,3.3644223826758113,0.23106266411209705,literal-shorter-than-qgram
job_name_name,name.name,benchmarks/job/../../data/job/name__name.csv,job-csv,utf8,LibcMemmem,static,qgram,full-scan,prefix_b,B%,3,4167491,60681846,60681846,4167491,4167491,0,0,0,1338257961,588757039,2830,109,14000545,14000654,4167491,4167491,343399,3.359492318039799,3.3594661632142695,0.23072228224566538,literal-shorter-than-qgram
job_name_name,name.name,benchmarks/job/../../data/job/name__name.csv,job-csv,utf8,LibcMemmem,static,qgram,full-scan,prefix_b,B%,4,4167491,60681846,60681846,4167491,4167491,0,0,0,1338257961,588757039,2830,347,13928223,13928570,4167491,4167491,343399,3.3421955800264476,3.342112316499304,0.22953438166663553,literal-shorter-than-qgram
job_name_name,name.name,benchmarks/job/../../data/job/name__name.csv,job-csv,utf8,LibcMemmem,static,trigram,full-scan,prefix_b,B%,0,4167491,60681846,60681846,4167491,4167491,0,0,0,1338257961,3192349665,2830,496,13960308,13960804,4167491,4167491,343399,3.3499302098072916,3.349811193353507,0.23006557842686592,literal-shorter-than-trigram
job_name_name,name.name,benchmarks/job/../../data/job/name__name.csv,job-csv,utf8,LibcMemmem,static,trigram,full-scan,prefix_b,B%,1,4167491,60681846,60681846,4167491,4167491,0,0,0,1338257961,3192349665,2830,119,14265885,14266004,4167491,4167491,343399,3.42316372128938,3.423135166938573,0.23509508922981678,literal-shorter-than-trigram
job_name_name,name.name,benchmarks/job/../../data/job/name__name.csv,job-csv,utf8,LibcMemmem,static,trigram,full-scan,prefix_b,B%,2,4167491,60681846,60681846,4167491,4167491,0,0,0,1338257961,3192349665,2830,189,14074881,14075070,4167491,4167491,343399,3.377348625347961,3.3773032743202083,0.2319486127696247,literal-shorter-than-trigram
job_name_name,name.name,benchmarks/job/../../data/job/name__name.csv,job-csv,utf8,LibcMemmem,static,trigram,full-scan,prefix_b,B%,3,4167491,60681846,60681846,4167491,4167491,0,0,0,1338257961,3192349665,2830,100,14191491,14191591,4167491,4167491,343399,3.405308133838801,3.405284138586022,0.23386880814403702,literal-shorter-than-trigram
job_name_name,name.name,benchmarks/job/../../data/job/name__name.csv,job-csv,utf8,LibcMemmem,static,trigram,full-scan,prefix_b,B%,4,4167491,60681846,60681846,4167491,4167491,0,0,0,1338257961,3192349665,2830,199,13948767,13948966,4167491,4167491,343399,3.3470896517832913,3.3470419012302606,0.22987049537022983,literal-shorter-than-trigram
job_name_name,name.name,benchmarks/job/../../data/job/name__name.csv,job-csv,utf8,LibcMemmem,static,fm,fm,prefix_x,X%,0,4167491,60681846,60681846,4167491,4167491,0,0,0,1338257961,62312623267,2373,175256,391790,567046,8750,8750,2664,0.13606412107428667,44.776,0.009344573993348851,
job_name_name,name.name,benchmarks/job/../../data/job/name__name.csv,job-csv,utf8,LibcMemmem,static,fm,fm,prefix_x,X%,1,4167491,60681846,60681846,4167491,4167491,0,0,0,1338257961,62312623267,2373,161205,327286,488491,8750,8750,2664,0.11721465025359383,37.404114285714286,0.008050035260957619,
job_name_name,name.name,benchmarks/job/../../data/job/name__name.csv,job-csv,utf8,LibcMemmem,static,fm,fm,prefix_x,X%,2,4167491,60681846,60681846,4167491,4167491,0,0,0,1338257961,62312623267,2373,140759,261469,402228,8750,8750,2664,0.09651562534868102,29.88217142857143,0.0066284733658234455,
job_name_name,name.name,benchmarks/job/../../data/job/name__name.csv,job-csv,utf8,LibcMemmem,static,fm,fm,prefix_x,X%,3,4167491,60681846,60681846,4167491,4167491,0,0,0,1338257961,62312623267,2373,135367,171076,306443,8750,8750,2664,0.07353177247413371,19.551542857142856,0.005049994688691574,
job_name_name,name.name,benchmarks/job/../../data/job/name__name.csv,job-csv,utf8,LibcMemmem,static,fm,fm,prefix_x,X%,4,4167491,60681846,60681846,4167491,4167491,0,0,0,1338257961,62312623267,2373,91406,94355,185761,8750,8750,2664,0.04457382151515144,10.783428571428571,0.003061228559197095,
job_name_name,name.name,benchmarks/job/../../data/job/name__name.csv,job-csv,utf8,LibcMemmem,static,full-scan,full-scan,prefix_x,X%,0,4167491,60681846,60681846,4167491,4167491,0,0,0,1338257961,0,2373,496,13809032,13809528,4167491,4167491,2664,3.313631151213044,3.313512134759259,0.22757264174197997,
job_name_name,name.name,benchmarks/job/../../data/job/name__name.csv,job-csv,utf8,LibcMemmem,static,full-scan,full-scan,prefix_x,X%,1,4167491,60681846,60681846,4167491,4167491,0,0,0,1338257961,0,2373,110,13838686,13838796,4167491,4167491,2664,3.3206540817964574,3.3206276870184004,0.22805496062199557,
job_name_name,name.name,benchmarks/job/../../data/job/name__name.csv,job-csv,utf8,LibcMemmem,static,full-scan,full-scan,prefix_x,X%,2,4167491,60681846,60681846,4167491,4167491,0,0,0,1338257961,0,2373,109,14047374,14047483,4167491,4167491,2664,3.370729054963766,3.3707029001382365,0.231493995749569,
job_name_name,name.name,benchmarks/job/../../data/job/name__name.csv,job-csv,utf8,LibcMemmem,static,full-scan,full-scan,prefix_x,X%,3,4167491,60681846,60681846,4167491,4167491,0,0,0,1338257961,0,2373,159,13959523,13959682,4167491,4167491,2664,3.349660983071109,3.3496228306191904,0.23004708854770173,
job_name_name,name.name,benchmarks/job/../../data/job/name__name.csv,job-csv,utf8,LibcMemmem,static,full-scan,full-scan,prefix_x,X%,4,4167491,60681846,60681846,4167491,4167491,0,0,0,1338257961,0,2373,149,13830988,13831137,4167491,4167491,2664,3.318816285386099,3.318780532459458,0.22792874494951917,
job_name_name,name.name,benchmarks/job/../../data/job/name__name.csv,job-csv,utf8,LibcMemmem,static,prefix-btree,prefix-btree,prefix_x,X%,0,4167491,60681846,60681846,4167491,4167491,0,0,0,1338257961,1584574030,2373,52450,17686,70136,2664,2664,2664,0.016829310489212813,6.638888888888889,0.0011557987210870282,
job_name_name,name.name,benchmarks/job/../../data/job/name__name.csv,job-csv,utf8,LibcMemmem,static,prefix-btree,prefix-btree,prefix_x,X%,1,4167491,60681846,60681846,4167491,4167491,0,0,0,1338257961,1584574030,2373,38420,14815,53235,2664,2664,2664,0.012773872817001885,5.561186186186186,0.0008772804967073678,
job_name_name,name.name,benchmarks/job/../../data/job/name__name.csv,job-csv,utf8,LibcMemmem,static,prefix-btree,prefix-btree,prefix_x,X%,2,4167491,60681846,60681846,4167491,4167491,0,0,0,1338257961,1584574030,2373,36810,14875,51685,2664,2664,2664,0.012401946398924437,5.583708708708708,0.0008517374372559464,
job_name_name,name.name,benchmarks/job/../../data/job/name__name.csv,job-csv,utf8,LibcMemmem,static,prefix-btree,prefix-btree,prefix_x,X%,3,4167491,60681846,60681846,4167491,4167491,0,0,0,1338257961,1584574030,2373,34000,12949,46949,2664,2664,2664,0.01126553122730199,4.8607357357357355,0.0007736910310869581,
job_name_name,name.name,benchmarks/job/../../data/job/name__name.csv,job-csv,utf8,LibcMemmem,static,prefix-btree,prefix-btree,prefix_x,X%,4,4167491,60681846,60681846,4167491,4167491,0,0,0,1338257961,1584574030,2373,32531,13039,45570,2664,2664,2664,0.010934636691476958,4.89451951951952,0.0007509659478717902,
job_name_name,name.name,benchmarks/job/../../data/job/name__name.csv,job-csv,utf8,LibcMemmem,static,qgram,full-scan,prefix_x,X%,0,4167491,60681846,60681846,4167491,4167491,0,0,0,1338257961,588757039,2373,447,13772072,13772519,4167491,4167491,2664,3.3047507481119935,3.3046434893320704,0.226962755879246,literal-shorter-than-qgram
job_name_name,name.name,benchmarks/job/../../data/job/name__name.csv,job-csv,utf8,LibcMemmem,static,qgram,full-scan,prefix_x,X%,1,4167491,60681846,60681846,4167491,4167491,0,0,0,1338257961,588757039,2373,148,13945540,13945688,4167491,4167491,2664,3.3463030873971893,3.3462675744230763,0.22981647591933838,literal-shorter-than-qgram
job_name_name,name.name,benchmarks/job/../../data/job/name__name.csv,job-csv,utf8,LibcMemmem,static,qgram,full-scan,prefix_x,X%,2,4167491,60681846,60681846,4167491,4167491,0,0,0,1338257961,588757039,2373,100,13847596,13847696,4167491,4167491,2664,3.322789659293805,3.322765664041026,0.2282016272214263,literal-shorter-than-qgram
job_name_name,name.name,benchmarks/job/../../data/job/name__name.csv,job-csv,utf8,LibcMemmem,static,qgram,full-scan,prefix_x,X%,3,4167491,60681846,60681846,4167491,4167491,0,0,0,1338257961,588757039,2373,120,13992484,13992604,4167491,4167491,2664,3.3575607001910743,3.3575319058877393,0.23058962313044992,literal-shorter-than-qgram
job_name_name,name.name,benchmarks/job/../../data/job/name__name.csv,job-csv,utf8,LibcMemmem,static,qgram,full-scan,prefix_x,X%,4,4167491,60681846,60681846,4167491,4167491,0,0,0,1338257961,588757039,2373,110,13940447,13940557,4167491,4167491,2664,3.345071890977089,3.345045496199032,0.22973192015285757,literal-shorter-than-qgram
job_name_name,name.name,benchmarks/job/../../data/job/name__name.csv,job-csv,utf8,LibcMemmem,static,trigram,full-scan,prefix_x,X%,0,4167491,60681846,60681846,4167491,4167491,0,0,0,1338257961,3192349665,2373,551,14194943,14195494,4167491,4167491,2664,3.406244668554773,3.40611245471196,0.23393312721567502,literal-shorter-than-trigram
job_name_name,name.name,benchmarks/job/../../data/job/name__name.csv,job-csv,utf8,LibcMemmem,static,trigram,full-scan,prefix_x,X%,1,4167491,60681846,60681846,4167491,4167491,0,0,0,1338257961,3192349665,2373,110,13978545,13978655,4167491,4167491,2664,3.354213602380905,3.354187207602848,0.23035975207478032,literal-shorter-than-trigram
job_name_name,name.name,benchmarks/job/../../data/job/name__name.csv,job-csv,utf8,LibcMemmem,static,trigram,full-scan,prefix_x,X%,2,4167491,60681846,60681846,4167491,4167491,0,0,0,1338257961,3192349665,2373,110,13947847,13947957,4167491,4167491,2664,3.346847539682749,3.346821144904692,0.22985386766249663,literal-shorter-than-trigram
job_name_name,name.name,benchmarks/job/../../data/job/name__name.csv,job-csv,utf8,LibcMemmem,static,trigram,full-scan,prefix_x,X%,3,4167491,60681846,60681846,4167491,4167491,0,0,0,1338257961,3192349665,2373,130,13956898,13957028,4167491,4167491,2664,3.3490241490623496,3.3489929552337365,0.23000335223816362,literal-shorter-than-trigram
job_name_name,name.name,benchmarks/job/../../data/job/name__name.csv,job-csv,utf8,LibcMemmem,static,trigram,full-scan,prefix_x,X%,4,4167491,60681846,60681846,4167491,4167491,0,0,0,1338257961,3192349665,2373,231,13907614,13907845,4167491,4167491,2664,3.3372225638879605,3.3371671348540404,0.22919284624268021,literal-shorter-than-trigram
job_name_name,name.name,benchmarks/job/../../data/job/name__name.csv,job-csv,utf8,LibcMemmem,static,fm,fm,prefix_z,Z%,0,4167491,60681846,60681846,4167491,4167491,0,0,0,1338257961,62312623267,1562,1258398,1581554,2839952,59261,59261,36174,0.6814536612076667,26.687939791768617,0.04680068566140852,
job_name_name,name.name,benchmarks/job/../../data/job/name__name.csv,job-csv,utf8,LibcMemmem,static,fm,fm,prefix_z,Z%,1,4167491,60681846,60681846,4167491,4167491,0,0,0,1338257961,62312623267,1562,1218476,1613174,2831650,59261,59261,36174,0.6794615753219383,27.22151161809622,0.04666387373910807,
job_name_name,name.name,benchmarks/job/../../data/job/name__name.csv,job-csv,utf8,LibcMemmem,static,fm,fm,prefix_z,Z%,2,4167491,60681846,60681846,4167491,4167491,0,0,0,1338257961,62312623267,1562,1243008,1705343,2948351,59261,59261,36174,0.707464275267781,28.77681780597695,0.04858703540429538,
job_name_name,name.name,benchmarks/job/../../data/job/name__name.csv,job-csv,utf8,LibcMemmem,static,fm,fm,prefix_z,Z%,3,4167491,60681846,60681846,4167491,4167491,0,0,0,1338257961,62312623267,1562,1383669,1571942,2955611,59261,59261,36174,0.7092063306195502,26.525742056327097,0.0487066757988872,
job_name_name,name.name,benchmarks/job/../../data/job/name__name.csv,job-csv,utf8,LibcMemmem,static,fm,fm,prefix_z,Z%,4,4167491,60681846,60681846,4167491,4167491,0,0,0,1338257961,62312623267,1562,1206732,1507398,2714130,59261,59261,36174,0.651262354255834,25.43659405004978,0.04472721545089449,
job_name_name,name.name,benchmarks/job/../../data/job/name__name.csv,job-csv,utf8,LibcMemmem,static,full-scan,full-scan,prefix_z,Z%,0,4167491,60681846,60681846,4167491,4167491,0,0,0,1338257961,0,1562,821,13999443,14000264,4167491,4167491,36174,3.35939873655396,3.359201735528643,0.23071585528231953,
job_name_name,name.name,benchmarks/job/../../data/job/name__name.csv,job-csv,utf8,LibcMemmem,static,full-scan,full-scan,prefix_z,Z%,1,4167491,60681846,60681846,4167491,4167491,0,0,0,1338257961,0,1562,100,14240033,14240133,4167491,4167491,36174,3.416955909442876,3.4169319141900965,0.23466875084848277,
job_name_name,name.name,benchmarks/job/../../data/job/name__name.csv,job-csv,utf8,LibcMemmem,static,full-scan,full-scan,prefix_z,Z%,2,4167491,60681846,60681846,4167491,4167491,0,0,0,1338257961,0,1562,110,14001264,14001374,4167491,4167491,36174,3.359665083859809,3.359638689081752,0.23073414740876538,
job_name_name,name.name,benchmarks/job/../../data/job/name__name.csv,job-csv,utf8,LibcMemmem,static,full-scan,full-scan,prefix_z,Z%,3,4167491,60681846,60681846,4167491,4167491,0,0,0,1338257961,0,1562,140,14069231,14069371,4167491,4167491,36174,3.3759811358920753,3.375947542538184,0.23185469670780945,
job_name_name,name.name,benchmarks/job/../../data/job/name__name.csv,job-csv,utf8,LibcMemmem,static,full-scan,full-scan,prefix_z,Z%,4,4167491,60681846,60681846,4167491,4167491,0,0,0,1338257961,0,1562,110,14248743,14248853,4167491,4167491,36174,3.4190482954852213,3.4190219007071643,0.2348124511571385,
job_name_name,name.name,benchmarks/job/../../data/job/name__name.csv,job-csv,utf8,LibcMemmem,static,prefix-btree,prefix-btree,prefix_z,Z%,0,4167491,60681846,60681846,4167491,4167491,0,0,0,1338257961,1584574030,1562,1144522,153687,1298209,36174,36174,36174,0.31150853115219684,4.248548681373362,0.021393696559593788,
job_name_name,name.name,benchmarks/job/../../data/job/name__name.csv,job-csv,utf8,LibcMemmem,static,prefix-btree,prefix-btree,prefix_z,Z%,1,4167491,60681846,60681846,4167491,4167491,0,0,0,1338257961,1584574030,1562,1043312,145347,1188659,36174,36174,36174,0.285221731732594,4.01799635097031,0.0195883790351401,
job_name_name,name.name,benchmarks/job/../../data/job/name__name.csv,job-csv,utf8,LibcMemmem,static,prefix-btree,prefix-btree,prefix_z,Z%,2,4167491,60681846,60681846,4167491,4167491,0,0,0,1338257961,1584574030,1562,773635,135184,908819,36174,36174,36174,0.21807341635530827,3.7370487090175266,0.014976785643600889,
job_name_name,name.name,benchmarks/job/../../data/job/name__name.csv,job-csv,utf8,LibcMemmem,static,prefix-btree,prefix-btree,prefix_z,Z%,3,4167491,60681846,60681846,4167491,4167491,0,0,0,1338257961,1584574030,1562,538773,134373,673146,36174,36174,36174,0.16152308427300743,3.71462929175651,0.011093037611281635,
job_name_name,name.name,benchmarks/job/../../data/job/name__name.csv,job-csv,utf8,LibcMemmem,static,prefix-btree,prefix-btree,prefix_z,Z%,4,4167491,60681846,60681846,4167491,4167491,0,0,0,1338257961,1584574030,1562,499312,134513,633825,36174,36174,36174,0.15208791092770207,3.718499474760878,0.010445051391482059,
job_name_name,name.name,benchmarks/job/../../data/job/name__name.csv,job-csv,utf8,LibcMemmem,static,qgram,full-scan,prefix_z,Z%,0,4167491,60681846,60681846,4167491,4167491,0,0,0,1338257961,588757039,1562,480,14012178,14012658,4167491,4167491,36174,3.362372708183413,3.362257530970073,0.23092010088157172,literal-shorter-than-qgram
job_name_name,name.name,benchmarks/job/../../data/job/name__name.csv,job-csv,utf8,LibcMemmem,static,qgram,full-scan,prefix_z,Z%,1,4167491,60681846,60681846,4167491,4167491,0,0,0,1338257961,588757039,1562,111,13973648,13973759,4167491,4167491,36174,3.353038794804836,3.353012160074251,0.23027906896570022,literal-shorter-than-qgram
job_name_name,name.name,benchmarks/job/../../data/job/name__name.csv,job-csv,utf8,LibcMemmem,static,qgram,full-scan,prefix_z,Z%,2,4167491,60681846,60681846,4167491,4167491,0,0,0,1338257961,588757039,1562,130,14112689,14112819,4167491,4167491,36174,3.3864065933195775,3.386375399490965,0.2325706933833226,literal-shorter-than-qgram
job_name_name,name.name,benchmarks/job/../../data/job/name__name.csv,job-csv,utf8,LibcMemmem,static,qgram,full-scan,prefix_z,Z%,3,4167491,60681846,60681846,4167491,4167491,0,0,0,1338257961,588757039,1562,150,14129869,14130019,4167491,4167491,36174,3.3905337767975983,3.3904977839184296,0.23285413894626739,literal-shorter-than-qgram
job_name_name,name.name,benchmarks/job/../../data/job/name__name.csv,job-csv,utf8,LibcMemmem,static,qgram,full-scan,prefix_z,Z%,4,4167491,60681846,60681846,4167491,4167491,0,0,0,1338257961,588757039,1562,111,14156255,14156366,4167491,4167491,36174,3.3968558060473315,3.396829171316747,0.23328832151876197,literal-shorter-than-qgram
job_name_name,name.name,benchmarks/job/../../data/job/name__name.csv,job-csv,utf8,LibcMemmem,static,trigram,full-scan,prefix_z,Z%,0,4167491,60681846,60681846,4167491,4167491,0,0,0,1338257961,3192349665,1562,480,14778961,14779441,4167491,4167491,36174,3.5463642273012708,3.5462490500879307,0.24355621943340353,literal-shorter-than-trigram
job_name_name,name.name,benchmarks/job/../../data/job/name__name.csv,job-csv,utf8,LibcMemmem,static,trigram,full-scan,prefix_z,Z%,1,4167491,60681846,60681846,4167491,4167491,0,0,0,1338257961,3192349665,1562,100,14615171,14615271,4167491,4167491,36174,3.506971220813674,3.506947225560895,0.24085079745266813,literal-shorter-than-trigram
job_name_name,name.name,benchmarks/job/../../data/job/name__name.csv,job-csv,utf8,LibcMemmem,static,trigram,full-scan,prefix_z,Z%,2,4167491,60681846,60681846,4167491,4167491,0,0,0,1338257961,3192349665,1562,110,14109540,14109650,4167491,4167491,36174,3.3856461837590053,3.385619788980948,0.23251847018628932,literal-shorter-than-trigram
job_name_name,name.name,benchmarks/job/../../data/job/name__name.csv,job-csv,utf8,LibcMemmem,static,trigram,full-scan,prefix_z,Z%,3,4167491,60681846,60681846,4167491,4167491,0,0,0,1338257961,3192349665,1562,411,14153422,14153833,4167491,4167491,36174,3.3962480062944347,3.3961493858055123,0.2332465792158004,literal-shorter-than-trigram
job_name_name,name.name,benchmarks/job/../../data/job/name__name.csv,job-csv,utf8,LibcMemmem,static,trigram,full-scan,prefix_z,Z%,4,4167491,60681846,60681846,4167491,4167491,0,0,0,1338257961,3192349665,1562,120,17227360,17227480,4167491,4167491,36174,4.133777373484429,4.133748579181095,0.2838984166697895,literal-shorter-than-trigram
job_name_name,name.name,benchmarks/job/../../data/job/name__name.csv,job-csv,utf8,LibcMemmem,static,fm,fm,not_contains_yu,%Yu%,0,4167491,60681846,60681846,4167491,4167491,0,0,0,1338257961,62312623267,3644,390594,919170,1309764,16079,16079,16079,0.31428118261083227,57.16586852416195,0.021584115947955836,
job_name_name,name.name,benchmarks/job/../../data/job/name__name.csv,job-csv,utf8,LibcMemmem,static,fm,fm,not_contains_yu,%Yu%,1,4167491,60681846,60681846,4167491,4167491,0,0,0,1338257961,62312623267,3644,310291,582338,892629,16079,16079,16079,0.2141885849303574,36.21730207102432,0.014709984267782493,
job_name_name,name.name,benchmarks/job/../../data/job/name__name.csv,job-csv,utf8,LibcMemmem,static,fm,fm,not_contains_yu,%Yu%,2,4167491,60681846,60681846,4167491,4167491,0,0,0,1338257961,62312623267,3644,268483,522298,790781,16079,16079,16079,0.18974989987980778,32.48323900740096,0.013031591029712577,
job_name_name,name.name,benchmarks/job/../../data/job/name__name.csv,job-csv,utf8,LibcMemmem,static,fm,fm,not_contains_yu,%Yu%,3,4167491,60681846,60681846,4167491,4167491,0,0,0,1338257961,62312623267,3644,263146,521417,784563,16079,16079,16079,0.18825787506199773,32.42844704272654,0.01292912216282939,
job_name_name,name.name,benchmarks/job/../../data/job/name__name.csv,job-csv,utf8,LibcMemmem,static,fm,fm,not_contains_yu,%Yu%,4,4167491,60681846,60681846,4167491,4167491,0,0,0,1338257961,62312623267,3644,272797,519595,792392,16079,16079,16079,0.19013646340208054,32.315131538030975,0.01305813933214886,
job_name_name,name.name,benchmarks/job/../../data/job/name__name.csv,job-csv,utf8,LibcMemmem,static,full-scan,full-scan,not_contains_yu,%Yu%,0,4167491,60681846,60681846,4167491,4167491,0,0,0,1338257961,0,3644,481,65788686,65789167,4167491,4167473,16079,15.78627692297356,15.78616150580769,1.0841655509293504,
job_name_name,name.name,benchmarks/job/../../data/job/name__name.csv,job-csv,utf8,LibcMemmem,static,full-scan,full-scan,not_contains_yu,%Yu%,1,4167491,60681846,60681846,4167491,4167491,0,0,0,1338257961,0,3644,120,65284642,65284762,4167491,4167473,16079,15.665243668192685,15.665214873889349,1.075853262605096,
job_name_name,name.name,benchmarks/job/../../data/job/name__name.csv,job-csv,utf8,LibcMemmem,static,full-scan,full-scan,not_contains_yu,%Yu%,2,4167491,60681846,60681846,4167491,4167491,0,0,0,1338257961,0,3644,120,63942125,63942245,4167491,4167473,16079,15.343103320439084,15.34307452613575,1.053729397091842,
job_name_name,name.name,benchmarks/job/../../data/job/name__name.csv,job-csv,utf8,LibcMemmem,static,full-scan,full-scan,not_contains_yu,%Yu%,3,4167491,60681846,60681846,4167491,4167491,0,0,0,1338257961,0,3644,110,64432127,64432237,4167491,4167473,16079,15.460678139436894,15.460651744658836,1.0618041679219845,
job_name_name,name.name,benchmarks/job/../../data/job/name__name.csv,job-csv,utf8,LibcMemmem,static,full-scan,full-scan,not_contains_yu,%Yu%,4,4167491,60681846,60681846,4167491,4167491,0,0,0,1338257961,0,3644,140,63423433,63423573,4167491,4167473,16079,15.218646662944202,15.218613069590312,1.0451819972648821,
job_name_name,name.name,benchmarks/job/../../data/job/name__name.csv,job-csv,utf8,LibcMemmem,static,prefix-btree,full-scan,not_contains_yu,%Yu%,0,4167491,60681846,60681846,4167491,4167491,0,0,0,1338257961,1584574030,3644,881,63417116,63417997,4167491,4167473,16079,15.217308687649236,15.217097289472251,1.0450901081684298,no-indexable-prefix
job_name_name,name.name,benchmarks/job/../../data/job/name__name.csv,job-csv,utf8,LibcMemmem,static,prefix-btree,full-scan,not_contains_yu,%Yu%,1,4167491,60681846,60681846,4167491,4167491,0,0,0,1338257961,1584574030,3644,401,65036881,65037282,4167491,4167473,16079,15.605860216614746,15.6057639956511,1.0717749423773297,no-indexable-prefix
job_name_name,name.name,benchmarks/job/../../data/job/name__name.csv,job-csv,utf8,LibcMemmem,static,prefix-btree,full-scan,not_contains_yu,%Yu%,2,4167491,60681846,60681846,4167491,4167491,0,0,0,1338257961,1584574030,3644,801,64963026,64963827,4167491,4167473,16079,15.588234503685792,15.58804230171103,1.0705644485502304,no-indexable-prefix
job_name_name,name.name,benchmarks/job/../../data/job/name__name.csv,job-csv,utf8,LibcMemmem,static,prefix-btree,full-scan,not_contains_yu,%Yu%,3,4167491,60681846,60681846,4167491,4167491,0,0,0,1338257961,1584574030,3644,781,64247492,64248273,4167491,4167473,16079,15.416535512614184,15.416348109689979,1.0587725528323577,no-indexable-prefix
job_name_name,name.name,benchmarks/job/../../data/job/name__name.csv,job-csv,utf8,LibcMemmem,static,prefix-btree,full-scan,not_contains_yu,%Yu%,4,4167491,60681846,60681846,4167491,4167491,0,0,0,1338257961,1584574030,3644,441,64074090,64074531,4167491,4167473,16079,15.374845680530564,15.374739861465807,1.055909390099965,no-indexable-prefix
job_name_name,name.name,benchmarks/job/../../data/job/name__name.csv,job-csv,utf8,LibcMemmem,static,qgram,full-scan,not_contains_yu,%Yu%,0,4167491,60681846,60681846,4167491,4167491,0,0,0,1338257961,588757039,3644,460,63879306,63879766,4167491,4167473,16079,15.328111326455174,15.32800094829239,1.052699781084445,literal-shorter-than-qgram
job_name_name,name.name,benchmarks/job/../../data/job/name__name.csv,job-csv,utf8,LibcMemmem,static,qgram,full-scan,not_contains_yu,%Yu%,1,4167491,60681846,60681846,4167491,4167491,0,0,0,1338257961,588757039,3644,110,78340585,78340695,4167491,4167473,16079,18.79804779422439,18.798021399446334,1.2910071160326928,literal-shorter-than-qgram
job_name_name,name.name,benchmarks/job/../../data/job/name__name.csv,job-csv,utf8,LibcMemmem,static,qgram,full-scan,not_contains_yu,%Yu%,2,4167491,60681846,60681846,4167491,4167491,0,0,0,1338257961,588757039,3644,101,65172476,65172577,4167491,4167473,16079,15.63832459386235,15.638300358657043,1.074004521879575,literal-shorter-than-qgram
job_name_name,name.name,benchmarks/job/../../data/job/name__name.csv,job-csv,utf8,LibcMemmem,static,qgram,full-scan,not_contains_yu,%Yu%,3,4167491,60681846,60681846,4167491,4167491,0,0,0,1338257961,588757039,3644,131,65348000,65348131,4167491,4167473,16079,15.680449219926329,15.680417786145188,1.076897545272436,literal-shorter-than-qgram
job_name_name,name.name,benchmarks/job/../../data/job/name__name.csv,job-csv,utf8,LibcMemmem,static,qgram,full-scan,not_contains_yu,%Yu%,4,4167491,60681846,60681846,4167491,4167491,0,0,0,1338257961,588757039,3644,110,65160734,65160844,4167491,4167473,16079,15.635509230853767,15.635482836075711,1.0738111691592243,literal-shorter-than-qgram
job_name_name,name.name,benchmarks/job/../../data/job/name__name.csv,job-csv,utf8,LibcMemmem,static,trigram,full-scan,not_contains_yu,%Yu%,0,4167491,60681846,60681846,4167491,4167491,0,0,0,1338257961,3192349665,3644,460,72316133,72316593,4167491,4167473,16079,17.352549291648142,17.352438913485358,1.1917335705311272,literal-shorter-than-trigram
job_name_name,name.name,benchmarks/job/../../data/job/name__name.csv,job-csv,utf8,LibcMemmem,static,trigram,full-scan,not_contains_yu,%Yu%,1,4167491,60681846,60681846,4167491,4167491,0,0,0,1338257961,3192349665,3644,120,70859563,70859683,4167491,4167473,16079,17.00296005438284,17.002931260079507,1.1677245777921785,literal-shorter-than-trigram
job_name_name,name.name,benchmarks/job/../../data/job/name__name.csv,job-csv,utf8,LibcMemmem,static,trigram,full-scan,not_contains_yu,%Yu%,2,4167491,60681846,60681846,4167491,4167491,0,0,0,1338257961,3192349665,3644,230,63903906,63904136,4167491,4167473,16079,15.333958969557463,15.33390378047607,1.0531013838965941,literal-shorter-than-trigram
job_name_name,name.name,benchmarks/job/../../data/job/name__name.csv,job-csv,utf8,LibcMemmem,static,trigram,full-scan,not_contains_yu,%Yu%,3,4167491,60681846,60681846,4167491,4167491,0,0,0,1338257961,3192349665,3644,110,64893683,64893793,4167491,4167473,16079,15.571429668354412,15.571403273576356,1.0694103307272491,literal-shorter-than-trigram
job_name_name,name.name,benchmarks/job/../../data/job/name__name.csv,job-csv,utf8,LibcMemmem,static,trigram,full-scan,not_contains_yu,%Yu%,4,4167491,60681846,60681846,4167491,4167491,0,0,0,1338257961,3192349665,3644,110,64877158,64877268,4167491,4167473,16079,15.567464452832652,15.567438058054595,1.0691380087547107,literal-shorter-than-trigram
job_name_name,name.name,benchmarks/job/../../data/job/name__name.csv,job-csv,utf8,NaiveAutoWildcard,static,fm,fm,contains_an,%An%,0,4167491,60681846,60681846,4167491,4167491,0,0,0,1338257961,62312623267,19130,3733507,12114622,15848129,163621,163621,163621,3.8027986143221426,74.04075271511603,0.2611675491876104,
job_name_name,name.name,benchmarks/job/../../data/job/name__name.csv,job-csv,utf8,NaiveAutoWildcard,static,fm,fm,contains_an,%An%,1,4167491,60681846,60681846,4167491,4167491,0,0,0,1338257961,62312623267,19130,3511715,11615037,15126752,163621,163621,163621,3.629702379681204,70.98744659915292,0.24927969396316652,
job_name_name,name.name,benchmarks/job/../../data/job/name__name.csv,job-csv,utf8,NaiveAutoWildcard,static,fm,fm,contains_an,%An%,2,4167491,60681846,60681846,4167491,4167491,0,0,0,1338257961,62312623267,19130,3584171,11262528,14846699,163621,163621,163621,3.5625029544154985,68.83302265601604,0.24466459046087688,
job_name_name,name.name,benchmarks/job/../../data/job/name__name.csv,job-csv,utf8,NaiveAutoWildcard,static,fm,fm,contains_an,%An%,3,4167491,60681846,60681846,4167491,4167491,0,0,0,1338257961,62312623267,19130,3319503,11990542,15310045,163621,163621,163621,3.673683998357765,73.28241484894971,0.25230025137995965,
job_name_name,name.name,benchmarks/job/../../data/job/name__name.csv,job-csv,utf8,NaiveAutoWildcard,static,fm,fm,contains_an,%An%,4,4167491,60681846,60681846,4167491,4167491,0,0,0,1338257961,62312623267,19130,3228967,11118037,14347004,163621,163621,163621,3.442599876040524,67.94993918873494,0.23642992007856847,
job_name_name,name.name,benchmarks/job/../../data/job/name__name.csv,job-csv,utf8,NaiveAutoWildcard,static,full-scan,full-scan,contains_an,%An%,0,4167491,60681846,60681846,4167491,4167491,0,0,0,1338257961,0,19130,461,70941110,70941571,4167491,4167473,163621,17.022609286978664,17.022498668863353,1.169074042342087,
job_name_name,name.name,benchmarks/job/../../data/job/name__name.csv,job-csv,utf8,NaiveAutoWildcard,static,full-scan,full-scan,contains_an,%An%,1,4167491,60681846,60681846,4167491,4167491,0,0,0,1338257961,0,19130,110,70832290,70832400,4167491,4167473,163621,16.996413429567095,16.996387034789038,1.167274970507654,
job_name_name,name.name,benchmarks/job/../../data/job/name__name.csv,job-csv,utf8,NaiveAutoWildcard,static,full-scan,full-scan,contains_an,%An%,2,4167491,60681846,60681846,4167491,4167491,0,0,0,1338257961,0,19130,110,70879284,70879394,4167491,4167473,163621,17.00768975865815,17.00766336388009,1.1680494031114346,
job_name_name,name.name,benchmarks/job/../../data/job/name__name.csv,job-csv,utf8,NaiveAutoWildcard,static,full-scan,full-scan,contains_an,%An%,3,4167491,60681846,60681846,4167491,4167491,0,0,0,1338257961,0,19130,110,70468816,70468926,4167491,4167473,163621,16.90919692448046,16.909170529702404,1.161285139545689,
job_name_name,name.name,benchmarks/job/../../data/job/name__name.csv,job-csv,utf8,NaiveAutoWildcard,static,full-scan,full-scan,contains_an,%An%,4,4167491,60681846,60681846,4167491,4167491,0,0,0,1338257961,0,19130,130,70593265,70593395,4167491,4167473,163621,16.939063575662193,16.939032381833577,1.1633363131372108,
job_name_name,name.name,benchmarks/job/../../data/job/name__name.csv,job-csv,utf8,NaiveAutoWildcard,static,prefix-btree,full-scan,contains_an,%An%,0,4167491,60681846,60681846,4167491,4167491,0,0,0,1338257961,1584574030,19130,1710,70070121,70071831,4167491,4167473,163621,16.813912975456937,16.813502656634412,1.1547412549051326,no-indexable-prefix
job_name_name,name.name,benchmarks/job/../../data/job/name__name.csv,job-csv,utf8,NaiveAutoWildcard,static,prefix-btree,full-scan,contains_an,%An%,1,4167491,60681846,60681846,4167491,4167491,0,0,0,1338257961,1584574030,19130,350,70995955,70996305,4167491,4167473,163621,17.035742848634825,17.0356588652501,1.1699760254491929,no-indexable-prefix
job_name_name,name.name,benchmarks/job/../../data/job/name__name.csv,job-csv,utf8,NaiveAutoWildcard,static,prefix-btree,full-scan,contains_an,%An%,2,4167491,60681846,60681846,4167491,4167491,0,0,0,1338257961,1584574030,19130,430,76042657,76043087,4167491,4167473,163621,18.246730946749494,18.246627767162543,1.2531439303939436,no-indexable-prefix
job_name_name,name.name,benchmarks/job/../../data/job/name__name.csv,job-csv,utf8,NaiveAutoWildcard,static,prefix-btree,full-scan,contains_an,%An%,3,4167491,60681846,60681846,4167491,4167491,0,0,0,1338257961,1584574030,19130,431,70482171,70482602,4167491,4167473,163621,16.912478515250545,16.912375095711063,1.1615105117270164,no-indexable-prefix
job_name_name,name.name,benchmarks/job/../../data/job/name__name.csv,job-csv,utf8,NaiveAutoWildcard,static,prefix-btree,full-scan,contains_an,%An%,4,4167491,60681846,60681846,4167491,4167491,0,0,0,1338257961,1584574030,19130,430,82674735,82675165,4167491,4167473,163621,19.838114827362556,19.838011647775605,1.3624365514523076,no-indexable-prefix
job_name_name,name.name,benchmarks/job/../../data/job/name__name.csv,job-csv,utf8,NaiveAutoWildcard,static,qgram,full-scan,contains_an,%An%,0,4167491,60681846,60681846,4167491,4167491,0,0,0,1338257961,588757039,19130,480,83161933,83162413,4167491,4167473,163621,19.955031216624104,19.95491603941076,1.3704661028275245,literal-shorter-than-qgram
job_name_name,name.name,benchmarks/job/../../data/job/name__name.csv,job-csv,utf8,NaiveAutoWildcard,static,qgram,full-scan,contains_an,%An%,1,4167491,60681846,60681846,4167491,4167491,0,0,0,1338257961,588757039,19130,100,69926216,69926316,4167491,4167473,163621,16.778996283375296,16.778972288122517,1.15234325600444,literal-shorter-than-qgram
job_name_name,name.name,benchmarks/job/../../data/job/name__name.csv,job-csv,utf8,NaiveAutoWildcard,static,qgram,full-scan,contains_an,%An%,2,4167491,60681846,60681846,4167491,4167491,0,0,0,1338257961,588757039,19130,110,73861804,73861914,4167491,4167473,163621,17.72335297184805,17.723326577069994,1.2171995229017918,literal-shorter-than-qgram
job_name_name,name.name,benchmarks/job/../../data/job/name__name.csv,job-csv,utf8,NaiveAutoWildcard,static,qgram,full-scan,contains_an,%An%,3,4167491,60681846,60681846,4167491,4167491,0,0,0,1338257961,588757039,19130,110,69558192,69558302,4167491,4167473,163621,16.69069039381249,16.69066399903443,1.146278608597372,literal-shorter-than-qgram
job_name_name,name.name,benchmarks/job/../../data/job/name__name.csv,job-csv,utf8,NaiveAutoWildcard,static,qgram,full-scan,contains_an,%An%,4,4167491,60681846,60681846,4167491,4167491,0,0,0,1338257961,588757039,19130,120,70723436,70723556,4167491,4167473,163621,16.970296036632114,16.970267242328777,1.1654812874347955,literal-shorter-than-qgram
job_name_name,name.name,benchmarks/job/../../data/job/name__name.csv,job-csv,utf8,NaiveAutoWildcard,static,trigram,full-scan,contains_an,%An%,0,4167491,60681846,60681846,4167491,4167491,0,0,0,1338257961,3192349665,19130,550,70699447,70699997,4167491,4167473,163621,16.964642995029863,16.96451102113958,1.1650930494105272,literal-shorter-than-trigram
job_name_name,name.name,benchmarks/job/../../data/job/name__name.csv,job-csv,utf8,NaiveAutoWildcard,static,trigram,full-scan,contains_an,%An%,1,4167491,60681846,60681846,4167491,4167491,0,0,0,1338257961,3192349665,19130,110,71421472,71421582,4167491,4167473,163621,17.13778913979658,17.137762745018527,1.1769843323487554,literal-shorter-than-trigram
job_name_name,name.name,benchmarks/job/../../data/job/name__name.csv,job-csv,utf8,NaiveAutoWildcard,static,trigram,full-scan,contains_an,%An%,2,4167491,60681846,60681846,4167491,4167491,0,0,0,1338257961,3192349665,19130,190,70227110,70227300,4167491,4167473,163621,16.851218155000215,16.851172564019933,1.157303289685683,literal-shorter-than-trigram
job_name_name,name.name,benchmarks/job/../../data/job/name__name.csv,job-csv,utf8,NaiveAutoWildcard,static,trigram,full-scan,contains_an,%An%,3,4167491,60681846,60681846,4167491,4167491,0,0,0,1338257961,3192349665,19130,110,70864456,70864566,4167491,4167473,163621,17.00413174257605,17.004105347797992,1.1678050466691472,literal-shorter-than-trigram
job_name_name,name.name,benchmarks/job/../../data/job/name__name.csv,job-csv,utf8,NaiveAutoWildcard,static,trigram,full-scan,contains_an,%An%,4,4167491,60681846,60681846,4167491,4167491,0,0,0,1338257961,3192349665,19130,111,70497695,70497806,4167491,4167473,163621,16.91612675348309,16.916100118752507,1.161761064421145,literal-shorter-than-trigram
job_name_name,name.name,benchmarks/job/../../data/job/name__name.csv,job-csv,utf8,NaiveAutoWildcard,static,fm,fm,contains_ang,%Ang%,0,4167491,60681846,60681846,4167491,4167491,0,0,0,1338257961,62312623267,2682,250631,1066857,1317488,15803,15803,15803,0.31613457593549693,67.50977662469151,0.021711402780989885,
job_name_name,name.name,benchmarks/job/../../data/job/name__name.csv,job-csv,utf8,NaiveAutoWildcard,static,fm,fm,contains_ang,%Ang%,1,4167491,60681846,60681846,4167491,4167491,0,0,0,1338257961,62312623267,2682,250561,749500,1000061,15803,15803,15803,0.23996716489609696,47.42770360058217,0.016480398437450305,
job_name_name,name.name,benchmarks/job/../../data/job/name__name.csv,job-csv,utf8,NaiveAutoWildcard,static,fm,fm,contains_ang,%Ang%,2,4167491,60681846,60681846,4167491,4167491,0,0,0,1338257961,62312623267,2682,242484,641389,883873,15803,15803,15803,0.21208756059701148,40.586534202366636,0.014565690700971754,
job_name_name,name.name,benchmarks/job/../../data/job/name__name.csv,job-csv,utf8,NaiveAutoWildcard,static,fm,fm,contains_ang,%Ang%,3,4167491,60681846,60681846,4167491,4167491,0,0,0,1338257961,62312623267,2682,206594,532558,739152,15803,15803,15803,0.17736139082243968,33.69980383471493,0.01218077643847552,
job_name_name,name.name,benchmarks/job/../../data/job/name__name.csv,job-csv,utf8,NaiveAutoWildcard,static,fm,fm,contains_ang,%Ang%,4,4167491,60681846,60681846,4167491,4167491,0,0,0,1338257961,62312623267,2682,204873,501101,705974,15803,15803,15803,0.16940024585535998,31.70923242422325,0.011634023131069546,
job_name_name,name.name,benchmarks/job/../../data/job/name__name.csv,job-csv,utf8,NaiveAutoWildcard,static,full-scan,full-scan,contains_ang,%Ang%,0,4167491,60681846,60681846,4167491,4167491,0,0,0,1338257961,0,2682,471,68797457,68797928,4167491,4167235,15803,16.508236730445248,16.508123712804657,1.1337481064765236,
job_name_name,name.name,benchmarks/job/../../data/job/name__name.csv,job-csv,utf8,NaiveAutoWildcard,static,full-scan,full-scan,contains_ang,%Ang%,1,4167491,60681846,60681846,4167491,4167491,0,0,0,1338257961,0,2682,120,69941497,69941617,4167491,4167235,15803,16.78266779700304,16.782639002699707,1.1525954071997084,
job_name_name,name.name,benchmarks/job/../../data/job/name__name.csv,job-csv,utf8,NaiveAutoWildcard,static,full-scan,full-scan,contains_ang,%Ang%,2,4167491,60681846,60681846,4167491,4167491,0,0,0,1338257961,0,2682,120,68784064,68784184,4167491,4167235,15803,16.504938822903277,16.50491002859994,1.1335216136964588,
job_name_name,name.name,benchmarks/job/../../data/job/name__name.csv,job-csv,utf8,NaiveAutoWildcard,static,full-scan,full-scan,contains_ang,%Ang%,3,4167491,60681846,60681846,4167491,4167491,0,0,0,1338257961,0,2682,420,68977088,68977508,4167491,4167235,15803,16.551327405386118,16.551226625324446,1.1367074759063855,
job_name_name,name.name,benchmarks/job/../../data/job/name__name.csv,job-csv,utf8,NaiveAutoWildcard,static,full-scan,full-scan,contains_ang,%Ang%,4,4167491,60681846,60681846,4167491,4167491,0,0,0,1338257961,0,2682,120,67861047,67861167,4167491,4167235,15803,16.28345856055838,16.283429766255043,1.1183108536282829,
job_name_name,name.name,benchmarks/job/../../data/job/name__name.csv,job-csv,utf8,NaiveAutoWildcard,static,prefix-btree,full-scan,contains_ang,%Ang%,0,4167491,60681846,60681846,4167491,4167491,0,0,0,1338257961,1584574030,2682,1238,68780145,68781383,4167491,4167235,15803,16.50426671587293,16.503969654643527,1.133475454916121,no-indexable-prefix
job_name_name,name.name,benchmarks/job/../../data/job/name__name.csv,job-csv,utf8,NaiveAutoWildcard,static,prefix-btree,full-scan,contains_ang,%Ang%,1,4167491,60681846,60681846,4167491,4167491,0,0,0,1338257961,1584574030,2682,500,68159788,68160288,4167491,4167235,15803,16.35523340062402,16.355113424360123,1.1232401862000045,no-indexable-prefix
job_name_name,name.name,benchmarks/job/../../data/job/name__name.csv,job-csv,utf8,NaiveAutoWildcard,static,prefix-btree,full-scan,contains_ang,%Ang%,2,4167491,60681846,60681846,4167491,4167491,0,0,0,1338257961,1584574030,2682,499,69075667,69076166,4167491,4167235,15803,16.57500064187301,16.574880905561642,1.1383332998801652,no-indexable-prefix
job_name_name,name.name,benchmarks/job/../../data/job/name__name.csv,job-csv,utf8,NaiveAutoWildcard,static,prefix-btree,full-scan,contains_ang,%Ang%,3,4167491,60681846,60681846,4167491,4167491,0,0,0,1338257961,1584574030,2682,539,69848521,69849060,4167491,4167235,15803,16.760458510888206,16.760329176475725,1.1510701240038084,no-indexable-prefix
job_name_name,name.name,benchmarks/job/../../data/job/name__name.csv,job-csv,utf8,NaiveAutoWildcard,static,prefix-btree,full-scan,contains_ang,%Ang%,4,4167491,60681846,60681846,4167491,4167491,0,0,0,1338257961,1584574030,2682,549,68440726,68441275,4167491,4167235,15803,16.422656941550684,16.422525207612924,1.1278706814555377,no-indexable-prefix
job_name_name,name.name,benchmarks/job/../../data/job/name__name.csv,job-csv,utf8,NaiveAutoWildcard,static,qgram,full-scan,contains_ang,%Ang%,0,4167491,60681846,60681846,4167491,4167491,0,0,0,1338257961,588757039,2682,489,68630278,68630767,4167491,4167235,15803,16.468126025947026,16.468008689160936,1.1309933946307433,literal-shorter-than-qgram
job_name_name,name.name,benchmarks/job/../../data/job/name__name.csv,job-csv,utf8,NaiveAutoWildcard,static,qgram,full-scan,contains_ang,%Ang%,1,4167491,60681846,60681846,4167491,4167491,0,0,0,1338257961,588757039,2682,110,79810251,79810361,4167491,4167235,15803,19.150697865934205,19.150671471156148,1.3152263199112302,literal-shorter-than-qgram
job_name_name,name.name,benchmarks/job/../../data/job/name__name.csv,job-csv,utf8,NaiveAutoWildcard,static,qgram,full-scan,contains_ang,%Ang%,2,4167491,60681846,60681846,4167491,4167491,0,0,0,1338257961,588757039,2682,109,69630286,69630395,4167491,4167235,15803,16.70798929139859,16.70796313657306,1.1474666574909405,literal-shorter-than-qgram
job_name_name,name.name,benchmarks/job/../../data/job/name__name.csv,job-csv,utf8,NaiveAutoWildcard,static,qgram,full-scan,contains_ang,%Ang%,3,4167491,60681846,60681846,4167491,4167491,0,0,0,1338257961,588757039,2682,110,69256465,69256575,4167491,4167235,15803,16.618290237459423,16.618263842681365,1.1413063307269855,literal-shorter-than-qgram
job_name_name,name.name,benchmarks/job/../../data/job/name__name.csv,job-csv,utf8,NaiveAutoWildcard,static,qgram,full-scan,contains_ang,%Ang%,4,4167491,60681846,60681846,4167491,4167491,0,0,0,1338257961,588757039,2682,110,69122281,69122391,4167491,4167235,15803,16.586092447470193,16.586066052692136,1.1390950598305793,literal-shorter-than-qgram
job_name_name,name.name,benchmarks/job/../../data/job/name__name.csv,job-csv,utf8,NaiveAutoWildcard,static,trigram,trigram,contains_ang,%Ang%,0,4167491,60681846,60681846,4167491,4167491,0,0,0,1338257961,3192349665,2682,6419,608797,615216,15803,15803,15803,0.14762263433802256,38.52414098588876,0.010138386363526252,
job_name_name,name.name,benchmarks/job/../../data/job/name__name.csv,job-csv,utf8,NaiveAutoWildcard,static,trigram,trigram,contains_ang,%Ang%,1,4167491,60681846,60681846,4167491,4167491,0,0,0,1338257961,3192349665,2682,4712,473923,478635,15803,15803,15803,0.11484967813967685,29.989432386255775,0.007887614361632966,
job_name_name,name.name,benchmarks/job/../../data/job/name__name.csv,job-csv,utf8,NaiveAutoWildcard,static,trigram,trigram,contains_ang,%Ang%,2,4167491,60681846,60681846,4167491,4167491,0,0,0,1338257961,3192349665,2682,7258,467634,474892,15803,15803,15803,0.11395153582815176,29.59146997405556,0.007825931992906083,
job_name_name,name.name,benchmarks/job/../../data/job/name__name.csv,job-csv,utf8,NaiveAutoWildcard,static,trigram,trigram,contains_ang,%Ang%,3,4167491,60681846,60681846,4167491,4167491,0,0,0,1338257961,3192349665,2682,4473,461864,466337,15803,15803,15803,0.11189874195289204,29.226349427323925,0.007684950784127431,
job_name_name,name.name,benchmarks/job/../../data/job/name__name.csv,job-csv,utf8,NaiveAutoWildcard,static,trigram,trigram,contains_ang,%Ang%,4,4167491,60681846,60681846,4167491,4167491,0,0,0,1338257961,3192349665,2682,5471,484556,490027,15803,15803,15803,0.11758321733628219,30.66227931405429,0.008075347608904318,
job_name_name,name.name,benchmarks/job/../../data/job/name__name.csv,job-csv,utf8,NaiveAutoWildcard,static,fm,fm,contains_angel,%Angel%,0,4167491,60681846,60681846,4167491,4167491,0,0,0,1338257961,62312623267,2266,160420,406108,566528,12221,12221,12221,0.13593982566489046,33.230341215939774,0.009336037667674118,
job_name_name,name.name,benchmarks/job/../../data/job/name__name.csv,job-csv,utf8,NaiveAutoWildcard,static,fm,fm,contains_angel,%Angel%,1,4167491,60681846,60681846,4167491,4167491,0,0,0,1338257961,62312623267,2266,142041,397153,539194,12221,12221,12221,0.1293809632702266,32.49758612224859,0.0088855899340966,
job_name_name,name.name,benchmarks/job/../../data/job/name__name.csv,job-csv,utf8,NaiveAutoWildcard,static,fm,fm,contains_angel,%Angel%,2,4167491,60681846,60681846,4167491,4167491,0,0,0,1338257961,62312623267,2266,137848,396963,534811,12221,12221,12221,0.12832925134091472,32.48203911300221,0.008813360753725257,
job_name_name,name.name,benchmarks/job/../../data/job/name__name.csv,job-csv,utf8,NaiveAutoWildcard,static,fm,fm,contains_angel,%Angel%,3,4167491,60681846,60681846,4167491,4167491,0,0,0,1338257961,62312623267,2266,152653,402244,554897,12221,12221,12221,0.13314893781414286,32.914164143687096,0.00914436584542929,
job_name_name,name.name,benchmarks/job/../../data/job/name__name.csv,job-csv,utf8,NaiveAutoWildcard,static,fm,fm,contains_angel,%Angel%,4,4167491,60681846,60681846,4167491,4167491,0,0,0,1338257961,62312623267,2266,133456,411479,544935,12221,12221,12221,0.13075853073227992,33.66983061942558,0.008980198130426026,
job_name_name,name.name,benchmarks/job/../../data/job/name__name.csv,job-csv,utf8,NaiveAutoWildcard,static,full-scan,full-scan,contains_angel,%Angel%,0,4167491,60681846,60681846,4167491,4167491,0,0,0,1338257961,0,2266,460,66049493,66049953,4167491,4153604,12221,15.848853182886298,15.848742804723514,1.0884631459629623,
job_name_name,name.name,benchmarks/job/../../data/job/name__name.csv,job-csv,utf8,NaiveAutoWildcard,static,full-scan,full-scan,contains_angel,%Angel%,1,4167491,60681846,60681846,4167491,4167491,0,0,0,1338257961,0,2266,99,65262427,65262526,4167491,4153604,12221,15.659908083784703,15.659884328484452,1.075486826818024,
job_name_name,name.name,benchmarks/job/../../data/job/name__name.csv,job-csv,utf8,NaiveAutoWildcard,static,full-scan,full-scan,contains_angel,%Angel%,2,4167491,60681846,60681846,4167491,4167491,0,0,0,1338257961,0,2266,110,65529879,65529989,4167491,4153604,12221,15.72408650672551,15.724060111947452,1.0798944547599953,
job_name_name,name.name,benchmarks/job/../../data/job/name__name.csv,job-csv,utf8,NaiveAutoWildcard,static,full-scan,full-scan,contains_angel,%Angel%,3,4167491,60681846,60681846,4167491,4167491,0,0,0,1338257961,0,2266,110,65192455,65192565,4167491,4153604,12221,15.643120764987854,15.643094370209798,1.074333911990746,
job_name_name,name.name,benchmarks/job/../../data/job/name__name.csv,job-csv,utf8,NaiveAutoWildcard,static,full-scan,full-scan,contains_angel,%Angel%,4,4167491,60681846,60681846,4167491,4167491,0,0,0,1338257961,0,2266,100,77354137,77354237,4167491,4153604,12221,18.561344703563847,18.56132070831107,1.2747508867808668,
job_name_name,name.name,benchmarks/job/../../data/job/name__name.csv,job-csv,utf8,NaiveAutoWildcard,static,prefix-btree,full-scan,contains_angel,%Angel%,0,4167491,60681846,60681846,4167491,4167491,0,0,0,1338257961,1584574030,2266,1269,65249252,65250521,4167491,4153604,12221,15.657027453688562,15.656722953930794,1.0752889917027244,no-indexable-prefix
job_name_name,name.name,benchmarks/job/../../data/job/name__name.csv,job-csv,utf8,NaiveAutoWildcard,static,prefix-btree,full-scan,contains_angel,%Angel%,1,4167491,60681846,60681846,4167491,4167491,0,0,0,1338257961,1584574030,2266,499,64781862,64782361,4167491,4153604,12221,15.544691278277506,15.544571541966137,1.0675739989848034,no-indexable-prefix
job_name_name,name.name,benchmarks/job/../../data/job/name__name.csv,job-csv,utf8,NaiveAutoWildcard,static,prefix-btree,full-scan,contains_angel,%Angel%,2,4167491,60681846,60681846,4167491,4167491,0,0,0,1338257961,1584574030,2266,450,66313093,66313543,4167491,4153604,12221,15.912102269686965,15.911994291049458,1.0928069492150914,no-indexable-prefix
job_name_name,name.name,benchmarks/job/../../data/job/name__name.csv,job-csv,utf8,NaiveAutoWildcard,static,prefix-btree,full-scan,contains_angel,%Angel%,3,4167491,60681846,60681846,4167491,4167491,0,0,0,1338257961,1584574030,2266,499,65807207,65807706,4167491,4153604,12221,15.790725402886293,15.790605666574924,1.0844710623997826,no-indexable-prefix
job_name_name,name.name,benchmarks/job/../../data/job/name__name.csv,job-csv,utf8,NaiveAutoWildcard,static,prefix-btree,full-scan,contains_angel,%Angel%,4,4167491,60681846,60681846,4167491,4167491,0,0,0,1338257961,1584574030,2266,429,66132440,66132869,4167491,4153604,12221,15.86874908668069,15.868646147046269,1.0898295513290746,no-indexable-prefix
job_name_name,name.name,benchmarks/job/../../data/job/name__name.csv,job-csv,utf8,NaiveAutoWildcard,static,qgram,full-scan,contains_angel,%Angel%,0,4167491,60681846,60681846,4167491,4167491,0,0,0,1338257961,588757039,2266,460,66272414,66272874,4167491,4153604,12221,15.902343640334196,15.902233262171412,1.0921367487732658,literal-shorter-than-qgram
job_name_name,name.name,benchmarks/job/../../data/job/name__name.csv,job-csv,utf8,NaiveAutoWildcard,static,qgram,full-scan,contains_angel,%Angel%,1,4167491,60681846,60681846,4167491,4167491,0,0,0,1338257961,588757039,2266,110,66498265,66498375,4167491,4153604,12221,15.956453175303798,15.95642678052574,1.0958528684180109,literal-shorter-than-qgram
job_name_name,name.name,benchmarks/job/../../data/job/name__name.csv,job-csv,utf8,NaiveAutoWildcard,static,qgram,full-scan,contains_angel,%Angel%,2,4167491,60681846,60681846,4167491,4167491,0,0,0,1338257961,588757039,2266,150,66298917,66299067,4167491,4153604,12221,15.908628716894649,15.908592724015481,1.0925683935192083,literal-shorter-than-qgram
job_name_name,name.name,benchmarks/job/../../data/job/name__name.csv,job-csv,utf8,NaiveAutoWildcard,static,qgram,full-scan,contains_angel,%Angel%,3,4167491,60681846,60681846,4167491,4167491,0,0,0,1338257961,588757039,2266,120,67828838,67828958,4167491,4153604,12221,16.275729929590728,16.275701135287395,1.1177800688528823,literal-shorter-than-qgram
job_name_name,name.name,benchmarks/job/../../data/job/name__name.csv,job-csv,utf8,NaiveAutoWildcard,static,qgram,full-scan,contains_angel,%Angel%,4,4167491,60681846,60681846,4167491,4167491,0,0,0,1338257961,588757039,2266,110,66353183,66353293,4167491,4153604,12221,15.921640382666693,15.921613987888636,1.0934620050945714,literal-shorter-than-qgram
job_name_name,name.name,benchmarks/job/../../data/job/name__name.csv,job-csv,utf8,NaiveAutoWildcard,static,trigram,trigram,contains_angel,%Angel%,0,4167491,60681846,60681846,4167491,4167491,0,0,0,1338257961,3192349665,2266,157758,556499,714257,12227,12227,12221,0.1713877726430603,45.51394454894905,0.011770521944899304,
job_name_name,name.name,benchmarks/job/../../data/job/name__name.csv,job-csv,utf8,NaiveAutoWildcard,static,trigram,trigram,contains_angel,%Angel%,1,4167491,60681846,60681846,4167491,4167491,0,0,0,1338257961,3192349665,2266,153535,407715,561250,12227,12227,12221,0.1346733562232048,33.34546495460865,0.00924905943039373,
job_name_name,name.name,benchmarks/job/../../data/job/name__name.csv,job-csv,utf8,NaiveAutoWildcard,static,trigram,trigram,contains_angel,%Angel%,2,4167491,60681846,60681846,4167491,4167491,0,0,0,1338257961,3192349665,2266,152437,394789,547226,12227,12227,12221,0.13130826197345116,32.2882963932281,0.009017952420234546,
job_name_name,name.name,benchmarks/job/../../data/job/name__name.csv,job-csv,utf8,NaiveAutoWildcard,static,trigram,trigram,contains_angel,%Angel%,3,4167491,60681846,60681846,4167491,4167491,0,0,0,1338257961,3192349665,2266,152847,394689,547536,12227,12227,12221,0.13138264725706666,32.28011777214362,0.00902306103212483,
job_name_name,name.name,benchmarks/job/../../data/job/name__name.csv,job-csv,utf8,NaiveAutoWildcard,static,trigram,trigram,contains_angel,%Angel%,4,4167491,60681846,60681846,4167491,4167491,0,0,0,1338257961,3192349665,2266,152847,396066,548913,12227,12227,12221,0.1317130618878361,32.39273738447698,0.009045753156553609,
job_name_name,name.name,benchmarks/job/../../data/job/name__name.csv,job-csv,utf8,NaiveAutoWildcard,static,fm,fm,contains_b,%B%,0,4167491,60681846,60681846,4167491,4167491,0,0,0,1338257961,62312623267,2814,11401655,14494167,25895822,536716,536716,536716,6.213767948149139,27.005282123134023,0.4267474328318885,
job_name_name,name.name,benchmarks/job/../../data/job/name__name.csv,job-csv,utf8,NaiveAutoWildcard,static,fm,fm,contains_b,%B%,1,4167491,60681846,60681846,4167491,4167491,0,0,0,1338257961,62312623267,2814,11553255,14497121,26050376,536716,536716,536716,6.250853571129488,27.01078596501688,0.42929438896766586,
job_name_name,name.name,benchmarks/job/../../data/job/name__name.csv,job-csv,utf8,NaiveAutoWildcard,static,fm,fm,contains_b,%B%,2,4167491,60681846,60681846,4167491,4167491,0,0,0,1338257961,62312623267,2814,11277915,15130537,26408452,536716,536716,536716,6.3367748124711,28.190955738230276,0.4351952641651673,
job_name_name,name.name,benchmarks/job/../../data/job/name__name.csv,job-csv,utf8,NaiveAutoWildcard,static,fm,fm,contains_b,%B%,3,4167491,60681846,60681846,4167491,4167491,0,0,0,1338257961,62312623267,2814,11716834,14155884,25872718,536716,536716,536716,6.208224084947034,26.37499906840862,0.4263666929315235,
job_name_name,name.name,benchmarks/job/../../data/job/name__name.csv,job-csv,utf8,NaiveAutoWildcard,static,fm,fm,contains_b,%B%,4,4167491,60681846,60681846,4167491,4167491,0,0,0,1338257961,62312623267,2814,11364093,14508730,25872823,536716,536716,536716,6.208249279962452,27.032415653716303,0.42636842326780894,
job_name_name,name.name,benchmarks/job/../../data/job/name__name.csv,job-csv,utf8,NaiveAutoWildcard,static,full-scan,full-scan,contains_b,%B%,0,4167491,60681846,60681846,4167491,4167491,0,0,0,1338257961,0,2814,549,68022025,68022574,4167491,4167491,536716,16.322188578211687,16.322056844273927,1.120970743045622,
job_name_name,name.name,benchmarks/job/../../data/job/name__name.csv,job-csv,utf8,NaiveAutoWildcard,static,full-scan,full-scan,contains_b,%B%,1,4167491,60681846,60681846,4167491,4167491,0,0,0,1338257961,0,2814,120,67464647,67464767,4167491,4167491,536716,16.18834137854167,16.188312584238336,1.1117784221659968,
job_name_name,name.name,benchmarks/job/../../data/job/name__name.csv,job-csv,utf8,NaiveAutoWildcard,static,full-scan,full-scan,contains_b,%B%,2,4167491,60681846,60681846,4167491,4167491,0,0,0,1338257961,0,2814,149,66811777,66811926,4167491,4167491,536716,16.031690530345475,16.031654777418836,1.1010199986335287,
job_name_name,name.name,benchmarks/job/../../data/job/name__name.csv,job-csv,utf8,NaiveAutoWildcard,static,full-scan,full-scan,contains_b,%B%,3,4167491,60681846,60681846,4167491,4167491,0,0,0,1338257961,0,2814,120,68154720,68154840,4167491,4167491,536716,16.35392613925261,16.353897344949274,1.123150406465881,
job_name_name,name.name,benchmarks/job/../../data/job/name__name.csv,job-csv,utf8,NaiveAutoWildcard,static,full-scan,full-scan,contains_b,%B%,4,4167491,60681846,60681846,4167491,4167491,0,0,0,1338257961,0,2814,110,67598817,67598927,4167491,4167491,536716,16.22053340967023,16.220507014892174,1.1139892975569663,
job_name_name,name.name,benchmarks/job/../../data/job/name__name.csv,job-csv,utf8,NaiveAutoWildcard,static,prefix-btree,full-scan,contains_b,%B%,0,4167491,60681846,60681846,4167491,4167491,0,0,0,1338257961,1584574030,2814,1677,70843496,70845173,4167491,4167491,536716,16.99947834320458,16.999075942815473,1.1674854617969268,no-indexable-prefix
job_name_name,name.name,benchmarks/job/../../data/job/name__name.csv,job-csv,utf8,NaiveAutoWildcard,static,prefix-btree,full-scan,contains_b,%B%,1,4167491,60681846,60681846,4167491,4167491,0,0,0,1338257961,1584574030,2814,489,67269460,67269949,4167491,4167491,536716,16.141594306982306,16.141476970196216,1.1085679397426373,no-indexable-prefix
job_name_name,name.name,benchmarks/job/../../data/job/name__name.csv,job-csv,utf8,NaiveAutoWildcard,static,prefix-btree,full-scan,contains_b,%B%,2,4167491,60681846,60681846,4167491,4167491,0,0,0,1338257961,1584574030,2814,459,68598296,68598755,4167491,4167491,536716,16.460444665627353,16.460334527417096,1.1304658562958023,no-indexable-prefix
job_name_name,name.name,benchmarks/job/../../data/job/name__name.csv,job-csv,utf8,NaiveAutoWildcard,static,prefix-btree,full-scan,contains_b,%B%,3,4167491,60681846,60681846,4167491,4167491,0,0,0,1338257961,1584574030,2814,459,68453544,68454003,4167491,4167491,536716,16.42571105732442,16.425600919114164,1.1280804311721169,no-indexable-prefix
job_name_name,name.name,benchmarks/job/../../data/job/name__name.csv,job-csv,utf8,NaiveAutoWildcard,static,prefix-btree,full-scan,contains_b,%B%,4,4167491,60681846,60681846,4167491,4167491,0,0,0,1338257961,1584574030,2814,579,67904512,67905091,4167491,4167491,536716,16.29399823538911,16.293859302875518,1.1190346944949565,no-indexable-prefix
job_name_name,name.name,benchmarks/job/../../data/job/name__name.csv,job-csv,utf8,NaiveAutoWildcard,static,qgram,full-scan,contains_b,%B%,0,4167491,60681846,60681846,4167491,4167491,0,0,0,1338257961,588757039,2814,779,67988060,67988839,4167491,4167491,536716,16.314093779686626,16.313906856667476,1.1204148107162066,literal-shorter-than-qgram
job_name_name,name.name,benchmarks/job/../../data/job/name__name.csv,job-csv,utf8,NaiveAutoWildcard,static,qgram,full-scan,contains_b,%B%,1,4167491,60681846,60681846,4167491,4167491,0,0,0,1338257961,588757039,2814,109,67886127,67886236,4167491,4167491,536716,16.289473930477595,16.289447775652064,1.1187239755362748,literal-shorter-than-qgram
job_name_name,name.name,benchmarks/job/../../data/job/name__name.csv,job-csv,utf8,NaiveAutoWildcard,static,qgram,full-scan,contains_b,%B%,2,4167491,60681846,60681846,4167491,4167491,0,0,0,1338257961,588757039,2814,110,68210391,68210501,4167491,4167491,536716,16.367282136902034,16.367255742123977,1.1240676659704782,literal-shorter-than-qgram
job_name_name,name.name,benchmarks/job/../../data/job/name__name.csv,job-csv,utf8,NaiveAutoWildcard,static,qgram,full-scan,contains_b,%B%,3,4167491,60681846,60681846,4167491,4167491,0,0,0,1338257961,588757039,2814,109,67639414,67639523,4167491,4167491,536716,16.23027452248847,16.23024836766294,1.1146582950030888,literal-shorter-than-qgram
job_name_name,name.name,benchmarks/job/../../data/job/name__name.csv,job-csv,utf8,NaiveAutoWildcard,static,qgram,full-scan,contains_b,%B%,4,4167491,60681846,60681846,4167491,4167491,0,0,0,1338257961,588757039,2814,110,68542230,68542340,4167491,4167491,536716,16.446907743771973,16.446881348993916,1.1295361713287364,literal-shorter-than-qgram
job_name_name,name.name,benchmarks/job/../../data/job/name__name.csv,job-csv,utf8,NaiveAutoWildcard,static,trigram,full-scan,contains_b,%B%,0,4167491,60681846,60681846,4167491,4167491,0,0,0,1338257961,3192349665,2814,400,69033302,69033702,4167491,4167491,536716,16.564811297732856,16.56471531672174,1.1376335189275553,literal-shorter-than-trigram
job_name_name,name.name,benchmarks/job/../../data/job/name__name.csv,job-csv,utf8,NaiveAutoWildcard,static,trigram,full-scan,contains_b,%B%,1,4167491,60681846,60681846,4167491,4167491,0,0,0,1338257961,3192349665,2814,120,68529206,68529326,4167491,4167491,536716,16.44378500157529,16.443756207271953,1.1293217085057037,literal-shorter-than-trigram
job_name_name,name.name,benchmarks/job/../../data/job/name__name.csv,job-csv,utf8,NaiveAutoWildcard,static,trigram,full-scan,contains_b,%B%,2,4167491,60681846,60681846,4167491,4167491,0,0,0,1338257961,3192349665,2814,150,70600264,70600414,4167491,4167491,536716,16.940747802454762,16.940711809575593,1.1634519819980427,literal-shorter-than-trigram
job_name_name,name.name,benchmarks/job/../../data/job/name__name.csv,job-csv,utf8,NaiveAutoWildcard,static,trigram,full-scan,contains_b,%B%,3,4167491,60681846,60681846,4167491,4167491,0,0,0,1338257961,3192349665,2814,110,68213006,68213116,4167491,4167491,536716,16.36790961276221,16.367883217984154,1.1241107595836817,literal-shorter-than-trigram
job_name_name,name.name,benchmarks/job/../../data/job/name__name.csv,job-csv,utf8,NaiveAutoWildcard,static,trigram,full-scan,contains_b,%B%,4,4167491,60681846,60681846,4167491,4167491,0,0,0,1338257961,3192349665,2814,110,67688169,67688279,4167491,4167491,536716,16.24197364793349,16.241947253155434,1.115461764297678,literal-shorter-than-trigram
job_name_name,name.name,benchmarks/job/../../data/job/name__name.csv,job-csv,utf8,NaiveAutoWildcard,static,fm,fm,contains_bert,%Bert%,0,4167491,60681846,60681846,4167491,4167491,0,0,0,1338257961,62312623267,1836,59026,150879,209905,5216,5216,5216,0.05036723534615912,28.92618865030675,0.0034591070284842687,
job_name_name,name.name,benchmarks/job/../../data/job/name__name.csv,job-csv,utf8,NaiveAutoWildcard,static,fm,fm,contains_bert,%Bert%,1,4167491,60681846,60681846,4167491,4167491,0,0,0,1338257961,62312623267,1836,52458,137375,189833,5216,5216,5216,0.045550908208320064,26.337231595092025,0.0031283326482849584,
job_name_name,name.name,benchmarks/job/../../data/job/name__name.csv,job-csv,utf8,NaiveAutoWildcard,static,fm,fm,contains_bert,%Bert%,2,4167491,60681846,60681846,4167491,4167491,0,0,0,1338257961,62312623267,1836,51400,135998,187398,5216,5216,5216,0.04496662380314678,26.07323619631902,0.003088205325856435,
job_name_name,name.name,benchmarks/job/../../data/job/name__name.csv,job-csv,utf8,NaiveAutoWildcard,static,fm,fm,contains_bert,%Bert%,3,4167491,60681846,60681846,4167491,4167491,0,0,0,1338257961,62312623267,1836,85096,136346,221442,5216,5216,5216,0.05313556765929429,26.13995398773006,0.0036492297877688163,
job_name_name,name.name,benchmarks/job/../../data/job/name__name.csv,job-csv,utf8,NaiveAutoWildcard,static,fm,fm,contains_bert,%Bert%,4,4167491,60681846,60681846,4167491,4167491,0,0,0,1338257961,62312623267,1836,50333,135119,185452,5216,5216,5216,0.044499676184063745,25.90471625766871,0.0030561364267000053,
job_name_name,name.name,benchmarks/job/../../data/job/name__name.csv,job-csv,utf8,NaiveAutoWildcard,static,full-scan,full-scan,contains_bert,%Bert%,0,4167491,60681846,60681846,4167491,4167491,0,0,0,1338257961,0,1836,529,67472725,67473254,4167491,4164231,5216,16.19037785564504,16.190250920757837,1.111918282776038,
job_name_name,name.name,benchmarks/job/../../data/job/name__name.csv,job-csv,utf8,NaiveAutoWildcard,static,full-scan,full-scan,contains_bert,%Bert%,1,4167491,60681846,60681846,4167491,4167491,0,0,0,1338257961,0,1836,110,66515366,66515476,4167491,4164231,5216,15.960556603481567,15.96053020870351,1.0961346825210294,
job_name_name,name.name,benchmarks/job/../../data/job/name__name.csv,job-csv,utf8,NaiveAutoWildcard,static,full-scan,full-scan,contains_bert,%Bert%,2,4167491,60681846,60681846,4167491,4167491,0,0,0,1338257961,0,1836,109,66620544,66620653,4167491,4164231,5216,15.985794090497135,15.985767935671607,1.0978679356590437,
job_name_name,name.name,benchmarks/job/../../data/job/name__name.csv,job-csv,utf8,NaiveAutoWildcard,static,full-scan,full-scan,contains_bert,%Bert%,3,4167491,60681846,60681846,4167491,4167491,0,0,0,1338257961,0,1836,110,66458790,66458900,4167491,4164231,5216,15.946981049269212,15.946954654491156,1.0952023443716594,
job_name_name,name.name,benchmarks/job/../../data/job/name__name.csv,job-csv,utf8,NaiveAutoWildcard,static,full-scan,full-scan,contains_bert,%Bert%,4,4167491,60681846,60681846,4167491,4167491,0,0,0,1338257961,0,1836,110,66545785,66545895,4167491,4164231,5216,15.967855719424469,15.967829324646411,1.096635969182612,
job_name_name,name.name,benchmarks/job/../../data/job/name__name.csv,job-csv,utf8,NaiveAutoWildcard,static,prefix-btree,full-scan,contains_bert,%Bert%,0,4167491,60681846,60681846,4167491,4167491,0,0,0,1338257961,1584574030,1836,1727,66756183,66757910,4167491,4164231,5216,16.01872925460427,16.018314856588773,1.1001298477307364,no-indexable-prefix
job_name_name,name.name,benchmarks/job/../../data/job/name__name.csv,job-csv,utf8,NaiveAutoWildcard,static,prefix-btree,full-scan,contains_bert,%Bert%,1,4167491,60681846,60681846,4167491,4167491,0,0,0,1338257961,1584574030,1836,499,66349427,66349926,4167491,4164231,5216,15.920832462505619,15.92071272619425,1.0934065189776856,no-indexable-prefix
job_name_name,name.name,benchmarks/job/../../data/job/name__name.csv,job-csv,utf8,NaiveAutoWildcard,static,prefix-btree,full-scan,contains_bert,%Bert%,2,4167491,60681846,60681846,4167491,4167491,0,0,0,1338257961,1584574030,1836,819,67600623,67601442,4167491,4164231,5216,16.221136890277627,16.220940369157365,1.1140307432308503,no-indexable-prefix
job_name_name,name.name,benchmarks/job/../../data/job/name__name.csv,job-csv,utf8,NaiveAutoWildcard,static,prefix-btree,full-scan,contains_bert,%Bert%,3,4167491,60681846,60681846,4167491,4167491,0,0,0,1338257961,1584574030,1836,519,67635131,67635650,4167491,4164231,5216,16.229345186348333,16.22922065098641,1.1145944703132467,no-indexable-prefix
job_name_name,name.name,benchmarks/job/../../data/job/name__name.csv,job-csv,utf8,NaiveAutoWildcard,static,prefix-btree,full-scan,contains_bert,%Bert%,4,4167491,60681846,60681846,4167491,4167491,0,0,0,1338257961,1584574030,1836,578,66681015,66681593,4167491,4164231,5216,16.000416797540776,16.00027810497971,1.0988721898803144,no-indexable-prefix
job_name_name,name.name,benchmarks/job/../../data/job/name__name.csv,job-csv,utf8,NaiveAutoWildcard,static,qgram,full-scan,contains_bert,%Bert%,0,4167491,60681846,60681846,4167491,4167491,0,0,0,1338257961,588757039,1836,459,68287512,68287971,4167491,4164231,5216,16.385871259230075,16.38576112101982,1.1253443245612536,literal-shorter-than-qgram
job_name_name,name.name,benchmarks/job/../../data/job/name__name.csv,job-csv,utf8,NaiveAutoWildcard,static,qgram,full-scan,contains_bert,%Bert%,1,4167491,60681846,60681846,4167491,4167491,0,0,0,1338257961,588757039,1836,130,67827309,67827439,4167491,4164231,5216,16.275365441701013,16.2753342478724,1.1177550366546198,literal-shorter-than-qgram
job_name_name,name.name,benchmarks/job/../../data/job/name__name.csv,job-csv,utf8,NaiveAutoWildcard,static,qgram,full-scan,contains_bert,%Bert%,2,4167491,60681846,60681846,4167491,4167491,0,0,0,1338257961,588757039,1836,109,66496633,66496742,4167491,4164231,5216,15.956061332825914,15.956035178000384,1.0958259575689244,literal-shorter-than-qgram
job_name_name,name.name,benchmarks/job/../../data/job/name__name.csv,job-csv,utf8,NaiveAutoWildcard,static,qgram,full-scan,contains_bert,%Bert%,3,4167491,60681846,60681846,4167491,4167491,0,0,0,1338257961,588757039,1836,120,67388097,67388217,4167491,4164231,5216,16.1699730125392,16.169944218235866,1.1105169246169604,literal-shorter-than-qgram
job_name_name,name.name,benchmarks/job/../../data/job/name__name.csv,job-csv,utf8,NaiveAutoWildcard,static,qgram,full-scan,contains_bert,%Bert%,4,4167491,60681846,60681846,4167491,4167491,0,0,0,1338257961,588757039,1836,110,66952134,66952244,4167491,4164231,5216,16.06536018914018,16.06533379436212,1.1033323541277897,literal-shorter-than-qgram
job_name_name,name.name,benchmarks/job/../../data/job/name__name.csv,job-csv,utf8,NaiveAutoWildcard,static,trigram,trigram,contains_bert,%Bert%,0,4167491,60681846,60681846,4167491,4167491,0,0,0,1338257961,3192349665,1836,192930,174259,367189,5512,5512,5216,0.08810792872738057,31.614477503628446,0.0060510519076825715,
job_name_name,name.name,benchmarks/job/../../data/job/name__name.csv,job-csv,utf8,NaiveAutoWildcard,static,trigram,trigram,contains_bert,%Bert%,1,4167491,60681846,60681846,4167491,4167491,0,0,0,1338257961,3192349665,1836,153232,146686,299918,5512,5512,5216,0.07196608223029156,26.612119013062408,0.004942466648097686,
job_name_name,name.name,benchmarks/job/../../data/job/name__name.csv,job-csv,utf8,NaiveAutoWildcard,static,trigram,trigram,contains_bert,%Bert%,2,4167491,60681846,60681846,4167491,4167491,0,0,0,1338257961,3192349665,1836,150658,146027,296685,5512,5512,5216,0.07119031570794034,26.49256168359942,0.00488918876989998,
job_name_name,name.name,benchmarks/job/../../data/job/name__name.csv,job-csv,utf8,NaiveAutoWildcard,static,trigram,trigram,contains_bert,%Bert%,3,4167491,60681846,60681846,4167491,4167491,0,0,0,1338257961,3192349665,1836,150179,143961,294140,5512,5512,5216,0.07057963652470996,26.11774310595065,0.004847248714220065,
job_name_name,name.name,benchmarks/job/../../data/job/name__name.csv,job-csv,utf8,NaiveAutoWildcard,static,trigram,trigram,contains_bert,%Bert%,4,4167491,60681846,60681846,4167491,4167491,0,0,0,1338257961,3192349665,1836,149280,143553,292833,5512,5512,5216,0.07026601857088594,26.043722786647315,0.0048257101473148985,
job_name_name,name.name,benchmarks/job/../../data/job/name__name.csv,job-csv,utf8,NaiveAutoWildcard,static,fm,fm,contains_downey_robert,%Downey%Robert%,0,4167491,60681846,60681846,4167491,4167491,0,0,0,1338257961,62312623267,2365,746463,3373746,4120209,38048,37546,2,0.9886545645809433,88.6707842724979,0.06789854415437527,
job_name_name,name.name,benchmarks/job/../../data/job/name__name.csv,job-csv,utf8,NaiveAutoWildcard,static,fm,fm,contains_downey_robert,%Downey%Robert%,1,4167491,60681846,60681846,4167491,4167491,0,0,0,1338257961,62312623267,2365,698322,3429720,4128042,38048,37546,2,0.9905341127311372,90.1419259882254,0.06802762724126751,
job_name_name,name.name,benchmarks/job/../../data/job/name__name.csv,job-csv,utf8,NaiveAutoWildcard,static,fm,fm,contains_downey_robert,%Downey%Robert%,2,4167491,60681846,60681846,4167491,4167491,0,0,0,1338257961,62312623267,2365,800740,3484686,4285426,38048,37546,2,1.028298801365138,91.58657485281749,0.07062122005978526,
job_name_name,name.name,benchmarks/job/../../data/job/name__name.csv,job-csv,utf8,NaiveAutoWildcard,static,fm,fm,contains_downey_robert,%Downey%Robert%,3,4167491,60681846,60681846,4167491,4167491,0,0,0,1338257961,62312623267,2365,800850,3249104,4049954,38048,37546,2,0.9717966997409233,85.39486963835155,0.06674078438549809,
job_name_name,name.name,benchmarks/job/../../data/job/name__name.csv,job-csv,utf8,NaiveAutoWildcard,static,fm,fm,contains_downey_robert,%Downey%Robert%,4,4167491,60681846,60681846,4167491,4167491,0,0,0,1338257961,62312623267,2365,685139,2964255,3649394,38048,37546,2,0.8756813152085992,77.90830004205215,0.060139798647523016,
job_name_name,name.name,benchmarks/job/../../data/job/name__name.csv,job-csv,utf8,NaiveAutoWildcard,static,full-scan,full-scan,contains_downey_robert,%Downey%Robert%,0,4167491,60681846,60681846,4167491,4167491,0,0,0,1338257961,0,2365,778,70505390,70506168,4167491,3592595,2,16.918133236520486,16.917946553453866,1.1618988651070372,
job_name_name,name.name,benchmarks/job/../../data/job/name__name.csv,job-csv,utf8,NaiveAutoWildcard,static,full-scan,full-scan,contains_downey_robert,%Downey%Robert%,1,4167491,60681846,60681846,4167491,4167491,0,0,0,1338257961,0,2365,110,70809401,70809511,4167491,3592595,2,16.990921156158464,16.99089476138041,1.1668977736768258,
job_name_name,name.name,benchmarks/job/../../data/job/name__name.csv,job-csv,utf8,NaiveAutoWildcard,static,full-scan,full-scan,contains_downey_robert,%Downey%Robert%,2,4167491,60681846,60681846,4167491,4167491,0,0,0,1338257961,0,2365,99,69099126,69099225,4167491,3592595,2,16.580533707211366,16.580509951911115,1.1387132982078363,
job_name_name,name.name,benchmarks/job/../../data/job/name__name.csv,job-csv,utf8,NaiveAutoWildcard,static,full-scan,full-scan,contains_downey_robert,%Downey%Robert%,3,4167491,60681846,60681846,4167491,4167491,0,0,0,1338257961,0,2365,120,71315633,71315753,4167491,3592595,2,17.112395203732895,17.11236640942956,1.1752403346463784,
job_name_name,name.name,benchmarks/job/../../data/job/name__name.csv,job-csv,utf8,NaiveAutoWildcard,static,full-scan,full-scan,contains_downey_robert,%Downey%Robert%,4,4167491,60681846,60681846,4167491,4167491,0,0,0,1338257961,0,2365,120,70089053,70089173,4167491,3592595,2,16.818074232193904,16.818045437890568,1.155027040541911,
job_name_name,name.name,benchmarks/job/../../data/job/name__name.csv,job-csv,utf8,NaiveAutoWildcard,static,prefix-btree,full-scan,contains_downey_robert,%Downey%Robert%,0,4167491,60681846,60681846,4167491,4167491,0,0,0,1338257961,1584574030,2365,858,69176745,69177603,4167491,3592595,2,16.59934070643464,16.599134827165795,1.140004920087632,no-indexable-prefix
job_name_name,name.name,benchmarks/job/../../data/job/name__name.csv,job-csv,utf8,NaiveAutoWildcard,static,prefix-btree,full-scan,contains_downey_robert,%Downey%Robert%,1,4167491,60681846,60681846,4167491,4167491,0,0,0,1338257961,1584574030,2365,360,70759556,70759916,4167491,3592595,2,16.979020710542628,16.978934327632622,1.1660804781713463,no-indexable-prefix
job_name_name,name.name,benchmarks/job/../../data/job/name__name.csv,job-csv,utf8,NaiveAutoWildcard,static,prefix-btree,full-scan,contains_downey_robert,%Downey%Robert%,2,4167491,60681846,60681846,4167491,4167491,0,0,0,1338257961,1584574030,2365,329,70246976,70247305,4167491,3592595,2,16.856018405318693,16.855939460937048,1.1576329599465383,no-indexable-prefix
job_name_name,name.name,benchmarks/job/../../data/job/name__name.csv,job-csv,utf8,NaiveAutoWildcard,static,prefix-btree,full-scan,contains_downey_robert,%Downey%Robert%,3,4167491,60681846,60681846,4167491,4167491,0,0,0,1338257961,1584574030,2365,320,68671345,68671665,4167491,3592595,2,16.47793960442866,16.477862819619766,1.1316673688536107,no-indexable-prefix
job_name_name,name.name,benchmarks/job/../../data/job/name__name.csv,job-csv,utf8,NaiveAutoWildcard,static,prefix-btree,full-scan,contains_downey_robert,%Downey%Robert%,4,4167491,60681846,60681846,4167491,4167491,0,0,0,1338257961,1584574030,2365,349,69657029,69657378,4167491,3592595,2,16.714463930456,16.7143801870238,1.1479113209575067,no-indexable-prefix
job_name_name,name.name,benchmarks/job/../../data/job/name__name.csv,job-csv,utf8,NaiveAutoWildcard,static,qgram,full-scan,contains_downey_robert,%Downey%Robert%,0,4167491,60681846,60681846,4167491,4167491,0,0,0,1338257961,588757039,2365,469,69551664,69552133,4167491,3592595,2,16.68921012666854,16.689097588933006,1.1461769472207552,literal-shorter-than-qgram
job_name_name,name.name,benchmarks/job/../../data/job/name__name.csv,job-csv,utf8,NaiveAutoWildcard,static,qgram,full-scan,contains_downey_robert,%Downey%Robert%,1,4167491,60681846,60681846,4167491,4167491,0,0,0,1338257961,588757039,2365,120,69783759,69783879,4167491,3592595,2,16.744818165174202,16.744789370870865,1.1499959806759998,literal-shorter-than-qgram
job_name_name,name.name,benchmarks/job/../../data/job/name__name.csv,job-csv,utf8,NaiveAutoWildcard,static,qgram,full-scan,contains_downey_robert,%Downey%Robert%,2,4167491,60681846,60681846,4167491,4167491,0,0,0,1338257961,588757039,2365,109,70266387,70266496,4167491,3592595,2,16.860623334279545,16.860597179454018,1.1579492159813332,literal-shorter-than-qgram
job_name_name,name.name,benchmarks/job/../../data/job/name__name.csv,job-csv,utf8,NaiveAutoWildcard,static,qgram,full-scan,contains_downey_robert,%Downey%Robert%,3,4167491,60681846,60681846,4167491,4167491,0,0,0,1338257961,588757039,2365,110,70887599,70887709,4167491,3592595,2,17.009684963926738,17.00965856914868,1.1681864292658466,literal-shorter-than-qgram
job_name_name,name.name,benchmarks/job/../../data/job/name__name.csv,job-csv,utf8,NaiveAutoWildcard,static,qgram,full-scan,contains_downey_robert,%Downey%Robert%,4,4167491,60681846,60681846,4167491,4167491,0,0,0,1338257961,588757039,2365,190,81777273,81777463,4167491,3592595,2,19.62270896325871,19.622663372278428,1.3476429672228494,literal-shorter-than-qgram
job_name_name,name.name,benchmarks/job/../../data/job/name__name.csv,job-csv,utf8,NaiveAutoWildcard,static,trigram,trigram,contains_downey_robert,%Downey%Robert%,0,4167491,60681846,60681846,4167491,4167491,0,0,0,1338257961,3192349665,2365,577426,3473266,4050692,38049,37547,2,0.9719737847064337,91.28402848957923,0.0667529461776756,
job_name_name,name.name,benchmarks/job/../../data/job/name__name.csv,job-csv,utf8,NaiveAutoWildcard,static,trigram,trigram,contains_downey_robert,%Downey%Robert%,1,4167491,60681846,60681846,4167491,4167491,0,0,0,1338257961,3192349665,2365,637008,3316871,3953879,38049,37547,2,0.9487432606333163,87.17367079292491,0.06515752668433983,
job_name_name,name.name,benchmarks/job/../../data/job/name__name.csv,job-csv,utf8,NaiveAutoWildcard,static,trigram,trigram,contains_downey_robert,%Downey%Robert%,2,4167491,60681846,60681846,4167491,4167491,0,0,0,1338257961,3192349665,2365,572027,3646137,4218164,38049,37547,2,1.012159114440799,95.82740676496097,0.06951278311473913,
job_name_name,name.name,benchmarks/job/../../data/job/name__name.csv,job-csv,utf8,NaiveAutoWildcard,static,trigram,trigram,contains_downey_robert,%Downey%Robert%,3,4167491,60681846,60681846,4167491,4167491,0,0,0,1338257961,3192349665,2365,577296,3471230,4048526,38049,37547,2,0.9714540475312364,91.2305185418802,0.0667172518120164,
job_name_name,name.name,benchmarks/job/../../data/job/name__name.csv,job-csv,utf8,NaiveAutoWildcard,static,trigram,trigram,contains_downey_robert,%Downey%Robert%,4,4167491,60681846,60681846,4167491,4167491,0,0,0,1338257961,3192349665,2365,590937,3353053,3943990,38049,37547,2,0.9463703700859822,88.1246024862677,0.06499456196503976,
job_name_name,name.name,benchmarks/job/../../data/job/name__name.csv,job-csv,utf8,NaiveAutoWildcard,static,fm,fm,contains_tim,%Tim%,0,4167491,60681846,60681846,4167491,4167491,0,0,0,1338257961,62312623267,2574,281518,1069983,1351501,15502,15502,15502,0.32429608126328285,69.02225519287833,0.02227191638171324,
job_name_name,name.name,benchmarks/job/../../data/job/name__name.csv,job-csv,utf8,NaiveAutoWildcard,static,fm,fm,contains_tim,%Tim%,1,4167491,60681846,60681846,4167491,4167491,0,0,0,1338257961,62312623267,2574,234748,757760,992508,15502,15502,15502,0.23815480345368473,48.88143465359308,0.016355929580652507,
job_name_name,name.name,benchmarks/job/../../data/job/name__name.csv,job-csv,utf8,NaiveAutoWildcard,static,fm,fm,contains_tim,%Tim%,2,4167491,60681846,60681846,4167491,4167491,0,0,0,1338257961,62312623267,2574,251782,653134,904916,15502,15502,15502,0.21713688163933648,42.13224100116114,0.01491246657196289,
job_name_name,name.name,benchmarks/job/../../data/job/name__name.csv,job-csv,utf8,NaiveAutoWildcard,static,fm,fm,contains_tim,%Tim%,3,4167491,60681846,60681846,4167491,4167491,0,0,0,1338257961,62312623267,2574,208973,480383,689356,15502,15502,15502,0.16541271474851416,30.988453102825442,0.011360168574963919,
job_name_name,name.name,benchmarks/job/../../data/job/name__name.csv,job-csv,utf8,NaiveAutoWildcard,static,fm,fm,contains_tim,%Tim%,4,4167491,60681846,60681846,4167491,4167491,0,0,0,1338257961,62312623267,2574,177730,477051,654781,15502,15502,15502,0.15711635610010916,30.773513095084507,0.010790393555265277,
job_name_name,name.name,benchmarks/job/../../data/job/name__name.csv,job-csv,utf8,NaiveAutoWildcard,static,full-scan,full-scan,contains_tim,%Tim%,0,4167491,60681846,60681846,4167491,4167491,0,0,0,1338257961,0,2574,528,68959261,68959789,4167491,4167235,15502,16.547075686546172,16.5469489916115,1.1364154775383728,
job_name_name,name.name,benchmarks/job/../../data/job/name__name.csv,job-csv,utf8,NaiveAutoWildcard,static,full-scan,full-scan,contains_tim,%Tim%,1,4167491,60681846,60681846,4167491,4167491,0,0,0,1338257961,0,2574,129,69835488,69835617,4167491,4167235,15502,16.7572328290571,16.757201875181014,1.150848591521095,
job_name_name,name.name,benchmarks/job/../../data/job/name__name.csv,job-csv,utf8,NaiveAutoWildcard,static,full-scan,full-scan,contains_tim,%Tim%,2,4167491,60681846,60681846,4167491,4167491,0,0,0,1338257961,0,2574,110,68659192,68659302,4167491,4167235,15502,16.474973071327568,16.47494667654951,1.1314636341155475,
job_name_name,name.name,benchmarks/job/../../data/job/name__name.csv,job-csv,utf8,NaiveAutoWildcard,static,full-scan,full-scan,contains_tim,%Tim%,3,4167491,60681846,60681846,4167491,4167491,0,0,0,1338257961,0,2574,110,68656797,68656907,4167491,4167235,15502,16.474398385023505,16.47437199024545,1.1314241659688467,
job_name_name,name.name,benchmarks/job/../../data/job/name__name.csv,job-csv,utf8,NaiveAutoWildcard,static,full-scan,full-scan,contains_tim,%Tim%,4,4167491,60681846,60681846,4167491,4167491,0,0,0,1338257961,0,2574,100,69112703,69112803,4167491,4167235,15502,16.583791782633725,16.583767787380946,1.1389370554086309,
job_name_name,name.name,benchmarks/job/../../data/job/name__name.csv,job-csv,utf8,NaiveAutoWildcard,static,prefix-btree,full-scan,contains_tim,%Tim%,0,4167491,60681846,60681846,4167491,4167491,0,0,0,1338257961,1584574030,2574,1098,69176916,69178014,4167491,4167235,15502,16.599439326923562,16.599175859048046,1.1400116931182351,no-indexable-prefix
job_name_name,name.name,benchmarks/job/../../data/job/name__name.csv,job-csv,utf8,NaiveAutoWildcard,static,prefix-btree,full-scan,contains_tim,%Tim%,1,4167491,60681846,60681846,4167491,4167491,0,0,0,1338257961,1584574030,2574,568,69138677,69139245,4167491,4167235,15502,16.590136607373598,16.59000031433781,1.139372803523479,no-indexable-prefix
job_name_name,name.name,benchmarks/job/../../data/job/name__name.csv,job-csv,utf8,NaiveAutoWildcard,static,prefix-btree,full-scan,contains_tim,%Tim%,2,4167491,60681846,60681846,4167491,4167491,0,0,0,1338257961,1584574030,2574,718,74262182,74262900,4167491,4167235,15502,17.81957057615721,17.81939829024226,1.2238075288612678,no-indexable-prefix
job_name_name,name.name,benchmarks/job/../../data/job/name__name.csv,job-csv,utf8,NaiveAutoWildcard,static,prefix-btree,full-scan,contains_tim,%Tim%,3,4167491,60681846,60681846,4167491,4167491,0,0,0,1338257961,1584574030,2574,600,68266122,68266722,4167491,4167235,15502,16.380772507967023,16.38062853645035,1.1249941539352644,no-indexable-prefix
job_name_name,name.name,benchmarks/job/../../data/job/name__name.csv,job-csv,utf8,NaiveAutoWildcard,static,prefix-btree,full-scan,contains_tim,%Tim%,4,4167491,60681846,60681846,4167491,4167491,0,0,0,1338257961,1584574030,2574,470,69966747,69967217,4167491,4167235,15502,16.788810581714515,16.78869780402645,1.1530172796654867,no-indexable-prefix
job_name_name,name.name,benchmarks/job/../../data/job/name__name.csv,job-csv,utf8,NaiveAutoWildcard,static,qgram,full-scan,contains_tim,%Tim%,0,4167491,60681846,60681846,4167491,4167491,0,0,0,1338257961,588757039,2574,470,68493934,68494404,4167491,4167235,15502,16.43540537939974,16.435292601711676,1.1287462151365666,literal-shorter-than-qgram
job_name_name,name.name,benchmarks/job/../../data/job/name__name.csv,job-csv,utf8,NaiveAutoWildcard,static,qgram,full-scan,contains_tim,%Tim%,1,4167491,60681846,60681846,4167491,4167491,0,0,0,1338257961,588757039,2574,110,68025248,68025358,4167491,4167235,15502,16.322856606049058,16.322830211271,1.1210166216762754,literal-shorter-than-qgram
job_name_name,name.name,benchmarks/job/../../data/job/name__name.csv,job-csv,utf8,NaiveAutoWildcard,static,qgram,full-scan,contains_tim,%Tim%,2,4167491,60681846,60681846,4167491,4167491,0,0,0,1338257961,588757039,2574,110,80803178,80803288,4167491,4167235,15502,19.388953209497032,19.388926814718975,1.331589154357631,literal-shorter-than-qgram
job_name_name,name.name,benchmarks/job/../../data/job/name__name.csv,job-csv,utf8,NaiveAutoWildcard,static,qgram,full-scan,contains_tim,%Tim%,3,4167491,60681846,60681846,4167491,4167491,0,0,0,1338257961,588757039,2574,170,69366567,69366737,4167491,4167235,15502,16.644723887826032,16.64468309589631,1.143121733640074,literal-shorter-than-qgram
job_name_name,name.name,benchmarks/job/../../data/job/name__name.csv,job-csv,utf8,NaiveAutoWildcard,static,qgram,full-scan,contains_tim,%Tim%,4,4167491,60681846,60681846,4167491,4167491,0,0,0,1338257961,588757039,2574,120,76695686,76695806,4167491,4167235,15502,18.403352520737297,18.403323726433964,1.2639003434404419,literal-shorter-than-qgram
job_name_name,name.name,benchmarks/job/../../data/job/name__name.csv,job-csv,utf8,NaiveAutoWildcard,static,trigram,trigram,contains_tim,%Tim%,0,4167491,60681846,60681846,4167491,4167491,0,0,0,1338257961,3192349665,2574,21165,1284668,1305833,15502,15502,15502,0.3133379292240823,82.87111340472197,0.02151933545330839,
job_name_name,name.name,benchmarks/job/../../data/job/name__name.csv,job-csv,utf8,NaiveAutoWildcard,static,trigram,trigram,contains_tim,%Tim%,1,4167491,60681846,60681846,4167491,4167491,0,0,0,1338257961,3192349665,2574,6542,723737,730279,15502,15502,15502,0.17523229204334215,46.686685588956266,0.012034554782661029,
job_name_name,name.name,benchmarks/job/../../data/job/name__name.csv,job-csv,utf8,NaiveAutoWildcard,static,trigram,trigram,contains_tim,%Tim%,2,4167491,60681846,60681846,4167491,4167491,0,0,0,1338257961,3192349665,2574,5891,666695,672586,15502,15502,15502,0.16138871085744397,43.00703135079345,0.011083809151092734,
job_name_name,name.name,benchmarks/job/../../data/job/name__name.csv,job-csv,utf8,NaiveAutoWildcard,static,trigram,trigram,contains_tim,%Tim%,3,4167491,60681846,60681846,4167491,4167491,0,0,0,1338257961,3192349665,2574,6112,661163,667275,15502,15502,15502,0.16011432298234118,42.6501741710747,0.010996287093836928,
job_name_name,name.name,benchmarks/job/../../data/job/name__name.csv,job-csv,utf8,NaiveAutoWildcard,static,trigram,trigram,contains_tim,%Tim%,4,4167491,60681846,60681846,4167491,4167491,0,0,0,1338257961,3192349665,2574,5702,686229,691931,15502,15502,15502,0.1660305925075783,44.2671268223455,0.011402603012439668,
job_name_name,name.name,benchmarks/job/../../data/job/name__name.csv,job-csv,utf8,NaiveAutoWildcard,static,fm,fm,contains_yo,%Yo%,0,4167491,60681846,60681846,4167491,4167491,0,0,0,1338257961,62312623267,3081,628165,1048373,1676538,21066,21066,21066,0.4022895310391792,49.76611601632963,0.027628328907462703,
job_name_name,name.name,benchmarks/job/../../data/job/name__name.csv,job-csv,utf8,NaiveAutoWildcard,static,fm,fm,contains_yo,%Yo%,1,4167491,60681846,60681846,4167491,4167491,0,0,0,1338257961,62312623267,3081,311922,533654,845576,21066,21066,21066,0.20289809864016503,25.332478875913793,0.013934579379803311,
job_name_name,name.name,benchmarks/job/../../data/job/name__name.csv,job-csv,utf8,NaiveAutoWildcard,static,fm,fm,contains_yo,%Yo%,2,4167491,60681846,60681846,4167491,4167491,0,0,0,1338257961,62312623267,3081,252589,446963,699552,21066,21066,21066,0.1678592707218804,21.217269533846007,0.011528192467974688,
job_name_name,name.name,benchmarks/job/../../data/job/name__name.csv,job-csv,utf8,NaiveAutoWildcard,static,fm,fm,contains_yo,%Yo%,3,4167491,60681846,60681846,4167491,4167491,0,0,0,1338257961,62312623267,3081,258460,489863,748323,21066,21066,21066,0.1795619954548192,23.253726383746322,0.012331908953461963,
job_name_name,name.name,benchmarks/job/../../data/job/name__name.csv,job-csv,utf8,NaiveAutoWildcard,static,fm,fm,contains_yo,%Yo%,4,4167491,60681846,60681846,4167491,4167491,0,0,0,1338257961,62312623267,3081,240256,432010,672266,21066,21066,21066,0.16131192604855055,20.50745276749264,0.011078535745270505,
job_name_name,name.name,benchmarks/job/../../data/job/name__name.csv,job-csv,utf8,NaiveAutoWildcard,static,full-scan,full-scan,contains_yo,%Yo%,0,4167491,60681846,60681846,4167491,4167491,0,0,0,1338257961,0,3081,450,68023938,68024388,4167491,4167473,21066,16.322623852097102,16.322515873459594,1.1210006366648766,
job_name_name,name.name,benchmarks/job/../../data/job/name__name.csv,job-csv,utf8,NaiveAutoWildcard,static,full-scan,full-scan,contains_yo,%Yo%,1,4167491,60681846,60681846,4167491,4167491,0,0,0,1338257961,0,3081,109,67632837,67632946,4167491,4167473,21066,16.228696354713183,16.228670199887656,1.1145499100340488,
job_name_name,name.name,benchmarks/job/../../data/job/name__name.csv,job-csv,utf8,NaiveAutoWildcard,static,full-scan,full-scan,contains_yo,%Yo%,2,4167491,60681846,60681846,4167491,4167491,0,0,0,1338257961,0,3081,109,67809925,67810034,4167491,4167473,21066,16.271189067954797,16.271162913129267,1.1174682128160702,
job_name_name,name.name,benchmarks/job/../../data/job/name__name.csv,job-csv,utf8,NaiveAutoWildcard,static,full-scan,full-scan,contains_yo,%Yo%,3,4167491,60681846,60681846,4167491,4167491,0,0,0,1338257961,0,3081,108,67479255,67479363,4167491,4167473,21066,16.19184372563732,16.19181781076432,1.1120189553890631,
job_name_name,name.name,benchmarks/job/../../data/job/name__name.csv,job-csv,utf8,NaiveAutoWildcard,static,full-scan,full-scan,contains_yo,%Yo%,4,4167491,60681846,60681846,4167491,4167491,0,0,0,1338257961,0,3081,108,67652186,67652294,4167491,4167473,21066,16.2333389562209,16.2333130413479,1.1148687533335753,
job_name_name,name.name,benchmarks/job/../../data/job/name__name.csv,job-csv,utf8,NaiveAutoWildcard,static,prefix-btree,full-scan,contains_yo,%Yo%,0,4167491,60681846,60681846,4167491,4167491,0,0,0,1338257961,1584574030,3081,1757,67749914,67751671,4167491,4167473,21066,16.257184718575278,16.256763121983948,1.1165064259910615,no-indexable-prefix
job_name_name,name.name,benchmarks/job/../../data/job/name__name.csv,job-csv,utf8,NaiveAutoWildcard,static,prefix-btree,full-scan,contains_yo,%Yo%,1,4167491,60681846,60681846,4167491,4167491,0,0,0,1338257961,1584574030,3081,484,68842389,68842873,4167491,4167473,21066,16.519021396806856,16.518905259783406,1.1344887728036488,no-indexable-prefix
job_name_name,name.name,benchmarks/job/../../data/job/name__name.csv,job-csv,utf8,NaiveAutoWildcard,static,prefix-btree,full-scan,contains_yo,%Yo%,2,4167491,60681846,60681846,4167491,4167491,0,0,0,1338257961,1584574030,3081,602,68616095,68616697,4167491,4167473,21066,16.464749893880995,16.464605442459263,1.1307615295684974,no-indexable-prefix
job_name_name,name.name,benchmarks/job/../../data/job/name__name.csv,job-csv,utf8,NaiveAutoWildcard,static,prefix-btree,full-scan,contains_yo,%Yo%,3,4167491,60681846,60681846,4167491,4167491,0,0,0,1338257961,1584574030,3081,533,68908685,68909218,4167491,4167473,21066,16.53494104726321,16.534813152565896,1.1355820981451354,no-indexable-prefix
job_name_name,name.name,benchmarks/job/../../data/job/name__name.csv,job-csv,utf8,NaiveAutoWildcard,static,prefix-btree,full-scan,contains_yo,%Yo%,4,4167491,60681846,60681846,4167491,4167491,0,0,0,1338257961,1584574030,3081,494,68307835,68308329,4167491,4167473,21066,16.390756212790862,16.390637676242132,1.1256798120479063,no-indexable-prefix
job_name_name,name.name,benchmarks/job/../../data/job/name__name.csv,job-csv,utf8,NaiveAutoWildcard,static,qgram,full-scan,contains_yo,%Yo%,0,4167491,60681846,60681846,4167491,4167491,0,0,0,1338257961,588757039,3081,612,68926525,68927137,4167491,4167473,21066,16.539240756608713,16.539093905661705,1.135877392391787,literal-shorter-than-qgram
job_name_name,name.name,benchmarks/job/../../data/job/name__name.csv,job-csv,utf8,NaiveAutoWildcard,static,qgram,full-scan,contains_yo,%Yo%,1,4167491,60681846,60681846,4167491,4167491,0,0,0,1338257961,588757039,3081,109,67999349,67999458,4167491,4167473,21066,16.316641835579247,16.31661568075372,1.1205898053925387,literal-shorter-than-qgram
job_name_name,name.name,benchmarks/job/../../data/job/name__name.csv,job-csv,utf8,NaiveAutoWildcard,static,qgram,full-scan,contains_yo,%Yo%,2,4167491,60681846,60681846,4167491,4167491,0,0,0,1338257961,588757039,3081,149,67974777,67974926,4167491,4167473,21066,16.31075532016746,16.310719567240817,1.120185532918692,literal-shorter-than-qgram
job_name_name,name.name,benchmarks/job/../../data/job/name__name.csv,job-csv,utf8,NaiveAutoWildcard,static,qgram,full-scan,contains_yo,%Yo%,3,4167491,60681846,60681846,4167491,4167491,0,0,0,1338257961,588757039,3081,109,68582359,68582468,4167491,4167473,21066,16.456536558807205,16.456510403981675,1.130197456418844,literal-shorter-than-qgram
job_name_name,name.name,benchmarks/job/../../data/job/name__name.csv,job-csv,utf8,NaiveAutoWildcard,static,qgram,full-scan,contains_yo,%Yo%,4,4167491,60681846,60681846,4167491,4167491,0,0,0,1338257961,588757039,3081,148,68011651,68011799,4167491,4167473,21066,16.31960308972473,16.319567576750615,1.1207931775839515,literal-shorter-than-qgram
job_name_name,name.name,benchmarks/job/../../data/job/name__name.csv,job-csv,utf8,NaiveAutoWildcard,static,trigram,full-scan,contains_yo,%Yo%,0,4167491,60681846,60681846,4167491,4167491,0,0,0,1338257961,3192349665,3081,562,68465465,68466027,4167491,4167473,21066,16.428596246518588,16.42846139319797,1.1282785793958872,literal-shorter-than-trigram
job_name_name,name.name,benchmarks/job/../../data/job/name__name.csv,job-csv,utf8,NaiveAutoWildcard,static,trigram,full-scan,contains_yo,%Yo%,1,4167491,60681846,60681846,4167491,4167491,0,0,0,1338257961,3192349665,3081,108,68482359,68482467,4167491,4167473,21066,16.432541066075487,16.432515151202487,1.1285495006200041,literal-shorter-than-trigram
job_name_name,name.name,benchmarks/job/../../data/job/name__name.csv,job-csv,utf8,NaiveAutoWildcard,static,trigram,full-scan,contains_yo,%Yo%,2,4167491,60681846,60681846,4167491,4167491,0,0,0,1338257961,3192349665,3081,109,67762909,67763018,4167491,4167473,21066,16.25990745990813,16.2598813050826,1.1166934176656393,literal-shorter-than-trigram
job_name_name,name.name,benchmarks/job/../../data/job/name__name.csv,job-csv,utf8,NaiveAutoWildcard,static,trigram,full-scan,contains_yo,%Yo%,3,4167491,60681846,60681846,4167491,4167491,0,0,0,1338257961,3192349665,3081,109,68840083,68840192,4167491,4167473,21066,16.518378084079846,16.518351929254315,1.1344445915504944,literal-shorter-than-trigram
job_name_name,name.name,benchmarks/job/../../data/job/name__name.csv,job-csv,utf8,NaiveAutoWildcard,static,trigram,full-scan,contains_yo,%Yo%,4,4167491,60681846,60681846,4167491,4167491,0,0,0,1338257961,3192349665,3081,108,75159284,75159392,4167491,4167473,21066,18.03468609770243,18.03466018282943,1.2385811730249603,literal-shorter-than-trigram
job_name_name,name.name,benchmarks/job/../../data/job/name__name.csv,job-csv,utf8,NaiveAutoWildcard,static,fm,fm,prefix_a,A%,0,4167491,60681846,60681846,4167491,4167491,0,0,0,1338257961,62312623267,3130,11532390,6680400,18212790,552032,552032,177263,4.370204998643069,12.101472378412845,0.30013572757822826,
job_name_name,name.name,benchmarks/job/../../data/job/name__name.csv,job-csv,utf8,NaiveAutoWildcard,static,fm,fm,prefix_a,A%,1,4167491,60681846,60681846,4167491,4167491,0,0,0,1338257961,62312623267,3130,11912011,6850005,18762016,552032,552032,177263,4.501993165672103,12.408710002318706,0.30918663878485175,
job_name_name,name.name,benchmarks/job/../../data/job/name__name.csv,job-csv,utf8,NaiveAutoWildcard,static,fm,fm,prefix_a,A%,2,4167491,60681846,60681846,4167491,4167491,0,0,0,1338257961,62312623267,3130,12185276,6799054,18984330,552032,552032,177263,4.555337971935632,12.31641281664831,0.3128502386034861,
job_name_name,name.name,benchmarks/job/../../data/job/name__name.csv,job-csv,utf8,NaiveAutoWildcard,static,fm,fm,prefix_a,A%,3,4167491,60681846,60681846,4167491,4167491,0,0,0,1338257961,62312623267,3130,12114481,6696639,18811120,552032,552032,177263,4.513775794596797,12.130889151353545,0.30999584290827276,
job_name_name,name.name,benchmarks/job/../../data/job/name__name.csv,job-csv,utf8,NaiveAutoWildcard,static,fm,fm,prefix_a,A%,4,4167491,60681846,60681846,4167491,4167491,0,0,0,1338257961,62312623267,3130,11704327,6551783,18256110,552032,552032,177263,4.380599742147013,11.86848407338705,0.3008496148914125,
job_name_name,name.name,benchmarks/job/../../data/job/name__name.csv,job-csv,utf8,NaiveAutoWildcard,static,full-scan,full-scan,prefix_a,A%,0,4167491,60681846,60681846,4167491,4167491,0,0,0,1338257961,0,3130,553,14738318,14738871,4167491,4167491,177263,3.5366293532487534,3.536496659500884,0.24288765045150407,
job_name_name,name.name,benchmarks/job/../../data/job/name__name.csv,job-csv,utf8,NaiveAutoWildcard,static,full-scan,full-scan,prefix_a,A%,1,4167491,60681846,60681846,4167491,4167491,0,0,0,1338257961,0,3130,99,14822944,14823043,4167491,4167491,177263,3.556826637418053,3.5568028821178017,0.2442747539354686,
job_name_name,name.name,benchmarks/job/../../data/job/name__name.csv,job-csv,utf8,NaiveAutoWildcard,static,full-scan,full-scan,prefix_a,A%,2,4167491,60681846,60681846,4167491,4167491,0,0,0,1338257961,0,3130,109,14881101,14881210,4167491,4167491,177263,3.5707839561021246,3.5707578012765953,0.24523331079941108,
job_name_name,name.name,benchmarks/job/../../data/job/name__name.csv,job-csv,utf8,NaiveAutoWildcard,static,full-scan,full-scan,prefix_a,A%,3,4167491,60681846,60681846,4167491,4167491,0,0,0,1338257961,0,3130,109,15188149,15188258,4167491,4167491,177263,3.6444608998555728,3.6444347450300434,0.2502932755209853,
job_name_name,name.name,benchmarks/job/../../data/job/name__name.csv,job-csv,utf8,NaiveAutoWildcard,static,full-scan,full-scan,prefix_a,A%,4,4167491,60681846,60681846,4167491,4167491,0,0,0,1338257961,0,3130,109,14846567,14846676,4167491,4167491,177263,3.562497435507359,3.5624712806818297,0.2446642114348334,
job_name_name,name.name,benchmarks/job/../../data/job/name__name.csv,job-csv,utf8,NaiveAutoWildcard,static,prefix-btree,prefix-btree,prefix_a,A%,0,4167491,60681846,60681846,4167491,4167491,0,0,0,1338257961,1584574030,3130,5976584,673330,6649914,177263,177263,177263,1.595663673898756,3.798480224299487,0.10958654751538047,
job_name_name,name.name,benchmarks/job/../../data/job/name__name.csv,job-csv,utf8,NaiveAutoWildcard,static,prefix-btree,prefix-btree,prefix_a,A%,1,4167491,60681846,60681846,4167491,4167491,0,0,0,1338257961,1584574030,3130,5623936,677485,6301421,177263,177263,177263,1.5120418976309726,3.8219199720189776,0.10384359434286163,
job_name_name,name.name,benchmarks/job/../../data/job/name__name.csv,job-csv,utf8,NaiveAutoWildcard,static,prefix-btree,prefix-btree,prefix_a,A%,2,4167491,60681846,60681846,4167491,4167491,0,0,0,1338257961,1584574030,3130,5317609,642439,5960048,177263,177263,177263,1.4301285833610677,3.6242137389077245,0.09821797444988736,
job_name_name,name.name,benchmarks/job/../../data/job/name__name.csv,job-csv,utf8,NaiveAutoWildcard,static,prefix-btree,prefix-btree,prefix_a,A%,3,4167491,60681846,60681846,4167491,4167491,0,0,0,1338257961,1584574030,3130,6008610,686124,6694734,177263,177263,177263,1.6064183461943888,3.870655466735867,0.1103251539183564,
job_name_name,name.name,benchmarks/job/../../data/job/name__name.csv,job-csv,utf8,NaiveAutoWildcard,static,prefix-btree,prefix-btree,prefix_a,A%,4,4167491,60681846,60681846,4167491,4167491,0,0,0,1338257961,1584574030,3130,5560566,659528,6220094,177263,177263,177263,1.4925272784032406,3.7206185159903646,0.10250337473253533,
job_name_name,name.name,benchmarks/job/../../data/job/name__name.csv,job-csv,utf8,NaiveAutoWildcard,static,qgram,full-scan,prefix_a,A%,0,4167491,60681846,60681846,4167491,4167491,0,0,0,1338257961,588757039,3130,770,14782694,14783464,4167491,4167491,177263,3.5473295563205776,3.5471447928741777,0.24362251603222487,literal-shorter-than-qgram
job_name_name,name.name,benchmarks/job/../../data/job/name__name.csv,job-csv,utf8,NaiveAutoWildcard,static,qgram,full-scan,prefix_a,A%,1,4167491,60681846,60681846,4167491,4167491,0,0,0,1338257961,588757039,3130,109,14746935,14747044,4167491,4167491,177263,3.5385904852583967,3.5385643304328673,0.24302233653208244,literal-shorter-than-qgram
job_name_name,name.name,benchmarks/job/../../data/job/name__name.csv,job-csv,utf8,NaiveAutoWildcard,static,qgram,full-scan,prefix_a,A%,2,4167491,60681846,60681846,4167491,4167491,0,0,0,1338257961,588757039,3130,118,14694663,14694781,4167491,4167491,177263,3.5260498462984082,3.526021531900129,0.24216107400556008,literal-shorter-than-qgram
job_name_name,name.name,benchmarks/job/../../data/job/name__name.csv,job-csv,utf8,NaiveAutoWildcard,static,qgram,full-scan,prefix_a,A%,3,4167491,60681846,60681846,4167491,4167491,0,0,0,1338257961,588757039,3130,109,14725929,14726038,4167491,4167491,177263,3.5335500424596,3.5335238876340704,0.24267617039863948,literal-shorter-than-qgram
job_name_name,name.name,benchmarks/job/../../data/job/name__name.csv,job-csv,utf8,NaiveAutoWildcard,static,qgram,full-scan,prefix_a,A%,4,4167491,60681846,60681846,4167491,4167491,0,0,0,1338257961,588757039,3130,109,14837910,14838019,4167491,4167491,177263,3.5604201664742647,3.5603940116487354,0.24452154932794892,literal-shorter-than-qgram
job_name_name,name.name,benchmarks/job/../../data/job/name__name.csv,job-csv,utf8,NaiveAutoWildcard,static,trigram,full-scan,prefix_a,A%,0,4167491,60681846,60681846,4167491,4167491,0,0,0,1338257961,3192349665,3130,464,14773595,14774059,4167491,4167491,177263,3.5450728027966947,3.5449614648237993,0.2434675273392309,literal-shorter-than-trigram
job_name_name,name.name,benchmarks/job/../../data/job/name__name.csv,job-csv,utf8,NaiveAutoWildcard,static,trigram,full-scan,prefix_a,A%,1,4167491,60681846,60681846,4167491,4167491,0,0,0,1338257961,3192349665,3130,110,14901065,14901175,4167491,4167491,177263,3.57557460831949,3.575548213541433,0.24556232188453858,literal-shorter-than-trigram
job_name_name,name.name,benchmarks/job/../../data/job/name__name.csv,job-csv,utf8,NaiveAutoWildcard,static,trigram,full-scan,prefix_a,A%,2,4167491,60681846,60681846,4167491,4167491,0,0,0,1338257961,3192349665,3130,140,15213674,15213814,4167491,4167491,177263,3.6505931266558225,3.6505595333019314,0.2507144228934631,literal-shorter-than-trigram
job_name_name,name.name,benchmarks/job/../../data/job/name__name.csv,job-csv,utf8,NaiveAutoWildcard,static,trigram,full-scan,prefix_a,A%,3,4167491,60681846,60681846,4167491,4167491,0,0,0,1338257961,3192349665,3130,110,14879363,14879473,4167491,4167491,177263,3.5703671585613503,3.570340763783293,0.2452046860934323,literal-shorter-than-trigram
job_name_name,name.name,benchmarks/job/../../data/job/name__name.csv,job-csv,utf8,NaiveAutoWildcard,static,trigram,full-scan,prefix_a,A%,4,4167491,60681846,60681846,4167491,4167491,0,0,0,1338257961,3192349665,3130,110,14887582,14887692,4167491,4167491,177263,3.572339328387272,3.5723129336092145,0.2453401302260976,literal-shorter-than-trigram
job_name_name,name.name,benchmarks/job/../../data/job/name__name.csv,job-csv,utf8,NaiveAutoWildcard,static,fm,fm,prefix_b,B%,0,4167491,60681846,60681846,4167491,4167491,0,0,0,1338257961,62312623267,2170,11748230,8379365,20127595,536716,536716,343399,4.829667298621641,15.612288435597225,0.33169055206395665,
job_name_name,name.name,benchmarks/job/../../data/job/name__name.csv,job-csv,utf8,NaiveAutoWildcard,static,fm,fm,prefix_b,B%,1,4167491,60681846,60681846,4167491,4167491,0,0,0,1338257961,62312623267,2170,11670029,7631985,19302014,536716,536716,343399,4.631567050774675,14.219782901944418,0.3180854781510767,
job_name_name,name.name,benchmarks/job/../../data/job/name__name.csv,job-csv,utf8,NaiveAutoWildcard,static,fm,fm,prefix_b,B%,2,4167491,60681846,60681846,4167491,4167491,0,0,0,1338257961,62312623267,2170,11239747,8141067,19380814,536716,536716,343399,4.650475309964676,15.168295709462733,0.31938405433480055,
job_name_name,name.name,benchmarks/job/../../data/job/name__name.csv,job-csv,utf8,NaiveAutoWildcard,static,fm,fm,prefix_b,B%,3,4167491,60681846,60681846,4167491,4167491,0,0,0,1338257961,62312623267,2170,11229725,7595550,18825275,536716,536716,343399,4.517172322627691,14.151897837962721,0.31022910871894044,
job_name_name,name.name,benchmarks/job/../../data/job/name__name.csv,job-csv,utf8,NaiveAutoWildcard,static,fm,fm,prefix_b,B%,4,4167491,60681846,60681846,4167491,4167491,0,0,0,1338257961,62312623267,2170,11308266,7595030,18903296,536716,536716,343399,4.5358936587985434,14.150928982925793,0.3115148474553658,
job_name_name,name.name,benchmarks/job/../../data/job/name__name.csv,job-csv,utf8,NaiveAutoWildcard,static,full-scan,full-scan,prefix_b,B%,0,4167491,60681846,60681846,4167491,4167491,0,0,0,1338257961,0,2170,480,15132464,15132944,4167491,4167491,343399,3.6311881657332914,3.6310729885199513,0.24938173436582664,
job_name_name,name.name,benchmarks/job/../../data/job/name__name.csv,job-csv,utf8,NaiveAutoWildcard,static,full-scan,full-scan,prefix_b,B%,1,4167491,60681846,60681846,4167491,4167491,0,0,0,1338257961,0,2170,120,15334269,15334389,4167491,4167491,343399,3.679525402694331,3.679496608390996,0.25270142572788573,
job_name_name,name.name,benchmarks/job/../../data/job/name__name.csv,job-csv,utf8,NaiveAutoWildcard,static,full-scan,full-scan,prefix_b,B%,2,4167491,60681846,60681846,4167491,4167491,0,0,0,1338257961,0,2170,110,15732397,15732507,4167491,4167491,343399,3.7750548231537873,3.7750284283757303,0.25926216878767994,
job_name_name,name.name,benchmarks/job/../../data/job/name__name.csv,job-csv,utf8,NaiveAutoWildcard,static,full-scan,full-scan,prefix_b,B%,3,4167491,60681846,60681846,4167491,4167491,0,0,0,1338257961,0,2170,450,15097468,15097918,4167491,4167491,343399,3.622783588494852,3.6226756098573456,0.24880452713979728,
job_name_name,name.name,benchmarks/job/../../data/job/name__name.csv,job-csv,utf8,NaiveAutoWildcard,static,full-scan,full-scan,prefix_b,B%,4,4167491,60681846,60681846,4167491,4167491,0,0,0,1338257961,0,2170,150,15256289,15256439,4167491,4167491,343399,3.6608211031529523,3.6607851102737836,0.2514168570283771,
job_name_name,name.name,benchmarks/job/../../data/job/name__name.csv,job-csv,utf8,NaiveAutoWildcard,static,prefix-btree,prefix-btree,prefix_b,B%,0,4167491,60681846,60681846,4167491,4167491,0,0,0,1338257961,1584574030,2170,11853280,1373738,13227018,343399,343399,343399,3.1738564042489834,4.000413513143602,0.2179732304122719,
job_name_name,name.name,benchmarks/job/../../data/job/name__name.csv,job-csv,utf8,NaiveAutoWildcard,static,prefix-btree,prefix-btree,prefix_b,B%,1,4167491,60681846,60681846,4167491,4167491,0,0,0,1338257961,1584574030,2170,11447513,1351226,12798739,343399,343399,343399,3.0710897755987956,3.9348571195606277,0.21091545237433942,
job_name_name,name.name,benchmarks/job/../../data/job/name__name.csv,job-csv,utf8,NaiveAutoWildcard,static,prefix-btree,prefix-btree,prefix_b,B%,2,4167491,60681846,60681846,4167491,4167491,0,0,0,1338257961,1584574030,2170,11440972,1344435,12785407,343399,343399,343399,3.067890728498274,3.9150812902774907,0.21069574910427083,
job_name_name,name.name,benchmarks/job/../../data/job/name__name.csv,job-csv,utf8,NaiveAutoWildcard,static,prefix-btree,prefix-btree,prefix_b,B%,3,4167491,60681846,60681846,4167491,4167491,0,0,0,1338257961,1584574030,2170,11152455,1294048,12446503,343399,343399,343399,2.986569857019487,3.7683511017795626,0.2051108168330937,
job_name_name,name.name,benchmarks/job/../../data/job/name__name.csv,job-csv,utf8,NaiveAutoWildcard,static,prefix-btree,prefix-btree,prefix_b,B%,4,4167491,60681846,60681846,4167491,4167491,0,0,0,1338257961,1584574030,2170,11320987,1359596,12680583,343399,343399,343399,3.042737944725016,3.9592310985180506,0.20896831319205417,
job_name_name,name.name,benchmarks/job/../../data/job/name__name.csv,job-csv,utf8,NaiveAutoWildcard,static,qgram,full-scan,prefix_b,B%,0,4167491,60681846,60681846,4167491,4167491,0,0,0,1338257961,588757039,2170,510,15105932,15106442,4167491,4167491,343399,3.6248289438417505,3.6247065680525763,0.2489449974873869,literal-shorter-than-qgram
job_name_name,name.name,benchmarks/job/../../data/job/name__name.csv,job-csv,utf8,NaiveAutoWildcard,static,qgram,full-scan,prefix_b,B%,1,4167491,60681846,60681846,4167491,4167491,0,0,0,1338257961,588757039,2170,110,15344828,15344938,4167491,4167491,343399,3.682056661910008,3.6820302671319505,0.25287526684669415,literal-shorter-than-qgram
job_name_name,name.name,benchmarks/job/../../data/job/name__name.csv,job-csv,utf8,NaiveAutoWildcard,static,qgram,full-scan,prefix_b,B%,2,4167491,60681846,60681846,4167491,4167491,0,0,0,1338257961,588757039,2170,100,15247031,15247131,4167491,4167491,343399,3.658587625024265,3.658563629771486,0.25126346683652306,literal-shorter-than-qgram
job_name_name,name.name,benchmarks/job/../../data/job/name__name.csv,job-csv,utf8,NaiveAutoWildcard,static,qgram,full-scan,prefix_b,B%,3,4167491,60681846,60681846,4167491,4167491,0,0,0,1338257961,588757039,2170,110,15203838,15203948,4167491,4167491,343399,3.6482257550166275,3.6481993602385705,0.25055183720020646,literal-shorter-than-qgram
job_name_name,name.name,benchmarks/job/../../data/job/name__name.csv,job-csv,utf8,NaiveAutoWildcard,static,qgram,full-scan,prefix_b,B%,4,4167491,60681846,60681846,4167491,4167491,0,0,0,1338257961,588757039,2170,110,15331528,15331638,4167491,4167491,343399,3.6788652932903756,3.678838898512318,0.25265609091720775,literal-shorter-than-qgram
job_name_name,name.name,benchmarks/job/../../data/job/name__name.csv,job-csv,utf8,NaiveAutoWildcard,static,trigram,full-scan,prefix_b,B%,0,4167491,60681846,60681846,4167491,4167491,0,0,0,1338257961,3192349665,2170,460,15165705,15166165,4167491,4167491,343399,3.639159628659066,3.639049250496282,0.24992919628713997,literal-shorter-than-trigram
job_name_name,name.name,benchmarks/job/../../data/job/name__name.csv,job-csv,utf8,NaiveAutoWildcard,static,trigram,full-scan,prefix_b,B%,1,4167491,60681846,60681846,4167491,4167491,0,0,0,1338257961,3192349665,2170,110,15275343,15275453,4167491,4167491,343399,3.6653835605163874,3.6653571657383304,0.25173019621057674,literal-shorter-than-trigram
job_name_name,name.name,benchmarks/job/../../data/job/name__name.csv,job-csv,utf8,NaiveAutoWildcard,static,trigram,full-scan,prefix_b,B%,2,4167491,60681846,60681846,4167491,4167491,0,0,0,1338257961,3192349665,2170,140,15196718,15196858,4167491,4167491,343399,3.646524491594583,3.646490898240692,0.2504349983024577,literal-shorter-than-trigram
job_name_name,name.name,benchmarks/job/../../data/job/name__name.csv,job-csv,utf8,NaiveAutoWildcard,static,trigram,full-scan,prefix_b,B%,3,4167491,60681846,60681846,4167491,4167491,0,0,0,1338257961,3192349665,2170,120,15240321,15240441,4167491,4167491,343399,3.6569823426133374,3.6569535483100024,0.2511532196960521,literal-shorter-than-trigram
job_name_name,name.name,benchmarks/job/../../data/job/name__name.csv,job-csv,utf8,NaiveAutoWildcard,static,trigram,full-scan,prefix_b,B%,4,4167491,60681846,60681846,4167491,4167491,0,0,0,1338257961,3192349665,2170,120,15353510,15353630,4167491,4167491,343399,3.684142329281575,3.68411353497824,0.25301850573234047,literal-shorter-than-trigram
job_name_name,name.name,benchmarks/job/../../data/job/name__name.csv,job-csv,utf8,NaiveAutoWildcard,static,fm,fm,prefix_x,X%,0,4167491,60681846,60681846,4167491,4167491,0,0,0,1338257961,62312623267,2820,105758,93427,199185,8750,8750,2664,0.04779494424822993,10.677371428571428,0.003282447933439599,
job_name_name,name.name,benchmarks/job/../../data/job/name__name.csv,job-csv,utf8,NaiveAutoWildcard,static,fm,fm,prefix_x,X%,1,4167491,60681846,60681846,4167491,4167491,0,0,0,1338257961,62312623267,2820,100577,91177,191754,8750,8750,2664,0.04601185701420831,10.420228571428572,0.003159989562611526,
job_name_name,name.name,benchmarks/job/../../data/job/name__name.csv,job-csv,utf8,NaiveAutoWildcard,static,fm,fm,prefix_x,X%,2,4167491,60681846,60681846,4167491,4167491,0,0,0,1338257961,62312623267,2820,92597,90306,182903,8750,8750,2664,0.043888037190722186,10.320685714285714,0.0030141304534473125,
job_name_name,name.name,benchmarks/job/../../data/job/name__name.csv,job-csv,utf8,NaiveAutoWildcard,static,fm,fm,prefix_x,X%,3,4167491,60681846,60681846,4167491,4167491,0,0,0,1338257961,62312623267,2820,99788,90786,190574,8750,8750,2664,0.04572871303141386,10.375542857142857,0.003140543878642057,
job_name_name,name.name,benchmarks/job/../../data/job/name__name.csv,job-csv,utf8,NaiveAutoWildcard,static,fm,fm,prefix_x,X%,4,4167491,60681846,60681846,4167491,4167491,0,0,0,1338257961,62312623267,2820,97357,90627,187984,8750,8750,2664,0.04510723598443284,10.357371428571428,0.003097862250268392,
job_name_name,name.name,benchmarks/job/../../data/job/name__name.csv,job-csv,utf8,NaiveAutoWildcard,static,full-scan,full-scan,prefix_x,X%,0,4167491,60681846,60681846,4167491,4167491,0,0,0,1338257961,0,2820,490,15406783,15407273,4167491,4167491,2664,3.697014102729916,3.696896525991298,0.25390250982147117,
job_name_name,name.name,benchmarks/job/../../data/job/name__name.csv,job-csv,utf8,NaiveAutoWildcard,static,full-scan,full-scan,prefix_x,X%,1,4167491,60681846,60681846,4167491,4167491,0,0,0,1338257961,0,2820,120,15200499,15200619,4167491,4167491,2664,3.647426953051608,3.647398158748273,0.2504969773002621,
job_name_name,name.name,benchmarks/job/../../data/job/name__name.csv,job-csv,utf8,NaiveAutoWildcard,static,full-scan,full-scan,prefix_x,X%,2,4167491,60681846,60681846,4167491,4167491,0,0,0,1338257961,0,2820,110,15259774,15259884,4167491,4167491,2664,3.6616477396111953,3.6616213448331383,0.2514736285379321,
job_name_name,name.name,benchmarks/job/../../data/job/name__name.csv,job-csv,utf8,NaiveAutoWildcard,static,full-scan,full-scan,prefix_x,X%,3,4167491,60681846,60681846,4167491,4167491,0,0,0,1338257961,0,2820,110,15181026,15181136,4167491,4167491,2664,3.6427519579526386,3.6427255631745816,0.2501759092826543,
job_name_name,name.name,benchmarks/job/../../data/job/name__name.csv,job-csv,utf8,NaiveAutoWildcard,static,full-scan,full-scan,prefix_x,X%,4,4167491,60681846,60681846,4167491,4167491,0,0,0,1338257961,0,2820,120,15133673,15133793,4167491,4167491,2664,3.6313918854293865,3.6313630911260515,0.24939572537064875,
job_name_name,name.name,benchmarks/job/../../data/job/name__name.csv,job-csv,utf8,NaiveAutoWildcard,static,prefix-btree,prefix-btree,prefix_x,X%,0,4167491,60681846,60681846,4167491,4167491,0,0,0,1338257961,1584574030,2820,38353,12190,50543,2664,2664,2664,0.012127920612186085,4.5758258258258255,0.0008329179702278669,
job_name_name,name.name,benchmarks/job/../../data/job/name__name.csv,job-csv,utf8,NaiveAutoWildcard,static,prefix-btree,prefix-btree,prefix_x,X%,1,4167491,60681846,60681846,4167491,4167491,0,0,0,1338257961,1584574030,2820,29493,12081,41574,2664,2664,2664,0.00997578639042052,4.53490990990991,0.0006851142926667063,
job_name_name,name.name,benchmarks/job/../../data/job/name__name.csv,job-csv,utf8,NaiveAutoWildcard,static,prefix-btree,prefix-btree,prefix_x,X%,2,4167491,60681846,60681846,4167491,4167491,0,0,0,1338257961,1584574030,2820,28782,11841,40623,2664,2664,2664,0.009747591536490421,4.44481981981982,0.0006694423897387696,
job_name_name,name.name,benchmarks/job/../../data/job/name__name.csv,job-csv,utf8,NaiveAutoWildcard,static,prefix-btree,prefix-btree,prefix_x,X%,3,4167491,60681846,60681846,4167491,4167491,0,0,0,1338257961,1584574030,2820,28492,11810,40302,2664,2664,2664,0.00967056677506922,4.433183183183183,0.0006641525045233463,
job_name_name,name.name,benchmarks/job/../../data/job/name__name.csv,job-csv,utf8,NaiveAutoWildcard,static,prefix-btree,prefix-btree,prefix_x,X%,4,4167491,60681846,60681846,4167491,4167491,0,0,0,1338257961,1584574030,2820,28642,11870,40512,2664,2664,2664,0.00972095680590552,4.4557057057057055,0.000667613177094184,
job_name_name,name.name,benchmarks/job/../../data/job/name__name.csv,job-csv,utf8,NaiveAutoWildcard,static,qgram,full-scan,prefix_x,X%,0,4167491,60681846,60681846,4167491,4167491,0,0,0,1338257961,588757039,2820,470,15150274,15150744,4167491,4167491,2664,3.6354593207279873,3.6353465430399248,0.24967506756468813,literal-shorter-than-qgram
job_name_name,name.name,benchmarks/job/../../data/job/name__name.csv,job-csv,utf8,NaiveAutoWildcard,static,qgram,full-scan,prefix_x,X%,1,4167491,60681846,60681846,4167491,4167491,0,0,0,1338257961,588757039,2820,130,15015874,15016004,4167491,4167491,2664,3.6031281171333065,3.6030969233046934,0.24745463412566585,literal-shorter-than-qgram
job_name_name,name.name,benchmarks/job/../../data/job/name__name.csv,job-csv,utf8,NaiveAutoWildcard,static,qgram,full-scan,prefix_x,X%,2,4167491,60681846,60681846,4167491,4167491,0,0,0,1338257961,588757039,2820,100,15303055,15303155,4167491,4167491,2664,3.6720307254412785,3.6720067301884995,0.2521867083608498,literal-shorter-than-qgram
job_name_name,name.name,benchmarks/job/../../data/job/name__name.csv,job-csv,utf8,NaiveAutoWildcard,static,qgram,full-scan,prefix_x,X%,3,4167491,60681846,60681846,4167491,4167491,0,0,0,1338257961,588757039,2820,110,15160375,15160485,4167491,4167491,2664,3.637796698301208,3.637770303523151,0.2498355933337954,literal-shorter-than-qgram
job_name_name,name.name,benchmarks/job/../../data/job/name__name.csv,job-csv,utf8,NaiveAutoWildcard,static,qgram,full-scan,prefix_x,X%,4,4167491,60681846,60681846,4167491,4167491,0,0,0,1338257961,588757039,2820,100,14984634,14984734,4167491,4167491,2664,3.5956248015892536,3.5956008063364746,0.24693932350047493,literal-shorter-than-qgram
job_name_name,name.name,benchmarks/job/../../data/job/name__name.csv,job-csv,utf8,NaiveAutoWildcard,static,trigram,full-scan,prefix_x,X%,0,4167491,60681846,60681846,4167491,4167491,0,0,0,1338257961,3192349665,2820,580,15176785,15177365,4167491,4167491,2664,3.6418470969703356,3.641707924504216,0.250113765490918,literal-shorter-than-trigram
job_name_name,name.name,benchmarks/job/../../data/job/name__name.csv,job-csv,utf8,NaiveAutoWildcard,static,trigram,full-scan,prefix_x,X%,1,4167491,60681846,60681846,4167491,4167491,0,0,0,1338257961,3192349665,2820,110,15361740,15361850,4167491,4167491,2664,3.686114739060024,3.686088344281967,0.25315396634439896,literal-shorter-than-trigram
job_name_name,name.name,benchmarks/job/../../data/job/name__name.csv,job-csv,utf8,NaiveAutoWildcard,static,trigram,full-scan,prefix_x,X%,2,4167491,60681846,60681846,4167491,4167491,0,0,0,1338257961,3192349665,2820,110,15211018,15211128,4167491,4167491,2664,3.649948614166173,3.6499222193881162,0.25067015924334274,literal-shorter-than-trigram
job_name_name,name.name,benchmarks/job/../../data/job/name__name.csv,job-csv,utf8,NaiveAutoWildcard,static,trigram,full-scan,prefix_x,X%,3,4167491,60681846,60681846,4167491,4167491,0,0,0,1338257961,3192349665,2820,110,15159805,15159915,4167491,4167491,2664,3.6376599253603668,3.6376335305823098,0.24982620007967457,literal-shorter-than-trigram
job_name_name,name.name,benchmarks/job/../../data/job/name__name.csv,job-csv,utf8,NaiveAutoWildcard,static,trigram,full-scan,prefix_x,X%,4,4167491,60681846,60681846,4167491,4167491,0,0,0,1338257961,3192349665,2820,110,14825960,14826070,4167491,4167491,2664,3.5575529737196794,3.5575265789416224,0.24432463705866825,literal-shorter-than-trigram
job_name_name,name.name,benchmarks/job/../../data/job/name__name.csv,job-csv,utf8,NaiveAutoWildcard,static,fm,fm,prefix_z,Z%,0,4167491,60681846,60681846,4167491,4167491,0,0,0,1338257961,62312623267,2820,1271193,1831273,3102466,59261,59261,36174,0.74444455908843,30.901824133916065,0.051126757086460424,
job_name_name,name.name,benchmarks/job/../../data/job/name__name.csv,job-csv,utf8,NaiveAutoWildcard,static,fm,fm,prefix_z,Z%,1,4167491,60681846,60681846,4167491,4167491,0,0,0,1338257961,62312623267,2820,1268342,1507680,2776022,59261,59261,36174,0.6661134961059304,25.441352660265604,0.04574715805448634,
job_name_name,name.name,benchmarks/job/../../data/job/name__name.csv,job-csv,utf8,NaiveAutoWildcard,static,fm,fm,prefix_z,Z%,2,4167491,60681846,60681846,4167491,4167491,0,0,0,1338257961,62312623267,2820,1220629,1403693,2624322,59261,59261,36174,0.6297126976398989,23.686623580432325,0.04324723410688594,
job_name_name,name.name,benchmarks/job/../../data/job/name__name.csv,job-csv,utf8,NaiveAutoWildcard,static,fm,fm,prefix_z,Z%,3,4167491,60681846,60681846,4167491,4167491,0,0,0,1338257961,62312623267,2820,1094240,1291604,2385844,59261,59261,36174,0.5724892987171418,21.795177266667793,0.039317261376656205,
job_name_name,name.name,benchmarks/job/../../data/job/name__name.csv,job-csv,utf8,NaiveAutoWildcard,static,fm,fm,prefix_z,Z%,4,4167491,60681846,60681846,4167491,4167491,0,0,0,1338257961,62312623267,2820,1092870,1249251,2342121,59261,59261,36174,0.5619978543444965,21.080491385565548,0.03859673286801459,
job_name_name,name.name,benchmarks/job/../../data/job/name__name.csv,job-csv,utf8,NaiveAutoWildcard,static,full-scan,full-scan,prefix_z,Z%,0,4167491,60681846,60681846,4167491,4167491,0,0,0,1338257961,0,2820,470,15225681,15226151,4167491,4167491,36174,3.6535534209911913,3.653440643303129,0.2509177291673032,
job_name_name,name.name,benchmarks/job/../../data/job/name__name.csv,job-csv,utf8,NaiveAutoWildcard,static,full-scan,full-scan,prefix_z,Z%,1,4167491,60681846,60681846,4167491,4167491,0,0,0,1338257961,0,2820,230,14757266,14757496,4167491,4167491,36174,3.5410984690788774,3.5410432799974854,0.24319457914975098,
job_name_name,name.name,benchmarks/job/../../data/job/name__name.csv,job-csv,utf8,NaiveAutoWildcard,static,full-scan,full-scan,prefix_z,Z%,2,4167491,60681846,60681846,4167491,4167491,0,0,0,1338257961,0,2820,110,14639787,14639897,4167491,4167491,36174,3.5128802917630777,3.5128538969850203,0.24125661898947504,
job_name_name,name.name,benchmarks/job/../../data/job/name__name.csv,job-csv,utf8,NaiveAutoWildcard,static,full-scan,full-scan,prefix_z,Z%,3,4167491,60681846,60681846,4167491,4167491,0,0,0,1338257961,0,2820,110,14851283,14851393,4167491,4167491,36174,3.5636292915809538,3.5636028968028963,0.2447419447325317,
job_name_name,name.name,benchmarks/job/../../data/job/name__name.csv,job-csv,utf8,NaiveAutoWildcard,static,full-scan,full-scan,prefix_z,Z%,4,4167491,60681846,60681846,4167491,4167491,0,0,0,1338257961,0,2820,120,14863134,14863254,4167491,4167491,36174,3.5664753685130934,3.5664465742097584,0.24493740681521126,
job_name_name,name.name,benchmarks/job/../../data/job/name__name.csv,job-csv,utf8,NaiveAutoWildcard,static,prefix-btree,prefix-btree,prefix_z,Z%,0,4167491,60681846,60681846,4167491,4167491,0,0,0,1338257961,1584574030,2820,1131253,156421,1287674,36174,36174,36174,0.30898063127190917,4.324127826615801,0.021220086152290093,
job_name_name,name.name,benchmarks/job/../../data/job/name__name.csv,job-csv,utf8,NaiveAutoWildcard,static,prefix-btree,prefix-btree,prefix_z,Z%,1,4167491,60681846,60681846,4167491,4167491,0,0,0,1338257961,1584574030,2820,1066018,142340,1208358,36174,36174,36174,0.2899485565775667,3.9348703488693535,0.01991300660167787,
job_name_name,name.name,benchmarks/job/../../data/job/name__name.csv,job-csv,utf8,NaiveAutoWildcard,static,prefix-btree,prefix-btree,prefix_z,Z%,2,4167491,60681846,60681846,4167491,4167491,0,0,0,1338257961,1584574030,2820,647537,144770,792307,36174,36174,36174,0.19011606743721823,4.002045668159451,0.01305673858372733,
job_name_name,name.name,benchmarks/job/../../data/job/name__name.csv,job-csv,utf8,NaiveAutoWildcard,static,prefix-btree,prefix-btree,prefix_z,Z%,3,4167491,60681846,60681846,4167491,4167491,0,0,0,1338257961,1584574030,2820,511188,150711,661899,36174,36174,36174,0.1588243381929319,4.16627964836623,0.01090769387602348,
job_name_name,name.name,benchmarks/job/../../data/job/name__name.csv,job-csv,utf8,NaiveAutoWildcard,static,prefix-btree,prefix-btree,prefix_z,Z%,4,4167491,60681846,60681846,4167491,4167491,0,0,0,1338257961,1584574030,2820,507277,137010,644287,36174,36174,36174,0.15459829427346095,3.787526953060209,0.010617458803082557,
job_name_name,name.name,benchmarks/job/../../data/job/name__name.csv,job-csv,utf8,NaiveAutoWildcard,static,qgram,full-scan,prefix_z,Z%,0,4167491,60681846,60681846,4167491,4167491,0,0,0,1338257961,588757039,2820,770,14939459,14940229,4167491,4167491,36174,3.584945714339875,3.5847609508934752,0.24620590810635523,literal-shorter-than-qgram
job_name_name,name.name,benchmarks/job/../../data/job/name__name.csv,job-csv,utf8,NaiveAutoWildcard,static,qgram,full-scan,prefix_z,Z%,1,4167491,60681846,60681846,4167491,4167491,0,0,0,1338257961,588757039,2820,100,14961721,14961821,4167491,4167491,36174,3.5901267693199577,3.5901027740671787,0.24656173116421012,literal-shorter-than-qgram
job_name_name,name.name,benchmarks/job/../../data/job/name__name.csv,job-csv,utf8,NaiveAutoWildcard,static,qgram,full-scan,prefix_z,Z%,2,4167491,60681846,60681846,4167491,4167491,0,0,0,1338257961,588757039,2820,150,14623836,14623986,4167491,4167491,36174,3.5090624070933805,3.509026414214212,0.2409944153643579,literal-shorter-than-qgram
job_name_name,name.name,benchmarks/job/../../data/job/name__name.csv,job-csv,utf8,NaiveAutoWildcard,static,qgram,full-scan,prefix_z,Z%,3,4167491,60681846,60681846,4167491,4167491,0,0,0,1338257961,588757039,2820,130,14696163,14696293,4167491,4167491,36174,3.5264126545204295,3.526381460691817,0.2421859908480701,literal-shorter-than-qgram
job_name_name,name.name,benchmarks/job/../../data/job/name__name.csv,job-csv,utf8,NaiveAutoWildcard,static,qgram,full-scan,prefix_z,Z%,4,4167491,60681846,60681846,4167491,4167491,0,0,0,1338257961,588757039,2820,461,14925787,14926248,4167491,4167491,36174,3.5815909380488162,3.5814803199335046,0.2459755097101034,literal-shorter-than-qgram
job_name_name,name.name,benchmarks/job/../../data/job/name__name.csv,job-csv,utf8,NaiveAutoWildcard,static,trigram,full-scan,prefix_z,Z%,0,4167491,60681846,60681846,4167491,4167491,0,0,0,1338257961,3192349665,2820,450,15020035,15020485,4167491,4167491,36174,3.604203344410342,3.6040953657728356,0.24752847828657026,literal-shorter-than-trigram
job_name_name,name.name,benchmarks/job/../../data/job/name__name.csv,job-csv,utf8,NaiveAutoWildcard,static,trigram,full-scan,prefix_z,Z%,1,4167491,60681846,60681846,4167491,4167491,0,0,0,1338257961,3192349665,2820,50,14631337,14631387,4167491,4167491,36174,3.5108382957515687,3.510826298125179,0.24111637935339014,literal-shorter-than-trigram
job_name_name,name.name,benchmarks/job/../../data/job/name__name.csv,job-csv,utf8,NaiveAutoWildcard,static,trigram,full-scan,prefix_z,Z%,2,4167491,60681846,60681846,4167491,4167491,0,0,0,1338257961,3192349665,2820,100,14626606,14626706,4167491,4167491,36174,3.5097150779689748,3.5096910827161953,0.24103923931384685,literal-shorter-than-trigram
job_name_name,name.name,benchmarks/job/../../data/job/name__name.csv,job-csv,utf8,NaiveAutoWildcard,static,trigram,full-scan,prefix_z,Z%,3,4167491,60681846,60681846,4167491,4167491,0,0,0,1338257961,3192349665,2820,100,14932468,14932568,4167491,4167491,36174,3.583107438024461,3.5830834427716822,0.24607965947509244,literal-shorter-than-trigram
job_name_name,name.name,benchmarks/job/../../data/job/name__name.csv,job-csv,utf8,NaiveAutoWildcard,static,trigram,full-scan,prefix_z,Z%,4,4167491,60681846,60681846,4167491,4167491,0,0,0,1338257961,3192349665,2820,110,14883625,14883735,4167491,4167491,36174,3.571389836234799,3.571363441456742,0.2452749212672271,literal-shorter-than-trigram
job_name_name,name.name,benchmarks/job/../../data/job/name__name.csv,job-csv,utf8,NaiveAutoWildcard,static,fm,fm,not_contains_yu,%Yu%,0,4167491,60681846,60681846,4167491,4167491,0,0,0,1338257961,62312623267,2440,414781,1374549,1789330,16079,16079,16079,0.4293542565538834,85.48721935443747,0.02948707262465285,
job_name_name,name.name,benchmarks/job/../../data/job/name__name.csv,job-csv,utf8,NaiveAutoWildcard,static,fm,fm,not_contains_yu,%Yu%,1,4167491,60681846,60681846,4167491,4167491,0,0,0,1338257961,62312623267,2440,347245,1198937,1546182,16079,16079,16079,0.37101027932633807,74.56539585795136,0.025480141128204965,
job_name_name,name.name,benchmarks/job/../../data/job/name__name.csv,job-csv,utf8,NaiveAutoWildcard,static,fm,fm,not_contains_yu,%Yu%,2,4167491,60681846,60681846,4167491,4167491,0,0,0,1338257961,62312623267,2440,310112,860643,1170755,16079,16079,16079,0.28092562167500784,53.52590335219852,0.01929333197938639,
job_name_name,name.name,benchmarks/job/../../data/job/name__name.csv,job-csv,utf8,NaiveAutoWildcard,static,fm,fm,not_contains_yu,%Yu%,3,4167491,60681846,60681846,4167491,4167491,0,0,0,1338257961,62312623267,2440,243508,551763,795271,16079,16079,16079,0.19082728672959343,34.315753467255426,0.013105583505155727,
job_name_name,name.name,benchmarks/job/../../data/job/name__name.csv,job-csv,utf8,NaiveAutoWildcard,static,fm,fm,not_contains_yu,%Yu%,4,4167491,60681846,60681846,4167491,4167491,0,0,0,1338257961,62312623267,2440,204834,417131,621965,16079,16079,16079,0.1492420739480901,25.942595932582872,0.010249605788195698,
job_name_name,name.name,benchmarks/job/../../data/job/name__name.csv,job-csv,utf8,NaiveAutoWildcard,static,full-scan,full-scan,not_contains_yu,%Yu%,0,4167491,60681846,60681846,4167491,4167491,0,0,0,1338257961,0,2440,470,69107700,69108170,4167491,4167473,16079,16.582680082572463,16.582567304884403,1.1388607063799607,
job_name_name,name.name,benchmarks/job/../../data/job/name__name.csv,job-csv,utf8,NaiveAutoWildcard,static,full-scan,full-scan,not_contains_yu,%Yu%,1,4167491,60681846,60681846,4167491,4167491,0,0,0,1338257961,0,2440,110,71256193,71256303,4167491,4167473,16079,17.098130025955665,17.098103631177608,1.1742606347209674,
job_name_name,name.name,benchmarks/job/../../data/job/name__name.csv,job-csv,utf8,NaiveAutoWildcard,static,full-scan,full-scan,not_contains_yu,%Yu%,2,4167491,60681846,60681846,4167491,4167491,0,0,0,1338257961,0,2440,130,71313758,71313888,4167491,4167473,16079,17.11194769226856,17.11191649843995,1.1752096005780708,
job_name_name,name.name,benchmarks/job/../../data/job/name__name.csv,job-csv,utf8,NaiveAutoWildcard,static,full-scan,full-scan,not_contains_yu,%Yu%,3,4167491,60681846,60681846,4167491,4167491,0,0,0,1338257961,0,2440,110,71127294,71127404,4167491,4167473,16079,17.067200385075818,17.06717399029776,1.172136457417594,
job_name_name,name.name,benchmarks/job/../../data/job/name__name.csv,job-csv,utf8,NaiveAutoWildcard,static,full-scan,full-scan,not_contains_yu,%Yu%,4,4167491,60681846,60681846,4167491,4167491,0,0,0,1338257961,0,2440,110,71141160,71141270,4167491,4167473,16079,17.07052756682618,17.07050117204812,1.1723649606836286,
job_name_name,name.name,benchmarks/job/../../data/job/name__name.csv,job-csv,utf8,NaiveAutoWildcard,static,prefix-btree,full-scan,not_contains_yu,%Yu%,0,4167491,60681846,60681846,4167491,4167491,0,0,0,1338257961,1584574030,2440,1490,70376508,70377998,4167491,4167473,16079,16.887378521033398,16.88702099176699,1.1597867012813026,no-indexable-prefix
job_name_name,name.name,benchmarks/job/../../data/job/name__name.csv,job-csv,utf8,NaiveAutoWildcard,static,prefix-btree,full-scan,not_contains_yu,%Yu%,1,4167491,60681846,60681846,4167491,4167491,0,0,0,1338257961,1584574030,2440,350,68428979,68429329,4167491,4167473,16079,16.41979046865368,16.419706485268954,1.1276738186244366,no-indexable-prefix
job_name_name,name.name,benchmarks/job/../../data/job/name__name.csv,job-csv,utf8,NaiveAutoWildcard,static,prefix-btree,full-scan,not_contains_yu,%Yu%,2,4167491,60681846,60681846,4167491,4167491,0,0,0,1338257961,1584574030,2440,750,68646793,68647543,4167491,4167473,16079,16.472151469553264,16.47197150515742,1.1312698529309737,no-indexable-prefix
job_name_name,name.name,benchmarks/job/../../data/job/name__name.csv,job-csv,utf8,NaiveAutoWildcard,static,prefix-btree,full-scan,not_contains_yu,%Yu%,3,4167491,60681846,60681846,4167491,4167491,0,0,0,1338257961,1584574030,2440,310,68403068,68403378,4167491,4167473,16079,16.413563460604955,16.413489075321337,1.1272461618916472,no-indexable-prefix
job_name_name,name.name,benchmarks/job/../../data/job/name__name.csv,job-csv,utf8,NaiveAutoWildcard,static,prefix-btree,full-scan,not_contains_yu,%Yu%,4,4167491,60681846,60681846,4167491,4167491,0,0,0,1338257961,1584574030,2440,390,69469197,69469587,4167491,4167473,16079,16.66940300530943,16.66930942382359,1.1448166392301249,no-indexable-prefix
job_name_name,name.name,benchmarks/job/../../data/job/name__name.csv,job-csv,utf8,NaiveAutoWildcard,static,qgram,full-scan,not_contains_yu,%Yu%,0,4167491,60681846,60681846,4167491,4167491,0,0,0,1338257961,588757039,2440,460,68114954,68115414,4167491,4167473,16079,16.344465770891887,16.344355392729103,1.122500689909796,literal-shorter-than-qgram
job_name_name,name.name,benchmarks/job/../../data/job/name__name.csv,job-csv,utf8,NaiveAutoWildcard,static,qgram,full-scan,not_contains_yu,%Yu%,1,4167491,60681846,60681846,4167491,4167491,0,0,0,1338257961,588757039,2440,120,68082899,68083019,4167491,4167473,16079,16.33669250875407,16.336663714450733,1.1219668399672613,literal-shorter-than-qgram
job_name_name,name.name,benchmarks/job/../../data/job/name__name.csv,job-csv,utf8,NaiveAutoWildcard,static,qgram,full-scan,not_contains_yu,%Yu%,2,4167491,60681846,60681846,4167491,4167491,0,0,0,1338257961,588757039,2440,100,69184007,69184107,4167491,4167473,16079,16.600901357675397,16.60087736242262,1.140112102060969,literal-shorter-than-qgram
job_name_name,name.name,benchmarks/job/../../data/job/name__name.csv,job-csv,utf8,NaiveAutoWildcard,static,qgram,full-scan,not_contains_yu,%Yu%,3,4167491,60681846,60681846,4167491,4167491,0,0,0,1338257961,588757039,2440,120,68370767,68370887,4167491,4167473,16079,16.405767163024468,16.40573836872113,1.1267107299273658,literal-shorter-than-qgram
job_name_name,name.name,benchmarks/job/../../data/job/name__name.csv,job-csv,utf8,NaiveAutoWildcard,static,qgram,full-scan,not_contains_yu,%Yu%,4,4167491,60681846,60681846,4167491,4167491,0,0,0,1338257961,588757039,2440,120,69603000,69603120,4167491,4167473,16079,16.701444586203067,16.70141579189973,1.1470171820415616,literal-shorter-than-qgram
job_name_name,name.name,benchmarks/job/../../data/job/name__name.csv,job-csv,utf8,NaiveAutoWildcard,static,trigram,full-scan,not_contains_yu,%Yu%,0,4167491,60681846,60681846,4167491,4167491,0,0,0,1338257961,3192349665,2440,670,69684374,69685044,4167491,4167473,16079,16.721102457089888,16.720941688896268,1.148367239849625,literal-shorter-than-trigram
job_name_name,name.name,benchmarks/job/../../data/job/name__name.csv,job-csv,utf8,NaiveAutoWildcard,static,trigram,full-scan,not_contains_yu,%Yu%,1,4167491,60681846,60681846,4167491,4167491,0,0,0,1338257961,3192349665,2440,120,69659964,69660084,4167491,4167473,16079,16.715113241996203,16.715084447692867,1.147955914195491,literal-shorter-than-trigram
job_name_name,name.name,benchmarks/job/../../data/job/name__name.csv,job-csv,utf8,NaiveAutoWildcard,static,trigram,full-scan,not_contains_yu,%Yu%,2,4167491,60681846,60681846,4167491,4167491,0,0,0,1338257961,3192349665,2440,110,70227095,70227205,4167491,4167473,16079,16.851195359510076,16.851168964732018,1.1573017241433294,literal-shorter-than-trigram
job_name_name,name.name,benchmarks/job/../../data/job/name__name.csv,job-csv,utf8,NaiveAutoWildcard,static,trigram,full-scan,not_contains_yu,%Yu%,3,4167491,60681846,60681846,4167491,4167491,0,0,0,1338257961,3192349665,2440,110,70133589,70133699,4167491,4167473,16079,16.828758358446365,16.828731963668307,1.1557608020032877,literal-shorter-than-trigram
job_name_name,name.name,benchmarks/job/../../data/job/name__name.csv,job-csv,utf8,NaiveAutoWildcard,static,trigram,full-scan,not_contains_yu,%Yu%,4,4167491,60681846,60681846,4167491,4167491,0,0,0,1338257961,3192349665,2440,110,69929308,69929418,4167491,4167473,16079,16.77974061611651,16.779714221338452,1.1523943750821293,literal-shorter-than-trigram
job_name_name,name.name,benchmarks/job/../../data/job/name__name.csv,job-csv,utf8,PairHorspool,static,fm,fm,contains_an,%An%,0,4167491,60681846,60681846,4167491,4167491,0,0,0,1338257961,62312623267,3000,3399861,10969461,14369322,163621,163621,163621,3.447955136555784,67.04188948851309,0.23679770717588255,
job_name_name,name.name,benchmarks/job/../../data/job/name__name.csv,job-csv,utf8,PairHorspool,static,fm,fm,contains_an,%An%,1,4167491,60681846,60681846,4167491,4167491,0,0,0,1338257961,62312623267,3000,3208975,12115033,15324008,163621,163621,163621,3.6770344555033234,74.04326461762243,0.252530353147134,
job_name_name,name.name,benchmarks/job/../../data/job/name__name.csv,job-csv,utf8,PairHorspool,static,fm,fm,contains_an,%An%,2,4167491,60681846,60681846,4167491,4167491,0,0,0,1338257961,62312623267,3000,3169575,10730406,13899981,163621,163621,163621,3.335335577209405,65.58086064747191,0.22906325229459895,
job_name_name,name.name,benchmarks/job/../../data/job/name__name.csv,job-csv,utf8,PairHorspool,static,fm,fm,contains_an,%An%,3,4167491,60681846,60681846,4167491,4167491,0,0,0,1338257961,62312623267,3000,3612369,10622076,14234445,163621,163621,163621,3.4155910594647954,64.91878181895967,0.23457501605999265,
job_name_name,name.name,benchmarks/job/../../data/job/name__name.csv,job-csv,utf8,PairHorspool,static,fm,fm,contains_an,%An%,4,4167491,60681846,60681846,4167491,4167491,0,0,0,1338257961,62312623267,3000,3581179,10786325,14367504,163621,163621,163621,3.447518902860258,65.92261995709597,0.236767747639055,
job_name_name,name.name,benchmarks/job/../../data/job/name__name.csv,job-csv,utf8,PairHorspool,static,full-scan,full-scan,contains_an,%An%,0,4167491,60681846,60681846,4167491,4167491,0,0,0,1338257961,0,3000,470,58731732,58732202,4167491,4167473,163621,14.09294033268458,14.09282755499652,0.9678710499347696,
job_name_name,name.name,benchmarks/job/../../data/job/name__name.csv,job-csv,utf8,PairHorspool,static,full-scan,full-scan,contains_an,%An%,1,4167491,60681846,60681846,4167491,4167491,0,0,0,1338257961,0,3000,110,58995457,58995567,4167491,4167473,163621,14.156135430166495,14.15610903538844,0.97221114532343,
job_name_name,name.name,benchmarks/job/../../data/job/name__name.csv,job-csv,utf8,PairHorspool,static,full-scan,full-scan,contains_an,%An%,2,4167491,60681846,60681846,4167491,4167491,0,0,0,1338257961,0,3000,110,58440337,58440447,4167491,4167473,163621,14.022932982938656,14.022906588160598,0.9630631045733183,
job_name_name,name.name,benchmarks/job/../../data/job/name__name.csv,job-csv,utf8,PairHorspool,static,full-scan,full-scan,contains_an,%An%,3,4167491,60681846,60681846,4167491,4167491,0,0,0,1338257961,0,3000,110,59555497,59555607,4167491,4167473,163621,14.290518443831072,14.290492049053015,0.9814402646880585,
job_name_name,name.name,benchmarks/job/../../data/job/name__name.csv,job-csv,utf8,PairHorspool,static,full-scan,full-scan,contains_an,%An%,4,4167491,60681846,60681846,4167491,4167491,0,0,0,1338257961,0,3000,140,58860551,58860691,4167491,4167473,163621,14.123771593028035,14.123737999674145,0.9699884706869333,
job_name_name,name.name,benchmarks/job/../../data/job/name__name.csv,job-csv,utf8,PairHorspool,static,prefix-btree,full-scan,contains_an,%An%,0,4167491,60681846,60681846,4167491,4167491,0,0,0,1338257961,1584574030,3000,1600,57886246,57887846,4167491,4167473,163621,13.890334976128322,13.889951052083855,0.9539565754146636,no-indexable-prefix
job_name_name,name.name,benchmarks/job/../../data/job/name__name.csv,job-csv,utf8,PairHorspool,static,prefix-btree,full-scan,contains_an,%An%,1,4167491,60681846,60681846,4167491,4167491,0,0,0,1338257961,1584574030,3000,420,63550631,63551051,4167491,4167473,163621,15.249235331282058,15.249134551220386,1.0472827573505261,no-indexable-prefix
job_name_name,name.name,benchmarks/job/../../data/job/name__name.csv,job-csv,utf8,PairHorspool,static,prefix-btree,full-scan,contains_an,%An%,2,4167491,60681846,60681846,4167491,4167491,0,0,0,1338257961,1584574030,3000,590,73143756,73144346,4167491,4167473,163621,17.55117071638547,17.55102914439407,1.2053744376860256,no-indexable-prefix
job_name_name,name.name,benchmarks/job/../../data/job/name__name.csv,job-csv,utf8,PairHorspool,static,prefix-btree,full-scan,contains_an,%An%,3,4167491,60681846,60681846,4167491,4167491,0,0,0,1338257961,1584574030,3000,300,59467269,59467569,4167491,4167473,163621,14.26939350318933,14.269321517430992,0.9799894518700041,no-indexable-prefix
job_name_name,name.name,benchmarks/job/../../data/job/name__name.csv,job-csv,utf8,PairHorspool,static,prefix-btree,full-scan,contains_an,%An%,4,4167491,60681846,60681846,4167491,4167491,0,0,0,1338257961,1584574030,3000,480,59821037,59821517,4167491,4167473,163621,14.354324220496217,14.354209043282877,0.9858223001323987,no-indexable-prefix
job_name_name,name.name,benchmarks/job/../../data/job/name__name.csv,job-csv,utf8,PairHorspool,static,qgram,full-scan,contains_an,%An%,0,4167491,60681846,60681846,4167491,4167491,0,0,0,1338257961,588757039,3000,490,57769738,57770228,4167491,4167473,163621,13.862112239714495,13.861994662975876,0.9520183021459169,literal-shorter-than-qgram
job_name_name,name.name,benchmarks/job/../../data/job/name__name.csv,job-csv,utf8,PairHorspool,static,qgram,full-scan,contains_an,%An%,1,4167491,60681846,60681846,4167491,4167491,0,0,0,1338257961,588757039,3000,110,58362421,58362531,4167491,4167473,163621,14.004236841783221,14.004210447005164,0.9617790961731784,literal-shorter-than-qgram
job_name_name,name.name,benchmarks/job/../../data/job/name__name.csv,job-csv,utf8,PairHorspool,static,qgram,full-scan,contains_an,%An%,2,4167491,60681846,60681846,4167491,4167491,0,0,0,1338257961,588757039,3000,110,58428689,58428799,4167491,4167473,163621,14.020138015894934,14.020111621116879,0.9628711526013892,literal-shorter-than-qgram
job_name_name,name.name,benchmarks/job/../../data/job/name__name.csv,job-csv,utf8,PairHorspool,static,qgram,full-scan,contains_an,%An%,3,4167491,60681846,60681846,4167491,4167491,0,0,0,1338257961,588757039,3000,180,58211282,58211462,4167491,4167473,163621,13.967987453362227,13.967944261907224,0.9592895707226837,literal-shorter-than-qgram
job_name_name,name.name,benchmarks/job/../../data/job/name__name.csv,job-csv,utf8,PairHorspool,static,qgram,full-scan,contains_an,%An%,4,4167491,60681846,60681846,4167491,4167491,0,0,0,1338257961,588757039,3000,110,63709492,63709602,4167491,4167473,163621,15.287280044515994,15.287253649737936,1.049895581620902,literal-shorter-than-qgram
job_name_name,name.name,benchmarks/job/../../data/job/name__name.csv,job-csv,utf8,PairHorspool,static,trigram,full-scan,contains_an,%An%,0,4167491,60681846,60681846,4167491,4167491,0,0,0,1338257961,3192349665,3000,640,59203486,59204126,4167491,4167473,163621,14.206179689410247,14.20602611979246,0.9756480710886746,literal-shorter-than-trigram
job_name_name,name.name,benchmarks/job/../../data/job/name__name.csv,job-csv,utf8,PairHorspool,static,trigram,full-scan,contains_an,%An%,1,4167491,60681846,60681846,4167491,4167491,0,0,0,1338257961,3192349665,3000,110,59168645,59168755,4167491,4167473,163621,14.197692328549719,14.197665933771663,0.9750651784719931,literal-shorter-than-trigram
job_name_name,name.name,benchmarks/job/../../data/job/name__name.csv,job-csv,utf8,PairHorspool,static,trigram,full-scan,contains_an,%An%,2,4167491,60681846,60681846,4167491,4167491,0,0,0,1338257961,3192349665,3000,110,60263961,60264071,4167491,4167473,163621,14.460516171480634,14.460489776702577,0.9931153215081822,literal-shorter-than-trigram
job_name_name,name.name,benchmarks/job/../../data/job/name__name.csv,job-csv,utf8,PairHorspool,static,trigram,full-scan,contains_an,%An%,3,4167491,60681846,60681846,4167491,4167491,0,0,0,1338257961,3192349665,3000,110,59918493,59918603,4167491,4167473,163621,14.377620251609422,14.377593856831364,0.9874222185000766,literal-shorter-than-trigram
job_name_name,name.name,benchmarks/job/../../data/job/name__name.csv,job-csv,utf8,PairHorspool,static,trigram,full-scan,contains_an,%An%,4,4167491,60681846,60681846,4167491,4167491,0,0,0,1338257961,3192349665,3000,110,58602178,58602288,4167491,4167473,163621,14.061767139989024,14.061740745210967,0.9657301460473038,literal-shorter-than-trigram
job_name_name,name.name,benchmarks/job/../../data/job/name__name.csv,job-csv,utf8,PairHorspool,static,fm,fm,contains_ang,%Ang%,0,4167491,60681846,60681846,4167491,4167491,0,0,0,1338257961,62312623267,2789,330541,1304394,1634935,15803,15803,15803,0.3923067860254527,82.54090995380623,0.026942736712393358,
job_name_name,name.name,benchmarks/job/../../data/job/name__name.csv,job-csv,utf8,PairHorspool,static,fm,fm,contains_ang,%Ang%,1,4167491,60681846,60681846,4167491,4167491,0,0,0,1338257961,62312623267,2789,310342,1210200,1520542,15803,15803,15803,0.3648578965137537,76.5803961273176,0.025057609486698874,
job_name_name,name.name,benchmarks/job/../../data/job/name__name.csv,job-csv,utf8,PairHorspool,static,fm,fm,contains_ang,%Ang%,2,4167491,60681846,60681846,4167491,4167491,0,0,0,1338257961,62312623267,2789,281104,1071208,1352312,15803,15803,15803,0.3244906827633221,67.78510409415934,0.02228528116959395,
job_name_name,name.name,benchmarks/job/../../data/job/name__name.csv,job-csv,utf8,PairHorspool,static,fm,fm,contains_ang,%Ang%,3,4167491,60681846,60681846,4167491,4167491,0,0,0,1338257961,62312623267,2789,316551,756357,1072908,15803,15803,15803,0.25744698668815363,47.8616085553376,0.01768087279348753,
job_name_name,name.name,benchmarks/job/../../data/job/name__name.csv,job-csv,utf8,PairHorspool,static,fm,fm,contains_ang,%Ang%,4,4167491,60681846,60681846,4167491,4167491,0,0,0,1338257961,62312623267,2789,222398,469362,691760,15803,15803,15803,0.16598956062532588,29.7008163007024,0.011399785036203414,
job_name_name,name.name,benchmarks/job/../../data/job/name__name.csv,job-csv,utf8,PairHorspool,static,full-scan,full-scan,contains_ang,%Ang%,0,4167491,60681846,60681846,4167491,4167491,0,0,0,1338257961,0,2789,800,62850784,62851584,4167491,4167235,15803,15.081396456525042,15.081204494502808,1.0357559656309732,
job_name_name,name.name,benchmarks/job/../../data/job/name__name.csv,job-csv,utf8,PairHorspool,static,full-scan,full-scan,contains_ang,%Ang%,1,4167491,60681846,60681846,4167491,4167491,0,0,0,1338257961,0,2789,110,61850102,61850212,4167491,4167235,15803,14.841114713865009,14.841088319086952,1.019253962709045,
job_name_name,name.name,benchmarks/job/../../data/job/name__name.csv,job-csv,utf8,PairHorspool,static,full-scan,full-scan,contains_ang,%Ang%,2,4167491,60681846,60681846,4167491,4167491,0,0,0,1338257961,0,2789,110,62961963,62962073,4167491,4167235,15803,15.10790857136824,15.107882176590183,1.0375767573056363,
job_name_name,name.name,benchmarks/job/../../data/job/name__name.csv,job-csv,utf8,PairHorspool,static,full-scan,full-scan,contains_ang,%Ang%,3,4167491,60681846,60681846,4167491,4167491,0,0,0,1338257961,0,2789,280,63761788,63762068,4167491,4167235,15803,15.299869393839122,15.299802207131341,1.0507601894642427,
job_name_name,name.name,benchmarks/job/../../data/job/name__name.csv,job-csv,utf8,PairHorspool,static,full-scan,full-scan,contains_ang,%Ang%,4,4167491,60681846,60681846,4167491,4167491,0,0,0,1338257961,0,2789,110,62503907,62504017,4167491,4167235,15803,14.997996876297993,14.997970481519936,1.0300282723765524,
job_name_name,name.name,benchmarks/job/../../data/job/name__name.csv,job-csv,utf8,PairHorspool,static,prefix-btree,full-scan,contains_ang,%Ang%,0,4167491,60681846,60681846,4167491,4167491,0,0,0,1338257961,1584574030,2789,1290,63587687,63588977,4167491,4167235,15803,15.258335770851096,15.258026232090243,1.0479077548168194,no-indexable-prefix
job_name_name,name.name,benchmarks/job/../../data/job/name__name.csv,job-csv,utf8,PairHorspool,static,prefix-btree,full-scan,contains_ang,%Ang%,1,4167491,60681846,60681846,4167491,4167491,0,0,0,1338257961,1584574030,2789,500,62313013,62313513,4167491,4167235,15803,14.952284959943524,14.952164983679628,1.0268888820554338,no-indexable-prefix
job_name_name,name.name,benchmarks/job/../../data/job/name__name.csv,job-csv,utf8,PairHorspool,static,prefix-btree,full-scan,contains_ang,%Ang%,2,4167491,60681846,60681846,4167491,4167491,0,0,0,1338257961,1584574030,2789,470,62278361,62278831,4167491,4167235,15803,14.943962926374645,14.943850148686584,1.0263173437406634,no-indexable-prefix
job_name_name,name.name,benchmarks/job/../../data/job/name__name.csv,job-csv,utf8,PairHorspool,static,prefix-btree,full-scan,contains_ang,%Ang%,3,4167491,60681846,60681846,4167491,4167491,0,0,0,1338257961,1584574030,2789,1000,62896749,62897749,4167491,4167235,15803,15.092473864970554,15.092233912442762,1.0365167368177957,no-indexable-prefix
job_name_name,name.name,benchmarks/job/../../data/job/name__name.csv,job-csv,utf8,PairHorspool,static,prefix-btree,full-scan,contains_ang,%Ang%,4,4167491,60681846,60681846,4167491,4167491,0,0,0,1338257961,1584574030,2789,440,62782332,62782772,4167491,4167235,15803,15.064884843182625,15.064779264070395,1.0346219856264756,no-indexable-prefix
job_name_name,name.name,benchmarks/job/../../data/job/name__name.csv,job-csv,utf8,PairHorspool,static,qgram,full-scan,contains_ang,%Ang%,0,4167491,60681846,60681846,4167491,4167491,0,0,0,1338257961,588757039,2789,420,63427119,63427539,4167491,4167235,15803,15.219598314669426,15.219497534607752,1.0452473545382914,literal-shorter-than-qgram
job_name_name,name.name,benchmarks/job/../../data/job/name__name.csv,job-csv,utf8,PairHorspool,static,qgram,full-scan,contains_ang,%Ang%,1,4167491,60681846,60681846,4167491,4167491,0,0,0,1338257961,588757039,2789,110,63696793,63696903,4167491,4167235,15803,15.284232887365564,15.284206492587506,1.0496863098067253,literal-shorter-than-qgram
job_name_name,name.name,benchmarks/job/../../data/job/name__name.csv,job-csv,utf8,PairHorspool,static,qgram,full-scan,contains_ang,%Ang%,2,4167491,60681846,60681846,4167491,4167491,0,0,0,1338257961,588757039,2789,120,63590192,63590312,4167491,4167235,15803,15.258656107475698,15.258627313172362,1.0479297548067341,literal-shorter-than-qgram
job_name_name,name.name,benchmarks/job/../../data/job/name__name.csv,job-csv,utf8,PairHorspool,static,qgram,full-scan,contains_ang,%Ang%,3,4167491,60681846,60681846,4167491,4167491,0,0,0,1338257961,588757039,2789,110,62506181,62506291,4167491,4167235,15803,14.998542528346192,14.998516133568135,1.0300657465166765,literal-shorter-than-qgram
job_name_name,name.name,benchmarks/job/../../data/job/name__name.csv,job-csv,utf8,PairHorspool,static,qgram,full-scan,contains_ang,%Ang%,4,4167491,60681846,60681846,4167491,4167491,0,0,0,1338257961,588757039,2789,110,62105945,62106055,4167491,4167235,15803,14.902504888432873,14.902478493654815,1.0234701001020965,literal-shorter-than-qgram
job_name_name,name.name,benchmarks/job/../../data/job/name__name.csv,job-csv,utf8,PairHorspool,static,trigram,trigram,contains_ang,%Ang%,0,4167491,60681846,60681846,4167491,4167491,0,0,0,1338257961,3192349665,2789,7889,588242,596131,15803,15803,15803,0.14304314034511412,37.22343858760995,0.009823877144409878,
job_name_name,name.name,benchmarks/job/../../data/job/name__name.csv,job-csv,utf8,PairHorspool,static,trigram,trigram,contains_ang,%Ang%,1,4167491,60681846,60681846,4167491,4167491,0,0,0,1338257961,3192349665,2789,4510,419414,423924,15803,15803,15803,0.10172163539165412,26.540150604315635,0.006986010280570568,
job_name_name,name.name,benchmarks/job/../../data/job/name__name.csv,job-csv,utf8,PairHorspool,static,trigram,trigram,contains_ang,%Ang%,2,4167491,60681846,60681846,4167491,4167491,0,0,0,1338257961,3192349665,2789,4599,444542,449141,15803,15803,15803,0.1077725182849825,28.130228437638422,0.007401571138755403,
job_name_name,name.name,benchmarks/job/../../data/job/name__name.csv,job-csv,utf8,PairHorspool,static,trigram,trigram,contains_ang,%Ang%,3,4167491,60681846,60681846,4167491,4167491,0,0,0,1338257961,3192349665,2789,4440,397877,402317,15803,15803,15803,0.0965369811236545,25.17730810605581,0.006629940031817753,
job_name_name,name.name,benchmarks/job/../../data/job/name__name.csv,job-csv,utf8,PairHorspool,static,trigram,trigram,contains_ang,%Ang%,4,4167491,60681846,60681846,4167491,4167491,0,0,0,1338257961,3192349665,2789,4290,393198,397488,15803,15803,15803,0.0953782503669474,24.88122508384484,0.0065503610420816795,
job_name_name,name.name,benchmarks/job/../../data/job/name__name.csv,job-csv,utf8,PairHorspool,static,fm,fm,contains_angel,%Angel%,0,4167491,60681846,60681846,4167491,4167491,0,0,0,1338257961,62312623267,2180,164348,305030,469378,12221,12221,12221,0.11262843758990722,24.95949594959496,0.0077350646188318,
job_name_name,name.name,benchmarks/job/../../data/job/name__name.csv,job-csv,utf8,PairHorspool,static,fm,fm,contains_angel,%Angel%,1,4167491,60681846,60681846,4167491,4167491,0,0,0,1338257961,62312623267,2180,142141,308199,450340,12221,12221,12221,0.108060221365805,25.218803698551675,0.007421329931195567,
job_name_name,name.name,benchmarks/job/../../data/job/name__name.csv,job-csv,utf8,PairHorspool,static,fm,fm,contains_angel,%Angel%,2,4167491,60681846,60681846,4167491,4167491,0,0,0,1338257961,62312623267,2180,139552,293961,433513,12221,12221,12221,0.10402254018065066,24.05375992144669,0.007144031181912297,
job_name_name,name.name,benchmarks/job/../../data/job/name__name.csv,job-csv,utf8,PairHorspool,static,fm,fm,contains_angel,%Angel%,3,4167491,60681846,60681846,4167491,4167491,0,0,0,1338257961,62312623267,2180,137242,293881,431123,12221,12221,12221,0.10344905363922802,24.04721381229032,0.007104645432177524,
job_name_name,name.name,benchmarks/job/../../data/job/name__name.csv,job-csv,utf8,PairHorspool,static,fm,fm,contains_angel,%Angel%,4,4167491,60681846,60681846,4167491,4167491,0,0,0,1338257961,62312623267,2180,135532,295561,431093,12221,12221,12221,0.10344185506339426,24.184682104574094,0.0071041510503816905,
job_name_name,name.name,benchmarks/job/../../data/job/name__name.csv,job-csv,utf8,PairHorspool,static,full-scan,full-scan,contains_angel,%Angel%,0,4167491,60681846,60681846,4167491,4167491,0,0,0,1338257961,0,2180,490,48004480,48004970,4167491,4153604,12221,11.518913898074405,11.518796321335786,0.7910927759185177,
job_name_name,name.name,benchmarks/job/../../data/job/name__name.csv,job-csv,utf8,PairHorspool,static,full-scan,full-scan,contains_angel,%Angel%,1,4167491,60681846,60681846,4167491,4167491,0,0,0,1338257961,0,2180,120,47062586,47062706,4167491,4153604,12221,11.292815269427097,11.292786475123762,0.7755648369695279,
job_name_name,name.name,benchmarks/job/../../data/job/name__name.csv,job-csv,utf8,PairHorspool,static,full-scan,full-scan,contains_angel,%Angel%,2,4167491,60681846,60681846,4167491,4167491,0,0,0,1338257961,0,2180,100,46300457,46300557,4167491,4153604,12221,11.109935690323027,11.109911695070247,0.7630050839257593,
job_name_name,name.name,benchmarks/job/../../data/job/name__name.csv,job-csv,utf8,PairHorspool,static,full-scan,full-scan,contains_angel,%Angel%,3,4167491,60681846,60681846,4167491,4167491,0,0,0,1338257961,0,2180,120,45888860,45888980,4167491,4153604,12221,11.01117674879202,11.011147954488685,0.7562225447129608,
job_name_name,name.name,benchmarks/job/../../data/job/name__name.csv,job-csv,utf8,PairHorspool,static,full-scan,full-scan,contains_angel,%Angel%,4,4167491,60681846,60681846,4167491,4167491,0,0,0,1338257961,0,2180,320,46053959,46054279,4167491,4153604,12221,11.050840661683493,11.0507638768746,0.7589465719286127,
job_name_name,name.name,benchmarks/job/../../data/job/name__name.csv,job-csv,utf8,PairHorspool,static,prefix-btree,full-scan,contains_angel,%Angel%,0,4167491,60681846,60681846,4167491,4167491,0,0,0,1338257961,1584574030,2180,730,45889471,45890201,4167491,4153604,12221,11.011469730828454,11.011294565483166,0.7562426660520513,no-indexable-prefix
job_name_name,name.name,benchmarks/job/../../data/job/name__name.csv,job-csv,utf8,PairHorspool,static,prefix-btree,full-scan,contains_angel,%Angel%,1,4167491,60681846,60681846,4167491,4167491,0,0,0,1338257961,1584574030,2180,460,46201917,46202377,4167491,4153604,12221,11.086377151144418,11.086266772981633,0.7613871371019266,no-indexable-prefix
job_name_name,name.name,benchmarks/job/../../data/job/name__name.csv,job-csv,utf8,PairHorspool,static,prefix-btree,full-scan,contains_angel,%Angel%,2,4167491,60681846,60681846,4167491,4167491,0,0,0,1338257961,1584574030,2180,420,46242855,46243275,4167491,4153604,12221,11.09619072962605,11.096089949564378,0.7620611113247939,no-indexable-prefix
job_name_name,name.name,benchmarks/job/../../data/job/name__name.csv,job-csv,utf8,PairHorspool,static,prefix-btree,full-scan,contains_angel,%Angel%,3,4167491,60681846,60681846,4167491,4167491,0,0,0,1338257961,1584574030,2180,410,46346039,46346449,4167491,4153604,12221,11.120947591728452,11.120849211192057,0.7637613562382397,no-indexable-prefix
job_name_name,name.name,benchmarks/job/../../data/job/name__name.csv,job-csv,utf8,PairHorspool,static,prefix-btree,full-scan,contains_angel,%Angel%,4,4167491,60681846,60681846,4167491,4167491,0,0,0,1338257961,1584574030,2180,720,46678146,46678866,4167491,4153604,12221,11.200711891159454,11.200539125339443,0.7692393866857643,no-indexable-prefix
job_name_name,name.name,benchmarks/job/../../data/job/name__name.csv,job-csv,utf8,PairHorspool,static,qgram,full-scan,contains_angel,%Angel%,0,4167491,60681846,60681846,4167491,4167491,0,0,0,1338257961,588757039,2180,750,46269482,46270232,4167491,4153604,12221,11.102659129917738,11.102479165521894,0.7625053463271371,literal-shorter-than-qgram
job_name_name,name.name,benchmarks/job/../../data/job/name__name.csv,job-csv,utf8,PairHorspool,static,qgram,full-scan,contains_angel,%Angel%,1,4167491,60681846,60681846,4167491,4167491,0,0,0,1338257961,588757039,2180,340,47607312,47607652,4167491,4153604,12221,11.423576439637182,11.423494855777733,0.7845452163732791,literal-shorter-than-qgram
job_name_name,name.name,benchmarks/job/../../data/job/name__name.csv,job-csv,utf8,PairHorspool,static,qgram,full-scan,contains_angel,%Angel%,2,4167491,60681846,60681846,4167491,4167491,0,0,0,1338257961,588757039,2180,110,46497326,46497436,4167491,4153604,12221,11.157177304042168,11.15715090926411,0.7662495303784924,literal-shorter-than-qgram
job_name_name,name.name,benchmarks/job/../../data/job/name__name.csv,job-csv,utf8,PairHorspool,static,qgram,full-scan,contains_angel,%Angel%,3,4167491,60681846,60681846,4167491,4167491,0,0,0,1338257961,588757039,2180,110,46516126,46516236,4167491,4153604,12221,11.161688411564656,11.161662016786599,0.7665593429705484,literal-shorter-than-qgram
job_name_name,name.name,benchmarks/job/../../data/job/name__name.csv,job-csv,utf8,PairHorspool,static,qgram,full-scan,contains_angel,%Angel%,4,4167491,60681846,60681846,4167491,4167491,0,0,0,1338257961,588757039,2180,190,46623774,46623964,4167491,4153604,12221,11.187538017478621,11.187492426498341,0.7683346350406017,literal-shorter-than-qgram
job_name_name,name.name,benchmarks/job/../../data/job/name__name.csv,job-csv,utf8,PairHorspool,static,trigram,trigram,contains_angel,%Angel%,0,4167491,60681846,60681846,4167491,4167491,0,0,0,1338257961,3192349665,2180,152507,331372,483879,12227,12227,12221,0.11610798919541758,27.101660260080152,0.007974032299544744,
job_name_name,name.name,benchmarks/job/../../data/job/name__name.csv,job-csv,utf8,PairHorspool,static,trigram,trigram,contains_angel,%Angel%,1,4167491,60681846,60681846,4167491,4167491,0,0,0,1338257961,3192349665,2180,168386,307873,476259,12227,12227,12221,0.11427955093364328,25.179766091436985,0.007848459323402918,
job_name_name,name.name,benchmarks/job/../../data/job/name__name.csv,job-csv,utf8,PairHorspool,static,trigram,trigram,contains_angel,%Angel%,2,4167491,60681846,60681846,4167491,4167491,0,0,0,1338257961,3192349665,2180,151167,316333,467500,12227,12227,12221,0.11217780674271402,25.871677435184427,0.0077041163184125945,
job_name_name,name.name,benchmarks/job/../../data/job/name__name.csv,job-csv,utf8,PairHorspool,static,trigram,trigram,contains_angel,%Angel%,3,4167491,60681846,60681846,4167491,4167491,0,0,0,1338257961,3192349665,2180,151726,308473,460199,12227,12227,12221,0.11042591333730535,25.228837817943894,0.007583800268699802,
job_name_name,name.name,benchmarks/job/../../data/job/name__name.csv,job-csv,utf8,PairHorspool,static,trigram,trigram,contains_angel,%Angel%,4,4167491,60681846,60681846,4167491,4167491,0,0,0,1338257961,3192349665,2180,150717,306553,457270,12227,12227,12221,0.10972309238340287,25.07180829312178,0.007535532126033213,
job_name_name,name.name,benchmarks/job/../../data/job/name__name.csv,job-csv,utf8,PairHorspool,static,fm,fm,contains_b,%B%,0,4167491,60681846,60681846,4167491,4167491,0,0,0,1338257961,62312623267,2500,11441012,9067174,20508186,536716,536716,536716,4.920991071126489,16.89380230885608,0.3379624607992315,
job_name_name,name.name,benchmarks/job/../../data/job/name__name.csv,job-csv,utf8,PairHorspool,static,fm,fm,contains_b,%B%,1,4167491,60681846,60681846,4167491,4167491,0,0,0,1338257961,62312623267,2500,11826141,9504545,21330686,536716,536716,536716,5.118352025235327,17.708704417233694,0.3515167617016793,
job_name_name,name.name,benchmarks/job/../../data/job/name__name.csv,job-csv,utf8,PairHorspool,static,fm,fm,contains_b,%B%,2,4167491,60681846,60681846,4167491,4167491,0,0,0,1338257961,62312623267,2500,12034881,9964458,21999339,536716,536716,536716,5.278797002800966,18.56560639146215,0.3625357573993382,
job_name_name,name.name,benchmarks/job/../../data/job/name__name.csv,job-csv,utf8,PairHorspool,static,fm,fm,contains_b,%B%,3,4167491,60681846,60681846,4167491,4167491,0,0,0,1338257961,62312623267,2500,11197790,9567810,20765600,536716,536716,536716,4.982758211115513,17.826578674755364,0.34220448731899156,
job_name_name,name.name,benchmarks/job/../../data/job/name__name.csv,job-csv,utf8,PairHorspool,static,fm,fm,contains_b,%B%,4,4167491,60681846,60681846,4167491,4167491,0,0,0,1338257961,62312623267,2500,12468719,10324727,22793446,536716,536716,536716,5.46934498478821,19.236853382421987,0.37562215889081557,
job_name_name,name.name,benchmarks/job/../../data/job/name__name.csv,job-csv,utf8,PairHorspool,static,full-scan,full-scan,contains_b,%B%,0,4167491,60681846,60681846,4167491,4167491,0,0,0,1338257961,0,2500,490,28909121,28909611,4167491,4167491,536716,6.936934236930566,6.936816660191948,0.4764128467680433,
job_name_name,name.name,benchmarks/job/../../data/job/name__name.csv,job-csv,utf8,PairHorspool,static,full-scan,full-scan,contains_b,%B%,1,4167491,60681846,60681846,4167491,4167491,0,0,0,1338257961,0,2500,120,28704783,28704903,4167491,4167491,536716,6.887814034871341,6.8877852405680065,0.47303938314599064,
job_name_name,name.name,benchmarks/job/../../data/job/name__name.csv,job-csv,utf8,PairHorspool,static,full-scan,full-scan,contains_b,%B%,2,4167491,60681846,60681846,4167491,4167491,0,0,0,1338257961,0,2500,120,29207885,29208005,4167491,4167491,536716,7.008534631508502,7.008505837205167,0.4813301988209126,
job_name_name,name.name,benchmarks/job/../../data/job/name__name.csv,job-csv,utf8,PairHorspool,static,full-scan,full-scan,contains_b,%B%,3,4167491,60681846,60681846,4167491,4167491,0,0,0,1338257961,0,2500,110,29232194,29232304,4167491,4167491,536716,7.014365237981318,7.0143388432032605,0.48173063159614493,
job_name_name,name.name,benchmarks/job/../../data/job/name__name.csv,job-csv,utf8,PairHorspool,static,full-scan,full-scan,contains_b,%B%,4,4167491,60681846,60681846,4167491,4167491,0,0,0,1338257961,0,2500,110,30556269,30556379,4167491,4167491,536716,7.33208038121738,7.332053986439323,0.5035505841401068,
job_name_name,name.name,benchmarks/job/../../data/job/name__name.csv,job-csv,utf8,PairHorspool,static,prefix-btree,full-scan,contains_b,%B%,0,4167491,60681846,60681846,4167491,4167491,0,0,0,1338257961,1584574030,2500,1530,28894553,28896083,4167491,4167491,536716,6.933688159134597,6.9333210317670755,0.47618991353690854,no-indexable-prefix
job_name_name,name.name,benchmarks/job/../../data/job/name__name.csv,job-csv,utf8,PairHorspool,static,prefix-btree,full-scan,contains_b,%B%,1,4167491,60681846,60681846,4167491,4167491,0,0,0,1338257961,1584574030,2500,440,28707543,28707983,4167491,4167491,536716,6.88855308865694,6.8884475095447115,0.4730901396770296,no-indexable-prefix
job_name_name,name.name,benchmarks/job/../../data/job/name__name.csv,job-csv,utf8,PairHorspool,static,prefix-btree,full-scan,contains_b,%B%,2,4167491,60681846,60681846,4167491,4167491,0,0,0,1338257961,1584574030,2500,360,28822438,28822798,4167491,4167491,536716,6.916103238135367,6.9160168552253625,0.4749822212066522,no-indexable-prefix
job_name_name,name.name,benchmarks/job/../../data/job/name__name.csv,job-csv,utf8,PairHorspool,static,prefix-btree,full-scan,contains_b,%B%,3,4167491,60681846,60681846,4167491,4167491,0,0,0,1338257961,1584574030,2500,360,28627078,28627438,4167491,4167491,536716,6.869226112305942,6.869139729395936,0.47176280695218137,no-indexable-prefix
job_name_name,name.name,benchmarks/job/../../data/job/name__name.csv,job-csv,utf8,PairHorspool,static,prefix-btree,full-scan,contains_b,%B%,4,4167491,60681846,60681846,4167491,4167491,0,0,0,1338257961,1584574030,2500,510,29732835,29733345,4167491,4167491,536716,7.1345912924587,7.134468916669526,0.48998748324169306,no-indexable-prefix
job_name_name,name.name,benchmarks/job/../../data/job/name__name.csv,job-csv,utf8,PairHorspool,static,qgram,full-scan,contains_b,%B%,0,4167491,60681846,60681846,4167491,4167491,0,0,0,1338257961,588757039,2500,560,28520253,28520813,4167491,4167491,536716,6.84364117403013,6.843506800614566,0.4700056916528215,literal-shorter-than-qgram
job_name_name,name.name,benchmarks/job/../../data/job/name__name.csv,job-csv,utf8,PairHorspool,static,qgram,full-scan,contains_b,%B%,1,4167491,60681846,60681846,4167491,4167491,0,0,0,1338257961,588757039,2500,110,28464327,28464437,4167491,4167491,536716,6.830113610323334,6.8300872155452765,0.4690766493820903,literal-shorter-than-qgram
job_name_name,name.name,benchmarks/job/../../data/job/name__name.csv,job-csv,utf8,PairHorspool,static,qgram,full-scan,contains_b,%B%,2,4167491,60681846,60681846,4167491,4167491,0,0,0,1338257961,588757039,2500,110,28432499,28432609,4167491,4167491,536716,6.822476401268773,6.822450006490716,0.4685521432554969,literal-shorter-than-qgram
job_name_name,name.name,benchmarks/job/../../data/job/name__name.csv,job-csv,utf8,PairHorspool,static,qgram,full-scan,contains_b,%B%,3,4167491,60681846,60681846,4167491,4167491,0,0,0,1338257961,588757039,2500,100,29261572,29261672,4167491,4167491,536716,7.02141216381751,7.021388168564731,0.48221459841548,literal-shorter-than-qgram
job_name_name,name.name,benchmarks/job/../../data/job/name__name.csv,job-csv,utf8,PairHorspool,static,qgram,full-scan,contains_b,%B%,4,4167491,60681846,60681846,4167491,4167491,0,0,0,1338257961,588757039,2500,150,29249383,29249533,4167491,4167491,536716,7.018499380082645,7.018463387203476,0.4820145550614924,literal-shorter-than-qgram
job_name_name,name.name,benchmarks/job/../../data/job/name__name.csv,job-csv,utf8,PairHorspool,static,trigram,full-scan,contains_b,%B%,0,4167491,60681846,60681846,4167491,4167491,0,0,0,1338257961,3192349665,2500,430,29697537,29697967,4167491,4167491,536716,7.126102251930478,7.125999072343528,0.4894044752692593,literal-shorter-than-trigram
job_name_name,name.name,benchmarks/job/../../data/job/name__name.csv,job-csv,utf8,PairHorspool,static,trigram,full-scan,contains_b,%B%,1,4167491,60681846,60681846,4167491,4167491,0,0,0,1338257961,3192349665,2500,110,29815012,29815122,4167491,4167491,536716,7.1542138903239385,7.154187495545881,0.4913351185789569,literal-shorter-than-trigram
job_name_name,name.name,benchmarks/job/../../data/job/name__name.csv,job-csv,utf8,PairHorspool,static,trigram,full-scan,contains_b,%B%,2,4167491,60681846,60681846,4167491,4167491,0,0,0,1338257961,3192349665,2500,120,29226403,29226523,4167491,4167491,536716,7.012978072418153,7.012949278114818,0.4816353642240877,literal-shorter-than-trigram
job_name_name,name.name,benchmarks/job/../../data/job/name__name.csv,job-csv,utf8,PairHorspool,static,trigram,full-scan,contains_b,%B%,3,4167491,60681846,60681846,4167491,4167491,0,0,0,1338257961,3192349665,2500,120,29144518,29144638,4167491,4167491,536716,6.993329559679913,6.993300765376578,0.4802859491123589,literal-shorter-than-trigram
job_name_name,name.name,benchmarks/job/../../data/job/name__name.csv,job-csv,utf8,PairHorspool,static,trigram,full-scan,contains_b,%B%,4,4167491,60681846,60681846,4167491,4167491,0,0,0,1338257961,3192349665,2500,110,29406143,29406253,4167491,4167491,536716,7.056104740238191,7.056078345460135,0.484597205562929,literal-shorter-than-trigram
job_name_name,name.name,benchmarks/job/../../data/job/name__name.csv,job-csv,utf8,PairHorspool,static,fm,fm,contains_bert,%Bert%,0,4167491,60681846,60681846,4167491,4167491,0,0,0,1338257961,62312623267,3110,99045,353840,452885,5216,5216,5216,0.10867090054903537,67.83742331288343,0.007463269986875481,
job_name_name,name.name,benchmarks/job/../../data/job/name__name.csv,job-csv,utf8,PairHorspool,static,fm,fm,contains_bert,%Bert%,1,4167491,60681846,60681846,4167491,4167491,0,0,0,1338257961,62312623267,3110,91515,219978,311493,5216,5216,5216,0.07474353273948282,42.173696319018404,0.005133215624323624,
job_name_name,name.name,benchmarks/job/../../data/job/name__name.csv,job-csv,utf8,PairHorspool,static,fm,fm,contains_bert,%Bert%,2,4167491,60681846,60681846,4167491,4167491,0,0,0,1338257961,62312623267,3110,77505,176490,253995,5216,5216,5216,0.06094674229650406,33.83627300613497,0.00418568347442825,
job_name_name,name.name,benchmarks/job/../../data/job/name__name.csv,job-csv,utf8,PairHorspool,static,fm,fm,contains_bert,%Bert%,3,4167491,60681846,60681846,4167491,4167491,0,0,0,1338257961,62312623267,3110,70276,155312,225588,5216,5216,5216,0.054130410839519506,29.7760736196319,0.00371755335195307,
job_name_name,name.name,benchmarks/job/../../data/job/name__name.csv,job-csv,utf8,PairHorspool,static,fm,fm,contains_bert,%Bert%,4,4167491,60681846,60681846,4167491,4167491,0,0,0,1338257961,62312623267,3110,65996,139212,205208,5216,5216,5216,0.049240178323120554,26.68941717791411,0.0033817033186498645,
job_name_name,name.name,benchmarks/job/../../data/job/name__name.csv,job-csv,utf8,PairHorspool,static,full-scan,full-scan,contains_bert,%Bert%,0,4167491,60681846,60681846,4167491,4167491,0,0,0,1338257961,0,3110,680,53844506,53845186,4167491,4164231,5216,12.920288490125113,12.920125322406216,0.8873359917231259,
job_name_name,name.name,benchmarks/job/../../data/job/name__name.csv,job-csv,utf8,PairHorspool,static,full-scan,full-scan,contains_bert,%Bert%,1,4167491,60681846,60681846,4167491,4167491,0,0,0,1338257961,0,3110,170,54325411,54325581,4167491,4164231,5216,13.035560484713704,13.03551969278398,0.8952526098167811,
job_name_name,name.name,benchmarks/job/../../data/job/name__name.csv,job-csv,utf8,PairHorspool,static,full-scan,full-scan,contains_bert,%Bert%,2,4167491,60681846,60681846,4167491,4167491,0,0,0,1338257961,0,3110,120,54424974,54425094,4167491,4164231,5216,13.059438880611859,13.059410086308525,0.896892523671742,
job_name_name,name.name,benchmarks/job/../../data/job/name__name.csv,job-csv,utf8,PairHorspool,static,full-scan,full-scan,contains_bert,%Bert%,3,4167491,60681846,60681846,4167491,4167491,0,0,0,1338257961,0,3110,110,53383490,53383600,4167491,4164231,5216,12.809529762631762,12.809503367853704,0.8797293345360654,
job_name_name,name.name,benchmarks/job/../../data/job/name__name.csv,job-csv,utf8,PairHorspool,static,full-scan,full-scan,contains_bert,%Bert%,4,4167491,60681846,60681846,4167491,4167491,0,0,0,1338257961,0,3110,100,54780745,54780845,4167491,4164231,5216,13.144802232326356,13.144778237073577,0.9027550842800662,
job_name_name,name.name,benchmarks/job/../../data/job/name__name.csv,job-csv,utf8,PairHorspool,static,prefix-btree,full-scan,contains_bert,%Bert%,0,4167491,60681846,60681846,4167491,4167491,0,0,0,1338257961,1584574030,3110,1080,53908072,53909152,4167491,4164231,5216,12.93563729351785,12.935378144787835,0.8883901125882031,no-indexable-prefix
job_name_name,name.name,benchmarks/job/../../data/job/name__name.csv,job-csv,utf8,PairHorspool,static,prefix-btree,full-scan,contains_bert,%Bert%,1,4167491,60681846,60681846,4167491,4167491,0,0,0,1338257961,1584574030,3110,540,55704184,55704724,4167491,4164231,5216,13.366489333750211,13.366359759385203,0.9179800495851758,no-indexable-prefix
job_name_name,name.name,benchmarks/job/../../data/job/name__name.csv,job-csv,utf8,PairHorspool,static,prefix-btree,full-scan,contains_bert,%Bert%,2,4167491,60681846,60681846,4167491,4167491,0,0,0,1338257961,1584574030,3110,550,54025822,54026372,4167491,4164231,5216,12.963764528825617,12.963632554935332,0.8903218270584583,no-indexable-prefix
job_name_name,name.name,benchmarks/job/../../data/job/name__name.csv,job-csv,utf8,PairHorspool,static,prefix-btree,full-scan,contains_bert,%Bert%,3,4167491,60681846,60681846,4167491,4167491,0,0,0,1338257961,1584574030,3110,450,54060128,54060578,4167491,4164231,5216,12.971972344991267,12.97186436635376,0.8908855211820682,no-indexable-prefix
job_name_name,name.name,benchmarks/job/../../data/job/name__name.csv,job-csv,utf8,PairHorspool,static,prefix-btree,full-scan,contains_bert,%Bert%,4,4167491,60681846,60681846,4167491,4167491,0,0,0,1338257961,1584574030,3110,530,53855146,53855676,4167491,4164231,5216,12.92280559214165,12.92267841730192,0.8875088605577358,no-indexable-prefix
job_name_name,name.name,benchmarks/job/../../data/job/name__name.csv,job-csv,utf8,PairHorspool,static,qgram,full-scan,contains_bert,%Bert%,0,4167491,60681846,60681846,4167491,4167491,0,0,0,1338257961,588757039,3110,750,54093537,54094287,4167491,4164231,5216,12.980060904750603,12.97988094035476,0.8914410250472604,literal-shorter-than-qgram
job_name_name,name.name,benchmarks/job/../../data/job/name__name.csv,job-csv,utf8,PairHorspool,static,qgram,full-scan,contains_bert,%Bert%,1,4167491,60681846,60681846,4167491,4167491,0,0,0,1338257961,588757039,3110,110,53547873,53547983,4167491,4164231,5216,12.848973879007778,12.84894748422972,0.8824382666275512,literal-shorter-than-qgram
job_name_name,name.name,benchmarks/job/../../data/job/name__name.csv,job-csv,utf8,PairHorspool,static,qgram,full-scan,contains_bert,%Bert%,2,4167491,60681846,60681846,4167491,4167491,0,0,0,1338257961,588757039,3110,110,54305397,54305507,4167491,4164231,5216,13.03074367767081,13.030717282892752,0.8949218024777954,literal-shorter-than-qgram
job_name_name,name.name,benchmarks/job/../../data/job/name__name.csv,job-csv,utf8,PairHorspool,static,qgram,full-scan,contains_bert,%Bert%,3,4167491,60681846,60681846,4167491,4167491,0,0,0,1338257961,588757039,3110,110,53901462,53901572,4167491,4164231,5216,12.933818453357187,12.933792058579131,0.888265198787789,literal-shorter-than-qgram
job_name_name,name.name,benchmarks/job/../../data/job/name__name.csv,job-csv,utf8,PairHorspool,static,qgram,full-scan,contains_bert,%Bert%,4,4167491,60681846,60681846,4167491,4167491,0,0,0,1338257961,588757039,3110,120,54506979,54507099,4167491,4164231,5216,13.079116187653435,13.0790873933501,0.8982439163106541,literal-shorter-than-qgram
job_name_name,name.name,benchmarks/job/../../data/job/name__name.csv,job-csv,utf8,PairHorspool,static,trigram,trigram,contains_bert,%Bert%,0,4167491,60681846,60681846,4167491,4167491,0,0,0,1338257961,3192349665,3110,155236,144908,300144,5512,5512,5216,0.07202031150157252,26.28955007256894,0.004946190990959636,
job_name_name,name.name,benchmarks/job/../../data/job/name__name.csv,job-csv,utf8,PairHorspool,static,trigram,trigram,contains_bert,%Bert%,1,4167491,60681846,60681846,4167491,4167491,0,0,0,1338257961,3192349665,3110,158936,124019,282955,5512,5512,5216,0.06789576750135753,22.499818577648767,0.004662926701339969,
job_name_name,name.name,benchmarks/job/../../data/job/name__name.csv,job-csv,utf8,PairHorspool,static,trigram,trigram,contains_bert,%Bert%,2,4167491,60681846,60681846,4167491,4167491,0,0,0,1338257961,3192349665,3110,151726,122679,274405,5512,5512,5216,0.06584417338873677,22.256712626995647,0.00452202788952729,
job_name_name,name.name,benchmarks/job/../../data/job/name__name.csv,job-csv,utf8,PairHorspool,static,trigram,trigram,contains_bert,%Bert%,3,4167491,60681846,60681846,4167491,4167491,0,0,0,1338257961,3192349665,3110,151997,121889,273886,5512,5512,5216,0.06571963802681277,22.113388969521043,0.004513475084459362,
job_name_name,name.name,benchmarks/job/../../data/job/name__name.csv,job-csv,utf8,PairHorspool,static,trigram,trigram,contains_bert,%Bert%,4,4167491,60681846,60681846,4167491,4167491,0,0,0,1338257961,3192349665,3110,150627,127629,278256,5512,5512,5216,0.06676823057326338,23.154753265602324,0.004585490032719176,
job_name_name,name.name,benchmarks/job/../../data/job/name__name.csv,job-csv,utf8,PairHorspool,static,fm,fm,contains_downey_robert,%Downey%Robert%,0,4167491,60681846,60681846,4167491,4167491,0,0,0,1338257961,62312623267,2849,735065,2488991,3224056,38048,37546,2,0.7736203869426472,65.41713099243061,0.053130486504975476,
job_name_name,name.name,benchmarks/job/../../data/job/name__name.csv,job-csv,utf8,PairHorspool,static,fm,fm,contains_downey_robert,%Downey%Robert%,1,4167491,60681846,60681846,4167491,4167491,0,0,0,1338257961,62312623267,2849,718697,2197757,2916454,38048,37546,2,0.6998105094888027,57.76274705634987,0.048061392199571513,
job_name_name,name.name,benchmarks/job/../../data/job/name__name.csv,job-csv,utf8,PairHorspool,static,fm,fm,contains_downey_robert,%Downey%Robert%,2,4167491,60681846,60681846,4167491,4167491,0,0,0,1338257961,62312623267,2849,679330,2024562,2703892,38048,37546,2,0.6488057202763006,53.21073380992431,0.044558499423369556,
job_name_name,name.name,benchmarks/job/../../data/job/name__name.csv,job-csv,utf8,PairHorspool,static,fm,fm,contains_downey_robert,%Downey%Robert%,3,4167491,60681846,60681846,4167491,4167491,0,0,0,1338257961,62312623267,2849,640324,1625397,2265721,38048,37546,2,0.5436654812211952,42.71964360807401,0.037337707227957435,
job_name_name,name.name,benchmarks/job/../../data/job/name__name.csv,job-csv,utf8,PairHorspool,static,fm,fm,contains_downey_robert,%Downey%Robert%,4,4167491,60681846,60681846,4167491,4167491,0,0,0,1338257961,62312623267,2849,568150,1562473,2130623,38048,37546,2,0.5112483746215649,41.06583788898234,0.03511137416617154,
job_name_name,name.name,benchmarks/job/../../data/job/name__name.csv,job-csv,utf8,PairHorspool,static,full-scan,full-scan,contains_downey_robert,%Downey%Robert%,0,4167491,60681846,60681846,4167491,4167491,0,0,0,1338257961,0,2849,460,50164451,50164911,4167491,3592595,2,12.037197200905773,12.037086822742989,0.8266872929343646,
job_name_name,name.name,benchmarks/job/../../data/job/name__name.csv,job-csv,utf8,PairHorspool,static,full-scan,full-scan,contains_downey_robert,%Downey%Robert%,1,4167491,60681846,60681846,4167491,4167491,0,0,0,1338257961,0,2849,110,50294200,50294310,4167491,3592595,2,12.068246818049516,12.06822042327146,0.8288197099343352,
job_name_name,name.name,benchmarks/job/../../data/job/name__name.csv,job-csv,utf8,PairHorspool,static,full-scan,full-scan,contains_downey_robert,%Downey%Robert%,2,4167491,60681846,60681846,4167491,4167491,0,0,0,1338257961,0,2849,150,49372990,49373140,4167491,3592595,2,11.84720974802345,11.847173755144283,0.8136393873053895,
job_name_name,name.name,benchmarks/job/../../data/job/name__name.csv,job-csv,utf8,PairHorspool,static,full-scan,full-scan,contains_downey_robert,%Downey%Robert%,3,4167491,60681846,60681846,4167491,4167491,0,0,0,1338257961,0,2849,120,49283718,49283838,4167491,3592595,2,11.825781507386578,11.825752713083244,0.8121677445343374,
job_name_name,name.name,benchmarks/job/../../data/job/name__name.csv,job-csv,utf8,PairHorspool,static,full-scan,full-scan,contains_downey_robert,%Downey%Robert%,4,4167491,60681846,60681846,4167491,4167491,0,0,0,1338257961,0,2849,100,49467548,49467648,4167491,3592595,2,11.869887181520008,11.86986318626723,0.815196821797412,
job_name_name,name.name,benchmarks/job/../../data/job/name__name.csv,job-csv,utf8,PairHorspool,static,prefix-btree,full-scan,contains_downey_robert,%Downey%Robert%,0,4167491,60681846,60681846,4167491,4167491,0,0,0,1338257961,1584574030,2849,700,48837422,48838122,4167491,3592595,2,11.718830826509283,11.71866285973983,0.804822615317273,no-indexable-prefix
job_name_name,name.name,benchmarks/job/../../data/job/name__name.csv,job-csv,utf8,PairHorspool,static,prefix-btree,full-scan,contains_downey_robert,%Downey%Robert%,1,4167491,60681846,60681846,4167491,4167491,0,0,0,1338257961,1584574030,2849,190,49198370,49198560,4167491,3592595,2,11.805318835721542,11.80527324474126,0.8107624148414997,no-indexable-prefix
job_name_name,name.name,benchmarks/job/../../data/job/name__name.csv,job-csv,utf8,PairHorspool,static,prefix-btree,full-scan,contains_downey_robert,%Downey%Robert%,2,4167491,60681846,60681846,4167491,4167491,0,0,0,1338257961,1584574030,2849,250,49939562,49939812,4167491,3592595,2,11.983184126852343,11.983124138720395,0.8229777980056836,no-indexable-prefix
job_name_name,name.name,benchmarks/job/../../data/job/name__name.csv,job-csv,utf8,PairHorspool,static,prefix-btree,full-scan,contains_downey_robert,%Downey%Robert%,3,4167491,60681846,60681846,4167491,4167491,0,0,0,1338257961,1584574030,2849,330,50490268,50490598,4167491,3592595,2,12.115346619824734,12.115267435490562,0.8320544170656905,no-indexable-prefix
job_name_name,name.name,benchmarks/job/../../data/job/name__name.csv,job-csv,utf8,PairHorspool,static,prefix-btree,full-scan,contains_downey_robert,%Downey%Robert%,4,4167491,60681846,60681846,4167491,4167491,0,0,0,1338257961,1584574030,2849,400,59855087,59855487,4167491,3592595,2,14.362475407865308,14.362379426854192,0.9863821051192148,no-indexable-prefix
job_name_name,name.name,benchmarks/job/../../data/job/name__name.csv,job-csv,utf8,PairHorspool,static,qgram,full-scan,contains_downey_robert,%Downey%Robert%,0,4167491,60681846,60681846,4167491,4167491,0,0,0,1338257961,588757039,2849,670,52746743,52747413,4167491,3592595,2,12.656875083833414,12.656714315639794,0.869245358817858,literal-shorter-than-qgram
job_name_name,name.name,benchmarks/job/../../data/job/name__name.csv,job-csv,utf8,PairHorspool,static,qgram,full-scan,contains_downey_robert,%Downey%Robert%,1,4167491,60681846,60681846,4167491,4167491,0,0,0,1338257961,588757039,2849,120,57234975,57235095,4167491,3592595,2,13.73370572365963,13.733676929356296,0.9431996350275831,literal-shorter-than-qgram
job_name_name,name.name,benchmarks/job/../../data/job/name__name.csv,job-csv,utf8,PairHorspool,static,qgram,full-scan,contains_downey_robert,%Downey%Robert%,2,4167491,60681846,60681846,4167491,4167491,0,0,0,1338257961,588757039,2849,110,49053007,49053117,4167491,3592595,2,11.770419420221904,11.770393025443846,0.8083656024571171,literal-shorter-than-qgram
job_name_name,name.name,benchmarks/job/../../data/job/name__name.csv,job-csv,utf8,PairHorspool,static,qgram,full-scan,contains_downey_robert,%Downey%Robert%,3,4167491,60681846,60681846,4167491,4167491,0,0,0,1338257961,588757039,2849,120,49096792,49096912,4167491,3592595,2,11.780928141176549,11.780899346873214,0.8090873174820686,literal-shorter-than-qgram
job_name_name,name.name,benchmarks/job/../../data/job/name__name.csv,job-csv,utf8,PairHorspool,static,qgram,full-scan,contains_downey_robert,%Downey%Robert%,4,4167491,60681846,60681846,4167491,4167491,0,0,0,1338257961,588757039,2849,110,49563907,49564017,4167491,3592595,2,11.893011166670785,11.89298477189273,0.8167849244401695,literal-shorter-than-qgram
job_name_name,name.name,benchmarks/job/../../data/job/name__name.csv,job-csv,utf8,PairHorspool,static,trigram,trigram,contains_downey_robert,%Downey%Robert%,0,4167491,60681846,60681846,4167491,4167491,0,0,0,1338257961,3192349665,2849,581172,2472009,3053181,38049,37547,2,0.7326184987562061,64.96909248600488,0.050314570192871194,
job_name_name,name.name,benchmarks/job/../../data/job/name__name.csv,job-csv,utf8,PairHorspool,static,trigram,trigram,contains_downey_robert,%Downey%Robert%,1,4167491,60681846,60681846,4167491,4167491,0,0,0,1338257961,3192349665,2849,556895,2169525,2726420,38049,37547,2,0.6542113708223964,57.01923835054798,0.04492974719325447,
job_name_name,name.name,benchmarks/job/../../data/job/name__name.csv,job-csv,utf8,PairHorspool,static,trigram,trigram,contains_downey_robert,%Downey%Robert%,2,4167491,60681846,60681846,4167491,4167491,0,0,0,1338257961,3192349665,2849,571923,1841074,2412997,38049,37547,2,0.5790047297042753,48.38692212673132,0.039764726340065525,
job_name_name,name.name,benchmarks/job/../../data/job/name__name.csv,job-csv,utf8,PairHorspool,static,trigram,trigram,contains_downey_robert,%Downey%Robert%,3,4167491,60681846,60681846,4167491,4167491,0,0,0,1338257961,3192349665,2849,542716,1626539,2169255,38049,37547,2,0.5205182206752216,42.7485347840942,0.03574800608406013,
job_name_name,name.name,benchmarks/job/../../data/job/name__name.csv,job-csv,utf8,PairHorspool,static,trigram,trigram,contains_downey_robert,%Downey%Robert%,4,4167491,60681846,60681846,4167491,4167491,0,0,0,1338257961,3192349665,2849,554835,1460928,2015763,38049,37547,2,0.48368742727938707,38.39596310021288,0.03321855106385524,
job_name_name,name.name,benchmarks/job/../../data/job/name__name.csv,job-csv,utf8,PairHorspool,static,fm,fm,contains_tim,%Tim%,0,4167491,60681846,60681846,4167491,4167491,0,0,0,1338257961,62312623267,2370,336780,647824,984604,15502,15502,15502,0.23625821867401753,41.78970455425107,0.016225676456843453,
job_name_name,name.name,benchmarks/job/../../data/job/name__name.csv,job-csv,utf8,PairHorspool,static,fm,fm,contains_tim,%Tim%,1,4167491,60681846,60681846,4167491,4167491,0,0,0,1338257961,62312623267,2370,198926,416032,614958,15502,15502,15502,0.14756072658585226,26.837311314669076,0.010134134680082079,
job_name_name,name.name,benchmarks/job/../../data/job/name__name.csv,job-csv,utf8,PairHorspool,static,fm,fm,contains_tim,%Tim%,2,4167491,60681846,60681846,4167491,4167491,0,0,0,1338257961,62312623267,2370,195117,415471,610588,15502,15502,15502,0.14651213403940164,26.801122435814733,0.010062119731822266,
job_name_name,name.name,benchmarks/job/../../data/job/name__name.csv,job-csv,utf8,PairHorspool,static,fm,fm,contains_tim,%Tim%,3,4167491,60681846,60681846,4167491,4167491,0,0,0,1338257961,62312623267,2370,179408,415052,594460,15502,15502,15502,0.14264217967117385,26.774093665333506,0.009796340078381927,
job_name_name,name.name,benchmarks/job/../../data/job/name__name.csv,job-csv,utf8,PairHorspool,static,fm,fm,contains_tim,%Tim%,4,4167491,60681846,60681846,4167491,4167491,0,0,0,1338257961,62312623267,2370,178219,406072,584291,15502,15502,15502,0.14020210241605802,26.194813572442264,0.009628761128987407,
job_name_name,name.name,benchmarks/job/../../data/job/name__name.csv,job-csv,utf8,PairHorspool,static,full-scan,full-scan,contains_tim,%Tim%,0,4167491,60681846,60681846,4167491,4167491,0,0,0,1338257961,0,2370,500,61421734,61422234,4167491,4167235,15502,14.738420310925687,14.73830033466179,1.0122011449684638,
job_name_name,name.name,benchmarks/job/../../data/job/name__name.csv,job-csv,utf8,PairHorspool,static,full-scan,full-scan,contains_tim,%Tim%,1,4167491,60681846,60681846,4167491,4167491,0,0,0,1338257961,0,2370,110,60706797,60706907,4167491,4167235,15502,14.566775789077889,14.566749394299832,1.0004129900728465,
job_name_name,name.name,benchmarks/job/../../data/job/name__name.csv,job-csv,utf8,PairHorspool,static,full-scan,full-scan,contains_tim,%Tim%,2,4167491,60681846,60681846,4167491,4167491,0,0,0,1338257961,0,2370,140,61471337,61471477,4167491,4167235,15502,14.750236293251744,14.750202699897851,1.013012639727539,
job_name_name,name.name,benchmarks/job/../../data/job/name__name.csv,job-csv,utf8,PairHorspool,static,full-scan,full-scan,contains_tim,%Tim%,3,4167491,60681846,60681846,4167491,4167491,0,0,0,1338257961,0,2370,110,61187221,61187331,4167491,4167235,15502,14.682054742289786,14.682028347511729,1.0083300860689044,
job_name_name,name.name,benchmarks/job/../../data/job/name__name.csv,job-csv,utf8,PairHorspool,static,full-scan,full-scan,contains_tim,%Tim%,4,4167491,60681846,60681846,4167491,4167491,0,0,0,1338257961,0,2370,140,60837441,60837581,4167491,4167235,15502,14.598131345694568,14.598097752340676,1.00256641829914,
job_name_name,name.name,benchmarks/job/../../data/job/name__name.csv,job-csv,utf8,PairHorspool,static,prefix-btree,full-scan,contains_tim,%Tim%,0,4167491,60681846,60681846,4167491,4167491,0,0,0,1338257961,1584574030,2370,1169,60229702,60230871,4167491,4167235,15502,14.452549747557944,14.452269243052955,0.992568205654126,no-indexable-prefix
job_name_name,name.name,benchmarks/job/../../data/job/name__name.csv,job-csv,utf8,PairHorspool,static,prefix-btree,full-scan,contains_tim,%Tim%,1,4167491,60681846,60681846,4167491,4167491,0,0,0,1338257961,1584574030,2370,670,62069656,62070326,4167491,4167235,15502,14.893931624567395,14.893770856373775,1.0228813078626513,no-indexable-prefix
job_name_name,name.name,benchmarks/job/../../data/job/name__name.csv,job-csv,utf8,PairHorspool,static,prefix-btree,full-scan,contains_tim,%Tim%,2,4167491,60681846,60681846,4167491,4167491,0,0,0,1338257961,1584574030,2370,570,61748760,61749330,4167491,4167235,15502,14.816907822956306,14.816771050015465,1.0175914885648008,no-indexable-prefix
job_name_name,name.name,benchmarks/job/../../data/job/name__name.csv,job-csv,utf8,PairHorspool,static,prefix-btree,full-scan,contains_tim,%Tim%,3,4167491,60681846,60681846,4167491,4167491,0,0,0,1338257961,1584574030,2370,860,61441626,61442486,4167491,4167235,15502,14.743279829518528,14.743073470344626,1.0125348856394383,no-indexable-prefix
job_name_name,name.name,benchmarks/job/../../data/job/name__name.csv,job-csv,utf8,PairHorspool,static,prefix-btree,full-scan,contains_tim,%Tim%,4,4167491,60681846,60681846,4167491,4167491,0,0,0,1338257961,1584574030,2370,500,60194417,60194917,4167491,4167235,15502,14.443922494373712,14.443802518109818,0.9919757055512122,no-indexable-prefix
job_name_name,name.name,benchmarks/job/../../data/job/name__name.csv,job-csv,utf8,PairHorspool,static,qgram,full-scan,contains_tim,%Tim%,0,4167491,60681846,60681846,4167491,4167491,0,0,0,1338257961,588757039,2370,570,60212664,60213234,4167491,4167235,15502,14.448317704825277,14.448180931884435,0.9922775585963551,literal-shorter-than-qgram
job_name_name,name.name,benchmarks/job/../../data/job/name__name.csv,job-csv,utf8,PairHorspool,static,qgram,full-scan,contains_tim,%Tim%,1,4167491,60681846,60681846,4167491,4167491,0,0,0,1338257961,588757039,2370,110,61086617,61086727,4167491,4167235,15502,14.657914558183808,14.657888163405751,1.0066721931959683,literal-shorter-than-qgram
job_name_name,name.name,benchmarks/job/../../data/job/name__name.csv,job-csv,utf8,PairHorspool,static,qgram,full-scan,contains_tim,%Tim%,2,4167491,60681846,60681846,4167491,4167491,0,0,0,1338257961,588757039,2370,110,61155077,61155187,4167491,4167235,15502,14.674341708236442,14.674315313458385,1.0078003724540614,literal-shorter-than-qgram
job_name_name,name.name,benchmarks/job/../../data/job/name__name.csv,job-csv,utf8,PairHorspool,static,qgram,full-scan,contains_tim,%Tim%,3,4167491,60681846,60681846,4167491,4167491,0,0,0,1338257961,588757039,2370,110,60169283,60169393,4167491,4167235,15502,14.437797946054353,14.437771551276295,0.9915550855193166,literal-shorter-than-qgram
job_name_name,name.name,benchmarks/job/../../data/job/name__name.csv,job-csv,utf8,PairHorspool,static,qgram,full-scan,contains_tim,%Tim%,4,4167491,60681846,60681846,4167491,4167491,0,0,0,1338257961,588757039,2370,120,60491453,60491573,4167491,4167235,15502,14.515105851458348,14.515077057155013,0.9968644164187095,literal-shorter-than-qgram
job_name_name,name.name,benchmarks/job/../../data/job/name__name.csv,job-csv,utf8,PairHorspool,static,trigram,trigram,contains_tim,%Tim%,0,4167491,60681846,60681846,4167491,4167491,0,0,0,1338257961,3192349665,2370,8629,772158,780787,15502,15502,15502,0.18735181431705553,49.8102180363824,0.01286689597412709,
job_name_name,name.name,benchmarks/job/../../data/job/name__name.csv,job-csv,utf8,PairHorspool,static,trigram,trigram,contains_tim,%Tim%,1,4167491,60681846,60681846,4167491,4167491,0,0,0,1338257961,3192349665,2370,4909,430098,435007,15502,15502,15502,0.10438102925717176,27.74467810605083,0.007168651395344829,
job_name_name,name.name,benchmarks/job/../../data/job/name__name.csv,job-csv,utf8,PairHorspool,static,trigram,trigram,contains_tim,%Tim%,2,4167491,60681846,60681846,4167491,4167491,0,0,0,1338257961,3192349665,2370,4729,415120,419849,15502,15502,15502,0.10074382884090212,26.77848019610373,0.006918856753303121,
job_name_name,name.name,benchmarks/job/../../data/job/name__name.csv,job-csv,utf8,PairHorspool,static,trigram,trigram,contains_tim,%Tim%,3,4167491,60681846,60681846,4167491,4167491,0,0,0,1338257961,3192349665,2370,4740,402631,407371,15502,15502,15502,0.09774970119911476,25.97284221390788,0.006713226885022581,
job_name_name,name.name,benchmarks/job/../../data/job/name__name.csv,job-csv,utf8,PairHorspool,static,trigram,trigram,contains_tim,%Tim%,4,4167491,60681846,60681846,4167491,4167491,0,0,0,1338257961,3192349665,2370,4839,416070,420909,15502,15502,15502,0.10099817852036153,26.839762611275965,0.006936324910089255,
job_name_name,name.name,benchmarks/job/../../data/job/name__name.csv,job-csv,utf8,PairHorspool,static,fm,fm,contains_yo,%Yo%,0,4167491,60681846,60681846,4167491,4167491,0,0,0,1338257961,62312623267,2369,411490,709927,1121417,21066,21066,21066,0.269086843858811,33.700132915598594,0.018480271677957853,
job_name_name,name.name,benchmarks/job/../../data/job/name__name.csv,job-csv,utf8,PairHorspool,static,fm,fm,contains_yo,%Yo%,1,4167491,60681846,60681846,4167491,4167491,0,0,0,1338257961,62312623267,2369,288778,390844,679622,21066,21066,21066,0.16307701684298778,18.55330864900788,0.011199758161608992,
job_name_name,name.name,benchmarks/job/../../data/job/name__name.csv,job-csv,utf8,PairHorspool,static,fm,fm,contains_yo,%Yo%,2,4167491,60681846,60681846,4167491,4167491,0,0,0,1338257961,62312623267,2369,254164,414829,668993,21066,21066,21066,0.16052656142508767,19.691873160543054,0.01102459869134502,
job_name_name,name.name,benchmarks/job/../../data/job/name__name.csv,job-csv,utf8,PairHorspool,static,fm,fm,contains_yo,%Yo%,3,4167491,60681846,60681846,4167491,4167491,0,0,0,1338257961,62312623267,2369,238855,332502,571357,21066,21066,21066,0.13709855642159754,15.783822272856735,0.009415616657410192,
job_name_name,name.name,benchmarks/job/../../data/job/name__name.csv,job-csv,utf8,PairHorspool,static,fm,fm,contains_yo,%Yo%,4,4167491,60681846,60681846,4167491,4167491,0,0,0,1338257961,62312623267,2369,231016,340401,571417,21066,21066,21066,0.13711295357326506,16.158786670464256,0.00941660542100186,
job_name_name,name.name,benchmarks/job/../../data/job/name__name.csv,job-csv,utf8,PairHorspool,static,full-scan,full-scan,contains_yo,%Yo%,0,4167491,60681846,60681846,4167491,4167491,0,0,0,1338257961,0,2369,530,58605549,58606079,4167491,4167473,21066,14.062676800021883,14.062549625182154,0.9657926194269041,
job_name_name,name.name,benchmarks/job/../../data/job/name__name.csv,job-csv,utf8,PairHorspool,static,full-scan,full-scan,contains_yo,%Yo%,1,4167491,60681846,60681846,4167491,4167491,0,0,0,1338257961,0,2369,150,58969555,58969705,4167491,4167473,21066,14.149929777892742,14.149893785013573,0.9717849552566348,
job_name_name,name.name,benchmarks/job/../../data/job/name__name.csv,job-csv,utf8,PairHorspool,static,full-scan,full-scan,contains_yo,%Yo%,2,4167491,60681846,60681846,4167491,4167491,0,0,0,1338257961,0,2369,140,58219279,58219419,4167491,4167473,21066,13.969896755625866,13.969863162271976,0.9594206972543321,
job_name_name,name.name,benchmarks/job/../../data/job/name__name.csv,job-csv,utf8,PairHorspool,static,full-scan,full-scan,contains_yo,%Yo%,3,4167491,60681846,60681846,4167491,4167491,0,0,0,1338257961,0,2369,110,58192394,58192504,4167491,4167473,21066,13.963438433340349,13.963412038562291,0.958977154386503,
job_name_name,name.name,benchmarks/job/../../data/job/name__name.csv,job-csv,utf8,PairHorspool,static,full-scan,full-scan,contains_yo,%Yo%,4,4167491,60681846,60681846,4167491,4167491,0,0,0,1338257961,0,2369,110,58582257,58582367,4167491,4167473,21066,14.056987045682883,14.056960650904825,0.9654018600554769,
job_name_name,name.name,benchmarks/job/../../data/job/name__name.csv,job-csv,utf8,PairHorspool,static,prefix-btree,full-scan,contains_yo,%Yo%,0,4167491,60681846,60681846,4167491,4167491,0,0,0,1338257961,1584574030,2369,920,60564917,60565837,4167491,4167473,21066,14.532925685982285,14.532704929656717,0.9980882420749032,no-indexable-prefix
job_name_name,name.name,benchmarks/job/../../data/job/name__name.csv,job-csv,utf8,PairHorspool,static,prefix-btree,full-scan,contains_yo,%Yo%,1,4167491,60681846,60681846,4167491,4167491,0,0,0,1338257961,1584574030,2369,520,58221574,58222094,4167491,4167473,21066,13.97053862863771,13.970413853323258,0.9594647796311272,no-indexable-prefix
job_name_name,name.name,benchmarks/job/../../data/job/name__name.csv,job-csv,utf8,PairHorspool,static,prefix-btree,full-scan,contains_yo,%Yo%,2,4167491,60681846,60681846,4167491,4167491,0,0,0,1338257961,1584574030,2369,600,58481499,58482099,4167491,4167473,21066,14.032927485626244,14.03278351410957,0.9637495042586542,no-indexable-prefix
job_name_name,name.name,benchmarks/job/../../data/job/name__name.csv,job-csv,utf8,PairHorspool,static,prefix-btree,full-scan,contains_yo,%Yo%,3,4167491,60681846,60681846,4167491,4167491,0,0,0,1338257961,1584574030,2369,940,58526638,58527578,4167491,4167473,21066,14.04384028663769,14.043614731261567,0.9644989705817453,no-indexable-prefix
job_name_name,name.name,benchmarks/job/../../data/job/name__name.csv,job-csv,utf8,PairHorspool,static,prefix-btree,full-scan,contains_yo,%Yo%,4,4167491,60681846,60681846,4167491,4167491,0,0,0,1338257961,1584574030,2369,430,59636305,59636735,4167491,4167473,21066,14.309985312505773,14.309882132918823,0.982777204899139,no-indexable-prefix
job_name_name,name.name,benchmarks/job/../../data/job/name__name.csv,job-csv,utf8,PairHorspool,static,qgram,full-scan,contains_yo,%Yo%,0,4167491,60681846,60681846,4167491,4167491,0,0,0,1338257961,588757039,2369,510,58806816,58807326,4167491,4167473,21066,14.11096652638242,14.110844150593246,0.9691090478691107,literal-shorter-than-qgram
job_name_name,name.name,benchmarks/job/../../data/job/name__name.csv,job-csv,utf8,PairHorspool,static,qgram,full-scan,contains_yo,%Yo%,1,4167491,60681846,60681846,4167491,4167491,0,0,0,1338257961,588757039,2369,110,58411217,58411327,4167491,4167473,21066,14.015945565329355,14.015919170551298,0.9625832246434955,literal-shorter-than-qgram
job_name_name,name.name,benchmarks/job/../../data/job/name__name.csv,job-csv,utf8,PairHorspool,static,qgram,full-scan,contains_yo,%Yo%,2,4167491,60681846,60681846,4167491,4167491,0,0,0,1338257961,588757039,2369,150,58839822,58839972,4167491,4167473,21066,14.118800016604714,14.118764023725547,0.9696470341393372,literal-shorter-than-qgram
job_name_name,name.name,benchmarks/job/../../data/job/name__name.csv,job-csv,utf8,PairHorspool,static,qgram,full-scan,contains_yo,%Yo%,3,4167491,60681846,60681846,4167491,4167491,0,0,0,1338257961,588757039,2369,110,58814700,58814810,4167491,4167473,21066,14.112762331100415,14.112735936322357,0.969232379647778,literal-shorter-than-qgram
job_name_name,name.name,benchmarks/job/../../data/job/name__name.csv,job-csv,utf8,PairHorspool,static,qgram,full-scan,contains_yo,%Yo%,4,4167491,60681846,60681846,4167491,4167491,0,0,0,1338257961,588757039,2369,190,58649063,58649253,4167491,4167473,21066,14.073036510456772,14.07299091947649,0.9665041007486819,literal-shorter-than-qgram
job_name_name,name.name,benchmarks/job/../../data/job/name__name.csv,job-csv,utf8,PairHorspool,static,trigram,full-scan,contains_yo,%Yo%,0,4167491,60681846,60681846,4167491,4167491,0,0,0,1338257961,3192349665,2369,510,59166142,59166652,4167491,4167473,21066,14.197187708383773,14.1970653325946,0.9750305223081052,literal-shorter-than-trigram
job_name_name,name.name,benchmarks/job/../../data/job/name__name.csv,job-csv,utf8,PairHorspool,static,trigram,full-scan,contains_yo,%Yo%,1,4167491,60681846,60681846,4167491,4167491,0,0,0,1338257961,3192349665,2369,110,59061060,59061170,4167491,4167473,21066,14.171877035847228,14.17185064106917,0.9732922429551665,literal-shorter-than-trigram
job_name_name,name.name,benchmarks/job/../../data/job/name__name.csv,job-csv,utf8,PairHorspool,static,trigram,full-scan,contains_yo,%Yo%,2,4167491,60681846,60681846,4167491,4167491,0,0,0,1338257961,3192349665,2369,110,60158809,60158919,4167491,4167473,21066,14.43528468327826,14.435258288500203,0.9913824803549978,literal-shorter-than-trigram
job_name_name,name.name,benchmarks/job/../../data/job/name__name.csv,job-csv,utf8,PairHorspool,static,trigram,full-scan,contains_yo,%Yo%,3,4167491,60681846,60681846,4167491,4167491,0,0,0,1338257961,3192349665,2369,120,68941791,68941911,4167491,4167473,21066,16.54278581525431,16.542757020950976,1.1361208589468421,literal-shorter-than-trigram
job_name_name,name.name,benchmarks/job/../../data/job/name__name.csv,job-csv,utf8,PairHorspool,static,trigram,full-scan,contains_yo,%Yo%,4,4167491,60681846,60681846,4167491,4167491,0,0,0,1338257961,3192349665,2369,100,59275954,59276054,4167491,4167473,21066,14.223438994829262,14.223414999576484,0.976833400882366,literal-shorter-than-trigram
job_name_name,name.name,benchmarks/job/../../data/job/name__name.csv,job-csv,utf8,PairHorspool,static,fm,fm,prefix_a,A%,0,4167491,60681846,60681846,4167491,4167491,0,0,0,1338257961,62312623267,2979,12344177,6313483,18657660,552032,552032,177263,4.476952679681852,11.4368061996406,0.3074669152286501,
job_name_name,name.name,benchmarks/job/../../data/job/name__name.csv,job-csv,utf8,PairHorspool,static,fm,fm,prefix_a,A%,1,4167491,60681846,60681846,4167491,4167491,0,0,0,1338257961,62312623267,2979,11841015,6166453,18007468,552032,552032,177263,4.32093746573178,11.17046294417715,0.29675214560875424,
job_name_name,name.name,benchmarks/job/../../data/job/name__name.csv,job-csv,utf8,PairHorspool,static,fm,fm,prefix_a,A%,2,4167491,60681846,60681846,4167491,4167491,0,0,0,1338257961,62312623267,2979,11952951,6340889,18293840,552032,552032,177263,4.389653151020602,11.486451872355225,0.3014713823966397,
job_name_name,name.name,benchmarks/job/../../data/job/name__name.csv,job-csv,utf8,PairHorspool,static,fm,fm,prefix_a,A%,3,4167491,60681846,60681846,4167491,4167491,0,0,0,1338257961,62312623267,2979,12184914,6568555,18753469,552032,552032,177263,4.499942291417066,11.898866370065504,0.30904578941121863,
job_name_name,name.name,benchmarks/job/../../data/job/name__name.csv,job-csv,utf8,PairHorspool,static,fm,fm,prefix_a,A%,4,4167491,60681846,60681846,4167491,4167491,0,0,0,1338257961,62312623267,2979,11923367,6397209,18320576,552032,552032,177263,4.396068521803646,11.588474943481538,0.3019119754530869,
job_name_name,name.name,benchmarks/job/../../data/job/name__name.csv,job-csv,utf8,PairHorspool,static,full-scan,full-scan,prefix_a,A%,0,4167491,60681846,60681846,4167491,4167491,0,0,0,1338257961,0,2979,560,14323727,14324287,4167491,4167491,177263,3.4371488744666756,3.437014501051112,0.2360555577033698,
job_name_name,name.name,benchmarks/job/../../data/job/name__name.csv,job-csv,utf8,PairHorspool,static,full-scan,full-scan,prefix_a,A%,1,4167491,60681846,60681846,4167491,4167491,0,0,0,1338257961,0,2979,100,14231336,14231436,4167491,4167491,177263,3.41486904230867,3.4148450470558904,0.2345254295658705,
job_name_name,name.name,benchmarks/job/../../data/job/name__name.csv,job-csv,utf8,PairHorspool,static,full-scan,full-scan,prefix_a,A%,2,4167491,60681846,60681846,4167491,4167491,0,0,0,1338257961,0,2979,120,14350522,14350642,4167491,4167491,177263,3.443472823336631,3.443444029033296,0.23648987211100994,
job_name_name,name.name,benchmarks/job/../../data/job/name__name.csv,job-csv,utf8,PairHorspool,static,full-scan,full-scan,prefix_a,A%,3,4167491,60681846,60681846,4167491,4167491,0,0,0,1338257961,0,2979,100,14435785,14435885,4167491,4167491,177263,3.463927096663196,3.463903101410417,0.23789462502508577,
job_name_name,name.name,benchmarks/job/../../data/job/name__name.csv,job-csv,utf8,PairHorspool,static,full-scan,full-scan,prefix_a,A%,4,4167491,60681846,60681846,4167491,4167491,0,0,0,1338257961,0,2979,110,14274137,14274247,4167491,4167491,177263,3.4251416499759686,3.4251152551979116,0.23523092886791874,
job_name_name,name.name,benchmarks/job/../../data/job/name__name.csv,job-csv,utf8,PairHorspool,static,prefix-btree,prefix-btree,prefix_a,A%,0,4167491,60681846,60681846,4167491,4167491,0,0,0,1338257961,1584574030,2979,6197060,678217,6875277,177263,177263,177263,1.6497400954195223,3.8260494293789455,0.11330039300386478,
job_name_name,name.name,benchmarks/job/../../data/job/name__name.csv,job-csv,utf8,PairHorspool,static,prefix-btree,prefix-btree,prefix_a,A%,1,4167491,60681846,60681846,4167491,4167491,0,0,0,1338257961,1584574030,2979,5531748,678117,6209865,177263,177263,177263,1.4900728039964573,3.825485295859824,0.10233480701954914,
job_name_name,name.name,benchmarks/job/../../data/job/name__name.csv,job-csv,utf8,PairHorspool,static,prefix-btree,prefix-btree,prefix_a,A%,2,4167491,60681846,60681846,4167491,4167491,0,0,0,1338257961,1584574030,2979,5591384,665560,6256944,177263,177263,177263,1.5013695290523723,3.754647049863762,0.10311064037175138,
job_name_name,name.name,benchmarks/job/../../data/job/name__name.csv,job-csv,utf8,PairHorspool,static,prefix-btree,prefix-btree,prefix_a,A%,3,4167491,60681846,60681846,4167491,4167491,0,0,0,1338257961,1584574030,2979,5558133,680216,6238349,177263,177263,177263,1.496907611798082,3.83732645842618,0.1028042060553003,
job_name_name,name.name,benchmarks/job/../../data/job/name__name.csv,job-csv,utf8,PairHorspool,static,prefix-btree,prefix-btree,prefix_a,A%,4,4167491,60681846,60681846,4167491,4167491,0,0,0,1338257961,1584574030,2979,5528668,678247,6206915,177263,177263,177263,1.4893649440394712,3.826218669434682,0.10228619280962546,
job_name_name,name.name,benchmarks/job/../../data/job/name__name.csv,job-csv,utf8,PairHorspool,static,qgram,full-scan,prefix_a,A%,0,4167491,60681846,60681846,4167491,4167491,0,0,0,1338257961,588757039,2979,640,14193563,14194203,4167491,4167491,177263,3.4059348898413937,3.405781320223607,0.23391185231906095,literal-shorter-than-qgram
job_name_name,name.name,benchmarks/job/../../data/job/name__name.csv,job-csv,utf8,PairHorspool,static,qgram,full-scan,prefix_a,A%,1,4167491,60681846,60681846,4167491,4167491,0,0,0,1338257961,588757039,2979,110,14292404,14292514,4167491,4167491,177263,3.429524862801143,3.429498468023086,0.23553195794340206,literal-shorter-than-qgram
job_name_name,name.name,benchmarks/job/../../data/job/name__name.csv,job-csv,utf8,PairHorspool,static,qgram,full-scan,prefix_a,A%,2,4167491,60681846,60681846,4167491,4167491,0,0,0,1338257961,588757039,2979,120,14214439,14214559,4167491,4167491,177263,3.4108193634971258,3.4107905691937908,0.2342473068469275,literal-shorter-than-qgram
job_name_name,name.name,benchmarks/job/../../data/job/name__name.csv,job-csv,utf8,PairHorspool,static,qgram,full-scan,prefix_a,A%,3,4167491,60681846,60681846,4167491,4167491,0,0,0,1338257961,588757039,2979,109,14324838,14324947,4167491,4167491,177263,3.437307243135018,3.4372810883094886,0.23606643410287814,literal-shorter-than-qgram
job_name_name,name.name,benchmarks/job/../../data/job/name__name.csv,job-csv,utf8,PairHorspool,static,qgram,full-scan,prefix_a,A%,4,4167491,60681846,60681846,4167491,4167491,0,0,0,1338257961,588757039,2979,110,14266979,14267089,4167491,4167491,177263,3.423424069782034,3.423397675003977,0.23511296937143278,literal-shorter-than-qgram
job_name_name,name.name,benchmarks/job/../../data/job/name__name.csv,job-csv,utf8,PairHorspool,static,trigram,full-scan,prefix_a,A%,0,4167491,60681846,60681846,4167491,4167491,0,0,0,1338257961,3192349665,2979,480,14776464,14776944,4167491,4167491,177263,3.5457650658393742,3.545649888626034,0.24351507038859693,literal-shorter-than-trigram
job_name_name,name.name,benchmarks/job/../../data/job/name__name.csv,job-csv,utf8,PairHorspool,static,trigram,full-scan,prefix_a,A%,1,4167491,60681846,60681846,4167491,4167491,0,0,0,1338257961,3192349665,2979,110,14562486,14562596,4167491,4167491,177263,3.494331721412236,3.4943053266341786,0.23998274541614967,literal-shorter-than-trigram
job_name_name,name.name,benchmarks/job/../../data/job/name__name.csv,job-csv,utf8,PairHorspool,static,trigram,full-scan,prefix_a,A%,2,4167491,60681846,60681846,4167491,4167491,0,0,0,1338257961,3192349665,2979,130,14204080,14204210,4167491,4167491,177263,3.4083360947870074,3.4083049009583943,0.23407676160675797,literal-shorter-than-trigram
job_name_name,name.name,benchmarks/job/../../data/job/name__name.csv,job-csv,utf8,PairHorspool,static,trigram,full-scan,prefix_a,A%,3,4167491,60681846,60681846,4167491,4167491,0,0,0,1338257961,3192349665,2979,120,14125676,14125796,4167491,4167491,177263,3.389520457272733,3.389491662969398,0.23278454646880717,literal-shorter-than-trigram
job_name_name,name.name,benchmarks/job/../../data/job/name__name.csv,job-csv,utf8,PairHorspool,static,trigram,full-scan,prefix_a,A%,4,4167491,60681846,60681846,4167491,4167491,0,0,0,1338257961,3192349665,2979,110,14387525,14387635,4167491,4167491,177263,3.452349387197237,3.45232299241918,0.2370994943034528,literal-shorter-than-trigram
job_name_name,name.name,benchmarks/job/../../data/job/name__name.csv,job-csv,utf8,PairHorspool,static,fm,fm,prefix_b,B%,0,4167491,60681846,60681846,4167491,4167491,0,0,0,1338257961,62312623267,2700,11878036,7615600,19493636,536716,536716,343399,4.677547234055215,14.18925465236736,0.3212432924337865,
job_name_name,name.name,benchmarks/job/../../data/job/name__name.csv,job-csv,utf8,PairHorspool,static,fm,fm,prefix_b,B%,1,4167491,60681846,60681846,4167491,4167491,0,0,0,1338257961,62312623267,2700,11526035,7529317,19055352,536716,536716,343399,4.572379880364469,14.028493653999508,0.31402063806694347,
job_name_name,name.name,benchmarks/job/../../data/job/name__name.csv,job-csv,utf8,PairHorspool,static,fm,fm,prefix_b,B%,2,4167491,60681846,60681846,4167491,4167491,0,0,0,1338257961,62312623267,2700,12138385,7084064,19222449,536716,536716,343399,4.612475227900912,13.198905939081376,0.31677429523155903,
job_name_name,name.name,benchmarks/job/../../data/job/name__name.csv,job-csv,utf8,PairHorspool,static,fm,fm,prefix_b,B%,3,4167491,60681846,60681846,4167491,4167491,0,0,0,1338257961,62312623267,2700,11347549,7249962,18597511,536716,536716,343399,4.462519775087697,13.508004233151238,0.3064756962073962,
job_name_name,name.name,benchmarks/job/../../data/job/name__name.csv,job-csv,utf8,PairHorspool,static,fm,fm,prefix_b,B%,4,4167491,60681846,60681846,4167491,4167491,0,0,0,1338257961,62312623267,2700,11970668,7420078,19390746,536716,536716,343399,4.652858518470706,13.8249614321168,0.319547727668008,
job_name_name,name.name,benchmarks/job/../../data/job/name__name.csv,job-csv,utf8,PairHorspool,static,full-scan,full-scan,prefix_b,B%,0,4167491,60681846,60681846,4167491,4167491,0,0,0,1338257961,0,2700,430,13900800,13901230,4167491,4167491,343399,3.335635277916617,3.3355320983296664,0.22908383505669883,
job_name_name,name.name,benchmarks/job/../../data/job/name__name.csv,job-csv,utf8,PairHorspool,static,full-scan,full-scan,prefix_b,B%,1,4167491,60681846,60681846,4167491,4167491,0,0,0,1338257961,0,2700,120,14193966,14194086,4167491,4167491,343399,3.405906815395642,3.405878021092307,0.23390992423005721,
job_name_name,name.name,benchmarks/job/../../data/job/name__name.csv,job-csv,utf8,PairHorspool,static,full-scan,full-scan,prefix_b,B%,2,4167491,60681846,60681846,4167491,4167491,0,0,0,1338257961,0,2700,130,14745622,14745752,4167491,4167491,343399,3.5382804665924894,3.5382492727638764,0.24300104515607518,
job_name_name,name.name,benchmarks/job/../../data/job/name__name.csv,job-csv,utf8,PairHorspool,static,full-scan,full-scan,prefix_b,B%,3,4167491,60681846,60681846,4167491,4167491,0,0,0,1338257961,0,2700,130,14529697,14529827,4167491,4167491,343399,3.486468717029023,3.48643752320041,0.23944273218056022,
job_name_name,name.name,benchmarks/job/../../data/job/name__name.csv,job-csv,utf8,PairHorspool,static,full-scan,full-scan,prefix_b,B%,4,4167491,60681846,60681846,4167491,4167491,0,0,0,1338257961,0,2700,120,14489815,14489935,4167491,4167491,343399,3.4768965307903485,3.4768677364870135,0.23878533622724663,
job_name_name,name.name,benchmarks/job/../../data/job/name__name.csv,job-csv,utf8,PairHorspool,static,prefix-btree,prefix-btree,prefix_b,B%,0,4167491,60681846,60681846,4167491,4167491,0,0,0,1338257961,1584574030,2700,11737473,1286908,13024381,343399,343399,343399,3.1252331438748158,3.7475589620237684,0.214633895613525,
job_name_name,name.name,benchmarks/job/../../data/job/name__name.csv,job-csv,utf8,PairHorspool,static,prefix-btree,prefix-btree,prefix_b,B%,1,4167491,60681846,60681846,4167491,4167491,0,0,0,1338257961,1584574030,2700,11292771,1290617,12583388,343399,343399,343399,3.0194157587862818,3.7583598088520933,0.20736659857051812,
job_name_name,name.name,benchmarks/job/../../data/job/name__name.csv,job-csv,utf8,PairHorspool,static,prefix-btree,prefix-btree,prefix_b,B%,2,4167491,60681846,60681846,4167491,4167491,0,0,0,1338257961,1584574030,2700,11147250,1323801,12471051,343399,343399,343399,2.9924602116717227,3.85499375362188,0.20551535297723145,
job_name_name,name.name,benchmarks/job/../../data/job/name__name.csv,job-csv,utf8,PairHorspool,static,prefix-btree,prefix-btree,prefix_b,B%,3,4167491,60681846,60681846,4167491,4167491,0,0,0,1338257961,1584574030,2700,11371886,1333559,12705445,343399,343399,343399,3.048703644470978,3.883409677954799,0.209378023865655,
job_name_name,name.name,benchmarks/job/../../data/job/name__name.csv,job-csv,utf8,PairHorspool,static,prefix-btree,prefix-btree,prefix_b,B%,4,4167491,60681846,60681846,4167491,4167491,0,0,0,1338257961,1584574030,2700,11669167,1355545,13024712,343399,343399,343399,3.125312568161515,3.947434325667809,0.21463935029267237,
job_name_name,name.name,benchmarks/job/../../data/job/name__name.csv,job-csv,utf8,PairHorspool,static,qgram,full-scan,prefix_b,B%,0,4167491,60681846,60681846,4167491,4167491,0,0,0,1338257961,588757039,2700,510,14633167,14633677,4167491,4167491,343399,3.511387787040212,3.511265411251038,0.24115411716380547,literal-shorter-than-qgram
job_name_name,name.name,benchmarks/job/../../data/job/name__name.csv,job-csv,utf8,PairHorspool,static,qgram,full-scan,prefix_b,B%,1,4167491,60681846,60681846,4167491,4167491,0,0,0,1338257961,588757039,2700,110,14499343,14499453,4167491,4167491,343399,3.4791803989498717,3.4791540041718148,0.23894218709167153,literal-shorter-than-qgram
job_name_name,name.name,benchmarks/job/../../data/job/name__name.csv,job-csv,utf8,PairHorspool,static,qgram,full-scan,prefix_b,B%,2,4167491,60681846,60681846,4167491,4167491,0,0,0,1338257961,588757039,2700,100,14440055,14440155,4167491,4167491,343399,3.4649516939568676,3.4649276987040882,0.23796499203402613,literal-shorter-than-qgram
job_name_name,name.name,benchmarks/job/../../data/job/name__name.csv,job-csv,utf8,PairHorspool,static,qgram,full-scan,prefix_b,B%,3,4167491,60681846,60681846,4167491,4167491,0,0,0,1338257961,588757039,2700,409,14285055,14285464,4167491,4167491,343399,3.4278331974802105,3.427735056896344,0.23541577822138107,literal-shorter-than-qgram
job_name_name,name.name,benchmarks/job/../../data/job/name__name.csv,job-csv,utf8,PairHorspool,static,qgram,full-scan,prefix_b,B%,4,4167491,60681846,60681846,4167491,4167491,0,0,0,1338257961,588757039,2700,100,14854824,14854924,4167491,4167491,343399,3.5644765639565867,3.5644525687038078,0.24480013346990137,literal-shorter-than-qgram
job_name_name,name.name,benchmarks/job/../../data/job/name__name.csv,job-csv,utf8,PairHorspool,static,trigram,full-scan,prefix_b,B%,0,4167491,60681846,60681846,4167491,4167491,0,0,0,1338257961,3192349665,2700,780,14709325,14710105,4167491,4167491,343399,3.5297268788342913,3.529539715862614,0.24241360422687208,literal-shorter-than-trigram
job_name_name,name.name,benchmarks/job/../../data/job/name__name.csv,job-csv,utf8,PairHorspool,static,trigram,full-scan,prefix_b,B%,1,4167491,60681846,60681846,4167491,4167491,0,0,0,1338257961,3192349665,2700,110,14337766,14337876,4167491,4167491,343399,3.4404095893668396,3.4403831945887826,0.2362794961774894,literal-shorter-than-trigram
job_name_name,name.name,benchmarks/job/../../data/job/name__name.csv,job-csv,utf8,PairHorspool,static,trigram,full-scan,prefix_b,B%,2,4167491,60681846,60681846,4167491,4167491,0,0,0,1338257961,3192349665,2700,330,14822743,14823073,4167491,4167491,343399,3.556833835993887,3.5567546516597157,0.24427524831726444,literal-shorter-than-trigram
job_name_name,name.name,benchmarks/job/../../data/job/name__name.csv,job-csv,utf8,PairHorspool,static,trigram,full-scan,prefix_b,B%,3,4167491,60681846,60681846,4167491,4167491,0,0,0,1338257961,3192349665,2700,110,14371947,14372057,4167491,4167491,343399,3.448611406719295,3.4485850119412373,0.2368427783162694,literal-shorter-than-trigram
job_name_name,name.name,benchmarks/job/../../data/job/name__name.csv,job-csv,utf8,PairHorspool,static,trigram,full-scan,prefix_b,B%,4,4167491,60681846,60681846,4167491,4167491,0,0,0,1338257961,3192349665,2700,110,14266982,14267092,4167491,4167491,343399,3.4234247896396175,3.4233983948615605,0.23511301880961236,literal-shorter-than-trigram
job_name_name,name.name,benchmarks/job/../../data/job/name__name.csv,job-csv,utf8,PairHorspool,static,fm,fm,prefix_x,X%,0,4167491,60681846,60681846,4167491,4167491,0,0,0,1338257961,62312623267,3259,189728,352123,541851,8750,8750,2664,0.1300185171365697,40.24262857142857,0.008929375681814294,
job_name_name,name.name,benchmarks/job/../../data/job/name__name.csv,job-csv,utf8,PairHorspool,static,fm,fm,prefix_x,X%,1,4167491,60681846,60681846,4167491,4167491,0,0,0,1338257961,62312623267,3259,163854,315541,479395,8750,8750,2664,0.11503204206079869,36.06182857142857,0.00790013870046076,
job_name_name,name.name,benchmarks/job/../../data/job/name__name.csv,job-csv,utf8,PairHorspool,static,fm,fm,prefix_x,X%,2,4167491,60681846,60681846,4167491,4167491,0,0,0,1338257961,62312623267,3259,163704,291297,455001,8750,8750,2664,0.10917864009784305,33.291085714285714,0.007498140382874971,
job_name_name,name.name,benchmarks/job/../../data/job/name__name.csv,job-csv,utf8,PairHorspool,static,fm,fm,prefix_x,X%,3,4167491,60681846,60681846,4167491,4167491,0,0,0,1338257961,62312623267,3259,120184,107936,228120,8750,8750,2664,0.054737970639888604,12.335542857142856,0.0037592791755214567,
job_name_name,name.name,benchmarks/job/../../data/job/name__name.csv,job-csv,utf8,PairHorspool,static,fm,fm,prefix_x,X%,4,4167491,60681846,60681846,4167491,4167491,0,0,0,1338257961,62312623267,3259,92330,84382,176712,8750,8750,2664,0.04240249109116252,9.643657142857142,0.0029121065301803773,
job_name_name,name.name,benchmarks/job/../../data/job/name__name.csv,job-csv,utf8,PairHorspool,static,full-scan,full-scan,prefix_x,X%,0,4167491,60681846,60681846,4167491,4167491,0,0,0,1338257961,0,3259,510,14133431,14133941,4167491,4167491,2664,3.391474870611598,3.3913524948224243,0.23291877112637607,
job_name_name,name.name,benchmarks/job/../../data/job/name__name.csv,job-csv,utf8,PairHorspool,static,full-scan,full-scan,prefix_x,X%,1,4167491,60681846,60681846,4167491,4167491,0,0,0,1338257961,0,3259,100,13855121,13855221,4167491,4167491,2664,3.3245953020654393,3.3245713068126603,0.2283256346552147,
job_name_name,name.name,benchmarks/job/../../data/job/name__name.csv,job-csv,utf8,PairHorspool,static,full-scan,full-scan,prefix_x,X%,2,4167491,60681846,60681846,4167491,4167491,0,0,0,1338257961,0,3259,120,14360972,14361092,4167491,4167491,2664,3.4459803272520566,3.4459515329487216,0.2366620817698921,
job_name_name,name.name,benchmarks/job/../../data/job/name__name.csv,job-csv,utf8,PairHorspool,static,full-scan,full-scan,prefix_x,X%,3,4167491,60681846,60681846,4167491,4167491,0,0,0,1338257961,0,3259,110,14059798,14059908,4167491,4167491,2664,3.3737104651215803,3.3736840703435234,0.2316987522100102,
job_name_name,name.name,benchmarks/job/../../data/job/name__name.csv,job-csv,utf8,PairHorspool,static,full-scan,full-scan,prefix_x,X%,4,4167491,60681846,60681846,4167491,4167491,0,0,0,1338257961,0,3259,110,14896394,14896504,4167491,4167491,2664,3.574453790062174,3.574427395284117,0.24548534663892724,
job_name_name,name.name,benchmarks/job/../../data/job/name__name.csv,job-csv,utf8,PairHorspool,static,prefix-btree,prefix-btree,prefix_x,X%,0,4167491,60681846,60681846,4167491,4167491,0,0,0,1338257961,1584574030,3259,60527,21445,81972,2664,2664,2664,0.019669388608157763,8.049924924924925,0.0013508488189367212,
job_name_name,name.name,benchmarks/job/../../data/job/name__name.csv,job-csv,utf8,PairHorspool,static,prefix-btree,prefix-btree,prefix_x,X%,1,4167491,60681846,60681846,4167491,4167491,0,0,0,1338257961,1584574030,3259,39241,16257,55498,2664,2664,2664,0.013316885387394957,6.1024774774774775,0.0009145733635064431,
job_name_name,name.name,benchmarks/job/../../data/job/name__name.csv,job-csv,utf8,PairHorspool,static,prefix-btree,prefix-btree,prefix_x,X%,2,4167491,60681846,60681846,4167491,4167491,0,0,0,1338257961,1584574030,3259,35652,14477,50129,2664,2664,2664,0.012028580265680237,5.4343093093093096,0.0008260955014453581,
job_name_name,name.name,benchmarks/job/../../data/job/name__name.csv,job-csv,utf8,PairHorspool,static,prefix-btree,prefix-btree,prefix_x,X%,3,4167491,60681846,60681846,4167491,4167491,0,0,0,1338257961,1584574030,3259,33762,13977,47739,2664,2664,2664,0.011455093724257593,5.246621621621622,0.0007867097517105857,
job_name_name,name.name,benchmarks/job/../../data/job/name__name.csv,job-csv,utf8,PairHorspool,static,prefix-btree,prefix-btree,prefix_x,X%,4,4167491,60681846,60681846,4167491,4167491,0,0,0,1338257961,1584574030,3259,32503,13387,45890,2664,2664,2664,0.011011421500370367,5.02515015015015,0.0007562393536940191,
job_name_name,name.name,benchmarks/job/../../data/job/name__name.csv,job-csv,utf8,PairHorspool,static,qgram,full-scan,prefix_x,X%,0,4167491,60681846,60681846,4167491,4167491,0,0,0,1338257961,588757039,3259,460,14369975,14370435,4167491,4167491,2664,3.448222203719216,3.448111825556432,0.236816048740508,literal-shorter-than-qgram
job_name_name,name.name,benchmarks/job/../../data/job/name__name.csv,job-csv,utf8,PairHorspool,static,qgram,full-scan,prefix_x,X%,1,4167491,60681846,60681846,4167491,4167491,0,0,0,1338257961,588757039,3259,110,14390635,14390745,4167491,4167491,2664,3.45309563955867,3.4530692447806124,0.2371507452162876,literal-shorter-than-qgram
job_name_name,name.name,benchmarks/job/../../data/job/name__name.csv,job-csv,utf8,PairHorspool,static,qgram,full-scan,prefix_x,X%,2,4167491,60681846,60681846,4167491,4167491,0,0,0,1338257961,588757039,3259,100,14758744,14758844,4167491,4167491,2664,3.541421925086341,3.5413979298335616,0.24321679337177712,literal-shorter-than-qgram
job_name_name,name.name,benchmarks/job/../../data/job/name__name.csv,job-csv,utf8,PairHorspool,static,qgram,full-scan,prefix_x,X%,3,4167491,60681846,60681846,4167491,4167491,0,0,0,1338257961,588757039,3259,120,14237900,14238020,4167491,4167491,2664,3.4164488897516514,3.4164200954483164,0.23463392989066284,literal-shorter-than-qgram
job_name_name,name.name,benchmarks/job/../../data/job/name__name.csv,job-csv,utf8,PairHorspool,static,qgram,full-scan,prefix_x,X%,4,4167491,60681846,60681846,4167491,4167491,0,0,0,1338257961,588757039,3259,110,13989993,13990103,4167491,4167491,2664,3.356960578919067,3.3569341841410094,0.23054840816807057,literal-shorter-than-qgram
job_name_name,name.name,benchmarks/job/../../data/job/name__name.csv,job-csv,utf8,PairHorspool,static,trigram,full-scan,prefix_x,X%,0,4167491,60681846,60681846,4167491,4167491,0,0,0,1338257961,3192349665,3259,450,14067166,14067616,4167491,4167491,2664,3.3755600192058,3.375452040568294,0.23182577537275317,literal-shorter-than-trigram
job_name_name,name.name,benchmarks/job/../../data/job/name__name.csv,job-csv,utf8,PairHorspool,static,trigram,full-scan,prefix_x,X%,1,4167491,60681846,60681846,4167491,4167491,0,0,0,1338257961,3192349665,3259,110,13994201,13994311,4167491,4167491,2664,3.357970299156015,3.357943904377958,0.23061775345463287,literal-shorter-than-trigram
job_name_name,name.name,benchmarks/job/../../data/job/name__name.csv,job-csv,utf8,PairHorspool,static,trigram,full-scan,prefix_x,X%,2,4167491,60681846,60681846,4167491,4167491,0,0,0,1338257961,3192349665,3259,350,13939863,13940213,4167491,4167491,2664,3.3449893473075285,3.3449053639228015,0.22972625124159868,literal-shorter-than-trigram
job_name_name,name.name,benchmarks/job/../../data/job/name__name.csv,job-csv,utf8,PairHorspool,static,trigram,full-scan,prefix_x,X%,3,4167491,60681846,60681846,4167491,4167491,0,0,0,1338257961,3192349665,3259,110,13894975,13895085,4167491,4167491,2664,3.3341607696333355,3.3341343748552785,0.22898256918551885,literal-shorter-than-trigram
job_name_name,name.name,benchmarks/job/../../data/job/name__name.csv,job-csv,utf8,PairHorspool,static,trigram,full-scan,prefix_x,X%,4,4167491,60681846,60681846,4167491,4167491,0,0,0,1338257961,3192349665,3259,100,23639713,23639813,4167491,4167491,2664,5.672432885877858,5.6724088906250785,0.3895697734706357,literal-shorter-than-trigram
job_name_name,name.name,benchmarks/job/../../data/job/name__name.csv,job-csv,utf8,PairHorspool,static,fm,fm,prefix_z,Z%,0,4167491,60681846,60681846,4167491,4167491,0,0,0,1338257961,62312623267,3639,1707227,1752517,3459744,59261,59261,36174,0.830174318312865,29.572855672364625,0.057014481728192644,
job_name_name,name.name,benchmarks/job/../../data/job/name__name.csv,job-csv,utf8,PairHorspool,static,fm,fm,prefix_z,Z%,1,4167491,60681846,60681846,4167491,4167491,0,0,0,1338257961,62312623267,3639,1597851,1809947,3407798,59261,59261,36174,0.8177097443041869,30.541958454970384,0.05615844316931294,
job_name_name,name.name,benchmarks/job/../../data/job/name__name.csv,job-csv,utf8,PairHorspool,static,fm,fm,prefix_z,Z%,2,4167491,60681846,60681846,4167491,4167491,0,0,0,1338257961,62312623267,3639,1192640,1268413,2461053,59261,59261,36174,0.5905358883798429,21.403840637181283,0.040556660059418756,
job_name_name,name.name,benchmarks/job/../../data/job/name__name.csv,job-csv,utf8,PairHorspool,static,fm,fm,prefix_z,Z%,3,4167491,60681846,60681846,4167491,4167491,0,0,0,1338257961,62312623267,3639,1211214,1242119,2453333,59261,59261,36174,0.5886834548652895,20.96014242081639,0.04042943914395749,
job_name_name,name.name,benchmarks/job/../../data/job/name__name.csv,job-csv,utf8,PairHorspool,static,fm,fm,prefix_z,Z%,4,4167491,60681846,60681846,4167491,4167491,0,0,0,1338257961,62312623267,3639,1101470,1243568,2345038,59261,59261,36174,0.5626977958680655,20.984593577563658,0.03864480325796285,
job_name_name,name.name,benchmarks/job/../../data/job/name__name.csv,job-csv,utf8,PairHorspool,static,full-scan,full-scan,prefix_z,Z%,0,4167491,60681846,60681846,4167491,4167491,0,0,0,1338257961,0,3639,420,14150637,14151057,4167491,4167491,36174,3.3955818980772845,3.3954811180156117,0.23320083242029255,
job_name_name,name.name,benchmarks/job/../../data/job/name__name.csv,job-csv,utf8,PairHorspool,static,full-scan,full-scan,prefix_z,Z%,1,4167491,60681846,60681846,4167491,4167491,0,0,0,1338257961,0,3639,110,14253325,14253435,4167491,4167491,36174,3.420147757967564,3.4201213631895064,0.23488795973675552,
job_name_name,name.name,benchmarks/job/../../data/job/name__name.csv,job-csv,utf8,PairHorspool,static,full-scan,full-scan,prefix_z,Z%,2,4167491,60681846,60681846,4167491,4167491,0,0,0,1338257961,0,3639,100,14446564,14446664,4167491,4167491,36174,3.466513544960265,3.466489549707486,0.23807225640432889,
job_name_name,name.name,benchmarks/job/../../data/job/name__name.csv,job-csv,utf8,PairHorspool,static,full-scan,full-scan,prefix_z,Z%,3,4167491,60681846,60681846,4167491,4167491,0,0,0,1338257961,0,3639,140,14628637,14628777,4167491,4167491,36174,3.510212019654032,3.5101784263001408,0.24107336813715258,
job_name_name,name.name,benchmarks/job/../../data/job/name__name.csv,job-csv,utf8,PairHorspool,static,full-scan,full-scan,prefix_z,Z%,4,4167491,60681846,60681846,4167491,4167491,0,0,0,1338257961,0,3639,120,14532210,14532330,4167491,4167491,36174,3.487069318206086,3.487040523902751,0.23948398010172597,
job_name_name,name.name,benchmarks/job/../../data/job/name__name.csv,job-csv,utf8,PairHorspool,static,prefix-btree,prefix-btree,prefix_z,Z%,0,4167491,60681846,60681846,4167491,4167491,0,0,0,1338257961,1584574030,3639,1102739,144738,1247477,36174,36174,36174,0.2993352595122581,4.00116105490131,0.020557663984052166,
job_name_name,name.name,benchmarks/job/../../data/job/name__name.csv,job-csv,utf8,PairHorspool,static,prefix-btree,prefix-btree,prefix_z,Z%,1,4167491,60681846,60681846,4167491,4167491,0,0,0,1338257961,1584574030,3639,1029455,135841,1165296,36174,36174,36174,0.27961572082579184,3.755210924973738,0.019203370971937802,
job_name_name,name.name,benchmarks/job/../../data/job/name__name.csv,job-csv,utf8,PairHorspool,static,prefix-btree,prefix-btree,prefix_z,Z%,2,4167491,60681846,60681846,4167491,4167491,0,0,0,1338257961,1584574030,3639,635771,132831,768602,36174,36174,36174,0.18442799276591118,3.672001990379831,0.012666094568052528,
job_name_name,name.name,benchmarks/job/../../data/job/name__name.csv,job-csv,utf8,PairHorspool,static,prefix-btree,prefix-btree,prefix_z,Z%,3,4167491,60681846,60681846,4167491,4167491,0,0,0,1338257961,1584574030,3639,526165,136490,662655,36174,36174,36174,0.1590057423039426,3.7731519876154143,0.010920152297278498,
job_name_name,name.name,benchmarks/job/../../data/job/name__name.csv,job-csv,utf8,PairHorspool,static,prefix-btree,prefix-btree,prefix_z,Z%,4,4167491,60681846,60681846,4167491,4167491,0,0,0,1338257961,1584574030,3639,504830,133071,637901,36174,36174,36174,0.15306595743098186,3.67863658981589,0.0105122213981427,
job_name_name,name.name,benchmarks/job/../../data/job/name__name.csv,job-csv,utf8,PairHorspool,static,qgram,full-scan,prefix_z,Z%,0,4167491,60681846,60681846,4167491,4167491,0,0,0,1338257961,588757039,3639,530,14023945,14024475,4167491,4167491,36174,3.36520822720433,3.3650810523646,0.23111483787095072,literal-shorter-than-qgram
job_name_name,name.name,benchmarks/job/../../data/job/name__name.csv,job-csv,utf8,PairHorspool,static,qgram,full-scan,prefix_z,Z%,1,4167491,60681846,60681846,4167491,4167491,0,0,0,1338257961,588757039,3639,110,14408112,14408222,4167491,4167491,36174,3.457289289886889,3.4572628951088316,0.23743875557114727,literal-shorter-than-qgram
job_name_name,name.name,benchmarks/job/../../data/job/name__name.csv,job-csv,utf8,PairHorspool,static,qgram,full-scan,prefix_z,Z%,2,4167491,60681846,60681846,4167491,4167491,0,0,0,1338257961,588757039,3639,100,13942014,13942114,4167491,4167491,36174,3.345445497062861,3.345421501810082,0.22975757856806137,literal-shorter-than-qgram
job_name_name,name.name,benchmarks/job/../../data/job/name__name.csv,job-csv,utf8,PairHorspool,static,qgram,full-scan,prefix_z,Z%,3,4167491,60681846,60681846,4167491,4167491,0,0,0,1338257961,588757039,3639,110,14065256,14065366,4167491,4167491,36174,3.3750201260182684,3.3749937312402114,0.23178869673806562,literal-shorter-than-qgram
job_name_name,name.name,benchmarks/job/../../data/job/name__name.csv,job-csv,utf8,PairHorspool,static,qgram,full-scan,prefix_z,Z%,4,4167491,60681846,60681846,4167491,4167491,0,0,0,1338257961,588757039,3639,110,14027745,14027855,4167491,4167491,36174,3.3660192667482667,3.3659928719702092,0.231170538219948,literal-shorter-than-qgram
job_name_name,name.name,benchmarks/job/../../data/job/name__name.csv,job-csv,utf8,PairHorspool,static,trigram,full-scan,prefix_z,Z%,0,4167491,60681846,60681846,4167491,4167491,0,0,0,1338257961,3192349665,3639,450,14005469,14005919,4167491,4167491,36174,3.3607556680986233,3.360647689461117,0.23080904625083423,literal-shorter-than-trigram
job_name_name,name.name,benchmarks/job/../../data/job/name__name.csv,job-csv,utf8,PairHorspool,static,trigram,full-scan,prefix_z,Z%,1,4167491,60681846,60681846,4167491,4167491,0,0,0,1338257961,3192349665,3639,259,13939294,13939553,4167491,4167491,36174,3.344830978639186,3.344768830934488,0.22971537484209034,literal-shorter-than-trigram
job_name_name,name.name,benchmarks/job/../../data/job/name__name.csv,job-csv,utf8,PairHorspool,static,trigram,full-scan,prefix_z,Z%,2,4167491,60681846,60681846,4167491,4167491,0,0,0,1338257961,3192349665,3639,120,14783651,14783771,4167491,4167491,36174,3.5474032217466096,3.5473744274432746,0.24362757520593556,literal-shorter-than-trigram
job_name_name,name.name,benchmarks/job/../../data/job/name__name.csv,job-csv,utf8,PairHorspool,static,trigram,full-scan,prefix_z,Z%,3,4167491,60681846,60681846,4167491,4167491,0,0,0,1338257961,3192349665,3639,140,14336797,14336937,4167491,4167491,36174,3.440184273943243,3.440150680589352,0.23626402202727978,literal-shorter-than-trigram
job_name_name,name.name,benchmarks/job/../../data/job/name__name.csv,job-csv,utf8,PairHorspool,static,trigram,full-scan,prefix_z,Z%,4,4167491,60681846,60681846,4167491,4167491,0,0,0,1338257961,3192349665,3639,110,14474087,14474197,4167491,4167491,36174,3.4731201579079594,3.4730937631299024,0.23852598353715213,literal-shorter-than-trigram
job_name_name,name.name,benchmarks/job/../../data/job/name__name.csv,job-csv,utf8,PairHorspool,static,fm,fm,not_contains_yu,%Yu%,0,4167491,60681846,60681846,4167491,4167491,0,0,0,1338257961,62312623267,2690,358971,1102560,1461531,16079,16079,16079,0.3506980578962258,68.57142857142857,0.02408514401490027,
job_name_name,name.name,benchmarks/job/../../data/job/name__name.csv,job-csv,utf8,PairHorspool,static,fm,fm,not_contains_yu,%Yu%,1,4167491,60681846,60681846,4167491,4167491,0,0,0,1338257961,62312623267,2690,444963,1028475,1473438,16079,16079,16079,0.353555172644644,63.963865912059205,0.024281364149666772,
job_name_name,name.name,benchmarks/job/../../data/job/name__name.csv,job-csv,utf8,PairHorspool,static,fm,fm,not_contains_yu,%Yu%,2,4167491,60681846,60681846,4167491,4167491,0,0,0,1338257961,62312623267,2690,264213,484584,748797,16079,16079,16079,0.17967573295299258,30.137695130294173,0.01233972018583614,
job_name_name,name.name,benchmarks/job/../../data/job/name__name.csv,job-csv,utf8,PairHorspool,static,fm,fm,not_contains_yu,%Yu%,3,4167491,60681846,60681846,4167491,4167491,0,0,0,1338257961,62312623267,2690,210994,340195,551189,16079,16079,16079,0.13225919384109047,21.1577212513216,0.009083260255464213,
job_name_name,name.name,benchmarks/job/../../data/job/name__name.csv,job-csv,utf8,PairHorspool,static,fm,fm,not_contains_yu,%Yu%,4,4167491,60681846,60681846,4167491,4167491,0,0,0,1338257961,62312623267,2690,185010,336116,521126,16079,16079,16079,0.12504550099808254,20.90403632066671,0.008587840257858997,
job_name_name,name.name,benchmarks/job/../../data/job/name__name.csv,job-csv,utf8,PairHorspool,static,full-scan,full-scan,not_contains_yu,%Yu%,0,4167491,60681846,60681846,4167491,4167491,0,0,0,1338257961,0,2690,400,59185695,59186095,4167491,4167473,16079,14.201853105381632,14.201757124370515,0.9753509311499852,
job_name_name,name.name,benchmarks/job/../../data/job/name__name.csv,job-csv,utf8,PairHorspool,static,full-scan,full-scan,not_contains_yu,%Yu%,1,4167491,60681846,60681846,4167491,4167491,0,0,0,1338257961,0,2690,110,57988181,57988291,4167491,4167473,16079,13.91443700778238,13.914410613004323,0.9556118480640816,
job_name_name,name.name,benchmarks/job/../../data/job/name__name.csv,job-csv,utf8,PairHorspool,static,full-scan,full-scan,not_contains_yu,%Yu%,2,4167491,60681846,60681846,4167491,4167491,0,0,0,1338257961,0,2690,100,58076997,58077097,4167491,4167473,16079,13.935746231965467,13.935722236712689,0.9570753170561094,
job_name_name,name.name,benchmarks/job/../../data/job/name__name.csv,job-csv,utf8,PairHorspool,static,full-scan,full-scan,not_contains_yu,%Yu%,3,4167491,60681846,60681846,4167491,4167491,0,0,0,1338257961,0,2690,120,58262487,58262607,4167491,4167473,16079,13.980259825396143,13.980231031092808,0.9601324092876146,
job_name_name,name.name,benchmarks/job/../../data/job/name__name.csv,job-csv,utf8,PairHorspool,static,full-scan,full-scan,not_contains_yu,%Yu%,4,4167491,60681846,60681846,4167491,4167491,0,0,0,1338257961,0,2690,110,58871405,58871515,4167491,4167473,16079,14.126368839188855,14.126342444410797,0.9701668436388702,
job_name_name,name.name,benchmarks/job/../../data/job/name__name.csv,job-csv,utf8,PairHorspool,static,prefix-btree,full-scan,not_contains_yu,%Yu%,0,4167491,60681846,60681846,4167491,4167491,0,0,0,1338257961,1584574030,2690,1359,57774407,57775766,4167491,4167473,16079,13.863441096813407,13.863115001328138,0.9521095650254279,no-indexable-prefix
job_name_name,name.name,benchmarks/job/../../data/job/name__name.csv,job-csv,utf8,PairHorspool,static,prefix-btree,full-scan,not_contains_yu,%Yu%,1,4167491,60681846,60681846,4167491,4167491,0,0,0,1338257961,1584574030,2690,810,58888779,58889589,4167491,4167473,16079,14.130705741176167,14.130511379628654,0.9704646921914669,no-indexable-prefix
job_name_name,name.name,benchmarks/job/../../data/job/name__name.csv,job-csv,utf8,PairHorspool,static,prefix-btree,full-scan,not_contains_yu,%Yu%,2,4167491,60681846,60681846,4167491,4167491,0,0,0,1338257961,1584574030,2690,440,60599848,60600288,4167491,4167473,16079,14.541192290517245,14.541086711405015,0.9986559736498458,no-indexable-prefix
job_name_name,name.name,benchmarks/job/../../data/job/name__name.csv,job-csv,utf8,PairHorspool,static,prefix-btree,full-scan,not_contains_yu,%Yu%,3,4167491,60681846,60681846,4167491,4167491,0,0,0,1338257961,1584574030,2690,590,59298141,59298731,4167491,4167473,16079,14.228880398302,14.228738826310602,0.977207104081837,no-indexable-prefix
job_name_name,name.name,benchmarks/job/../../data/job/name__name.csv,job-csv,utf8,PairHorspool,static,prefix-btree,full-scan,not_contains_yu,%Yu%,4,4167491,60681846,60681846,4167491,4167491,0,0,0,1338257961,1584574030,2690,510,58063137,58063647,4167491,4167473,16079,13.932518870466668,13.932396494677493,0.9568536692176438,no-indexable-prefix
job_name_name,name.name,benchmarks/job/../../data/job/name__name.csv,job-csv,utf8,PairHorspool,static,qgram,full-scan,not_contains_yu,%Yu%,0,4167491,60681846,60681846,4167491,4167491,0,0,0,1338257961,588757039,2690,460,58331233,58331693,4167491,4167473,16079,13.996837185731176,13.996726807568391,0.9612709046458474,literal-shorter-than-qgram
job_name_name,name.name,benchmarks/job/../../data/job/name__name.csv,job-csv,utf8,PairHorspool,static,qgram,full-scan,not_contains_yu,%Yu%,1,4167491,60681846,60681846,4167491,4167491,0,0,0,1338257961,588757039,2690,420,58878232,58878652,4167491,4167473,16079,14.128081380379706,14.127980600318033,0.9702844570680991,literal-shorter-than-qgram
job_name_name,name.name,benchmarks/job/../../data/job/name__name.csv,job-csv,utf8,PairHorspool,static,qgram,full-scan,not_contains_yu,%Yu%,2,4167491,60681846,60681846,4167491,4167491,0,0,0,1338257961,588757039,2690,110,57944463,57944573,4167491,4167473,16079,13.903946763172375,13.903920368394317,0.954891401952406,literal-shorter-than-qgram
job_name_name,name.name,benchmarks/job/../../data/job/name__name.csv,job-csv,utf8,PairHorspool,static,qgram,full-scan,not_contains_yu,%Yu%,3,4167491,60681846,60681846,4167491,4167491,0,0,0,1338257961,588757039,2690,130,57515519,57515649,4167491,4167473,16079,13.80102536514176,13.800994171313148,0.9478229947058631,literal-shorter-than-qgram
job_name_name,name.name,benchmarks/job/../../data/job/name__name.csv,job-csv,utf8,PairHorspool,static,qgram,full-scan,not_contains_yu,%Yu%,4,4167491,60681846,60681846,4167491,4167491,0,0,0,1338257961,588757039,2690,110,59899287,59899397,4167491,4167473,16079,14.37301172336065,14.372985328582594,0.9871057152743837,literal-shorter-than-qgram
job_name_name,name.name,benchmarks/job/../../data/job/name__name.csv,job-csv,utf8,PairHorspool,static,trigram,full-scan,not_contains_yu,%Yu%,0,4167491,60681846,60681846,4167491,4167491,0,0,0,1338257961,3192349665,2690,540,58159054,58159594,4167491,4167473,16079,13.955541595650717,13.955412021285708,0.9584348175564732,literal-shorter-than-trigram
job_name_name,name.name,benchmarks/job/../../data/job/name__name.csv,job-csv,utf8,PairHorspool,static,trigram,full-scan,not_contains_yu,%Yu%,1,4167491,60681846,60681846,4167491,4167491,0,0,0,1338257961,3192349665,2690,110,59973300,59973410,4167491,4167473,16079,14.390771329800112,14.390744935022056,0.9883254046028856,literal-shorter-than-trigram
job_name_name,name.name,benchmarks/job/../../data/job/name__name.csv,job-csv,utf8,PairHorspool,static,trigram,full-scan,not_contains_yu,%Yu%,2,4167491,60681846,60681846,4167491,4167491,0,0,0,1338257961,3192349665,2690,110,59597473,59597583,4167491,4167473,16079,14.300590691137666,14.300564296359608,0.9821320036967893,literal-shorter-than-trigram
job_name_name,name.name,benchmarks/job/../../data/job/name__name.csv,job-csv,utf8,PairHorspool,static,trigram,full-scan,not_contains_yu,%Yu%,3,4167491,60681846,60681846,4167491,4167491,0,0,0,1338257961,3192349665,2690,130,60728314,60728444,4167491,4167473,16079,14.571943646668943,14.57191245284033,1.0007679067640758,literal-shorter-than-trigram
job_name_name,name.name,benchmarks/job/../../data/job/name__name.csv,job-csv,utf8,PairHorspool,static,trigram,full-scan,not_contains_yu,%Yu%,4,4167491,60681846,60681846,4167491,4167491,0,0,0,1338257961,3192349665,2690,130,60048035,60048165,4167491,4167473,16079,14.408708981015195,14.408677787186583,0.989557321641138,literal-shorter-than-trigram
job_name_name,name.name,benchmarks/job/../../data/job/name__name.csv,job-csv,utf8,StdSearch,static,fm,fm,contains_an,%An%,0,4167491,60681846,60681846,4167491,4167491,0,0,0,1338257961,62312623267,2259,3320994,13150276,16471270,163621,163621,163621,3.952322872442916,80.37034366004363,0.2714365347422028,
job_name_name,name.name,benchmarks/job/../../data/job/name__name.csv,job-csv,utf8,StdSearch,static,fm,fm,contains_an,%An%,1,4167491,60681846,60681846,4167491,4167491,0,0,0,1338257961,62312623267,2259,3222715,13170741,16393456,163621,163621,163621,3.933651206445317,80.49541929214465,0.27015420724016864,
job_name_name,name.name,benchmarks/job/../../data/job/name__name.csv,job-csv,utf8,StdSearch,static,fm,fm,contains_an,%An%,2,4167491,60681846,60681846,4167491,4167491,0,0,0,1338257961,62312623267,2259,3292530,13419018,16711548,163621,163621,163621,4.009978185915698,82.01281009161416,0.27539617038018255,
job_name_name,name.name,benchmarks/job/../../data/job/name__name.csv,job-csv,utf8,StdSearch,static,fm,fm,contains_an,%An%,3,4167491,60681846,60681846,4167491,4167491,0,0,0,1338257961,62312623267,2259,3433070,13465657,16898727,163621,163621,163621,4.054892260115259,82.29785296508395,0.2784807667189294,
job_name_name,name.name,benchmarks/job/../../data/job/name__name.csv,job-csv,utf8,StdSearch,static,fm,fm,contains_an,%An%,4,4167491,60681846,60681846,4167491,4167491,0,0,0,1338257961,62312623267,2259,3169897,13451041,16620938,163621,163621,163621,3.9882360873724743,82.20852457814095,0.2739029725628321,
job_name_name,name.name,benchmarks/job/../../data/job/name__name.csv,job-csv,utf8,StdSearch,static,full-scan,full-scan,contains_an,%An%,0,4167491,60681846,60681846,4167491,4167491,0,0,0,1338257961,0,2259,860,94191531,94192391,4167491,4167473,163621,22.601702319213167,22.601495960039266,1.552233447215828,
job_name_name,name.name,benchmarks/job/../../data/job/name__name.csv,job-csv,utf8,StdSearch,static,full-scan,full-scan,contains_an,%An%,1,4167491,60681846,60681846,4167491,4167491,0,0,0,1338257961,0,2259,110,92025635,92025745,4167491,4167473,163621,22.081810134682954,22.081783739904896,1.5165284358686122,
job_name_name,name.name,benchmarks/job/../../data/job/name__name.csv,job-csv,utf8,StdSearch,static,full-scan,full-scan,contains_an,%An%,2,4167491,60681846,60681846,4167491,4167491,0,0,0,1338257961,0,2259,100,93168989,93169089,4167491,4167473,163621,22.35615841761866,22.35613442236588,1.535370051201145,
job_name_name,name.name,benchmarks/job/../../data/job/name__name.csv,job-csv,utf8,StdSearch,static,full-scan,full-scan,contains_an,%An%,3,4167491,60681846,60681846,4167491,4167491,0,0,0,1338257961,0,2259,110,93121369,93121479,4167491,4167473,163621,22.344734277770485,22.344707882992427,1.5345854672911565,
job_name_name,name.name,benchmarks/job/../../data/job/name__name.csv,job-csv,utf8,StdSearch,static,full-scan,full-scan,contains_an,%An%,4,4167491,60681846,60681846,4167491,4167491,0,0,0,1338257961,0,2259,110,93175877,93175987,4167491,4167473,163621,22.357813610155368,22.35778721537731,1.5354837260554004,
job_name_name,name.name,benchmarks/job/../../data/job/name__name.csv,job-csv,utf8,StdSearch,static,prefix-btree,full-scan,contains_an,%An%,0,4167491,60681846,60681846,4167491,4167491,0,0,0,1338257961,1584574030,2259,1659,93410538,93412197,4167491,4167473,163621,22.41449279674509,22.414094715501484,1.5393763235218652,no-indexable-prefix
job_name_name,name.name,benchmarks/job/../../data/job/name__name.csv,job-csv,utf8,StdSearch,static,prefix-btree,full-scan,contains_an,%An%,1,4167491,60681846,60681846,4167491,4167491,0,0,0,1338257961,1584574030,2259,530,96897296,96897826,4167491,4167473,163621,23.25087828623985,23.25075111140012,1.5968173743428966,no-indexable-prefix
job_name_name,name.name,benchmarks/job/../../data/job/name__name.csv,job-csv,utf8,StdSearch,static,prefix-btree,full-scan,contains_an,%An%,2,4167491,60681846,60681846,4167491,4167491,0,0,0,1338257961,1584574030,2259,7229,100313686,100320915,4167491,4167473,163621,24.072257144646503,24.070522527823094,1.6532278039135462,no-indexable-prefix
job_name_name,name.name,benchmarks/job/../../data/job/name__name.csv,job-csv,utf8,StdSearch,static,prefix-btree,full-scan,contains_an,%An%,3,4167491,60681846,60681846,4167491,4167491,0,0,0,1338257961,1584574030,2259,729,95992561,95993290,4167491,4167473,163621,23.033832586561076,23.033657661168313,1.5819111699403476,no-indexable-prefix
job_name_name,name.name,benchmarks/job/../../data/job/name__name.csv,job-csv,utf8,StdSearch,static,prefix-btree,full-scan,contains_an,%An%,4,4167491,60681846,60681846,4167491,4167491,0,0,0,1338257961,1584574030,2259,840,100963807,100964647,4167491,4167473,163621,24.22672226526704,24.226520705143695,1.6638361166534057,no-indexable-prefix
job_name_name,name.name,benchmarks/job/../../data/job/name__name.csv,job-csv,utf8,StdSearch,static,qgram,full-scan,contains_an,%An%,0,4167491,60681846,60681846,4167491,4167491,0,0,0,1338257961,588757039,2259,710,93257414,93258124,4167491,4167473,163621,22.37752259093061,22.377352224635878,1.5368372939742143,literal-shorter-than-qgram
job_name_name,name.name,benchmarks/job/../../data/job/name__name.csv,job-csv,utf8,StdSearch,static,qgram,full-scan,contains_an,%An%,1,4167491,60681846,60681846,4167491,4167491,0,0,0,1338257961,588757039,2259,100,94456501,94456601,4167491,4167473,163621,22.665100176581067,22.665076181328285,1.5565874676917377,literal-shorter-than-qgram
job_name_name,name.name,benchmarks/job/../../data/job/name__name.csv,job-csv,utf8,StdSearch,static,qgram,full-scan,contains_an,%An%,2,4167491,60681846,60681846,4167491,4167491,0,0,0,1338257961,588757039,2259,110,93484320,93484430,4167491,4167473,163621,22.431825287685083,22.43179889290703,1.540566679530481,literal-shorter-than-qgram
job_name_name,name.name,benchmarks/job/../../data/job/name__name.csv,job-csv,utf8,StdSearch,static,qgram,full-scan,contains_an,%An%,3,4167491,60681846,60681846,4167491,4167491,0,0,0,1338257961,588757039,2259,100,93573934,93574034,4167491,4167473,163621,22.45332599398535,22.45330199873257,1.542043299078278,literal-shorter-than-qgram
job_name_name,name.name,benchmarks/job/../../data/job/name__name.csv,job-csv,utf8,StdSearch,static,qgram,full-scan,contains_an,%An%,4,4167491,60681846,60681846,4167491,4167491,0,0,0,1338257961,588757039,2259,120,93545141,93545261,4167491,4167473,163621,22.446421839903195,22.44639304559986,1.5415691374978935,literal-shorter-than-qgram
job_name_name,name.name,benchmarks/job/../../data/job/name__name.csv,job-csv,utf8,StdSearch,static,trigram,full-scan,contains_an,%An%,0,4167491,60681846,60681846,4167491,4167491,0,0,0,1338257961,3192349665,2259,450,93523867,93524317,4167491,4167473,163621,22.44139627416112,22.441288295523613,1.5412239930868286,literal-shorter-than-trigram
job_name_name,name.name,benchmarks/job/../../data/job/name__name.csv,job-csv,utf8,StdSearch,static,trigram,full-scan,contains_an,%An%,1,4167491,60681846,60681846,4167491,4167491,0,0,0,1338257961,3192349665,2259,110,92462035,92462145,4167491,4167473,163621,22.18652541781134,22.18649902303328,1.5237200430586768,literal-shorter-than-trigram
job_name_name,name.name,benchmarks/job/../../data/job/name__name.csv,job-csv,utf8,StdSearch,static,trigram,full-scan,contains_an,%An%,2,4167491,60681846,60681846,4167491,4167491,0,0,0,1338257961,3192349665,2259,110,93868243,93868353,4167491,4167473,163621,22.523948582012533,22.52392218723448,1.5468934976038797,literal-shorter-than-trigram
job_name_name,name.name,benchmarks/job/../../data/job/name__name.csv,job-csv,utf8,StdSearch,static,trigram,full-scan,contains_an,%An%,3,4167491,60681846,60681846,4167491,4167491,0,0,0,1338257961,3192349665,2259,110,94909568,94909678,4167491,4167473,163621,22.773817148015436,22.77379075323738,1.5640539017221065,literal-shorter-than-trigram
job_name_name,name.name,benchmarks/job/../../data/job/name__name.csv,job-csv,utf8,StdSearch,static,trigram,full-scan,contains_an,%An%,4,4167491,60681846,60681846,4167491,4167491,0,0,0,1338257961,3192349665,2259,120,93991142,93991262,4167491,4167473,163621,22.55344090725091,22.553412112947573,1.5489189633420184,literal-shorter-than-trigram
job_name_name,name.name,benchmarks/job/../../data/job/name__name.csv,job-csv,utf8,StdSearch,static,fm,fm,contains_ang,%Ang%,0,4167491,60681846,60681846,4167491,4167491,0,0,0,1338257961,62312623267,2209,312351,951810,1264161,15803,15803,15803,0.3033386274859382,60.229703220907425,0.020832606180108626,
job_name_name,name.name,benchmarks/job/../../data/job/name__name.csv,job-csv,utf8,StdSearch,static,fm,fm,contains_ang,%Ang%,1,4167491,60681846,60681846,4167491,4167491,0,0,0,1338257961,62312623267,2209,220424,637650,858074,15803,15803,15803,0.20589702533250823,40.349933556919574,0.01414053883594774,
job_name_name,name.name,benchmarks/job/../../data/job/name__name.csv,job-csv,utf8,StdSearch,static,fm,fm,contains_ang,%Ang%,2,4167491,60681846,60681846,4167491,4167491,0,0,0,1338257961,62312623267,2209,202130,549561,751691,15803,15803,15803,0.18037015556842234,34.77573878377523,0.012387411549740922,
job_name_name,name.name,benchmarks/job/../../data/job/name__name.csv,job-csv,utf8,StdSearch,static,fm,fm,contains_ang,%Ang%,3,4167491,60681846,60681846,4167491,4167491,0,0,0,1338257961,62312623267,2209,187133,586822,773955,15803,15803,15803,0.18571245864718125,37.13358223122192,0.0127543087598225,
job_name_name,name.name,benchmarks/job/../../data/job/name__name.csv,job-csv,utf8,StdSearch,static,fm,fm,contains_ang,%Ang%,4,4167491,60681846,60681846,4167491,4167491,0,0,0,1338257961,62312623267,2209,181704,540604,722308,15803,15803,15803,0.1733196304443129,34.20894766816427,0.011903197539507944,
job_name_name,name.name,benchmarks/job/../../data/job/name__name.csv,job-csv,utf8,StdSearch,static,full-scan,full-scan,contains_ang,%Ang%,0,4167491,60681846,60681846,4167491,4167491,0,0,0,1338257961,0,2209,520,89184642,89185162,4167491,4167235,15803,21.40020506343025,21.4000802881158,1.4697173517100979,
job_name_name,name.name,benchmarks/job/../../data/job/name__name.csv,job-csv,utf8,StdSearch,static,full-scan,full-scan,contains_ang,%Ang%,1,4167491,60681846,60681846,4167491,4167491,0,0,0,1338257961,0,2209,110,89524047,89524157,4167491,4167235,15803,21.481547770589067,21.48152137581101,1.4753037836060559,
job_name_name,name.name,benchmarks/job/../../data/job/name__name.csv,job-csv,utf8,StdSearch,static,full-scan,full-scan,contains_ang,%Ang%,2,4167491,60681846,60681846,4167491,4167491,0,0,0,1338257961,0,2209,110,88856415,88856525,4167491,4167235,15803,21.321347784554305,21.321321389776248,1.4643016133688485,
job_name_name,name.name,benchmarks/job/../../data/job/name__name.csv,job-csv,utf8,StdSearch,static,full-scan,full-scan,contains_ang,%Ang%,3,4167491,60681846,60681846,4167491,4167491,0,0,0,1338257961,0,2209,100,89473469,89473569,4167491,4167235,15803,21.46940905211313,21.46938505686035,1.4744701240631342,
job_name_name,name.name,benchmarks/job/../../data/job/name__name.csv,job-csv,utf8,StdSearch,static,full-scan,full-scan,contains_ang,%Ang%,4,4167491,60681846,60681846,4167491,4167491,0,0,0,1338257961,0,2209,110,88827221,88827331,4167491,4167235,15803,21.314342610457945,21.31431621567989,1.463820513963929,
job_name_name,name.name,benchmarks/job/../../data/job/name__name.csv,job-csv,utf8,StdSearch,static,prefix-btree,full-scan,contains_ang,%Ang%,0,4167491,60681846,60681846,4167491,4167491,0,0,0,1338257961,1584574030,2209,1130,88141485,88142615,4167491,4167235,15803,21.15004327543839,21.14977212908198,1.4525368097733875,no-indexable-prefix
job_name_name,name.name,benchmarks/job/../../data/job/name__name.csv,job-csv,utf8,StdSearch,static,prefix-btree,full-scan,contains_ang,%Ang%,1,4167491,60681846,60681846,4167491,4167491,0,0,0,1338257961,1584574030,2209,680,89815727,89816407,4167491,4167235,15803,21.55167389683625,21.55151072911735,1.4801198862671383,no-indexable-prefix
job_name_name,name.name,benchmarks/job/../../data/job/name__name.csv,job-csv,utf8,StdSearch,static,prefix-btree,full-scan,contains_ang,%Ang%,2,4167491,60681846,60681846,4167491,4167491,0,0,0,1338257961,1584574030,2209,510,87821081,87821591,4167491,4167235,15803,21.07301275515652,21.072890379367347,1.4472465290525276,no-indexable-prefix
job_name_name,name.name,benchmarks/job/../../data/job/name__name.csv,job-csv,utf8,StdSearch,static,prefix-btree,full-scan,contains_ang,%Ang%,3,4167491,60681846,60681846,4167491,4167491,0,0,0,1338257961,1584574030,2209,380,88210926,88211306,4167491,4167235,15803,21.16652585452494,21.166434672564378,1.4536687957713086,no-indexable-prefix
job_name_name,name.name,benchmarks/job/../../data/job/name__name.csv,job-csv,utf8,StdSearch,static,prefix-btree,full-scan,contains_ang,%Ang%,4,4167491,60681846,60681846,4167491,4167491,0,0,0,1338257961,1584574030,2209,489,101231950,101232439,4167491,4167235,15803,24.29097963258949,24.290862295803397,1.668249166315738,no-indexable-prefix
job_name_name,name.name,benchmarks/job/../../data/job/name__name.csv,job-csv,utf8,StdSearch,static,qgram,full-scan,contains_ang,%Ang%,0,4167491,60681846,60681846,4167491,4167491,0,0,0,1338257961,588757039,2209,540,88101216,88101756,4167491,4167235,15803,21.140239055105337,21.140109480740332,1.451863478246855,literal-shorter-than-qgram
job_name_name,name.name,benchmarks/job/../../data/job/name__name.csv,job-csv,utf8,StdSearch,static,qgram,full-scan,contains_ang,%Ang%,1,4167491,60681846,60681846,4167491,4167491,0,0,0,1338257961,588757039,2209,130,88864791,88864921,4167491,4167235,15803,21.323362425977646,21.32333123214903,1.4644399743541092,literal-shorter-than-qgram
job_name_name,name.name,benchmarks/job/../../data/job/name__name.csv,job-csv,utf8,StdSearch,static,qgram,full-scan,contains_ang,%Ang%,2,4167491,60681846,60681846,4167491,4167491,0,0,0,1338257961,588757039,2209,110,87783522,87783632,4167491,4167235,15803,21.06390439715407,21.06387800237601,1.4466209877662588,literal-shorter-than-qgram
job_name_name,name.name,benchmarks/job/../../data/job/name__name.csv,job-csv,utf8,StdSearch,static,qgram,full-scan,contains_ang,%Ang%,3,4167491,60681846,60681846,4167491,4167491,0,0,0,1338257961,588757039,2209,110,88454381,88454491,4167491,4167235,15803,21.224878709996016,21.22485231521796,1.4576763370053047,literal-shorter-than-qgram
job_name_name,name.name,benchmarks/job/../../data/job/name__name.csv,job-csv,utf8,StdSearch,static,qgram,full-scan,contains_ang,%Ang%,4,4167491,60681846,60681846,4167491,4167491,0,0,0,1338257961,588757039,2209,120,87898737,87898857,4167491,4167235,15803,21.091552927168888,21.091524132865555,1.448519825847091,literal-shorter-than-qgram
job_name_name,name.name,benchmarks/job/../../data/job/name__name.csv,job-csv,utf8,StdSearch,static,trigram,trigram,contains_ang,%Ang%,0,4167491,60681846,60681846,4167491,4167491,0,0,0,1338257961,3192349665,2209,5478,594022,599500,15803,15803,15803,0.14385154041124504,37.58919192558375,0.009879396220082033,
job_name_name,name.name,benchmarks/job/../../data/job/name__name.csv,job-csv,utf8,StdSearch,static,trigram,trigram,contains_ang,%Ang%,1,4167491,60681846,60681846,4167491,4167491,0,0,0,1338257961,3192349665,2209,4399,539057,543456,15803,15803,15803,0.1304036409436757,34.111054863000696,0.008955825107891412,
job_name_name,name.name,benchmarks/job/../../data/job/name__name.csv,job-csv,utf8,StdSearch,static,trigram,trigram,contains_ang,%Ang%,2,4167491,60681846,60681846,4167491,4167491,0,0,0,1338257961,3192349665,2209,4969,540776,545745,15803,15803,15803,0.13095289227979137,34.219831677529584,0.008993546438913542,
job_name_name,name.name,benchmarks/job/../../data/job/name__name.csv,job-csv,utf8,StdSearch,static,trigram,trigram,contains_ang,%Ang%,3,4167491,60681846,60681846,4167491,4167491,0,0,0,1338257961,3192349665,2209,4159,529429,533588,15803,15803,15803,0.12803578939942523,33.50180345504018,0.008793206455848426,
job_name_name,name.name,benchmarks/job/../../data/job/name__name.csv,job-csv,utf8,StdSearch,static,trigram,trigram,contains_ang,%Ang%,4,4167491,60681846,60681846,4167491,4167491,0,0,0,1338257961,3192349665,2209,3979,537017,540996,15803,15803,15803,0.12981335772530764,33.98196544959818,0.008915285800633025,
job_name_name,name.name,benchmarks/job/../../data/job/name__name.csv,job-csv,utf8,StdSearch,static,fm,fm,contains_angel,%Angel%,0,4167491,60681846,60681846,4167491,4167491,0,0,0,1338257961,62312623267,1859,163644,484542,648186,12221,12221,12221,0.15553386917932158,39.64831028557401,0.010681711957147778,
job_name_name,name.name,benchmarks/job/../../data/job/name__name.csv,job-csv,utf8,StdSearch,static,fm,fm,contains_angel,%Angel%,1,4167491,60681846,60681846,4167491,4167491,0,0,0,1338257961,62312623267,1859,147458,473935,621393,12221,12221,12221,0.14910482110219314,38.78037803780378,0.010240179575288465,
job_name_name,name.name,benchmarks/job/../../data/job/name__name.csv,job-csv,utf8,StdSearch,static,fm,fm,contains_angel,%Angel%,2,4167491,60681846,60681846,4167491,4167491,0,0,0,1338257961,62312623267,1859,146379,465087,611466,12221,12221,12221,0.14672281235880294,38.05637836510924,0.010076588639047005,
job_name_name,name.name,benchmarks/job/../../data/job/name__name.csv,job-csv,utf8,StdSearch,static,fm,fm,contains_angel,%Angel%,3,4167491,60681846,60681846,4167491,4167491,0,0,0,1338257961,62312623267,1859,136751,471186,607937,12221,12221,12221,0.14587601988822532,38.55543736191801,0.010018432860463737,
job_name_name,name.name,benchmarks/job/../../data/job/name__name.csv,job-csv,utf8,StdSearch,static,fm,fm,contains_angel,%Angel%,4,4167491,60681846,60681846,4167491,4167491,0,0,0,1338257961,62312623267,1859,135702,463518,599220,12221,12221,12221,0.14378435370346332,37.92799279927993,0.009874781989987582,
job_name_name,name.name,benchmarks/job/../../data/job/name__name.csv,job-csv,utf8,StdSearch,static,full-scan,full-scan,contains_angel,%Angel%,0,4167491,60681846,60681846,4167491,4167491,0,0,0,1338257961,0,1859,440,105630766,105631206,4167491,4153604,12221,25.346474893407088,25.34636931429486,1.7407381772795771,
job_name_name,name.name,benchmarks/job/../../data/job/name__name.csv,job-csv,utf8,StdSearch,static,full-scan,full-scan,contains_angel,%Angel%,1,4167491,60681846,60681846,4167491,4167491,0,0,0,1338257961,0,1859,140,103991254,103991394,4167491,4153604,12221,24.952997858903593,24.952964265549703,1.7137150705665745,
job_name_name,name.name,benchmarks/job/../../data/job/name__name.csv,job-csv,utf8,StdSearch,static,full-scan,full-scan,contains_angel,%Angel%,2,4167491,60681846,60681846,4167491,4167491,0,0,0,1338257961,0,1859,110,105412280,105412390,4167491,4153604,12221,25.293969441085775,25.293943046307717,1.737132222378337,
job_name_name,name.name,benchmarks/job/../../data/job/name__name.csv,job-csv,utf8,StdSearch,static,full-scan,full-scan,contains_angel,%Angel%,3,4167491,60681846,60681846,4167491,4167491,0,0,0,1338257961,0,1859,110,117886095,117886205,4167491,4153604,12221,28.287092881544314,28.287066486766257,1.942693124398358,
job_name_name,name.name,benchmarks/job/../../data/job/name__name.csv,job-csv,utf8,StdSearch,static,full-scan,full-scan,contains_angel,%Angel%,4,4167491,60681846,60681846,4167491,4167491,0,0,0,1338257961,0,1859,110,105820303,105820413,4167491,4153604,12221,25.39187559133301,25.391849196554954,1.7438561938277224,
job_name_name,name.name,benchmarks/job/../../data/job/name__name.csv,job-csv,utf8,StdSearch,static,prefix-btree,full-scan,contains_angel,%Angel%,0,4167491,60681846,60681846,4167491,4167491,0,0,0,1338257961,1584574030,1859,1029,106046100,106047129,4167491,4153604,12221,25.44627666862388,25.446029757472783,1.7475923359351988,no-indexable-prefix
job_name_name,name.name,benchmarks/job/../../data/job/name__name.csv,job-csv,utf8,StdSearch,static,prefix-btree,full-scan,contains_angel,%Angel%,1,4167491,60681846,60681846,4167491,4167491,0,0,0,1338257961,1584574030,1859,770,106853848,106854618,4167491,4153604,12221,25.640035695338035,25.639850931891633,1.7608992646664046,no-indexable-prefix
job_name_name,name.name,benchmarks/job/../../data/job/name__name.csv,job-csv,utf8,StdSearch,static,prefix-btree,full-scan,contains_angel,%Angel%,2,4167491,60681846,60681846,4167491,4167491,0,0,0,1338257961,1584574030,1859,470,106216505,106216975,4167491,4153604,12221,25.487031645659222,25.48691886797116,1.750391294951706,no-indexable-prefix
job_name_name,name.name,benchmarks/job/../../data/job/name__name.csv,job-csv,utf8,StdSearch,static,prefix-btree,full-scan,contains_angel,%Angel%,3,4167491,60681846,60681846,4167491,4167491,0,0,0,1338257961,1584574030,1859,510,107852127,107852637,4167491,4153604,12221,25.87951287717238,25.879390501383206,1.7773460121829516,no-indexable-prefix
job_name_name,name.name,benchmarks/job/../../data/job/name__name.csv,job-csv,utf8,StdSearch,static,prefix-btree,full-scan,contains_angel,%Angel%,4,4167491,60681846,60681846,4167491,4167491,0,0,0,1338257961,1584574030,1859,780,107185794,107186574,4167491,4153604,12221,25.719689376653722,25.719502213682045,1.7663696981136665,no-indexable-prefix
job_name_name,name.name,benchmarks/job/../../data/job/name__name.csv,job-csv,utf8,StdSearch,static,qgram,full-scan,contains_angel,%Angel%,0,4167491,60681846,60681846,4167491,4167491,0,0,0,1338257961,588757039,1859,419,120183322,120183741,4167491,4153604,12221,28.83839245243721,28.838291912328064,1.9805551235207972,literal-shorter-than-qgram
job_name_name,name.name,benchmarks/job/../../data/job/name__name.csv,job-csv,utf8,StdSearch,static,qgram,full-scan,contains_angel,%Angel%,1,4167491,60681846,60681846,4167491,4167491,0,0,0,1338257961,588757039,1859,110,105378486,105378596,4167491,4153604,12221,25.285860485361574,25.28583409058352,1.7365753177647232,literal-shorter-than-qgram
job_name_name,name.name,benchmarks/job/../../data/job/name__name.csv,job-csv,utf8,StdSearch,static,qgram,full-scan,contains_angel,%Angel%,2,4167491,60681846,60681846,4167491,4167491,0,0,0,1338257961,588757039,1859,100,106598251,106598351,4167491,4153604,12221,25.578543780898386,25.578519785645607,1.7566761400106385,literal-shorter-than-qgram
job_name_name,name.name,benchmarks/job/../../data/job/name__name.csv,job-csv,utf8,StdSearch,static,qgram,full-scan,contains_angel,%Angel%,3,4167491,60681846,60681846,4167491,4167491,0,0,0,1338257961,588757039,1859,110,106551503,106551613,4167491,4153604,12221,25.56732887965445,25.567302484876393,1.7559059261315155,literal-shorter-than-qgram
job_name_name,name.name,benchmarks/job/../../data/job/name__name.csv,job-csv,utf8,StdSearch,static,qgram,full-scan,contains_angel,%Angel%,4,4167491,60681846,60681846,4167491,4167491,0,0,0,1338257961,588757039,1859,110,105995021,105995131,4167491,4153604,12221,25.433799617083757,25.4337732223057,1.746735440447873,literal-shorter-than-qgram
job_name_name,name.name,benchmarks/job/../../data/job/name__name.csv,job-csv,utf8,StdSearch,static,trigram,trigram,contains_angel,%Angel%,0,4167491,60681846,60681846,4167491,4167491,0,0,0,1338257961,3192349665,1859,160992,575528,736520,12227,12227,12221,0.1767298357692914,47.07025435511573,0.012137402675587687,
job_name_name,name.name,benchmarks/job/../../data/job/name__name.csv,job-csv,utf8,StdSearch,static,trigram,trigram,contains_angel,%Angel%,1,4167491,60681846,60681846,4167491,4167491,0,0,0,1338257961,3192349665,1859,156603,494042,650645,12227,12227,12221,0.15612391244516186,40.40582317821215,0.010722234785012967,
job_name_name,name.name,benchmarks/job/../../data/job/name__name.csv,job-csv,utf8,StdSearch,static,trigram,trigram,contains_angel,%Angel%,2,4167491,60681846,60681846,4167491,4167491,0,0,0,1338257961,3192349665,1859,153954,480936,634890,12227,12227,12221,0.15234346036980043,39.33393309887953,0.010462601945234164,
job_name_name,name.name,benchmarks/job/../../data/job/name__name.csv,job-csv,utf8,StdSearch,static,trigram,trigram,contains_angel,%Angel%,3,4167491,60681846,60681846,4167491,4167491,0,0,0,1338257961,3192349665,1859,152744,495982,648726,12227,12227,12221,0.15566344354432918,40.56448842725116,0.010690610829472789,
job_name_name,name.name,benchmarks/job/../../data/job/name__name.csv,job-csv,utf8,StdSearch,static,trigram,trigram,contains_angel,%Angel%,4,4167491,60681846,60681846,4167491,4167491,0,0,0,1338257961,3192349665,1859,152984,487275,640259,12227,12227,12221,0.15363176549151517,39.85237588942504,0.01055107980729525,
job_name_name,name.name,benchmarks/job/../../data/job/name__name.csv,job-csv,utf8,StdSearch,static,fm,fm,contains_b,%B%,0,4167491,60681846,60681846,4167491,4167491,0,0,0,1338257961,62312623267,1980,11461301,18046213,29507514,536716,536716,536716,7.080402573154927,33.623393004866635,0.48626592539719377,
job_name_name,name.name,benchmarks/job/../../data/job/name__name.csv,job-csv,utf8,StdSearch,static,fm,fm,contains_b,%B%,1,4167491,60681846,60681846,4167491,4167491,0,0,0,1338257961,62312623267,1980,11184297,18221618,29405915,536716,536716,536716,7.056023636283798,33.95020457746741,0.48459163552802925,
job_name_name,name.name,benchmarks/job/../../data/job/name__name.csv,job-csv,utf8,StdSearch,static,fm,fm,contains_b,%B%,2,4167491,60681846,60681846,4167491,4167491,0,0,0,1338257961,62312623267,1980,11235591,17779528,29015119,536716,536716,536716,6.962251148232833,33.12651010962967,0.4781515545852049,
job_name_name,name.name,benchmarks/job/../../data/job/name__name.csv,job-csv,utf8,StdSearch,static,fm,fm,contains_b,%B%,3,4167491,60681846,60681846,4167491,4167491,0,0,0,1338257961,62312623267,1980,11349195,17823243,29172438,536716,536716,536716,7.000000239952528,33.20795914412837,0.48074407624316506,
job_name_name,name.name,benchmarks/job/../../data/job/name__name.csv,job-csv,utf8,StdSearch,static,fm,fm,contains_b,%B%,4,4167491,60681846,60681846,4167491,4167491,0,0,0,1338257961,62312623267,1980,11332731,17975995,29308726,536716,536716,536716,7.03270289006023,33.49256403759158,0.48299001978285233,
job_name_name,name.name,benchmarks/job/../../data/job/name__name.csv,job-csv,utf8,StdSearch,static,full-scan,full-scan,contains_b,%B%,0,4167491,60681846,60681846,4167491,4167491,0,0,0,1338257961,0,1980,470,90157600,90158070,4167491,4167491,536716,21.633656797339214,21.63354401965115,1.4857502851841389,
job_name_name,name.name,benchmarks/job/../../data/job/name__name.csv,job-csv,utf8,StdSearch,static,full-scan,full-scan,contains_b,%B%,1,4167491,60681846,60681846,4167491,4167491,0,0,0,1338257961,0,1980,110,89337766,89337876,4167491,4167491,536716,21.436849173759462,21.436822778981405,1.4722339857623976,
job_name_name,name.name,benchmarks/job/../../data/job/name__name.csv,job-csv,utf8,StdSearch,static,full-scan,full-scan,contains_b,%B%,2,4167491,60681846,60681846,4167491,4167491,0,0,0,1338257961,0,1980,100,89931621,89931721,4167491,4167491,536716,21.579343782626044,21.579319787373265,1.4820201910139648,
job_name_name,name.name,benchmarks/job/../../data/job/name__name.csv,job-csv,utf8,StdSearch,static,full-scan,full-scan,contains_b,%B%,3,4167491,60681846,60681846,4167491,4167491,0,0,0,1338257961,0,1980,110,90943584,90943694,4167491,4167491,536716,21.8221692620332,21.822142867255142,1.4986968919831476,
job_name_name,name.name,benchmarks/job/../../data/job/name__name.csv,job-csv,utf8,StdSearch,static,full-scan,full-scan,contains_b,%B%,4,4167491,60681846,60681846,4167491,4167491,0,0,0,1338257961,0,1980,110,88590229,88590339,4167491,4167491,536716,21.257475780991488,21.25744938621343,1.4599150296119865,
job_name_name,name.name,benchmarks/job/../../data/job/name__name.csv,job-csv,utf8,StdSearch,static,prefix-btree,full-scan,contains_b,%B%,0,4167491,60681846,60681846,4167491,4167491,0,0,0,1338257961,1584574030,1980,680,89125153,89125833,4167491,4167491,536716,21.385968919908887,21.385805752189988,1.4687396457912636,no-indexable-prefix
job_name_name,name.name,benchmarks/job/../../data/job/name__name.csv,job-csv,utf8,StdSearch,static,prefix-btree,full-scan,contains_b,%B%,1,4167491,60681846,60681846,4167491,4167491,0,0,0,1338257961,1584574030,1980,440,88779381,88779821,4167491,4167491,536716,21.302942465862554,21.302836886750324,1.46303757799326,no-indexable-prefix
job_name_name,name.name,benchmarks/job/../../data/job/name__name.csv,job-csv,utf8,StdSearch,static,prefix-btree,full-scan,contains_b,%B%,2,4167491,60681846,60681846,4167491,4167491,0,0,0,1338257961,1584574030,1980,480,96388326,96388806,4167491,4167491,536716,23.128737650543215,23.128622473329877,1.5884290336190499,no-indexable-prefix
job_name_name,name.name,benchmarks/job/../../data/job/name__name.csv,job-csv,utf8,StdSearch,static,prefix-btree,full-scan,contains_b,%B%,3,4167491,60681846,60681846,4167491,4167491,0,0,0,1338257961,1584574030,1980,470,90496716,90497186,4167491,4167491,536716,21.71502853875389,21.714915761065832,1.4913387110866734,no-indexable-prefix
job_name_name,name.name,benchmarks/job/../../data/job/name__name.csv,job-csv,utf8,StdSearch,static,prefix-btree,full-scan,contains_b,%B%,4,4167491,60681846,60681846,4167491,4167491,0,0,0,1338257961,1584574030,1980,569,91889035,91889604,4167491,4167491,536716,22.049142757596837,22.049006224608522,1.5142849147997244,no-indexable-prefix
job_name_name,name.name,benchmarks/job/../../data/job/name__name.csv,job-csv,utf8,StdSearch,static,qgram,full-scan,contains_b,%B%,0,4167491,60681846,60681846,4167491,4167491,0,0,0,1338257961,588757039,1980,520,89311711,89312231,4167491,4167491,536716,21.43069559118424,21.43057081586979,1.4718113717239254,literal-shorter-than-qgram
job_name_name,name.name,benchmarks/job/../../data/job/name__name.csv,job-csv,utf8,StdSearch,static,qgram,full-scan,contains_b,%B%,1,4167491,60681846,60681846,4167491,4167491,0,0,0,1338257961,588757039,1980,110,90082793,90082903,4167491,4167491,536716,21.61562028568268,21.615593890904623,1.4845115786358904,literal-shorter-than-qgram
job_name_name,name.name,benchmarks/job/../../data/job/name__name.csv,job-csv,utf8,StdSearch,static,qgram,full-scan,contains_b,%B%,2,4167491,60681846,60681846,4167491,4167491,0,0,0,1338257961,588757039,1980,120,89277821,89277941,4167491,4167491,536716,21.422467619006255,21.422438824702922,1.4712462933312873,literal-shorter-than-qgram
job_name_name,name.name,benchmarks/job/../../data/job/name__name.csv,job-csv,utf8,StdSearch,static,qgram,full-scan,contains_b,%B%,3,4167491,60681846,60681846,4167491,4167491,0,0,0,1338257961,588757039,1980,110,92414523,92414633,4167491,4167491,536716,22.175124793310893,22.175098398532835,1.5229370741292214,literal-shorter-than-qgram
job_name_name,name.name,benchmarks/job/../../data/job/name__name.csv,job-csv,utf8,StdSearch,static,qgram,full-scan,contains_b,%B%,4,4167491,60681846,60681846,4167491,4167491,0,0,0,1338257961,588757039,1980,110,92636339,92636449,4167491,4167491,536716,22.22835010321558,22.22832370843752,1.526592467210045,literal-shorter-than-qgram
job_name_name,name.name,benchmarks/job/../../data/job/name__name.csv,job-csv,utf8,StdSearch,static,trigram,full-scan,contains_b,%B%,0,4167491,60681846,60681846,4167491,4167491,0,0,0,1338257961,3192349665,1980,481,89120455,89120936,4167491,4167491,536716,21.38479387238029,21.38467845521442,1.4686589462027901,literal-shorter-than-trigram
job_name_name,name.name,benchmarks/job/../../data/job/name__name.csv,job-csv,utf8,StdSearch,static,trigram,full-scan,contains_b,%B%,1,4167491,60681846,60681846,4167491,4167491,0,0,0,1338257961,3192349665,1980,100,90772555,90772655,4167491,4167491,536716,21.7811280216322,21.78110402637942,1.4958782730505595,literal-shorter-than-trigram
job_name_name,name.name,benchmarks/job/../../data/job/name__name.csv,job-csv,utf8,StdSearch,static,trigram,full-scan,contains_b,%B%,2,4167491,60681846,60681846,4167491,4167491,0,0,0,1338257961,3192349665,1980,110,89487482,89487592,4167491,4167491,536716,21.472773906410357,21.4727475116323,1.4747012145939,literal-shorter-than-trigram
job_name_name,name.name,benchmarks/job/../../data/job/name__name.csv,job-csv,utf8,StdSearch,static,trigram,full-scan,contains_b,%B%,3,4167491,60681846,60681846,4167491,4167491,0,0,0,1338257961,3192349665,1980,250,92289915,92290165,4167491,4167491,536716,22.14525838208169,22.14519839394974,1.5208859170170927,literal-shorter-than-trigram
job_name_name,name.name,benchmarks/job/../../data/job/name__name.csv,job-csv,utf8,StdSearch,static,trigram,full-scan,contains_b,%B%,4,4167491,60681846,60681846,4167491,4167491,0,0,0,1338257961,3192349665,1980,110,91866341,91866451,4167491,4167491,536716,22.04358713672087,22.043560741942812,1.513903367409093,literal-shorter-than-trigram
job_name_name,name.name,benchmarks/job/../../data/job/name__name.csv,job-csv,utf8,StdSearch,static,fm,fm,contains_bert,%Bert%,0,4167491,60681846,60681846,4167491,4167491,0,0,0,1338257961,62312623267,2864,56882,170798,227680,5216,5216,5216,0.05463239152766017,32.74501533742331,0.0037520282425158916,
job_name_name,name.name,benchmarks/job/../../data/job/name__name.csv,job-csv,utf8,StdSearch,static,fm,fm,contains_bert,%Bert%,1,4167491,60681846,60681846,4167491,4167491,0,0,0,1338257961,62312623267,2864,52787,174473,227260,5216,5216,5216,0.05453161146598757,33.449578220858896,0.0037451068973742164,
job_name_name,name.name,benchmarks/job/../../data/job/name__name.csv,job-csv,utf8,StdSearch,static,fm,fm,contains_bert,%Bert%,2,4167491,60681846,60681846,4167491,4167491,0,0,0,1338257961,62312623267,2864,51615,164879,216494,5216,5216,5216,0.05194828255177995,31.61023773006135,0.0035676897502426013,
job_name_name,name.name,benchmarks/job/../../data/job/name__name.csv,job-csv,utf8,StdSearch,static,fm,fm,contains_bert,%Bert%,3,4167491,60681846,60681846,4167491,4167491,0,0,0,1338257961,62312623267,2864,50714,164669,215383,5216,5216,5216,0.051681695293403156,31.56997699386503,0.00354938114440355,
job_name_name,name.name,benchmarks/job/../../data/job/name__name.csv,job-csv,utf8,StdSearch,static,fm,fm,contains_bert,%Bert%,4,4167491,60681846,60681846,4167491,4167491,0,0,0,1338257961,62312623267,2864,50543,163417,213960,5216,5216,5216,0.05134024284635528,31.329946319018404,0.003525930967887826,
job_name_name,name.name,benchmarks/job/../../data/job/name__name.csv,job-csv,utf8,StdSearch,static,full-scan,full-scan,contains_bert,%Bert%,0,4167491,60681846,60681846,4167491,4167491,0,0,0,1338257961,0,2864,470,100098353,100098823,4167491,4164231,5216,24.018965607844144,24.01885283015608,1.6495678625202008,
job_name_name,name.name,benchmarks/job/../../data/job/name__name.csv,job-csv,utf8,StdSearch,static,full-scan,full-scan,contains_bert,%Bert%,1,4167491,60681846,60681846,4167491,4167491,0,0,0,1338257961,0,2864,110,100250886,100250996,4167491,4164231,5216,24.055479903855822,24.055453509077765,1.6520755812207824,
job_name_name,name.name,benchmarks/job/../../data/job/name__name.csv,job-csv,utf8,StdSearch,static,full-scan,full-scan,contains_bert,%Bert%,2,4167491,60681846,60681846,4167491,4167491,0,0,0,1338257961,0,2864,110,101212117,101212227,4167491,4164231,5216,24.286129712097758,24.2861033173197,1.6679160848204915,
job_name_name,name.name,benchmarks/job/../../data/job/name__name.csv,job-csv,utf8,StdSearch,static,full-scan,full-scan,contains_bert,%Bert%,3,4167491,60681846,60681846,4167491,4167491,0,0,0,1338257961,0,2864,100,101213810,101213910,4167491,4164231,5216,24.286533552202034,24.28650955694925,1.6679438196392378,
job_name_name,name.name,benchmarks/job/../../data/job/name__name.csv,job-csv,utf8,StdSearch,static,full-scan,full-scan,contains_bert,%Bert%,4,4167491,60681846,60681846,4167491,4167491,0,0,0,1338257961,0,2864,110,100176927,100177037,4167491,4164231,5216,24.03773325485286,24.037706860074803,1.6508567817795128,
job_name_name,name.name,benchmarks/job/../../data/job/name__name.csv,job-csv,utf8,StdSearch,static,prefix-btree,full-scan,contains_bert,%Bert%,0,4167491,60681846,60681846,4167491,4167491,0,0,0,1338257961,1584574030,2864,2303,101365734,101368037,4167491,4164231,5216,24.323516715453014,24.32296410478151,1.6704837390741212,no-indexable-prefix
job_name_name,name.name,benchmarks/job/../../data/job/name__name.csv,job-csv,utf8,StdSearch,static,prefix-btree,full-scan,contains_bert,%Bert%,1,4167491,60681846,60681846,4167491,4167491,0,0,0,1338257961,1584574030,2864,480,102165675,102166155,4167491,4164231,5216,24.515027147029233,24.51491196981589,1.6836362394117015,no-indexable-prefix
job_name_name,name.name,benchmarks/job/../../data/job/name__name.csv,job-csv,utf8,StdSearch,static,prefix-btree,full-scan,contains_bert,%Bert%,2,4167491,60681846,60681846,4167491,4167491,0,0,0,1338257961,1584574030,2864,561,100691776,100692337,4167491,4164231,5216,24.161380792424026,24.161246179055937,1.6593486130926207,no-indexable-prefix
job_name_name,name.name,benchmarks/job/../../data/job/name__name.csv,job-csv,utf8,StdSearch,static,prefix-btree,full-scan,contains_bert,%Bert%,3,4167491,60681846,60681846,4167491,4167491,0,0,0,1338257961,1584574030,2864,831,100046015,100046846,4167491,4164231,5216,24.006493595307106,24.00629419475651,1.648711313100132,no-indexable-prefix
job_name_name,name.name,benchmarks/job/../../data/job/name__name.csv,job-csv,utf8,StdSearch,static,prefix-btree,full-scan,contains_bert,%Bert%,4,4167491,60681846,60681846,4167491,4167491,0,0,0,1338257961,1584574030,2864,711,99903201,99903912,4167491,4164231,5216,23.972196220699697,23.972025614452438,1.6463558475132745,no-indexable-prefix
job_name_name,name.name,benchmarks/job/../../data/job/name__name.csv,job-csv,utf8,StdSearch,static,qgram,full-scan,contains_bert,%Bert%,0,4167491,60681846,60681846,4167491,4167491,0,0,0,1338257961,588757039,2864,671,99036024,99036695,4167491,4164231,5216,23.764105309405586,23.76394430125944,1.6320646375853496,literal-shorter-than-qgram
job_name_name,name.name,benchmarks/job/../../data/job/name__name.csv,job-csv,utf8,StdSearch,static,qgram,full-scan,contains_bert,%Bert%,1,4167491,60681846,60681846,4167491,4167491,0,0,0,1338257961,588757039,2864,100,99223412,99223512,4167491,4164231,5216,23.808932520790087,23.80890852553731,1.6351432683837601,literal-shorter-than-qgram
job_name_name,name.name,benchmarks/job/../../data/job/name__name.csv,job-csv,utf8,StdSearch,static,qgram,full-scan,contains_bert,%Bert%,2,4167491,60681846,60681846,4167491,4167491,0,0,0,1338257961,588757039,2864,111,99754907,99755018,4167491,4164231,5216,23.93646872902665,23.936442094296066,1.6439021647429777,literal-shorter-than-qgram
job_name_name,name.name,benchmarks/job/../../data/job/name__name.csv,job-csv,utf8,StdSearch,static,qgram,full-scan,contains_bert,%Bert%,3,4167491,60681846,60681846,4167491,4167491,0,0,0,1338257961,588757039,2864,110,104864317,104864427,4167491,4164231,5216,25.162484334099343,25.162457939321285,1.728102124645318,literal-shorter-than-qgram
job_name_name,name.name,benchmarks/job/../../data/job/name__name.csv,job-csv,utf8,StdSearch,static,qgram,full-scan,contains_bert,%Bert%,4,4167491,60681846,60681846,4167491,4167491,0,0,0,1338257961,588757039,2864,100,103915014,103915114,4167491,4164231,5216,24.93469428008363,24.934670284830847,1.7124580224537005,literal-shorter-than-qgram
job_name_name,name.name,benchmarks/job/../../data/job/name__name.csv,job-csv,utf8,StdSearch,static,trigram,trigram,contains_bert,%Bert%,0,4167491,60681846,60681846,4167491,4167491,0,0,0,1338257961,3192349665,2864,157445,201337,358782,5512,5512,5216,0.08609064782623406,36.52703193033382,0.0059125096490967,
job_name_name,name.name,benchmarks/job/../../data/job/name__name.csv,job-csv,utf8,StdSearch,static,trigram,trigram,contains_bert,%Bert%,1,4167491,60681846,60681846,4167491,4167491,0,0,0,1338257961,3192349665,2864,163653,199095,362748,5512,5512,5216,0.08704229955145674,36.12028301886792,0.00597786692250595,
job_name_name,name.name,benchmarks/job/../../data/job/name__name.csv,job-csv,utf8,StdSearch,static,trigram,trigram,contains_bert,%Bert%,2,4167491,60681846,60681846,4167491,4167491,0,0,0,1338257961,3192349665,2864,152739,190071,342810,5512,5512,5216,0.0822581260523418,34.48312772133527,0.005649300780994698,
job_name_name,name.name,benchmarks/job/../../data/job/name__name.csv,job-csv,utf8,StdSearch,static,trigram,trigram,contains_bert,%Bert%,3,4167491,60681846,60681846,4167491,4167491,0,0,0,1338257961,3192349665,2864,154080,188299,342379,5512,5512,5216,0.0821547065128635,34.1616473149492,0.005642198162527884,
job_name_name,name.name,benchmarks/job/../../data/job/name__name.csv,job-csv,utf8,StdSearch,static,trigram,trigram,contains_bert,%Bert%,4,4167491,60681846,60681846,4167491,4167491,0,0,0,1338257961,3192349665,2864,153138,192455,345593,5512,5512,5216,0.08292591393718667,34.915638606676346,0.005695162932254896,
job_name_name,name.name,benchmarks/job/../../data/job/name__name.csv,job-csv,utf8,StdSearch,static,fm,fm,contains_downey_robert,%Downey%Robert%,0,4167491,60681846,60681846,4167491,4167491,0,0,0,1338257961,62312623267,2403,808044,3877336,4685380,38048,37546,2,1.1242687746656201,101.90643397813288,0.0772122192854845,
job_name_name,name.name,benchmarks/job/../../data/job/name__name.csv,job-csv,utf8,StdSearch,static,fm,fm,contains_downey_robert,%Downey%Robert%,1,4167491,60681846,60681846,4167491,4167491,0,0,0,1338257961,62312623267,2403,782938,3860983,4643921,38048,37546,2,1.1143205828158957,101.47663477712364,0.07652900012303515,
job_name_name,name.name,benchmarks/job/../../data/job/name__name.csv,job-csv,utf8,StdSearch,static,fm,fm,contains_downey_robert,%Downey%Robert%,2,4167491,60681846,60681846,4167491,4167491,0,0,0,1338257961,62312623267,2403,761057,3837148,4598205,38048,37546,2,1.1033509130553611,100.85018923465097,0.07577562818375697,
job_name_name,name.name,benchmarks/job/../../data/job/name__name.csv,job-csv,utf8,StdSearch,static,fm,fm,contains_downey_robert,%Downey%Robert%,3,4167491,60681846,60681846,4167491,4167491,0,0,0,1338257961,62312623267,2403,697506,3437709,4135215,38048,37546,2,0.9922552922129886,90.35189760302775,0.06814583392865141,
job_name_name,name.name,benchmarks/job/../../data/job/name__name.csv,job-csv,utf8,StdSearch,static,fm,fm,contains_downey_robert,%Downey%Robert%,4,4167491,60681846,60681846,4167491,4167491,0,0,0,1338257961,62312623267,2403,717435,3819734,4537169,38048,37546,2,1.0887051705690547,100.39250420521446,0.07476979194073957,
job_name_name,name.name,benchmarks/job/../../data/job/name__name.csv,job-csv,utf8,StdSearch,static,full-scan,full-scan,contains_downey_robert,%Downey%Robert%,0,4167491,60681846,60681846,4167491,4167491,0,0,0,1338257961,0,2403,461,101401341,101401802,4167491,3592595,2,24.331618712553908,24.331508094438597,1.6710401657853322,
job_name_name,name.name,benchmarks/job/../../data/job/name__name.csv,job-csv,utf8,StdSearch,static,full-scan,full-scan,contains_downey_robert,%Downey%Robert%,1,4167491,60681846,60681846,4167491,4167491,0,0,0,1338257961,0,2403,110,100323282,100323392,4167491,3592595,2,24.072851507057845,24.072825112279787,1.6532686233704887,
job_name_name,name.name,benchmarks/job/../../data/job/name__name.csv,job-csv,utf8,StdSearch,static,full-scan,full-scan,contains_downey_robert,%Downey%Robert%,2,4167491,60681846,60681846,4167491,4167491,0,0,0,1338257961,0,2403,110,100666000,100666110,4167491,3592595,2,24.15508755747763,24.15506116269957,1.6589164080473096,
job_name_name,name.name,benchmarks/job/../../data/job/name__name.csv,job-csv,utf8,StdSearch,static,full-scan,full-scan,contains_downey_robert,%Downey%Robert%,3,4167491,60681846,60681846,4167491,4167491,0,0,0,1338257961,0,2403,110,100799862,100799972,4167491,3592595,2,24.187208082752907,24.18718168797485,1.661122372579107,
job_name_name,name.name,benchmarks/job/../../data/job/name__name.csv,job-csv,utf8,StdSearch,static,full-scan,full-scan,contains_downey_robert,%Downey%Robert%,4,4167491,60681846,60681846,4167491,4167491,0,0,0,1338257961,0,2403,120,101719032,101719152,4167491,3592595,2,24.40776764724867,24.407738852945332,1.676269901215596,
job_name_name,name.name,benchmarks/job/../../data/job/name__name.csv,job-csv,utf8,StdSearch,static,prefix-btree,full-scan,contains_downey_robert,%Downey%Robert%,0,4167491,60681846,60681846,4167491,4167491,0,0,0,1338257961,1584574030,2403,731,102483479,102484210,4167491,3592595,2,24.591345248256086,24.59116984295827,1.6888775928141673,no-indexable-prefix
job_name_name,name.name,benchmarks/job/../../data/job/name__name.csv,job-csv,utf8,StdSearch,static,prefix-btree,full-scan,contains_downey_robert,%Downey%Robert%,1,4167491,60681846,60681846,4167491,4167491,0,0,0,1338257961,1584574030,2403,270,106802912,106803182,4167491,3592595,2,25.62769349711853,25.627628709936026,1.760051630598054,no-indexable-prefix
job_name_name,name.name,benchmarks/job/../../data/job/name__name.csv,job-csv,utf8,StdSearch,static,prefix-btree,full-scan,contains_downey_robert,%Downey%Robert%,2,4167491,60681846,60681846,4167491,4167491,0,0,0,1338257961,1584574030,2403,361,101993981,101994342,4167491,3592595,2,24.473800183371722,24.47371356050919,1.6808048654287808,no-indexable-prefix
job_name_name,name.name,benchmarks/job/../../data/job/name__name.csv,job-csv,utf8,StdSearch,static,prefix-btree,full-scan,contains_downey_robert,%Downey%Robert%,3,4167491,60681846,60681846,4167491,4167491,0,0,0,1338257961,1584574030,2403,271,110079566,110079837,4167491,3592595,2,26.413935147070504,26.41387011993547,1.8140489167056653,no-indexable-prefix
job_name_name,name.name,benchmarks/job/../../data/job/name__name.csv,job-csv,utf8,StdSearch,static,prefix-btree,full-scan,contains_downey_robert,%Downey%Robert%,4,4167491,60681846,60681846,4167491,4167491,0,0,0,1338257961,1584574030,2403,291,108107882,108108173,4167491,3592595,2,25.94082938631421,25.940759560128622,1.7815570904022926,no-indexable-prefix
job_name_name,name.name,benchmarks/job/../../data/job/name__name.csv,job-csv,utf8,StdSearch,static,qgram,full-scan,contains_downey_robert,%Downey%Robert%,0,4167491,60681846,60681846,4167491,4167491,0,0,0,1338257961,588757039,2403,470,100299829,100300299,4167491,3592595,2,24.067310283333544,24.067197505645485,1.652888064743449,literal-shorter-than-qgram
job_name_name,name.name,benchmarks/job/../../data/job/name__name.csv,job-csv,utf8,StdSearch,static,qgram,full-scan,contains_downey_robert,%Downey%Robert%,1,4167491,60681846,60681846,4167491,4167491,0,0,0,1338257961,588757039,2403,110,99969212,99969322,4167491,3592595,2,23.987891515542564,23.987865120764507,1.6474337646221244,literal-shorter-than-qgram
job_name_name,name.name,benchmarks/job/../../data/job/name__name.csv,job-csv,utf8,StdSearch,static,qgram,full-scan,contains_downey_robert,%Downey%Robert%,2,4167491,60681846,60681846,4167491,4167491,0,0,0,1338257961,588757039,2403,111,116149863,116149974,4167491,3592595,2,27.870479864263654,27.87045322953307,1.914081091072938,literal-shorter-than-qgram
job_name_name,name.name,benchmarks/job/../../data/job/name__name.csv,job-csv,utf8,StdSearch,static,qgram,full-scan,contains_downey_robert,%Downey%Robert%,3,4167491,60681846,60681846,4167491,4167491,0,0,0,1338257961,588757039,2403,110,101757155,101757265,4167491,3592595,2,24.4169129579404,24.416886563162343,1.6768979803284165,literal-shorter-than-qgram
job_name_name,name.name,benchmarks/job/../../data/job/name__name.csv,job-csv,utf8,StdSearch,static,qgram,full-scan,contains_downey_robert,%Downey%Robert%,4,4167491,60681846,60681846,4167491,4167491,0,0,0,1338257961,588757039,2403,110,100746277,100746387,4167491,3592595,2,24.17435022655118,24.174323831773123,1.6602393242947817,literal-shorter-than-qgram
job_name_name,name.name,benchmarks/job/../../data/job/name__name.csv,job-csv,utf8,StdSearch,static,trigram,trigram,contains_downey_robert,%Downey%Robert%,0,4167491,60681846,60681846,4167491,4167491,0,0,0,1338257961,3192349665,2403,586767,4109599,4696366,38049,37547,2,1.126904893135942,108.0080685431943,0.0773932618991189,
job_name_name,name.name,benchmarks/job/../../data/job/name__name.csv,job-csv,utf8,StdSearch,static,trigram,trigram,contains_downey_robert,%Downey%Robert%,1,4167491,60681846,60681846,4167491,4167491,0,0,0,1338257961,3192349665,2403,551817,4118381,4670198,38049,37547,2,1.1206258153886834,108.23887618597072,0.07696202913800612,
job_name_name,name.name,benchmarks/job/../../data/job/name__name.csv,job-csv,utf8,StdSearch,static,trigram,trigram,contains_downey_robert,%Downey%Robert%,2,4167491,60681846,60681846,4167491,4167491,0,0,0,1338257961,3192349665,2403,592034,4368405,4960439,38049,37547,2,1.1902698770075328,114.80998186548923,0.08174502469816096,
job_name_name,name.name,benchmarks/job/../../data/job/name__name.csv,job-csv,utf8,StdSearch,static,trigram,trigram,contains_downey_robert,%Downey%Robert%,3,4167491,60681846,60681846,4167491,4167491,0,0,0,1338257961,3192349665,2403,597041,4652645,5249686,38049,37547,2,1.259675425813757,122.28034902362742,0.0865116397414805,
job_name_name,name.name,benchmarks/job/../../data/job/name__name.csv,job-csv,utf8,StdSearch,static,trigram,trigram,contains_downey_robert,%Downey%Robert%,4,4167491,60681846,60681846,4167491,4167491,0,0,0,1338257961,3192349665,2403,605803,5490214,6096017,38049,37547,2,1.462754688612405,144.29325343635838,0.10045866106314565,
job_name_name,name.name,benchmarks/job/../../data/job/name__name.csv,job-csv,utf8,StdSearch,static,fm,fm,contains_tim,%Tim%,0,4167491,60681846,60681846,4167491,4167491,0,0,0,1338257961,62312623267,4787,304659,1215262,1519921,15502,15502,15502,0.3647088859939949,78.39388466004387,0.02504737578352511,
job_name_name,name.name,benchmarks/job/../../data/job/name__name.csv,job-csv,utf8,StdSearch,static,fm,fm,contains_tim,%Tim%,1,4167491,60681846,60681846,4167491,4167491,0,0,0,1338257961,62312623267,4787,230945,635786,866731,15502,15502,15502,0.20797429436560272,41.01315959231067,0.014283200942832227,
job_name_name,name.name,benchmarks/job/../../data/job/name__name.csv,job-csv,utf8,StdSearch,static,fm,fm,contains_tim,%Tim%,2,4167491,60681846,60681846,4167491,4167491,0,0,0,1338257961,62312623267,4787,180964,547602,728566,15502,15502,15502,0.17482125336323462,35.32460327699652,0.012006325582118909,
job_name_name,name.name,benchmarks/job/../../data/job/name__name.csv,job-csv,utf8,StdSearch,static,fm,fm,contains_tim,%Tim%,3,4167491,60681846,60681846,4167491,4167491,0,0,0,1338257961,62312623267,4787,176218,532621,708839,15502,15502,15502,0.17008770984748378,34.35821184363308,0.011681236592571689,
job_name_name,name.name,benchmarks/job/../../data/job/name__name.csv,job-csv,utf8,StdSearch,static,fm,fm,contains_tim,%Tim%,4,4167491,60681846,60681846,4167491,4167491,0,0,0,1338257961,62312623267,4787,190038,532029,722067,15502,15502,15502,0.17326180188511506,34.32002322280996,0.011899226005748078,
job_name_name,name.name,benchmarks/job/../../data/job/name__name.csv,job-csv,utf8,StdSearch,static,full-scan,full-scan,contains_tim,%Tim%,0,4167491,60681846,60681846,4167491,4167491,0,0,0,1338257961,0,4787,531,89188623,89189154,4167491,4167235,15502,21.401162953921197,21.401035539128937,1.4697831374477301,
job_name_name,name.name,benchmarks/job/../../data/job/name__name.csv,job-csv,utf8,StdSearch,static,full-scan,full-scan,contains_tim,%Tim%,1,4167491,60681846,60681846,4167491,4167491,0,0,0,1338257961,0,4787,110,88500376,88500486,4167491,4167235,15502,21.235915326511805,21.235888931733747,1.458434306695284,
job_name_name,name.name,benchmarks/job/../../data/job/name__name.csv,job-csv,utf8,StdSearch,static,full-scan,full-scan,contains_tim,%Tim%,2,4167491,60681846,60681846,4167491,4167491,0,0,0,1338257961,0,4787,120,87922975,87923095,4167491,4167235,15502,21.09736889653751,21.097340102234174,1.4489192533793385,
job_name_name,name.name,benchmarks/job/../../data/job/name__name.csv,job-csv,utf8,StdSearch,static,full-scan,full-scan,contains_tim,%Tim%,3,4167491,60681846,60681846,4167491,4167491,0,0,0,1338257961,0,4787,130,87576549,87576679,4167491,4167235,15502,21.01424550166995,21.014214307841335,1.4432105279064846,
job_name_name,name.name,benchmarks/job/../../data/job/name__name.csv,job-csv,utf8,StdSearch,static,full-scan,full-scan,contains_tim,%Tim%,4,4167491,60681846,60681846,4167491,4167491,0,0,0,1338257961,0,4787,100,86993900,86994000,4167491,4167235,15502,20.874430202728693,20.874406207475914,1.4336083315593267,
job_name_name,name.name,benchmarks/job/../../data/job/name__name.csv,job-csv,utf8,StdSearch,static,prefix-btree,full-scan,contains_tim,%Tim%,0,4167491,60681846,60681846,4167491,4167491,0,0,0,1338257961,1584574030,4787,1449,88521067,88522516,4167491,4167235,15502,21.241201480699058,21.240853789486287,1.4587973477273581,no-indexable-prefix
job_name_name,name.name,benchmarks/job/../../data/job/name__name.csv,job-csv,utf8,StdSearch,static,prefix-btree,full-scan,contains_tim,%Tim%,1,4167491,60681846,60681846,4167491,4167491,0,0,0,1338257961,1584574030,4787,510,87979565,87980075,4167491,4167235,15502,21.111041391571092,21.110919015781917,1.4498582492035592,no-indexable-prefix
job_name_name,name.name,benchmarks/job/../../data/job/name__name.csv,job-csv,utf8,StdSearch,static,prefix-btree,full-scan,contains_tim,%Tim%,2,4167491,60681846,60681846,4167491,4167491,0,0,0,1338257961,1584574030,4787,500,87831773,87832273,4167491,4167235,15502,21.07557592805839,21.075455951794495,1.4474225619306307,no-indexable-prefix
job_name_name,name.name,benchmarks/job/../../data/job/name__name.csv,job-csv,utf8,StdSearch,static,prefix-btree,full-scan,contains_tim,%Tim%,3,4167491,60681846,60681846,4167491,4167491,0,0,0,1338257961,1584574030,4787,589,87891587,87892176,4167491,4167235,15502,21.08994980433071,21.089808472291843,1.4484097270211589,no-indexable-prefix
job_name_name,name.name,benchmarks/job/../../data/job/name__name.csv,job-csv,utf8,StdSearch,static,prefix-btree,full-scan,contains_tim,%Tim%,4,4167491,60681846,60681846,4167491,4167491,0,0,0,1338257961,1584574030,4787,450,91340453,91340903,4167491,4167235,15502,21.917480565644894,21.917372587007385,1.5052426552745282,no-indexable-prefix
job_name_name,name.name,benchmarks/job/../../data/job/name__name.csv,job-csv,utf8,StdSearch,static,qgram,full-scan,contains_tim,%Tim%,0,4167491,60681846,60681846,4167491,4167491,0,0,0,1338257961,588757039,4787,460,88237680,88238140,4167491,4167235,15502,21.172964740655708,21.172854362492924,1.454111003808289,literal-shorter-than-qgram
job_name_name,name.name,benchmarks/job/../../data/job/name__name.csv,job-csv,utf8,StdSearch,static,qgram,full-scan,contains_tim,%Tim%,1,4167491,60681846,60681846,4167491,4167491,0,0,0,1338257961,588757039,4787,110,89818476,89818586,4167491,4167235,15502,21.55219675339431,21.55217035861625,1.4801557948649091,literal-shorter-than-qgram
job_name_name,name.name,benchmarks/job/../../data/job/name__name.csv,job-csv,utf8,StdSearch,static,qgram,full-scan,contains_tim,%Tim%,2,4167491,60681846,60681846,4167491,4167491,0,0,0,1338257961,588757039,4787,110,87208087,87208197,4167491,4167235,15502,20.925827314324135,20.925800919546077,1.4371381681434017,literal-shorter-than-qgram
job_name_name,name.name,benchmarks/job/../../data/job/name__name.csv,job-csv,utf8,StdSearch,static,qgram,full-scan,contains_tim,%Tim%,3,4167491,60681846,60681846,4167491,4167491,0,0,0,1338257961,588757039,4787,110,88347243,88347353,4167491,4167235,15502,21.199170676073447,21.19914428129539,1.455910767777236,literal-shorter-than-qgram
job_name_name,name.name,benchmarks/job/../../data/job/name__name.csv,job-csv,utf8,StdSearch,static,qgram,full-scan,contains_tim,%Tim%,4,4167491,60681846,60681846,4167491,4167491,0,0,0,1338257961,588757039,4787,100,88964128,88964228,4167491,4167235,15502,21.347191391655073,21.347167396402295,1.466076493454072,literal-shorter-than-qgram
job_name_name,name.name,benchmarks/job/../../data/job/name__name.csv,job-csv,utf8,StdSearch,static,trigram,trigram,contains_tim,%Tim%,0,4167491,60681846,60681846,4167491,4167491,0,0,0,1338257961,3192349665,4787,7376,1055039,1062415,15502,15502,15502,0.2549291648140332,68.05825054831635,0.017507954520698,
job_name_name,name.name,benchmarks/job/../../data/job/name__name.csv,job-csv,utf8,StdSearch,static,trigram,trigram,contains_tim,%Tim%,1,4167491,60681846,60681846,4167491,4167491,0,0,0,1338257961,3192349665,4787,5677,644591,650268,15502,15502,15502,0.1560334503421843,41.58115081924913,0.010716022053778654,
job_name_name,name.name,benchmarks/job/../../data/job/name__name.csv,job-csv,utf8,StdSearch,static,trigram,trigram,contains_tim,%Tim%,2,4167491,60681846,60681846,4167491,4167491,0,0,0,1338257961,3192349665,4787,4998,544935,549933,15502,15502,15502,0.13195781346618385,35.15256095987615,0.009062562137611963,
job_name_name,name.name,benchmarks/job/../../data/job/name__name.csv,job-csv,utf8,StdSearch,static,trigram,trigram,contains_tim,%Tim%,3,4167491,60681846,60681846,4167491,4167491,0,0,0,1338257961,3192349665,4787,9175,620685,629860,15502,15502,15502,0.15113649915500718,40.039027222293896,0.010379710597466004,
job_name_name,name.name,benchmarks/job/../../data/job/name__name.csv,job-csv,utf8,StdSearch,static,trigram,trigram,contains_tim,%Tim%,4,4167491,60681846,60681846,4167491,4167491,0,0,0,1338257961,3192349665,4787,5627,558787,564414,15502,15502,15502,0.13543256602113837,36.04612308089279,0.009301200230461017,
job_name_name,name.name,benchmarks/job/../../data/job/name__name.csv,job-csv,utf8,StdSearch,static,fm,fm,contains_yo,%Yo%,0,4167491,60681846,60681846,4167491,4167491,0,0,0,1338257961,62312623267,3309,373638,941221,1314859,21066,21066,21066,0.31550374073993204,44.67962593752967,0.021668078456281638,
job_name_name,name.name,benchmarks/job/../../data/job/name__name.csv,job-csv,utf8,StdSearch,static,fm,fm,contains_yo,%Yo%,1,4167491,60681846,60681846,4167491,4167491,0,0,0,1338257961,62312623267,3309,290013,571890,861903,21066,21066,21066,0.2068158035614234,27.14753631444033,0.014203638432489347,
job_name_name,name.name,benchmarks/job/../../data/job/name__name.csv,job-csv,utf8,StdSearch,static,fm,fm,contains_yo,%Yo%,2,4167491,60681846,60681846,4167491,4167491,0,0,0,1338257961,62312623267,3309,244018,531553,775571,21066,21066,21066,0.18610022193209297,25.232744707110985,0.012780939459224757,
job_name_name,name.name,benchmarks/job/../../data/job/name__name.csv,job-csv,utf8,StdSearch,static,fm,fm,contains_yo,%Yo%,3,4167491,60681846,60681846,4167491,4167491,0,0,0,1338257961,62312623267,3309,234343,517001,751344,21066,21066,21066,0.18028689204127854,24.541963353270674,0.012381693200302442,
job_name_name,name.name,benchmarks/job/../../data/job/name__name.csv,job-csv,utf8,StdSearch,static,fm,fm,contains_yo,%Yo%,4,4167491,60681846,60681846,4167491,4167491,0,0,0,1338257961,62312623267,3309,229416,507635,737051,21066,21066,21066,0.1768572505615489,24.09736067597076,0.012146153233373948,
job_name_name,name.name,benchmarks/job/../../data/job/name__name.csv,job-csv,utf8,StdSearch,static,full-scan,full-scan,contains_yo,%Yo%,0,4167491,60681846,60681846,4167491,4167491,0,0,0,1338257961,0,3309,500,88606561,88607061,4167491,4167473,21066,21.261488267161226,21.26136829089733,1.4601905980249843,
job_name_name,name.name,benchmarks/job/../../data/job/name__name.csv,job-csv,utf8,StdSearch,static,full-scan,full-scan,contains_yo,%Yo%,1,4167491,60681846,60681846,4167491,4167491,0,0,0,1338257961,0,3309,110,89292499,89292609,4167491,4167473,21066,21.425987242683906,21.42596084790585,1.4714880130706636,
job_name_name,name.name,benchmarks/job/../../data/job/name__name.csv,job-csv,utf8,StdSearch,static,full-scan,full-scan,contains_yo,%Yo%,2,4167491,60681846,60681846,4167491,4167491,0,0,0,1338257961,0,3309,100,88478807,88478907,4167491,4167473,21066,21.23073739091458,21.2307133956618,1.4580786978695408,
job_name_name,name.name,benchmarks/job/../../data/job/name__name.csv,job-csv,utf8,StdSearch,static,full-scan,full-scan,contains_yo,%Yo%,3,4167491,60681846,60681846,4167491,4167491,0,0,0,1338257961,0,3309,120,88729706,88729826,4167491,4167473,21066,21.290946039235596,21.290917244932263,1.4622136907305028,
job_name_name,name.name,benchmarks/job/../../data/job/name__name.csv,job-csv,utf8,StdSearch,static,full-scan,full-scan,contains_yo,%Yo%,4,4167491,60681846,60681846,4167491,4167491,0,0,0,1338257961,0,3309,121,90824754,90824875,4167491,4167473,21066,21.793658342633492,21.793629308377632,1.4967388269631745,
job_name_name,name.name,benchmarks/job/../../data/job/name__name.csv,job-csv,utf8,StdSearch,static,prefix-btree,full-scan,contains_yo,%Yo%,0,4167491,60681846,60681846,4167491,4167491,0,0,0,1338257961,1584574030,3309,1107,89162095,89163202,4167491,4167473,21066,21.39493570591994,21.394670078471677,1.4693554642355475,no-indexable-prefix
job_name_name,name.name,benchmarks/job/../../data/job/name__name.csv,job-csv,utf8,StdSearch,static,prefix-btree,full-scan,contains_yo,%Yo%,1,4167491,60681846,60681846,4167491,4167491,0,0,0,1338257961,1584574030,3309,271,89609604,89609875,4167491,4167473,21066,21.502116021366334,21.5020509942313,1.476716364231899,no-indexable-prefix
job_name_name,name.name,benchmarks/job/../../data/job/name__name.csv,job-csv,utf8,StdSearch,static,prefix-btree,full-scan,contains_yo,%Yo%,2,4167491,60681846,60681846,4167491,4167491,0,0,0,1338257961,1584574030,3309,463,89607682,89608145,4167491,4167473,21066,21.50170090349325,21.501589805472886,1.4766878548816724,no-indexable-prefix
job_name_name,name.name,benchmarks/job/../../data/job/name__name.csv,job-csv,utf8,StdSearch,static,prefix-btree,full-scan,contains_yo,%Yo%,3,4167491,60681846,60681846,4167491,4167491,0,0,0,1338257961,1584574030,3309,464,88545407,88545871,4167491,4167473,21066,21.24680557198564,21.246694234012743,1.4591822239554149,no-indexable-prefix
job_name_name,name.name,benchmarks/job/../../data/job/name__name.csv,job-csv,utf8,StdSearch,static,prefix-btree,full-scan,contains_yo,%Yo%,4,4167491,60681846,60681846,4167491,4167491,0,0,0,1338257961,1584574030,3309,1197,88922713,88923910,4167491,4167473,21066,21.33751698563956,21.337229762463796,1.4654120772792574,no-indexable-prefix
job_name_name,name.name,benchmarks/job/../../data/job/name__name.csv,job-csv,utf8,StdSearch,static,qgram,full-scan,contains_yo,%Yo%,0,4167491,60681846,60681846,4167491,4167491,0,0,0,1338257961,588757039,3309,483,89126396,89126879,4167491,4167473,21066,21.386219910252954,21.38610401318203,1.468756883236545,literal-shorter-than-qgram
job_name_name,name.name,benchmarks/job/../../data/job/name__name.csv,job-csv,utf8,StdSearch,static,qgram,full-scan,contains_yo,%Yo%,1,4167491,60681846,60681846,4167491,4167491,0,0,0,1338257961,588757039,3309,111,90212197,90212308,4167491,4167473,21066,21.64667134254159,21.646644707811006,1.4866440945122203,literal-shorter-than-qgram
job_name_name,name.name,benchmarks/job/../../data/job/name__name.csv,job-csv,utf8,StdSearch,static,qgram,full-scan,contains_yo,%Yo%,2,4167491,60681846,60681846,4167491,4167491,0,0,0,1338257961,588757039,3309,121,90294825,90294946,4167491,4167473,21066,21.66650053953326,21.666471505277396,1.4880059186070245,literal-shorter-than-qgram
job_name_name,name.name,benchmarks/job/../../data/job/name__name.csv,job-csv,utf8,StdSearch,static,qgram,full-scan,contains_yo,%Yo%,3,4167491,60681846,60681846,4167491,4167491,0,0,0,1338257961,588757039,3309,171,90494253,90494424,4167491,4167473,21066,21.714365789872133,21.71432475798988,1.4912931950026702,literal-shorter-than-qgram
job_name_name,name.name,benchmarks/job/../../data/job/name__name.csv,job-csv,utf8,StdSearch,static,qgram,full-scan,contains_yo,%Yo%,4,4167491,60681846,60681846,4167491,4167491,0,0,0,1338257961,588757039,3309,111,89808835,89808946,4167491,4167473,21066,21.549883611026395,21.54985697629581,1.4799969335145144,literal-shorter-than-qgram
job_name_name,name.name,benchmarks/job/../../data/job/name__name.csv,job-csv,utf8,StdSearch,static,trigram,full-scan,contains_yo,%Yo%,0,4167491,60681846,60681846,4167491,4167491,0,0,0,1338257961,3192349665,3309,593,88516408,88517001,4167491,4167473,21066,21.239878142508285,21.239735850659304,1.4587064638738907,literal-shorter-than-trigram
job_name_name,name.name,benchmarks/job/../../data/job/name__name.csv,job-csv,utf8,StdSearch,static,trigram,full-scan,contains_yo,%Yo%,1,4167491,60681846,60681846,4167491,4167491,0,0,0,1338257961,3192349665,3309,110,93948662,93948772,4167491,4167473,21066,22.543245324345033,22.543218929566976,1.5482187539251855,literal-shorter-than-trigram
job_name_name,name.name,benchmarks/job/../../data/job/name__name.csv,job-csv,utf8,StdSearch,static,trigram,full-scan,contains_yo,%Yo%,2,4167491,60681846,60681846,4167491,4167491,0,0,0,1338257961,3192349665,3309,111,87394194,87394305,4167491,4167473,21066,20.97048439936643,20.970457764635846,1.4402051150520372,literal-shorter-than-trigram
job_name_name,name.name,benchmarks/job/../../data/job/name__name.csv,job-csv,utf8,StdSearch,static,trigram,full-scan,contains_yo,%Yo%,3,4167491,60681846,60681846,4167491,4167491,0,0,0,1338257961,3192349665,3309,111,88293858,88293969,4167491,4167473,21066,21.186361050329804,21.18633441559922,1.4550310318509427,literal-shorter-than-trigram
job_name_name,name.name,benchmarks/job/../../data/job/name__name.csv,job-csv,utf8,StdSearch,static,trigram,full-scan,contains_yo,%Yo%,4,4167491,60681846,60681846,4167491,4167491,0,0,0,1338257961,3192349665,3309,131,87893031,87893162,4167491,4167473,21066,21.090186397523112,21.090154963741973,1.4484259757028486,literal-shorter-than-trigram
job_name_name,name.name,benchmarks/job/../../data/job/name__name.csv,job-csv,utf8,StdSearch,static,fm,fm,prefix_a,A%,0,4167491,60681846,60681846,4167491,4167491,0,0,0,1338257961,62312623267,2427,11580159,6146761,17726920,552032,552032,177263,4.253619263964818,11.134791099066721,0.29212888480683336,
job_name_name,name.name,benchmarks/job/../../data/job/name__name.csv,job-csv,utf8,StdSearch,static,fm,fm,prefix_a,A%,1,4167491,60681846,60681846,4167491,4167491,0,0,0,1338257961,62312623267,2427,12122502,5743543,17866045,552032,552032,177263,4.287002659393866,10.404366051243406,0.2944215803850133,
job_name_name,name.name,benchmarks/job/../../data/job/name__name.csv,job-csv,utf8,StdSearch,static,fm,fm,prefix_a,A%,2,4167491,60681846,60681846,4167491,4167491,0,0,0,1338257961,62312623267,2427,11865136,5811004,17676140,552032,552032,177263,4.241434474603545,10.526570923424728,0.2912920612204184,
job_name_name,name.name,benchmarks/job/../../data/job/name__name.csv,job-csv,utf8,StdSearch,static,fm,fm,prefix_a,A%,3,4167491,60681846,60681846,4167491,4167491,0,0,0,1338257961,62312623267,2427,12236089,5916114,18152203,552032,552032,177263,4.355666994841741,10.716976552083937,0.2991372905827552,
job_name_name,name.name,benchmarks/job/../../data/job/name__name.csv,job-csv,utf8,StdSearch,static,fm,fm,prefix_a,A%,4,4167491,60681846,60681846,4167491,4167491,0,0,0,1338257961,62312623267,2427,11216526,5766256,16982782,552032,552032,177263,4.075061469838807,10.445510405193902,0.2798659421138902,
job_name_name,name.name,benchmarks/job/../../data/job/name__name.csv,job-csv,utf8,StdSearch,static,full-scan,full-scan,prefix_a,A%,0,4167491,60681846,60681846,4167491,4167491,0,0,0,1338257961,0,2427,473,14719725,14720198,4167491,4167491,177263,3.532148719697295,3.5320352221516496,0.24257993074238382,
job_name_name,name.name,benchmarks/job/../../data/job/name__name.csv,job-csv,utf8,StdSearch,static,full-scan,full-scan,prefix_a,A%,1,4167491,60681846,60681846,4167491,4167491,0,0,0,1338257961,0,2427,110,15137179,15137289,4167491,4167491,177263,3.6322307594665473,3.63220436468849,0.2494533373292566,
job_name_name,name.name,benchmarks/job/../../data/job/name__name.csv,job-csv,utf8,StdSearch,static,full-scan,full-scan,prefix_a,A%,2,4167491,60681846,60681846,4167491,4167491,0,0,0,1338257961,0,2427,311,15042190,15042501,4167491,4167491,177263,3.6094861392622084,3.609411514026065,0.2478912886071396,
job_name_name,name.name,benchmarks/job/../../data/job/name__name.csv,job-csv,utf8,StdSearch,static,full-scan,full-scan,prefix_a,A%,3,4167491,60681846,60681846,4167491,4167491,0,0,0,1338257961,0,2427,100,15112277,15112377,4167491,4167491,177263,3.6262530620941953,3.626229066841416,0.24904280268599607,
job_name_name,name.name,benchmarks/job/../../data/job/name__name.csv,job-csv,utf8,StdSearch,static,full-scan,full-scan,prefix_a,A%,4,4167491,60681846,60681846,4167491,4167491,0,0,0,1338257961,0,2427,101,14922140,14922241,4167491,4167491,177263,3.580629448269954,3.580605213064647,0.24590947678157318,
job_name_name,name.name,benchmarks/job/../../data/job/name__name.csv,job-csv,utf8,StdSearch,static,prefix-btree,prefix-btree,prefix_a,A%,0,4167491,60681846,60681846,4167491,4167491,0,0,0,1338257961,1584574030,2427,5736430,686700,6423130,177263,177263,177263,1.5412462798359972,3.873904875806006,0.10584928480916682,
job_name_name,name.name,benchmarks/job/../../data/job/name__name.csv,job-csv,utf8,StdSearch,static,prefix-btree,prefix-btree,prefix_a,A%,1,4167491,60681846,60681846,4167491,4167491,0,0,0,1338257961,1584574030,2427,6260826,675984,6936810,177263,177263,177263,1.6645050943121413,3.8134523278969668,0.11431441950529982,
job_name_name,name.name,benchmarks/job/../../data/job/name__name.csv,job-csv,utf8,StdSearch,static,prefix-btree,prefix-btree,prefix_a,A%,2,4167491,60681846,60681846,4167491,4167491,0,0,0,1338257961,1584574030,2427,5657456,679978,6337434,177263,177263,177263,1.5206833080143425,3.8359838206506716,0.10443706672997391,
job_name_name,name.name,benchmarks/job/../../data/job/name__name.csv,job-csv,utf8,StdSearch,static,prefix-btree,prefix-btree,prefix_a,A%,3,4167491,60681846,60681846,4167491,4167491,0,0,0,1338257961,1584574030,2427,5825647,737991,6563638,177263,177263,177263,1.5749615296109818,4.163254599098515,0.10816477138813477,
job_name_name,name.name,benchmarks/job/../../data/job/name__name.csv,job-csv,utf8,StdSearch,static,prefix-btree,prefix-btree,prefix_a,A%,4,4167491,60681846,60681846,4167491,4167491,0,0,0,1338257961,1584574030,2427,5774527,681478,6456005,177263,177263,177263,1.549134719187156,3.844445823437491,0.10639104486043487,
job_name_name,name.name,benchmarks/job/../../data/job/name__name.csv,job-csv,utf8,StdSearch,static,qgram,full-scan,prefix_a,A%,0,4167491,60681846,60681846,4167491,4167491,0,0,0,1338257961,588757039,2427,533,20811445,20811978,4167491,4167491,177263,4.993886729449446,4.993758834752133,0.3429687686165645,literal-shorter-than-qgram
job_name_name,name.name,benchmarks/job/../../data/job/name__name.csv,job-csv,utf8,StdSearch,static,qgram,full-scan,prefix_a,A%,1,4167491,60681846,60681846,4167491,4167491,0,0,0,1338257961,588757039,2427,191,24004172,24004363,4167491,4167491,177263,5.759907579884396,5.759861748951588,0.39557733625967806,literal-shorter-than-qgram
job_name_name,name.name,benchmarks/job/../../data/job/name__name.csv,job-csv,utf8,StdSearch,static,qgram,full-scan,prefix_a,A%,2,4167491,60681846,60681846,4167491,4167491,0,0,0,1338257961,588757039,2427,100,15643939,15644039,4167491,4167491,177263,3.7538267029250934,3.753802707672314,0.25780426983055194,literal-shorter-than-qgram
job_name_name,name.name,benchmarks/job/../../data/job/name__name.csv,job-csv,utf8,StdSearch,static,qgram,full-scan,prefix_a,A%,3,4167491,60681846,60681846,4167491,4167491,0,0,0,1338257961,588757039,2427,151,15098853,15099004,4167491,4167491,177263,3.6230441769400343,3.6230079441083376,0.2488224237608065,literal-shorter-than-qgram
job_name_name,name.name,benchmarks/job/../../data/job/name__name.csv,job-csv,utf8,StdSearch,static,qgram,full-scan,prefix_a,A%,4,4167491,60681846,60681846,4167491,4167491,0,0,0,1338257961,588757039,2427,101,14977052,14977153,4167491,4167491,177263,3.593805721476063,3.593781486270756,0.24681439322066767,literal-shorter-than-qgram
job_name_name,name.name,benchmarks/job/../../data/job/name__name.csv,job-csv,utf8,StdSearch,static,trigram,full-scan,prefix_a,A%,0,4167491,60681846,60681846,4167491,4167491,0,0,0,1338257961,3192349665,2427,463,15174758,15175221,4167491,4167491,177263,3.6413326387507494,3.641221540730382,0.2500784336719091,literal-shorter-than-trigram
job_name_name,name.name,benchmarks/job/../../data/job/name__name.csv,job-csv,utf8,StdSearch,static,trigram,full-scan,prefix_a,A%,1,4167491,60681846,60681846,4167491,4167491,0,0,0,1338257961,3192349665,2427,110,15034492,15034602,4167491,4167491,177263,3.60759075424518,3.607564359467123,0.24776111788029653,literal-shorter-than-trigram
job_name_name,name.name,benchmarks/job/../../data/job/name__name.csv,job-csv,utf8,StdSearch,static,trigram,full-scan,prefix_a,A%,2,4167491,60681846,60681846,4167491,4167491,0,0,0,1338257961,3192349665,2427,101,15283074,15283175,4167491,4167491,177263,3.6672364739359966,3.6672122387306896,0.2518574500848244,literal-shorter-than-trigram
job_name_name,name.name,benchmarks/job/../../data/job/name__name.csv,job-csv,utf8,StdSearch,static,trigram,full-scan,prefix_a,A%,3,4167491,60681846,60681846,4167491,4167491,0,0,0,1338257961,3192349665,2427,110,14824449,14824559,4167491,4167491,177263,3.5571904054501857,3.5571640106721287,0.2442997366955514,literal-shorter-than-trigram
job_name_name,name.name,benchmarks/job/../../data/job/name__name.csv,job-csv,utf8,StdSearch,static,trigram,full-scan,prefix_a,A%,4,4167491,60681846,60681846,4167491,4167491,0,0,0,1338257961,3192349665,2427,101,15137345,15137446,4167491,4167491,177263,3.6322684320134107,3.6322441968081036,0.24945592459398813,literal-shorter-than-trigram
job_name_name,name.name,benchmarks/job/../../data/job/name__name.csv,job-csv,utf8,StdSearch,static,fm,fm,prefix_b,B%,0,4167491,60681846,60681846,4167491,4167491,0,0,0,1338257961,62312623267,3371,10994489,7745571,18740060,536716,536716,343399,4.496724767971904,14.431414379299294,0.308824817227874,
job_name_name,name.name,benchmarks/job/../../data/job/name__name.csv,job-csv,utf8,StdSearch,static,fm,fm,prefix_b,B%,1,4167491,60681846,60681846,4167491,4167491,0,0,0,1338257961,62312623267,3371,11053601,7027747,18081348,536716,536716,343399,4.338665158485045,13.09397707539928,0.2979696431779613,
job_name_name,name.name,benchmarks/job/../../data/job/name__name.csv,job-csv,utf8,StdSearch,static,fm,fm,prefix_b,B%,2,4167491,60681846,60681846,4167491,4167491,0,0,0,1338257961,62312623267,3371,11126507,7319590,18446097,536716,536716,343399,4.426187603044614,13.637733922595935,0.3039804853662494,
job_name_name,name.name,benchmarks/job/../../data/job/name__name.csv,job-csv,utf8,StdSearch,static,fm,fm,prefix_b,B%,3,4167491,60681846,60681846,4167491,4167491,0,0,0,1338257961,62312623267,3371,11285568,7630494,18916062,536716,536716,343399,4.538956892768335,14.217004896444301,0.31172522338888636,
job_name_name,name.name,benchmarks/job/../../data/job/name__name.csv,job-csv,utf8,StdSearch,static,fm,fm,prefix_b,B%,4,4167491,60681846,60681846,4167491,4167491,0,0,0,1338257961,62312623267,3371,11228402,7516592,18744994,536716,536716,343399,4.49790869374403,14.004784653336214,0.30890612655389554,
job_name_name,name.name,benchmarks/job/../../data/job/name__name.csv,job-csv,utf8,StdSearch,static,full-scan,full-scan,prefix_b,B%,0,4167491,60681846,60681846,4167491,4167491,0,0,0,1338257961,0,3371,533,15620603,15621136,4167491,4167491,343399,3.7483310701810755,3.7482031754837624,0.2574268422882191,
job_name_name,name.name,benchmarks/job/../../data/job/name__name.csv,job-csv,utf8,StdSearch,static,full-scan,full-scan,prefix_b,B%,1,4167491,60681846,60681846,4167491,4167491,0,0,0,1338257961,0,3371,101,15445600,15445701,4167491,4167491,343399,3.7062349984679033,3.7062107632625962,0.2545357799431481,
job_name_name,name.name,benchmarks/job/../../data/job/name__name.csv,job-csv,utf8,StdSearch,static,full-scan,full-scan,prefix_b,B%,2,4167491,60681846,60681846,4167491,4167491,0,0,0,1338257961,0,3371,100,15069713,15069813,4167491,4167491,343399,3.616039722701261,3.6160157274484814,0.24834137379406684,
job_name_name,name.name,benchmarks/job/../../data/job/name__name.csv,job-csv,utf8,StdSearch,static,full-scan,full-scan,prefix_b,B%,3,4167491,60681846,60681846,4167491,4167491,0,0,0,1338257961,0,3371,121,15227889,15228010,4167491,4167491,343399,3.6539994927403563,3.6539704584844936,0.2509483643592517,
job_name_name,name.name,benchmarks/job/../../data/job/name__name.csv,job-csv,utf8,StdSearch,static,full-scan,full-scan,prefix_b,B%,4,4167491,60681846,60681846,4167491,4167491,0,0,0,1338257961,0,3371,111,15049033,15049144,4167491,4167491,343399,3.61108014390433,3.611053509173745,0.24800076121613043,
job_name_name,name.name,benchmarks/job/../../data/job/name__name.csv,job-csv,utf8,StdSearch,static,prefix-btree,prefix-btree,prefix_b,B%,0,4167491,60681846,60681846,4167491,4167491,0,0,0,1338257961,1584574030,3371,11058550,1346090,12404640,343399,343399,343399,2.976524724348535,3.9199007568455353,0.2044209399957938,
job_name_name,name.name,benchmarks/job/../../data/job/name__name.csv,job-csv,utf8,StdSearch,static,prefix-btree,prefix-btree,prefix_b,B%,1,4167491,60681846,60681846,4167491,4167491,0,0,0,1338257961,1584574030,3371,11176227,1288681,12464908,343399,343399,343399,2.990986183293497,3.752722052190018,0.20541412006483784,
job_name_name,name.name,benchmarks/job/../../data/job/name__name.csv,job-csv,utf8,StdSearch,static,prefix-btree,prefix-btree,prefix_b,B%,2,4167491,60681846,60681846,4167491,4167491,0,0,0,1338257961,1584574030,3371,11272305,1339741,12612046,343399,343399,343399,3.026292318327742,3.901412060023471,0.2078388650206851,
job_name_name,name.name,benchmarks/job/../../data/job/name__name.csv,job-csv,utf8,StdSearch,static,prefix-btree,prefix-btree,prefix_b,B%,3,4167491,60681846,60681846,4167491,4167491,0,0,0,1338257961,1584574030,3371,11058260,1357421,12415681,343399,343399,343399,2.9791740402078855,3.9528973584663905,0.2046028889760539,
job_name_name,name.name,benchmarks/job/../../data/job/name__name.csv,job-csv,utf8,StdSearch,static,prefix-btree,prefix-btree,prefix_b,B%,4,4167491,60681846,60681846,4167491,4167491,0,0,0,1338257961,1584574030,3371,11354379,1414397,12768776,343399,343399,343399,3.0639000780085666,4.1188151392403585,0.21042168031605366,
job_name_name,name.name,benchmarks/job/../../data/job/name__name.csv,job-csv,utf8,StdSearch,static,qgram,full-scan,prefix_b,B%,0,4167491,60681846,60681846,4167491,4167491,0,0,0,1338257961,588757039,3371,453,15124453,15124906,4167491,4167491,343399,3.6292594273149,3.6291507288198104,0.24924927300332952,literal-shorter-than-qgram
job_name_name,name.name,benchmarks/job/../../data/job/name__name.csv,job-csv,utf8,StdSearch,static,qgram,full-scan,prefix_b,B%,1,4167491,60681846,60681846,4167491,4167491,0,0,0,1338257961,588757039,3371,121,15215020,15215141,4167491,4167491,343399,3.6509115436602024,3.6508825094043393,0.25073629104823214,literal-shorter-than-qgram
job_name_name,name.name,benchmarks/job/../../data/job/name__name.csv,job-csv,utf8,StdSearch,static,qgram,full-scan,prefix_b,B%,2,4167491,60681846,60681846,4167491,4167491,0,0,0,1338257961,588757039,3371,111,15273414,15273525,4167491,4167491,343399,3.6649209320428047,3.6648942973122196,0.2516984239404978,literal-shorter-than-qgram
job_name_name,name.name,benchmarks/job/../../data/job/name__name.csv,job-csv,utf8,StdSearch,static,qgram,full-scan,prefix_b,B%,3,4167491,60681846,60681846,4167491,4167491,0,0,0,1338257961,588757039,3371,110,15202853,15202963,4167491,4167491,343399,3.6479894017767527,3.6479630069986952,0.25053560499790994,literal-shorter-than-qgram
job_name_name,name.name,benchmarks/job/../../data/job/name__name.csv,job-csv,utf8,StdSearch,static,qgram,full-scan,prefix_b,B%,4,4167491,60681846,60681846,4167491,4167491,0,0,0,1338257961,588757039,3371,111,15264197,15264308,4167491,4167491,343399,3.662709289594147,3.662682654863562,0.2515465333734244,literal-shorter-than-qgram
job_name_name,name.name,benchmarks/job/../../data/job/name__name.csv,job-csv,utf8,StdSearch,static,trigram,full-scan,prefix_b,B%,0,4167491,60681846,60681846,4167491,4167491,0,0,0,1338257961,3192349665,3371,553,15452462,15453015,4167491,4167491,343399,3.707990011256173,3.7078573175083043,0.25465631022497237,literal-shorter-than-trigram
job_name_name,name.name,benchmarks/job/../../data/job/name__name.csv,job-csv,utf8,StdSearch,static,trigram,full-scan,prefix_b,B%,1,4167491,60681846,60681846,4167491,4167491,0,0,0,1338257961,3192349665,3371,131,15355367,15355498,4167491,4167491,343399,3.6845905606034903,3.6845591268223497,0.2530492892388277,literal-shorter-than-trigram
job_name_name,name.name,benchmarks/job/../../data/job/name__name.csv,job-csv,utf8,StdSearch,static,trigram,full-scan,prefix_b,B%,2,4167491,60681846,60681846,4167491,4167491,0,0,0,1338257961,3192349665,3371,111,15580342,15580453,4167491,4167491,343399,3.7385690814929173,3.7385424467623327,0.2567564111348887,literal-shorter-than-trigram
job_name_name,name.name,benchmarks/job/../../data/job/name__name.csv,job-csv,utf8,StdSearch,static,trigram,full-scan,prefix_b,B%,3,4167491,60681846,60681846,4167491,4167491,0,0,0,1338257961,3192349665,3371,111,15013531,15013642,4167491,4167491,343399,3.602561349262662,3.602534714532077,0.24741570979894054,literal-shorter-than-trigram
job_name_name,name.name,benchmarks/job/../../data/job/name__name.csv,job-csv,utf8,StdSearch,static,trigram,full-scan,prefix_b,B%,4,4167491,60681846,60681846,4167491,4167491,0,0,0,1338257961,3192349665,3371,141,14866562,14866703,4167491,4167491,343399,3.567302964781448,3.567269131475029,0.24499424424233898,literal-shorter-than-trigram
job_name_name,name.name,benchmarks/job/../../data/job/name__name.csv,job-csv,utf8,StdSearch,static,fm,fm,prefix_x,X%,0,4167491,60681846,60681846,4167491,4167491,0,0,0,1338257961,62312623267,2979,109695,87839,197534,8750,8750,2664,0.0473987826248455,10.038742857142857,0.0032552404552755364,
job_name_name,name.name,benchmarks/job/../../data/job/name__name.csv,job-csv,utf8,StdSearch,static,fm,fm,prefix_x,X%,1,4167491,60681846,60681846,4167491,4167491,0,0,0,1338257961,62312623267,2979,97398,86862,184260,8750,8750,2664,0.0442136527709358,9.927085714285715,0.0030364929900122024,
job_name_name,name.name,benchmarks/job/../../data/job/name__name.csv,job-csv,utf8,StdSearch,static,fm,fm,prefix_x,X%,2,4167491,60681846,60681846,4167491,4167491,0,0,0,1338257961,62312623267,2979,96030,84760,180790,8750,8750,2664,0.0433810174994979,9.686857142857143,0.002979309495627407,
job_name_name,name.name,benchmarks/job/../../data/job/name__name.csv,job-csv,utf8,StdSearch,static,fm,fm,prefix_x,X%,3,4167491,60681846,60681846,4167491,4167491,0,0,0,1338257961,62312623267,2979,111426,83713,195139,8750,8750,2664,0.046824096320783895,9.5672,0.003215772308574792,
job_name_name,name.name,benchmarks/job/../../data/job/name__name.csv,job-csv,utf8,StdSearch,static,fm,fm,prefix_x,X%,4,4167491,60681846,60681846,4167491,4167491,0,0,0,1338257961,62312623267,2979,101031,80201,181232,8750,8750,2664,0.04348707651678192,9.165828571428571,0.002986593387419361,
job_name_name,name.name,benchmarks/job/../../data/job/name__name.csv,job-csv,utf8,StdSearch,static,full-scan,full-scan,prefix_x,X%,0,4167491,60681846,60681846,4167491,4167491,0,0,0,1338257961,0,2979,523,15549018,15549541,4167491,4167491,2664,3.7311516689538142,3.731026173781779,0.2562470001324614,
job_name_name,name.name,benchmarks/job/../../data/job/name__name.csv,job-csv,utf8,StdSearch,static,full-scan,full-scan,prefix_x,X%,1,4167491,60681846,60681846,4167491,4167491,0,0,0,1338257961,0,2979,171,15183301,15183472,4167491,4167491,2664,3.6433124870575604,3.643271455175308,0.2502144051451566,
job_name_name,name.name,benchmarks/job/../../data/job/name__name.csv,job-csv,utf8,StdSearch,static,full-scan,full-scan,prefix_x,X%,2,4167491,60681846,60681846,4167491,4167491,0,0,0,1338257961,0,2979,111,15026420,15026531,4167491,4167491,2664,3.6056540973933715,3.605627462662787,0.247628112697824,
job_name_name,name.name,benchmarks/job/../../data/job/name__name.csv,job-csv,utf8,StdSearch,static,full-scan,full-scan,prefix_x,X%,3,4167491,60681846,60681846,4167491,4167491,0,0,0,1338257961,0,2979,151,15214960,15215111,4167491,4167491,2664,3.6509043450843683,3.650868112252672,0.2507357966664363,
job_name_name,name.name,benchmarks/job/../../data/job/name__name.csv,job-csv,utf8,StdSearch,static,full-scan,full-scan,prefix_x,X%,4,4167491,60681846,60681846,4167491,4167491,0,0,0,1338257961,0,2979,111,15114522,15114633,4167491,4167491,2664,3.6267943949968937,3.626767760266309,0.24907998019704278,
job_name_name,name.name,benchmarks/job/../../data/job/name__name.csv,job-csv,utf8,StdSearch,static,prefix-btree,prefix-btree,prefix_x,X%,0,4167491,60681846,60681846,4167491,4167491,0,0,0,1338257961,1584574030,2979,51703,17751,69454,2664,2664,2664,0.016665662865258737,6.663288288288288,0.0011445597749284028,
job_name_name,name.name,benchmarks/job/../../data/job/name__name.csv,job-csv,utf8,StdSearch,static,prefix-btree,prefix-btree,prefix_x,X%,1,4167491,60681846,60681846,4167491,4167491,0,0,0,1338257961,1584574030,2979,38872,15768,54640,2664,2664,2664,0.013111006118549507,5.918918918918919,0.0009004340441455918,
job_name_name,name.name,benchmarks/job/../../data/job/name__name.csv,job-csv,utf8,StdSearch,static,prefix-btree,prefix-btree,prefix_x,X%,2,4167491,60681846,60681846,4167491,4167491,0,0,0,1338257961,1584574030,2979,35743,14340,50083,2664,2664,2664,0.01201754244940181,5.382882882882883,0.0008253374493584128,
job_name_name,name.name,benchmarks/job/../../data/job/name__name.csv,job-csv,utf8,StdSearch,static,prefix-btree,prefix-btree,prefix_x,X%,3,4167491,60681846,60681846,4167491,4167491,0,0,0,1338257961,1584574030,2979,33067,13796,46863,2664,2664,2664,0.011244895309911887,5.178678678678678,0.000772273803272234,
job_name_name,name.name,benchmarks/job/../../data/job/name__name.csv,job-csv,utf8,StdSearch,static,prefix-btree,prefix-btree,prefix_x,X%,4,4167491,60681846,60681846,4167491,4167491,0,0,0,1338257961,1584574030,2979,32734,13454,46188,2664,2664,2664,0.011082927353652353,5.0503003003003,0.0007611502128659698,
job_name_name,name.name,benchmarks/job/../../data/job/name__name.csv,job-csv,utf8,StdSearch,static,qgram,full-scan,prefix_x,X%,0,4167491,60681846,60681846,4167491,4167491,0,0,0,1338257961,588757039,2979,815,15426884,15427699,4167491,4167491,2664,3.7019153730625933,3.701719811752443,0.2542391179068613,literal-shorter-than-qgram
job_name_name,name.name,benchmarks/job/../../data/job/name__name.csv,job-csv,utf8,StdSearch,static,qgram,full-scan,prefix_x,X%,1,4167491,60681846,60681846,4167491,4167491,0,0,0,1338257961,588757039,2979,110,15414908,15415018,4167491,4167491,2664,3.698872535057664,3.698846140279607,0.2540301427217623,literal-shorter-than-qgram
job_name_name,name.name,benchmarks/job/../../data/job/name__name.csv,job-csv,utf8,StdSearch,static,qgram,full-scan,prefix_x,X%,2,4167491,60681846,60681846,4167491,4167491,0,0,0,1338257961,588757039,2979,111,15454516,15454627,4167491,4167491,2664,3.7083768147309737,3.7083501800003886,0.25468287500680187,literal-shorter-than-qgram
job_name_name,name.name,benchmarks/job/../../data/job/name__name.csv,job-csv,utf8,StdSearch,static,qgram,full-scan,prefix_x,X%,3,4167491,60681846,60681846,4167491,4167491,0,0,0,1338257961,588757039,2979,111,15755727,15755838,4167491,4167491,2664,3.7806531555797003,3.780626520849115,0.2596466495103,literal-shorter-than-qgram
job_name_name,name.name,benchmarks/job/../../data/job/name__name.csv,job-csv,utf8,StdSearch,static,qgram,full-scan,prefix_x,X%,4,4167491,60681846,60681846,4167491,4167491,0,0,0,1338257961,588757039,2979,111,15696256,15696367,4167491,4167491,2664,3.766382938799388,3.766356304068803,0.25866660351763193,literal-shorter-than-qgram
job_name_name,name.name,benchmarks/job/../../data/job/name__name.csv,job-csv,utf8,StdSearch,static,trigram,full-scan,prefix_x,X%,0,4167491,60681846,60681846,4167491,4167491,0,0,0,1338257961,3192349665,2979,493,15455682,15456175,4167491,4167491,2664,3.7087482612439957,3.7086299646477943,0.2547083851074669,literal-shorter-than-trigram
job_name_name,name.name,benchmarks/job/../../data/job/name__name.csv,job-csv,utf8,StdSearch,static,trigram,full-scan,prefix_x,X%,1,4167491,60681846,60681846,4167491,4167491,0,0,0,1338257961,3192349665,2979,110,15464549,15464659,4167491,4167491,2664,3.710784018489782,3.710757623711725,0.25484819627932875,literal-shorter-than-trigram
job_name_name,name.name,benchmarks/job/../../data/job/name__name.csv,job-csv,utf8,StdSearch,static,trigram,full-scan,prefix_x,X%,2,4167491,60681846,60681846,4167491,4167491,0,0,0,1338257961,3192349665,2979,100,15407527,15407627,4167491,4167491,2664,3.6970990459247544,3.697075050671975,0.253908343526662,literal-shorter-than-trigram
job_name_name,name.name,benchmarks/job/../../data/job/name__name.csv,job-csv,utf8,StdSearch,static,trigram,full-scan,prefix_x,X%,3,4167491,60681846,60681846,4167491,4167491,0,0,0,1338257961,3192349665,2979,111,15369640,15369751,4167491,4167491,2664,3.688010603982108,3.6879839692515235,0.2532841700300284,literal-shorter-than-trigram
job_name_name,name.name,benchmarks/job/../../data/job/name__name.csv,job-csv,utf8,StdSearch,static,trigram,full-scan,prefix_x,X%,4,4167491,60681846,60681846,4167491,4167491,0,0,0,1338257961,3192349665,2979,101,15411082,15411183,4167491,4167491,2664,3.6979523171135824,3.6979280819082754,0.2539669442488615,literal-shorter-than-trigram
job_name_name,name.name,benchmarks/job/../../data/job/name__name.csv,job-csv,utf8,StdSearch,static,fm,fm,prefix_z,Z%,0,4167491,60681846,60681846,4167491,4167491,0,0,0,1338257961,62312623267,2766,1246684,1379773,2626457,59261,59261,36174,0.6302249962867347,23.28298543730278,0.04328241761135612,
job_name_name,name.name,benchmarks/job/../../data/job/name__name.csv,job-csv,utf8,StdSearch,static,fm,fm,prefix_z,Z%,1,4167491,60681846,60681846,4167491,4167491,0,0,0,1338257961,62312623267,2766,1160932,1251191,2412123,59261,59261,36174,0.5787950111949852,21.113227923929735,0.03975032335041356,
job_name_name,name.name,benchmarks/job/../../data/job/name__name.csv,job-csv,utf8,StdSearch,static,fm,fm,prefix_z,Z%,2,4167491,60681846,60681846,4167491,4167491,0,0,0,1338257961,62312623267,2766,980575,564578,1545153,59261,59261,36174,0.3707633681752402,9.52697389514183,0.02546318383260786,
job_name_name,name.name,benchmarks/job/../../data/job/name__name.csv,job-csv,utf8,StdSearch,static,fm,fm,prefix_z,Z%,3,4167491,60681846,60681846,4167491,4167491,0,0,0,1338257961,62312623267,2766,912285,438037,1350322,59261,59261,36174,0.3240131772330162,7.391657245068426,0.022252487177136966,
job_name_name,name.name,benchmarks/job/../../data/job/name__name.csv,job-csv,utf8,StdSearch,static,fm,fm,prefix_z,Z%,4,4167491,60681846,60681846,4167491,4167491,0,0,0,1338257961,62312623267,2766,820919,412325,1233244,59261,59261,36174,0.295920015184196,6.957779990212788,0.02032311278071534,
job_name_name,name.name,benchmarks/job/../../data/job/name__name.csv,job-csv,utf8,StdSearch,static,full-scan,full-scan,prefix_z,Z%,0,4167491,60681846,60681846,4167491,4167491,0,0,0,1338257961,0,2766,543,15842603,15843146,4167491,4167491,36174,3.8016029308761556,3.8014726366535645,0.26108543237132237,
job_name_name,name.name,benchmarks/job/../../data/job/name__name.csv,job-csv,utf8,StdSearch,static,full-scan,full-scan,prefix_z,Z%,1,4167491,60681846,60681846,4167491,4167491,0,0,0,1338257961,0,2766,121,16826374,16826495,4167491,4167491,36174,4.037560009127795,4.037530974871931,0.2772904271897068,
job_name_name,name.name,benchmarks/job/../../data/job/name__name.csv,job-csv,utf8,StdSearch,static,full-scan,full-scan,prefix_z,Z%,2,4167491,60681846,60681846,4167491,4167491,0,0,0,1338257961,0,2766,121,15927668,15927789,4167491,4167491,36174,3.8219132326860454,3.821884198430183,0.26248029764948155,
job_name_name,name.name,benchmarks/job/../../data/job/name__name.csv,job-csv,utf8,StdSearch,static,full-scan,full-scan,prefix_z,Z%,3,4167491,60681846,60681846,4167491,4167491,0,0,0,1338257961,0,2766,111,15793514,15793625,4167491,4167491,36174,3.7897202417473728,3.7896936070167877,0.2602693563409393,
job_name_name,name.name,benchmarks/job/../../data/job/name__name.csv,job-csv,utf8,StdSearch,static,full-scan,full-scan,prefix_z,Z%,4,4167491,60681846,60681846,4167491,4167491,0,0,0,1338257961,0,2766,110,15592043,15592153,4167491,4167491,36174,3.7413765260680827,3.7413501312900257,0.25694922003526394,
job_name_name,name.name,benchmarks/job/../../data/job/name__name.csv,job-csv,utf8,StdSearch,static,prefix-btree,prefix-btree,prefix_z,Z%,0,4167491,60681846,60681846,4167491,4167491,0,0,0,1338257961,1584574030,2766,581567,139458,721025,36174,36174,36174,0.1730117713511559,3.8551998673080115,0.011882054478039446,
job_name_name,name.name,benchmarks/job/../../data/job/name__name.csv,job-csv,utf8,StdSearch,static,prefix-btree,prefix-btree,prefix_z,Z%,1,4167491,60681846,60681846,4167491,4167491,0,0,0,1338257961,1584574030,2766,530236,139266,669502,36174,36174,36174,0.16064869726173372,3.849892187759164,0.011032986702481002,
job_name_name,name.name,benchmarks/job/../../data/job/name__name.csv,job-csv,utf8,StdSearch,static,prefix-btree,prefix-btree,prefix_z,Z%,2,4167491,60681846,60681846,4167491,4167491,0,0,0,1338257961,1584574030,2766,554126,139618,693744,36174,36174,36174,0.16646562644046503,3.8596229335987173,0.011432480152301234,
job_name_name,name.name,benchmarks/job/../../data/job/name__name.csv,job-csv,utf8,StdSearch,static,prefix-btree,prefix-btree,prefix_z,Z%,3,4167491,60681846,60681846,4167491,4167491,0,0,0,1338257961,1584574030,2766,526877,139326,666203,36174,36174,36174,0.15985709387254826,3.851550837618179,0.010978621184332462,
job_name_name,name.name,benchmarks/job/../../data/job/name__name.csv,job-csv,utf8,StdSearch,static,prefix-btree,prefix-btree,prefix_z,Z%,4,4167491,60681846,60681846,4167491,4167491,0,0,0,1338257961,1584574030,2766,539068,139628,678696,36174,36174,36174,0.16285482080225247,3.8598993752418864,0.011184498243510917,
job_name_name,name.name,benchmarks/job/../../data/job/name__name.csv,job-csv,utf8,StdSearch,static,qgram,full-scan,prefix_z,Z%,0,4167491,60681846,60681846,4167491,4167491,0,0,0,1338257961,588757039,2766,523,15685309,15685832,4167491,4167491,36174,3.7638550389191003,3.7637295437470653,0.25849299311032825,literal-shorter-than-qgram
job_name_name,name.name,benchmarks/job/../../data/job/name__name.csv,job-csv,utf8,StdSearch,static,qgram,full-scan,prefix_z,Z%,1,4167491,60681846,60681846,4167491,4167491,0,0,0,1338257961,588757039,2766,110,15572992,15573102,4167491,4167491,36174,3.7368051904611193,3.7367787956830623,0.25663527111551615,literal-shorter-than-qgram
job_name_name,name.name,benchmarks/job/../../data/job/name__name.csv,job-csv,utf8,StdSearch,static,qgram,full-scan,prefix_z,Z%,2,4167491,60681846,60681846,4167491,4167491,0,0,0,1338257961,588757039,2766,282,15469223,15469505,4167491,4167491,36174,3.7119468284394617,3.7118791618266243,0.25492805541874913,literal-shorter-than-qgram
job_name_name,name.name,benchmarks/job/../../data/job/name__name.csv,job-csv,utf8,StdSearch,static,qgram,full-scan,prefix_z,Z%,3,4167491,60681846,60681846,4167491,4167491,0,0,0,1338257961,588757039,2766,110,15546193,15546303,4167491,4167491,36174,3.730374702668824,3.730348307890767,0.2561936398572977,literal-shorter-than-qgram
job_name_name,name.name,benchmarks/job/../../data/job/name__name.csv,job-csv,utf8,StdSearch,static,qgram,full-scan,prefix_z,Z%,4,4167491,60681846,60681846,4167491,4167491,0,0,0,1338257961,588757039,2766,120,15838617,15838737,4167491,4167491,36174,3.800544980181121,3.800516185877786,0.261012774726728,literal-shorter-than-qgram
job_name_name,name.name,benchmarks/job/../../data/job/name__name.csv,job-csv,utf8,StdSearch,static,trigram,full-scan,prefix_z,Z%,0,4167491,60681846,60681846,4167491,4167491,0,0,0,1338257961,3192349665,2766,523,15567115,15567638,4167491,4167491,36174,3.735494089849264,3.735368594677229,0.2565452277111016,literal-shorter-than-trigram
job_name_name,name.name,benchmarks/job/../../data/job/name__name.csv,job-csv,utf8,StdSearch,static,trigram,full-scan,prefix_z,Z%,1,4167491,60681846,60681846,4167491,4167491,0,0,0,1338257961,3192349665,2766,141,15187252,15187393,4167491,4167491,36174,3.6442533409190325,3.644219507612614,0.2502790208458721,literal-shorter-than-trigram
job_name_name,name.name,benchmarks/job/../../data/job/name__name.csv,job-csv,utf8,StdSearch,static,trigram,full-scan,prefix_z,Z%,2,4167491,60681846,60681846,4167491,4167491,0,0,0,1338257961,3192349665,2766,111,22746701,22746812,4167491,4167491,36174,5.458155038607162,5.458128403876577,0.37485365886858485,literal-shorter-than-trigram
job_name_name,name.name,benchmarks/job/../../data/job/name__name.csv,job-csv,utf8,StdSearch,static,trigram,full-scan,prefix_z,Z%,3,4167491,60681846,60681846,4167491,4167491,0,0,0,1338257961,3192349665,2766,110,21640580,21640690,4167491,4167491,36174,5.1927382686609285,5.192711873882871,0.35662543950953635,literal-shorter-than-trigram
job_name_name,name.name,benchmarks/job/../../data/job/name__name.csv,job-csv,utf8,StdSearch,static,trigram,full-scan,prefix_z,Z%,4,4167491,60681846,60681846,4167491,4167491,0,0,0,1338257961,3192349665,2766,100,15174960,15175060,4167491,4167491,36174,3.641294006393775,3.6412700111409957,0.25007578048960477,literal-shorter-than-trigram
job_name_name,name.name,benchmarks/job/../../data/job/name__name.csv,job-csv,utf8,StdSearch,static,fm,fm,not_contains_yu,%Yu%,0,4167491,60681846,60681846,4167491,4167491,0,0,0,1338257961,62312623267,3259,237794,878537,1116331,16079,16079,16079,0.26786644530246134,54.638783506436965,0.018396457484170802,
job_name_name,name.name,benchmarks/job/../../data/job/name__name.csv,job-csv,utf8,StdSearch,static,fm,fm,not_contains_yu,%Yu%,1,4167491,60681846,60681846,4167491,4167491,0,0,0,1338257961,62312623267,3259,242048,720521,962569,16079,16079,16079,0.23097086472412298,44.81130667330058,0.015862553027803407,
job_name_name,name.name,benchmarks/job/../../data/job/name__name.csv,job-csv,utf8,StdSearch,static,fm,fm,not_contains_yu,%Yu%,2,4167491,60681846,60681846,4167491,4167491,0,0,0,1338257961,62312623267,3259,195868,497142,693010,16079,16079,16079,0.16628950128506576,30.91871385036383,0.011420384277696496,
job_name_name,name.name,benchmarks/job/../../data/job/name__name.csv,job-csv,utf8,StdSearch,static,fm,fm,not_contains_yu,%Yu%,3,4167491,60681846,60681846,4167491,4167491,0,0,0,1338257961,62312623267,3259,187227,509274,696501,16079,16079,16079,0.16712717555958728,31.673238385471734,0.011477913839338374,
job_name_name,name.name,benchmarks/job/../../data/job/name__name.csv,job-csv,utf8,StdSearch,static,fm,fm,not_contains_yu,%Yu%,4,4167491,60681846,60681846,4167491,4167491,0,0,0,1338257961,62312623267,3259,186241,485153,671394,16079,16079,16079,0.16110268744431602,30.17308290316562,0.01106416571440493,
job_name_name,name.name,benchmarks/job/../../data/job/name__name.csv,job-csv,utf8,StdSearch,static,full-scan,full-scan,not_contains_yu,%Yu%,0,4167491,60681846,60681846,4167491,4167491,0,0,0,1338257961,0,3259,875,84540568,84541443,4167491,4167473,16079,20.285932951024968,20.28572299256315,1.3931916804244882,
job_name_name,name.name,benchmarks/job/../../data/job/name__name.csv,job-csv,utf8,StdSearch,static,full-scan,full-scan,not_contains_yu,%Yu%,1,4167491,60681846,60681846,4167491,4167491,0,0,0,1338257961,0,3259,110,83622750,83622860,4167491,4167473,16079,20.0655166381883,20.065490243410245,1.3780539899857365,
job_name_name,name.name,benchmarks/job/../../data/job/name__name.csv,job-csv,utf8,StdSearch,static,full-scan,full-scan,not_contains_yu,%Yu%,2,4167491,60681846,60681846,4167491,4167491,0,0,0,1338257961,0,3259,121,83469110,83469231,4167491,4167473,16079,20.028652971296157,20.028623937040297,1.375522277288664,
job_name_name,name.name,benchmarks/job/../../data/job/name__name.csv,job-csv,utf8,StdSearch,static,full-scan,full-scan,not_contains_yu,%Yu%,3,4167491,60681846,60681846,4167491,4167491,0,0,0,1338257961,0,3259,131,87019412,87019543,4167491,4167473,16079,20.88055931014608,20.88052787636494,1.4340292646996928,
job_name_name,name.name,benchmarks/job/../../data/job/name__name.csv,job-csv,utf8,StdSearch,static,full-scan,full-scan,not_contains_yu,%Yu%,4,4167491,60681846,60681846,4167491,4167491,0,0,0,1338257961,0,3259,130,93960649,93960779,4167491,4167473,16079,22.546126434346228,22.546095240517616,1.5484166219992714,
job_name_name,name.name,benchmarks/job/../../data/job/name__name.csv,job-csv,utf8,StdSearch,static,prefix-btree,full-scan,not_contains_yu,%Yu%,0,4167491,60681846,60681846,4167491,4167491,0,0,0,1338257961,1584574030,3259,1127,82167480,82168607,4167491,4167473,16079,19.716564954789344,19.716294528290522,1.3540887829945054,no-indexable-prefix
job_name_name,name.name,benchmarks/job/../../data/job/name__name.csv,job-csv,utf8,StdSearch,static,prefix-btree,full-scan,not_contains_yu,%Yu%,1,4167491,60681846,60681846,4167491,4167491,0,0,0,1338257961,1584574030,3259,362,83726162,83726524,4167491,4167473,16079,20.09039107702932,20.09030421421426,1.3797623098018474,no-indexable-prefix
job_name_name,name.name,benchmarks/job/../../data/job/name__name.csv,job-csv,utf8,StdSearch,static,prefix-btree,full-scan,not_contains_yu,%Yu%,2,4167491,60681846,60681846,4167491,4167491,0,0,0,1338257961,1584574030,3259,442,83721299,83721741,4167491,4167473,16079,20.089243384088892,20.089137325071608,1.3796834888641984,no-indexable-prefix
job_name_name,name.name,benchmarks/job/../../data/job/name__name.csv,job-csv,utf8,StdSearch,static,prefix-btree,full-scan,not_contains_yu,%Yu%,3,4167491,60681846,60681846,4167491,4167491,0,0,0,1338257961,1584574030,3259,745,84003438,84004183,4167491,4167473,16079,20.157016055943494,20.156837291310286,1.3843379616368297,no-indexable-prefix
job_name_name,name.name,benchmarks/job/../../data/job/name__name.csv,job-csv,utf8,StdSearch,static,prefix-btree,full-scan,not_contains_yu,%Yu%,4,4167491,60681846,60681846,4167491,4167491,0,0,0,1338257961,1584574030,3259,413,82736669,82737082,4167491,4167473,16079,19.852971968025845,19.852872867631866,1.363456906040729,no-indexable-prefix
job_name_name,name.name,benchmarks/job/../../data/job/name__name.csv,job-csv,utf8,StdSearch,static,qgram,full-scan,not_contains_yu,%Yu%,0,4167491,60681846,60681846,4167491,4167491,0,0,0,1338257961,588757039,3259,463,82505488,82505951,4167491,4167473,16079,19.797511500324777,19.797400402304408,1.3596480074122992,literal-shorter-than-qgram
job_name_name,name.name,benchmarks/job/../../data/job/name__name.csv,job-csv,utf8,StdSearch,static,qgram,full-scan,not_contains_yu,%Yu%,1,4167491,60681846,60681846,4167491,4167491,0,0,0,1338257961,588757039,3259,141,82324042,82324183,4167491,4167473,16079,19.7538958092531,19.75386197594668,1.3566525810701275,literal-shorter-than-qgram
job_name_name,name.name,benchmarks/job/../../data/job/name__name.csv,job-csv,utf8,StdSearch,static,qgram,full-scan,not_contains_yu,%Yu%,2,4167491,60681846,60681846,4167491,4167491,0,0,0,1338257961,588757039,3259,110,83552129,83552239,4167491,4167473,16079,20.04857095072311,20.048544555945053,1.3768901987589501,literal-shorter-than-qgram
job_name_name,name.name,benchmarks/job/../../data/job/name__name.csv,job-csv,utf8,StdSearch,static,qgram,full-scan,not_contains_yu,%Yu%,3,4167491,60681846,60681846,4167491,4167491,0,0,0,1338257961,588757039,3259,111,83190520,83190631,4167491,4167473,16079,19.961802197053334,19.96177556232275,1.3709311183446857,literal-shorter-than-qgram
job_name_name,name.name,benchmarks/job/../../data/job/name__name.csv,job-csv,utf8,StdSearch,static,qgram,full-scan,not_contains_yu,%Yu%,4,4167491,60681846,60681846,4167491,4167491,0,0,0,1338257961,588757039,3259,101,81821351,81821452,4167491,4167473,16079,19.633264235003747,19.63323999979844,1.3483678792500808,literal-shorter-than-qgram
job_name_name,name.name,benchmarks/job/../../data/job/name__name.csv,job-csv,utf8,StdSearch,static,trigram,full-scan,not_contains_yu,%Yu%,0,4167491,60681846,60681846,4167491,4167491,0,0,0,1338257961,3192349665,3259,674,82152352,82153026,4167491,4167473,16079,19.71282625445382,19.712664526450087,1.3538320175691425,literal-shorter-than-trigram
job_name_name,name.name,benchmarks/job/../../data/job/name__name.csv,job-csv,utf8,StdSearch,static,trigram,full-scan,not_contains_yu,%Yu%,1,4167491,60681846,60681846,4167491,4167491,0,0,0,1338257961,3192349665,3259,452,83689181,83689633,4167491,4167473,16079,20.08153898832655,20.081430529783987,1.3791543685075105,literal-shorter-than-trigram
job_name_name,name.name,benchmarks/job/../../data/job/name__name.csv,job-csv,utf8,StdSearch,static,trigram,full-scan,not_contains_yu,%Yu%,2,4167491,60681846,60681846,4167491,4167491,0,0,0,1338257961,3192349665,3259,111,83031323,83031434,4167491,4167473,16079,19.923602474486447,19.923575839755863,1.3683076483863066,literal-shorter-than-trigram
job_name_name,name.name,benchmarks/job/../../data/job/name__name.csv,job-csv,utf8,StdSearch,static,trigram,full-scan,not_contains_yu,%Yu%,3,4167491,60681846,60681846,4167491,4167491,0,0,0,1338257961,3192349665,3259,412,82707121,82707533,4167491,4167473,16079,19.845881610782122,19.84578275034067,1.3629699564512259,literal-shorter-than-trigram
job_name_name,name.name,benchmarks/job/../../data/job/name__name.csv,job-csv,utf8,StdSearch,static,trigram,full-scan,not_contains_yu,%Yu%,4,4167491,60681846,60681846,4167491,4167491,0,0,0,1338257961,3192349665,3259,111,82828780,82828891,4167491,4167473,16079,19.87500176964989,19.874975134919307,1.3649698626505198,literal-shorter-than-trigram
job_name_name,name.name,benchmarks/job/../../data/job/name__name.csv,job-csv,utf8,TwoWay2,static,fm,fm,contains_an,%An%,0,4167491,60681846,60681846,4167491,4167491,0,0,0,1338257961,62312623267,27813,3283848,9036897,12320745,163621,163621,163621,2.956393907029433,55.23066721264385,0.20303840130374412,
job_name_name,name.name,benchmarks/job/../../data/job/name__name.csv,job-csv,utf8,TwoWay2,static,fm,fm,contains_an,%An%,1,4167491,60681846,60681846,4167491,4167491,0,0,0,1338257961,62312623267,27813,3281959,9171601,12453560,163621,163621,163621,2.9882632020081146,56.053935619510945,0.20522711191086704,
job_name_name,name.name,benchmarks/job/../../data/job/name__name.csv,job-csv,utf8,TwoWay2,static,fm,fm,contains_an,%An%,2,4167491,60681846,60681846,4167491,4167491,0,0,0,1338257961,62312623267,27813,3252607,9042778,12295385,163621,163621,163621,2.950308710924631,55.266610031719644,0.20262048389233248,
job_name_name,name.name,benchmarks/job/../../data/job/name__name.csv,job-csv,utf8,TwoWay2,static,fm,fm,contains_an,%An%,3,4167491,60681846,60681846,4167491,4167491,0,0,0,1338257961,62312623267,27813,3368826,8841973,12210799,163621,163621,163621,2.930012086408825,54.039353139266964,0.20122655793958544,
job_name_name,name.name,benchmarks/job/../../data/job/name__name.csv,job-csv,utf8,TwoWay2,static,fm,fm,contains_an,%An%,4,4167491,60681846,60681846,4167491,4167491,0,0,0,1338257961,62312623267,27813,3207344,9379172,12586516,163621,163621,163621,3.0201663302932147,57.32254417220283,0.2074181461124304,
job_name_name,name.name,benchmarks/job/../../data/job/name__name.csv,job-csv,utf8,TwoWay2,static,full-scan,full-scan,contains_an,%An%,0,4167491,60681846,60681846,4167491,4167491,0,0,0,1338257961,0,27813,694,58558025,58558719,4167491,4167473,163621,14.05131264830566,14.05114612125137,0.9650121553652141,
job_name_name,name.name,benchmarks/job/../../data/job/name__name.csv,job-csv,utf8,TwoWay2,static,full-scan,full-scan,contains_an,%An%,1,4167491,60681846,60681846,4167491,4167491,0,0,0,1338257961,0,27813,161,57855721,57855882,4167491,4167473,163621,13.882665133529983,13.882626501173007,0.9534298280905956,
job_name_name,name.name,benchmarks/job/../../data/job/name__name.csv,job-csv,utf8,TwoWay2,static,full-scan,full-scan,contains_an,%An%,2,4167491,60681846,60681846,4167491,4167491,0,0,0,1338257961,0,27813,131,59205002,59205133,4167491,4167473,163621,14.206421321605733,14.206389887824592,0.9756646658376213,
job_name_name,name.name,benchmarks/job/../../data/job/name__name.csv,job-csv,utf8,TwoWay2,static,full-scan,full-scan,contains_an,%An%,3,4167491,60681846,60681846,4167491,4167491,0,0,0,1338257961,0,27813,151,59867021,59867172,4167491,4167473,163621,14.365279253152556,14.36524302032086,0.9865746668286921,
job_name_name,name.name,benchmarks/job/../../data/job/name__name.csv,job-csv,utf8,TwoWay2,static,full-scan,full-scan,contains_an,%An%,4,4167491,60681846,60681846,4167491,4167491,0,0,0,1338257961,0,27813,101,58613723,58613824,4167491,4167473,163621,14.064535232349632,14.064510997144325,0.9659202523271951,
job_name_name,name.name,benchmarks/job/../../data/job/name__name.csv,job-csv,utf8,TwoWay2,static,prefix-btree,full-scan,contains_an,%An%,0,4167491,60681846,60681846,4167491,4167491,0,0,0,1338257961,1584574030,27813,945,58118957,58119902,4167491,4167473,163621,13.9460173999176,13.945790644778837,0.9577807174817984,no-indexable-prefix
job_name_name,name.name,benchmarks/job/../../data/job/name__name.csv,job-csv,utf8,TwoWay2,static,prefix-btree,full-scan,contains_an,%An%,1,4167491,60681846,60681846,4167491,4167491,0,0,0,1338257961,1584574030,27813,362,59189610,59189972,4167491,4167473,163621,14.20278340133188,14.20269653851682,0.9754148217574,no-indexable-prefix
job_name_name,name.name,benchmarks/job/../../data/job/name__name.csv,job-csv,utf8,TwoWay2,static,prefix-btree,full-scan,contains_an,%An%,2,4167491,60681846,60681846,4167491,4167491,0,0,0,1338257961,1584574030,27813,824,57913552,57914376,4167491,4167473,163621,13.896700916690643,13.89650319580774,0.9543937737161127,no-indexable-prefix
job_name_name,name.name,benchmarks/job/../../data/job/name__name.csv,job-csv,utf8,TwoWay2,static,prefix-btree,full-scan,contains_an,%An%,3,4167491,60681846,60681846,4167491,4167491,0,0,0,1338257961,1584574030,27813,321,58790711,58791032,4167491,4167473,163621,14.10705673989458,14.106979715133159,0.9688405326364,no-indexable-prefix
job_name_name,name.name,benchmarks/job/../../data/job/name__name.csv,job-csv,utf8,TwoWay2,static,prefix-btree,full-scan,contains_an,%An%,4,4167491,60681846,60681846,4167491,4167491,0,0,0,1338257961,1584574030,27813,392,58361057,58361449,4167491,4167473,163621,14.00397721314815,14.003883151757256,0.9617612654697419,no-indexable-prefix
job_name_name,name.name,benchmarks/job/../../data/job/name__name.csv,job-csv,utf8,TwoWay2,static,qgram,full-scan,contains_an,%An%,0,4167491,60681846,60681846,4167491,4167491,0,0,0,1338257961,588757039,27813,462,59330498,59330960,4167491,4167473,163621,14.236613828320205,14.236502970252365,0.9777382184451013,literal-shorter-than-qgram
job_name_name,name.name,benchmarks/job/../../data/job/name__name.csv,job-csv,utf8,TwoWay2,static,qgram,full-scan,contains_an,%An%,1,4167491,60681846,60681846,4167491,4167491,0,0,0,1338257961,588757039,27813,131,59758276,59758407,4167491,4167473,163621,14.33918081646727,14.339149382686129,0.984782285627896,literal-shorter-than-qgram
job_name_name,name.name,benchmarks/job/../../data/job/name__name.csv,job-csv,utf8,TwoWay2,static,qgram,full-scan,contains_an,%An%,2,4167491,60681846,60681846,4167491,4167491,0,0,0,1338257961,588757039,27813,131,59769792,59769923,4167491,4167473,163621,14.341944109777321,14.34191267599618,0.9849720623199235,literal-shorter-than-qgram
job_name_name,name.name,benchmarks/job/../../data/job/name__name.csv,job-csv,utf8,TwoWay2,static,qgram,full-scan,contains_an,%An%,3,4167491,60681846,60681846,4167491,4167491,0,0,0,1338257961,588757039,27813,111,59516248,59516359,4167491,4167473,163621,14.281100787020296,14.281074152289712,0.9807934814639621,literal-shorter-than-qgram
job_name_name,name.name,benchmarks/job/../../data/job/name__name.csv,job-csv,utf8,TwoWay2,static,qgram,full-scan,contains_an,%An%,4,4167491,60681846,60681846,4167491,4167491,0,0,0,1338257961,588757039,27813,111,58657215,58657326,4167491,4167473,163621,14.074973647213636,14.074947012483051,0.9666371388899409,literal-shorter-than-qgram
job_name_name,name.name,benchmarks/job/../../data/job/name__name.csv,job-csv,utf8,TwoWay2,static,trigram,full-scan,contains_an,%An%,0,4167491,60681846,60681846,4167491,4167491,0,0,0,1338257961,3192349665,27813,482,59148179,59148661,4167491,4167473,163621,14.19287072245627,14.192755065337874,0.9747340415451435,literal-shorter-than-trigram
job_name_name,name.name,benchmarks/job/../../data/job/name__name.csv,job-csv,utf8,TwoWay2,static,trigram,full-scan,contains_an,%An%,1,4167491,60681846,60681846,4167491,4167491,0,0,0,1338257961,3192349665,27813,111,58632094,58632205,4167491,4167473,163621,14.068945799762975,14.06891916503239,0.9662231600535026,literal-shorter-than-trigram
job_name_name,name.name,benchmarks/job/../../data/job/name__name.csv,job-csv,utf8,TwoWay2,static,trigram,full-scan,contains_an,%An%,2,4167491,60681846,60681846,4167491,4167491,0,0,0,1338257961,3192349665,27813,100,60881132,60881232,4167491,4167473,163621,14.608605513485212,14.608581518232432,1.0032857602914718,literal-shorter-than-trigram
job_name_name,name.name,benchmarks/job/../../data/job/name__name.csv,job-csv,utf8,TwoWay2,static,trigram,full-scan,contains_an,%An%,3,4167491,60681846,60681846,4167491,4167491,0,0,0,1338257961,3192349665,27813,412,59619506,59619918,4167491,4167473,163621,14.305950030845898,14.305851170404447,0.9825000709437877,literal-shorter-than-trigram
job_name_name,name.name,benchmarks/job/../../data/job/name__name.csv,job-csv,utf8,TwoWay2,static,trigram,full-scan,contains_an,%An%,4,4167491,60681846,60681846,4167491,4167491,0,0,0,1338257961,3192349665,27813,111,58408687,58408798,4167491,4167473,163621,14.01533872538657,14.015312090655984,0.9625415482581067,literal-shorter-than-trigram
job_name_name,name.name,benchmarks/job/../../data/job/name__name.csv,job-csv,utf8,TwoWay2,static,fm,fm,contains_ang,%Ang%,0,4167491,60681846,60681846,4167491,4167491,0,0,0,1338257961,62312623267,3598,266929,555564,822493,15803,15803,15803,0.19735927444114457,35.155603366449405,0.013554185546695465,
job_name_name,name.name,benchmarks/job/../../data/job/name__name.csv,job-csv,utf8,TwoWay2,static,fm,fm,contains_ang,%Ang%,1,4167491,60681846,60681846,4167491,4167491,0,0,0,1338257961,62312623267,3598,195937,428319,624256,15803,15803,15803,0.14979180518926136,27.103651205467315,0.010287360078004218,
job_name_name,name.name,benchmarks/job/../../data/job/name__name.csv,job-csv,utf8,TwoWay2,static,fm,fm,contains_ang,%Ang%,2,4167491,60681846,60681846,4167491,4167491,0,0,0,1338257961,62312623267,3598,198820,439152,637972,15803,15803,15803,0.15308299406045509,27.78915395810922,0.010513391435059506,
job_name_name,name.name,benchmarks/job/../../data/job/name__name.csv,job-csv,utf8,TwoWay2,static,fm,fm,contains_ang,%Ang%,3,4167491,60681846,60681846,4167491,4167491,0,0,0,1338257961,62312623267,3598,202810,425204,628014,15803,15803,15803,0.15069354678870334,26.90653673353161,0.01034928963762902,
job_name_name,name.name,benchmarks/job/../../data/job/name__name.csv,job-csv,utf8,TwoWay2,static,fm,fm,contains_ang,%Ang%,4,4167491,60681846,60681846,4167491,4167491,0,0,0,1338257961,62312623267,3598,201031,421667,622698,15803,15803,15803,0.14941795915096157,26.682718471176358,0.010261685183407242,
job_name_name,name.name,benchmarks/job/../../data/job/name__name.csv,job-csv,utf8,TwoWay2,static,full-scan,full-scan,contains_ang,%Ang%,0,4167491,60681846,60681846,4167491,4167491,0,0,0,1338257961,0,3598,453,65500547,65501000,4167491,4167235,15803,15.71713052289735,15.717021824402261,1.0794167336306808,
job_name_name,name.name,benchmarks/job/../../data/job/name__name.csv,job-csv,utf8,TwoWay2,static,full-scan,full-scan,contains_ang,%Ang%,1,4167491,60681846,60681846,4167491,4167491,0,0,0,1338257961,0,3598,111,66432108,66432219,4167491,4167235,15803,15.940578875875197,15.940552241144612,1.094762657681838,
job_name_name,name.name,benchmarks/job/../../data/job/name__name.csv,job-csv,utf8,TwoWay2,static,full-scan,full-scan,contains_ang,%Ang%,2,4167491,60681846,60681846,4167491,4167491,0,0,0,1338257961,0,3598,100,65606780,65606880,4167491,4167235,15803,15.742536696539956,15.742512701287177,1.0811615717821108,
job_name_name,name.name,benchmarks/job/../../data/job/name__name.csv,job-csv,utf8,TwoWay2,static,full-scan,full-scan,contains_ang,%Ang%,3,4167491,60681846,60681846,4167491,4167491,0,0,0,1338257961,0,3598,111,65531168,65531279,4167491,4167235,15803,15.724396045486362,15.724369410755775,1.0799157131772161,
job_name_name,name.name,benchmarks/job/../../data/job/name__name.csv,job-csv,utf8,TwoWay2,static,full-scan,full-scan,contains_ang,%Ang%,4,4167491,60681846,60681846,4167491,4167491,0,0,0,1338257961,0,3598,130,65903666,65903796,4167491,4167235,15803,15.813782441281816,15.813751247453204,1.086054567291839,
job_name_name,name.name,benchmarks/job/../../data/job/name__name.csv,job-csv,utf8,TwoWay2,static,prefix-btree,full-scan,contains_ang,%Ang%,0,4167491,60681846,60681846,4167491,4167491,0,0,0,1338257961,1584574030,3598,1045,67112994,67114039,4167491,4167235,15803,16.10418330837427,16.103932557982727,1.1059986375496882,no-indexable-prefix
job_name_name,name.name,benchmarks/job/../../data/job/name__name.csv,job-csv,utf8,TwoWay2,static,prefix-btree,full-scan,contains_ang,%Ang%,1,4167491,60681846,60681846,4167491,4167491,0,0,0,1338257961,1584574030,3598,572,65749688,65750260,4167491,4167235,15803,15.776941089974759,15.776803837128863,1.0835243871783333,no-indexable-prefix
job_name_name,name.name,benchmarks/job/../../data/job/name__name.csv,job-csv,utf8,TwoWay2,static,prefix-btree,full-scan,contains_ang,%Ang%,2,4167491,60681846,60681846,4167491,4167491,0,0,0,1338257961,1584574030,3598,342,65547461,65547803,4167491,4167235,15803,15.728361021055594,15.72827895729109,1.0801880186703614,no-indexable-prefix
job_name_name,name.name,benchmarks/job/../../data/job/name__name.csv,job-csv,utf8,TwoWay2,static,prefix-btree,full-scan,contains_ang,%Ang%,3,4167491,60681846,60681846,4167491,4167491,0,0,0,1338257961,1584574030,3598,481,66007005,66007486,4167491,4167235,15803,15.83866311888856,15.83854770172269,1.0877633155721729,no-indexable-prefix
job_name_name,name.name,benchmarks/job/../../data/job/name__name.csv,job-csv,utf8,TwoWay2,static,prefix-btree,full-scan,contains_ang,%Ang%,4,4167491,60681846,60681846,4167491,4167491,0,0,0,1338257961,1584574030,3598,533,65326561,65327094,4167491,4167235,15803,15.67540133859917,15.675273443901858,1.0765508682778042,no-indexable-prefix
job_name_name,name.name,benchmarks/job/../../data/job/name__name.csv,job-csv,utf8,TwoWay2,static,qgram,full-scan,contains_ang,%Ang%,0,4167491,60681846,60681846,4167491,4167491,0,0,0,1338257961,588757039,3598,462,65217658,65218120,4167491,4167235,15803,15.649252751835578,15.649141893767737,1.0747550428838306,literal-shorter-than-qgram
job_name_name,name.name,benchmarks/job/../../data/job/name__name.csv,job-csv,utf8,TwoWay2,static,qgram,full-scan,contains_ang,%Ang%,1,4167491,60681846,60681846,4167491,4167491,0,0,0,1338257961,588757039,3598,111,65737400,65737511,4167491,4167235,15803,15.77388193519794,15.773855300467355,1.083314291394497,literal-shorter-than-qgram
job_name_name,name.name,benchmarks/job/../../data/job/name__name.csv,job-csv,utf8,TwoWay2,static,qgram,full-scan,contains_ang,%Ang%,2,4167491,60681846,60681846,4167491,4167491,0,0,0,1338257961,588757039,3598,111,65420250,65420361,4167491,4167235,15803,15.697780991008738,15.697754356278153,1.0780878518428725,literal-shorter-than-qgram
job_name_name,name.name,benchmarks/job/../../data/job/name__name.csv,job-csv,utf8,TwoWay2,static,qgram,full-scan,contains_ang,%Ang%,3,4167491,60681846,60681846,4167491,4167491,0,0,0,1338257961,588757039,3598,110,65403594,65403704,4167491,4167235,15803,15.693784101753309,15.693757706975251,1.0778133545904323,literal-shorter-than-qgram
job_name_name,name.name,benchmarks/job/../../data/job/name__name.csv,job-csv,utf8,TwoWay2,static,qgram,full-scan,contains_ang,%Ang%,4,4167491,60681846,60681846,4167491,4167491,0,0,0,1338257961,588757039,3598,371,66503617,66503988,4167491,4167235,15803,15.957800028842295,15.957711006454483,1.0959453672520114,literal-shorter-than-qgram
job_name_name,name.name,benchmarks/job/../../data/job/name__name.csv,job-csv,utf8,TwoWay2,static,trigram,trigram,contains_ang,%Ang%,0,4167491,60681846,60681846,4167491,4167491,0,0,0,1338257961,3192349665,3598,7146,467661,474807,15803,15803,15803,0.11393113986328944,29.593178510409416,0.007824531244484553,
job_name_name,name.name,benchmarks/job/../../data/job/name__name.csv,job-csv,utf8,TwoWay2,static,trigram,trigram,contains_ang,%Ang%,1,4167491,60681846,60681846,4167491,4167491,0,0,0,1338257961,3192349665,3598,4065,434500,438565,15803,15803,15803,0.10523478035105535,27.494779472252105,0.007227285076330737,
job_name_name,name.name,benchmarks/job/../../data/job/name__name.csv,job-csv,utf8,TwoWay2,static,trigram,trigram,contains_ang,%Ang%,2,4167491,60681846,60681846,4167491,4167491,0,0,0,1338257961,3192349665,3598,5229,420921,426150,15803,15803,15803,0.1022557697185189,26.635512244510537,0.0070226934098214485,
job_name_name,name.name,benchmarks/job/../../data/job/name__name.csv,job-csv,utf8,TwoWay2,static,trigram,trigram,contains_ang,%Ang%,3,4167491,60681846,60681846,4167491,4167491,0,0,0,1338257961,3192349665,3598,4366,419817,424183,15803,15803,15803,0.10178378309635222,26.565652091375057,0.0069902784434079344,
job_name_name,name.name,benchmarks/job/../../data/job/name__name.csv,job-csv,utf8,TwoWay2,static,trigram,trigram,contains_ang,%Ang%,4,4167491,60681846,60681846,4167491,4167491,0,0,0,1338257961,3192349665,3598,4085,418813,422898,15803,15803,15803,0.10147544409813962,26.502119850661266,0.006969102423153046,
job_name_name,name.name,benchmarks/job/../../data/job/name__name.csv,job-csv,utf8,TwoWay2,static,fm,fm,contains_angel,%Angel%,0,4167491,60681846,60681846,4167491,4167491,0,0,0,1338257961,62312623267,3252,159680,381216,540896,12221,12221,12221,0.12978936247252842,31.193519351935194,0.00891363786131358,
job_name_name,name.name,benchmarks/job/../../data/job/name__name.csv,job-csv,utf8,TwoWay2,static,fm,fm,contains_angel,%Angel%,1,4167491,60681846,60681846,4167491,4167491,0,0,0,1338257961,62312623267,3252,146151,378919,525070,12221,12221,12221,0.1259918737676938,31.005564192782916,0.00865283498461797,
job_name_name,name.name,benchmarks/job/../../data/job/name__name.csv,job-csv,utf8,TwoWay2,static,fm,fm,contains_angel,%Angel%,2,4167491,60681846,60681846,4167491,4167491,0,0,0,1338257961,62312623267,3252,142528,379611,522139,12221,12221,12221,0.12528857290873574,31.062188036985518,0.008604533883164992,
job_name_name,name.name,benchmarks/job/../../data/job/name__name.csv,job-csv,utf8,TwoWay2,static,fm,fm,contains_angel,%Angel%,3,4167491,60681846,60681846,4167491,4167491,0,0,0,1338257961,62312623267,3252,141474,385924,527398,12221,12221,12221,0.12655048325239335,31.578757875787577,0.008691199011974685,
job_name_name,name.name,benchmarks/job/../../data/job/name__name.csv,job-csv,utf8,TwoWay2,static,fm,fm,contains_angel,%Angel%,4,4167491,60681846,60681846,4167491,4167491,0,0,0,1338257961,62312623267,3252,139407,375525,514932,12221,12221,12221,0.1235592350409395,30.727845511823908,0.00848576689641248,
job_name_name,name.name,benchmarks/job/../../data/job/name__name.csv,job-csv,utf8,TwoWay2,static,full-scan,full-scan,contains_angel,%Angel%,0,4167491,60681846,60681846,4167491,4167491,0,0,0,1338257961,0,3252,462,72418679,72419141,4167491,4153604,12221,17.377155943468143,17.377045085400304,1.1934234993444333,
job_name_name,name.name,benchmarks/job/../../data/job/name__name.csv,job-csv,utf8,TwoWay2,static,full-scan,full-scan,contains_angel,%Angel%,1,4167491,60681846,60681846,4167491,4167491,0,0,0,1338257961,0,3252,100,72837441,72837541,4167491,4153604,12221,17.477552081096277,17.477528085843495,1.2003184774569975,
job_name_name,name.name,benchmarks/job/../../data/job/name__name.csv,job-csv,utf8,TwoWay2,static,full-scan,full-scan,contains_angel,%Angel%,2,4167491,60681846,60681846,4167491,4167491,0,0,0,1338257961,0,3252,110,73615962,73616072,4167491,4153604,12221,17.664362562510632,17.664336167732575,1.213148195920078,
job_name_name,name.name,benchmarks/job/../../data/job/name__name.csv,job-csv,utf8,TwoWay2,static,full-scan,full-scan,contains_angel,%Angel%,3,4167491,60681846,60681846,4167491,4167491,0,0,0,1338257961,0,3252,111,73962512,73962623,4167491,4153604,12221,17.747518350969443,17.74749171623886,1.2188591461110132,
job_name_name,name.name,benchmarks/job/../../data/job/name__name.csv,job-csv,utf8,TwoWay2,static,full-scan,full-scan,contains_angel,%Angel%,4,4167491,60681846,60681846,4167491,4167491,0,0,0,1338257961,0,3252,332,71806551,71806883,4167491,4153604,12221,17.23024308870733,17.230163424468103,1.1833338590259763,
job_name_name,name.name,benchmarks/job/../../data/job/name__name.csv,job-csv,utf8,TwoWay2,static,prefix-btree,full-scan,contains_angel,%Angel%,0,4167491,60681846,60681846,4167491,4167491,0,0,0,1338257961,1584574030,3252,1024,74271137,74272161,4167491,4153604,12221,17.821792776517093,17.821547065128634,1.2239601445216417,no-indexable-prefix
job_name_name,name.name,benchmarks/job/../../data/job/name__name.csv,job-csv,utf8,TwoWay2,static,prefix-btree,full-scan,contains_angel,%Angel%,1,4167491,60681846,60681846,4167491,4167491,0,0,0,1338257961,1584574030,3252,924,73625466,73626390,4167491,4153604,12221,17.66683839269239,17.66661667655671,1.2133182302990584,no-indexable-prefix
job_name_name,name.name,benchmarks/job/../../data/job/name__name.csv,job-csv,utf8,TwoWay2,static,prefix-btree,full-scan,contains_angel,%Angel%,2,4167491,60681846,60681846,4167491,4167491,0,0,0,1338257961,1584574030,3252,442,72678342,72678784,4167491,4153604,12221,17.439457937641617,17.439351878624333,1.197702258431624,no-indexable-prefix
job_name_name,name.name,benchmarks/job/../../data/job/name__name.csv,job-csv,utf8,TwoWay2,static,prefix-btree,full-scan,contains_angel,%Angel%,3,4167491,60681846,60681846,4167491,4167491,0,0,0,1338257961,1584574030,3252,532,73201525,73202057,4167491,4153604,12221,17.56501861671687,17.564890961972083,1.2063254799466714,no-indexable-prefix
job_name_name,name.name,benchmarks/job/../../data/job/name__name.csv,job-csv,utf8,TwoWay2,static,prefix-btree,full-scan,contains_angel,%Angel%,4,4167491,60681846,60681846,4167491,4167491,0,0,0,1338257961,1584574030,3252,441,73760808,73761249,4167491,4153604,12221,17.699198150637876,17.699092331573123,1.2155406247858709,no-indexable-prefix
job_name_name,name.name,benchmarks/job/../../data/job/name__name.csv,job-csv,utf8,TwoWay2,static,qgram,full-scan,contains_angel,%Angel%,0,4167491,60681846,60681846,4167491,4167491,0,0,0,1338257961,588757039,3252,451,72814387,72814838,4167491,4153604,12221,17.472104438857816,17.471996220267783,1.1999443457933037,literal-shorter-than-qgram
job_name_name,name.name,benchmarks/job/../../data/job/name__name.csv,job-csv,utf8,TwoWay2,static,qgram,full-scan,contains_angel,%Angel%,1,4167491,60681846,60681846,4167491,4167491,0,0,0,1338257961,588757039,3252,121,72865309,72865430,4167491,4153604,12221,17.484244117143863,17.484215082888003,1.200778071253798,literal-shorter-than-qgram
job_name_name,name.name,benchmarks/job/../../data/job/name__name.csv,job-csv,utf8,TwoWay2,static,qgram,full-scan,contains_angel,%Angel%,2,4167491,60681846,60681846,4167491,4167491,0,0,0,1338257961,588757039,3252,121,72628400,72628521,4167491,4153604,12221,17.42739720373721,17.42736816948135,1.1968739546914904,literal-shorter-than-qgram
job_name_name,name.name,benchmarks/job/../../data/job/name__name.csv,job-csv,utf8,TwoWay2,static,qgram,full-scan,contains_angel,%Angel%,3,4167491,60681846,60681846,4167491,4167491,0,0,0,1338257961,588757039,3252,111,73878868,73878979,4167491,4153604,12221,17.72744776173482,17.727421127004234,1.2174807437466553,literal-shorter-than-qgram
job_name_name,name.name,benchmarks/job/../../data/job/name__name.csv,job-csv,utf8,TwoWay2,static,qgram,full-scan,contains_angel,%Angel%,4,4167491,60681846,60681846,4167491,4167491,0,0,0,1338257961,588757039,3252,141,72689275,72689416,4167491,4153604,12221,17.442009112917102,17.44197527961068,1.1978774673400674,literal-shorter-than-qgram
job_name_name,name.name,benchmarks/job/../../data/job/name__name.csv,job-csv,utf8,TwoWay2,static,trigram,trigram,contains_angel,%Angel%,0,4167491,60681846,60681846,4167491,4167491,0,0,0,1338257961,3192349665,3252,157320,447278,604598,12227,12227,12221,0.14507481839792816,36.58117281426352,0.009963408166587417,
job_name_name,name.name,benchmarks/job/../../data/job/name__name.csv,job-csv,utf8,TwoWay2,static,trigram,trigram,contains_angel,%Angel%,1,4167491,60681846,60681846,4167491,4167491,0,0,0,1338257961,3192349665,3252,153879,383613,537492,12227,12227,12221,0.1289725640679248,31.374253700826042,0.00885754200687962,
job_name_name,name.name,benchmarks/job/../../data/job/name__name.csv,job-csv,utf8,TwoWay2,static,trigram,trigram,contains_angel,%Angel%,2,4167491,60681846,60681846,4167491,4167491,0,0,0,1338257961,3192349665,3252,152615,373630,526245,12227,12227,12221,0.12627381798784929,30.557781957961886,0.008672198271621466,
job_name_name,name.name,benchmarks/job/../../data/job/name__name.csv,job-csv,utf8,TwoWay2,static,trigram,trigram,contains_angel,%Angel%,3,4167491,60681846,60681846,4167491,4167491,0,0,0,1338257961,3192349665,3252,146464,371161,517625,12227,12227,12221,0.12420542719828309,30.35585180338595,0.008530145902285175,
job_name_name,name.name,benchmarks/job/../../data/job/name__name.csv,job-csv,utf8,TwoWay2,static,trigram,trigram,contains_angel,%Angel%,4,4167491,60681846,60681846,4167491,4167491,0,0,0,1338257961,3192349665,3252,147086,362301,509387,12227,12227,12221,0.1222286982743334,29.631225975300563,0.008394388661149168,
job_name_name,name.name,benchmarks/job/../../data/job/name__name.csv,job-csv,utf8,TwoWay2,static,fm,fm,contains_b,%B%,0,4167491,60681846,60681846,4167491,4167491,0,0,0,1338257961,62312623267,2890,10882482,10753004,21635486,536716,536716,536716,5.191489555706299,20.034811706749938,0.35653968074735237,
job_name_name,name.name,benchmarks/job/../../data/job/name__name.csv,job-csv,utf8,TwoWay2,static,fm,fm,contains_b,%B%,1,4167491,60681846,60681846,4167491,4167491,0,0,0,1338257961,62312623267,2890,11114011,10492156,21606167,536716,536716,536716,5.184454387543968,19.5488042093025,0.3560565214182838,
job_name_name,name.name,benchmarks/job/../../data/job/name__name.csv,job-csv,utf8,TwoWay2,static,fm,fm,contains_b,%B%,2,4167491,60681846,60681846,4167491,4167491,0,0,0,1338257961,62312623267,2890,10879299,10957153,21836452,536716,536716,536716,5.239711855406527,20.415178604699694,0.35985147848007126,
job_name_name,name.name,benchmarks/job/../../data/job/name__name.csv,job-csv,utf8,TwoWay2,static,fm,fm,contains_b,%B%,3,4167491,60681846,60681846,4167491,4167491,0,0,0,1338257961,62312623267,2890,11831671,11101540,22933211,536716,536716,536716,5.502881949835045,20.6841979743477,0.37792540128064,
job_name_name,name.name,benchmarks/job/../../data/job/name__name.csv,job-csv,utf8,TwoWay2,static,fm,fm,contains_b,%B%,4,4167491,60681846,60681846,4167491,4167491,0,0,0,1338257961,62312623267,2890,11062186,11050529,22112715,536716,536716,536716,5.3060018605919,20.5891551584078,0.3644041250821539,
job_name_name,name.name,benchmarks/job/../../data/job/name__name.csv,job-csv,utf8,TwoWay2,static,full-scan,full-scan,contains_b,%B%,0,4167491,60681846,60681846,4167491,4167491,0,0,0,1338257961,0,2890,471,52118801,52119272,4167491,4167491,536716,12.506151063073682,12.506038045433092,0.8588939762972932,
job_name_name,name.name,benchmarks/job/../../data/job/name__name.csv,job-csv,utf8,TwoWay2,static,full-scan,full-scan,contains_b,%B%,1,4167491,60681846,60681846,4167491,4167491,0,0,0,1338257961,0,2890,110,52114276,52114386,4167491,4167491,536716,12.50497865502289,12.504952260244833,0.8588134579821451,
job_name_name,name.name,benchmarks/job/../../data/job/name__name.csv,job-csv,utf8,TwoWay2,static,full-scan,full-scan,contains_b,%B%,2,4167491,60681846,60681846,4167491,4167491,0,0,0,1338257961,0,2890,150,53000083,53000233,4167491,4167491,536716,12.717539881909763,12.717503889030594,0.8734116790052827,
job_name_name,name.name,benchmarks/job/../../data/job/name__name.csv,job-csv,utf8,TwoWay2,static,full-scan,full-scan,contains_b,%B%,3,4167491,60681846,60681846,4167491,4167491,0,0,0,1338257961,0,2890,110,52058488,52058598,4167491,4167491,536716,12.491592183402435,12.491565788624378,0.8578941055946123,
job_name_name,name.name,benchmarks/job/../../data/job/name__name.csv,job-csv,utf8,TwoWay2,static,full-scan,full-scan,contains_b,%B%,4,4167491,60681846,60681846,4167491,4167491,0,0,0,1338257961,0,2890,261,51963988,51964249,4167491,4167491,536716,12.468952902357797,12.468890274748043,0.8563392913261076,
job_name_name,name.name,benchmarks/job/../../data/job/name__name.csv,job-csv,utf8,TwoWay2,static,prefix-btree,full-scan,contains_b,%B%,0,4167491,60681846,60681846,4167491,4167491,0,0,0,1338257961,1584574030,2890,1673,52774552,52776225,4167491,4167491,536716,12.663788596064155,12.66338715548516,0.8697201630945769,no-indexable-prefix
job_name_name,name.name,benchmarks/job/../../data/job/name__name.csv,job-csv,utf8,TwoWay2,static,prefix-btree,full-scan,contains_b,%B%,1,4167491,60681846,60681846,4167491,4167491,0,0,0,1338257961,1584574030,2890,491,51761072,51761563,4167491,4167491,536716,12.420317884309767,12.420200067618623,0.8529991490370942,no-indexable-prefix
job_name_name,name.name,benchmarks/job/../../data/job/name__name.csv,job-csv,utf8,TwoWay2,static,prefix-btree,full-scan,contains_b,%B%,2,4167491,60681846,60681846,4167491,4167491,0,0,0,1338257961,1584574030,2890,381,51086721,51087102,4167491,4167491,536716,12.258479262462714,12.258387840549625,0.8418844410237619,no-indexable-prefix
job_name_name,name.name,benchmarks/job/../../data/job/name__name.csv,job-csv,utf8,TwoWay2,static,prefix-btree,full-scan,contains_b,%B%,3,4167491,60681846,60681846,4167491,4167491,0,0,0,1338257961,1584574030,2890,431,50983599,50984030,4167491,4167491,536716,12.233746875518147,12.233643455978669,0.840185877008422,no-indexable-prefix
job_name_name,name.name,benchmarks/job/../../data/job/name__name.csv,job-csv,utf8,TwoWay2,static,prefix-btree,full-scan,contains_b,%B%,4,4167491,60681846,60681846,4167491,4167491,0,0,0,1338257961,1584574030,2890,421,51695238,51695659,4167491,4167491,536716,12.40450405291817,12.40440303290397,0.8519130911080062,no-indexable-prefix
job_name_name,name.name,benchmarks/job/../../data/job/name__name.csv,job-csv,utf8,TwoWay2,static,qgram,full-scan,contains_b,%B%,0,4167491,60681846,60681846,4167491,4167491,0,0,0,1338257961,588757039,2890,471,52792774,52793245,4167491,4167491,536716,12.667872588087173,12.667759570446583,0.8700006423667467,literal-shorter-than-qgram
job_name_name,name.name,benchmarks/job/../../data/job/name__name.csv,job-csv,utf8,TwoWay2,static,qgram,full-scan,contains_b,%B%,1,4167491,60681846,60681846,4167491,4167491,0,0,0,1338257961,588757039,2890,150,52930174,52930324,4167491,4167491,536716,12.70076504064436,12.70072904776519,0.8722596211064508,literal-shorter-than-qgram
job_name_name,name.name,benchmarks/job/../../data/job/name__name.csv,job-csv,utf8,TwoWay2,static,qgram,full-scan,contains_b,%B%,2,4167491,60681846,60681846,4167491,4167491,0,0,0,1338257961,588757039,2890,111,51388182,51388293,4167491,4167491,536716,12.330750804260886,12.330724169530301,0.8468478859393961,literal-shorter-than-qgram
job_name_name,name.name,benchmarks/job/../../data/job/name__name.csv,job-csv,utf8,TwoWay2,static,qgram,full-scan,contains_b,%B%,3,4167491,60681846,60681846,4167491,4167491,0,0,0,1338257961,588757039,2890,110,51716326,51716436,4167491,4167491,536716,12.409489546588103,12.409463151810046,0.8522554834604076,literal-shorter-than-qgram
job_name_name,name.name,benchmarks/job/../../data/job/name__name.csv,job-csv,utf8,TwoWay2,static,qgram,full-scan,contains_b,%B%,4,4167491,60681846,60681846,4167491,4167491,0,0,0,1338257961,588757039,2890,100,51270869,51270969,4167491,4167491,536716,12.302598613890227,12.302574618637449,0.8449144576122486,literal-shorter-than-qgram
job_name_name,name.name,benchmarks/job/../../data/job/name__name.csv,job-csv,utf8,TwoWay2,static,trigram,full-scan,contains_b,%B%,0,4167491,60681846,60681846,4167491,4167491,0,0,0,1338257961,3192349665,2890,420,51624917,51625337,4167491,4167491,536716,12.387630111258789,12.387529331197117,0.850754227219785,literal-shorter-than-trigram
job_name_name,name.name,benchmarks/job/../../data/job/name__name.csv,job-csv,utf8,TwoWay2,static,trigram,full-scan,contains_b,%B%,1,4167491,60681846,60681846,4167491,4167491,0,0,0,1338257961,3192349665,2890,110,51513361,51513471,4167491,4167491,536716,12.36078758178482,12.360761187006762,0.848910743420693,literal-shorter-than-trigram
job_name_name,name.name,benchmarks/job/../../data/job/name__name.csv,job-csv,utf8,TwoWay2,static,trigram,full-scan,contains_b,%B%,2,4167491,60681846,60681846,4167491,4167491,0,0,0,1338257961,3192349665,2890,111,51671449,51671560,4167491,4167491,536716,12.398721436950913,12.398694802220328,0.8515159542114128,literal-shorter-than-trigram
job_name_name,name.name,benchmarks/job/../../data/job/name__name.csv,job-csv,utf8,TwoWay2,static,trigram,full-scan,contains_b,%B%,3,4167491,60681846,60681846,4167491,4167491,0,0,0,1338257961,3192349665,2890,110,51418235,51418345,4167491,4167491,536716,12.337961857626087,12.33793546284803,0.8473431246636762,literal-shorter-than-trigram
job_name_name,name.name,benchmarks/job/../../data/job/name__name.csv,job-csv,utf8,TwoWay2,static,trigram,full-scan,contains_b,%B%,4,4167491,60681846,60681846,4167491,4167491,0,0,0,1338257961,3192349665,2890,100,52178984,52179084,4167491,4167491,536716,12.520503103665972,12.520479108413191,0.8598796417630407,literal-shorter-than-trigram
job_name_name,name.name,benchmarks/job/../../data/job/name__name.csv,job-csv,utf8,TwoWay2,static,fm,fm,contains_bert,%Bert%,0,4167491,60681846,60681846,4167491,4167491,0,0,0,1338257961,62312623267,3085,61277,136078,197355,5216,5216,5216,0.04735583112237075,26.0885736196319,0.003252290643893727,
job_name_name,name.name,benchmarks/job/../../data/job/name__name.csv,job-csv,utf8,TwoWay2,static,fm,fm,contains_bert,%Bert%,1,4167491,60681846,60681846,4167491,4167491,0,0,0,1338257961,62312623267,3085,55056,128544,183600,5216,5216,5216,0.04405528410259314,24.644171779141104,0.003025616590503855,
job_name_name,name.name,benchmarks/job/../../data/job/name__name.csv,job-csv,utf8,TwoWay2,static,fm,fm,contains_bert,%Bert%,2,4167491,60681846,60681846,4167491,4167491,0,0,0,1338257961,62312623267,3085,52141,124458,176599,5216,5216,5216,0.042375376455522036,23.86081288343558,0.0029102443587494028,
job_name_name,name.name,benchmarks/job/../../data/job/name__name.csv,job-csv,utf8,TwoWay2,static,fm,fm,contains_bert,%Bert%,3,4167491,60681846,60681846,4167491,4167491,0,0,0,1338257961,62312623267,3085,51049,123696,174745,5216,5216,5216,0.041930504468995856,23.71472392638037,0.0028796915637668637,
job_name_name,name.name,benchmarks/job/../../data/job/name__name.csv,job-csv,utf8,TwoWay2,static,fm,fm,contains_bert,%Bert%,4,4167491,60681846,60681846,4167491,4167491,0,0,0,1338257961,62312623267,3085,51239,122764,174003,5216,5216,5216,0.04175245969337426,23.536042944785276,0.0028674638540165704,
job_name_name,name.name,benchmarks/job/../../data/job/name__name.csv,job-csv,utf8,TwoWay2,static,full-scan,full-scan,contains_bert,%Bert%,0,4167491,60681846,60681846,4167491,4167491,0,0,0,1338257961,0,3085,711,65643539,65644250,4167491,4164231,5216,15.75150372250354,15.75133311625628,1.0817774067057881,
job_name_name,name.name,benchmarks/job/../../data/job/name__name.csv,job-csv,utf8,TwoWay2,static,full-scan,full-scan,contains_bert,%Bert%,1,4167491,60681846,60681846,4167491,4167491,0,0,0,1338257961,0,3085,280,66487059,66487339,4167491,4164231,5216,15.953805059207086,15.953737872499305,1.0956710018347167,
job_name_name,name.name,benchmarks/job/../../data/job/name__name.csv,job-csv,utf8,TwoWay2,static,full-scan,full-scan,contains_bert,%Bert%,2,4167491,60681846,60681846,4167491,4167491,0,0,0,1338257961,0,3085,110,66694723,66694833,4167491,4164231,5216,16.003593769008738,16.00356737423068,1.0990903770462093,
job_name_name,name.name,benchmarks/job/../../data/job/name__name.csv,job-csv,utf8,TwoWay2,static,full-scan,full-scan,contains_bert,%Bert%,3,4167491,60681846,60681846,4167491,4167491,0,0,0,1338257961,0,3085,110,66259633,66259743,4167491,4164231,5216,15.899192823691761,15.899166428913704,1.091920357861229,
job_name_name,name.name,benchmarks/job/../../data/job/name__name.csv,job-csv,utf8,TwoWay2,static,full-scan,full-scan,contains_bert,%Bert%,4,4167491,60681846,60681846,4167491,4167491,0,0,0,1338257961,0,3085,110,66512046,66512156,4167491,4164231,5216,15.959759961089299,15.959733566311241,1.0960799709356237,
job_name_name,name.name,benchmarks/job/../../data/job/name__name.csv,job-csv,utf8,TwoWay2,static,prefix-btree,full-scan,contains_bert,%Bert%,0,4167491,60681846,60681846,4167491,4167491,0,0,0,1338257961,1584574030,3085,992,68553497,68554489,4167491,4164231,5216,16.449822927032116,16.449584894124545,1.129736379476656,no-indexable-prefix
job_name_name,name.name,benchmarks/job/../../data/job/name__name.csv,job-csv,utf8,TwoWay2,static,prefix-btree,full-scan,contains_bert,%Bert%,1,4167491,60681846,60681846,4167491,4167491,0,0,0,1338257961,1584574030,3085,671,67361266,67361937,4167491,4164231,5216,16.16366706010883,16.16350605196268,1.1100838461638098,no-indexable-prefix
job_name_name,name.name,benchmarks/job/../../data/job/name__name.csv,job-csv,utf8,TwoWay2,static,prefix-btree,full-scan,contains_bert,%Bert%,2,4167491,60681846,60681846,4167491,4167491,0,0,0,1338257961,1584574030,3085,471,66745758,66746229,4167491,4164231,5216,16.015926369127133,16.015813351486543,1.099937351938832,no-indexable-prefix
job_name_name,name.name,benchmarks/job/../../data/job/name__name.csv,job-csv,utf8,TwoWay2,static,prefix-btree,full-scan,contains_bert,%Bert%,3,4167491,60681846,60681846,4167491,4167491,0,0,0,1338257961,1584574030,3085,461,67439416,67439877,4167491,4164231,5216,16.18236896012493,16.182258342009618,1.1113682500693864,no-indexable-prefix
job_name_name,name.name,benchmarks/job/../../data/job/name__name.csv,job-csv,utf8,TwoWay2,static,prefix-btree,full-scan,contains_bert,%Bert%,4,4167491,60681846,60681846,4167491,4167491,0,0,0,1338257961,1584574030,3085,401,66593177,66593578,4167491,4164231,5216,15.979297375807171,15.979201154843526,1.0974217560883035,no-indexable-prefix
job_name_name,name.name,benchmarks/job/../../data/job/name__name.csv,job-csv,utf8,TwoWay2,static,qgram,full-scan,contains_bert,%Bert%,0,4167491,60681846,60681846,4167491,4167491,0,0,0,1338257961,588757039,3085,511,66507998,66508509,4167491,4164231,5216,15.958884854220441,15.958762238478739,1.0960198705886437,literal-shorter-than-qgram
job_name_name,name.name,benchmarks/job/../../data/job/name__name.csv,job-csv,utf8,TwoWay2,static,qgram,full-scan,contains_bert,%Bert%,1,4167491,60681846,60681846,4167491,4167491,0,0,0,1338257961,588757039,3085,110,66703245,66703355,4167491,4164231,5216,16.00563864445058,16.005612249672524,1.0992308144350125,literal-shorter-than-qgram
job_name_name,name.name,benchmarks/job/../../data/job/name__name.csv,job-csv,utf8,TwoWay2,static,qgram,full-scan,contains_bert,%Bert%,2,4167491,60681846,60681846,4167491,4167491,0,0,0,1338257961,588757039,3085,441,66927331,66927772,4167491,4164231,5216,16.059488070880057,16.0593822518153,1.1029290704175347,literal-shorter-than-qgram
job_name_name,name.name,benchmarks/job/../../data/job/name__name.csv,job-csv,utf8,TwoWay2,static,qgram,full-scan,contains_bert,%Bert%,3,4167491,60681846,60681846,4167491,4167491,0,0,0,1338257961,588757039,3085,101,66718647,66718748,4167491,4164231,5216,16.009332233710882,16.009307998505577,1.099484481734455,literal-shorter-than-qgram
job_name_name,name.name,benchmarks/job/../../data/job/name__name.csv,job-csv,utf8,TwoWay2,static,qgram,full-scan,contains_bert,%Bert%,4,4167491,60681846,60681846,4167491,4167491,0,0,0,1338257961,588757039,3085,100,66820890,66820990,4167491,4164231,5216,16.03386546005738,16.033841464804603,1.1011693678534433,literal-shorter-than-qgram
job_name_name,name.name,benchmarks/job/../../data/job/name__name.csv,job-csv,utf8,TwoWay2,static,trigram,trigram,contains_bert,%Bert%,0,4167491,60681846,60681846,4167491,4167491,0,0,0,1338257961,3192349665,3085,156266,145149,301415,5512,5512,5216,0.07232529116439604,26.333272859216255,0.004967136299709801,
job_name_name,name.name,benchmarks/job/../../data/job/name__name.csv,job-csv,utf8,TwoWay2,static,trigram,trigram,contains_bert,%Bert%,1,4167491,60681846,60681846,4167491,4167491,0,0,0,1338257961,3192349665,3085,181614,155295,336909,5512,5512,5216,0.0808421661858418,28.17398403483309,0.005552055881754158,
job_name_name,name.name,benchmarks/job/../../data/job/name__name.csv,job-csv,utf8,TwoWay2,static,trigram,trigram,contains_bert,%Bert%,2,4167491,60681846,60681846,4167491,4167491,0,0,0,1338257961,3192349665,3085,152991,140052,293043,5512,5512,5216,0.07031640860172224,25.40856313497823,0.004829170819885736,
job_name_name,name.name,benchmarks/job/../../data/job/name__name.csv,job-csv,utf8,TwoWay2,static,trigram,trigram,contains_bert,%Bert%,3,4167491,60681846,60681846,4167491,4167491,0,0,0,1338257961,3192349665,3085,152500,140022,292522,5512,5512,5216,0.07019139333474265,25.40312046444122,0.00482058505603142,
job_name_name,name.name,benchmarks/job/../../data/job/name__name.csv,job-csv,utf8,TwoWay2,static,trigram,trigram,contains_bert,%Bert%,4,4167491,60681846,60681846,4167491,4167491,0,0,0,1338257961,3192349665,3085,152340,139721,292061,5512,5512,5216,0.07008077521943058,25.348512336719885,0.004812988055768771,
job_name_name,name.name,benchmarks/job/../../data/job/name__name.csv,job-csv,utf8,TwoWay2,static,fm,fm,contains_downey_robert,%Downey%Robert%,0,4167491,60681846,60681846,4167491,4167491,0,0,0,1338257961,62312623267,2985,757313,3624925,4382238,38048,37546,2,1.0515290854857275,95.27241904962153,0.07221662307372785,
job_name_name,name.name,benchmarks/job/../../data/job/name__name.csv,job-csv,utf8,TwoWay2,static,fm,fm,contains_downey_robert,%Downey%Robert%,1,4167491,60681846,60681846,4167491,4167491,0,0,0,1338257961,62312623267,2985,915843,3260303,4176146,38048,37546,2,1.0020767891280389,85.68920836837678,0.06882035197149408,
job_name_name,name.name,benchmarks/job/../../data/job/name__name.csv,job-csv,utf8,TwoWay2,static,fm,fm,contains_downey_robert,%Downey%Robert%,2,4167491,60681846,60681846,4167491,4167491,0,0,0,1338257961,62312623267,2985,748441,2750002,3498443,38048,37546,2,0.8394602411858838,72.27717619848612,0.057652217765425263,
job_name_name,name.name,benchmarks/job/../../data/job/name__name.csv,job-csv,utf8,TwoWay2,static,fm,fm,contains_downey_robert,%Downey%Robert%,3,4167491,60681846,60681846,4167491,4167491,0,0,0,1338257961,62312623267,2985,706978,2363519,3070497,38048,37546,2,0.7367735167274506,62.11940180824222,0.05059992736542655,
job_name_name,name.name,benchmarks/job/../../data/job/name__name.csv,job-csv,utf8,TwoWay2,static,fm,fm,contains_downey_robert,%Downey%Robert%,4,4167491,60681846,60681846,4167491,4167491,0,0,0,1338257961,62312623267,2985,649641,2040592,2690233,38048,37546,2,0.6455282086991909,53.63204373423044,0.04433340739172635,
job_name_name,name.name,benchmarks/job/../../data/job/name__name.csv,job-csv,utf8,TwoWay2,static,full-scan,full-scan,contains_downey_robert,%Downey%Robert%,0,4167491,60681846,60681846,4167491,4167491,0,0,0,1338257961,0,2985,541,69951722,69952263,4167491,3592595,2,16.785222331613912,16.785092517296377,1.1527708468196567,
job_name_name,name.name,benchmarks/job/../../data/job/name__name.csv,job-csv,utf8,TwoWay2,static,full-scan,full-scan,contains_downey_robert,%Downey%Robert%,1,4167491,60681846,60681846,4167491,4167491,0,0,0,1338257961,0,2985,110,68140994,68141104,4167491,3592595,2,16.35063015133086,16.350603756552804,1.122924045520962,
job_name_name,name.name,benchmarks/job/../../data/job/name__name.csv,job-csv,utf8,TwoWay2,static,full-scan,full-scan,contains_downey_robert,%Downey%Robert%,2,4167491,60681846,60681846,4167491,4167491,0,0,0,1338257961,0,2985,110,68623148,68623258,4167491,3592595,2,16.46632422241584,16.46629782763778,1.1308696508672462,
job_name_name,name.name,benchmarks/job/../../data/job/name__name.csv,job-csv,utf8,TwoWay2,static,full-scan,full-scan,contains_downey_robert,%Downey%Robert%,3,4167491,60681846,60681846,4167491,4167491,0,0,0,1338257961,0,2985,140,69397006,69397146,4167491,3592595,2,16.652020604243656,16.651987010889766,1.1436228555077246,
job_name_name,name.name,benchmarks/job/../../data/job/name__name.csv,job-csv,utf8,TwoWay2,static,full-scan,full-scan,contains_downey_robert,%Downey%Robert%,4,4167491,60681846,60681846,4167491,4167491,0,0,0,1338257961,0,2985,120,68911487,68911607,4167491,3592595,2,16.535514293852103,16.53548549954877,1.1356214674154772,
job_name_name,name.name,benchmarks/job/../../data/job/name__name.csv,job-csv,utf8,TwoWay2,static,prefix-btree,full-scan,contains_downey_robert,%Downey%Robert%,0,4167491,60681846,60681846,4167491,4167491,0,0,0,1338257961,1584574030,2985,731,67820462,67821193,4167491,3592595,2,16.273866698212426,16.27369129291461,1.1176521063647273,no-indexable-prefix
job_name_name,name.name,benchmarks/job/../../data/job/name__name.csv,job-csv,utf8,TwoWay2,static,prefix-btree,full-scan,contains_downey_robert,%Downey%Robert%,1,4167491,60681846,60681846,4167491,4167491,0,0,0,1338257961,1584574030,2985,160,66933315,66933475,4167491,3592595,2,16.060856520146054,16.06081812774161,1.1030230523969229,no-indexable-prefix
job_name_name,name.name,benchmarks/job/../../data/job/name__name.csv,job-csv,utf8,TwoWay2,static,prefix-btree,full-scan,contains_downey_robert,%Downey%Robert%,2,4167491,60681846,60681846,4167491,4167491,0,0,0,1338257961,1584574030,2985,190,68452457,68452647,4167491,3592595,2,16.42538568169673,16.425340090716453,1.1280580851149453,no-indexable-prefix
job_name_name,name.name,benchmarks/job/../../data/job/name__name.csv,job-csv,utf8,TwoWay2,static,prefix-btree,full-scan,contains_downey_robert,%Downey%Robert%,3,4167491,60681846,60681846,4167491,4167491,0,0,0,1338257961,1584574030,2985,280,67942860,67943140,4167491,3592595,2,16.303128189119064,16.303061002411283,1.1196617189266127,no-indexable-prefix
job_name_name,name.name,benchmarks/job/../../data/job/name__name.csv,job-csv,utf8,TwoWay2,static,prefix-btree,full-scan,contains_downey_robert,%Downey%Robert%,4,4167491,60681846,60681846,4167491,4167491,0,0,0,1338257961,1584574030,2985,300,68854715,68855015,4167491,3592595,2,16.521934900399305,16.521862914640966,1.1346888655958158,no-indexable-prefix
job_name_name,name.name,benchmarks/job/../../data/job/name__name.csv,job-csv,utf8,TwoWay2,static,qgram,full-scan,contains_downey_robert,%Downey%Robert%,0,4167491,60681846,60681846,4167491,4167491,0,0,0,1338257961,588757039,2985,1152,69370451,69371603,4167491,3592595,2,16.645891496826266,16.64561507151425,1.1432019223673584,literal-shorter-than-qgram
job_name_name,name.name,benchmarks/job/../../data/job/name__name.csv,job-csv,utf8,TwoWay2,static,qgram,full-scan,contains_downey_robert,%Downey%Robert%,1,4167491,60681846,60681846,4167491,4167491,0,0,0,1338257961,588757039,2985,110,68940708,68940818,4167491,3592595,2,16.542523547141432,16.542497152363378,1.1361028469700807,literal-shorter-than-qgram
job_name_name,name.name,benchmarks/job/../../data/job/name__name.csv,job-csv,utf8,TwoWay2,static,qgram,full-scan,contains_downey_robert,%Downey%Robert%,2,4167491,60681846,60681846,4167491,4167491,0,0,0,1338257961,588757039,2985,110,68342082,68342192,4167491,3592595,2,16.39888172523948,16.398855330461423,1.1262378537396505,literal-shorter-than-qgram
job_name_name,name.name,benchmarks/job/../../data/job/name__name.csv,job-csv,utf8,TwoWay2,static,qgram,full-scan,contains_downey_robert,%Downey%Robert%,3,4167491,60681846,60681846,4167491,4167491,0,0,0,1338257961,588757039,2985,101,68146929,68147030,4167491,3592595,2,16.352052110010554,16.35202787480525,1.1230217024050324,literal-shorter-than-qgram
job_name_name,name.name,benchmarks/job/../../data/job/name__name.csv,job-csv,utf8,TwoWay2,static,qgram,full-scan,contains_downey_robert,%Downey%Robert%,4,4167491,60681846,60681846,4167491,4167491,0,0,0,1338257961,588757039,2985,100,67288810,67288910,4167491,3592595,2,16.146144046861767,16.14612005160899,1.1088804055169976,literal-shorter-than-qgram
job_name_name,name.name,benchmarks/job/../../data/job/name__name.csv,job-csv,utf8,TwoWay2,static,trigram,trigram,contains_downey_robert,%Downey%Robert%,0,4167491,60681846,60681846,4167491,4167491,0,0,0,1338257961,3192349665,2985,577236,2840601,3417837,38049,37547,2,0.8201186277306898,74.65639044390129,0.05632387979759218,
job_name_name,name.name,benchmarks/job/../../data/job/name__name.csv,job-csv,utf8,TwoWay2,static,trigram,trigram,contains_downey_robert,%Downey%Robert%,1,4167491,60681846,60681846,4167491,4167491,0,0,0,1338257961,3192349665,2985,548165,2417312,2965477,38049,37547,2,0.7115737022587452,63.53155142053668,0.048869261492143795,
job_name_name,name.name,benchmarks/job/../../data/job/name__name.csv,job-csv,utf8,TwoWay2,static,trigram,trigram,contains_downey_robert,%Downey%Robert%,2,4167491,60681846,60681846,4167491,4167491,0,0,0,1338257961,3192349665,2985,561949,2144646,2706595,38049,37547,2,0.649454311958922,56.36537096901364,0.04460304322317419,
job_name_name,name.name,benchmarks/job/../../data/job/name__name.csv,job-csv,utf8,TwoWay2,static,trigram,trigram,contains_downey_robert,%Downey%Robert%,3,4167491,60681846,60681846,4167491,4167491,0,0,0,1338257961,3192349665,2985,546773,1740979,2287752,38049,37547,2,0.5489518753609786,45.75623538069332,0.03770076473942471,
job_name_name,name.name,benchmarks/job/../../data/job/name__name.csv,job-csv,utf8,TwoWay2,static,trigram,trigram,contains_downey_robert,%Downey%Robert%,4,4167491,60681846,60681846,4167491,4167491,0,0,0,1338257961,3192349665,2985,538975,1227922,1766897,38049,37547,2,0.42397140149792767,32.272122789035194,0.029117390397121405,
job_name_name,name.name,benchmarks/job/../../data/job/name__name.csv,job-csv,utf8,TwoWay2,static,fm,fm,contains_tim,%Tim%,0,4167491,60681846,60681846,4167491,4167491,0,0,0,1338257961,62312623267,4615,224794,528133,752927,15502,15502,15502,0.18066673689277313,34.06870081279835,0.012407780079729282,
job_name_name,name.name,benchmarks/job/../../data/job/name__name.csv,job-csv,utf8,TwoWay2,static,fm,fm,contains_tim,%Tim%,1,4167491,60681846,60681846,4167491,4167491,0,0,0,1338257961,62312623267,4615,183219,418844,602063,15502,15502,15502,0.14446653873997567,27.018707263578893,0.009921632904839448,
job_name_name,name.name,benchmarks/job/../../data/job/name__name.csv,job-csv,utf8,TwoWay2,static,fm,fm,contains_tim,%Tim%,2,4167491,60681846,60681846,4167491,4167491,0,0,0,1338257961,62312623267,4615,178123,427925,606048,15502,15502,15502,0.1454227495632264,27.604502644820023,0.009987303286719392,
job_name_name,name.name,benchmarks/job/../../data/job/name__name.csv,job-csv,utf8,TwoWay2,static,fm,fm,contains_tim,%Tim%,3,4167491,60681846,60681846,4167491,4167491,0,0,0,1338257961,62312623267,4615,176731,418765,595496,15502,15502,15502,0.14289077048996626,27.01361114694878,0.009813412729731392,
job_name_name,name.name,benchmarks/job/../../data/job/name__name.csv,job-csv,utf8,TwoWay2,static,fm,fm,contains_tim,%Tim%,4,4167491,60681846,60681846,4167491,4167491,0,0,0,1338257961,62312623267,4615,175170,422339,597509,15502,15502,15502,0.14337379492841137,27.244162043607275,0.009846585748231851,
job_name_name,name.name,benchmarks/job/../../data/job/name__name.csv,job-csv,utf8,TwoWay2,static,full-scan,full-scan,contains_tim,%Tim%,0,4167491,60681846,60681846,4167491,4167491,0,0,0,1338257961,0,4615,861,63690385,63691246,4167491,4167235,15502,15.282875475915844,15.282668876789415,1.0495930858794242,
job_name_name,name.name,benchmarks/job/../../data/job/name__name.csv,job-csv,utf8,TwoWay2,static,full-scan,full-scan,contains_tim,%Tim%,1,4167491,60681846,60681846,4167491,4167491,0,0,0,1338257961,0,4615,101,63038920,63039021,4167491,4167235,15502,15.126372438476771,15.126348203271466,1.038844813653164,
job_name_name,name.name,benchmarks/job/../../data/job/name__name.csv,job-csv,utf8,TwoWay2,static,full-scan,full-scan,contains_tim,%Tim%,2,4167491,60681846,60681846,4167491,4167491,0,0,0,1338257961,0,4615,111,62533211,62533322,4167491,4167235,15502,15.005028685124936,15.00500205039435,1.0305112009941162,
job_name_name,name.name,benchmarks/job/../../data/job/name__name.csv,job-csv,utf8,TwoWay2,static,full-scan,full-scan,contains_tim,%Tim%,3,4167491,60681846,60681846,4167491,4167491,0,0,0,1338257961,0,4615,110,62490283,62490393,4167491,4167235,15502,14.994727763059357,14.9947013682813,1.029803757123671,
job_name_name,name.name,benchmarks/job/../../data/job/name__name.csv,job-csv,utf8,TwoWay2,static,full-scan,full-scan,contains_tim,%Tim%,4,4167491,60681846,60681846,4167491,4167491,0,0,0,1338257961,0,4615,141,63368547,63368688,4167491,4167235,15502,15.205476868456344,15.205443035149926,1.044277525769404,
job_name_name,name.name,benchmarks/job/../../data/job/name__name.csv,job-csv,utf8,TwoWay2,static,prefix-btree,full-scan,contains_tim,%Tim%,0,4167491,60681846,60681846,4167491,4167491,0,0,0,1338257961,1584574030,4615,1322,61559695,61561017,4167491,4167235,15502,14.77172164259023,14.77140442534849,1.0144882045941714,no-indexable-prefix
job_name_name,name.name,benchmarks/job/../../data/job/name__name.csv,job-csv,utf8,TwoWay2,static,prefix-btree,full-scan,contains_tim,%Tim%,1,4167491,60681846,60681846,4167491,4167491,0,0,0,1338257961,1584574030,4615,420,62407125,62407545,4167491,4167235,15502,14.974848176036852,14.97474739597518,1.0284384723562958,no-indexable-prefix
job_name_name,name.name,benchmarks/job/../../data/job/name__name.csv,job-csv,utf8,TwoWay2,static,prefix-btree,full-scan,contains_tim,%Tim%,2,4167491,60681846,60681846,4167491,4167491,0,0,0,1338257961,1584574030,4615,931,63873775,63874706,4167491,4167235,15502,15.326897166664548,15.326673770861174,1.0526163953548808,no-indexable-prefix
job_name_name,name.name,benchmarks/job/../../data/job/name__name.csv,job-csv,utf8,TwoWay2,static,prefix-btree,full-scan,contains_tim,%Tim%,3,4167491,60681846,60681846,4167491,4167491,0,0,0,1338257961,1584574030,4615,530,63754246,63754776,4167491,4167235,15502,15.298119660006464,15.297992485166734,1.0506400217290688,no-indexable-prefix
job_name_name,name.name,benchmarks/job/../../data/job/name__name.csv,job-csv,utf8,TwoWay2,static,prefix-btree,full-scan,contains_tim,%Tim%,4,4167491,60681846,60681846,4167491,4167491,0,0,0,1338257961,1584574030,4615,490,62855531,62856021,4167491,4167235,15502,15.082461125890854,15.082343549152236,1.035829084698577,no-indexable-prefix
job_name_name,name.name,benchmarks/job/../../data/job/name__name.csv,job-csv,utf8,TwoWay2,static,qgram,full-scan,contains_tim,%Tim%,0,4167491,60681846,60681846,4167491,4167491,0,0,0,1338257961,588757039,4615,520,63005003,63005523,4167491,4167235,15502,15.118334508700798,15.118209733386347,1.0382927869399359,literal-shorter-than-qgram
job_name_name,name.name,benchmarks/job/../../data/job/name__name.csv,job-csv,utf8,TwoWay2,static,qgram,full-scan,contains_tim,%Tim%,1,4167491,60681846,60681846,4167491,4167491,0,0,0,1338257961,588757039,4615,110,63084197,63084307,4167491,4167235,15502,15.137238928650357,15.1372125338723,1.0395910994533686,literal-shorter-than-qgram
job_name_name,name.name,benchmarks/job/../../data/job/name__name.csv,job-csv,utf8,TwoWay2,static,qgram,full-scan,contains_tim,%Tim%,2,4167491,60681846,60681846,4167491,4167491,0,0,0,1338257961,588757039,4615,120,62974298,62974418,4167491,4167235,15502,15.110870785323831,15.110841991020497,1.037780195414622,literal-shorter-than-qgram
job_name_name,name.name,benchmarks/job/../../data/job/name__name.csv,job-csv,utf8,TwoWay2,static,qgram,full-scan,contains_tim,%Tim%,3,4167491,60681846,60681846,4167491,4167491,0,0,0,1338257961,588757039,4615,110,64736760,64736870,4167491,4167235,15502,15.533775597835724,15.533749203057667,1.066824334908994,literal-shorter-than-qgram
job_name_name,name.name,benchmarks/job/../../data/job/name__name.csv,job-csv,utf8,TwoWay2,static,qgram,full-scan,contains_tim,%Tim%,4,4167491,60681846,60681846,4167491,4167491,0,0,0,1338257961,588757039,4615,120,63180360,63180480,4167491,4167235,15502,15.160315883105687,15.16028708880235,1.04117597213506,literal-shorter-than-qgram
job_name_name,name.name,benchmarks/job/../../data/job/name__name.csv,job-csv,utf8,TwoWay2,static,trigram,trigram,contains_tim,%Tim%,0,4167491,60681846,60681846,4167491,4167491,0,0,0,1338257961,3192349665,4615,9888,1272135,1282023,15502,15502,15502,0.3076246595373571,82.06263707908657,0.02112696110134817,
job_name_name,name.name,benchmarks/job/../../data/job/name__name.csv,job-csv,utf8,TwoWay2,static,trigram,trigram,contains_tim,%Tim%,1,4167491,60681846,60681846,4167491,4167491,0,0,0,1338257961,3192349665,4615,7296,763311,770607,15502,15502,15502,0.18490909758413396,49.23951748161527,0.012699135751407431,
job_name_name,name.name,benchmarks/job/../../data/job/name__name.csv,job-csv,utf8,TwoWay2,static,trigram,trigram,contains_tim,%Tim%,2,4167491,60681846,60681846,4167491,4167491,0,0,0,1338257961,3192349665,4615,5134,427832,432966,15502,15502,15502,0.10389128614794849,27.598503418913687,0.007135016953834924,
job_name_name,name.name,benchmarks/job/../../data/job/name__name.csv,job-csv,utf8,TwoWay2,static,trigram,trigram,contains_tim,%Tim%,3,4167491,60681846,60681846,4167491,4167491,0,0,0,1338257961,3192349665,4615,4574,417662,422236,15502,15502,15502,0.10131659552474138,26.942459037543543,0.00695819306485831,
job_name_name,name.name,benchmarks/job/../../data/job/name__name.csv,job-csv,utf8,TwoWay2,static,trigram,trigram,contains_tim,%Tim%,4,4167491,60681846,60681846,4167491,4167491,0,0,0,1338257961,3192349665,4615,4674,424599,429273,15502,15502,15502,0.10300514146281299,27.389949683911752,0.0070741585547677635,
job_name_name,name.name,benchmarks/job/../../data/job/name__name.csv,job-csv,utf8,TwoWay2,static,fm,fm,contains_yo,%Yo%,0,4167491,60681846,60681846,4167491,4167491,0,0,0,1338257961,62312623267,3073,395772,724416,1120188,21066,21066,21066,0.26879194220215474,34.38792366847052,0.018460018503721854,
job_name_name,name.name,benchmarks/job/../../data/job/name__name.csv,job-csv,utf8,TwoWay2,static,fm,fm,contains_yo,%Yo%,1,4167491,60681846,60681846,4167491,4167491,0,0,0,1338257961,62312623267,3073,332696,450491,783187,21066,21066,21066,0.18792770038375609,21.38474318807557,0.012906446517793806,
job_name_name,name.name,benchmarks/job/../../data/job/name__name.csv,job-csv,utf8,TwoWay2,static,fm,fm,contains_yo,%Yo%,2,4167491,60681846,60681846,4167491,4167491,0,0,0,1338257961,62312623267,3073,259682,335849,595531,21066,21066,21066,0.14289916882843898,15.942703883034273,0.0098139895084932,
job_name_name,name.name,benchmarks/job/../../data/job/name__name.csv,job-csv,utf8,TwoWay2,static,fm,fm,contains_yo,%Yo%,3,4167491,60681846,60681846,4167491,4167491,0,0,0,1338257961,62312623267,3073,234679,312859,547538,21066,21066,21066,0.13138312716212225,14.851371878856925,0.009023093990911219,
job_name_name,name.name,benchmarks/job/../../data/job/name__name.csv,job-csv,utf8,TwoWay2,static,fm,fm,contains_yo,%Yo%,4,4167491,60681846,60681846,4167491,4167491,0,0,0,1338257961,62312623267,3073,227293,305662,532955,21066,21066,21066,0.12788389944933296,14.509731320611412,0.00878277499995633,
job_name_name,name.name,benchmarks/job/../../data/job/name__name.csv,job-csv,utf8,TwoWay2,static,full-scan,full-scan,contains_yo,%Yo%,0,4167491,60681846,60681846,4167491,4167491,0,0,0,1338257961,0,3073,420,67098946,67099366,4167491,4167473,21066,16.10066248493398,16.10056170487231,1.1057568354133458,
job_name_name,name.name,benchmarks/job/../../data/job/name__name.csv,job-csv,utf8,TwoWay2,static,full-scan,full-scan,contains_yo,%Yo%,1,4167491,60681846,60681846,4167491,4167491,0,0,0,1338257961,0,3073,110,57938967,57939077,4167491,4167473,21066,13.90262798407963,13.902601589301572,0.9548008312074092,
job_name_name,name.name,benchmarks/job/../../data/job/name__name.csv,job-csv,utf8,TwoWay2,static,full-scan,full-scan,contains_yo,%Yo%,2,4167491,60681846,60681846,4167491,4167491,0,0,0,1338257961,0,3073,111,57068161,57068272,4167491,4167473,21066,13.693676123115802,13.693649488385217,0.9404504932167027,
job_name_name,name.name,benchmarks/job/../../data/job/name__name.csv,job-csv,utf8,TwoWay2,static,full-scan,full-scan,contains_yo,%Yo%,3,4167491,60681846,60681846,4167491,4167491,0,0,0,1338257961,0,3073,110,57291591,57291701,4167491,4167473,21066,13.74728847644782,13.747262081669762,0.9441324675587489,
job_name_name,name.name,benchmarks/job/../../data/job/name__name.csv,job-csv,utf8,TwoWay2,static,full-scan,full-scan,contains_yo,%Yo%,4,4167491,60681846,60681846,4167491,4167491,0,0,0,1338257961,0,3073,111,56933612,56933723,4167491,4167473,21066,13.661390750453931,13.661364115723345,0.9382332073417806,
job_name_name,name.name,benchmarks/job/../../data/job/name__name.csv,job-csv,utf8,TwoWay2,static,prefix-btree,full-scan,contains_yo,%Yo%,0,4167491,60681846,60681846,4167491,4167491,0,0,0,1338257961,1584574030,3073,1051,56787683,56788734,4167491,4167473,21066,13.62660027340191,13.6263480832952,0.9358438766019083,no-indexable-prefix
job_name_name,name.name,benchmarks/job/../../data/job/name__name.csv,job-csv,utf8,TwoWay2,static,prefix-btree,full-scan,contains_yo,%Yo%,1,4167491,60681846,60681846,4167491,4167491,0,0,0,1338257961,1584574030,3073,661,57134831,57135492,4167491,4167473,21066,13.709805732033974,13.709647123413104,0.9415582380272347,no-indexable-prefix
job_name_name,name.name,benchmarks/job/../../data/job/name__name.csv,job-csv,utf8,TwoWay2,static,prefix-btree,full-scan,contains_yo,%Yo%,2,4167491,60681846,60681846,4167491,4167491,0,0,0,1338257961,1584574030,3073,350,57582502,57582852,4167491,4167473,21066,13.817150894866959,13.817066911482232,0.9489304593667107,no-indexable-prefix
job_name_name,name.name,benchmarks/job/../../data/job/name__name.csv,job-csv,utf8,TwoWay2,static,prefix-btree,full-scan,contains_yo,%Yo%,3,4167491,60681846,60681846,4167491,4167491,0,0,0,1338257961,1584574030,3073,581,57599053,57599634,4167491,4167473,21066,13.821177778188364,13.821038365769716,0.9492070165433003,no-indexable-prefix
job_name_name,name.name,benchmarks/job/../../data/job/name__name.csv,job-csv,utf8,TwoWay2,static,prefix-btree,full-scan,contains_yo,%Yo%,4,4167491,60681846,60681846,4167491,4167491,0,0,0,1338257961,1584574030,3073,560,56797003,56797563,4167491,4167473,21066,13.628718814269785,13.62858444085422,0.9359893731644222,no-indexable-prefix
job_name_name,name.name,benchmarks/job/../../data/job/name__name.csv,job-csv,utf8,TwoWay2,static,qgram,full-scan,contains_yo,%Yo%,0,4167491,60681846,60681846,4167491,4167491,0,0,0,1338257961,588757039,3073,501,56948340,56948841,4167491,4167473,21066,13.665018352769088,13.664898136552665,0.9384823428080945,literal-shorter-than-qgram
job_name_name,name.name,benchmarks/job/../../data/job/name__name.csv,job-csv,utf8,TwoWay2,static,qgram,full-scan,contains_yo,%Yo%,1,4167491,60681846,60681846,4167491,4167491,0,0,0,1338257961,588757039,3073,110,57278465,57278575,4167491,4167473,21066,13.744138859568023,13.744112464789966,0.9439161590436784,literal-shorter-than-qgram
job_name_name,name.name,benchmarks/job/../../data/job/name__name.csv,job-csv,utf8,TwoWay2,static,qgram,full-scan,contains_yo,%Yo%,2,4167491,60681846,60681846,4167491,4167491,0,0,0,1338257961,588757039,3073,120,58341991,58342111,4167491,4167473,21066,13.99933701116571,13.999308216862376,0.9614425869641474,literal-shorter-than-qgram
job_name_name,name.name,benchmarks/job/../../data/job/name__name.csv,job-csv,utf8,TwoWay2,static,qgram,full-scan,contains_yo,%Yo%,3,4167491,60681846,60681846,4167491,4167491,0,0,0,1338257961,588757039,3073,110,57107024,57107134,4167491,4167473,21066,13.703001158250851,13.702974763472795,0.9410909153950261,literal-shorter-than-qgram
job_name_name,name.name,benchmarks/job/../../data/job/name__name.csv,job-csv,utf8,TwoWay2,static,qgram,full-scan,contains_yo,%Yo%,4,4167491,60681846,60681846,4167491,4167491,0,0,0,1338257961,588757039,3073,110,58282418,58282528,4167491,4167473,21066,13.985039919702286,13.985013524924229,0.9604606952794416,literal-shorter-than-qgram
job_name_name,name.name,benchmarks/job/../../data/job/name__name.csv,job-csv,utf8,TwoWay2,static,trigram,full-scan,contains_yo,%Yo%,0,4167491,60681846,60681846,4167491,4167491,0,0,0,1338257961,3192349665,3073,531,57758206,57758737,4167491,4167473,21066,13.859354945217639,13.85922753042538,0.9518289374387193,literal-shorter-than-trigram
job_name_name,name.name,benchmarks/job/../../data/job/name__name.csv,job-csv,utf8,TwoWay2,static,trigram,full-scan,contains_yo,%Yo%,1,4167491,60681846,60681846,4167491,4167491,0,0,0,1338257961,3192349665,3073,110,56317093,56317203,4167491,4167473,21066,13.513455218019667,13.51342882324161,0.9280733318495288,literal-shorter-than-trigram
job_name_name,name.name,benchmarks/job/../../data/job/name__name.csv,job-csv,utf8,TwoWay2,static,trigram,full-scan,contains_yo,%Yo%,2,4167491,60681846,60681846,4167491,4167491,0,0,0,1338257961,3192349665,3073,100,57575856,57575956,4167491,4167473,21066,13.815496182235307,13.815472186982527,0.9488168174712417,literal-shorter-than-trigram
job_name_name,name.name,benchmarks/job/../../data/job/name__name.csv,job-csv,utf8,TwoWay2,static,trigram,full-scan,contains_yo,%Yo%,3,4167491,60681846,60681846,4167491,4167491,0,0,0,1338257961,3192349665,3073,300,57670514,57670814,4167491,4167473,21066,13.838257599116591,13.838185613358252,0.9503800197508824,literal-shorter-than-trigram
job_name_name,name.name,benchmarks/job/../../data/job/name__name.csv,job-csv,utf8,TwoWay2,static,trigram,full-scan,contains_yo,%Yo%,4,4167491,60681846,60681846,4167491,4167491,0,0,0,1338257961,3192349665,3073,110,58503987,58504097,4167491,4167473,21066,14.03820596133261,14.038179566554552,0.9641120179501461,literal-shorter-than-trigram
job_name_name,name.name,benchmarks/job/../../data/job/name__name.csv,job-csv,utf8,TwoWay2,static,fm,fm,prefix_a,A%,0,4167491,60681846,60681846,4167491,4167491,0,0,0,1338257961,62312623267,3052,11595317,6067892,17663209,552032,552032,177263,4.2383316484666675,10.991920758216915,0.2910789661870207,
job_name_name,name.name,benchmarks/job/../../data/job/name__name.csv,job-csv,utf8,TwoWay2,static,fm,fm,prefix_a,A%,1,4167491,60681846,60681846,4167491,4167491,0,0,0,1338257961,62312623267,3052,12529945,6675821,19205766,552032,552032,177263,4.6084720998797595,12.093177569416266,0.31649936951489577,
job_name_name,name.name,benchmarks/job/../../data/job/name__name.csv,job-csv,utf8,TwoWay2,static,fm,fm,prefix_a,A%,2,4167491,60681846,60681846,4167491,4167491,0,0,0,1338257961,62312623267,3052,11342588,6241085,17583673,552032,552032,177263,4.21924678421621,11.305658005333024,0.2897682611699057,
job_name_name,name.name,benchmarks/job/../../data/job/name__name.csv,job-csv,utf8,TwoWay2,static,fm,fm,prefix_a,A%,3,4167491,60681846,60681846,4167491,4167491,0,0,0,1338257961,62312623267,3052,11698961,6789144,18488105,552032,552032,177263,4.436267528832096,12.298460958784998,0.3046727517155625,
job_name_name,name.name,benchmarks/job/../../data/job/name__name.csv,job-csv,utf8,TwoWay2,static,fm,fm,prefix_a,A%,4,4167491,60681846,60681846,4167491,4167491,0,0,0,1338257961,62312623267,3052,11807169,6178559,17985728,552032,552032,177263,4.315720897777584,11.192392832299577,0.29639388360070656,
job_name_name,name.name,benchmarks/job/../../data/job/name__name.csv,job-csv,utf8,TwoWay2,static,full-scan,full-scan,prefix_a,A%,0,4167491,60681846,60681846,4167491,4167491,0,0,0,1338257961,0,3052,480,15342610,15343090,4167491,4167491,177263,3.681613229638648,3.681498052425308,0.25284481292807076,
job_name_name,name.name,benchmarks/job/../../data/job/name__name.csv,job-csv,utf8,TwoWay2,static,full-scan,full-scan,prefix_a,A%,1,4167491,60681846,60681846,4167491,4167491,0,0,0,1338257961,0,3052,100,15173872,15173972,4167491,4167491,177263,3.6410329380435376,3.641008942790758,0.2500578509098092,
job_name_name,name.name,benchmarks/job/../../data/job/name__name.csv,job-csv,utf8,TwoWay2,static,full-scan,full-scan,prefix_a,A%,2,4167491,60681846,60681846,4167491,4167491,0,0,0,1338257961,0,3052,110,15208455,15208565,4167491,4167491,177263,3.6493336158374428,3.6493072210593858,0.2506279225585853,
job_name_name,name.name,benchmarks/job/../../data/job/name__name.csv,job-csv,utf8,TwoWay2,static,full-scan,full-scan,prefix_a,A%,3,4167491,60681846,60681846,4167491,4167491,0,0,0,1338257961,0,3052,110,15484523,15484633,4167491,4167491,177263,3.7155768302798973,3.7155504355018403,0.255177355678995,
job_name_name,name.name,benchmarks/job/../../data/job/name__name.csv,job-csv,utf8,TwoWay2,static,full-scan,full-scan,prefix_a,A%,4,4167491,60681846,60681846,4167491,4167491,0,0,0,1338257961,0,3052,111,15053944,15054055,4167491,4167491,177263,3.612258550768316,3.612231916037731,0.24808169151610845,
job_name_name,name.name,benchmarks/job/../../data/job/name__name.csv,job-csv,utf8,TwoWay2,static,prefix-btree,prefix-btree,prefix_a,A%,0,4167491,60681846,60681846,4167491,4167491,0,0,0,1338257961,1584574030,3052,5580615,660289,6240904,177263,177263,177263,1.49752069050659,3.724911572070878,0.10284631090491216,
job_name_name,name.name,benchmarks/job/../../data/job/name__name.csv,job-csv,utf8,TwoWay2,static,prefix-btree,prefix-btree,prefix_a,A%,1,4167491,60681846,60681846,4167491,4167491,0,0,0,1338257961,1584574030,3052,5087605,663732,5751337,177263,177263,177263,1.3800478513330923,3.744334689134224,0.0947785438168773,
job_name_name,name.name,benchmarks/job/../../data/job/name__name.csv,job-csv,utf8,TwoWay2,static,prefix-btree,prefix-btree,prefix_a,A%,2,4167491,60681846,60681846,4167491,4167491,0,0,0,1338257961,1584574030,3052,5305299,736724,6042023,177263,177263,177263,1.449798691826809,4.156107027411248,0.09956887270700367,
job_name_name,name.name,benchmarks/job/../../data/job/name__name.csv,job-csv,utf8,TwoWay2,static,prefix-btree,prefix-btree,prefix_a,A%,3,4167491,60681846,60681846,4167491,4167491,0,0,0,1338257961,1584574030,3052,5600839,678452,6279291,177263,177263,177263,1.506731748190938,3.8273751431488803,0.1034789053714681,
job_name_name,name.name,benchmarks/job/../../data/job/name__name.csv,job-csv,utf8,TwoWay2,static,prefix-btree,prefix-btree,prefix_a,A%,4,4167491,60681846,60681846,4167491,4167491,0,0,0,1338257961,1584574030,3052,5189358,680113,5869471,177263,177263,177263,1.4083944032512608,3.8367454009014854,0.09672532045251227,
job_name_name,name.name,benchmarks/job/../../data/job/name__name.csv,job-csv,utf8,TwoWay2,static,qgram,full-scan,prefix_a,A%,0,4167491,60681846,60681846,4167491,4167491,0,0,0,1338257961,588757039,3052,790,14970062,14970852,4167491,4167491,177263,3.5922937805984465,3.5921042181014906,0.24671055656414936,literal-shorter-than-qgram
job_name_name,name.name,benchmarks/job/../../data/job/name__name.csv,job-csv,utf8,TwoWay2,static,qgram,full-scan,prefix_a,A%,1,4167491,60681846,60681846,4167491,4167491,0,0,0,1338257961,588757039,3052,100,14727253,14727353,4167491,4167491,177263,3.533865580033646,3.533841584780867,0.2426978408006902,literal-shorter-than-qgram
job_name_name,name.name,benchmarks/job/../../data/job/name__name.csv,job-csv,utf8,TwoWay2,static,qgram,full-scan,prefix_a,A%,2,4167491,60681846,60681846,4167491,4167491,0,0,0,1338257961,588757039,3052,100,14869009,14869109,4167491,4167491,177263,3.567880290563315,3.567856295310536,0.24503389366236486,literal-shorter-than-qgram
job_name_name,name.name,benchmarks/job/../../data/job/name__name.csv,job-csv,utf8,TwoWay2,static,qgram,full-scan,prefix_a,A%,3,4167491,60681846,60681846,4167491,4167491,0,0,0,1338257961,588757039,3052,110,15038780,15038890,4167491,4167491,177263,3.6086196706843516,3.6085932759062946,0.2478317815183144,literal-shorter-than-qgram
job_name_name,name.name,benchmarks/job/../../data/job/name__name.csv,job-csv,utf8,TwoWay2,static,qgram,full-scan,prefix_a,A%,4,4167491,60681846,60681846,4167491,4167491,0,0,0,1338257961,588757039,3052,110,14965481,14965591,4167491,4167491,177263,3.591031390349733,3.591004995571676,0.24662385847655327,literal-shorter-than-qgram
job_name_name,name.name,benchmarks/job/../../data/job/name__name.csv,job-csv,utf8,TwoWay2,static,trigram,full-scan,prefix_a,A%,0,4167491,60681846,60681846,4167491,4167491,0,0,0,1338257961,3192349665,3052,581,15124066,15124647,4167491,4167491,177263,3.629197279610202,3.629057867191555,0.24924500484049217,literal-shorter-than-trigram
job_name_name,name.name,benchmarks/job/../../data/job/name__name.csv,job-csv,utf8,TwoWay2,static,trigram,full-scan,prefix_a,A%,1,4167491,60681846,60681846,4167491,4167491,0,0,0,1338257961,3192349665,3052,100,15234326,15234426,4167491,4167491,177263,3.6555390281586693,3.65551503290589,0.2510540961459874,literal-shorter-than-trigram
job_name_name,name.name,benchmarks/job/../../data/job/name__name.csv,job-csv,utf8,TwoWay2,static,trigram,full-scan,prefix_a,A%,2,4167491,60681846,60681846,4167491,4167491,0,0,0,1338257961,3192349665,3052,111,15141756,15141867,4167491,4167491,177263,3.6333292621387785,3.6333026274081934,0.24952877999130085,literal-shorter-than-trigram
job_name_name,name.name,benchmarks/job/../../data/job/name__name.csv,job-csv,utf8,TwoWay2,static,trigram,full-scan,prefix_a,A%,3,4167491,60681846,60681846,4167491,4167491,0,0,0,1338257961,3192349665,3052,110,15149680,15149790,4167491,4167491,177263,3.6352304060164737,3.6352040112384167,0.2496593462235806,literal-shorter-than-trigram
job_name_name,name.name,benchmarks/job/../../data/job/name__name.csv,job-csv,utf8,TwoWay2,static,trigram,full-scan,prefix_a,A%,4,4167491,60681846,60681846,4167491,4167491,0,0,0,1338257961,3192349665,3052,371,14843134,14843505,4167491,4167491,177263,3.561736546041731,3.5616475236539205,0.24461195527901375,literal-shorter-than-trigram
job_name_name,name.name,benchmarks/job/../../data/job/name__name.csv,job-csv,utf8,TwoWay2,static,fm,fm,prefix_b,B%,0,4167491,60681846,60681846,4167491,4167491,0,0,0,1338257961,62312623267,3311,11421727,6882429,18304156,536716,536716,343399,4.392128501297304,12.823223082598618,0.3016413838168338,
job_name_name,name.name,benchmarks/job/../../data/job/name__name.csv,job-csv,utf8,TwoWay2,static,fm,fm,prefix_b,B%,1,4167491,60681846,60681846,4167491,4167491,0,0,0,1338257961,62312623267,3311,11662184,7510430,19172614,536716,536716,343399,4.600517193678403,13.993303721148616,0.31595304467171287,
job_name_name,name.name,benchmarks/job/../../data/job/name__name.csv,job-csv,utf8,TwoWay2,static,fm,fm,prefix_b,B%,2,4167491,60681846,60681846,4167491,4167491,0,0,0,1338257961,62312623267,3311,11353399,8107983,19461382,536716,536716,343399,4.669807805223814,15.106654170920933,0.32071176608569224,
job_name_name,name.name,benchmarks/job/../../data/job/name__name.csv,job-csv,utf8,TwoWay2,static,fm,fm,prefix_b,B%,3,4167491,60681846,60681846,4167491,4167491,0,0,0,1338257961,62312623267,3311,12644106,8498265,21142371,536716,536716,343399,5.073165364964195,15.833820866156403,0.34841344477226355,
job_name_name,name.name,benchmarks/job/../../data/job/name__name.csv,job-csv,utf8,TwoWay2,static,fm,fm,prefix_b,B%,4,4167491,60681846,60681846,4167491,4167491,0,0,0,1338257961,62312623267,3311,12080161,7116277,19196438,536716,536716,343399,4.606233822700517,13.25892464543632,0.3163456497351778,
job_name_name,name.name,benchmarks/job/../../data/job/name__name.csv,job-csv,utf8,TwoWay2,static,full-scan,full-scan,prefix_b,B%,0,4167491,60681846,60681846,4167491,4167491,0,0,0,1338257961,0,3311,800,15259331,15260131,4167491,4167491,343399,3.66170700788556,3.6615150458633265,0.2514776989480511,
job_name_name,name.name,benchmarks/job/../../data/job/name__name.csv,job-csv,utf8,TwoWay2,static,full-scan,full-scan,prefix_b,B%,1,4167491,60681846,60681846,4167491,4167491,0,0,0,1338257961,0,3311,100,14998217,14998317,4167491,4167491,343399,3.598884076774251,3.598860081521472,0.24716316309823536,
job_name_name,name.name,benchmarks/job/../../data/job/name__name.csv,job-csv,utf8,TwoWay2,static,full-scan,full-scan,prefix_b,B%,2,4167491,60681846,60681846,4167491,4167491,0,0,0,1338257961,0,3311,100,14974316,14974416,4167491,4167491,343399,3.593148971407497,3.5931249761547175,0.24676928912149443,
job_name_name,name.name,benchmarks/job/../../data/job/name__name.csv,job-csv,utf8,TwoWay2,static,full-scan,full-scan,prefix_b,B%,3,4167491,60681846,60681846,4167491,4167491,0,0,0,1338257961,0,3311,130,14888780,14888910,4167491,4167491,343399,3.5726315905661226,3.5726003967375095,0.24536020212700846,
job_name_name,name.name,benchmarks/job/../../data/job/name__name.csv,job-csv,utf8,TwoWay2,static,full-scan,full-scan,prefix_b,B%,4,4167491,60681846,60681846,4167491,4167491,0,0,0,1338257961,0,3311,111,15011685,15011796,4167491,4167491,343399,3.602118396896358,3.6020917621657733,0.24738528883910355,
job_name_name,name.name,benchmarks/job/../../data/job/name__name.csv,job-csv,utf8,TwoWay2,static,prefix-btree,prefix-btree,prefix_b,B%,0,4167491,60681846,60681846,4167491,4167491,0,0,0,1338257961,1584574030,3311,11210461,1390242,12600703,343399,343399,343399,3.0235705368049985,4.048474223862038,0.20765193926368028,
job_name_name,name.name,benchmarks/job/../../data/job/name__name.csv,job-csv,utf8,TwoWay2,static,prefix-btree,prefix-btree,prefix_b,B%,1,4167491,60681846,60681846,4167491,4167491,0,0,0,1338257961,1584574030,3311,12480637,2579404,15060041,343399,343399,343399,3.613694906599678,7.511390539867618,0.24818033716377053,
job_name_name,name.name,benchmarks/job/../../data/job/name__name.csv,job-csv,utf8,TwoWay2,static,prefix-btree,prefix-btree,prefix_b,B%,2,4167491,60681846,60681846,4167491,4167491,0,0,0,1338257961,1584574030,3311,16595933,2585838,19181771,343399,343399,343399,4.602714438975393,7.530126762162965,0.3161039464751946,
job_name_name,name.name,benchmarks/job/../../data/job/name__name.csv,job-csv,utf8,TwoWay2,static,prefix-btree,prefix-btree,prefix_b,B%,3,4167491,60681846,60681846,4167491,4167491,0,0,0,1338257961,1584574030,3311,14462899,1333271,15796170,343399,343399,343399,3.7903309209306033,3.8825710034100274,0.2603112963966192,
job_name_name,name.name,benchmarks/job/../../data/job/name__name.csv,job-csv,utf8,TwoWay2,static,prefix-btree,prefix-btree,prefix_b,B%,4,4167491,60681846,60681846,4167491,4167491,0,0,0,1338257961,1584574030,3311,11749291,1357715,13107006,343399,343399,343399,3.1450592214836215,3.9537535053975112,0.2159955054762177,
job_name_name,name.name,benchmarks/job/../../data/job/name__name.csv,job-csv,utf8,TwoWay2,static,qgram,full-scan,prefix_b,B%,0,4167491,60681846,60681846,4167491,4167491,0,0,0,1338257961,588757039,3311,861,16405404,16406265,4167491,4167491,343399,3.936724758373803,3.9365181592473744,0.27036529178759655,literal-shorter-than-qgram
job_name_name,name.name,benchmarks/job/../../data/job/name__name.csv,job-csv,utf8,TwoWay2,static,qgram,full-scan,prefix_b,B%,1,4167491,60681846,60681846,4167491,4167491,0,0,0,1338257961,588757039,3311,110,16513223,16513333,4167491,4167491,343399,3.9624159956194265,3.9623896008413695,0.2721297074581416,literal-shorter-than-qgram
job_name_name,name.name,benchmarks/job/../../data/job/name__name.csv,job-csv,utf8,TwoWay2,static,qgram,full-scan,prefix_b,B%,2,4167491,60681846,60681846,4167491,4167491,0,0,0,1338257961,588757039,3311,440,15511154,15511594,4167491,4167491,343399,3.722046190381695,3.7219406112694666,0.255621656598911,literal-shorter-than-qgram
job_name_name,name.name,benchmarks/job/../../data/job/name__name.csv,job-csv,utf8,TwoWay2,static,qgram,full-scan,prefix_b,B%,3,4167491,60681846,60681846,4167491,4167491,0,0,0,1338257961,588757039,3311,100,15659056,15659156,4167491,4167491,343399,3.7574540652877233,3.7574300700349443,0.2580533888174727,literal-shorter-than-qgram
job_name_name,name.name,benchmarks/job/../../data/job/name__name.csv,job-csv,utf8,TwoWay2,static,qgram,full-scan,prefix_b,B%,4,4167491,60681846,60681846,4167491,4167491,0,0,0,1338257961,588757039,3311,111,15467242,15467353,4167491,4167491,343399,3.711430450599653,3.7114038158690685,0.2548925917645946,literal-shorter-than-qgram
job_name_name,name.name,benchmarks/job/../../data/job/name__name.csv,job-csv,utf8,TwoWay2,static,trigram,full-scan,prefix_b,B%,0,4167491,60681846,60681846,4167491,4167491,0,0,0,1338257961,3192349665,3311,541,15307095,15307636,4167491,4167491,343399,3.673105952718314,3.6729761384007786,0.2522605525217542,literal-shorter-than-trigram
job_name_name,name.name,benchmarks/job/../../data/job/name__name.csv,job-csv,utf8,TwoWay2,static,trigram,full-scan,prefix_b,B%,1,4167491,60681846,60681846,4167491,4167491,0,0,0,1338257961,3192349665,3311,110,15212655,15212765,4167491,4167491,343399,3.6503414164541685,3.6503150216761115,0.25069713601000204,literal-shorter-than-trigram
job_name_name,name.name,benchmarks/job/../../data/job/name__name.csv,job-csv,utf8,TwoWay2,static,trigram,full-scan,prefix_b,B%,2,4167491,60681846,60681846,4167491,4167491,0,0,0,1338257961,3192349665,3311,110,15382827,15382937,4167491,4167491,343399,3.691174618013572,3.691148223235515,0.25350146730869066,literal-shorter-than-trigram
job_name_name,name.name,benchmarks/job/../../data/job/name__name.csv,job-csv,utf8,TwoWay2,static,trigram,full-scan,prefix_b,B%,3,4167491,60681846,60681846,4167491,4167491,0,0,0,1338257961,3192349665,3311,110,15544953,15545063,4167491,4167491,343399,3.730077161534362,3.730050766756305,0.25617320540973654,literal-shorter-than-trigram
job_name_name,name.name,benchmarks/job/../../data/job/name__name.csv,job-csv,utf8,TwoWay2,static,trigram,full-scan,prefix_b,B%,4,4167491,60681846,60681846,4167491,4167491,0,0,0,1338257961,3192349665,3311,111,15647079,15647190,4167491,4167491,343399,3.7545827933401656,3.7545561586095806,0.2578561963985077,literal-shorter-than-trigram
job_name_name,name.name,benchmarks/job/../../data/job/name__name.csv,job-csv,utf8,TwoWay2,static,fm,fm,prefix_x,X%,0,4167491,60681846,60681846,4167491,4167491,0,0,0,1338257961,62312623267,2761,108158,83296,191454,8750,8750,2664,0.04593987125587074,9.519542857142858,0.0031550457446531868,
job_name_name,name.name,benchmarks/job/../../data/job/name__name.csv,job-csv,utf8,TwoWay2,static,fm,fm,prefix_x,X%,1,4167491,60681846,60681846,4167491,4167491,0,0,0,1338257961,62312623267,2761,98273,81694,179967,8750,8750,2664,0.043183536569125165,9.336457142857142,0.0029657469550283624,
job_name_name,name.name,benchmarks/job/../../data/job/name__name.csv,job-csv,utf8,TwoWay2,static,fm,fm,prefix_x,X%,2,4167491,60681846,60681846,4167491,4167491,0,0,0,1338257961,62312623267,2761,102575,80914,183489,8750,8750,2664,0.04402864937200824,9.247314285714285,0.0030237873778592695,
job_name_name,name.name,benchmarks/job/../../data/job/name__name.csv,job-csv,utf8,TwoWay2,static,fm,fm,prefix_x,X%,3,4167491,60681846,60681846,4167491,4167491,0,0,0,1338257961,62312623267,2761,91389,81344,172733,8750,8750,2664,0.04144771998307855,9.296457142857143,0.0028465350246595993,
job_name_name,name.name,benchmarks/job/../../data/job/name__name.csv,job-csv,utf8,TwoWay2,static,fm,fm,prefix_x,X%,4,4167491,60681846,60681846,4167491,4167491,0,0,0,1338257961,62312623267,2761,90859,80923,171782,8750,8750,2664,0.04121952512914845,9.248342857142857,0.0028308631217316624,
job_name_name,name.name,benchmarks/job/../../data/job/name__name.csv,job-csv,utf8,TwoWay2,static,full-scan,full-scan,prefix_x,X%,0,4167491,60681846,60681846,4167491,4167491,0,0,0,1338257961,0,2761,510,15102094,15102604,4167491,4167491,2664,3.623908006040085,3.6237856302509113,0.24888174957630657,
job_name_name,name.name,benchmarks/job/../../data/job/name__name.csv,job-csv,utf8,TwoWay2,static,full-scan,full-scan,prefix_x,X%,1,4167491,60681846,60681846,4167491,4167491,0,0,0,1338257961,0,2761,100,15076350,15076450,4167491,4167491,2664,3.6176322876282154,3.6176082923754365,0.24845074752669852,
job_name_name,name.name,benchmarks/job/../../data/job/name__name.csv,job-csv,utf8,TwoWay2,static,full-scan,full-scan,prefix_x,X%,2,4167491,60681846,60681846,4167491,4167491,0,0,0,1338257961,0,2761,110,15372831,15372941,4167491,4167491,2664,3.6887760525457645,3.688749657767707,0.25333673929431877,
job_name_name,name.name,benchmarks/job/../../data/job/name__name.csv,job-csv,utf8,TwoWay2,static,full-scan,full-scan,prefix_x,X%,3,4167491,60681846,60681846,4167491,4167491,0,0,0,1338257961,0,2761,110,15122184,15122294,4167491,4167491,2664,3.6286326713123076,3.6286062765342506,0.2492062288283056,
job_name_name,name.name,benchmarks/job/../../data/job/name__name.csv,job-csv,utf8,TwoWay2,static,full-scan,full-scan,prefix_x,X%,4,4167491,60681846,60681846,4167491,4167491,0,0,0,1338257961,0,2761,110,15143676,15143786,4167491,4167491,2664,3.6337897310396112,3.6337633362615542,0.24956040394684104,
job_name_name,name.name,benchmarks/job/../../data/job/name__name.csv,job-csv,utf8,TwoWay2,static,prefix-btree,prefix-btree,prefix_x,X%,0,4167491,60681846,60681846,4167491,4167491,0,0,0,1338257961,1584574030,2761,32408,11826,44234,2664,2664,2664,0.010614060114346978,4.4391891891891895,0.0007289494785639843,
job_name_name,name.name,benchmarks/job/../../data/job/name__name.csv,job-csv,utf8,TwoWay2,static,prefix-btree,prefix-btree,prefix_x,X%,1,4167491,60681846,60681846,4167491,4167491,0,0,0,1338257961,1584574030,2761,29195,11757,40952,2664,2664,2664,0.009826535918133957,4.413288288288288,0.0006748641100997488,
job_name_name,name.name,benchmarks/job/../../data/job/name__name.csv,job-csv,utf8,TwoWay2,static,prefix-btree,prefix-btree,prefix_x,X%,2,4167491,60681846,60681846,4167491,4167491,0,0,0,1338257961,1584574030,2761,28536,11626,40162,2664,2664,2664,0.009636973421178354,4.364114114114114,0.000661845389476121,
job_name_name,name.name,benchmarks/job/../../data/job/name__name.csv,job-csv,utf8,TwoWay2,static,prefix-btree,prefix-btree,prefix_x,X%,3,4167491,60681846,60681846,4167491,4167491,0,0,0,1338257961,1584574030,2761,28215,11697,39912,2664,2664,2664,0.009576985289230379,4.3907657657657655,0.0006577255411775047,
job_name_name,name.name,benchmarks/job/../../data/job/name__name.csv,job-csv,utf8,TwoWay2,static,prefix-btree,prefix-btree,prefix_x,X%,4,4167491,60681846,60681846,4167491,4167491,0,0,0,1338257961,1584574030,2761,28445,11867,40312,2664,2664,2664,0.00967296630034714,4.45457957957958,0.0006643172984552909,
job_name_name,name.name,benchmarks/job/../../data/job/name__name.csv,job-csv,utf8,TwoWay2,static,qgram,full-scan,prefix_x,X%,0,4167491,60681846,60681846,4167491,4167491,0,0,0,1338257961,588757039,2761,550,15555591,15556141,4167491,4167491,2664,3.732735355637241,3.732603381746955,0.25635576412754485,literal-shorter-than-qgram
job_name_name,name.name,benchmarks/job/../../data/job/name__name.csv,job-csv,utf8,TwoWay2,static,qgram,full-scan,prefix_x,X%,1,4167491,60681846,60681846,4167491,4167491,0,0,0,1338257961,588757039,2761,110,15510416,15510526,4167491,4167491,2664,3.721789921082013,3.721763526303956,0.25560405660697927,literal-shorter-than-qgram
job_name_name,name.name,benchmarks/job/../../data/job/name__name.csv,job-csv,utf8,TwoWay2,static,qgram,full-scan,prefix_x,X%,2,4167491,60681846,60681846,4167491,4167491,0,0,0,1338257961,588757039,2761,110,15830938,15831048,4167491,4167491,2664,3.7986999851949292,3.798673590416872,0.26088606467245573,literal-shorter-than-qgram
job_name_name,name.name,benchmarks/job/../../data/job/name__name.csv,job-csv,utf8,TwoWay2,static,qgram,full-scan,prefix_x,X%,3,4167491,60681846,60681846,4167491,4167491,0,0,0,1338257961,588757039,2761,120,15277169,15277289,4167491,4167491,2664,3.6658241133574134,3.6657953190540784,0.25176045237648176,literal-shorter-than-qgram
job_name_name,name.name,benchmarks/job/../../data/job/name__name.csv,job-csv,utf8,TwoWay2,static,qgram,full-scan,prefix_x,X%,4,4167491,60681846,60681846,4167491,4167491,0,0,0,1338257961,588757039,2761,100,14990685,14990785,4167491,4167491,2664,3.5970767543349225,3.597052759082143,0.24703904030869464,literal-shorter-than-qgram
job_name_name,name.name,benchmarks/job/../../data/job/name__name.csv,job-csv,utf8,TwoWay2,static,trigram,full-scan,prefix_x,X%,0,4167491,60681846,60681846,4167491,4167491,0,0,0,1338257961,3192349665,2761,471,15038110,15038581,4167491,4167491,2664,3.608545525353264,3.608432507712674,0.2478266893858173,literal-shorter-than-trigram
job_name_name,name.name,benchmarks/job/../../data/job/name__name.csv,job-csv,utf8,TwoWay2,static,trigram,full-scan,prefix_x,X%,1,4167491,60681846,60681846,4167491,4167491,0,0,0,1338257961,3192349665,2761,110,19052190,19052300,4167491,4167491,2664,4.571647545249648,4.571621150471591,0.31397034295891396,literal-shorter-than-trigram
job_name_name,name.name,benchmarks/job/../../data/job/name__name.csv,job-csv,utf8,TwoWay2,static,trigram,full-scan,prefix_x,X%,2,4167491,60681846,60681846,4167491,4167491,0,0,0,1338257961,3192349665,2761,140,27053876,27054016,4167491,4167491,2664,6.491679526122552,6.491645932768661,0.44583376715335915,literal-shorter-than-trigram
job_name_name,name.name,benchmarks/job/../../data/job/name__name.csv,job-csv,utf8,TwoWay2,static,trigram,full-scan,prefix_x,X%,3,4167491,60681846,60681846,4167491,4167491,0,0,0,1338257961,3192349665,2761,110,14965703,14965813,4167491,4167491,2664,3.591084659810903,3.5910582650328458,0.24662751690184243,literal-shorter-than-trigram
job_name_name,name.name,benchmarks/job/../../data/job/name__name.csv,job-csv,utf8,TwoWay2,static,trigram,full-scan,prefix_x,X%,4,4167491,60681846,60681846,4167491,4167491,0,0,0,1338257961,3192349665,2761,110,15113748,15113858,4167491,4167491,2664,3.6266084317878553,3.626582037009798,0.24906720866731707,literal-shorter-than-trigram
job_name_name,name.name,benchmarks/job/../../data/job/name__name.csv,job-csv,utf8,TwoWay2,static,fm,fm,prefix_z,Z%,0,4167491,60681846,60681846,4167491,4167491,0,0,0,1338257961,62312623267,2281,1152243,1117614,2269857,59261,59261,36174,0.5446579248761425,18.859182261521067,0.03740586599820975,
job_name_name,name.name,benchmarks/job/../../data/job/name__name.csv,job-csv,utf8,TwoWay2,static,fm,fm,prefix_z,Z%,1,4167491,60681846,60681846,4167491,4167491,0,0,0,1338257961,62312623267,2281,980510,826317,1806827,59261,59261,36174,0.43355270593265827,13.943689779112738,0.02977541256737641,
job_name_name,name.name,benchmarks/job/../../data/job/name__name.csv,job-csv,utf8,TwoWay2,static,fm,fm,prefix_z,Z%,2,4167491,60681846,60681846,4167491,4167491,0,0,0,1338257961,62312623267,2281,962220,749616,1711836,59261,59261,36174,0.41075937536517776,12.649398423921298,0.028210018528440944,
job_name_name,name.name,benchmarks/job/../../data/job/name__name.csv,job-csv,utf8,TwoWay2,static,fm,fm,prefix_z,Z%,3,4167491,60681846,60681846,4167491,4167491,0,0,0,1338257961,62312623267,2281,876063,543504,1419567,59261,59261,36174,0.34062869001996643,9.171360591282632,0.023393602758887723,
job_name_name,name.name,benchmarks/job/../../data/job/name__name.csv,job-csv,utf8,TwoWay2,static,fm,fm,prefix_z,Z%,4,4167491,60681846,60681846,4167491,4167491,0,0,0,1338257961,62312623267,2281,818183,572379,1390562,59261,59261,36174,0.33366886695136233,9.658611903275341,0.022915617959282254,
job_name_name,name.name,benchmarks/job/../../data/job/name__name.csv,job-csv,utf8,TwoWay2,static,full-scan,full-scan,prefix_z,Z%,0,4167491,60681846,60681846,4167491,4167491,0,0,0,1338257961,0,2281,801,15416152,15416953,4167491,4167491,36174,3.6993368431989415,3.6991446412241804,0.25406203034759356,
job_name_name,name.name,benchmarks/job/../../data/job/name__name.csv,job-csv,utf8,TwoWay2,static,full-scan,full-scan,prefix_z,Z%,1,4167491,60681846,60681846,4167491,4167491,0,0,0,1338257961,0,2281,120,14967812,14967932,4167491,4167491,36174,3.591593119217294,3.591564324913959,0.2466624367360215,
job_name_name,name.name,benchmarks/job/../../data/job/name__name.csv,job-csv,utf8,TwoWay2,static,full-scan,full-scan,prefix_z,Z%,2,4167491,60681846,60681846,4167491,4167491,0,0,0,1338257961,0,2281,120,15007558,15007678,4167491,4167491,36174,3.601130272386911,3.6011014780835757,0.24731742669792872,
job_name_name,name.name,benchmarks/job/../../data/job/name__name.csv,job-csv,utf8,TwoWay2,static,full-scan,full-scan,prefix_z,Z%,3,4167491,60681846,60681846,4167491,4167491,0,0,0,1338257961,0,2281,450,15047428,15047878,4167491,4167491,36174,3.6107763640041455,3.610668385366639,0.24797989830434625,
job_name_name,name.name,benchmarks/job/../../data/job/name__name.csv,job-csv,utf8,TwoWay2,static,full-scan,full-scan,prefix_z,Z%,4,4167491,60681846,60681846,4167491,4167491,0,0,0,1338257961,0,2281,110,15057973,15058083,4167491,4167491,36174,3.613225079550262,3.613198684772205,0.24814807051189577,
job_name_name,name.name,benchmarks/job/../../data/job/name__name.csv,job-csv,utf8,TwoWay2,static,prefix-btree,prefix-btree,prefix_z,Z%,0,4167491,60681846,60681846,4167491,4167491,0,0,0,1338257961,1584574030,2281,785300,138423,923723,36174,36174,36174,0.22164966882951878,3.8265881572400064,0.015222394519771202,
job_name_name,name.name,benchmarks/job/../../data/job/name__name.csv,job-csv,utf8,TwoWay2,static,prefix-btree,prefix-btree,prefix_z,Z%,1,4167491,60681846,60681846,4167491,4167491,0,0,0,1338257961,1584574030,2281,863231,186461,1049692,36174,36174,36174,0.25187624880293685,5.154558522695859,0.017298287201084818,
job_name_name,name.name,benchmarks/job/../../data/job/name__name.csv,job-csv,utf8,TwoWay2,static,prefix-btree,prefix-btree,prefix_z,Z%,2,4167491,60681846,60681846,4167491,4167491,0,0,0,1338257961,1584574030,2281,617265,157200,774465,36174,36174,36174,0.18583483443635512,4.345662630618676,0.012762713250351679,
job_name_name,name.name,benchmarks/job/../../data/job/name__name.csv,job-csv,utf8,TwoWay2,static,prefix-btree,prefix-btree,prefix_z,Z%,3,4167491,60681846,60681846,4167491,4167491,0,0,0,1338257961,1584574030,2281,568407,137042,705449,36174,36174,36174,0.16927427077826923,3.7884115663183504,0.011625371449642452,
job_name_name,name.name,benchmarks/job/../../data/job/name__name.csv,job-csv,utf8,TwoWay2,static,prefix-btree,prefix-btree,prefix_z,Z%,4,4167491,60681846,60681846,4167491,4167491,0,0,0,1338257961,1584574030,2281,533053,134291,667344,36174,36174,36174,0.16013087970675882,3.7123624702825233,0.010997424171967345,
job_name_name,name.name,benchmarks/job/../../data/job/name__name.csv,job-csv,utf8,TwoWay2,static,qgram,full-scan,prefix_z,Z%,0,4167491,60681846,60681846,4167491,4167491,0,0,0,1338257961,588757039,2281,561,14854905,14855466,4167491,4167491,36174,3.5646066182266503,3.5644720048585588,0.24480906530101276,literal-shorter-than-qgram
job_name_name,name.name,benchmarks/job/../../data/job/name__name.csv,job-csv,utf8,TwoWay2,static,qgram,full-scan,prefix_z,Z%,1,4167491,60681846,60681846,4167491,4167491,0,0,0,1338257961,588757039,2281,110,15269361,15269471,4167491,4167491,36174,3.663948164495136,3.663921769717079,0.25163161648048743,literal-shorter-than-qgram
job_name_name,name.name,benchmarks/job/../../data/job/name__name.csv,job-csv,utf8,TwoWay2,static,qgram,full-scan,prefix_z,Z%,2,4167491,60681846,60681846,4167491,4167491,0,0,0,1338257961,588757039,2281,110,15899474,15899584,4167491,4167491,36174,3.815145371639675,3.815118976861618,0.2620154963644316,literal-shorter-than-qgram
job_name_name,name.name,benchmarks/job/../../data/job/name__name.csv,job-csv,utf8,TwoWay2,static,qgram,full-scan,prefix_z,Z%,3,4167491,60681846,60681846,4167491,4167491,0,0,0,1338257961,588757039,2281,110,15625348,15625458,4167491,4167491,36174,3.749368145006192,3.749341750228135,0.2574980662256056,literal-shorter-than-qgram
job_name_name,name.name,benchmarks/job/../../data/job/name__name.csv,job-csv,utf8,TwoWay2,static,qgram,full-scan,prefix_z,Z%,4,4167491,60681846,60681846,4167491,4167491,0,0,0,1338257961,588757039,2281,110,15621837,15621947,4167491,4167491,36174,3.7485256716811146,3.7484992769030576,0.2574402070760998,literal-shorter-than-qgram
job_name_name,name.name,benchmarks/job/../../data/job/name__name.csv,job-csv,utf8,TwoWay2,static,trigram,full-scan,prefix_z,Z%,0,4167491,60681846,60681846,4167491,4167491,0,0,0,1338257961,3192349665,2281,540,15109613,15110153,4167491,4167491,36174,3.625719407672386,3.6255898333073784,0.24900615251553157,literal-shorter-than-trigram
job_name_name,name.name,benchmarks/job/../../data/job/name__name.csv,job-csv,utf8,TwoWay2,static,trigram,full-scan,prefix_z,Z%,1,4167491,60681846,60681846,4167491,4167491,0,0,0,1338257961,3192349665,2281,110,15111312,15111422,4167491,4167491,36174,3.626023907430154,3.6259975126520967,0.24902706486549536,literal-shorter-than-trigram
job_name_name,name.name,benchmarks/job/../../data/job/name__name.csv,job-csv,utf8,TwoWay2,static,trigram,full-scan,prefix_z,Z%,2,4167491,60681846,60681846,4167491,4167491,0,0,0,1338257961,3192349665,2281,110,15270483,15270593,4167491,4167491,36174,3.6642173912313187,3.6641909964532617,0.2516501063596516,literal-shorter-than-trigram
job_name_name,name.name,benchmarks/job/../../data/job/name__name.csv,job-csv,utf8,TwoWay2,static,trigram,full-scan,prefix_z,Z%,3,4167491,60681846,60681846,4167491,4167491,0,0,0,1338257961,3192349665,2281,110,15450431,15450541,4167491,4167491,36174,3.707396368702416,3.707369973924359,0.2546155402062093,literal-shorter-than-trigram
job_name_name,name.name,benchmarks/job/../../data/job/name__name.csv,job-csv,utf8,TwoWay2,static,trigram,full-scan,prefix_z,Z%,4,4167491,60681846,60681846,4167491,4167491,0,0,0,1338257961,3192349665,2281,110,16046633,16046743,4167491,4167491,36174,3.8504565456770035,3.850430150898946,0.26444058738753595,literal-shorter-than-trigram
job_name_name,name.name,benchmarks/job/../../data/job/name__name.csv,job-csv,utf8,TwoWay2,static,fm,fm,not_contains_yu,%Yu%,0,4167491,60681846,60681846,4167491,4167491,0,0,0,1338257961,62312623267,3721,358866,1029560,1388426,16079,16079,16079,0.3331563283519988,64.0313452329125,0.022880417975418874,
job_name_name,name.name,benchmarks/job/../../data/job/name__name.csv,job-csv,utf8,TwoWay2,static,fm,fm,not_contains_yu,%Yu%,1,4167491,60681846,60681846,4167491,4167491,0,0,0,1338257961,62312623267,3721,354605,850695,1205300,16079,16079,16079,0.2892147817475791,52.90720815971142,0.019862612617289197,
job_name_name,name.name,benchmarks/job/../../data/job/name__name.csv,job-csv,utf8,TwoWay2,static,fm,fm,not_contains_yu,%Yu%,2,4167491,60681846,60681846,4167491,4167491,0,0,0,1338257961,62312623267,3721,270283,417099,687382,16079,16079,16079,0.16493904845865295,25.940605759064617,0.011327638252798044,
job_name_name,name.name,benchmarks/job/../../data/job/name__name.csv,job-csv,utf8,TwoWay2,static,fm,fm,not_contains_yu,%Yu%,3,4167491,60681846,60681846,4167491,4167491,0,0,0,1338257961,62312623267,3721,203057,323764,526821,16079,16079,16079,0.12641203064385742,20.13582934262081,0.00868169040210148,
job_name_name,name.name,benchmarks/job/../../data/job/name__name.csv,job-csv,utf8,TwoWay2,static,fm,fm,not_contains_yu,%Yu%,4,4167491,60681846,60681846,4167491,4167491,0,0,0,1338257961,62312623267,3721,184770,312700,497470,16079,16079,16079,0.11936918400063731,19.44772684868462,0.008198003732450724,
job_name_name,name.name,benchmarks/job/../../data/job/name__name.csv,job-csv,utf8,TwoWay2,static,full-scan,full-scan,not_contains_yu,%Yu%,0,4167491,60681846,60681846,4167491,4167491,0,0,0,1338257961,0,3721,540,59208698,59209238,4167491,4167473,16079,14.20740632673232,14.207276752367312,0.9757323137466847,
job_name_name,name.name,benchmarks/job/../../data/job/name__name.csv,job-csv,utf8,TwoWay2,static,full-scan,full-scan,not_contains_yu,%Yu%,1,4167491,60681846,60681846,4167491,4167491,0,0,0,1338257961,0,3721,120,59417989,59418109,4167491,4167473,16079,14.257525451164742,14.257496656861406,0.9791743810826058,
job_name_name,name.name,benchmarks/job/../../data/job/name__name.csv,job-csv,utf8,TwoWay2,static,full-scan,full-scan,not_contains_yu,%Yu%,2,4167491,60681846,60681846,4167491,4167491,0,0,0,1338257961,0,3721,110,58256526,58256636,4167491,4167473,16079,13.978827068852699,13.978800674074641,0.9600340108308505,
job_name_name,name.name,benchmarks/job/../../data/job/name__name.csv,job-csv,utf8,TwoWay2,static,full-scan,full-scan,not_contains_yu,%Yu%,3,4167491,60681846,60681846,4167491,4167491,0,0,0,1338257961,0,3721,130,59392878,59393008,4167491,4167473,16079,14.251502402764636,14.251471208936024,0.9787607318340316,
job_name_name,name.name,benchmarks/job/../../data/job/name__name.csv,job-csv,utf8,TwoWay2,static,full-scan,full-scan,not_contains_yu,%Yu%,4,4167491,60681846,60681846,4167491,4167491,0,0,0,1338257961,0,3721,110,58643135,58643245,4167491,4167473,16079,14.071594875669797,14.07156848089174,0.9664050925543696,
job_name_name,name.name,benchmarks/job/../../data/job/name__name.csv,job-csv,utf8,TwoWay2,static,prefix-btree,full-scan,not_contains_yu,%Yu%,0,4167491,60681846,60681846,4167491,4167491,0,0,0,1338257961,1584574030,3721,1011,57917551,57918562,4167491,4167473,16079,13.89770535797198,13.897462765966381,0.9544627564560247,no-indexable-prefix
job_name_name,name.name,benchmarks/job/../../data/job/name__name.csv,job-csv,utf8,TwoWay2,static,prefix-btree,full-scan,not_contains_yu,%Yu%,1,4167491,60681846,60681846,4167491,4167491,0,0,0,1338257961,1584574030,3721,582,60250434,60251016,4167491,4167473,16079,14.457383591230311,14.457243938859136,0.9929001830300285,no-indexable-prefix
job_name_name,name.name,benchmarks/job/../../data/job/name__name.csv,job-csv,utf8,TwoWay2,static,prefix-btree,full-scan,not_contains_yu,%Yu%,2,4167491,60681846,60681846,4167491,4167491,0,0,0,1338257961,1584574030,3721,481,58029181,58029662,4167491,4167473,16079,13.924364083809659,13.924248666643791,0.9562936170399299,no-indexable-prefix
job_name_name,name.name,benchmarks/job/../../data/job/name__name.csv,job-csv,utf8,TwoWay2,static,prefix-btree,full-scan,not_contains_yu,%Yu%,3,4167491,60681846,60681846,4167491,4167491,0,0,0,1338257961,1584574030,3721,377,57631611,57631988,4167491,4167473,16079,13.828941202272542,13.828850740169566,0.949740190830714,no-indexable-prefix
job_name_name,name.name,benchmarks/job/../../data/job/name__name.csv,job-csv,utf8,TwoWay2,static,prefix-btree,full-scan,not_contains_yu,%Yu%,4,4167491,60681846,60681846,4167491,4167491,0,0,0,1338257961,1584574030,3721,468,57297140,57297608,4167491,4167473,16079,13.748705876029486,13.74859357824648,0.9442298113343487,no-indexable-prefix
job_name_name,name.name,benchmarks/job/../../data/job/name__name.csv,job-csv,utf8,TwoWay2,static,qgram,full-scan,not_contains_yu,%Yu%,0,4167491,60681846,60681846,4167491,4167491,0,0,0,1338257961,588757039,3721,447,63222789,63223236,4167491,4167473,16079,15.170575293383957,15.170468034604035,1.0418805650704825,literal-shorter-than-qgram
job_name_name,name.name,benchmarks/job/../../data/job/name__name.csv,job-csv,utf8,TwoWay2,static,qgram,full-scan,not_contains_yu,%Yu%,1,4167491,60681846,60681846,4167491,4167491,0,0,0,1338257961,588757039,3721,109,60945001,60945110,4167491,4167473,16079,14.623933201055504,14.623907046229974,1.0043384309699477,literal-shorter-than-qgram
job_name_name,name.name,benchmarks/job/../../data/job/name__name.csv,job-csv,utf8,TwoWay2,static,qgram,full-scan,not_contains_yu,%Yu%,2,4167491,60681846,60681846,4167491,4167491,0,0,0,1338257961,588757039,3721,109,57016214,57016323,4167491,4167473,16079,13.681210829249542,13.681184674424012,0.9395944052196434,literal-shorter-than-qgram
job_name_name,name.name,benchmarks/job/../../data/job/name__name.csv,job-csv,utf8,TwoWay2,static,qgram,full-scan,not_contains_yu,%Yu%,3,4167491,60681846,60681846,4167491,4167491,0,0,0,1338257961,588757039,3721,110,57133365,57133475,4167491,4167473,16079,13.709321747785419,13.709295353007361,0.9415249990911615,literal-shorter-than-qgram
job_name_name,name.name,benchmarks/job/../../data/job/name__name.csv,job-csv,utf8,TwoWay2,static,qgram,full-scan,not_contains_yu,%Yu%,4,4167491,60681846,60681846,4167491,4167491,0,0,0,1338257961,588757039,3721,119,58055676,58055795,4167491,4167473,16079,13.930634763218444,13.930606208867637,0.9567242730222808,literal-shorter-than-qgram
job_name_name,name.name,benchmarks/job/../../data/job/name__name.csv,job-csv,utf8,TwoWay2,static,trigram,full-scan,not_contains_yu,%Yu%,0,4167491,60681846,60681846,4167491,4167491,0,0,0,1338257961,3192349665,3721,507,56884148,56884655,4167491,4167473,16079,13.649616759820237,13.649495103888647,0.9374245964765145,literal-shorter-than-trigram
job_name_name,name.name,benchmarks/job/../../data/job/name__name.csv,job-csv,utf8,TwoWay2,static,trigram,full-scan,not_contains_yu,%Yu%,1,4167491,60681846,60681846,4167491,4167491,0,0,0,1338257961,3192349665,3721,109,56114864,56114973,4167491,4167473,16079,13.46492961832431,13.464903463498782,0.924740704163812,literal-shorter-than-trigram
job_name_name,name.name,benchmarks/job/../../data/job/name__name.csv,job-csv,utf8,TwoWay2,static,trigram,full-scan,not_contains_yu,%Yu%,2,4167491,60681846,60681846,4167491,4167491,0,0,0,1338257961,3192349665,3721,110,57296325,57296435,4167491,4167473,16079,13.748424411714387,13.74839801693633,0.9442104810061316,literal-shorter-than-trigram
job_name_name,name.name,benchmarks/job/../../data/job/name__name.csv,job-csv,utf8,TwoWay2,static,trigram,full-scan,not_contains_yu,%Yu%,3,4167491,60681846,60681846,4167491,4167491,0,0,0,1338257961,3192349665,3721,130,58374973,58375103,4167491,4167473,16079,14.007253524962621,14.007222331134008,0.9619862751044193,literal-shorter-than-trigram
job_name_name,name.name,benchmarks/job/../../data/job/name__name.csv,job-csv,utf8,TwoWay2,static,trigram,full-scan,not_contains_yu,%Yu%,4,4167491,60681846,60681846,4167491,4167491,0,0,0,1338257961,3192349665,3721,119,56443009,56443128,4167491,4167473,16079,13.543671240081862,13.543642685731054,0.9301484994375419,literal-shorter-than-trigram
