dataset,column,data_path,data_type,storage,algorithm,generic_matcher,requested_index,actual_index,pattern_name,pattern,iteration,row_count,total_input_sequence_bytes,total_loaded_symbols,records_seen,records_loaded,records_skipped,records_truncated,records_invalid_dna,load_ns,index_build_ns,compile_ns,candidate_prepare_ns,execute_ns,query_total_ns,candidate_rows_seen,rows_after_len_filter,rows_matched,ns_per_table_row,ns_per_candidate_row,ns_per_loaded_symbol,fallback_reason
job_movie_info_info,movie_info.info,benchmarks/job/../../data/job/movie_info__info.csv,job-csv,fsst,LibcMemmem,static,fm,fm,prefix_japan_200,Japan:%200%,0,6674158,100000014,100000000,6674158,6674158,0,1,0,2819897528,302883953872,22196,2720949,23903546,26624495,130031,118510,54763,3.989191595404244,183.829594481316,0.26624495,
job_movie_info_info,movie_info.info,benchmarks/job/../../data/job/movie_info__info.csv,job-csv,fsst,LibcMemmem,static,fm,fm,prefix_japan_200,Japan:%200%,1,6674158,100000014,100000000,6674158,6674158,0,1,0,2819897528,302883953872,22196,2577321,22237239,24814560,130031,118510,54763,3.7180060765717564,171.01490413824396,0.2481456,
job_movie_info_info,movie_info.info,benchmarks/job/../../data/job/movie_info__info.csv,job-csv,fsst,LibcMemmem,static,fm,fm,prefix_japan_200,Japan:%200%,2,6674158,100000014,100000000,6674158,6674158,0,1,0,2819897528,302883953872,22196,2955702,21976229,24931931,130031,118510,54763,3.7355919653085827,169.007613569072,0.24931931,
job_movie_info_info,movie_info.info,benchmarks/job/../../data/job/movie_info__info.csv,job-csv,fsst,LibcMemmem,static,fm,fm,prefix_japan_200,Japan:%200%,3,6674158,100000014,100000000,6674158,6674158,0,1,0,2819897528,302883953872,22196,2677138,22186305,24863443,130031,118510,54763,3.725330296345996,170.62319754520075,0.24863443,
job_movie_info_info,movie_info.info,benchmarks/job/../../data/job/movie_info__info.csv,job-csv,fsst,LibcMemmem,static,fm,fm,prefix_japan_200,Japan:%200%,4,6674158,100000014,100000000,6674158,6674158,0,1,0,2819897528,302883953872,22196,3131530,23967233,27098763,130031,118510,54763,4.060251944889528,184.3193776868593,0.27098763,
job_movie_info_info,movie_info.info,benchmarks/job/../../data/job/movie_info__info.csv,job-csv,fsst,LibcMemmem,static,full-scan,full-scan,prefix_japan_200,Japan:%200%,0,6674158,100000014,100000000,6674158,6674158,0,1,0,2819897528,0,22196,100,435408364,435408464,6674158,4439405,54763,65.23796170243497,65.23794671927155,4.35408464,
job_movie_info_info,movie_info.info,benchmarks/job/../../data/job/movie_info__info.csv,job-csv,fsst,LibcMemmem,static,full-scan,full-scan,prefix_japan_200,Japan:%200%,1,6674158,100000014,100000000,6674158,6674158,0,1,0,2819897528,0,22196,109,405008305,405008414,6674158,4439405,54763,60.68307253139647,60.68305619974834,4.05008414,
job_movie_info_info,movie_info.info,benchmarks/job/../../data/job/movie_info__info.csv,job-csv,fsst,LibcMemmem,static,full-scan,full-scan,prefix_japan_200,Japan:%200%,2,6674158,100000014,100000000,6674158,6674158,0,1,0,2819897528,0,22196,110,403218764,403218874,6674158,4439405,54763,60.41494282874334,60.41492634726358,4.03218874,
job_movie_info_info,movie_info.info,benchmarks/job/../../data/job/movie_info__info.csv,job-csv,fsst,LibcMemmem,static,full-scan,full-scan,prefix_japan_200,Japan:%200%,3,6674158,100000014,100000000,6674158,6674158,0,1,0,2819897528,0,22196,110,430680542,430680652,6674158,4439405,54763,64.52958590431932,64.52956942283956,4.30680652,
job_movie_info_info,movie_info.info,benchmarks/job/../../data/job/movie_info__info.csv,job-csv,fsst,LibcMemmem,static,full-scan,full-scan,prefix_japan_200,Japan:%200%,4,6674158,100000014,100000000,6674158,6674158,0,1,0,2819897528,0,22196,190,423239026,423239216,6674158,4439405,54763,63.414623387699244,63.414594919688746,4.23239216,
job_movie_info_info,movie_info.info,benchmarks/job/../../data/job/movie_info__info.csv,job-csv,fsst,LibcMemmem,static,prefix-btree,prefix-btree,prefix_japan_200,Japan:%200%,0,6674158,100000014,100000000,6674158,6674158,0,1,0,2819897528,2193061122,22196,2555814,26148193,28704007,130031,118510,54763,4.300768276687486,201.0919934477163,0.28704007,
job_movie_info_info,movie_info.info,benchmarks/job/../../data/job/movie_info__info.csv,job-csv,fsst,LibcMemmem,static,prefix-btree,prefix-btree,prefix_japan_200,Japan:%200%,1,6674158,100000014,100000000,6674158,6674158,0,1,0,2819897528,2193061122,22196,2328116,26448630,28776746,130031,118510,54763,4.311666879927026,203.40249632779876,0.28776746,
job_movie_info_info,movie_info.info,benchmarks/job/../../data/job/movie_info__info.csv,job-csv,fsst,LibcMemmem,static,prefix-btree,prefix-btree,prefix_japan_200,Japan:%200%,2,6674158,100000014,100000000,6674158,6674158,0,1,0,2819897528,2193061122,22196,2350655,25431351,27782006,130031,118510,54763,4.162623360130222,195.57913882074274,0.27782006,
job_movie_info_info,movie_info.info,benchmarks/job/../../data/job/movie_info__info.csv,job-csv,fsst,LibcMemmem,static,prefix-btree,prefix-btree,prefix_japan_200,Japan:%200%,3,6674158,100000014,100000000,6674158,6674158,0,1,0,2819897528,2193061122,22196,2322220,28411385,30733605,130031,118510,54763,4.604866261781636,218.49701225092477,0.30733605,
job_movie_info_info,movie_info.info,benchmarks/job/../../data/job/movie_info__info.csv,job-csv,fsst,LibcMemmem,static,prefix-btree,prefix-btree,prefix_japan_200,Japan:%200%,4,6674158,100000014,100000000,6674158,6674158,0,1,0,2819897528,2193061122,22196,2472329,26807794,29280123,130031,118510,54763,4.387088678452024,206.16463766332643,0.29280123,
job_movie_info_info,movie_info.info,benchmarks/job/../../data/job/movie_info__info.csv,job-csv,fsst,LibcMemmem,static,qgram,full-scan,prefix_japan_200,Japan:%200%,0,6674158,100000014,100000000,6674158,6674158,0,1,0,2819897528,3332496198,22196,170,425331664,425331834,6674158,4439405,54763,63.72816376238021,63.7281382910024,4.25331834,literal-shorter-than-qgram
job_movie_info_info,movie_info.info,benchmarks/job/../../data/job/movie_info__info.csv,job-csv,fsst,LibcMemmem,static,qgram,full-scan,prefix_japan_200,Japan:%200%,1,6674158,100000014,100000000,6674158,6674158,0,1,0,2819897528,3332496198,22196,130,435577065,435577195,6674158,4439405,54763,65.26324294390393,65.26322346579148,4.35577195,literal-shorter-than-qgram
job_movie_info_info,movie_info.info,benchmarks/job/../../data/job/movie_info__info.csv,job-csv,fsst,LibcMemmem,static,qgram,full-scan,prefix_japan_200,Japan:%200%,2,6674158,100000014,100000000,6674158,6674158,0,1,0,2819897528,3332496198,22196,110,429903199,429903309,6674158,4439405,54763,64.41311533230109,64.41309885082133,4.29903309,literal-shorter-than-qgram
job_movie_info_info,movie_info.info,benchmarks/job/../../data/job/movie_info__info.csv,job-csv,fsst,LibcMemmem,static,qgram,full-scan,prefix_japan_200,Japan:%200%,3,6674158,100000014,100000000,6674158,6674158,0,1,0,2819897528,3332496198,22196,110,425608541,425608651,6674158,4439405,54763,63.769639705862524,63.76962322438276,4.25608651,literal-shorter-than-qgram
job_movie_info_info,movie_info.info,benchmarks/job/../../data/job/movie_info__info.csv,job-csv,fsst,LibcMemmem,static,qgram,full-scan,prefix_japan_200,Japan:%200%,4,6674158,100000014,100000000,6674158,6674158,0,1,0,2819897528,3332496198,22196,110,434432886,434432996,6674158,4439405,54763,65.09180573789233,65.09178925641257,4.34432996,literal-shorter-than-qgram
job_movie_info_info,movie_info.info,benchmarks/job/../../data/job/movie_info__info.csv,job-csv,fsst,LibcMemmem,static,trigram,trigram,prefix_japan_200,Japan:%200%,0,6674158,100000014,100000000,6674158,6674158,0,1,0,2819897528,3591584331,22196,637061,27692269,28329330,130031,118510,54763,4.244629809483084,212.96666948650707,0.2832933,
job_movie_info_info,movie_info.info,benchmarks/job/../../data/job/movie_info__info.csv,job-csv,fsst,LibcMemmem,static,trigram,trigram,prefix_japan_200,Japan:%200%,1,6674158,100000014,100000000,6674158,6674158,0,1,0,2819897528,3591584331,22196,661787,27276145,27937932,130031,118510,54763,4.185986007523346,209.76647876275658,0.27937932,
job_movie_info_info,movie_info.info,benchmarks/job/../../data/job/movie_info__info.csv,job-csv,fsst,LibcMemmem,static,trigram,trigram,prefix_japan_200,Japan:%200%,2,6674158,100000014,100000000,6674158,6674158,0,1,0,2819897528,3591584331,22196,699679,26959574,27659253,130031,118510,54763,4.14423107753817,207.33189777822213,0.27659253,
job_movie_info_info,movie_info.info,benchmarks/job/../../data/job/movie_info__info.csv,job-csv,fsst,LibcMemmem,static,trigram,trigram,prefix_japan_200,Japan:%200%,3,6674158,100000014,100000000,6674158,6674158,0,1,0,2819897528,3591584331,22196,622786,28712108,29334894,130031,118510,54763,4.39529510688839,220.8097146065169,0.29334894,
job_movie_info_info,movie_info.info,benchmarks/job/../../data/job/movie_info__info.csv,job-csv,fsst,LibcMemmem,static,trigram,trigram,prefix_japan_200,Japan:%200%,4,6674158,100000014,100000000,6674158,6674158,0,1,0,2819897528,3591584331,22196,617662,30207956,30825618,130031,118510,54763,4.618652719938605,232.31349447439456,0.30825618,
job_movie_info_info,movie_info.info,benchmarks/job/../../data/job/movie_info__info.csv,job-csv,fsst,LibcMemmem,static,fm,fm,prefix_japan_2007,Japan:%2007%,0,6674158,100000014,100000000,6674158,6674158,0,1,0,2819897528,302883953872,190399,2705490,28906742,31612232,130031,116066,8501,4.7365123810374286,222.30654228607025,0.31612232,
job_movie_info_info,movie_info.info,benchmarks/job/../../data/job/movie_info__info.csv,job-csv,fsst,LibcMemmem,static,fm,fm,prefix_japan_2007,Japan:%2007%,1,6674158,100000014,100000000,6674158,6674158,0,1,0,2819897528,302883953872,190399,2894380,27450703,30345083,130031,116066,8501,4.546653375601836,211.1089124900985,0.30345083,
job_movie_info_info,movie_info.info,benchmarks/job/../../data/job/movie_info__info.csv,job-csv,fsst,LibcMemmem,static,fm,fm,prefix_japan_2007,Japan:%2007%,2,6674158,100000014,100000000,6674158,6674158,0,1,0,2819897528,302883953872,190399,2630215,27454796,30085011,130031,116066,8501,4.507686362834083,211.14038959940322,0.30085011,
job_movie_info_info,movie_info.info,benchmarks/job/../../data/job/movie_info__info.csv,job-csv,fsst,LibcMemmem,static,fm,fm,prefix_japan_2007,Japan:%2007%,3,6674158,100000014,100000000,6674158,6674158,0,1,0,2819897528,302883953872,190399,2599985,27960340,30560325,130031,116066,8501,4.578903436208733,215.0282624912521,0.30560325,
job_movie_info_info,movie_info.info,benchmarks/job/../../data/job/movie_info__info.csv,job-csv,fsst,LibcMemmem,static,fm,fm,prefix_japan_2007,Japan:%2007%,4,6674158,100000014,100000000,6674158,6674158,0,1,0,2819897528,302883953872,190399,2657457,29026065,31683522,130031,116066,8501,4.747193878239023,223.2241926925118,0.31683522,
job_movie_info_info,movie_info.info,benchmarks/job/../../data/job/movie_info__info.csv,job-csv,fsst,LibcMemmem,static,full-scan,full-scan,prefix_japan_2007,Japan:%2007%,0,6674158,100000014,100000000,6674158,6674158,0,1,0,2819897528,0,190399,110,397967986,397968096,6674158,3725759,8501,59.628210180220485,59.62819369874072,3.97968096,
job_movie_info_info,movie_info.info,benchmarks/job/../../data/job/movie_info__info.csv,job-csv,fsst,LibcMemmem,static,full-scan,full-scan,prefix_japan_2007,Japan:%2007%,1,6674158,100000014,100000000,6674158,6674158,0,1,0,2819897528,0,190399,100,405802784,405802884,6674158,3725759,8501,60.80210926981351,60.80209428665009,4.05802884,
job_movie_info_info,movie_info.info,benchmarks/job/../../data/job/movie_info__info.csv,job-csv,fsst,LibcMemmem,static,full-scan,full-scan,prefix_japan_2007,Japan:%2007%,2,6674158,100000014,100000000,6674158,6674158,0,1,0,2819897528,0,190399,110,394464188,394464298,6674158,3725759,8501,59.10323039999952,59.10321391851976,3.94464298,
job_movie_info_info,movie_info.info,benchmarks/job/../../data/job/movie_info__info.csv,job-csv,fsst,LibcMemmem,static,full-scan,full-scan,prefix_japan_2007,Japan:%2007%,3,6674158,100000014,100000000,6674158,6674158,0,1,0,2819897528,0,190399,120,387920790,387920910,6674158,3725759,8501,58.1228238828029,58.12280590300679,3.8792091,
job_movie_info_info,movie_info.info,benchmarks/job/../../data/job/movie_info__info.csv,job-csv,fsst,LibcMemmem,static,full-scan,full-scan,prefix_japan_2007,Japan:%2007%,4,6674158,100000014,100000000,6674158,6674158,0,1,0,2819897528,0,190399,110,396419026,396419136,6674158,3725759,8501,59.39612697212143,59.39611049064167,3.96419136,
job_movie_info_info,movie_info.info,benchmarks/job/../../data/job/movie_info__info.csv,job-csv,fsst,LibcMemmem,static,prefix-btree,prefix-btree,prefix_japan_2007,Japan:%2007%,0,6674158,100000014,100000000,6674158,6674158,0,1,0,2819897528,2193061122,190399,2718650,20853968,23572618,130031,116066,8501,3.5319238771392585,160.37689474048497,0.23572618,
job_movie_info_info,movie_info.info,benchmarks/job/../../data/job/movie_info__info.csv,job-csv,fsst,LibcMemmem,static,prefix-btree,prefix-btree,prefix_japan_2007,Japan:%2007%,1,6674158,100000014,100000000,6674158,6674158,0,1,0,2819897528,2193061122,190399,3144190,20984046,24128236,130031,116066,8501,3.615173030066115,161.37725619275403,0.24128236,
job_movie_info_info,movie_info.info,benchmarks/job/../../data/job/movie_info__info.csv,job-csv,fsst,LibcMemmem,static,prefix-btree,prefix-btree,prefix_japan_2007,Japan:%2007%,2,6674158,100000014,100000000,6674158,6674158,0,1,0,2819897528,2193061122,190399,3139276,21776631,24915907,130031,116066,8501,3.7331910632022796,167.47261037752537,0.24915907,
job_movie_info_info,movie_info.info,benchmarks/job/../../data/job/movie_info__info.csv,job-csv,fsst,LibcMemmem,static,prefix-btree,prefix-btree,prefix_japan_2007,Japan:%2007%,3,6674158,100000014,100000000,6674158,6674158,0,1,0,2819897528,2193061122,190399,2789751,21126449,23916200,130031,116066,8501,3.58340332967844,162.4724027347325,0.239162,
job_movie_info_info,movie_info.info,benchmarks/job/../../data/job/movie_info__info.csv,job-csv,fsst,LibcMemmem,static,prefix-btree,prefix-btree,prefix_japan_2007,Japan:%2007%,4,6674158,100000014,100000000,6674158,6674158,0,1,0,2819897528,2193061122,190399,2816582,20547467,23364049,130031,116066,8501,3.50067364302733,158.01975682721812,0.23364049,
job_movie_info_info,movie_info.info,benchmarks/job/../../data/job/movie_info__info.csv,job-csv,fsst,LibcMemmem,static,qgram,full-scan,prefix_japan_2007,Japan:%2007%,0,6674158,100000014,100000000,6674158,6674158,0,1,0,2819897528,3332496198,190399,110,407043537,407043647,6674158,3725759,8501,60.988014817749296,60.987998336269534,4.07043647,literal-shorter-than-qgram
job_movie_info_info,movie_info.info,benchmarks/job/../../data/job/movie_info__info.csv,job-csv,fsst,LibcMemmem,static,qgram,full-scan,prefix_japan_2007,Japan:%2007%,1,6674158,100000014,100000000,6674158,6674158,0,1,0,2819897528,3332496198,190399,109,400657250,400657359,6674158,3725759,8501,60.03114685028434,60.03113051863621,4.00657359,literal-shorter-than-qgram
job_movie_info_info,movie_info.info,benchmarks/job/../../data/job/movie_info__info.csv,job-csv,fsst,LibcMemmem,static,qgram,full-scan,prefix_japan_2007,Japan:%2007%,2,6674158,100000014,100000000,6674158,6674158,0,1,0,2819897528,3332496198,190399,110,399511323,399511433,6674158,3725759,8501,59.85945088504048,59.85943440356072,3.99511433,literal-shorter-than-qgram
job_movie_info_info,movie_info.info,benchmarks/job/../../data/job/movie_info__info.csv,job-csv,fsst,LibcMemmem,static,qgram,full-scan,prefix_japan_2007,Japan:%2007%,3,6674158,100000014,100000000,6674158,6674158,0,1,0,2819897528,3332496198,190399,109,412721436,412721545,6674158,3725759,8501,61.83874355386852,61.83872722222039,4.12721545,literal-shorter-than-qgram
job_movie_info_info,movie_info.info,benchmarks/job/../../data/job/movie_info__info.csv,job-csv,fsst,LibcMemmem,static,qgram,full-scan,prefix_japan_2007,Japan:%2007%,4,6674158,100000014,100000000,6674158,6674158,0,1,0,2819897528,3332496198,190399,109,390169354,390169463,6674158,3725759,8501,58.459728253361696,58.45971192171357,3.90169463,literal-shorter-than-qgram
job_movie_info_info,movie_info.info,benchmarks/job/../../data/job/movie_info__info.csv,job-csv,fsst,LibcMemmem,static,trigram,trigram,prefix_japan_2007,Japan:%2007%,0,6674158,100000014,100000000,6674158,6674158,0,1,0,2819897528,3591584331,190399,2869910,19772665,22642575,130031,116066,8501,3.3925740145798167,152.06116233821166,0.22642575,
job_movie_info_info,movie_info.info,benchmarks/job/../../data/job/movie_info__info.csv,job-csv,fsst,LibcMemmem,static,trigram,trigram,prefix_japan_2007,Japan:%2007%,1,6674158,100000014,100000000,6674158,6674158,0,1,0,2819897528,3591584331,190399,1804947,19291766,21096713,130031,116066,8501,3.1609549848834866,148.3628211734125,0.21096713,
job_movie_info_info,movie_info.info,benchmarks/job/../../data/job/movie_info__info.csv,job-csv,fsst,LibcMemmem,static,trigram,trigram,prefix_japan_2007,Japan:%2007%,2,6674158,100000014,100000000,6674158,6674158,0,1,0,2819897528,3591584331,190399,2011662,19046786,21058448,130031,116066,8501,3.1552216774011046,146.4788088994163,0.21058448,
job_movie_info_info,movie_info.info,benchmarks/job/../../data/job/movie_info__info.csv,job-csv,fsst,LibcMemmem,static,trigram,trigram,prefix_japan_2007,Japan:%2007%,3,6674158,100000014,100000000,6674158,6674158,0,1,0,2819897528,3591584331,190399,1876658,19030168,20906826,130031,116066,8501,3.132503905361545,146.3510086056402,0.20906826,
job_movie_info_info,movie_info.info,benchmarks/job/../../data/job/movie_info__info.csv,job-csv,fsst,LibcMemmem,static,trigram,trigram,prefix_japan_2007,Japan:%2007%,4,6674158,100000014,100000000,6674158,6674158,0,1,0,2819897528,3591584331,190399,2669291,20080501,22749792,130031,116066,8501,3.408638512903051,154.42856703401497,0.22749792,
job_movie_info_info,movie_info.info,benchmarks/job/../../data/job/movie_info__info.csv,job-csv,fsst,LibcMemmem,static,fm,fm,prefix_japan_201,Japan:%201%,0,6674158,100000014,100000000,6674158,6674158,0,1,0,2819897528,302883953872,1458294,4239722,20864723,25104445,130031,118510,23878,3.761440019849695,160.4596057863125,0.25104445,
job_movie_info_info,movie_info.info,benchmarks/job/../../data/job/movie_info__info.csv,job-csv,fsst,LibcMemmem,static,fm,fm,prefix_japan_201,Japan:%201%,1,6674158,100000014,100000000,6674158,6674158,0,1,0,2819897528,302883953872,1458294,3950602,20523513,24474115,130031,118510,23878,3.666996645869037,157.83553921757118,0.24474115,
job_movie_info_info,movie_info.info,benchmarks/job/../../data/job/movie_info__info.csv,job-csv,fsst,LibcMemmem,static,fm,fm,prefix_japan_201,Japan:%201%,2,6674158,100000014,100000000,6674158,6674158,0,1,0,2819897528,302883953872,1458294,4045612,19985490,24031102,130031,118510,23878,3.600619284110445,153.69788742684437,0.24031102,
job_movie_info_info,movie_info.info,benchmarks/job/../../data/job/movie_info__info.csv,job-csv,fsst,LibcMemmem,static,fm,fm,prefix_japan_201,Japan:%201%,3,6674158,100000014,100000000,6674158,6674158,0,1,0,2819897528,302883953872,1458294,4060533,20397054,24457587,130031,118510,23878,3.6645202286191005,156.86300959002085,0.24457587,
job_movie_info_info,movie_info.info,benchmarks/job/../../data/job/movie_info__info.csv,job-csv,fsst,LibcMemmem,static,fm,fm,prefix_japan_201,Japan:%201%,4,6674158,100000014,100000000,6674158,6674158,0,1,0,2819897528,302883953872,1458294,3987867,20496054,24483921,130031,118510,23878,3.6684658948739304,157.62436649721988,0.24483921,
job_movie_info_info,movie_info.info,benchmarks/job/../../data/job/movie_info__info.csv,job-csv,fsst,LibcMemmem,static,full-scan,full-scan,prefix_japan_201,Japan:%201%,0,6674158,100000014,100000000,6674158,6674158,0,1,0,2819897528,0,1458294,110,447625819,447625929,6674158,4439405,23878,67.06852444907658,67.06850796759682,4.47625929,
job_movie_info_info,movie_info.info,benchmarks/job/../../data/job/movie_info__info.csv,job-csv,fsst,LibcMemmem,static,full-scan,full-scan,prefix_japan_201,Japan:%201%,1,6674158,100000014,100000000,6674158,6674158,0,1,0,2819897528,0,1458294,110,447009387,447009497,6674158,4439405,23878,66.97616343514792,66.97614695366816,4.47009497,
job_movie_info_info,movie_info.info,benchmarks/job/../../data/job/movie_info__info.csv,job-csv,fsst,LibcMemmem,static,full-scan,full-scan,prefix_japan_201,Japan:%201%,2,6674158,100000014,100000000,6674158,6674158,0,1,0,2819897528,0,1458294,120,446214109,446214229,6674158,4439405,23878,66.8570071310868,66.85698915129069,4.46214229,
job_movie_info_info,movie_info.info,benchmarks/job/../../data/job/movie_info__info.csv,job-csv,fsst,LibcMemmem,static,full-scan,full-scan,prefix_japan_201,Japan:%201%,3,6674158,100000014,100000000,6674158,6674158,0,1,0,2819897528,0,1458294,110,438512313,438512423,6674158,4439405,23878,65.70303295187198,65.70301647039221,4.38512423,
job_movie_info_info,movie_info.info,benchmarks/job/../../data/job/movie_info__info.csv,job-csv,fsst,LibcMemmem,static,full-scan,full-scan,prefix_japan_201,Japan:%201%,4,6674158,100000014,100000000,6674158,6674158,0,1,0,2819897528,0,1458294,109,444431962,444432071,6674158,4439405,23878,66.58998348555728,66.58996715390916,4.44432071,
job_movie_info_info,movie_info.info,benchmarks/job/../../data/job/movie_info__info.csv,job-csv,fsst,LibcMemmem,static,prefix-btree,prefix-btree,prefix_japan_201,Japan:%201%,0,6674158,100000014,100000000,6674158,6674158,0,1,0,2819897528,2193061122,1458294,4946934,19976091,24923025,130031,118510,23878,3.734257564774463,153.6256046635033,0.24923025,
job_movie_info_info,movie_info.info,benchmarks/job/../../data/job/movie_info__info.csv,job-csv,fsst,LibcMemmem,static,prefix-btree,prefix-btree,prefix_japan_201,Japan:%201%,1,6674158,100000014,100000000,6674158,6674158,0,1,0,2819897528,2193061122,1458294,3867975,20677784,24545759,130031,118510,23878,3.6777311834691355,159.0219563027278,0.24545759,
job_movie_info_info,movie_info.info,benchmarks/job/../../data/job/movie_info__info.csv,job-csv,fsst,LibcMemmem,static,prefix-btree,prefix-btree,prefix_japan_201,Japan:%201%,2,6674158,100000014,100000000,6674158,6674158,0,1,0,2819897528,2193061122,1458294,3516399,21158108,24674507,130031,118510,23878,3.697021706708172,162.71587544508617,0.24674507,
job_movie_info_info,movie_info.info,benchmarks/job/../../data/job/movie_info__info.csv,job-csv,fsst,LibcMemmem,static,prefix-btree,prefix-btree,prefix_japan_201,Japan:%201%,3,6674158,100000014,100000000,6674158,6674158,0,1,0,2819897528,2193061122,1458294,3738706,20965927,24704633,130031,118510,23878,3.70153553451986,161.23791249778898,0.24704633,
job_movie_info_info,movie_info.info,benchmarks/job/../../data/job/movie_info__info.csv,job-csv,fsst,LibcMemmem,static,prefix-btree,prefix-btree,prefix_japan_201,Japan:%201%,4,6674158,100000014,100000000,6674158,6674158,0,1,0,2819897528,2193061122,1458294,3839167,22335669,26174836,130031,118510,23878,3.921818452604808,171.77187747537127,0.26174836,
job_movie_info_info,movie_info.info,benchmarks/job/../../data/job/movie_info__info.csv,job-csv,fsst,LibcMemmem,static,qgram,full-scan,prefix_japan_201,Japan:%201%,0,6674158,100000014,100000000,6674158,6674158,0,1,0,2819897528,3332496198,1458294,109,447409894,447410003,6674158,4439405,23878,67.0361719036319,67.03615557198376,4.47410003,literal-shorter-than-qgram
job_movie_info_info,movie_info.info,benchmarks/job/../../data/job/movie_info__info.csv,job-csv,fsst,LibcMemmem,static,qgram,full-scan,prefix_japan_201,Japan:%201%,1,6674158,100000014,100000000,6674158,6674158,0,1,0,2819897528,3332496198,1458294,120,467100458,467100578,6674158,4439405,23878,69.98644293407499,69.98642495427887,4.67100578,literal-shorter-than-qgram
job_movie_info_info,movie_info.info,benchmarks/job/../../data/job/movie_info__info.csv,job-csv,fsst,LibcMemmem,static,qgram,full-scan,prefix_japan_201,Japan:%201%,2,6674158,100000014,100000000,6674158,6674158,0,1,0,2819897528,3332496198,1458294,120,445137808,445137928,6674158,4439405,23878,66.6957431933736,66.6957252135775,4.45137928,literal-shorter-than-qgram
job_movie_info_info,movie_info.info,benchmarks/job/../../data/job/movie_info__info.csv,job-csv,fsst,LibcMemmem,static,qgram,full-scan,prefix_japan_201,Japan:%201%,3,6674158,100000014,100000000,6674158,6674158,0,1,0,2819897528,3332496198,1458294,110,454940878,454940988,6674158,4439405,23878,68.16455169326228,68.16453521178252,4.54940988,literal-shorter-than-qgram
job_movie_info_info,movie_info.info,benchmarks/job/../../data/job/movie_info__info.csv,job-csv,fsst,LibcMemmem,static,qgram,full-scan,prefix_japan_201,Japan:%201%,4,6674158,100000014,100000000,6674158,6674158,0,1,0,2819897528,3332496198,1458294,110,452257172,452257282,6674158,4439405,23878,67.76244763758964,67.76243115610988,4.52257282,literal-shorter-than-qgram
job_movie_info_info,movie_info.info,benchmarks/job/../../data/job/movie_info__info.csv,job-csv,fsst,LibcMemmem,static,trigram,trigram,prefix_japan_201,Japan:%201%,0,6674158,100000014,100000000,6674158,6674158,0,1,0,2819897528,3591584331,1458294,2154106,20302795,22456901,130031,118510,23878,3.3647541757327293,156.13811321915543,0.22456901,
job_movie_info_info,movie_info.info,benchmarks/job/../../data/job/movie_info__info.csv,job-csv,fsst,LibcMemmem,static,trigram,trigram,prefix_japan_201,Japan:%201%,1,6674158,100000014,100000000,6674158,6674158,0,1,0,2819897528,3591584331,1458294,1952466,20681910,22634376,130031,118510,23878,3.391345545011071,159.05368719766824,0.22634376,
job_movie_info_info,movie_info.info,benchmarks/job/../../data/job/movie_info__info.csv,job-csv,fsst,LibcMemmem,static,trigram,trigram,prefix_japan_201,Japan:%201%,2,6674158,100000014,100000000,6674158,6674158,0,1,0,2819897528,3591584331,1458294,2046719,20919049,22965768,130031,118510,23878,3.440998549929444,160.8773984665195,0.22965768,
job_movie_info_info,movie_info.info,benchmarks/job/../../data/job/movie_info__info.csv,job-csv,fsst,LibcMemmem,static,trigram,trigram,prefix_japan_201,Japan:%201%,3,6674158,100000014,100000000,6674158,6674158,0,1,0,2819897528,3591584331,1458294,2003871,21205559,23209430,130031,118510,23878,3.477506825580096,163.08079611784882,0.2320943,
job_movie_info_info,movie_info.info,benchmarks/job/../../data/job/movie_info__info.csv,job-csv,fsst,LibcMemmem,static,trigram,trigram,prefix_japan_201,Japan:%201%,4,6674158,100000014,100000000,6674158,6674158,0,1,0,2819897528,3591584331,1458294,2058447,20588863,22647310,130031,118510,23878,3.393283467367719,158.33811168106067,0.2264731,
job_movie_info_info,movie_info.info,benchmarks/job/../../data/job/movie_info__info.csv,job-csv,fsst,LibcMemmem,static,fm,fm,prefix_usa_space_199,USA:% 199%,0,6674158,100000014,100000000,6674158,6674158,0,1,0,2819897528,302883953872,1567834,6139505,34014546,40154051,263414,263414,78136,6.016347080785321,129.1296058675697,0.40154051,
job_movie_info_info,movie_info.info,benchmarks/job/../../data/job/movie_info__info.csv,job-csv,fsst,LibcMemmem,static,fm,fm,prefix_usa_space_199,USA:% 199%,1,6674158,100000014,100000000,6674158,6674158,0,1,0,2819897528,302883953872,1567834,7488588,33390132,40878720,263414,263414,78136,6.124925421304081,126.75913960533609,0.4087872,
job_movie_info_info,movie_info.info,benchmarks/job/../../data/job/movie_info__info.csv,job-csv,fsst,LibcMemmem,static,fm,fm,prefix_usa_space_199,USA:% 199%,2,6674158,100000014,100000000,6674158,6674158,0,1,0,2819897528,302883953872,1567834,5539409,31806685,37346094,263414,263414,78136,5.595626294732609,120.74789115233055,0.37346094,
job_movie_info_info,movie_info.info,benchmarks/job/../../data/job/movie_info__info.csv,job-csv,fsst,LibcMemmem,static,fm,fm,prefix_usa_space_199,USA:% 199%,3,6674158,100000014,100000000,6674158,6674158,0,1,0,2819897528,302883953872,1567834,5342584,33131061,38473645,263414,263414,78136,5.764569103698174,125.77562695984268,0.38473645,
job_movie_info_info,movie_info.info,benchmarks/job/../../data/job/movie_info__info.csv,job-csv,fsst,LibcMemmem,static,fm,fm,prefix_usa_space_199,USA:% 199%,4,6674158,100000014,100000000,6674158,6674158,0,1,0,2819897528,302883953872,1567834,5872353,32843265,38715618,263414,263414,78136,5.800824313718675,124.6830654407131,0.38715618,
job_movie_info_info,movie_info.info,benchmarks/job/../../data/job/movie_info__info.csv,job-csv,fsst,LibcMemmem,static,full-scan,full-scan,prefix_usa_space_199,USA:% 199%,0,6674158,100000014,100000000,6674158,6674158,0,1,0,2819897528,0,1567834,109,482160614,482160723,6674158,4607775,78136,72.24292907060337,72.24291273895524,4.82160723,
job_movie_info_info,movie_info.info,benchmarks/job/../../data/job/movie_info__info.csv,job-csv,fsst,LibcMemmem,static,full-scan,full-scan,prefix_usa_space_199,USA:% 199%,1,6674158,100000014,100000000,6674158,6674158,0,1,0,2819897528,0,1567834,110,488196011,488196121,6674158,4607775,78136,73.14722261594646,73.1472061344667,4.88196121,
job_movie_info_info,movie_info.info,benchmarks/job/../../data/job/movie_info__info.csv,job-csv,fsst,LibcMemmem,static,full-scan,full-scan,prefix_usa_space_199,USA:% 199%,2,6674158,100000014,100000000,6674158,6674158,0,1,0,2819897528,0,1567834,110,497211726,497211836,6674158,4607775,78136,74.49806192781172,74.49804544633196,4.97211836,
job_movie_info_info,movie_info.info,benchmarks/job/../../data/job/movie_info__info.csv,job-csv,fsst,LibcMemmem,static,full-scan,full-scan,prefix_usa_space_199,USA:% 199%,3,6674158,100000014,100000000,6674158,6674158,0,1,0,2819897528,0,1567834,99,485346255,485346354,6674158,4607775,78136,72.72023736926815,72.72022253593637,4.85346354,
job_movie_info_info,movie_info.info,benchmarks/job/../../data/job/movie_info__info.csv,job-csv,fsst,LibcMemmem,static,full-scan,full-scan,prefix_usa_space_199,USA:% 199%,4,6674158,100000014,100000000,6674158,6674158,0,1,0,2819897528,0,1567834,120,506121546,506121666,6674158,4607775,78136,75.83303631709049,75.83301833729438,5.06121666,
job_movie_info_info,movie_info.info,benchmarks/job/../../data/job/movie_info__info.csv,job-csv,fsst,LibcMemmem,static,prefix-btree,prefix-btree,prefix_usa_space_199,USA:% 199%,0,6674158,100000014,100000000,6674158,6674158,0,1,0,2819897528,2193061122,1567834,17313886,140150371,157464257,935876,819018,78136,23.593126953242642,149.75314144181493,1.57464257,
job_movie_info_info,movie_info.info,benchmarks/job/../../data/job/movie_info__info.csv,job-csv,fsst,LibcMemmem,static,prefix-btree,prefix-btree,prefix_usa_space_199,USA:% 199%,1,6674158,100000014,100000000,6674158,6674158,0,1,0,2819897528,2193061122,1567834,15174975,140526433,155701408,935876,819018,78136,23.328996406737748,150.1549703165804,1.55701408,
job_movie_info_info,movie_info.info,benchmarks/job/../../data/job/movie_info__info.csv,job-csv,fsst,LibcMemmem,static,prefix-btree,prefix-btree,prefix_usa_space_199,USA:% 199%,2,6674158,100000014,100000000,6674158,6674158,0,1,0,2819897528,2193061122,1567834,17753413,139348774,157102187,935876,819018,78136,23.538877413450507,148.89662091986546,1.57102187,
job_movie_info_info,movie_info.info,benchmarks/job/../../data/job/movie_info__info.csv,job-csv,fsst,LibcMemmem,static,prefix-btree,prefix-btree,prefix_usa_space_199,USA:% 199%,3,6674158,100000014,100000000,6674158,6674158,0,1,0,2819897528,2193061122,1567834,15106518,144145308,159251826,935876,819018,78136,23.860961337744776,154.02180203360274,1.59251826,
job_movie_info_info,movie_info.info,benchmarks/job/../../data/job/movie_info__info.csv,job-csv,fsst,LibcMemmem,static,prefix-btree,prefix-btree,prefix_usa_space_199,USA:% 199%,4,6674158,100000014,100000000,6674158,6674158,0,1,0,2819897528,2193061122,1567834,16871863,133894762,150766625,935876,819018,78136,22.589609805461603,143.06891297565062,1.50766625,
job_movie_info_info,movie_info.info,benchmarks/job/../../data/job/movie_info__info.csv,job-csv,fsst,LibcMemmem,static,qgram,full-scan,prefix_usa_space_199,USA:% 199%,0,6674158,100000014,100000000,6674158,6674158,0,1,0,2819897528,3332496198,1567834,110,505793621,505793731,6674158,4607775,78136,75.78390128013152,75.78388479865175,5.05793731,literal-shorter-than-qgram
job_movie_info_info,movie_info.info,benchmarks/job/../../data/job/movie_info__info.csv,job-csv,fsst,LibcMemmem,static,qgram,full-scan,prefix_usa_space_199,USA:% 199%,1,6674158,100000014,100000000,6674158,6674158,0,1,0,2819897528,3332496198,1567834,109,484924277,484924386,6674158,4607775,78136,72.65701321425115,72.65699688260302,4.84924386,literal-shorter-than-qgram
job_movie_info_info,movie_info.info,benchmarks/job/../../data/job/movie_info__info.csv,job-csv,fsst,LibcMemmem,static,qgram,full-scan,prefix_usa_space_199,USA:% 199%,2,6674158,100000014,100000000,6674158,6674158,0,1,0,2819897528,3332496198,1567834,110,489740462,489740572,6674158,4607775,78136,73.37863023320695,73.37861375172719,4.89740572,literal-shorter-than-qgram
job_movie_info_info,movie_info.info,benchmarks/job/../../data/job/movie_info__info.csv,job-csv,fsst,LibcMemmem,static,qgram,full-scan,prefix_usa_space_199,USA:% 199%,3,6674158,100000014,100000000,6674158,6674158,0,1,0,2819897528,3332496198,1567834,149,478118623,478118772,6674158,4607775,78136,71.63731694694671,71.63729462203322,4.78118772,literal-shorter-than-qgram
job_movie_info_info,movie_info.info,benchmarks/job/../../data/job/movie_info__info.csv,job-csv,fsst,LibcMemmem,static,qgram,full-scan,prefix_usa_space_199,USA:% 199%,4,6674158,100000014,100000000,6674158,6674158,0,1,0,2819897528,3332496198,1567834,109,520463382,520463491,6674158,4607775,78136,77.9818953941456,77.98187906249747,5.20463491,literal-shorter-than-qgram
job_movie_info_info,movie_info.info,benchmarks/job/../../data/job/movie_info__info.csv,job-csv,fsst,LibcMemmem,static,trigram,trigram,prefix_usa_space_199,USA:% 199%,0,6674158,100000014,100000000,6674158,6674158,0,1,0,2819897528,3591584331,1567834,1114439,32675898,33790337,263414,263414,78136,5.062861412630627,124.04768918888138,0.33790337,
job_movie_info_info,movie_info.info,benchmarks/job/../../data/job/movie_info__info.csv,job-csv,fsst,LibcMemmem,static,trigram,trigram,prefix_usa_space_199,USA:% 199%,1,6674158,100000014,100000000,6674158,6674158,0,1,0,2819897528,3591584331,1567834,1162212,33543102,34705314,263414,263414,78136,5.199953911789322,127.33986044781219,0.34705314,
job_movie_info_info,movie_info.info,benchmarks/job/../../data/job/movie_info__info.csv,job-csv,fsst,LibcMemmem,static,trigram,trigram,prefix_usa_space_199,USA:% 199%,2,6674158,100000014,100000000,6674158,6674158,0,1,0,2819897528,3591584331,1567834,1144257,32385584,33529841,263414,263414,78136,5.023830871249976,122.94556857266508,0.33529841,
job_movie_info_info,movie_info.info,benchmarks/job/../../data/job/movie_info__info.csv,job-csv,fsst,LibcMemmem,static,trigram,trigram,prefix_usa_space_199,USA:% 199%,3,6674158,100000014,100000000,6674158,6674158,0,1,0,2819897528,3591584331,1567834,1189434,31471594,32661028,263414,263414,78136,4.893655199652151,119.47578336762662,0.32661028,
job_movie_info_info,movie_info.info,benchmarks/job/../../data/job/movie_info__info.csv,job-csv,fsst,LibcMemmem,static,trigram,trigram,prefix_usa_space_199,USA:% 199%,4,6674158,100000014,100000000,6674158,6674158,0,1,0,2819897528,3591584331,1567834,1076133,31027746,32103879,263414,263414,78136,4.810176654493346,117.79080079266858,0.32103879,
job_movie_info_info,movie_info.info,benchmarks/job/../../data/job/movie_info__info.csv,job-csv,fsst,LibcMemmem,static,fm,fm,prefix_usa_space_200,USA:% 200%,0,6674158,100000014,100000000,6674158,6674158,0,1,0,2819897528,302883953872,6061,19575763,129040669,148616432,885461,885461,268914,22.26744287444199,145.73275276946134,1.48616432,
job_movie_info_info,movie_info.info,benchmarks/job/../../data/job/movie_info__info.csv,job-csv,fsst,LibcMemmem,static,fm,fm,prefix_usa_space_200,USA:% 200%,1,6674158,100000014,100000000,6674158,6674158,0,1,0,2819897528,302883953872,6061,19575076,128698528,148273604,885461,885461,268914,22.21607639495499,145.34635404608446,1.48273604,
job_movie_info_info,movie_info.info,benchmarks/job/../../data/job/movie_info__info.csv,job-csv,fsst,LibcMemmem,static,fm,fm,prefix_usa_space_200,USA:% 200%,2,6674158,100000014,100000000,6674158,6674158,0,1,0,2819897528,302883953872,6061,19546973,128109710,147656683,885461,885461,268914,22.12364211335722,144.681369365788,1.47656683,
job_movie_info_info,movie_info.info,benchmarks/job/../../data/job/movie_info__info.csv,job-csv,fsst,LibcMemmem,static,fm,fm,prefix_usa_space_200,USA:% 200%,3,6674158,100000014,100000000,6674158,6674158,0,1,0,2819897528,302883953872,6061,20435947,126585249,147021196,885461,885461,268914,22.02842605763903,142.9597113819807,1.47021196,
job_movie_info_info,movie_info.info,benchmarks/job/../../data/job/movie_info__info.csv,job-csv,fsst,LibcMemmem,static,fm,fm,prefix_usa_space_200,USA:% 200%,4,6674158,100000014,100000000,6674158,6674158,0,1,0,2819897528,302883953872,6061,20295414,126505653,146801067,885461,885461,268914,21.995443769835834,142.8698192241104,1.46801067,
job_movie_info_info,movie_info.info,benchmarks/job/../../data/job/movie_info__info.csv,job-csv,fsst,LibcMemmem,static,full-scan,full-scan,prefix_usa_space_200,USA:% 200%,0,6674158,100000014,100000000,6674158,6674158,0,1,0,2819897528,0,6061,132,525525398,525525530,6674158,4607775,268914,78.74034896986257,78.74032919208685,5.2552553,
job_movie_info_info,movie_info.info,benchmarks/job/../../data/job/movie_info__info.csv,job-csv,fsst,LibcMemmem,static,full-scan,full-scan,prefix_usa_space_200,USA:% 200%,1,6674158,100000014,100000000,6674158,6674158,0,1,0,2819897528,0,6061,112,501007622,501007734,6674158,4607775,268914,75.06680752838037,75.06679074723733,5.01007734,
job_movie_info_info,movie_info.info,benchmarks/job/../../data/job/movie_info__info.csv,job-csv,fsst,LibcMemmem,static,full-scan,full-scan,prefix_usa_space_200,USA:% 200%,2,6674158,100000014,100000000,6674158,6674158,0,1,0,2819897528,0,6061,140,482863017,482863157,6674158,4607775,268914,72.34817590473585,72.34815492830707,4.82863157,
job_movie_info_info,movie_info.info,benchmarks/job/../../data/job/movie_info__info.csv,job-csv,fsst,LibcMemmem,static,full-scan,full-scan,prefix_usa_space_200,USA:% 200%,3,6674158,100000014,100000000,6674158,6674158,0,1,0,2819897528,0,6061,110,497688614,497688724,6674158,4607775,268914,74.56951483617858,74.56949835469882,4.97688724,
job_movie_info_info,movie_info.info,benchmarks/job/../../data/job/movie_info__info.csv,job-csv,fsst,LibcMemmem,static,full-scan,full-scan,prefix_usa_space_200,USA:% 200%,4,6674158,100000014,100000000,6674158,6674158,0,1,0,2819897528,0,6061,110,505143921,505144031,6674158,4607775,268914,75.68655566739655,75.68653918591679,5.05144031,
job_movie_info_info,movie_info.info,benchmarks/job/../../data/job/movie_info__info.csv,job-csv,fsst,LibcMemmem,static,prefix-btree,prefix-btree,prefix_usa_space_200,USA:% 200%,0,6674158,100000014,100000000,6674158,6674158,0,1,0,2819897528,2193061122,6061,14722147,111700612,126422759,935876,819018,268914,18.942128580114524,119.35407254807261,1.26422759,
job_movie_info_info,movie_info.info,benchmarks/job/../../data/job/movie_info__info.csv,job-csv,fsst,LibcMemmem,static,prefix-btree,prefix-btree,prefix_usa_space_200,USA:% 200%,1,6674158,100000014,100000000,6674158,6674158,0,1,0,2819897528,2193061122,6061,14292002,111326011,125618013,935876,819018,268914,18.82155217182452,118.953804777556,1.25618013,
job_movie_info_info,movie_info.info,benchmarks/job/../../data/job/movie_info__info.csv,job-csv,fsst,LibcMemmem,static,prefix-btree,prefix-btree,prefix_usa_space_200,USA:% 200%,2,6674158,100000014,100000000,6674158,6674158,0,1,0,2819897528,2193061122,6061,14240141,109833872,124074013,935876,819018,268914,18.59021212863106,117.35942795840475,1.24074013,
job_movie_info_info,movie_info.info,benchmarks/job/../../data/job/movie_info__info.csv,job-csv,fsst,LibcMemmem,static,prefix-btree,prefix-btree,prefix_usa_space_200,USA:% 200%,3,6674158,100000014,100000000,6674158,6674158,0,1,0,2819897528,2193061122,6061,14271827,114059623,128331450,935876,819018,268914,19.228110871813342,121.87471737708842,1.2833145,
job_movie_info_info,movie_info.info,benchmarks/job/../../data/job/movie_info__info.csv,job-csv,fsst,LibcMemmem,static,prefix-btree,prefix-btree,prefix_usa_space_200,USA:% 200%,4,6674158,100000014,100000000,6674158,6674158,0,1,0,2819897528,2193061122,6061,15768129,114853047,130621176,935876,819018,268914,19.57118426024676,122.72250490449589,1.30621176,
job_movie_info_info,movie_info.info,benchmarks/job/../../data/job/movie_info__info.csv,job-csv,fsst,LibcMemmem,static,qgram,full-scan,prefix_usa_space_200,USA:% 200%,0,6674158,100000014,100000000,6674158,6674158,0,1,0,2819897528,3332496198,6061,100,505825388,505825488,6674158,4607775,268914,75.78865948333858,75.78864450017515,5.05825488,literal-shorter-than-qgram
job_movie_info_info,movie_info.info,benchmarks/job/../../data/job/movie_info__info.csv,job-csv,fsst,LibcMemmem,static,qgram,full-scan,prefix_usa_space_200,USA:% 200%,1,6674158,100000014,100000000,6674158,6674158,0,1,0,2819897528,3332496198,6061,100,493277242,493277342,6674158,4607775,268914,73.9085502620705,73.9085352789071,4.93277342,literal-shorter-than-qgram
job_movie_info_info,movie_info.info,benchmarks/job/../../data/job/movie_info__info.csv,job-csv,fsst,LibcMemmem,static,qgram,full-scan,prefix_usa_space_200,USA:% 200%,2,6674158,100000014,100000000,6674158,6674158,0,1,0,2819897528,3332496198,6061,120,493225615,493225735,6674158,4607775,268914,73.90081790092474,73.90079992112862,4.93225735,literal-shorter-than-qgram
job_movie_info_info,movie_info.info,benchmarks/job/../../data/job/movie_info__info.csv,job-csv,fsst,LibcMemmem,static,qgram,full-scan,prefix_usa_space_200,USA:% 200%,3,6674158,100000014,100000000,6674158,6674158,0,1,0,2819897528,3332496198,6061,100,493560232,493560332,6674158,4607775,268914,73.9509511162307,73.95093613306727,4.93560332,literal-shorter-than-qgram
job_movie_info_info,movie_info.info,benchmarks/job/../../data/job/movie_info__info.csv,job-csv,fsst,LibcMemmem,static,qgram,full-scan,prefix_usa_space_200,USA:% 200%,4,6674158,100000014,100000000,6674158,6674158,0,1,0,2819897528,3332496198,6061,110,498424638,498424748,6674158,4607775,268914,74.6797945149036,74.67977803342384,4.98424748,literal-shorter-than-qgram
job_movie_info_info,movie_info.info,benchmarks/job/../../data/job/movie_info__info.csv,job-csv,fsst,LibcMemmem,static,trigram,trigram,prefix_usa_space_200,USA:% 200%,0,6674158,100000014,100000000,6674158,6674158,0,1,0,2819897528,3591584331,6061,3146322,130454929,133601251,885461,885461,268914,20.017693767513446,147.32995467897513,1.33601251,
job_movie_info_info,movie_info.info,benchmarks/job/../../data/job/movie_info__info.csv,job-csv,fsst,LibcMemmem,static,trigram,trigram,prefix_usa_space_200,USA:% 200%,1,6674158,100000014,100000000,6674158,6674158,0,1,0,2819897528,3591584331,6061,3023912,122957465,125981377,885461,885461,268914,18.875995593751302,138.8626545946123,1.25981377,
job_movie_info_info,movie_info.info,benchmarks/job/../../data/job/movie_info__info.csv,job-csv,fsst,LibcMemmem,static,trigram,trigram,prefix_usa_space_200,USA:% 200%,2,6674158,100000014,100000000,6674158,6674158,0,1,0,2819897528,3591584331,6061,3139801,122312773,125452574,885461,885461,268914,18.796764176095323,138.13456832090856,1.25452574,
job_movie_info_info,movie_info.info,benchmarks/job/../../data/job/movie_info__info.csv,job-csv,fsst,LibcMemmem,static,trigram,trigram,prefix_usa_space_200,USA:% 200%,3,6674158,100000014,100000000,6674158,6674158,0,1,0,2819897528,3591584331,6061,3460117,125415069,128875186,885461,885461,268914,19.309579725262722,141.63816249388736,1.28875186,
job_movie_info_info,movie_info.info,benchmarks/job/../../data/job/movie_info__info.csv,job-csv,fsst,LibcMemmem,static,trigram,trigram,prefix_usa_space_200,USA:% 200%,4,6674158,100000014,100000000,6674158,6674158,0,1,0,2819897528,3591584331,6061,2946261,130243773,133190034,885461,885461,268914,19.956080452395643,147.09148454872658,1.33190034,
job_movie_info_info,movie_info.info,benchmarks/job/../../data/job/movie_info__info.csv,job-csv,fsst,LibcMemmem,static,fm,fm,prefix_usa_200,USA:%200%,0,6674158,100000014,100000000,6674158,6674158,0,1,0,2819897528,302883953872,291480,22276352,117149147,139425499,935876,833915,294734,20.890350363296765,125.17592822126008,1.39425499,
job_movie_info_info,movie_info.info,benchmarks/job/../../data/job/movie_info__info.csv,job-csv,fsst,LibcMemmem,static,fm,fm,prefix_usa_200,USA:%200%,1,6674158,100000014,100000000,6674158,6674158,0,1,0,2819897528,302883953872,291480,20861253,116867700,137728953,935876,833915,294734,20.636154103633746,124.87519714150166,1.37728953,
job_movie_info_info,movie_info.info,benchmarks/job/../../data/job/movie_info__info.csv,job-csv,fsst,LibcMemmem,static,fm,fm,prefix_usa_200,USA:%200%,2,6674158,100000014,100000000,6674158,6674158,0,1,0,2819897528,302883953872,291480,21538313,116196097,137734410,935876,833915,294734,20.636971734861536,124.15757749958328,1.3773441,
job_movie_info_info,movie_info.info,benchmarks/job/../../data/job/movie_info__info.csv,job-csv,fsst,LibcMemmem,static,fm,fm,prefix_usa_200,USA:%200%,3,6674158,100000014,100000000,6674158,6674158,0,1,0,2819897528,302883953872,291480,21103976,117790336,138894312,935876,833915,294734,20.81076174702487,125.86104996815817,1.38894312,
job_movie_info_info,movie_info.info,benchmarks/job/../../data/job/movie_info__info.csv,job-csv,fsst,LibcMemmem,static,fm,fm,prefix_usa_200,USA:%200%,4,6674158,100000014,100000000,6674158,6674158,0,1,0,2819897528,302883953872,291480,32490416,116841333,149331749,935876,833915,294734,22.37461998951778,124.84702353730623,1.49331749,
job_movie_info_info,movie_info.info,benchmarks/job/../../data/job/movie_info__info.csv,job-csv,fsst,LibcMemmem,static,full-scan,full-scan,prefix_usa_200,USA:%200%,0,6674158,100000014,100000000,6674158,6674158,0,1,0,2819897528,0,291480,122,536910874,536910996,6674158,5402091,294734,80.44625194668751,80.44623366722814,5.36910996,
job_movie_info_info,movie_info.info,benchmarks/job/../../data/job/movie_info__info.csv,job-csv,fsst,LibcMemmem,static,full-scan,full-scan,prefix_usa_200,USA:%200%,1,6674158,100000014,100000000,6674158,6674158,0,1,0,2819897528,0,291480,111,541457695,541457806,6674158,5402091,294734,81.12750791935103,81.12749128803964,5.41457806,
job_movie_info_info,movie_info.info,benchmarks/job/../../data/job/movie_info__info.csv,job-csv,fsst,LibcMemmem,static,full-scan,full-scan,prefix_usa_200,USA:%200%,2,6674158,100000014,100000000,6674158,6674158,0,1,0,2819897528,0,291480,111,539466816,539466927,6674158,5402091,294734,80.82921126530118,80.82919463398979,5.39466927,
job_movie_info_info,movie_info.info,benchmarks/job/../../data/job/movie_info__info.csv,job-csv,fsst,LibcMemmem,static,full-scan,full-scan,prefix_usa_200,USA:%200%,3,6674158,100000014,100000000,6674158,6674158,0,1,0,2819897528,0,291480,141,566276994,566277135,6674158,5402091,294734,84.84622854298625,84.84620741672583,5.66277135,
job_movie_info_info,movie_info.info,benchmarks/job/../../data/job/movie_info__info.csv,job-csv,fsst,LibcMemmem,static,full-scan,full-scan,prefix_usa_200,USA:%200%,4,6674158,100000014,100000000,6674158,6674158,0,1,0,2819897528,0,291480,121,535160063,535160184,6674158,5402091,294734,80.1839249235634,80.18390679393565,5.35160184,
job_movie_info_info,movie_info.info,benchmarks/job/../../data/job/movie_info__info.csv,job-csv,fsst,LibcMemmem,static,prefix-btree,prefix-btree,prefix_usa_200,USA:%200%,0,6674158,100000014,100000000,6674158,6674158,0,1,0,2819897528,2193061122,291480,19168540,114583152,133751692,935876,833915,294734,20.040234588393023,122.43411734033141,1.33751692,
job_movie_info_info,movie_info.info,benchmarks/job/../../data/job/movie_info__info.csv,job-csv,fsst,LibcMemmem,static,prefix-btree,prefix-btree,prefix_usa_200,USA:%200%,1,6674158,100000014,100000000,6674158,6674158,0,1,0,2819897528,2193061122,291480,19275843,116750971,136026814,935876,833915,294734,20.38111983564069,124.75047014775461,1.36026814,
job_movie_info_info,movie_info.info,benchmarks/job/../../data/job/movie_info__info.csv,job-csv,fsst,LibcMemmem,static,prefix-btree,prefix-btree,prefix_usa_200,USA:%200%,2,6674158,100000014,100000000,6674158,6674158,0,1,0,2819897528,2193061122,291480,19627674,121207692,140835366,935876,833915,294734,21.101593039901065,129.51255508208354,1.40835366,
job_movie_info_info,movie_info.info,benchmarks/job/../../data/job/movie_info__info.csv,job-csv,fsst,LibcMemmem,static,prefix-btree,prefix-btree,prefix_usa_200,USA:%200%,3,6674158,100000014,100000000,6674158,6674158,0,1,0,2819897528,2193061122,291480,20249189,115066763,135315952,935876,833915,294734,20.27461022049523,122.9508642170544,1.35315952,
job_movie_info_info,movie_info.info,benchmarks/job/../../data/job/movie_info__info.csv,job-csv,fsst,LibcMemmem,static,prefix-btree,prefix-btree,prefix_usa_200,USA:%200%,4,6674158,100000014,100000000,6674158,6674158,0,1,0,2819897528,2193061122,291480,18434011,115088800,133522811,935876,833915,294734,20.005940974127373,122.97441113993735,1.33522811,
job_movie_info_info,movie_info.info,benchmarks/job/../../data/job/movie_info__info.csv,job-csv,fsst,LibcMemmem,static,qgram,full-scan,prefix_usa_200,USA:%200%,0,6674158,100000014,100000000,6674158,6674158,0,1,0,2819897528,3332496198,291480,101,549585360,549585461,6674158,5402091,294734,82.34528775015515,82.34527261716009,5.49585461,literal-shorter-than-qgram
job_movie_info_info,movie_info.info,benchmarks/job/../../data/job/movie_info__info.csv,job-csv,fsst,LibcMemmem,static,qgram,full-scan,prefix_usa_200,USA:%200%,1,6674158,100000014,100000000,6674158,6674158,0,1,0,2819897528,3332496198,291480,120,559308365,559308485,6674158,5402091,294734,83.80210432536958,83.80208634557349,5.59308485,literal-shorter-than-qgram
job_movie_info_info,movie_info.info,benchmarks/job/../../data/job/movie_info__info.csv,job-csv,fsst,LibcMemmem,static,qgram,full-scan,prefix_usa_200,USA:%200%,2,6674158,100000014,100000000,6674158,6674158,0,1,0,2819897528,3332496198,291480,130,547433363,547433493,6674158,5402091,294734,82.02285486798485,82.0228353898724,5.47433493,literal-shorter-than-qgram
job_movie_info_info,movie_info.info,benchmarks/job/../../data/job/movie_info__info.csv,job-csv,fsst,LibcMemmem,static,qgram,full-scan,prefix_usa_200,USA:%200%,3,6674158,100000014,100000000,6674158,6674158,0,1,0,2819897528,3332496198,291480,100,564202401,564202501,6674158,5402091,294734,84.53538274041459,84.53536775725118,5.64202501,literal-shorter-than-qgram
job_movie_info_info,movie_info.info,benchmarks/job/../../data/job/movie_info__info.csv,job-csv,fsst,LibcMemmem,static,qgram,full-scan,prefix_usa_200,USA:%200%,4,6674158,100000014,100000000,6674158,6674158,0,1,0,2819897528,3332496198,291480,120,565660209,565660329,6674158,5402091,294734,84.75381149202641,84.7537935122303,5.65660329,literal-shorter-than-qgram
job_movie_info_info,movie_info.info,benchmarks/job/../../data/job/movie_info__info.csv,job-csv,fsst,LibcMemmem,static,trigram,trigram,prefix_usa_200,USA:%200%,0,6674158,100000014,100000000,6674158,6674158,0,1,0,2819897528,3591584331,291480,3004075,124770790,127774865,935876,833915,294734,19.144716831696222,133.31978809158477,1.27774865,
job_movie_info_info,movie_info.info,benchmarks/job/../../data/job/movie_info__info.csv,job-csv,fsst,LibcMemmem,static,trigram,trigram,prefix_usa_200,USA:%200%,1,6674158,100000014,100000000,6674158,6674158,0,1,0,2819897528,3591584331,291480,2708980,118884014,121592994,935876,833915,294734,18.218476997398025,127.02966418628108,1.21592994,
job_movie_info_info,movie_info.info,benchmarks/job/../../data/job/movie_info__info.csv,job-csv,fsst,LibcMemmem,static,trigram,trigram,prefix_usa_200,USA:%200%,2,6674158,100000014,100000000,6674158,6674158,0,1,0,2819897528,3591584331,291480,2630772,118777423,121408195,935876,833915,294734,18.190788261230853,126.91576982420749,1.21408195,
job_movie_info_info,movie_info.info,benchmarks/job/../../data/job/movie_info__info.csv,job-csv,fsst,LibcMemmem,static,trigram,trigram,prefix_usa_200,USA:%200%,3,6674158,100000014,100000000,6674158,6674158,0,1,0,2819897528,3591584331,291480,2617541,129582920,132200461,935876,833915,294734,19.80781111265271,138.461633806188,1.32200461,
job_movie_info_info,movie_info.info,benchmarks/job/../../data/job/movie_info__info.csv,job-csv,fsst,LibcMemmem,static,trigram,trigram,prefix_usa_200,USA:%200%,4,6674158,100000014,100000000,6674158,6674158,0,1,0,2819897528,3591584331,291480,2643657,123003829,125647486,935876,833915,294734,18.82596815957908,131.43175912193496,1.25647486,
job_movie_info_info,movie_info.info,benchmarks/job/../../data/job/movie_info__info.csv,job-csv,fsst,LibcMemmem,static,fm,fm,prefix_usa_2008,USA:%2008%,0,6674158,100000014,100000000,6674158,6674158,0,1,0,2819897528,302883953872,807617,3294495,22328897,25623392,135571,135355,45638,3.8391946969190722,164.70260601456064,0.25623392,
job_movie_info_info,movie_info.info,benchmarks/job/../../data/job/movie_info__info.csv,job-csv,fsst,LibcMemmem,static,fm,fm,prefix_usa_2008,USA:%2008%,1,6674158,100000014,100000000,6674158,6674158,0,1,0,2819897528,302883953872,807617,2986913,20408035,23394948,135571,135355,45638,3.505303290692249,150.5339268722662,0.23394948,
job_movie_info_info,movie_info.info,benchmarks/job/../../data/job/movie_info__info.csv,job-csv,fsst,LibcMemmem,static,fm,fm,prefix_usa_2008,USA:%2008%,2,6674158,100000014,100000000,6674158,6674158,0,1,0,2819897528,302883953872,807617,2916598,19637830,22554428,135571,135355,45638,3.3793668055206365,144.8527339917829,0.22554428,
job_movie_info_info,movie_info.info,benchmarks/job/../../data/job/movie_info__info.csv,job-csv,fsst,LibcMemmem,static,fm,fm,prefix_usa_2008,USA:%2008%,3,6674158,100000014,100000000,6674158,6674158,0,1,0,2819897528,302883953872,807617,2954322,19649598,22603920,135571,135355,45638,3.3867822727600996,144.9395372166614,0.2260392,
job_movie_info_info,movie_info.info,benchmarks/job/../../data/job/movie_info__info.csv,job-csv,fsst,LibcMemmem,static,fm,fm,prefix_usa_2008,USA:%2008%,4,6674158,100000014,100000000,6674158,6674158,0,1,0,2819897528,302883953872,807617,2992997,19474257,22467254,135571,135355,45638,3.3663053826415257,143.64618539363138,0.22467254,
job_movie_info_info,movie_info.info,benchmarks/job/../../data/job/movie_info__info.csv,job-csv,fsst,LibcMemmem,static,full-scan,full-scan,prefix_usa_2008,USA:%2008%,0,6674158,100000014,100000000,6674158,6674158,0,1,0,2819897528,0,807617,120,497919891,497920011,6674158,4607775,45638,74.60416894535611,74.60415096556,4.97920011,
job_movie_info_info,movie_info.info,benchmarks/job/../../data/job/movie_info__info.csv,job-csv,fsst,LibcMemmem,static,full-scan,full-scan,prefix_usa_2008,USA:%2008%,1,6674158,100000014,100000000,6674158,6674158,0,1,0,2819897528,0,807617,100,506282140,506282240,6674158,4607775,45638,75.85709538191934,75.85708039875591,5.0628224,
job_movie_info_info,movie_info.info,benchmarks/job/../../data/job/movie_info__info.csv,job-csv,fsst,LibcMemmem,static,full-scan,full-scan,prefix_usa_2008,USA:%2008%,2,6674158,100000014,100000000,6674158,6674158,0,1,0,2819897528,0,807617,160,494432744,494432904,6674158,4607775,45638,74.08169000494145,74.08166603187998,4.94432904,
job_movie_info_info,movie_info.info,benchmarks/job/../../data/job/movie_info__info.csv,job-csv,fsst,LibcMemmem,static,full-scan,full-scan,prefix_usa_2008,USA:%2008%,3,6674158,100000014,100000000,6674158,6674158,0,1,0,2819897528,0,807617,110,532651112,532651222,6674158,4607775,45638,79.80800304697611,79.80798656549635,5.32651222,
job_movie_info_info,movie_info.info,benchmarks/job/../../data/job/movie_info__info.csv,job-csv,fsst,LibcMemmem,static,full-scan,full-scan,prefix_usa_2008,USA:%2008%,4,6674158,100000014,100000000,6674158,6674158,0,1,0,2819897528,0,807617,110,534767430,534767540,6674158,4607775,45638,80.12509443138745,80.12507794990769,5.3476754,
job_movie_info_info,movie_info.info,benchmarks/job/../../data/job/movie_info__info.csv,job-csv,fsst,LibcMemmem,static,prefix-btree,prefix-btree,prefix_usa_2008,USA:%2008%,0,6674158,100000014,100000000,6674158,6674158,0,1,0,2819897528,2193061122,807617,20921696,109756696,130678392,935876,819018,45638,19.579757027028727,117.27696404224491,1.30678392,
job_movie_info_info,movie_info.info,benchmarks/job/../../data/job/movie_info__info.csv,job-csv,fsst,LibcMemmem,static,prefix-btree,prefix-btree,prefix_usa_2008,USA:%2008%,1,6674158,100000014,100000000,6674158,6674158,0,1,0,2819897528,2193061122,807617,16692772,109806657,126499429,935876,819018,45638,18.953616171508077,117.33034825126406,1.26499429,
job_movie_info_info,movie_info.info,benchmarks/job/../../data/job/movie_info__info.csv,job-csv,fsst,LibcMemmem,static,prefix-btree,prefix-btree,prefix_usa_2008,USA:%2008%,2,6674158,100000014,100000000,6674158,6674158,0,1,0,2819897528,2193061122,807617,16747321,109993478,126740799,935876,819018,45638,18.98978103305316,117.52996978232159,1.26740799,
job_movie_info_info,movie_info.info,benchmarks/job/../../data/job/movie_info__info.csv,job-csv,fsst,LibcMemmem,static,prefix-btree,prefix-btree,prefix_usa_2008,USA:%2008%,3,6674158,100000014,100000000,6674158,6674158,0,1,0,2819897528,2193061122,807617,16281566,111762478,128044044,935876,819018,45638,19.185048361156568,119.42017745940701,1.28044044,
job_movie_info_info,movie_info.info,benchmarks/job/../../data/job/movie_info__info.csv,job-csv,fsst,LibcMemmem,static,prefix-btree,prefix-btree,prefix_usa_2008,USA:%2008%,4,6674158,100000014,100000000,6674158,6674158,0,1,0,2819897528,2193061122,807617,23511321,112433400,135944721,935876,819018,45638,20.368819707294914,120.13706944082335,1.35944721,
job_movie_info_info,movie_info.info,benchmarks/job/../../data/job/movie_info__info.csv,job-csv,fsst,LibcMemmem,static,qgram,full-scan,prefix_usa_2008,USA:%2008%,0,6674158,100000014,100000000,6674158,6674158,0,1,0,2819897528,3332496198,807617,150,481785380,481785530,6674158,4607775,45638,72.18671329027572,72.18669081553058,4.8178553,literal-shorter-than-qgram
job_movie_info_info,movie_info.info,benchmarks/job/../../data/job/movie_info__info.csv,job-csv,fsst,LibcMemmem,static,qgram,full-scan,prefix_usa_2008,USA:%2008%,1,6674158,100000014,100000000,6674158,6674158,0,1,0,2819897528,3332496198,807617,190,486002800,486002990,6674158,4607775,45638,72.81862221421788,72.81859374620738,4.8600299,literal-shorter-than-qgram
job_movie_info_info,movie_info.info,benchmarks/job/../../data/job/movie_info__info.csv,job-csv,fsst,LibcMemmem,static,qgram,full-scan,prefix_usa_2008,USA:%2008%,2,6674158,100000014,100000000,6674158,6674158,0,1,0,2819897528,3332496198,807617,110,530523110,530523220,6674158,4607775,45638,79.48916102975087,79.48914454827111,5.3052322,literal-shorter-than-qgram
job_movie_info_info,movie_info.info,benchmarks/job/../../data/job/movie_info__info.csv,job-csv,fsst,LibcMemmem,static,qgram,full-scan,prefix_usa_2008,USA:%2008%,3,6674158,100000014,100000000,6674158,6674158,0,1,0,2819897528,3332496198,807617,150,508229728,508229878,6674158,4607775,45638,76.14891316627505,76.14889069152993,5.08229878,literal-shorter-than-qgram
job_movie_info_info,movie_info.info,benchmarks/job/../../data/job/movie_info__info.csv,job-csv,fsst,LibcMemmem,static,qgram,full-scan,prefix_usa_2008,USA:%2008%,4,6674158,100000014,100000000,6674158,6674158,0,1,0,2819897528,3332496198,807617,110,524249013,524249123,6674158,4607775,45638,78.54910282315761,78.54908634167785,5.24249123,literal-shorter-than-qgram
job_movie_info_info,movie_info.info,benchmarks/job/../../data/job/movie_info__info.csv,job-csv,fsst,LibcMemmem,static,trigram,trigram,prefix_usa_2008,USA:%2008%,0,6674158,100000014,100000000,6674158,6674158,0,1,0,2819897528,3591584331,807617,1757344,20185794,21943138,135572,135356,45638,3.2877762258550067,148.89353258785,0.21943138,
job_movie_info_info,movie_info.info,benchmarks/job/../../data/job/movie_info__info.csv,job-csv,fsst,LibcMemmem,static,trigram,trigram,prefix_usa_2008,USA:%2008%,1,6674158,100000014,100000000,6674158,6674158,0,1,0,2819897528,3591584331,807617,1832837,18088213,19921050,135572,135356,45638,2.984803476333644,133.42145133213347,0.1992105,
job_movie_info_info,movie_info.info,benchmarks/job/../../data/job/movie_info__info.csv,job-csv,fsst,LibcMemmem,static,trigram,trigram,prefix_usa_2008,USA:%2008%,2,6674158,100000014,100000000,6674158,6674158,0,1,0,2819897528,3591584331,807617,1878682,17904961,19783643,135572,135356,45638,2.964215560974133,132.06975629185968,0.19783643,
job_movie_info_info,movie_info.info,benchmarks/job/../../data/job/movie_info__info.csv,job-csv,fsst,LibcMemmem,static,trigram,trigram,prefix_usa_2008,USA:%2008%,3,6674158,100000014,100000000,6674158,6674158,0,1,0,2819897528,3591584331,807617,1810710,18449794,20260504,135572,135356,45638,3.035664423886878,136.08852860472663,0.20260504,
job_movie_info_info,movie_info.info,benchmarks/job/../../data/job/movie_info__info.csv,job-csv,fsst,LibcMemmem,static,trigram,trigram,prefix_usa_2008,USA:%2008%,4,6674158,100000014,100000000,6674158,6674158,0,1,0,2819897528,3591584331,807617,1703269,17867705,19570974,135572,135356,45638,2.932351017162015,131.79495028471956,0.19570974,
job_movie_info_info,movie_info.info,benchmarks/job/../../data/job/movie_info__info.csv,job-csv,fsst,LibcMemmem,static,fm,fm,prefix_usa_201,USA:%201%,0,6674158,100000014,100000000,6674158,6674158,0,1,0,2819897528,302883953872,859489,25038486,114945467,139983953,935876,833915,227707,20.97402443873819,122.82125730331796,1.39983953,
job_movie_info_info,movie_info.info,benchmarks/job/../../data/job/movie_info__info.csv,job-csv,fsst,LibcMemmem,static,fm,fm,prefix_usa_201,USA:%201%,1,6674158,100000014,100000000,6674158,6674158,0,1,0,2819897528,302883953872,859489,25739531,114613033,140352564,935876,833915,227707,21.02925402724958,122.46604571545804,1.40352564,
job_movie_info_info,movie_info.info,benchmarks/job/../../data/job/movie_info__info.csv,job-csv,fsst,LibcMemmem,static,fm,fm,prefix_usa_201,USA:%201%,2,6674158,100000014,100000000,6674158,6674158,0,1,0,2819897528,302883953872,859489,25056926,113664730,138721656,935876,833915,227707,20.7848924163917,121.45276724694297,1.38721656,
job_movie_info_info,movie_info.info,benchmarks/job/../../data/job/movie_info__info.csv,job-csv,fsst,LibcMemmem,static,fm,fm,prefix_usa_201,USA:%201%,3,6674158,100000014,100000000,6674158,6674158,0,1,0,2819897528,302883953872,859489,27187106,115636736,142823842,935876,833915,227707,21.399529648533942,123.55989041283247,1.42823842,
job_movie_info_info,movie_info.info,benchmarks/job/../../data/job/movie_info__info.csv,job-csv,fsst,LibcMemmem,static,fm,fm,prefix_usa_201,USA:%201%,4,6674158,100000014,100000000,6674158,6674158,0,1,0,2819897528,302883953872,859489,24971845,115176950,140148795,935876,833915,227707,20.998722984981775,123.06860096850437,1.40148795,
job_movie_info_info,movie_info.info,benchmarks/job/../../data/job/movie_info__info.csv,job-csv,fsst,LibcMemmem,static,full-scan,full-scan,prefix_usa_201,USA:%201%,0,6674158,100000014,100000000,6674158,6674158,0,1,0,2819897528,0,859489,100,580633873,580633973,6674158,5402091,227707,86.99733704236549,86.99732205920208,5.80633973,
job_movie_info_info,movie_info.info,benchmarks/job/../../data/job/movie_info__info.csv,job-csv,fsst,LibcMemmem,static,full-scan,full-scan,prefix_usa_201,USA:%201%,1,6674158,100000014,100000000,6674158,6674158,0,1,0,2819897528,0,859489,110,556446825,556446935,6674158,5402091,227707,83.37335361254559,83.37333713106582,5.56446935,
job_movie_info_info,movie_info.info,benchmarks/job/../../data/job/movie_info__info.csv,job-csv,fsst,LibcMemmem,static,full-scan,full-scan,prefix_usa_201,USA:%201%,2,6674158,100000014,100000000,6674158,6674158,0,1,0,2819897528,0,859489,141,571018145,571018286,6674158,5402091,227707,85.5566029452704,85.55658181900998,5.71018286,
job_movie_info_info,movie_info.info,benchmarks/job/../../data/job/movie_info__info.csv,job-csv,fsst,LibcMemmem,static,full-scan,full-scan,prefix_usa_201,USA:%201%,3,6674158,100000014,100000000,6674158,6674158,0,1,0,2819897528,0,859489,110,564803016,564803126,6674158,5402091,227707,84.62537536570156,84.6253588842218,5.64803126,
job_movie_info_info,movie_info.info,benchmarks/job/../../data/job/movie_info__info.csv,job-csv,fsst,LibcMemmem,static,full-scan,full-scan,prefix_usa_201,USA:%201%,4,6674158,100000014,100000000,6674158,6674158,0,1,0,2819897528,0,859489,120,567508754,567508874,6674158,5402091,227707,85.03078201025508,85.03076403045897,5.67508874,
job_movie_info_info,movie_info.info,benchmarks/job/../../data/job/movie_info__info.csv,job-csv,fsst,LibcMemmem,static,prefix-btree,prefix-btree,prefix_usa_201,USA:%201%,0,6674158,100000014,100000000,6674158,6674158,0,1,0,2819897528,2193061122,859489,24987136,118646779,143633915,935876,833915,227707,21.520904209939292,126.77617440772067,1.43633915,
job_movie_info_info,movie_info.info,benchmarks/job/../../data/job/movie_info__info.csv,job-csv,fsst,LibcMemmem,static,prefix-btree,prefix-btree,prefix_usa_201,USA:%201%,1,6674158,100000014,100000000,6674158,6674158,0,1,0,2819897528,2193061122,859489,24633467,119027318,143660785,935876,833915,227707,21.524930185950048,127.18278703588938,1.43660785,
job_movie_info_info,movie_info.info,benchmarks/job/../../data/job/movie_info__info.csv,job-csv,fsst,LibcMemmem,static,prefix-btree,prefix-btree,prefix_usa_201,USA:%201%,2,6674158,100000014,100000000,6674158,6674158,0,1,0,2819897528,2193061122,859489,18214537,115365544,133580081,935876,833915,227707,20.014521831817586,123.27011698130949,1.33580081,
job_movie_info_info,movie_info.info,benchmarks/job/../../data/job/movie_info__info.csv,job-csv,fsst,LibcMemmem,static,prefix-btree,prefix-btree,prefix_usa_201,USA:%201%,3,6674158,100000014,100000000,6674158,6674158,0,1,0,2819897528,2193061122,859489,18923909,117957339,136881248,935876,833915,227707,20.509141078170458,126.03949561694071,1.36881248,
job_movie_info_info,movie_info.info,benchmarks/job/../../data/job/movie_info__info.csv,job-csv,fsst,LibcMemmem,static,prefix-btree,prefix-btree,prefix_usa_201,USA:%201%,4,6674158,100000014,100000000,6674158,6674158,0,1,0,2819897528,2193061122,859489,18796264,117464366,136260630,935876,833915,227707,20.41615286902108,125.51274527822062,1.3626063,
job_movie_info_info,movie_info.info,benchmarks/job/../../data/job/movie_info__info.csv,job-csv,fsst,LibcMemmem,static,qgram,full-scan,prefix_usa_201,USA:%201%,0,6674158,100000014,100000000,6674158,6674158,0,1,0,2819897528,3332496198,859489,110,562163594,562163704,6674158,5402091,227707,84.22990645411751,84.22988997263775,5.62163704,literal-shorter-than-qgram
job_movie_info_info,movie_info.info,benchmarks/job/../../data/job/movie_info__info.csv,job-csv,fsst,LibcMemmem,static,qgram,full-scan,prefix_usa_201,USA:%201%,1,6674158,100000014,100000000,6674158,6674158,0,1,0,2819897528,3332496198,859489,120,578666599,578666719,6674158,5402091,227707,86.70258016067345,86.70256218087735,5.78666719,literal-shorter-than-qgram
job_movie_info_info,movie_info.info,benchmarks/job/../../data/job/movie_info__info.csv,job-csv,fsst,LibcMemmem,static,qgram,full-scan,prefix_usa_201,USA:%201%,2,6674158,100000014,100000000,6674158,6674158,0,1,0,2819897528,3332496198,859489,100,569173018,569173118,6674158,5402091,227707,85.2801384084704,85.28012342530698,5.69173118,literal-shorter-than-qgram
job_movie_info_info,movie_info.info,benchmarks/job/../../data/job/movie_info__info.csv,job-csv,fsst,LibcMemmem,static,qgram,full-scan,prefix_usa_201,USA:%201%,3,6674158,100000014,100000000,6674158,6674158,0,1,0,2819897528,3332496198,859489,110,566965113,566965223,6674158,5402091,227707,84.9493258924946,84.94930941101484,5.66965223,literal-shorter-than-qgram
job_movie_info_info,movie_info.info,benchmarks/job/../../data/job/movie_info__info.csv,job-csv,fsst,LibcMemmem,static,qgram,full-scan,prefix_usa_201,USA:%201%,4,6674158,100000014,100000000,6674158,6674158,0,1,0,2819897528,3332496198,859489,108,566059471,566059579,6674158,5402091,227707,84.81363177197782,84.81361559016133,5.66059579,literal-shorter-than-qgram
job_movie_info_info,movie_info.info,benchmarks/job/../../data/job/movie_info__info.csv,job-csv,fsst,LibcMemmem,static,trigram,trigram,prefix_usa_201,USA:%201%,0,6674158,100000014,100000000,6674158,6674158,0,1,0,2819897528,3591584331,859489,2716659,119822527,122539186,935876,833915,227707,18.360246491018042,128.0324818672559,1.22539186,
job_movie_info_info,movie_info.info,benchmarks/job/../../data/job/movie_info__info.csv,job-csv,fsst,LibcMemmem,static,trigram,trigram,prefix_usa_201,USA:%201%,1,6674158,100000014,100000000,6674158,6674158,0,1,0,2819897528,3591584331,859489,2639080,119953841,122592921,935876,833915,227707,18.368297693881384,128.1727931905509,1.22592921,
job_movie_info_info,movie_info.info,benchmarks/job/../../data/job/movie_info__info.csv,job-csv,fsst,LibcMemmem,static,trigram,trigram,prefix_usa_201,USA:%201%,2,6674158,100000014,100000000,6674158,6674158,0,1,0,2819897528,3591584331,859489,2601334,121814566,124415900,935876,833915,227707,18.64143761655028,130.1610106467096,1.244159,
job_movie_info_info,movie_info.info,benchmarks/job/../../data/job/movie_info__info.csv,job-csv,fsst,LibcMemmem,static,trigram,trigram,prefix_usa_201,USA:%201%,3,6674158,100000014,100000000,6674158,6674158,0,1,0,2819897528,3591584331,859489,2457623,119712536,122170159,935876,833915,227707,18.30495457254683,127.91495454526027,1.22170159,
job_movie_info_info,movie_info.info,benchmarks/job/../../data/job/movie_info__info.csv,job-csv,fsst,LibcMemmem,static,trigram,trigram,prefix_usa_201,USA:%201%,4,6674158,100000014,100000000,6674158,6674158,0,1,0,2819897528,3591584331,859489,2838950,119648107,122487057,935876,833915,227707,18.352435917759212,127.84611102325522,1.22487057,
job_movie_info_info,movie_info.info,benchmarks/job/../../data/job/movie_info__info.csv,job-csv,utf8,LibcMemmem,static,fm,fm,prefix_japan_200,Japan:%200%,0,6674158,100000014,100000000,6674158,6674158,0,1,0,2819897528,276728844714,2529,2416547,6985735,9402282,130031,118510,54763,1.4087592772002102,53.723612061739125,0.09402282,
job_movie_info_info,movie_info.info,benchmarks/job/../../data/job/movie_info__info.csv,job-csv,utf8,LibcMemmem,static,fm,fm,prefix_japan_200,Japan:%200%,1,6674158,100000014,100000000,6674158,6674158,0,1,0,2819897528,276728844714,2529,2573891,6785636,9359527,130031,118510,54763,1.402353225680303,52.18475594281364,0.09359527,
job_movie_info_info,movie_info.info,benchmarks/job/../../data/job/movie_info__info.csv,job-csv,utf8,LibcMemmem,static,fm,fm,prefix_japan_200,Japan:%200%,2,6674158,100000014,100000000,6674158,6674158,0,1,0,2819897528,276728844714,2529,2454404,6922157,9376561,130031,118510,54763,1.4049054577371407,53.23466711784113,0.09376561,
job_movie_info_info,movie_info.info,benchmarks/job/../../data/job/movie_info__info.csv,job-csv,utf8,LibcMemmem,static,fm,fm,prefix_japan_200,Japan:%200%,3,6674158,100000014,100000000,6674158,6674158,0,1,0,2819897528,276728844714,2529,2497108,6909023,9406131,130031,118510,54763,1.4093359791602176,53.13366043481939,0.09406131,
job_movie_info_info,movie_info.info,benchmarks/job/../../data/job/movie_info__info.csv,job-csv,utf8,LibcMemmem,static,fm,fm,prefix_japan_200,Japan:%200%,4,6674158,100000014,100000000,6674158,6674158,0,1,0,2819897528,276728844714,2529,2714640,6970510,9685150,130031,118510,54763,1.4511418519010189,53.60652459798048,0.0968515,
job_movie_info_info,movie_info.info,benchmarks/job/../../data/job/movie_info__info.csv,job-csv,utf8,LibcMemmem,static,full-scan,full-scan,prefix_japan_200,Japan:%200%,0,6674158,100000014,100000000,6674158,6674158,0,1,0,2819897528,0,2529,320,44144540,44144860,6674158,4439405,54763,6.614296515006088,6.614248568883146,0.4414486,
job_movie_info_info,movie_info.info,benchmarks/job/../../data/job/movie_info__info.csv,job-csv,utf8,LibcMemmem,static,full-scan,full-scan,prefix_japan_200,Japan:%200%,1,6674158,100000014,100000000,6674158,6674158,0,1,0,2819897528,0,2529,110,44023666,44023776,6674158,4439405,54763,6.596154301411504,6.596137819931743,0.44023776,
job_movie_info_info,movie_info.info,benchmarks/job/../../data/job/movie_info__info.csv,job-csv,utf8,LibcMemmem,static,full-scan,full-scan,prefix_japan_200,Japan:%200%,2,6674158,100000014,100000000,6674158,6674158,0,1,0,2819897528,0,2529,100,44066519,44066619,6674158,4439405,54763,6.6025735381152195,6.6025585549518,0.44066619,
job_movie_info_info,movie_info.info,benchmarks/job/../../data/job/movie_info__info.csv,job-csv,utf8,LibcMemmem,static,full-scan,full-scan,prefix_japan_200,Japan:%200%,3,6674158,100000014,100000000,6674158,6674158,0,1,0,2819897528,0,2529,110,45466008,45466118,6674158,4439405,54763,6.8122627603362105,6.812246278856449,0.45466118,
job_movie_info_info,movie_info.info,benchmarks/job/../../data/job/movie_info__info.csv,job-csv,utf8,LibcMemmem,static,full-scan,full-scan,prefix_japan_200,Japan:%200%,4,6674158,100000014,100000000,6674158,6674158,0,1,0,2819897528,0,2529,110,47097245,47097355,6674158,4439405,54763,7.056673665801738,7.056657184321978,0.47097355,
job_movie_info_info,movie_info.info,benchmarks/job/../../data/job/movie_info__info.csv,job-csv,utf8,LibcMemmem,static,prefix-btree,prefix-btree,prefix_japan_200,Japan:%200%,0,6674158,100000014,100000000,6674158,6674158,0,1,0,2819897528,1454443221,2529,2058489,6978950,9037439,130031,118510,54763,1.3540942542864582,53.67143219693765,0.09037439,
job_movie_info_info,movie_info.info,benchmarks/job/../../data/job/movie_info__info.csv,job-csv,utf8,LibcMemmem,static,prefix-btree,prefix-btree,prefix_japan_200,Japan:%200%,1,6674158,100000014,100000000,6674158,6674158,0,1,0,2819897528,1454443221,2529,2159802,6971694,9131496,130031,118510,54763,1.368186968303717,53.61563011897163,0.09131496,
job_movie_info_info,movie_info.info,benchmarks/job/../../data/job/movie_info__info.csv,job-csv,utf8,LibcMemmem,static,prefix-btree,prefix-btree,prefix_japan_200,Japan:%200%,2,6674158,100000014,100000000,6674158,6674158,0,1,0,2819897528,1454443221,2529,2206564,6732431,8938995,130031,118510,54763,1.3393442288899964,51.77558428374772,0.08938995,
job_movie_info_info,movie_info.info,benchmarks/job/../../data/job/movie_info__info.csv,job-csv,utf8,LibcMemmem,static,prefix-btree,prefix-btree,prefix_japan_200,Japan:%200%,3,6674158,100000014,100000000,6674158,6674158,0,1,0,2819897528,1454443221,2529,2088907,6844950,8933857,130031,118510,54763,1.3385743939535144,52.6409087063854,0.08933857,
job_movie_info_info,movie_info.info,benchmarks/job/../../data/job/movie_info__info.csv,job-csv,utf8,LibcMemmem,static,prefix-btree,prefix-btree,prefix_japan_200,Japan:%200%,4,6674158,100000014,100000000,6674158,6674158,0,1,0,2819897528,1454443221,2529,2100923,6759162,8860085,130031,118510,54763,1.3275210146358536,51.981158339165276,0.08860085,
job_movie_info_info,movie_info.info,benchmarks/job/../../data/job/movie_info__info.csv,job-csv,utf8,LibcMemmem,static,qgram,full-scan,prefix_japan_200,Japan:%200%,0,6674158,100000014,100000000,6674158,6674158,0,1,0,2819897528,3011267824,2529,390,45144397,45144787,6674158,4439405,54763,6.76411721148945,6.764058777152115,0.45144787,literal-shorter-than-qgram
job_movie_info_info,movie_info.info,benchmarks/job/../../data/job/movie_info__info.csv,job-csv,utf8,LibcMemmem,static,qgram,full-scan,prefix_japan_200,Japan:%200%,1,6674158,100000014,100000000,6674158,6674158,0,1,0,2819897528,3011267824,2529,130,45597408,45597538,6674158,4439405,54763,6.83195363370181,6.831934155589364,0.45597538,literal-shorter-than-qgram
job_movie_info_info,movie_info.info,benchmarks/job/../../data/job/movie_info__info.csv,job-csv,utf8,LibcMemmem,static,qgram,full-scan,prefix_japan_200,Japan:%200%,2,6674158,100000014,100000000,6674158,6674158,0,1,0,2819897528,3011267824,2529,110,46043035,46043145,6674158,4439405,54763,6.8987196587194966,6.898703177239736,0.46043145,literal-shorter-than-qgram
job_movie_info_info,movie_info.info,benchmarks/job/../../data/job/movie_info__info.csv,job-csv,utf8,LibcMemmem,static,qgram,full-scan,prefix_japan_200,Japan:%200%,3,6674158,100000014,100000000,6674158,6674158,0,1,0,2819897528,3011267824,2529,100,45579187,45579287,6674158,4439405,54763,6.829219056546159,6.82920407338274,0.45579287,literal-shorter-than-qgram
job_movie_info_info,movie_info.info,benchmarks/job/../../data/job/movie_info__info.csv,job-csv,utf8,LibcMemmem,static,qgram,full-scan,prefix_japan_200,Japan:%200%,4,6674158,100000014,100000000,6674158,6674158,0,1,0,2819897528,3011267824,2529,120,46012334,46012454,6674158,4439405,54763,6.89412117603449,6.894103196238387,0.46012454,literal-shorter-than-qgram
job_movie_info_info,movie_info.info,benchmarks/job/../../data/job/movie_info__info.csv,job-csv,utf8,LibcMemmem,static,trigram,trigram,prefix_japan_200,Japan:%200%,0,6674158,100000014,100000000,6674158,6674158,0,1,0,2819897528,3531594100,2529,500186,6675813,7175999,130031,118510,54763,1.0751916571348776,51.340165037567964,0.07175999,
job_movie_info_info,movie_info.info,benchmarks/job/../../data/job/movie_info__info.csv,job-csv,utf8,LibcMemmem,static,trigram,trigram,prefix_japan_200,Japan:%200%,1,6674158,100000014,100000000,6674158,6674158,0,1,0,2819897528,3531594100,2529,517968,6570872,7088840,130031,118510,54763,1.0621324817302797,50.53311902546316,0.0708884,
job_movie_info_info,movie_info.info,benchmarks/job/../../data/job/movie_info__info.csv,job-csv,utf8,LibcMemmem,static,trigram,trigram,prefix_japan_200,Japan:%200%,2,6674158,100000014,100000000,6674158,6674158,0,1,0,2819897528,3531594100,2529,492558,6795308,7287866,130031,118510,54763,1.0919528725571075,52.25913820550484,0.07287866,
job_movie_info_info,movie_info.info,benchmarks/job/../../data/job/movie_info__info.csv,job-csv,utf8,LibcMemmem,static,trigram,trigram,prefix_japan_200,Japan:%200%,3,6674158,100000014,100000000,6674158,6674158,0,1,0,2819897528,3531594100,2529,489239,6772038,7261277,130031,118510,54763,1.087968999235559,52.08018087994402,0.07261277,
job_movie_info_info,movie_info.info,benchmarks/job/../../data/job/movie_info__info.csv,job-csv,utf8,LibcMemmem,static,trigram,trigram,prefix_japan_200,Japan:%200%,4,6674158,100000014,100000000,6674158,6674158,0,1,0,2819897528,3531594100,2529,474305,6717349,7191654,130031,118510,54763,1.0775372713681637,51.659596557743924,0.07191654,
job_movie_info_info,movie_info.info,benchmarks/job/../../data/job/movie_info__info.csv,job-csv,utf8,LibcMemmem,static,fm,fm,prefix_japan_2007,Japan:%2007%,0,6674158,100000014,100000000,6674158,6674158,0,1,0,2819897528,276728844714,34048,2398383,5859444,8257827,130031,116066,8501,1.237283714290252,45.061900623697426,0.08257827,
job_movie_info_info,movie_info.info,benchmarks/job/../../data/job/movie_info__info.csv,job-csv,utf8,LibcMemmem,static,fm,fm,prefix_japan_2007,Japan:%2007%,1,6674158,100000014,100000000,6674158,6674158,0,1,0,2819897528,276728844714,34048,2376101,5747486,8123587,130031,116066,8501,1.2171703157162297,44.20089055686721,0.08123587,
job_movie_info_info,movie_info.info,benchmarks/job/../../data/job/movie_info__info.csv,job-csv,utf8,LibcMemmem,static,fm,fm,prefix_japan_2007,Japan:%2007%,2,6674158,100000014,100000000,6674158,6674158,0,1,0,2819897528,276728844714,34048,2540071,5880118,8420189,130031,116066,8501,1.2616106780810403,45.22089347924726,0.08420189,
job_movie_info_info,movie_info.info,benchmarks/job/../../data/job/movie_info__info.csv,job-csv,utf8,LibcMemmem,static,fm,fm,prefix_japan_2007,Japan:%2007%,3,6674158,100000014,100000000,6674158,6674158,0,1,0,2819897528,276728844714,34048,2390916,5842281,8233197,130031,116066,8501,1.2335933611400869,44.929909021694826,0.08233197,
job_movie_info_info,movie_info.info,benchmarks/job/../../data/job/movie_info__info.csv,job-csv,utf8,LibcMemmem,static,fm,fm,prefix_japan_2007,Japan:%2007%,4,6674158,100000014,100000000,6674158,6674158,0,1,0,2819897528,276728844714,34048,2678620,5889483,8568103,130031,116066,8501,1.283772874421013,45.29291476647876,0.08568103,
job_movie_info_info,movie_info.info,benchmarks/job/../../data/job/movie_info__info.csv,job-csv,utf8,LibcMemmem,static,full-scan,full-scan,prefix_japan_2007,Japan:%2007%,0,6674158,100000014,100000000,6674158,6674158,0,1,0,2819897528,0,34048,380,39996087,39996467,6674158,3725759,8501,5.992736012542705,5.992679076521712,0.39996467,
job_movie_info_info,movie_info.info,benchmarks/job/../../data/job/movie_info__info.csv,job-csv,utf8,LibcMemmem,static,full-scan,full-scan,prefix_japan_2007,Japan:%2007%,1,6674158,100000014,100000000,6674158,6674158,0,1,0,2819897528,0,34048,110,40227305,40227415,6674158,3725759,8501,6.027339328796232,6.02732284731647,0.40227415,
job_movie_info_info,movie_info.info,benchmarks/job/../../data/job/movie_info__info.csv,job-csv,utf8,LibcMemmem,static,full-scan,full-scan,prefix_japan_2007,Japan:%2007%,2,6674158,100000014,100000000,6674158,6674158,0,1,0,2819897528,0,34048,120,39846113,39846233,6674158,3725759,8501,5.970226206811406,5.970208227015303,0.39846233,
job_movie_info_info,movie_info.info,benchmarks/job/../../data/job/movie_info__info.csv,job-csv,utf8,LibcMemmem,static,full-scan,full-scan,prefix_japan_2007,Japan:%2007%,3,6674158,100000014,100000000,6674158,6674158,0,1,0,2819897528,0,34048,110,39963122,39963232,6674158,3725759,8501,5.987756358180313,5.987739876700552,0.39963232,
job_movie_info_info,movie_info.info,benchmarks/job/../../data/job/movie_info__info.csv,job-csv,utf8,LibcMemmem,static,full-scan,full-scan,prefix_japan_2007,Japan:%2007%,4,6674158,100000014,100000000,6674158,6674158,0,1,0,2819897528,0,34048,100,39771541,39771641,6674158,3725759,8501,5.9590499655537075,5.959034982390288,0.39771641,
job_movie_info_info,movie_info.info,benchmarks/job/../../data/job/movie_info__info.csv,job-csv,utf8,LibcMemmem,static,prefix-btree,prefix-btree,prefix_japan_2007,Japan:%2007%,0,6674158,100000014,100000000,6674158,6674158,0,1,0,2819897528,1454443221,34048,2082610,6249731,8332341,130031,116066,8501,1.2484482686804836,48.06339257561658,0.08332341,
job_movie_info_info,movie_info.info,benchmarks/job/../../data/job/movie_info__info.csv,job-csv,utf8,LibcMemmem,static,prefix-btree,prefix-btree,prefix_japan_2007,Japan:%2007%,1,6674158,100000014,100000000,6674158,6674158,0,1,0,2819897528,1454443221,34048,2964654,5886105,8850759,130031,116066,8501,1.326123684815373,45.266936345948274,0.08850759,
job_movie_info_info,movie_info.info,benchmarks/job/../../data/job/movie_info__info.csv,job-csv,utf8,LibcMemmem,static,prefix-btree,prefix-btree,prefix_japan_2007,Japan:%2007%,2,6674158,100000014,100000000,6674158,6674158,0,1,0,2819897528,1454443221,34048,2122805,6172259,8295064,130031,116066,8501,1.2428629948526841,47.46759618860118,0.08295064,
job_movie_info_info,movie_info.info,benchmarks/job/../../data/job/movie_info__info.csv,job-csv,utf8,LibcMemmem,static,prefix-btree,prefix-btree,prefix_japan_2007,Japan:%2007%,3,6674158,100000014,100000000,6674158,6674158,0,1,0,2819897528,1454443221,34048,2044645,5877127,7921772,130031,116066,8501,1.1869320444616385,45.19789127208127,0.07921772,
job_movie_info_info,movie_info.info,benchmarks/job/../../data/job/movie_info__info.csv,job-csv,utf8,LibcMemmem,static,prefix-btree,prefix-btree,prefix_japan_2007,Japan:%2007%,4,6674158,100000014,100000000,6674158,6674158,0,1,0,2819897528,1454443221,34048,2012176,5918873,7931049,130031,116066,8501,1.1883220325320438,45.51893779175735,0.07931049,
job_movie_info_info,movie_info.info,benchmarks/job/../../data/job/movie_info__info.csv,job-csv,utf8,LibcMemmem,static,qgram,full-scan,prefix_japan_2007,Japan:%2007%,0,6674158,100000014,100000000,6674158,6674158,0,1,0,2819897528,3011267824,34048,409,39823932,39824341,6674158,3725759,8501,5.96694609267566,5.966884811537276,0.39824341,literal-shorter-than-qgram
job_movie_info_info,movie_info.info,benchmarks/job/../../data/job/movie_info__info.csv,job-csv,utf8,LibcMemmem,static,qgram,full-scan,prefix_japan_2007,Japan:%2007%,1,6674158,100000014,100000000,6674158,6674158,0,1,0,2819897528,3011267824,34048,100,39555073,39555173,6674158,3725759,8501,5.926616211363291,5.926601228199872,0.39555173,literal-shorter-than-qgram
job_movie_info_info,movie_info.info,benchmarks/job/../../data/job/movie_info__info.csv,job-csv,utf8,LibcMemmem,static,qgram,full-scan,prefix_japan_2007,Japan:%2007%,2,6674158,100000014,100000000,6674158,6674158,0,1,0,2819897528,3011267824,34048,100,40727728,40727828,6674158,3725759,8501,6.102317026357482,6.102302043194062,0.40727828,literal-shorter-than-qgram
job_movie_info_info,movie_info.info,benchmarks/job/../../data/job/movie_info__info.csv,job-csv,utf8,LibcMemmem,static,qgram,full-scan,prefix_japan_2007,Japan:%2007%,3,6674158,100000014,100000000,6674158,6674158,0,1,0,2819897528,3011267824,34048,120,40298448,40298568,6674158,3725759,8501,6.038000299063942,6.037982319267838,0.40298568,literal-shorter-than-qgram
job_movie_info_info,movie_info.info,benchmarks/job/../../data/job/movie_info__info.csv,job-csv,utf8,LibcMemmem,static,qgram,full-scan,prefix_japan_2007,Japan:%2007%,4,6674158,100000014,100000000,6674158,6674158,0,1,0,2819897528,3011267824,34048,110,39904009,39904119,6674158,3725759,8501,5.978899360788282,5.978882879308521,0.39904119,literal-shorter-than-qgram
job_movie_info_info,movie_info.info,benchmarks/job/../../data/job/movie_info__info.csv,job-csv,utf8,LibcMemmem,static,trigram,trigram,prefix_japan_2007,Japan:%2007%,0,6674158,100000014,100000000,6674158,6674158,0,1,0,2819897528,3531594100,34048,529588,5996984,6526572,130031,116066,8501,0.9778869484360424,46.1196483915374,0.06526572,
job_movie_info_info,movie_info.info,benchmarks/job/../../data/job/movie_info__info.csv,job-csv,utf8,LibcMemmem,static,trigram,trigram,prefix_japan_2007,Japan:%2007%,1,6674158,100000014,100000000,6674158,6674158,0,1,0,2819897528,3531594100,34048,509905,6058311,6568216,130031,116066,8501,0.9841265370103615,46.59128207888888,0.06568216,
job_movie_info_info,movie_info.info,benchmarks/job/../../data/job/movie_info__info.csv,job-csv,utf8,LibcMemmem,static,trigram,trigram,prefix_japan_2007,Japan:%2007%,2,6674158,100000014,100000000,6674158,6674158,0,1,0,2819897528,3531594100,34048,510795,7785204,8295999,130031,116066,8501,1.2430030874306541,59.87190746821911,0.08295999,
job_movie_info_info,movie_info.info,benchmarks/job/../../data/job/movie_info__info.csv,job-csv,utf8,LibcMemmem,static,trigram,trigram,prefix_japan_2007,Japan:%2007%,3,6674158,100000014,100000000,6674158,6674158,0,1,0,2819897528,3531594100,34048,616995,6447233,7064228,130031,116066,8501,1.05844482554953,49.582276534057264,0.07064228,
job_movie_info_info,movie_info.info,benchmarks/job/../../data/job/movie_info__info.csv,job-csv,utf8,LibcMemmem,static,trigram,trigram,prefix_japan_2007,Japan:%2007%,4,6674158,100000014,100000000,6674158,6674158,0,1,0,2819897528,3531594100,34048,598902,6281086,6879988,130031,116066,8501,1.0308398452658747,48.304527381932,0.06879988,
job_movie_info_info,movie_info.info,benchmarks/job/../../data/job/movie_info__info.csv,job-csv,utf8,LibcMemmem,static,fm,fm,prefix_japan_201,Japan:%201%,0,6674158,100000014,100000000,6674158,6674158,0,1,0,2819897528,276728844714,3079,3170402,6921082,10091484,130031,118510,23878,1.5120235391490582,53.226399858495284,0.10091484,
job_movie_info_info,movie_info.info,benchmarks/job/../../data/job/movie_info__info.csv,job-csv,utf8,LibcMemmem,static,fm,fm,prefix_japan_201,Japan:%201%,1,6674158,100000014,100000000,6674158,6674158,0,1,0,2819897528,276728844714,3079,3487941,7192208,10680149,130031,118510,23878,1.600224178091079,55.31148726073013,0.10680149,
job_movie_info_info,movie_info.info,benchmarks/job/../../data/job/movie_info__info.csv,job-csv,utf8,LibcMemmem,static,fm,fm,prefix_japan_201,Japan:%201%,2,6674158,100000014,100000000,6674158,6674158,0,1,0,2819897528,276728844714,3079,2524917,6998912,9523829,130031,118510,23878,1.426970862841425,53.8249494351347,0.09523829,
job_movie_info_info,movie_info.info,benchmarks/job/../../data/job/movie_info__info.csv,job-csv,utf8,LibcMemmem,static,fm,fm,prefix_japan_201,Japan:%201%,3,6674158,100000014,100000000,6674158,6674158,0,1,0,2819897528,276728844714,3079,2694424,6694109,9388533,130031,118510,23878,1.4066992420616953,51.4808699463974,0.09388533,
job_movie_info_info,movie_info.info,benchmarks/job/../../data/job/movie_info__info.csv,job-csv,utf8,LibcMemmem,static,fm,fm,prefix_japan_201,Japan:%201%,4,6674158,100000014,100000000,6674158,6674158,0,1,0,2819897528,276728844714,3079,2491421,6961027,9452448,130031,118510,23878,1.416275730961119,53.53359583483938,0.09452448,
job_movie_info_info,movie_info.info,benchmarks/job/../../data/job/movie_info__info.csv,job-csv,utf8,LibcMemmem,static,full-scan,full-scan,prefix_japan_201,Japan:%201%,0,6674158,100000014,100000000,6674158,6674158,0,1,0,2819897528,0,3079,390,46103766,46104156,6674158,4439405,23878,6.907861036553225,6.90780260221589,0.46104156,
job_movie_info_info,movie_info.info,benchmarks/job/../../data/job/movie_info__info.csv,job-csv,utf8,LibcMemmem,static,full-scan,full-scan,prefix_japan_201,Japan:%201%,1,6674158,100000014,100000000,6674158,6674158,0,1,0,2819897528,0,3079,130,45582486,45582616,6674158,4439405,23878,6.829717846056386,6.829698367943942,0.45582616,
job_movie_info_info,movie_info.info,benchmarks/job/../../data/job/movie_info__info.csv,job-csv,utf8,LibcMemmem,static,full-scan,full-scan,prefix_japan_201,Japan:%201%,2,6674158,100000014,100000000,6674158,6674158,0,1,0,2819897528,0,3079,110,45505786,45505896,6674158,4439405,23878,6.818222763081126,6.818206281601364,0.45505896,
job_movie_info_info,movie_info.info,benchmarks/job/../../data/job/movie_info__info.csv,job-csv,utf8,LibcMemmem,static,full-scan,full-scan,prefix_japan_201,Japan:%201%,3,6674158,100000014,100000000,6674158,6674158,0,1,0,2819897528,0,3079,99,46752690,46752789,6674158,4439405,23878,7.005046778934512,7.005031945602727,0.46752789,
job_movie_info_info,movie_info.info,benchmarks/job/../../data/job/movie_info__info.csv,job-csv,utf8,LibcMemmem,static,full-scan,full-scan,prefix_japan_201,Japan:%201%,4,6674158,100000014,100000000,6674158,6674158,0,1,0,2819897528,0,3079,110,46932899,46933009,6674158,4439405,23878,7.0320494360487125,7.032032954568951,0.46933009,
job_movie_info_info,movie_info.info,benchmarks/job/../../data/job/movie_info__info.csv,job-csv,utf8,LibcMemmem,static,prefix-btree,prefix-btree,prefix_japan_201,Japan:%201%,0,6674158,100000014,100000000,6674158,6674158,0,1,0,2819897528,1454443221,3079,2255450,6728676,8984126,130031,118510,23878,1.346106280372745,51.74670655459083,0.08984126,
job_movie_info_info,movie_info.info,benchmarks/job/../../data/job/movie_info__info.csv,job-csv,utf8,LibcMemmem,static,prefix-btree,prefix-btree,prefix_japan_201,Japan:%201%,1,6674158,100000014,100000000,6674158,6674158,0,1,0,2819897528,1454443221,3079,2221183,7146426,9367609,130031,118510,23878,1.403564164947848,54.959401988756525,0.09367609,
job_movie_info_info,movie_info.info,benchmarks/job/../../data/job/movie_info__info.csv,job-csv,utf8,LibcMemmem,static,prefix-btree,prefix-btree,prefix_japan_201,Japan:%201%,2,6674158,100000014,100000000,6674158,6674158,0,1,0,2819897528,1454443221,3079,2234188,6805136,9039324,130031,118510,23878,1.3543766869169114,52.334720182110416,0.09039324,
job_movie_info_info,movie_info.info,benchmarks/job/../../data/job/movie_info__info.csv,job-csv,utf8,LibcMemmem,static,prefix-btree,prefix-btree,prefix_japan_201,Japan:%201%,3,6674158,100000014,100000000,6674158,6674158,0,1,0,2819897528,1454443221,3079,2224881,7031960,9256841,130031,118510,23878,1.386967614491596,54.0791042136106,0.09256841,
job_movie_info_info,movie_info.info,benchmarks/job/../../data/job/movie_info__info.csv,job-csv,utf8,LibcMemmem,static,prefix-btree,prefix-btree,prefix_japan_201,Japan:%201%,4,6674158,100000014,100000000,6674158,6674158,0,1,0,2819897528,1454443221,3079,2212157,6793450,9005607,130031,118510,23878,1.3493248137068377,52.244849305165694,0.09005607,
job_movie_info_info,movie_info.info,benchmarks/job/../../data/job/movie_info__info.csv,job-csv,utf8,LibcMemmem,static,qgram,full-scan,prefix_japan_201,Japan:%201%,0,6674158,100000014,100000000,6674158,6674158,0,1,0,2819897528,3011267824,3079,691,46069889,46070580,6674158,4439405,23878,6.902830289603572,6.902726755944346,0.4607058,literal-shorter-than-qgram
job_movie_info_info,movie_info.info,benchmarks/job/../../data/job/movie_info__info.csv,job-csv,utf8,LibcMemmem,static,qgram,full-scan,prefix_japan_201,Japan:%201%,1,6674158,100000014,100000000,6674158,6674158,0,1,0,2819897528,3011267824,3079,200,45695608,45695808,6674158,4439405,23878,6.846677588393922,6.846647622067083,0.45695808,literal-shorter-than-qgram
job_movie_info_info,movie_info.info,benchmarks/job/../../data/job/movie_info__info.csv,job-csv,utf8,LibcMemmem,static,qgram,full-scan,prefix_japan_201,Japan:%201%,2,6674158,100000014,100000000,6674158,6674158,0,1,0,2819897528,3011267824,3079,110,45607216,45607326,6674158,4439405,23878,6.833420185737287,6.833403704257526,0.45607326,literal-shorter-than-qgram
job_movie_info_info,movie_info.info,benchmarks/job/../../data/job/movie_info__info.csv,job-csv,utf8,LibcMemmem,static,qgram,full-scan,prefix_japan_201,Japan:%201%,3,6674158,100000014,100000000,6674158,6674158,0,1,0,2819897528,3011267824,3079,250,46027472,46027722,6674158,4439405,23878,6.896408805425343,6.896371347516795,0.46027722,literal-shorter-than-qgram
job_movie_info_info,movie_info.info,benchmarks/job/../../data/job/movie_info__info.csv,job-csv,utf8,LibcMemmem,static,qgram,full-scan,prefix_japan_201,Japan:%201%,4,6674158,100000014,100000000,6674158,6674158,0,1,0,2819897528,3011267824,3079,110,46243949,46244059,6674158,4439405,23878,6.9288229316716805,6.928806450191919,0.46244059,literal-shorter-than-qgram
job_movie_info_info,movie_info.info,benchmarks/job/../../data/job/movie_info__info.csv,job-csv,utf8,LibcMemmem,static,trigram,trigram,prefix_japan_201,Japan:%201%,0,6674158,100000014,100000000,6674158,6674158,0,1,0,2819897528,3531594100,3079,522348,6876629,7398977,130031,118510,23878,1.108600815263888,52.884535226215284,0.07398977,
job_movie_info_info,movie_info.info,benchmarks/job/../../data/job/movie_info__info.csv,job-csv,utf8,LibcMemmem,static,trigram,trigram,prefix_japan_201,Japan:%201%,1,6674158,100000014,100000000,6674158,6674158,0,1,0,2819897528,3531594100,3079,497023,7232428,7729451,130031,118510,23878,1.1581162747420723,55.62079811737201,0.07729451,
job_movie_info_info,movie_info.info,benchmarks/job/../../data/job/movie_info__info.csv,job-csv,utf8,LibcMemmem,static,trigram,trigram,prefix_japan_201,Japan:%201%,2,6674158,100000014,100000000,6674158,6674158,0,1,0,2819897528,3531594100,3079,538330,6820252,7358582,130031,118510,23878,1.1025483664006757,52.45096938422376,0.07358582,
job_movie_info_info,movie_info.info,benchmarks/job/../../data/job/movie_info__info.csv,job-csv,utf8,LibcMemmem,static,trigram,trigram,prefix_japan_201,Japan:%201%,3,6674158,100000014,100000000,6674158,6674158,0,1,0,2819897528,3531594100,3079,543387,6743184,7286571,130031,118510,23878,1.091758840590828,51.85827994862763,0.07286571,
job_movie_info_info,movie_info.info,benchmarks/job/../../data/job/movie_info__info.csv,job-csv,utf8,LibcMemmem,static,trigram,trigram,prefix_japan_201,Japan:%201%,4,6674158,100000014,100000000,6674158,6674158,0,1,0,2819897528,3531594100,3079,501880,6518296,7020176,130031,118510,23878,1.051844442400075,50.12878467442379,0.07020176,
job_movie_info_info,movie_info.info,benchmarks/job/../../data/job/movie_info__info.csv,job-csv,utf8,LibcMemmem,static,fm,fm,prefix_usa_space_199,USA:% 199%,0,6674158,100000014,100000000,6674158,6674158,0,1,0,2819897528,276728844714,2513,5803904,7855915,13659819,263414,263414,78136,2.0466730035459153,29.82345281571974,0.13659819,
job_movie_info_info,movie_info.info,benchmarks/job/../../data/job/movie_info__info.csv,job-csv,utf8,LibcMemmem,static,fm,fm,prefix_usa_space_199,USA:% 199%,1,6674158,100000014,100000000,6674158,6674158,0,1,0,2819897528,276728844714,2513,5628023,7688755,13316778,263414,263414,78136,1.995274609920832,29.188862399113184,0.13316778,
job_movie_info_info,movie_info.info,benchmarks/job/../../data/job/movie_info__info.csv,job-csv,utf8,LibcMemmem,static,fm,fm,prefix_usa_space_199,USA:% 199%,2,6674158,100000014,100000000,6674158,6674158,0,1,0,2819897528,276728844714,2513,5187488,7820976,13008464,263414,263414,78136,1.949079419456357,29.690813700107057,0.13008464,
job_movie_info_info,movie_info.info,benchmarks/job/../../data/job/movie_info__info.csv,job-csv,utf8,LibcMemmem,static,fm,fm,prefix_usa_space_199,USA:% 199%,3,6674158,100000014,100000000,6674158,6674158,0,1,0,2819897528,276728844714,2513,5151397,8195161,13346558,263414,263414,78136,1.9997365959870894,31.111334249508378,0.13346558,
job_movie_info_info,movie_info.info,benchmarks/job/../../data/job/movie_info__info.csv,job-csv,utf8,LibcMemmem,static,fm,fm,prefix_usa_space_199,USA:% 199%,4,6674158,100000014,100000000,6674158,6674158,0,1,0,2819897528,276728844714,2513,5315915,7730081,13045996,263414,263414,78136,1.9547029003508758,29.345748517542727,0.13045996,
job_movie_info_info,movie_info.info,benchmarks/job/../../data/job/movie_info__info.csv,job-csv,utf8,LibcMemmem,static,full-scan,full-scan,prefix_usa_space_199,USA:% 199%,0,6674158,100000014,100000000,6674158,6674158,0,1,0,2819897528,0,2513,371,63878788,63879159,6674158,4607775,78136,9.571118783822618,9.571063196286334,0.63879159,
job_movie_info_info,movie_info.info,benchmarks/job/../../data/job/movie_info__info.csv,job-csv,utf8,LibcMemmem,static,full-scan,full-scan,prefix_usa_space_199,USA:% 199%,1,6674158,100000014,100000000,6674158,6674158,0,1,0,2819897528,0,2513,110,64101294,64101404,6674158,4607775,78136,9.604418115363766,9.604401633884004,0.64101404,
job_movie_info_info,movie_info.info,benchmarks/job/../../data/job/movie_info__info.csv,job-csv,utf8,LibcMemmem,static,full-scan,full-scan,prefix_usa_space_199,USA:% 199%,2,6674158,100000014,100000000,6674158,6674158,0,1,0,2819897528,0,2513,100,67810278,67810378,6674158,4607775,78136,10.160139750961845,10.160124767798425,0.67810378,
job_movie_info_info,movie_info.info,benchmarks/job/../../data/job/movie_info__info.csv,job-csv,utf8,LibcMemmem,static,full-scan,full-scan,prefix_usa_space_199,USA:% 199%,3,6674158,100000014,100000000,6674158,6674158,0,1,0,2819897528,0,2513,110,66581604,66581714,6674158,4607775,78136,9.976047015968156,9.976030534488395,0.66581714,
job_movie_info_info,movie_info.info,benchmarks/job/../../data/job/movie_info__info.csv,job-csv,utf8,LibcMemmem,static,full-scan,full-scan,prefix_usa_space_199,USA:% 199%,4,6674158,100000014,100000000,6674158,6674158,0,1,0,2819897528,0,2513,111,63790136,63790247,6674158,4607775,78136,9.557796953563281,9.557780322251885,0.63790247,
job_movie_info_info,movie_info.info,benchmarks/job/../../data/job/movie_info__info.csv,job-csv,utf8,LibcMemmem,static,prefix-btree,prefix-btree,prefix_usa_space_199,USA:% 199%,0,6674158,100000014,100000000,6674158,6674158,0,1,0,2819897528,1454443221,2513,13450505,28684913,42135418,935876,819018,78136,6.313218536330726,30.650335087126926,0.42135418,
job_movie_info_info,movie_info.info,benchmarks/job/../../data/job/movie_info__info.csv,job-csv,utf8,LibcMemmem,static,prefix-btree,prefix-btree,prefix_usa_space_199,USA:% 199%,1,6674158,100000014,100000000,6674158,6674158,0,1,0,2819897528,1454443221,2513,13615161,29955735,43570896,935876,819018,78136,6.528298550918333,32.00823079125867,0.43570896,
job_movie_info_info,movie_info.info,benchmarks/job/../../data/job/movie_info__info.csv,job-csv,utf8,LibcMemmem,static,prefix-btree,prefix-btree,prefix_usa_space_199,USA:% 199%,2,6674158,100000014,100000000,6674158,6674158,0,1,0,2819897528,1454443221,2513,14215948,29051474,43267422,935876,819018,78136,6.4828285455633505,31.04201197594553,0.43267422,
job_movie_info_info,movie_info.info,benchmarks/job/../../data/job/movie_info__info.csv,job-csv,utf8,LibcMemmem,static,prefix-btree,prefix-btree,prefix_usa_space_199,USA:% 199%,3,6674158,100000014,100000000,6674158,6674158,0,1,0,2819897528,1454443221,2513,16476911,31021839,47498750,935876,819018,78136,7.116815334608501,33.14738170441383,0.4749875,
job_movie_info_info,movie_info.info,benchmarks/job/../../data/job/movie_info__info.csv,job-csv,utf8,LibcMemmem,static,prefix-btree,prefix-btree,prefix_usa_space_199,USA:% 199%,4,6674158,100000014,100000000,6674158,6674158,0,1,0,2819897528,1454443221,2513,13037172,28274855,41312027,935876,819018,78136,6.189848517221199,30.212180887211552,0.41312027,
job_movie_info_info,movie_info.info,benchmarks/job/../../data/job/movie_info__info.csv,job-csv,utf8,LibcMemmem,static,qgram,full-scan,prefix_usa_space_199,USA:% 199%,0,6674158,100000014,100000000,6674158,6674158,0,1,0,2819897528,3011267824,2513,671,64191816,64192487,6674158,4607775,78136,9.618065230100935,9.617964693074393,0.64192487,literal-shorter-than-qgram
job_movie_info_info,movie_info.info,benchmarks/job/../../data/job/movie_info__info.csv,job-csv,utf8,LibcMemmem,static,qgram,full-scan,prefix_usa_space_199,USA:% 199%,1,6674158,100000014,100000000,6674158,6674158,0,1,0,2819897528,3011267824,2513,110,63850181,63850291,6674158,4607775,78136,9.566793444206745,9.566776962726983,0.63850291,literal-shorter-than-qgram
job_movie_info_info,movie_info.info,benchmarks/job/../../data/job/movie_info__info.csv,job-csv,utf8,LibcMemmem,static,qgram,full-scan,prefix_usa_space_199,USA:% 199%,2,6674158,100000014,100000000,6674158,6674158,0,1,0,2819897528,3011267824,2513,101,64588927,64589028,6674158,4607775,78136,9.677479616155326,9.677464483160273,0.64589028,literal-shorter-than-qgram
job_movie_info_info,movie_info.info,benchmarks/job/../../data/job/movie_info__info.csv,job-csv,utf8,LibcMemmem,static,qgram,full-scan,prefix_usa_space_199,USA:% 199%,3,6674158,100000014,100000000,6674158,6674158,0,1,0,2819897528,3011267824,2513,110,63787263,63787373,6674158,4607775,78136,9.557366337446611,9.55734985596685,0.63787373,literal-shorter-than-qgram
job_movie_info_info,movie_info.info,benchmarks/job/../../data/job/movie_info__info.csv,job-csv,utf8,LibcMemmem,static,qgram,full-scan,prefix_usa_space_199,USA:% 199%,4,6674158,100000014,100000000,6674158,6674158,0,1,0,2819897528,3011267824,2513,110,64319691,64319801,6674158,4607775,78136,9.63714089477654,9.637124413296778,0.64319801,literal-shorter-than-qgram
job_movie_info_info,movie_info.info,benchmarks/job/../../data/job/movie_info__info.csv,job-csv,utf8,LibcMemmem,static,trigram,trigram,prefix_usa_space_199,USA:% 199%,0,6674158,100000014,100000000,6674158,6674158,0,1,0,2819897528,3531594100,2513,1021803,7336792,8358595,263414,263414,78136,1.2523819484045777,27.852703349100654,0.08358595,
job_movie_info_info,movie_info.info,benchmarks/job/../../data/job/movie_info__info.csv,job-csv,utf8,LibcMemmem,static,trigram,trigram,prefix_usa_space_199,USA:% 199%,1,6674158,100000014,100000000,6674158,6674158,0,1,0,2819897528,3531594100,2513,1020601,7305939,8326540,263414,263414,78136,1.2475790953705321,27.73557593749763,0.0832654,
job_movie_info_info,movie_info.info,benchmarks/job/../../data/job/movie_info__info.csv,job-csv,utf8,LibcMemmem,static,trigram,trigram,prefix_usa_space_199,USA:% 199%,2,6674158,100000014,100000000,6674158,6674158,0,1,0,2819897528,3531594100,2513,1036994,8041382,9078376,263414,263414,78136,1.360227911895403,30.527542195934917,0.09078376,
job_movie_info_info,movie_info.info,benchmarks/job/../../data/job/movie_info__info.csv,job-csv,utf8,LibcMemmem,static,trigram,trigram,prefix_usa_space_199,USA:% 199%,3,6674158,100000014,100000000,6674158,6674158,0,1,0,2819897528,3531594100,2513,1108512,7710932,8819444,263414,263414,78136,1.3214317071906299,29.273053064757377,0.08819444,
job_movie_info_info,movie_info.info,benchmarks/job/../../data/job/movie_info__info.csv,job-csv,utf8,LibcMemmem,static,trigram,trigram,prefix_usa_space_199,USA:% 199%,4,6674158,100000014,100000000,6674158,6674158,0,1,0,2819897528,3531594100,2513,1064441,7713363,8777804,263414,263414,78136,1.3151927179428475,29.2822818832712,0.08777804,
job_movie_info_info,movie_info.info,benchmarks/job/../../data/job/movie_info__info.csv,job-csv,utf8,LibcMemmem,static,fm,fm,prefix_usa_space_200,USA:% 200%,0,6674158,100000014,100000000,6674158,6674158,0,1,0,2819897528,276728844714,3134,18755087,18002609,36757696,885461,885461,268914,5.5074656608369175,20.33134039782667,0.36757696,
job_movie_info_info,movie_info.info,benchmarks/job/../../data/job/movie_info__info.csv,job-csv,utf8,LibcMemmem,static,fm,fm,prefix_usa_space_200,USA:% 200%,1,6674158,100000014,100000000,6674158,6674158,0,1,0,2819897528,276728844714,3134,18238906,20012168,38251074,885461,885461,268914,5.73122092704428,22.60084633879979,0.38251074,
job_movie_info_info,movie_info.info,benchmarks/job/../../data/job/movie_info__info.csv,job-csv,utf8,LibcMemmem,static,fm,fm,prefix_usa_space_200,USA:% 200%,2,6674158,100000014,100000000,6674158,6674158,0,1,0,2819897528,276728844714,3134,20328906,18607396,38936302,885461,885461,268914,5.833889758078847,21.014359751587026,0.38936302,
job_movie_info_info,movie_info.info,benchmarks/job/../../data/job/movie_info__info.csv,job-csv,utf8,LibcMemmem,static,fm,fm,prefix_usa_space_200,USA:% 200%,3,6674158,100000014,100000000,6674158,6674158,0,1,0,2819897528,276728844714,3134,19260538,18686373,37946911,885461,885461,268914,5.685647687693339,21.10355283857787,0.37946911,
job_movie_info_info,movie_info.info,benchmarks/job/../../data/job/movie_info__info.csv,job-csv,utf8,LibcMemmem,static,fm,fm,prefix_usa_space_200,USA:% 200%,4,6674158,100000014,100000000,6674158,6674158,0,1,0,2819897528,276728844714,3134,18169304,18800789,36970093,885461,885461,268914,5.539289450444535,21.23276914511198,0.36970093,
job_movie_info_info,movie_info.info,benchmarks/job/../../data/job/movie_info__info.csv,job-csv,utf8,LibcMemmem,static,full-scan,full-scan,prefix_usa_space_200,USA:% 200%,0,6674158,100000014,100000000,6674158,6674158,0,1,0,2819897528,0,3134,401,66638845,66639246,6674158,4607775,268914,9.984667129546528,9.984607047061218,0.66639246,
job_movie_info_info,movie_info.info,benchmarks/job/../../data/job/movie_info__info.csv,job-csv,utf8,LibcMemmem,static,full-scan,full-scan,prefix_usa_space_200,USA:% 200%,1,6674158,100000014,100000000,6674158,6674158,0,1,0,2819897528,0,3134,110,67400736,67400846,6674158,4607775,268914,10.098778902147657,10.098762420667896,0.67400846,
job_movie_info_info,movie_info.info,benchmarks/job/../../data/job/movie_info__info.csv,job-csv,utf8,LibcMemmem,static,full-scan,full-scan,prefix_usa_space_200,USA:% 200%,2,6674158,100000014,100000000,6674158,6674158,0,1,0,2819897528,0,3134,150,67061376,67061526,6674158,4607775,268914,10.047938032033404,10.047915557288276,0.67061526,
job_movie_info_info,movie_info.info,benchmarks/job/../../data/job/movie_info__info.csv,job-csv,utf8,LibcMemmem,static,full-scan,full-scan,prefix_usa_space_200,USA:% 200%,3,6674158,100000014,100000000,6674158,6674158,0,1,0,2819897528,0,3134,190,69492436,69492626,6674158,4607775,268914,10.412193717919175,10.412165249908677,0.69492626,
job_movie_info_info,movie_info.info,benchmarks/job/../../data/job/movie_info__info.csv,job-csv,utf8,LibcMemmem,static,full-scan,full-scan,prefix_usa_space_200,USA:% 200%,4,6674158,100000014,100000000,6674158,6674158,0,1,0,2819897528,0,3134,110,68242524,68242634,6674158,4607775,268914,10.224905373831426,10.224888892351665,0.68242634,
job_movie_info_info,movie_info.info,benchmarks/job/../../data/job/movie_info__info.csv,job-csv,utf8,LibcMemmem,static,prefix-btree,prefix-btree,prefix_usa_space_200,USA:% 200%,0,6674158,100000014,100000000,6674158,6674158,0,1,0,2819897528,1454443221,3134,13828321,31891279,45719600,935876,819018,268914,6.850242382634633,34.076393667537154,0.457196,
job_movie_info_info,movie_info.info,benchmarks/job/../../data/job/movie_info__info.csv,job-csv,utf8,LibcMemmem,static,prefix-btree,prefix-btree,prefix_usa_space_200,USA:% 200%,1,6674158,100000014,100000000,6674158,6674158,0,1,0,2819897528,1454443221,3134,13450860,31576085,45026945,935876,819018,268914,6.7464607520529185,33.739603323517215,0.45026945,
job_movie_info_info,movie_info.info,benchmarks/job/../../data/job/movie_info__info.csv,job-csv,utf8,LibcMemmem,static,prefix-btree,prefix-btree,prefix_usa_space_200,USA:% 200%,2,6674158,100000014,100000000,6674158,6674158,0,1,0,2819897528,1454443221,3134,13550254,30967069,44517323,935876,819018,268914,6.670103254972387,33.08885899414025,0.44517323,
job_movie_info_info,movie_info.info,benchmarks/job/../../data/job/movie_info__info.csv,job-csv,utf8,LibcMemmem,static,prefix-btree,prefix-btree,prefix_usa_space_200,USA:% 200%,3,6674158,100000014,100000000,6674158,6674158,0,1,0,2819897528,1454443221,3134,13518631,30930099,44448730,935876,819018,268914,6.6598258536882105,33.04935589757618,0.4444873,
job_movie_info_info,movie_info.info,benchmarks/job/../../data/job/movie_info__info.csv,job-csv,utf8,LibcMemmem,static,prefix-btree,prefix-btree,prefix_usa_space_200,USA:% 200%,4,6674158,100000014,100000000,6674158,6674158,0,1,0,2819897528,1454443221,3134,13381535,30988890,44370425,935876,819018,268914,6.648093287572754,33.11217511721638,0.44370425,
job_movie_info_info,movie_info.info,benchmarks/job/../../data/job/movie_info__info.csv,job-csv,utf8,LibcMemmem,static,qgram,full-scan,prefix_usa_space_200,USA:% 200%,0,6674158,100000014,100000000,6674158,6674158,0,1,0,2819897528,3011267824,3134,370,66739706,66740076,6674158,4607775,268914,9.999774653222174,9.999719215517523,0.66740076,literal-shorter-than-qgram
job_movie_info_info,movie_info.info,benchmarks/job/../../data/job/movie_info__info.csv,job-csv,utf8,LibcMemmem,static,qgram,full-scan,prefix_usa_space_200,USA:% 200%,1,6674158,100000014,100000000,6674158,6674158,0,1,0,2819897528,3011267824,3134,110,64296865,64296975,6674158,4607775,268914,9.633720837894458,9.633704356414697,0.64296975,literal-shorter-than-qgram
job_movie_info_info,movie_info.info,benchmarks/job/../../data/job/movie_info__info.csv,job-csv,utf8,LibcMemmem,static,qgram,full-scan,prefix_usa_space_200,USA:% 200%,2,6674158,100000014,100000000,6674158,6674158,0,1,0,2819897528,3011267824,3134,110,80502476,80502586,6674158,4607775,268914,12.061834017114968,12.061817535635207,0.80502586,literal-shorter-than-qgram
job_movie_info_info,movie_info.info,benchmarks/job/../../data/job/movie_info__info.csv,job-csv,utf8,LibcMemmem,static,qgram,full-scan,prefix_usa_space_200,USA:% 200%,3,6674158,100000014,100000000,6674158,6674158,0,1,0,2819897528,3011267824,3134,110,66243989,66244099,6674158,4607775,268914,9.925461608790203,9.925445127310441,0.66244099,literal-shorter-than-qgram
job_movie_info_info,movie_info.info,benchmarks/job/../../data/job/movie_info__info.csv,job-csv,utf8,LibcMemmem,static,qgram,full-scan,prefix_usa_space_200,USA:% 200%,4,6674158,100000014,100000000,6674158,6674158,0,1,0,2819897528,3011267824,3134,110,66326019,66326129,6674158,4607775,268914,9.937752297743026,9.937735816263265,0.66326129,literal-shorter-than-qgram
job_movie_info_info,movie_info.info,benchmarks/job/../../data/job/movie_info__info.csv,job-csv,utf8,LibcMemmem,static,trigram,trigram,prefix_usa_space_200,USA:% 200%,0,6674158,100000014,100000000,6674158,6674158,0,1,0,2819897528,3531594100,3134,2875893,18355892,21231785,885461,885461,268914,3.181193043377157,20.730322397033863,0.21231785,
job_movie_info_info,movie_info.info,benchmarks/job/../../data/job/movie_info__info.csv,job-csv,utf8,LibcMemmem,static,trigram,trigram,prefix_usa_space_200,USA:% 200%,1,6674158,100000014,100000000,6674158,6674158,0,1,0,2819897528,3531594100,3134,2563093,18175228,20738321,885461,885461,268914,3.1072565258419114,20.526288566068974,0.20738321,
job_movie_info_info,movie_info.info,benchmarks/job/../../data/job/movie_info__info.csv,job-csv,utf8,LibcMemmem,static,trigram,trigram,prefix_usa_space_200,USA:% 200%,2,6674158,100000014,100000000,6674158,6674158,0,1,0,2819897528,3531594100,3134,2685698,18057272,20742970,885461,885461,268914,3.107953093109273,20.393074342065884,0.2074297,
job_movie_info_info,movie_info.info,benchmarks/job/../../data/job/movie_info__info.csv,job-csv,utf8,LibcMemmem,static,trigram,trigram,prefix_usa_space_200,USA:% 200%,3,6674158,100000014,100000000,6674158,6674158,0,1,0,2819897528,3531594100,3134,2854124,18233575,21087699,885461,885461,268914,3.159604402532874,20.59218305492845,0.21087699,
job_movie_info_info,movie_info.info,benchmarks/job/../../data/job/movie_info__info.csv,job-csv,utf8,LibcMemmem,static,trigram,trigram,prefix_usa_space_200,USA:% 200%,4,6674158,100000014,100000000,6674158,6674158,0,1,0,2819897528,3531594100,3134,2727635,18302731,21030366,885461,885461,268914,3.1510141054497063,20.670284744330917,0.21030366,
job_movie_info_info,movie_info.info,benchmarks/job/../../data/job/movie_info__info.csv,job-csv,utf8,LibcMemmem,static,fm,fm,prefix_usa_200,USA:%200%,0,6674158,100000014,100000000,6674158,6674158,0,1,0,2819897528,276728844714,3004,19875734,34323284,54199018,935876,833915,294734,8.120727438577271,36.67503387200868,0.54199018,
job_movie_info_info,movie_info.info,benchmarks/job/../../data/job/movie_info__info.csv,job-csv,utf8,LibcMemmem,static,fm,fm,prefix_usa_200,USA:%200%,1,6674158,100000014,100000000,6674158,6674158,0,1,0,2819897528,276728844714,3004,19623003,34042145,53665148,935876,833915,294734,8.040736824030837,36.37463189567849,0.53665148,
job_movie_info_info,movie_info.info,benchmarks/job/../../data/job/movie_info__info.csv,job-csv,utf8,LibcMemmem,static,fm,fm,prefix_usa_200,USA:%200%,2,6674158,100000014,100000000,6674158,6674158,0,1,0,2819897528,276728844714,3004,19766267,33267215,53033482,935876,833915,294734,7.9460932749868975,35.54660553321167,0.53033482,
job_movie_info_info,movie_info.info,benchmarks/job/../../data/job/movie_info__info.csv,job-csv,utf8,LibcMemmem,static,fm,fm,prefix_usa_200,USA:%200%,3,6674158,100000014,100000000,6674158,6674158,0,1,0,2819897528,276728844714,3004,19966935,33364346,53331281,935876,833915,294734,7.9907129858178365,35.650391718561,0.53331281,
job_movie_info_info,movie_info.info,benchmarks/job/../../data/job/movie_info__info.csv,job-csv,utf8,LibcMemmem,static,fm,fm,prefix_usa_200,USA:%200%,4,6674158,100000014,100000000,6674158,6674158,0,1,0,2819897528,276728844714,3004,19314960,34100965,53415925,935876,833915,294734,8.00339533466244,36.437482102329795,0.53415925,
job_movie_info_info,movie_info.info,benchmarks/job/../../data/job/movie_info__info.csv,job-csv,utf8,LibcMemmem,static,full-scan,full-scan,prefix_usa_200,USA:%200%,0,6674158,100000014,100000000,6674158,6674158,0,1,0,2819897528,0,3004,410,73108492,73108902,6674158,5402091,294734,10.954026260690862,10.953964829720842,0.73108902,
job_movie_info_info,movie_info.info,benchmarks/job/../../data/job/movie_info__info.csv,job-csv,utf8,LibcMemmem,static,full-scan,full-scan,prefix_usa_200,USA:%200%,1,6674158,100000014,100000000,6674158,6674158,0,1,0,2819897528,0,3004,120,73542887,73543007,6674158,5402091,294734,11.019068922252066,11.019050942455962,0.73543007,
job_movie_info_info,movie_info.info,benchmarks/job/../../data/job/movie_info__info.csv,job-csv,utf8,LibcMemmem,static,full-scan,full-scan,prefix_usa_200,USA:%200%,2,6674158,100000014,100000000,6674158,6674158,0,1,0,2819897528,0,3004,110,85807627,85807737,6674158,5402091,294734,12.85671346108378,12.856696979604019,0.85807737,
job_movie_info_info,movie_info.info,benchmarks/job/../../data/job/movie_info__info.csv,job-csv,utf8,LibcMemmem,static,full-scan,full-scan,prefix_usa_200,USA:%200%,3,6674158,100000014,100000000,6674158,6674158,0,1,0,2819897528,0,3004,110,74916633,74916743,6674158,5402091,294734,11.22489803208135,11.224881550601589,0.74916743,
job_movie_info_info,movie_info.info,benchmarks/job/../../data/job/movie_info__info.csv,job-csv,utf8,LibcMemmem,static,full-scan,full-scan,prefix_usa_200,USA:%200%,4,6674158,100000014,100000000,6674158,6674158,0,1,0,2819897528,0,3004,120,74493369,74493489,6674158,5402091,294734,11.161481193582771,11.161463213786668,0.74493489,
job_movie_info_info,movie_info.info,benchmarks/job/../../data/job/movie_info__info.csv,job-csv,utf8,LibcMemmem,static,prefix-btree,prefix-btree,prefix_usa_200,USA:%200%,0,6674158,100000014,100000000,6674158,6674158,0,1,0,2819897528,1454443221,3004,14135335,34362970,48498305,935876,833915,294734,7.266580293723942,36.717439062439894,0.48498305,
job_movie_info_info,movie_info.info,benchmarks/job/../../data/job/movie_info__info.csv,job-csv,utf8,LibcMemmem,static,prefix-btree,prefix-btree,prefix_usa_200,USA:%200%,1,6674158,100000014,100000000,6674158,6674158,0,1,0,2819897528,1454443221,3004,13244306,33516791,46761097,935876,833915,294734,7.006291580151384,35.81328188777146,0.46761097,
job_movie_info_info,movie_info.info,benchmarks/job/../../data/job/movie_info__info.csv,job-csv,utf8,LibcMemmem,static,prefix-btree,prefix-btree,prefix_usa_200,USA:%200%,2,6674158,100000014,100000000,6674158,6674158,0,1,0,2819897528,1454443221,3004,13033904,34688033,47721937,935876,833915,294734,7.150255807549057,37.064774606892364,0.47721937,
job_movie_info_info,movie_info.info,benchmarks/job/../../data/job/movie_info__info.csv,job-csv,utf8,LibcMemmem,static,prefix-btree,prefix-btree,prefix_usa_200,USA:%200%,3,6674158,100000014,100000000,6674158,6674158,0,1,0,2819897528,1454443221,3004,13410499,34208633,47619132,935876,833915,294734,7.134852366395881,36.55252725788459,0.47619132,
job_movie_info_info,movie_info.info,benchmarks/job/../../data/job/movie_info__info.csv,job-csv,utf8,LibcMemmem,static,prefix-btree,prefix-btree,prefix_usa_200,USA:%200%,4,6674158,100000014,100000000,6674158,6674158,0,1,0,2819897528,1454443221,3004,14118603,34418404,48537007,935876,833915,294734,7.272379077630466,36.7766712684159,0.48537007,
job_movie_info_info,movie_info.info,benchmarks/job/../../data/job/movie_info__info.csv,job-csv,utf8,LibcMemmem,static,qgram,full-scan,prefix_usa_200,USA:%200%,0,6674158,100000014,100000000,6674158,6674158,0,1,0,2819897528,3011267824,3004,371,72961703,72962074,6674158,5402091,294734,10.932026781505622,10.931971193969337,0.72962074,literal-shorter-than-qgram
job_movie_info_info,movie_info.info,benchmarks/job/../../data/job/movie_info__info.csv,job-csv,utf8,LibcMemmem,static,qgram,full-scan,prefix_usa_200,USA:%200%,1,6674158,100000014,100000000,6674158,6674158,0,1,0,2819897528,3011267824,3004,120,73378329,73378449,6674158,5402091,294734,10.99441292819259,10.994394948396486,0.73378449,literal-shorter-than-qgram
job_movie_info_info,movie_info.info,benchmarks/job/../../data/job/movie_info__info.csv,job-csv,utf8,LibcMemmem,static,qgram,full-scan,prefix_usa_200,USA:%200%,2,6674158,100000014,100000000,6674158,6674158,0,1,0,2819897528,3011267824,3004,101,77488006,77488107,6674158,5402091,294734,11.61016970230552,11.610154569310465,0.77488107,literal-shorter-than-qgram
job_movie_info_info,movie_info.info,benchmarks/job/../../data/job/movie_info__info.csv,job-csv,utf8,LibcMemmem,static,qgram,full-scan,prefix_usa_200,USA:%200%,3,6674158,100000014,100000000,6674158,6674158,0,1,0,2819897528,3011267824,3004,110,75038444,75038554,6674158,5402091,294734,11.243149173273991,11.24313269179423,0.75038554,literal-shorter-than-qgram
job_movie_info_info,movie_info.info,benchmarks/job/../../data/job/movie_info__info.csv,job-csv,utf8,LibcMemmem,static,qgram,full-scan,prefix_usa_200,USA:%200%,4,6674158,100000014,100000000,6674158,6674158,0,1,0,2819897528,3011267824,3004,110,75705366,75705476,6674158,5402091,294734,11.343075186413028,11.343058704933267,0.75705476,literal-shorter-than-qgram
job_movie_info_info,movie_info.info,benchmarks/job/../../data/job/movie_info__info.csv,job-csv,utf8,LibcMemmem,static,trigram,trigram,prefix_usa_200,USA:%200%,0,6674158,100000014,100000000,6674158,6674158,0,1,0,2819897528,3531594100,3004,1512236,34190695,35702931,935876,833915,294734,5.349428497197699,36.533360188742954,0.35702931,
job_movie_info_info,movie_info.info,benchmarks/job/../../data/job/movie_info__info.csv,job-csv,utf8,LibcMemmem,static,trigram,trigram,prefix_usa_200,USA:%200%,1,6674158,100000014,100000000,6674158,6674158,0,1,0,2819897528,3531594100,3004,1675803,35023274,36699077,935876,833915,294734,5.498682680272178,37.42298552372323,0.36699077,
job_movie_info_info,movie_info.info,benchmarks/job/../../data/job/movie_info__info.csv,job-csv,utf8,LibcMemmem,static,trigram,trigram,prefix_usa_200,USA:%200%,2,6674158,100000014,100000000,6674158,6674158,0,1,0,2819897528,3531594100,3004,2418044,34769053,37187097,935876,833915,294734,5.571803514390879,37.151345904799356,0.37187097,
job_movie_info_info,movie_info.info,benchmarks/job/../../data/job/movie_info__info.csv,job-csv,utf8,LibcMemmem,static,trigram,trigram,prefix_usa_200,USA:%200%,3,6674158,100000014,100000000,6674158,6674158,0,1,0,2819897528,3531594100,3004,1800755,35690674,37491429,935876,833915,294734,5.617402075287999,38.13611418606739,0.37491429,
job_movie_info_info,movie_info.info,benchmarks/job/../../data/job/movie_info__info.csv,job-csv,utf8,LibcMemmem,static,trigram,trigram,prefix_usa_200,USA:%200%,4,6674158,100000014,100000000,6674158,6674158,0,1,0,2819897528,3531594100,3004,1883828,34877441,36761269,935876,833915,294734,5.508001009265888,37.267160393043525,0.36761269,
job_movie_info_info,movie_info.info,benchmarks/job/../../data/job/movie_info__info.csv,job-csv,utf8,LibcMemmem,static,fm,fm,prefix_usa_2008,USA:%2008%,0,6674158,100000014,100000000,6674158,6674158,0,1,0,2819897528,276728844714,2868,2939550,5775478,8715028,135571,135355,45638,1.3057868872747693,42.60113151042627,0.08715028,
job_movie_info_info,movie_info.info,benchmarks/job/../../data/job/movie_info__info.csv,job-csv,utf8,LibcMemmem,static,fm,fm,prefix_usa_2008,USA:%2008%,1,6674158,100000014,100000000,6674158,6674158,0,1,0,2819897528,276728844714,2868,2721409,6050203,8771612,135571,135355,45638,1.3142649604639267,44.627560466471444,0.08771612,
job_movie_info_info,movie_info.info,benchmarks/job/../../data/job/movie_info__info.csv,job-csv,utf8,LibcMemmem,static,fm,fm,prefix_usa_2008,USA:%2008%,2,6674158,100000014,100000000,6674158,6674158,0,1,0,2819897528,276728844714,2868,2856888,5873173,8730061,135571,135355,45638,1.3080393062315876,43.32175022681842,0.08730061,
job_movie_info_info,movie_info.info,benchmarks/job/../../data/job/movie_info__info.csv,job-csv,utf8,LibcMemmem,static,fm,fm,prefix_usa_2008,USA:%2008%,3,6674158,100000014,100000000,6674158,6674158,0,1,0,2819897528,276728844714,2868,2733144,5978176,8711320,135571,135355,45638,1.305231311575183,44.096274276947135,0.0871132,
job_movie_info_info,movie_info.info,benchmarks/job/../../data/job/movie_info__info.csv,job-csv,utf8,LibcMemmem,static,fm,fm,prefix_usa_2008,USA:%2008%,4,6674158,100000014,100000000,6674158,6674158,0,1,0,2819897528,276728844714,2868,2739441,5840069,8579510,135571,135355,45638,1.2854820038722488,43.07756821149066,0.0857951,
job_movie_info_info,movie_info.info,benchmarks/job/../../data/job/movie_info__info.csv,job-csv,utf8,LibcMemmem,static,full-scan,full-scan,prefix_usa_2008,USA:%2008%,0,6674158,100000014,100000000,6674158,6674158,0,1,0,2819897528,0,2868,520,66202270,66202790,6674158,4607775,45638,9.919272213813338,9.919194301363557,0.6620279,
job_movie_info_info,movie_info.info,benchmarks/job/../../data/job/movie_info__info.csv,job-csv,utf8,LibcMemmem,static,full-scan,full-scan,prefix_usa_2008,USA:%2008%,1,6674158,100000014,100000000,6674158,6674158,0,1,0,2819897528,0,2868,110,65074825,65074935,6674158,4607775,45638,9.750283856030977,9.750267374551218,0.65074935,
job_movie_info_info,movie_info.info,benchmarks/job/../../data/job/movie_info__info.csv,job-csv,utf8,LibcMemmem,static,full-scan,full-scan,prefix_usa_2008,USA:%2008%,2,6674158,100000014,100000000,6674158,6674158,0,1,0,2819897528,0,2868,110,65569716,65569826,6674158,4607775,45638,9.824434183308217,9.824417701828455,0.65569826,
job_movie_info_info,movie_info.info,benchmarks/job/../../data/job/movie_info__info.csv,job-csv,utf8,LibcMemmem,static,full-scan,full-scan,prefix_usa_2008,USA:%2008%,3,6674158,100000014,100000000,6674158,6674158,0,1,0,2819897528,0,2868,100,64295340,64295440,6674158,4607775,45638,9.633490846335972,9.633475863172553,0.6429544,
job_movie_info_info,movie_info.info,benchmarks/job/../../data/job/movie_info__info.csv,job-csv,utf8,LibcMemmem,static,full-scan,full-scan,prefix_usa_2008,USA:%2008%,4,6674158,100000014,100000000,6674158,6674158,0,1,0,2819897528,0,2868,150,63444655,63444805,6674158,4607775,45638,9.506038814184501,9.506016339439372,0.63444805,
job_movie_info_info,movie_info.info,benchmarks/job/../../data/job/movie_info__info.csv,job-csv,utf8,LibcMemmem,static,prefix-btree,prefix-btree,prefix_usa_2008,USA:%2008%,0,6674158,100000014,100000000,6674158,6674158,0,1,0,2819897528,1454443221,2868,14054543,28828988,42883531,935876,819018,45638,6.425309529681497,30.80428176382341,0.42883531,
job_movie_info_info,movie_info.info,benchmarks/job/../../data/job/movie_info__info.csv,job-csv,utf8,LibcMemmem,static,prefix-btree,prefix-btree,prefix_usa_2008,USA:%2008%,1,6674158,100000014,100000000,6674158,6674158,0,1,0,2819897528,1454443221,2868,13629554,29107932,42737486,935876,819018,45638,6.40342736866583,31.102338343968647,0.42737486,
job_movie_info_info,movie_info.info,benchmarks/job/../../data/job/movie_info__info.csv,job-csv,utf8,LibcMemmem,static,prefix-btree,prefix-btree,prefix_usa_2008,USA:%2008%,2,6674158,100000014,100000000,6674158,6674158,0,1,0,2819897528,1454443221,2868,13669246,29107702,42776948,935876,819018,45638,6.409340024614341,31.102092584915095,0.42776948,
job_movie_info_info,movie_info.info,benchmarks/job/../../data/job/movie_info__info.csv,job-csv,utf8,LibcMemmem,static,prefix-btree,prefix-btree,prefix_usa_2008,USA:%2008%,3,6674158,100000014,100000000,6674158,6674158,0,1,0,2819897528,1454443221,2868,13504861,29594023,43098884,935876,819018,45638,6.457576221599789,31.621735144399473,0.43098884,
job_movie_info_info,movie_info.info,benchmarks/job/../../data/job/movie_info__info.csv,job-csv,utf8,LibcMemmem,static,prefix-btree,prefix-btree,prefix_usa_2008,USA:%2008%,4,6674158,100000014,100000000,6674158,6674158,0,1,0,2819897528,1454443221,2868,13766712,33666622,47433334,935876,819018,45638,7.107013948426154,35.97337895191243,0.47433334,
job_movie_info_info,movie_info.info,benchmarks/job/../../data/job/movie_info__info.csv,job-csv,utf8,LibcMemmem,static,qgram,full-scan,prefix_usa_2008,USA:%2008%,0,6674158,100000014,100000000,6674158,6674158,0,1,0,2819897528,3011267824,2868,319,77975483,77975802,6674158,4607775,45638,11.683241841143108,11.6831940448518,0.77975802,literal-shorter-than-qgram
job_movie_info_info,movie_info.info,benchmarks/job/../../data/job/movie_info__info.csv,job-csv,utf8,LibcMemmem,static,qgram,full-scan,prefix_usa_2008,USA:%2008%,1,6674158,100000014,100000000,6674158,6674158,0,1,0,2819897528,3011267824,2868,110,67549545,67549655,6674158,4607775,45638,10.121075197800232,10.121058716320471,0.67549655,literal-shorter-than-qgram
job_movie_info_info,movie_info.info,benchmarks/job/../../data/job/movie_info__info.csv,job-csv,utf8,LibcMemmem,static,qgram,full-scan,prefix_usa_2008,USA:%2008%,2,6674158,100000014,100000000,6674158,6674158,0,1,0,2819897528,3011267824,2868,110,67329601,67329711,6674158,4607775,45638,10.088120628849362,10.0881041473696,0.67329711,literal-shorter-than-qgram
job_movie_info_info,movie_info.info,benchmarks/job/../../data/job/movie_info__info.csv,job-csv,utf8,LibcMemmem,static,qgram,full-scan,prefix_usa_2008,USA:%2008%,3,6674158,100000014,100000000,6674158,6674158,0,1,0,2819897528,3011267824,2868,110,67282404,67282514,6674158,4607775,45638,10.08104902521037,10.08103254373061,0.67282514,literal-shorter-than-qgram
job_movie_info_info,movie_info.info,benchmarks/job/../../data/job/movie_info__info.csv,job-csv,utf8,LibcMemmem,static,qgram,full-scan,prefix_usa_2008,USA:%2008%,4,6674158,100000014,100000000,6674158,6674158,0,1,0,2819897528,3011267824,2868,110,66003441,66003551,6674158,4607775,45638,9.889419908848428,9.889403427368666,0.66003551,literal-shorter-than-qgram
job_movie_info_info,movie_info.info,benchmarks/job/../../data/job/movie_info__info.csv,job-csv,utf8,LibcMemmem,static,trigram,trigram,prefix_usa_2008,USA:%2008%,0,6674158,100000014,100000000,6674158,6674158,0,1,0,2819897528,3531594100,2868,1401457,6018529,7419986,135572,135356,45638,1.1117486280666415,44.393598973239314,0.07419986,
job_movie_info_info,movie_info.info,benchmarks/job/../../data/job/movie_info__info.csv,job-csv,utf8,LibcMemmem,static,trigram,trigram,prefix_usa_2008,USA:%2008%,1,6674158,100000014,100000000,6674158,6674158,0,1,0,2819897528,3531594100,2868,1203606,5744646,6948252,135572,135356,45638,1.0410679519424024,42.37339568642493,0.06948252,
job_movie_info_info,movie_info.info,benchmarks/job/../../data/job/movie_info__info.csv,job-csv,utf8,LibcMemmem,static,trigram,trigram,prefix_usa_2008,USA:%2008%,2,6674158,100000014,100000000,6674158,6674158,0,1,0,2819897528,3531594100,2868,1189033,6109609,7298642,135572,135356,45638,1.0935674582471677,45.065419113091195,0.07298642,
job_movie_info_info,movie_info.info,benchmarks/job/../../data/job/movie_info__info.csv,job-csv,utf8,LibcMemmem,static,trigram,trigram,prefix_usa_2008,USA:%2008%,3,6674158,100000014,100000000,6674158,6674158,0,1,0,2819897528,3531594100,2868,1168572,5800500,6969072,135572,135356,45638,1.0441874465662935,42.78538341250405,0.06969072,
job_movie_info_info,movie_info.info,benchmarks/job/../../data/job/movie_info__info.csv,job-csv,utf8,LibcMemmem,static,trigram,trigram,prefix_usa_2008,USA:%2008%,4,6674158,100000014,100000000,6674158,6674158,0,1,0,2819897528,3531594100,2868,1168452,6155775,7324227,135572,135356,45638,1.0974009006079868,45.40594665565161,0.07324227,
job_movie_info_info,movie_info.info,benchmarks/job/../../data/job/movie_info__info.csv,job-csv,utf8,LibcMemmem,static,fm,fm,prefix_usa_201,USA:%201%,0,6674158,100000014,100000000,6674158,6674158,0,1,0,2819897528,276728844714,2568,20260784,35132814,55393598,935876,833915,227707,8.299713312151136,37.54003094427039,0.55393598,
job_movie_info_info,movie_info.info,benchmarks/job/../../data/job/movie_info__info.csv,job-csv,utf8,LibcMemmem,static,fm,fm,prefix_usa_201,USA:%201%,1,6674158,100000014,100000000,6674158,6674158,0,1,0,2819897528,276728844714,2568,20723458,35086850,55810308,935876,833915,227707,8.362149652435559,37.4909176001949,0.55810308,
job_movie_info_info,movie_info.info,benchmarks/job/../../data/job/movie_info__info.csv,job-csv,utf8,LibcMemmem,static,fm,fm,prefix_usa_201,USA:%201%,2,6674158,100000014,100000000,6674158,6674158,0,1,0,2819897528,276728844714,2568,20469820,34793067,55262887,935876,833915,227707,8.280128669414179,37.1770052870252,0.55262887,
job_movie_info_info,movie_info.info,benchmarks/job/../../data/job/movie_info__info.csv,job-csv,utf8,LibcMemmem,static,fm,fm,prefix_usa_201,USA:%201%,3,6674158,100000014,100000000,6674158,6674158,0,1,0,2819897528,276728844714,2568,19270058,34438810,53708868,935876,833915,227707,8.047287463077739,36.798475439053895,0.53708868,
job_movie_info_info,movie_info.info,benchmarks/job/../../data/job/movie_info__info.csv,job-csv,utf8,LibcMemmem,static,fm,fm,prefix_usa_201,USA:%201%,4,6674158,100000014,100000000,6674158,6674158,0,1,0,2819897528,276728844714,2568,19982623,35146783,55129406,935876,833915,227707,8.26012899305051,37.55495706696186,0.55129406,
job_movie_info_info,movie_info.info,benchmarks/job/../../data/job/movie_info__info.csv,job-csv,utf8,LibcMemmem,static,full-scan,full-scan,prefix_usa_201,USA:%201%,0,6674158,100000014,100000000,6674158,6674158,0,1,0,2819897528,0,2568,530,74662892,74663422,6674158,5402091,227707,11.186942532676031,11.18686312190991,0.74663422,
job_movie_info_info,movie_info.info,benchmarks/job/../../data/job/movie_info__info.csv,job-csv,utf8,LibcMemmem,static,full-scan,full-scan,prefix_usa_201,USA:%201%,1,6674158,100000014,100000000,6674158,6674158,0,1,0,2819897528,0,2568,200,75004220,75004420,6674158,5402091,227707,11.23803482027246,11.238004853945622,0.7500442,
job_movie_info_info,movie_info.info,benchmarks/job/../../data/job/movie_info__info.csv,job-csv,utf8,LibcMemmem,static,full-scan,full-scan,prefix_usa_201,USA:%201%,2,6674158,100000014,100000000,6674158,6674158,0,1,0,2819897528,0,2568,110,74526149,74526259,6674158,5402091,227707,11.166391176235264,11.166374694755504,0.74526259,
job_movie_info_info,movie_info.info,benchmarks/job/../../data/job/movie_info__info.csv,job-csv,utf8,LibcMemmem,static,full-scan,full-scan,prefix_usa_201,USA:%201%,3,6674158,100000014,100000000,6674158,6674158,0,1,0,2819897528,0,2568,100,73967569,73967669,6674158,5402091,227707,11.082696723691587,11.082681740528168,0.73967669,
job_movie_info_info,movie_info.info,benchmarks/job/../../data/job/movie_info__info.csv,job-csv,utf8,LibcMemmem,static,full-scan,full-scan,prefix_usa_201,USA:%201%,4,6674158,100000014,100000000,6674158,6674158,0,1,0,2819897528,0,2568,111,73663666,73663777,6674158,5402091,227707,11.037164088713512,11.037147457402117,0.73663777,
job_movie_info_info,movie_info.info,benchmarks/job/../../data/job/movie_info__info.csv,job-csv,utf8,LibcMemmem,static,prefix-btree,prefix-btree,prefix_usa_201,USA:%201%,0,6674158,100000014,100000000,6674158,6674158,0,1,0,2819897528,1454443221,2568,14195630,35502557,49698187,935876,833915,227707,7.446360574622297,37.93510785616898,0.49698187,
job_movie_info_info,movie_info.info,benchmarks/job/../../data/job/movie_info__info.csv,job-csv,utf8,LibcMemmem,static,prefix-btree,prefix-btree,prefix_usa_201,USA:%201%,1,6674158,100000014,100000000,6674158,6674158,0,1,0,2819897528,1454443221,2568,15204770,34823212,50027982,935876,833915,227707,7.495774298420865,37.209215750804596,0.50027982,
job_movie_info_info,movie_info.info,benchmarks/job/../../data/job/movie_info__info.csv,job-csv,utf8,LibcMemmem,static,prefix-btree,prefix-btree,prefix_usa_201,USA:%201%,2,6674158,100000014,100000000,6674158,6674158,0,1,0,2819897528,1454443221,2568,13450635,34418175,47868810,935876,833915,227707,7.172262029157835,36.776426577879974,0.4786881,
job_movie_info_info,movie_info.info,benchmarks/job/../../data/job/movie_info__info.csv,job-csv,utf8,LibcMemmem,static,prefix-btree,prefix-btree,prefix_usa_201,USA:%201%,3,6674158,100000014,100000000,6674158,6674158,0,1,0,2819897528,1454443221,2568,13317410,34152554,47469964,935876,833915,227707,7.1125022811866305,36.492605858041024,0.47469964,
job_movie_info_info,movie_info.info,benchmarks/job/../../data/job/movie_info__info.csv,job-csv,utf8,LibcMemmem,static,prefix-btree,prefix-btree,prefix_usa_201,USA:%201%,4,6674158,100000014,100000000,6674158,6674158,0,1,0,2819897528,1454443221,2568,13479913,34320681,47800594,935876,833915,227707,7.162041114399749,36.67225252063307,0.47800594,
job_movie_info_info,movie_info.info,benchmarks/job/../../data/job/movie_info__info.csv,job-csv,utf8,LibcMemmem,static,qgram,full-scan,prefix_usa_201,USA:%201%,0,6674158,100000014,100000000,6674158,6674158,0,1,0,2819897528,3011267824,2568,382,76070455,76070837,6674158,5402091,227707,11.397817822113291,11.39776058642903,0.76070837,literal-shorter-than-qgram
job_movie_info_info,movie_info.info,benchmarks/job/../../data/job/movie_info__info.csv,job-csv,utf8,LibcMemmem,static,qgram,full-scan,prefix_usa_201,USA:%201%,1,6674158,100000014,100000000,6674158,6674158,0,1,0,2819897528,3011267824,2568,111,76083831,76083942,6674158,5402091,227707,11.399781365679386,11.399764734367992,0.76083942,literal-shorter-than-qgram
job_movie_info_info,movie_info.info,benchmarks/job/../../data/job/movie_info__info.csv,job-csv,utf8,LibcMemmem,static,qgram,full-scan,prefix_usa_201,USA:%201%,2,6674158,100000014,100000000,6674158,6674158,0,1,0,2819897528,3011267824,2568,110,74034415,74034525,6674158,5402091,227707,11.092713867427172,11.09269738594741,0.74034525,literal-shorter-than-qgram
job_movie_info_info,movie_info.info,benchmarks/job/../../data/job/movie_info__info.csv,job-csv,utf8,LibcMemmem,static,qgram,full-scan,prefix_usa_201,USA:%201%,3,6674158,100000014,100000000,6674158,6674158,0,1,0,2819897528,3011267824,2568,120,87569004,87569124,6674158,5402091,227707,13.120624953739483,13.12060697394338,0.87569124,literal-shorter-than-qgram
job_movie_info_info,movie_info.info,benchmarks/job/../../data/job/movie_info__info.csv,job-csv,utf8,LibcMemmem,static,qgram,full-scan,prefix_usa_201,USA:%201%,4,6674158,100000014,100000000,6674158,6674158,0,1,0,2819897528,3011267824,2568,111,73866850,73866961,6674158,5402091,227707,11.067607479475313,11.067590848163919,0.73866961,literal-shorter-than-qgram
job_movie_info_info,movie_info.info,benchmarks/job/../../data/job/movie_info__info.csv,job-csv,utf8,LibcMemmem,static,trigram,trigram,prefix_usa_201,USA:%201%,0,6674158,100000014,100000000,6674158,6674158,0,1,0,2819897528,3531594100,2568,1741796,48720360,50462156,935876,833915,227707,7.560827298364828,52.0585633139433,0.50462156,
job_movie_info_info,movie_info.info,benchmarks/job/../../data/job/movie_info__info.csv,job-csv,utf8,LibcMemmem,static,trigram,trigram,prefix_usa_201,USA:%201%,1,6674158,100000014,100000000,6674158,6674158,0,1,0,2819897528,3531594100,2568,1736180,35649260,37385440,935876,833915,227707,5.6015215702115535,38.09186259718168,0.3738544,
job_movie_info_info,movie_info.info,benchmarks/job/../../data/job/movie_info__info.csv,job-csv,utf8,LibcMemmem,static,trigram,trigram,prefix_usa_201,USA:%201%,2,6674158,100000014,100000000,6674158,6674158,0,1,0,2819897528,3531594100,2568,1943374,34714139,36657513,935876,833915,227707,5.492455078228595,37.0926693279879,0.36657513,
job_movie_info_info,movie_info.info,benchmarks/job/../../data/job/movie_info__info.csv,job-csv,utf8,LibcMemmem,static,trigram,trigram,prefix_usa_201,USA:%201%,3,6674158,100000014,100000000,6674158,6674158,0,1,0,2819897528,3531594100,2568,1561512,34233547,35795059,935876,833915,227707,5.3632321859926,36.57914830597216,0.35795059,
job_movie_info_info,movie_info.info,benchmarks/job/../../data/job/movie_info__info.csv,job-csv,utf8,LibcMemmem,static,trigram,trigram,prefix_usa_201,USA:%201%,4,6674158,100000014,100000000,6674158,6674158,0,1,0,2819897528,3531594100,2568,1520064,34084445,35604509,935876,833915,227707,5.334681768097189,36.41983019117917,0.35604509,
