dataset,column,data_path,data_type,storage,algorithm,generic_matcher,requested_index,actual_index,pattern_name,pattern,iteration,row_count,total_input_sequence_bytes,total_loaded_symbols,records_seen,records_loaded,records_skipped,records_truncated,records_invalid_dna,load_ns,index_build_ns,compile_ns,candidate_prepare_ns,execute_ns,query_total_ns,candidate_rows_seen,rows_after_len_filter,rows_matched,ns_per_table_row,ns_per_candidate_row,ns_per_loaded_symbol,fallback_reason
job_movie_info_info,movie_info.info,benchmarks/job/../../data/job/movie_info__info.csv,job-csv,utf8,NaiveVectorizedV2,static,fm,fm,prefix_japan_200,Japan:%200%,0,6674158,100000014,100000000,6674158,6674158,0,1,0,1990319999,281784236191,14483,2994800,5799669,8794469,130031,118510,54763,1.3176896621266683,44.60220255169921,0.08794469,
job_movie_info_info,movie_info.info,benchmarks/job/../../data/job/movie_info__info.csv,job-csv,utf8,NaiveVectorizedV2,static,fm,fm,prefix_japan_200,Japan:%200%,1,6674158,100000014,100000000,6674158,6674158,0,1,0,1990319999,281784236191,14483,2681397,5596676,8278073,130031,118510,54763,1.2403172055561167,43.04109020156732,0.08278073,
job_movie_info_info,movie_info.info,benchmarks/job/../../data/job/movie_info__info.csv,job-csv,utf8,NaiveVectorizedV2,static,fm,fm,prefix_japan_200,Japan:%200%,2,6674158,100000014,100000000,6674158,6674158,0,1,0,1990319999,281784236191,14483,2593384,5477176,8070560,130031,118510,54763,1.2092251936498957,42.12207858126139,0.0807056,
job_movie_info_info,movie_info.info,benchmarks/job/../../data/job/movie_info__info.csv,job-csv,utf8,NaiveVectorizedV2,static,fm,fm,prefix_japan_200,Japan:%200%,3,6674158,100000014,100000000,6674158,6674158,0,1,0,1990319999,281784236191,14483,2660131,5455729,8115860,130031,118510,54763,1.216012566678823,41.95714098945636,0.0811586,
job_movie_info_info,movie_info.info,benchmarks/job/../../data/job/movie_info__info.csv,job-csv,utf8,NaiveVectorizedV2,static,fm,fm,prefix_japan_200,Japan:%200%,4,6674158,100000014,100000000,6674158,6674158,0,1,0,1990319999,281784236191,14483,3007863,5713287,8721150,130031,118510,54763,1.3067041565392967,43.93788404303589,0.0872115,
job_movie_info_info,movie_info.info,benchmarks/job/../../data/job/movie_info__info.csv,job-csv,utf8,NaiveVectorizedV2,static,full-scan,full-scan,prefix_japan_200,Japan:%200%,0,6674158,100000014,100000000,6674158,6674158,0,1,0,1990319999,0,14483,1301,42962542,42963843,6674158,4439405,54763,6.437342807886778,6.437147876930693,0.42963843,
job_movie_info_info,movie_info.info,benchmarks/job/../../data/job/movie_info__info.csv,job-csv,utf8,NaiveVectorizedV2,static,full-scan,full-scan,prefix_japan_200,Japan:%200%,1,6674158,100000014,100000000,6674158,6674158,0,1,0,1990319999,0,14483,110,42890594,42890704,6674158,4439405,54763,6.426384271993561,6.426367790513799,0.42890704,
job_movie_info_info,movie_info.info,benchmarks/job/../../data/job/movie_info__info.csv,job-csv,utf8,NaiveVectorizedV2,static,full-scan,full-scan,prefix_japan_200,Japan:%200%,2,6674158,100000014,100000000,6674158,6674158,0,1,0,1990319999,0,14483,110,42320793,42320903,6674158,4439405,54763,6.34101005699895,6.340993575519189,0.42320903,
job_movie_info_info,movie_info.info,benchmarks/job/../../data/job/movie_info__info.csv,job-csv,utf8,NaiveVectorizedV2,static,full-scan,full-scan,prefix_japan_200,Japan:%200%,3,6674158,100000014,100000000,6674158,6674158,0,1,0,1990319999,0,14483,110,42774003,42774113,6674158,4439405,54763,6.408915251931405,6.408898770451644,0.42774113,
job_movie_info_info,movie_info.info,benchmarks/job/../../data/job/movie_info__info.csv,job-csv,utf8,NaiveVectorizedV2,static,full-scan,full-scan,prefix_japan_200,Japan:%200%,4,6674158,100000014,100000000,6674158,6674158,0,1,0,1990319999,0,14483,110,42706705,42706815,6674158,4439405,54763,6.398831882613507,6.398815401133746,0.42706815,
job_movie_info_info,movie_info.info,benchmarks/job/../../data/job/movie_info__info.csv,job-csv,utf8,NaiveVectorizedV2,static,prefix-btree,prefix-btree,prefix_japan_200,Japan:%200%,0,6674158,100000014,100000000,6674158,6674158,0,1,0,1990319999,1558029554,14483,2022263,5683169,7705432,130031,118510,54763,1.154517468720399,43.70626235282356,0.07705432,
job_movie_info_info,movie_info.info,benchmarks/job/../../data/job/movie_info__info.csv,job-csv,utf8,NaiveVectorizedV2,static,prefix-btree,prefix-btree,prefix_japan_200,Japan:%200%,1,6674158,100000014,100000000,6674158,6674158,0,1,0,1990319999,1558029554,14483,2214594,5568489,7783083,130031,118510,54763,1.166152044947093,42.82431881628227,0.07783083,
job_movie_info_info,movie_info.info,benchmarks/job/../../data/job/movie_info__info.csv,job-csv,utf8,NaiveVectorizedV2,static,prefix-btree,prefix-btree,prefix_japan_200,Japan:%200%,2,6674158,100000014,100000000,6674158,6674158,0,1,0,1990319999,1558029554,14483,2263527,7809691,10073218,130031,118510,54763,1.509286714518895,60.06022410040683,0.10073218,
job_movie_info_info,movie_info.info,benchmarks/job/../../data/job/movie_info__info.csv,job-csv,utf8,NaiveVectorizedV2,static,prefix-btree,prefix-btree,prefix_japan_200,Japan:%200%,3,6674158,100000014,100000000,6674158,6674158,0,1,0,1990319999,1558029554,14483,3123423,5607649,8731072,130031,118510,54763,1.3081907860137563,43.12547777068545,0.08731072,
job_movie_info_info,movie_info.info,benchmarks/job/../../data/job/movie_info__info.csv,job-csv,utf8,NaiveVectorizedV2,static,prefix-btree,prefix-btree,prefix_japan_200,Japan:%200%,4,6674158,100000014,100000000,6674158,6674158,0,1,0,1990319999,1558029554,14483,2236911,5485587,7722498,130031,118510,54763,1.1570744953895309,42.18676315647807,0.07722498,
job_movie_info_info,movie_info.info,benchmarks/job/../../data/job/movie_info__info.csv,job-csv,utf8,NaiveVectorizedV2,static,qgram,full-scan,prefix_japan_200,Japan:%200%,0,6674158,100000014,100000000,6674158,6674158,0,1,0,1990319999,2909990269,14483,540,42676967,42677507,6674158,4439405,54763,6.394440617078589,6.3943597079961245,0.42677507,literal-shorter-than-qgram
job_movie_info_info,movie_info.info,benchmarks/job/../../data/job/movie_info__info.csv,job-csv,utf8,NaiveVectorizedV2,static,qgram,full-scan,prefix_japan_200,Japan:%200%,1,6674158,100000014,100000000,6674158,6674158,0,1,0,1990319999,2909990269,14483,130,42972346,42972476,6674158,4439405,54763,6.4386363043847625,6.438616826272318,0.42972476,literal-shorter-than-qgram
job_movie_info_info,movie_info.info,benchmarks/job/../../data/job/movie_info__info.csv,job-csv,utf8,NaiveVectorizedV2,static,qgram,full-scan,prefix_japan_200,Japan:%200%,2,6674158,100000014,100000000,6674158,6674158,0,1,0,1990319999,2909990269,14483,150,43410210,43410360,6674158,4439405,54763,6.504245179691581,6.504222704946452,0.4341036,literal-shorter-than-qgram
job_movie_info_info,movie_info.info,benchmarks/job/../../data/job/movie_info__info.csv,job-csv,utf8,NaiveVectorizedV2,static,qgram,full-scan,prefix_japan_200,Japan:%200%,3,6674158,100000014,100000000,6674158,6674158,0,1,0,1990319999,2909990269,14483,120,42446117,42446237,6674158,4439405,54763,6.359789055038853,6.35977107524275,0.42446237,literal-shorter-than-qgram
job_movie_info_info,movie_info.info,benchmarks/job/../../data/job/movie_info__info.csv,job-csv,utf8,NaiveVectorizedV2,static,qgram,full-scan,prefix_japan_200,Japan:%200%,4,6674158,100000014,100000000,6674158,6674158,0,1,0,1990319999,2909990269,14483,100,43819558,43819658,6674158,4439405,54763,6.565570967903367,6.565555984739948,0.43819658,literal-shorter-than-qgram
job_movie_info_info,movie_info.info,benchmarks/job/../../data/job/movie_info__info.csv,job-csv,utf8,NaiveVectorizedV2,static,trigram,trigram,prefix_japan_200,Japan:%200%,0,6674158,100000014,100000000,6674158,6674158,0,1,0,1990319999,3626250845,14483,515218,5879486,6394704,130031,118510,54763,0.958128950498325,45.216033099799276,0.06394704,
job_movie_info_info,movie_info.info,benchmarks/job/../../data/job/movie_info__info.csv,job-csv,utf8,NaiveVectorizedV2,static,trigram,trigram,prefix_japan_200,Japan:%200%,1,6674158,100000014,100000000,6674158,6674158,0,1,0,1990319999,3626250845,14483,560690,5543812,6104502,130031,118510,54763,0.9146475105923474,42.63454099407065,0.06104502,
job_movie_info_info,movie_info.info,benchmarks/job/../../data/job/movie_info__info.csv,job-csv,utf8,NaiveVectorizedV2,static,trigram,trigram,prefix_japan_200,Japan:%200%,2,6674158,100000014,100000000,6674158,6674158,0,1,0,1990319999,3626250845,14483,500905,5596605,6097510,130031,118510,54763,0.9135998878060723,43.040544177926805,0.0609751,
job_movie_info_info,movie_info.info,benchmarks/job/../../data/job/movie_info__info.csv,job-csv,utf8,NaiveVectorizedV2,static,trigram,trigram,prefix_japan_200,Japan:%200%,3,6674158,100000014,100000000,6674158,6674158,0,1,0,1990319999,3626250845,14483,512168,5472214,5984382,130031,118510,54763,0.8966497346931254,42.08391845021572,0.05984382,
job_movie_info_info,movie_info.info,benchmarks/job/../../data/job/movie_info__info.csv,job-csv,utf8,NaiveVectorizedV2,static,trigram,trigram,prefix_japan_200,Japan:%200%,4,6674158,100000014,100000000,6674158,6674158,0,1,0,1990319999,3626250845,14483,494853,5552014,6046867,130031,118510,54763,0.9060119643556536,42.69761826026102,0.06046867,
job_movie_info_info,movie_info.info,benchmarks/job/../../data/job/movie_info__info.csv,job-csv,utf8,NaiveVectorizedV2,static,fm,fm,prefix_japan_2007,Japan:%2007%,0,6674158,100000014,100000000,6674158,6674158,0,1,0,1990319999,281784236191,2580,2606210,4910275,7516485,130031,116066,8501,1.1262072309345987,37.762341287846745,0.07516485,
job_movie_info_info,movie_info.info,benchmarks/job/../../data/job/movie_info__info.csv,job-csv,utf8,NaiveVectorizedV2,static,fm,fm,prefix_japan_2007,Japan:%2007%,1,6674158,100000014,100000000,6674158,6674158,0,1,0,1990319999,281784236191,2580,2495512,4924848,7420360,130031,116066,8501,1.1118046650978295,37.87441456268121,0.0742036,
job_movie_info_info,movie_info.info,benchmarks/job/../../data/job/movie_info__info.csv,job-csv,utf8,NaiveVectorizedV2,static,fm,fm,prefix_japan_2007,Japan:%2007%,2,6674158,100000014,100000000,6674158,6674158,0,1,0,1990319999,281784236191,2580,2400778,4788644,7189422,130031,116066,8501,1.0772028471606456,36.82694126785151,0.07189422,
job_movie_info_info,movie_info.info,benchmarks/job/../../data/job/movie_info__info.csv,job-csv,utf8,NaiveVectorizedV2,static,fm,fm,prefix_japan_2007,Japan:%2007%,3,6674158,100000014,100000000,6674158,6674158,0,1,0,1990319999,281784236191,2580,2399678,4946824,7346502,130031,116066,8501,1.1007384002596283,38.04342041513178,0.07346502,
job_movie_info_info,movie_info.info,benchmarks/job/../../data/job/movie_info__info.csv,job-csv,utf8,NaiveVectorizedV2,static,fm,fm,prefix_japan_2007,Japan:%2007%,4,6674158,100000014,100000000,6674158,6674158,0,1,0,1990319999,281784236191,2580,2588805,4862613,7451418,130031,116066,8501,1.1164581359925851,37.395797925110166,0.07451418,
job_movie_info_info,movie_info.info,benchmarks/job/../../data/job/movie_info__info.csv,job-csv,utf8,NaiveVectorizedV2,static,full-scan,full-scan,prefix_japan_2007,Japan:%2007%,0,6674158,100000014,100000000,6674158,6674158,0,1,0,1990319999,0,2580,700,39039827,39040527,6674158,3725759,8501,5.849505960152577,5.849401078008642,0.39040527,
job_movie_info_info,movie_info.info,benchmarks/job/../../data/job/movie_info__info.csv,job-csv,utf8,NaiveVectorizedV2,static,full-scan,full-scan,prefix_japan_2007,Japan:%2007%,1,6674158,100000014,100000000,6674158,6674158,0,1,0,1990319999,0,2580,100,39513374,39513474,6674158,3725759,8501,5.920368382049092,5.9203533988856725,0.39513474,
job_movie_info_info,movie_info.info,benchmarks/job/../../data/job/movie_info__info.csv,job-csv,utf8,NaiveVectorizedV2,static,full-scan,full-scan,prefix_japan_2007,Japan:%2007%,2,6674158,100000014,100000000,6674158,6674158,0,1,0,1990319999,0,2580,110,38911235,38911345,6674158,3725759,8501,5.8301504099843005,5.830133928504539,0.38911345,
job_movie_info_info,movie_info.info,benchmarks/job/../../data/job/movie_info__info.csv,job-csv,utf8,NaiveVectorizedV2,static,full-scan,full-scan,prefix_japan_2007,Japan:%2007%,3,6674158,100000014,100000000,6674158,6674158,0,1,0,1990319999,0,2580,110,41317454,41317564,6674158,3725759,8501,6.1906781349797235,6.190661653499962,0.41317564,
job_movie_info_info,movie_info.info,benchmarks/job/../../data/job/movie_info__info.csv,job-csv,utf8,NaiveVectorizedV2,static,full-scan,full-scan,prefix_japan_2007,Japan:%2007%,4,6674158,100000014,100000000,6674158,6674158,0,1,0,1990319999,0,2580,110,39831384,39831494,6674158,3725759,8501,5.96801783835504,5.96800135687528,0.39831494,
job_movie_info_info,movie_info.info,benchmarks/job/../../data/job/movie_info__info.csv,job-csv,utf8,NaiveVectorizedV2,static,prefix-btree,prefix-btree,prefix_japan_2007,Japan:%2007%,0,6674158,100000014,100000000,6674158,6674158,0,1,0,1990319999,1558029554,2580,2233427,5149634,7383061,130031,116066,8501,1.1062160949740776,39.60312540855642,0.07383061,
job_movie_info_info,movie_info.info,benchmarks/job/../../data/job/movie_info__info.csv,job-csv,utf8,NaiveVectorizedV2,static,prefix-btree,prefix-btree,prefix_japan_2007,Japan:%2007%,1,6674158,100000014,100000000,6674158,6674158,0,1,0,1990319999,1558029554,2580,2223005,5025014,7248019,130031,116066,8501,1.0859825314294327,38.64473856234282,0.07248019,
job_movie_info_info,movie_info.info,benchmarks/job/../../data/job/movie_info__info.csv,job-csv,utf8,NaiveVectorizedV2,static,prefix-btree,prefix-btree,prefix_japan_2007,Japan:%2007%,2,6674158,100000014,100000000,6674158,6674158,0,1,0,1990319999,1558029554,2580,2184135,5109865,7294000,130031,116066,8501,1.0928719398012454,39.297282955602896,0.07294,
job_movie_info_info,movie_info.info,benchmarks/job/../../data/job/movie_info__info.csv,job-csv,utf8,NaiveVectorizedV2,static,prefix-btree,prefix-btree,prefix_japan_2007,Japan:%2007%,3,6674158,100000014,100000000,6674158,6674158,0,1,0,1990319999,1558029554,2580,2127220,5061982,7189202,130031,116066,8501,1.0771698842011233,38.92903999815429,0.07189202,
job_movie_info_info,movie_info.info,benchmarks/job/../../data/job/movie_info__info.csv,job-csv,utf8,NaiveVectorizedV2,static,prefix-btree,prefix-btree,prefix_japan_2007,Japan:%2007%,4,6674158,100000014,100000000,6674158,6674158,0,1,0,1990319999,1558029554,2580,2185805,5040907,7226712,130031,116066,8501,1.0827900687996899,38.76696326260661,0.07226712,
job_movie_info_info,movie_info.info,benchmarks/job/../../data/job/movie_info__info.csv,job-csv,utf8,NaiveVectorizedV2,static,qgram,full-scan,prefix_japan_2007,Japan:%2007%,0,6674158,100000014,100000000,6674158,6674158,0,1,0,1990319999,2909990269,2580,620,39845078,39845698,6674158,3725759,8501,5.970146046887113,5.9700531512739134,0.39845698,literal-shorter-than-qgram
job_movie_info_info,movie_info.info,benchmarks/job/../../data/job/movie_info__info.csv,job-csv,utf8,NaiveVectorizedV2,static,qgram,full-scan,prefix_japan_2007,Japan:%2007%,1,6674158,100000014,100000000,6674158,6674158,0,1,0,1990319999,2909990269,2580,120,39353934,39354054,6674158,3725759,8501,5.896482222926098,5.896464243129995,0.39354054,literal-shorter-than-qgram
job_movie_info_info,movie_info.info,benchmarks/job/../../data/job/movie_info__info.csv,job-csv,utf8,NaiveVectorizedV2,static,qgram,full-scan,prefix_japan_2007,Japan:%2007%,2,6674158,100000014,100000000,6674158,6674158,0,1,0,1990319999,2909990269,2580,310,39238536,39238846,6674158,3725759,8501,5.87922042001403,5.879173972207431,0.39238846,literal-shorter-than-qgram
job_movie_info_info,movie_info.info,benchmarks/job/../../data/job/movie_info__info.csv,job-csv,utf8,NaiveVectorizedV2,static,qgram,full-scan,prefix_japan_2007,Japan:%2007%,3,6674158,100000014,100000000,6674158,6674158,0,1,0,1990319999,2909990269,2580,110,38428144,38428254,6674158,3725759,8501,5.757768095990535,5.7577516145107746,0.38428254,literal-shorter-than-qgram
job_movie_info_info,movie_info.info,benchmarks/job/../../data/job/movie_info__info.csv,job-csv,utf8,NaiveVectorizedV2,static,qgram,full-scan,prefix_japan_2007,Japan:%2007%,4,6674158,100000014,100000000,6674158,6674158,0,1,0,1990319999,2909990269,2580,100,38682427,38682527,6674158,3725759,8501,5.795866235111605,5.795851251948186,0.38682527,literal-shorter-than-qgram
job_movie_info_info,movie_info.info,benchmarks/job/../../data/job/movie_info__info.csv,job-csv,utf8,NaiveVectorizedV2,static,trigram,trigram,prefix_japan_2007,Japan:%2007%,0,6674158,100000014,100000000,6674158,6674158,0,1,0,1990319999,3626250845,2580,493253,4823033,5316286,130031,116066,8501,0.7965478192155475,37.09140897170675,0.05316286,
job_movie_info_info,movie_info.info,benchmarks/job/../../data/job/movie_info__info.csv,job-csv,utf8,NaiveVectorizedV2,static,trigram,trigram,prefix_japan_2007,Japan:%2007%,1,6674158,100000014,100000000,6674158,6674158,0,1,0,1990319999,3626250845,2580,489112,4851961,5341073,130031,116066,8501,0.8002616959322809,37.31387899808507,0.05341073,
job_movie_info_info,movie_info.info,benchmarks/job/../../data/job/movie_info__info.csv,job-csv,utf8,NaiveVectorizedV2,static,trigram,trigram,prefix_japan_2007,Japan:%2007%,2,6674158,100000014,100000000,6674158,6674158,0,1,0,1990319999,3626250845,2580,513248,4786214,5299462,130031,116066,8501,0.7940270518018903,36.80825341649299,0.05299462,
job_movie_info_info,movie_info.info,benchmarks/job/../../data/job/movie_info__info.csv,job-csv,utf8,NaiveVectorizedV2,static,trigram,trigram,prefix_japan_2007,Japan:%2007%,3,6674158,100000014,100000000,6674158,6674158,0,1,0,1990319999,3626250845,2580,474478,4765328,5239806,130031,116066,8501,0.7850886958324931,36.64763018049542,0.05239806,
job_movie_info_info,movie_info.info,benchmarks/job/../../data/job/movie_info__info.csv,job-csv,utf8,NaiveVectorizedV2,static,trigram,trigram,prefix_japan_2007,Japan:%2007%,4,6674158,100000014,100000000,6674158,6674158,0,1,0,1990319999,3626250845,2580,472397,4761398,5233795,130031,116066,8501,0.784188057879361,36.61740661842176,0.05233795,
job_movie_info_info,movie_info.info,benchmarks/job/../../data/job/movie_info__info.csv,job-csv,utf8,NaiveVectorizedV2,static,fm,fm,prefix_japan_201,Japan:%201%,0,6674158,100000014,100000000,6674158,6674158,0,1,0,1990319999,281784236191,2660,2806880,5306633,8113513,130031,118510,23878,1.2156609118333728,40.810522106266966,0.08113513,
job_movie_info_info,movie_info.info,benchmarks/job/../../data/job/movie_info__info.csv,job-csv,utf8,NaiveVectorizedV2,static,fm,fm,prefix_japan_201,Japan:%201%,1,6674158,100000014,100000000,6674158,6674158,0,1,0,1990319999,281784236191,2660,2464755,5194806,7659561,130031,118510,23878,1.1476445418283474,39.95051949150587,0.07659561,
job_movie_info_info,movie_info.info,benchmarks/job/../../data/job/movie_info__info.csv,job-csv,utf8,NaiveVectorizedV2,static,fm,fm,prefix_japan_201,Japan:%201%,2,6674158,100000014,100000000,6674158,6674158,0,1,0,1990319999,281784236191,2660,2750736,5273075,8023811,130031,118510,23878,1.202220714583023,40.55244518614792,0.08023811,
job_movie_info_info,movie_info.info,benchmarks/job/../../data/job/movie_info__info.csv,job-csv,utf8,NaiveVectorizedV2,static,fm,fm,prefix_japan_201,Japan:%201%,3,6674158,100000014,100000000,6674158,6674158,0,1,0,1990319999,281784236191,2660,2488560,5287579,7776139,130031,118510,23878,1.1651116140792592,40.663987818289485,0.07776139,
job_movie_info_info,movie_info.info,benchmarks/job/../../data/job/movie_info__info.csv,job-csv,utf8,NaiveVectorizedV2,static,fm,fm,prefix_japan_201,Japan:%201%,4,6674158,100000014,100000000,6674158,6674158,0,1,0,1990319999,281784236191,2660,2673177,5252400,7925577,130031,118510,23878,1.1875021538297414,40.39344464012428,0.07925577,
job_movie_info_info,movie_info.info,benchmarks/job/../../data/job/movie_info__info.csv,job-csv,utf8,NaiveVectorizedV2,static,full-scan,full-scan,prefix_japan_201,Japan:%201%,0,6674158,100000014,100000000,6674158,6674158,0,1,0,1990319999,0,2660,640,42855899,42856539,6674158,4439405,23878,6.421265274211368,6.421169381965486,0.42856539,
job_movie_info_info,movie_info.info,benchmarks/job/../../data/job/movie_info__info.csv,job-csv,utf8,NaiveVectorizedV2,static,full-scan,full-scan,prefix_japan_201,Japan:%201%,1,6674158,100000014,100000000,6674158,6674158,0,1,0,1990319999,0,2660,340,44085556,44085896,6674158,4439405,23878,6.605461842527552,6.605410899771926,0.44085896,
job_movie_info_info,movie_info.info,benchmarks/job/../../data/job/movie_info__info.csv,job-csv,utf8,NaiveVectorizedV2,static,full-scan,full-scan,prefix_japan_201,Japan:%201%,2,6674158,100000014,100000000,6674158,6674158,0,1,0,1990319999,0,2660,110,43135168,43135278,6674158,4439405,23878,6.463029194094596,6.463012712614835,0.43135278,
job_movie_info_info,movie_info.info,benchmarks/job/../../data/job/movie_info__info.csv,job-csv,utf8,NaiveVectorizedV2,static,full-scan,full-scan,prefix_japan_201,Japan:%201%,3,6674158,100000014,100000000,6674158,6674158,0,1,0,1990319999,0,2660,110,43083226,43083336,6674158,4439405,23878,6.455246639351361,6.4552301578716,0.43083336,
job_movie_info_info,movie_info.info,benchmarks/job/../../data/job/movie_info__info.csv,job-csv,utf8,NaiveVectorizedV2,static,full-scan,full-scan,prefix_japan_201,Japan:%201%,4,6674158,100000014,100000000,6674158,6674158,0,1,0,1990319999,0,2660,100,42727826,42727926,6674158,4439405,23878,6.401994978242948,6.401979995079529,0.42727926,
job_movie_info_info,movie_info.info,benchmarks/job/../../data/job/movie_info__info.csv,job-csv,utf8,NaiveVectorizedV2,static,prefix-btree,prefix-btree,prefix_japan_201,Japan:%201%,0,6674158,100000014,100000000,6674158,6674158,0,1,0,1990319999,1558029554,2660,2078208,5293720,7371928,130031,118510,23878,1.1045480193906108,40.71121501795726,0.07371928,
job_movie_info_info,movie_info.info,benchmarks/job/../../data/job/movie_info__info.csv,job-csv,utf8,NaiveVectorizedV2,static,prefix-btree,prefix-btree,prefix_japan_201,Japan:%201%,1,6674158,100000014,100000000,6674158,6674158,0,1,0,1990319999,1558029554,2660,2105245,5287529,7392774,130031,118510,23878,1.1076714096369908,40.66360329459898,0.07392774,
job_movie_info_info,movie_info.info,benchmarks/job/../../data/job/movie_info__info.csv,job-csv,utf8,NaiveVectorizedV2,static,prefix-btree,prefix-btree,prefix_japan_201,Japan:%201%,2,6674158,100000014,100000000,6674158,6674158,0,1,0,1990319999,1558029554,2660,2136403,5454391,7590794,130031,118510,23878,1.137341069839821,41.946851135498456,0.07590794,
job_movie_info_info,movie_info.info,benchmarks/job/../../data/job/movie_info__info.csv,job-csv,utf8,NaiveVectorizedV2,static,prefix-btree,prefix-btree,prefix_japan_201,Japan:%201%,3,6674158,100000014,100000000,6674158,6674158,0,1,0,1990319999,1558029554,2660,2147575,5289219,7436794,130031,118510,23878,1.1142669981741518,40.67660019533803,0.07436794,
job_movie_info_info,movie_info.info,benchmarks/job/../../data/job/movie_info__info.csv,job-csv,utf8,NaiveVectorizedV2,static,prefix-btree,prefix-btree,prefix_japan_201,Japan:%201%,4,6674158,100000014,100000000,6674158,6674158,0,1,0,1990319999,1558029554,2660,2150967,5397366,7548333,130031,118510,23878,1.1309790688203665,41.50830186647799,0.07548333,
job_movie_info_info,movie_info.info,benchmarks/job/../../data/job/movie_info__info.csv,job-csv,utf8,NaiveVectorizedV2,static,qgram,full-scan,prefix_japan_201,Japan:%201%,0,6674158,100000014,100000000,6674158,6674158,0,1,0,1990319999,2909990269,2660,610,43176616,43177226,6674158,4439405,23878,6.46931433148571,6.469222934188852,0.43177226,literal-shorter-than-qgram
job_movie_info_info,movie_info.info,benchmarks/job/../../data/job/movie_info__info.csv,job-csv,utf8,NaiveVectorizedV2,static,qgram,full-scan,prefix_japan_201,Japan:%201%,1,6674158,100000014,100000000,6674158,6674158,0,1,0,1990319999,2909990269,2660,110,41926511,41926621,6674158,4439405,23878,6.281934140606201,6.28191765912644,0.41926621,literal-shorter-than-qgram
job_movie_info_info,movie_info.info,benchmarks/job/../../data/job/movie_info__info.csv,job-csv,utf8,NaiveVectorizedV2,static,qgram,full-scan,prefix_japan_201,Japan:%201%,2,6674158,100000014,100000000,6674158,6674158,0,1,0,1990319999,2909990269,2660,100,42722359,42722459,6674158,4439405,23878,6.401175848698817,6.401160865535398,0.42722459,literal-shorter-than-qgram
job_movie_info_info,movie_info.info,benchmarks/job/../../data/job/movie_info__info.csv,job-csv,utf8,NaiveVectorizedV2,static,qgram,full-scan,prefix_japan_201,Japan:%201%,3,6674158,100000014,100000000,6674158,6674158,0,1,0,1990319999,2909990269,2660,110,42928727,42928837,6674158,4439405,23878,6.4320978017002295,6.432081320220468,0.42928837,literal-shorter-than-qgram
job_movie_info_info,movie_info.info,benchmarks/job/../../data/job/movie_info__info.csv,job-csv,utf8,NaiveVectorizedV2,static,qgram,full-scan,prefix_japan_201,Japan:%201%,4,6674158,100000014,100000000,6674158,6674158,0,1,0,1990319999,2909990269,2660,120,45306611,45306731,6674158,4439405,23878,6.7883815456571455,6.788363565861042,0.45306731,literal-shorter-than-qgram
job_movie_info_info,movie_info.info,benchmarks/job/../../data/job/movie_info__info.csv,job-csv,utf8,NaiveVectorizedV2,static,trigram,trigram,prefix_japan_201,Japan:%201%,0,6674158,100000014,100000000,6674158,6674158,0,1,0,1990319999,3626250845,2660,508510,5380349,5888859,130031,118510,23878,0.8823373675001401,41.377433073651666,0.05888859,
job_movie_info_info,movie_info.info,benchmarks/job/../../data/job/movie_info__info.csv,job-csv,utf8,NaiveVectorizedV2,static,trigram,trigram,prefix_japan_201,Japan:%201%,1,6674158,100000014,100000000,6674158,6674158,0,1,0,1990319999,3626250845,2660,490135,5585196,6075331,130031,118510,23878,0.9102767719913134,42.952803562227466,0.06075331,
job_movie_info_info,movie_info.info,benchmarks/job/../../data/job/movie_info__info.csv,job-csv,utf8,NaiveVectorizedV2,static,trigram,trigram,prefix_japan_201,Japan:%201%,2,6674158,100000014,100000000,6674158,6674158,0,1,0,1990319999,3626250845,2660,503609,5539856,6043465,130031,118510,23878,0.9055022371361301,42.604117479677925,0.06043465,
job_movie_info_info,movie_info.info,benchmarks/job/../../data/job/movie_info__info.csv,job-csv,utf8,NaiveVectorizedV2,static,trigram,trigram,prefix_japan_201,Japan:%201%,3,6674158,100000014,100000000,6674158,6674158,0,1,0,1990319999,3626250845,2660,540727,5789579,6330306,130031,118510,23878,0.9484800929195862,44.52460567095539,0.06330306,
job_movie_info_info,movie_info.info,benchmarks/job/../../data/job/movie_info__info.csv,job-csv,utf8,NaiveVectorizedV2,static,trigram,trigram,prefix_japan_201,Japan:%201%,4,6674158,100000014,100000000,6674158,6674158,0,1,0,1990319999,3626250845,2660,682261,5645670,6327931,130031,118510,23878,0.9481242427883787,43.41787727541894,0.06327931,
job_movie_info_info,movie_info.info,benchmarks/job/../../data/job/movie_info__info.csv,job-csv,utf8,NaiveVectorizedV2,static,fm,fm,prefix_usa_space_199,USA:% 199%,0,6674158,100000014,100000000,6674158,6674158,0,1,0,1990319999,281784236191,2410,6014209,7171250,13185459,263414,263414,78136,1.9755988695502864,27.224255354688818,0.13185459,
job_movie_info_info,movie_info.info,benchmarks/job/../../data/job/movie_info__info.csv,job-csv,utf8,NaiveVectorizedV2,static,fm,fm,prefix_usa_space_199,USA:% 199%,1,6674158,100000014,100000000,6674158,6674158,0,1,0,1990319999,281784236191,2410,5520342,7138825,12659167,263414,263414,78136,1.896743679127764,27.101160150941105,0.12659167,
job_movie_info_info,movie_info.info,benchmarks/job/../../data/job/movie_info__info.csv,job-csv,utf8,NaiveVectorizedV2,static,fm,fm,prefix_usa_space_199,USA:% 199%,2,6674158,100000014,100000000,6674158,6674158,0,1,0,1990319999,281784236191,2410,5739534,7120340,12859874,263414,263414,78136,1.92681593693167,27.03098544496496,0.12859874,
job_movie_info_info,movie_info.info,benchmarks/job/../../data/job/movie_info__info.csv,job-csv,utf8,NaiveVectorizedV2,static,fm,fm,prefix_usa_space_199,USA:% 199%,3,6674158,100000014,100000000,6674158,6674158,0,1,0,1990319999,281784236191,2410,5539986,6875172,12415158,263414,263414,78136,1.860183411900048,26.100252833942008,0.12415158,
job_movie_info_info,movie_info.info,benchmarks/job/../../data/job/movie_info__info.csv,job-csv,utf8,NaiveVectorizedV2,static,fm,fm,prefix_usa_space_199,USA:% 199%,4,6674158,100000014,100000000,6674158,6674158,0,1,0,1990319999,281784236191,2410,6016509,6949710,12966219,263414,263414,78136,1.942749782069888,26.383221848497044,0.12966219,
job_movie_info_info,movie_info.info,benchmarks/job/../../data/job/movie_info__info.csv,job-csv,utf8,NaiveVectorizedV2,static,full-scan,full-scan,prefix_usa_space_199,USA:% 199%,0,6674158,100000014,100000000,6674158,6674158,0,1,0,1990319999,0,2410,800,56652565,56653365,6674158,4607775,78136,8.488466260463118,8.488346395155764,0.56653365,
job_movie_info_info,movie_info.info,benchmarks/job/../../data/job/movie_info__info.csv,job-csv,utf8,NaiveVectorizedV2,static,full-scan,full-scan,prefix_usa_space_199,USA:% 199%,1,6674158,100000014,100000000,6674158,6674158,0,1,0,1990319999,0,2410,100,56361607,56361707,6674158,4607775,78136,8.444766665697756,8.444751682534337,0.56361707,
job_movie_info_info,movie_info.info,benchmarks/job/../../data/job/movie_info__info.csv,job-csv,utf8,NaiveVectorizedV2,static,full-scan,full-scan,prefix_usa_space_199,USA:% 199%,2,6674158,100000014,100000000,6674158,6674158,0,1,0,1990319999,0,2410,100,55989528,55989628,6674158,4607775,78136,8.389017461078986,8.389002477915566,0.55989628,
job_movie_info_info,movie_info.info,benchmarks/job/../../data/job/movie_info__info.csv,job-csv,utf8,NaiveVectorizedV2,static,full-scan,full-scan,prefix_usa_space_199,USA:% 199%,3,6674158,100000014,100000000,6674158,6674158,0,1,0,1990319999,0,2410,110,55314411,55314521,6674158,4607775,78136,8.287865076014082,8.287848594534323,0.55314521,
job_movie_info_info,movie_info.info,benchmarks/job/../../data/job/movie_info__info.csv,job-csv,utf8,NaiveVectorizedV2,static,full-scan,full-scan,prefix_usa_space_199,USA:% 199%,4,6674158,100000014,100000000,6674158,6674158,0,1,0,1990319999,0,2410,120,55378874,55378994,6674158,4607775,78136,8.297525170965386,8.297507191169283,0.55378994,
job_movie_info_info,movie_info.info,benchmarks/job/../../data/job/movie_info__info.csv,job-csv,utf8,NaiveVectorizedV2,static,prefix-btree,prefix-btree,prefix_usa_space_199,USA:% 199%,0,6674158,100000014,100000000,6674158,6674158,0,1,0,1990319999,1558029554,2410,14220696,21876950,36097646,935876,819018,78136,5.408569290688054,23.375906637204075,0.36097646,
job_movie_info_info,movie_info.info,benchmarks/job/../../data/job/movie_info__info.csv,job-csv,utf8,NaiveVectorizedV2,static,prefix-btree,prefix-btree,prefix_usa_space_199,USA:% 199%,1,6674158,100000014,100000000,6674158,6674158,0,1,0,1990319999,1558029554,2410,12807833,22036379,34844212,935876,819018,78136,5.2207652261154145,23.546259333501446,0.34844212,
job_movie_info_info,movie_info.info,benchmarks/job/../../data/job/movie_info__info.csv,job-csv,utf8,NaiveVectorizedV2,static,prefix-btree,prefix-btree,prefix_usa_space_199,USA:% 199%,2,6674158,100000014,100000000,6674158,6674158,0,1,0,1990319999,1558029554,2410,13300708,22017986,35318694,935876,819018,78136,5.291857639570415,23.52660608884083,0.35318694,
job_movie_info_info,movie_info.info,benchmarks/job/../../data/job/movie_info__info.csv,job-csv,utf8,NaiveVectorizedV2,static,prefix-btree,prefix-btree,prefix_usa_space_199,USA:% 199%,3,6674158,100000014,100000000,6674158,6674158,0,1,0,1990319999,1558029554,2410,17683511,28844167,46527678,935876,819018,78136,6.971318029929768,30.820500792840075,0.46527678,
job_movie_info_info,movie_info.info,benchmarks/job/../../data/job/movie_info__info.csv,job-csv,utf8,NaiveVectorizedV2,static,prefix-btree,prefix-btree,prefix_usa_space_199,USA:% 199%,4,6674158,100000014,100000000,6674158,6674158,0,1,0,1990319999,1558029554,2410,13270259,21622232,34892491,935876,819018,78136,5.227998947582601,23.103735965021006,0.34892491,
job_movie_info_info,movie_info.info,benchmarks/job/../../data/job/movie_info__info.csv,job-csv,utf8,NaiveVectorizedV2,static,qgram,full-scan,prefix_usa_space_199,USA:% 199%,0,6674158,100000014,100000000,6674158,6674158,0,1,0,1990319999,2909990269,2410,700,57208973,57209673,6674158,4607775,78136,8.571818797217567,8.571713915073632,0.57209673,literal-shorter-than-qgram
job_movie_info_info,movie_info.info,benchmarks/job/../../data/job/movie_info__info.csv,job-csv,utf8,NaiveVectorizedV2,static,qgram,full-scan,prefix_usa_space_199,USA:% 199%,1,6674158,100000014,100000000,6674158,6674158,0,1,0,1990319999,2909990269,2410,130,56020200,56020330,6674158,4607775,78136,8.393617591911969,8.393598113799523,0.5602033,literal-shorter-than-qgram
job_movie_info_info,movie_info.info,benchmarks/job/../../data/job/movie_info__info.csv,job-csv,utf8,NaiveVectorizedV2,static,qgram,full-scan,prefix_usa_space_199,USA:% 199%,2,6674158,100000014,100000000,6674158,6674158,0,1,0,1990319999,2909990269,2410,110,55548632,55548742,6674158,4607775,78136,8.322958791206322,8.32294230972656,0.55548742,literal-shorter-than-qgram
job_movie_info_info,movie_info.info,benchmarks/job/../../data/job/movie_info__info.csv,job-csv,utf8,NaiveVectorizedV2,static,qgram,full-scan,prefix_usa_space_199,USA:% 199%,3,6674158,100000014,100000000,6674158,6674158,0,1,0,1990319999,2909990269,2410,100,55093933,55094033,6674158,4607775,78136,8.254828998654212,8.254814015490792,0.55094033,literal-shorter-than-qgram
job_movie_info_info,movie_info.info,benchmarks/job/../../data/job/movie_info__info.csv,job-csv,utf8,NaiveVectorizedV2,static,qgram,full-scan,prefix_usa_space_199,USA:% 199%,4,6674158,100000014,100000000,6674158,6674158,0,1,0,1990319999,2909990269,2410,100,55207968,55208068,6674158,4607775,78136,8.271915049059372,8.271900065895952,0.55208068,literal-shorter-than-qgram
job_movie_info_info,movie_info.info,benchmarks/job/../../data/job/movie_info__info.csv,job-csv,utf8,NaiveVectorizedV2,static,trigram,trigram,prefix_usa_space_199,USA:% 199%,0,6674158,100000014,100000000,6674158,6674158,0,1,0,1990319999,3626250845,2410,1132873,6669479,7802352,263414,263414,78136,1.1690391507063513,25.319379379987396,0.07802352,
job_movie_info_info,movie_info.info,benchmarks/job/../../data/job/movie_info__info.csv,job-csv,utf8,NaiveVectorizedV2,static,trigram,trigram,prefix_usa_space_199,USA:% 199%,1,6674158,100000014,100000000,6674158,6674158,0,1,0,1990319999,3626250845,2410,1065558,6629721,7695279,263414,263414,78136,1.152996228138441,25.168445868480795,0.07695279,
job_movie_info_info,movie_info.info,benchmarks/job/../../data/job/movie_info__info.csv,job-csv,utf8,NaiveVectorizedV2,static,trigram,trigram,prefix_usa_space_199,USA:% 199%,2,6674158,100000014,100000000,6674158,6674158,0,1,0,1990319999,3626250845,2410,1185444,6723751,7909195,263414,263414,78136,1.1850476119983975,25.52541246858557,0.07909195,
job_movie_info_info,movie_info.info,benchmarks/job/../../data/job/movie_info__info.csv,job-csv,utf8,NaiveVectorizedV2,static,trigram,trigram,prefix_usa_space_199,USA:% 199%,3,6674158,100000014,100000000,6674158,6674158,0,1,0,1990319999,3626250845,2410,1037281,6407460,7444741,263414,263414,78136,1.1154577101710808,24.32467522606999,0.07444741,
job_movie_info_info,movie_info.info,benchmarks/job/../../data/job/movie_info__info.csv,job-csv,utf8,NaiveVectorizedV2,static,trigram,trigram,prefix_usa_space_199,USA:% 199%,4,6674158,100000014,100000000,6674158,6674158,0,1,0,1990319999,3626250845,2410,1003163,6646055,7649218,263414,263414,78136,1.146094833235893,25.23045472146507,0.07649218,
job_movie_info_info,movie_info.info,benchmarks/job/../../data/job/movie_info__info.csv,job-csv,utf8,NaiveVectorizedV2,static,fm,fm,prefix_usa_space_200,USA:% 200%,0,6674158,100000014,100000000,6674158,6674158,0,1,0,1990319999,281784236191,3131,18039499,15018483,33057982,885461,885461,268914,4.953131466171463,16.961202130867424,0.33057982,
job_movie_info_info,movie_info.info,benchmarks/job/../../data/job/movie_info__info.csv,job-csv,utf8,NaiveVectorizedV2,static,fm,fm,prefix_usa_space_200,USA:% 200%,1,6674158,100000014,100000000,6674158,6674158,0,1,0,1990319999,281784236191,3131,18758399,14939986,33698385,885461,885461,268914,5.0490840942033435,16.87255113438085,0.33698385,
job_movie_info_info,movie_info.info,benchmarks/job/../../data/job/movie_info__info.csv,job-csv,utf8,NaiveVectorizedV2,static,fm,fm,prefix_usa_space_200,USA:% 200%,2,6674158,100000014,100000000,6674158,6674158,0,1,0,1990319999,281784236191,3131,18383604,15035778,33419382,885461,885461,268914,5.007280618768689,16.980734329349346,0.33419382,
job_movie_info_info,movie_info.info,benchmarks/job/../../data/job/movie_info__info.csv,job-csv,utf8,NaiveVectorizedV2,static,fm,fm,prefix_usa_space_200,USA:% 200%,3,6674158,100000014,100000000,6674158,6674158,0,1,0,1990319999,281784236191,3131,17792812,14880484,32673296,885461,885461,268914,4.8954933341404265,16.805352240245476,0.32673296,
job_movie_info_info,movie_info.info,benchmarks/job/../../data/job/movie_info__info.csv,job-csv,utf8,NaiveVectorizedV2,static,fm,fm,prefix_usa_space_200,USA:% 200%,4,6674158,100000014,100000000,6674158,6674158,0,1,0,1990319999,281784236191,3131,17354646,15039907,32394553,885461,885461,268914,4.853728814930663,16.98539743704127,0.32394553,
job_movie_info_info,movie_info.info,benchmarks/job/../../data/job/movie_info__info.csv,job-csv,utf8,NaiveVectorizedV2,static,full-scan,full-scan,prefix_usa_space_200,USA:% 200%,0,6674158,100000014,100000000,6674158,6674158,0,1,0,1990319999,0,3131,771,57843015,57843786,6674158,4607775,268914,8.666828984270376,8.666713464080413,0.57843786,
job_movie_info_info,movie_info.info,benchmarks/job/../../data/job/movie_info__info.csv,job-csv,utf8,NaiveVectorizedV2,static,full-scan,full-scan,prefix_usa_space_200,USA:% 200%,1,6674158,100000014,100000000,6674158,6674158,0,1,0,1990319999,0,3131,110,56831062,56831172,6674158,4607775,268914,8.515107373844012,8.51509089236425,0.56831172,
job_movie_info_info,movie_info.info,benchmarks/job/../../data/job/movie_info__info.csv,job-csv,utf8,NaiveVectorizedV2,static,full-scan,full-scan,prefix_usa_space_200,USA:% 200%,2,6674158,100000014,100000000,6674158,6674158,0,1,0,1990319999,0,3131,110,56337090,56337200,6674158,4607775,268914,8.441094741838596,8.441078260358834,0.563372,
job_movie_info_info,movie_info.info,benchmarks/job/../../data/job/movie_info__info.csv,job-csv,utf8,NaiveVectorizedV2,static,full-scan,full-scan,prefix_usa_space_200,USA:% 200%,3,6674158,100000014,100000000,6674158,6674158,0,1,0,1990319999,0,3131,150,56940484,56940634,6674158,4607775,268914,8.531508244186009,8.531485769440879,0.56940634,
job_movie_info_info,movie_info.info,benchmarks/job/../../data/job/movie_info__info.csv,job-csv,utf8,NaiveVectorizedV2,static,full-scan,full-scan,prefix_usa_space_200,USA:% 200%,4,6674158,100000014,100000000,6674158,6674158,0,1,0,1990319999,0,3131,190,57299284,57299474,6674158,4607775,268914,8.585273827799702,8.585245359789205,0.57299474,
job_movie_info_info,movie_info.info,benchmarks/job/../../data/job/movie_info__info.csv,job-csv,utf8,NaiveVectorizedV2,static,prefix-btree,prefix-btree,prefix_usa_space_200,USA:% 200%,0,6674158,100000014,100000000,6674158,6674158,0,1,0,1990319999,1558029554,3131,13480970,23377260,36858230,935876,819018,268914,5.522528834348842,24.97901431386209,0.3685823,
job_movie_info_info,movie_info.info,benchmarks/job/../../data/job/movie_info__info.csv,job-csv,utf8,NaiveVectorizedV2,static,prefix-btree,prefix-btree,prefix_usa_space_200,USA:% 200%,1,6674158,100000014,100000000,6674158,6674158,0,1,0,1990319999,1558029554,3131,12931707,23244301,36176008,935876,819018,268914,5.420310397206659,24.836945279075433,0.36176008,
job_movie_info_info,movie_info.info,benchmarks/job/../../data/job/movie_info__info.csv,job-csv,utf8,NaiveVectorizedV2,static,prefix-btree,prefix-btree,prefix_usa_space_200,USA:% 200%,2,6674158,100000014,100000000,6674158,6674158,0,1,0,1990319999,1558029554,3131,13214542,23249651,36464193,935876,819018,268914,5.46348962670647,24.84266184836453,0.36464193,
job_movie_info_info,movie_info.info,benchmarks/job/../../data/job/movie_info__info.csv,job-csv,utf8,NaiveVectorizedV2,static,prefix-btree,prefix-btree,prefix_usa_space_200,USA:% 200%,3,6674158,100000014,100000000,6674158,6674158,0,1,0,1990319999,1558029554,3131,12943731,23602213,36545944,935876,819018,268914,5.475738512633354,25.21938055896294,0.36545944,
job_movie_info_info,movie_info.info,benchmarks/job/../../data/job/movie_info__info.csv,job-csv,utf8,NaiveVectorizedV2,static,prefix-btree,prefix-btree,prefix_usa_space_200,USA:% 200%,4,6674158,100000014,100000000,6674158,6674158,0,1,0,1990319999,1558029554,3131,13089468,23593800,36683268,935876,819018,268914,5.496313991967226,25.210391120191137,0.36683268,
job_movie_info_info,movie_info.info,benchmarks/job/../../data/job/movie_info__info.csv,job-csv,utf8,NaiveVectorizedV2,static,qgram,full-scan,prefix_usa_space_200,USA:% 200%,0,6674158,100000014,100000000,6674158,6674158,0,1,0,1990319999,2909990269,3131,850,57145675,57146525,6674158,4607775,268914,8.562357229181568,8.562229872292505,0.57146525,literal-shorter-than-qgram
job_movie_info_info,movie_info.info,benchmarks/job/../../data/job/movie_info__info.csv,job-csv,utf8,NaiveVectorizedV2,static,qgram,full-scan,prefix_usa_space_200,USA:% 200%,1,6674158,100000014,100000000,6674158,6674158,0,1,0,1990319999,2909990269,3131,150,57056004,57056154,6674158,4607775,268914,8.548816794567944,8.548794319822814,0.57056154,literal-shorter-than-qgram
job_movie_info_info,movie_info.info,benchmarks/job/../../data/job/movie_info__info.csv,job-csv,utf8,NaiveVectorizedV2,static,qgram,full-scan,prefix_usa_space_200,USA:% 200%,2,6674158,100000014,100000000,6674158,6674158,0,1,0,1990319999,2909990269,3131,100,57190824,57190924,6674158,4607775,268914,8.56900960390809,8.56899462074467,0.57190924,literal-shorter-than-qgram
job_movie_info_info,movie_info.info,benchmarks/job/../../data/job/movie_info__info.csv,job-csv,utf8,NaiveVectorizedV2,static,qgram,full-scan,prefix_usa_space_200,USA:% 200%,3,6674158,100000014,100000000,6674158,6674158,0,1,0,1990319999,2909990269,3131,120,57577724,57577844,6674158,4607775,268914,8.626982459809911,8.62696448001381,0.57577844,literal-shorter-than-qgram
job_movie_info_info,movie_info.info,benchmarks/job/../../data/job/movie_info__info.csv,job-csv,utf8,NaiveVectorizedV2,static,qgram,full-scan,prefix_usa_space_200,USA:% 200%,4,6674158,100000014,100000000,6674158,6674158,0,1,0,1990319999,2909990269,3131,110,57001064,57001174,6674158,4607775,268914,8.540579051320032,8.54056256984027,0.57001174,literal-shorter-than-qgram
job_movie_info_info,movie_info.info,benchmarks/job/../../data/job/movie_info__info.csv,job-csv,utf8,NaiveVectorizedV2,static,trigram,trigram,prefix_usa_space_200,USA:% 200%,0,6674158,100000014,100000000,6674158,6674158,0,1,0,1990319999,3626250845,3131,2865436,15174957,18040393,885461,885461,268914,2.703021564667783,17.137916859127618,0.18040393,
job_movie_info_info,movie_info.info,benchmarks/job/../../data/job/movie_info__info.csv,job-csv,utf8,NaiveVectorizedV2,static,trigram,trigram,prefix_usa_space_200,USA:% 200%,1,6674158,100000014,100000000,6674158,6674158,0,1,0,1990319999,3626250845,3131,2615744,15141011,17756755,885461,885461,268914,2.6605236196086457,17.09957976692367,0.17756755,
job_movie_info_info,movie_info.info,benchmarks/job/../../data/job/movie_info__info.csv,job-csv,utf8,NaiveVectorizedV2,static,trigram,trigram,prefix_usa_space_200,USA:% 200%,2,6674158,100000014,100000000,6674158,6674158,0,1,0,1990319999,3626250845,3131,2690149,15376941,18067090,885461,885461,268914,2.707021619805824,17.36602854332376,0.1806709,
job_movie_info_info,movie_info.info,benchmarks/job/../../data/job/movie_info__info.csv,job-csv,utf8,NaiveVectorizedV2,static,trigram,trigram,prefix_usa_space_200,USA:% 200%,3,6674158,100000014,100000000,6674158,6674158,0,1,0,1990319999,3626250845,3131,2679457,15185381,17864838,885461,885461,268914,2.676717872127091,17.14968925791198,0.17864838,
job_movie_info_info,movie_info.info,benchmarks/job/../../data/job/movie_info__info.csv,job-csv,utf8,NaiveVectorizedV2,static,trigram,trigram,prefix_usa_space_200,USA:% 200%,4,6674158,100000014,100000000,6674158,6674158,0,1,0,1990319999,3626250845,3131,2749011,15129729,17878740,885461,885461,268914,2.678800831505637,17.086838381362927,0.1787874,
job_movie_info_info,movie_info.info,benchmarks/job/../../data/job/movie_info__info.csv,job-csv,utf8,NaiveVectorizedV2,static,fm,fm,prefix_usa_200,USA:%200%,0,6674158,100000014,100000000,6674158,6674158,0,1,0,1990319999,281784236191,2841,19397782,25396180,44793962,935876,833915,294734,6.71155252842381,27.13626591557001,0.44793962,
job_movie_info_info,movie_info.info,benchmarks/job/../../data/job/movie_info__info.csv,job-csv,utf8,NaiveVectorizedV2,static,fm,fm,prefix_usa_200,USA:%200%,1,6674158,100000014,100000000,6674158,6674158,0,1,0,1990319999,281784236191,2841,19532521,25612225,45144746,935876,833915,294734,6.764111068392447,27.36711380567511,0.45144746,
job_movie_info_info,movie_info.info,benchmarks/job/../../data/job/movie_info__info.csv,job-csv,utf8,NaiveVectorizedV2,static,fm,fm,prefix_usa_200,USA:%200%,2,6674158,100000014,100000000,6674158,6674158,0,1,0,1990319999,281784236191,2841,19808558,25579360,45387918,935876,833915,294734,6.800545926542345,27.331996973958088,0.45387918,
job_movie_info_info,movie_info.info,benchmarks/job/../../data/job/movie_info__info.csv,job-csv,utf8,NaiveVectorizedV2,static,fm,fm,prefix_usa_200,USA:%200%,3,6674158,100000014,100000000,6674158,6674158,0,1,0,1990319999,281784236191,2841,19401033,25458043,44859076,935876,833915,294734,6.721308665452631,27.202367621351545,0.44859076,
job_movie_info_info,movie_info.info,benchmarks/job/../../data/job/movie_info__info.csv,job-csv,utf8,NaiveVectorizedV2,static,fm,fm,prefix_usa_200,USA:%200%,4,6674158,100000014,100000000,6674158,6674158,0,1,0,1990319999,281784236191,2841,19562254,25401722,44963976,935876,833915,294734,6.737026003879441,27.142187640242938,0.44963976,
job_movie_info_info,movie_info.info,benchmarks/job/../../data/job/movie_info__info.csv,job-csv,utf8,NaiveVectorizedV2,static,full-scan,full-scan,prefix_usa_200,USA:%200%,0,6674158,100000014,100000000,6674158,6674158,0,1,0,1990319999,0,2841,700,64876308,64877008,6674158,5402091,294734,9.720628130170129,9.720523248026193,0.64877008,
job_movie_info_info,movie_info.info,benchmarks/job/../../data/job/movie_info__info.csv,job-csv,utf8,NaiveVectorizedV2,static,full-scan,full-scan,prefix_usa_200,USA:%200%,1,6674158,100000014,100000000,6674158,6674158,0,1,0,1990319999,0,2841,110,72251337,72251447,6674158,5402091,294734,10.825552376794196,10.825535895314434,0.72251447,
job_movie_info_info,movie_info.info,benchmarks/job/../../data/job/movie_info__info.csv,job-csv,utf8,NaiveVectorizedV2,static,full-scan,full-scan,prefix_usa_200,USA:%200%,2,6674158,100000014,100000000,6674158,6674158,0,1,0,1990319999,0,2841,110,64192768,64192878,6674158,5402091,294734,9.618123814269905,9.618107332790144,0.64192878,
job_movie_info_info,movie_info.info,benchmarks/job/../../data/job/movie_info__info.csv,job-csv,utf8,NaiveVectorizedV2,static,full-scan,full-scan,prefix_usa_200,USA:%200%,3,6674158,100000014,100000000,6674158,6674158,0,1,0,1990319999,0,2841,110,64842962,64843072,6674158,5402091,294734,9.715543443832166,9.715526962352405,0.64843072,
job_movie_info_info,movie_info.info,benchmarks/job/../../data/job/movie_info__info.csv,job-csv,utf8,NaiveVectorizedV2,static,full-scan,full-scan,prefix_usa_200,USA:%200%,4,6674158,100000014,100000000,6674158,6674158,0,1,0,1990319999,0,2841,110,65154584,65154694,6674158,5402091,294734,9.76223427734255,9.762217795862789,0.65154694,
job_movie_info_info,movie_info.info,benchmarks/job/../../data/job/movie_info__info.csv,job-csv,utf8,NaiveVectorizedV2,static,prefix-btree,prefix-btree,prefix_usa_200,USA:%200%,0,6674158,100000014,100000000,6674158,6674158,0,1,0,1990319999,1558029554,2841,14160687,25993627,40154314,935876,833915,294734,6.016386486505114,27.774648564553424,0.40154314,
job_movie_info_info,movie_info.info,benchmarks/job/../../data/job/movie_info__info.csv,job-csv,utf8,NaiveVectorizedV2,static,prefix-btree,prefix-btree,prefix_usa_200,USA:%200%,1,6674158,100000014,100000000,6674158,6674158,0,1,0,1990319999,1558029554,2841,13619788,26409352,40029140,935876,833915,294734,5.997631461526683,28.21885805384474,0.4002914,
job_movie_info_info,movie_info.info,benchmarks/job/../../data/job/movie_info__info.csv,job-csv,utf8,NaiveVectorizedV2,static,prefix-btree,prefix-btree,prefix_usa_200,USA:%200%,2,6674158,100000014,100000000,6674158,6674158,0,1,0,1990319999,1558029554,2841,13672559,25850079,39522638,935876,833915,294734,5.921741439144833,27.621264996644854,0.39522638,
job_movie_info_info,movie_info.info,benchmarks/job/../../data/job/movie_info__info.csv,job-csv,utf8,NaiveVectorizedV2,static,prefix-btree,prefix-btree,prefix_usa_200,USA:%200%,3,6674158,100000014,100000000,6674158,6674158,0,1,0,1990319999,1558029554,2841,13500125,26279445,39779570,935876,833915,294734,5.960237980581221,28.080050134846925,0.3977957,
job_movie_info_info,movie_info.info,benchmarks/job/../../data/job/movie_info__info.csv,job-csv,utf8,NaiveVectorizedV2,static,prefix-btree,prefix-btree,prefix_usa_200,USA:%200%,4,6674158,100000014,100000000,6674158,6674158,0,1,0,1990319999,1558029554,2841,13433602,26415131,39848733,935876,833915,294734,5.970600785896887,28.225033017194587,0.39848733,
job_movie_info_info,movie_info.info,benchmarks/job/../../data/job/movie_info__info.csv,job-csv,utf8,NaiveVectorizedV2,static,qgram,full-scan,prefix_usa_200,USA:%200%,0,6674158,100000014,100000000,6674158,6674158,0,1,0,1990319999,2909990269,2841,530,63543640,63544170,6674158,5402091,294734,9.520926834516054,9.520847423749933,0.6354417,literal-shorter-than-qgram
job_movie_info_info,movie_info.info,benchmarks/job/../../data/job/movie_info__info.csv,job-csv,utf8,NaiveVectorizedV2,static,qgram,full-scan,prefix_usa_200,USA:%200%,1,6674158,100000014,100000000,6674158,6674158,0,1,0,1990319999,2909990269,2841,110,64690021,64690131,6674158,5402091,294734,9.692628043867106,9.692611562387345,0.64690131,literal-shorter-than-qgram
job_movie_info_info,movie_info.info,benchmarks/job/../../data/job/movie_info__info.csv,job-csv,utf8,NaiveVectorizedV2,static,qgram,full-scan,prefix_usa_200,USA:%200%,2,6674158,100000014,100000000,6674158,6674158,0,1,0,1990319999,2909990269,2841,110,78380172,78380282,6674158,5402091,294734,11.743845740541353,11.743829259061593,0.78380282,literal-shorter-than-qgram
job_movie_info_info,movie_info.info,benchmarks/job/../../data/job/movie_info__info.csv,job-csv,utf8,NaiveVectorizedV2,static,qgram,full-scan,prefix_usa_200,USA:%200%,3,6674158,100000014,100000000,6674158,6674158,0,1,0,1990319999,2909990269,2841,180,72276471,72276651,6674158,5402091,294734,10.829328733302388,10.829301763608234,0.72276651,literal-shorter-than-qgram
job_movie_info_info,movie_info.info,benchmarks/job/../../data/job/movie_info__info.csv,job-csv,utf8,NaiveVectorizedV2,static,qgram,full-scan,prefix_usa_200,USA:%200%,4,6674158,100000014,100000000,6674158,6674158,0,1,0,1990319999,2909990269,2841,110,63808785,63808895,6674158,5402091,294734,9.560591013877705,9.560574532397945,0.63808895,literal-shorter-than-qgram
job_movie_info_info,movie_info.info,benchmarks/job/../../data/job/movie_info__info.csv,job-csv,utf8,NaiveVectorizedV2,static,trigram,trigram,prefix_usa_200,USA:%200%,0,6674158,100000014,100000000,6674158,6674158,0,1,0,1990319999,3626250845,2841,1609762,25727584,27337346,935876,833915,294734,4.0959992256701145,27.490376930277087,0.27337346,
job_movie_info_info,movie_info.info,benchmarks/job/../../data/job/movie_info__info.csv,job-csv,utf8,NaiveVectorizedV2,static,trigram,trigram,prefix_usa_200,USA:%200%,1,6674158,100000014,100000000,6674158,6674158,0,1,0,1990319999,3626250845,2841,1709613,25514702,27224315,935876,833915,294734,4.079063606225684,27.262908761417112,0.27224315,
job_movie_info_info,movie_info.info,benchmarks/job/../../data/job/movie_info__info.csv,job-csv,utf8,NaiveVectorizedV2,static,trigram,trigram,prefix_usa_200,USA:%200%,2,6674158,100000014,100000000,6674158,6674158,0,1,0,1990319999,3626250845,2841,1586898,26024575,27611473,935876,833915,294734,4.137072122056445,27.80771704798499,0.27611473,
job_movie_info_info,movie_info.info,benchmarks/job/../../data/job/movie_info__info.csv,job-csv,utf8,NaiveVectorizedV2,static,trigram,trigram,prefix_usa_200,USA:%200%,3,6674158,100000014,100000000,6674158,6674158,0,1,0,1990319999,3626250845,2841,1705322,25950189,27655511,935876,833915,294734,4.143670407563022,27.72823429599648,0.27655511,
job_movie_info_info,movie_info.info,benchmarks/job/../../data/job/movie_info__info.csv,job-csv,utf8,NaiveVectorizedV2,static,trigram,trigram,prefix_usa_200,USA:%200%,4,6674158,100000014,100000000,6674158,6674158,0,1,0,1990319999,3626250845,2841,1643069,25862761,27505830,935876,833915,294734,4.12124345872543,27.634815937154066,0.2750583,
job_movie_info_info,movie_info.info,benchmarks/job/../../data/job/movie_info__info.csv,job-csv,utf8,NaiveVectorizedV2,static,fm,fm,prefix_usa_2008,USA:%2008%,0,6674158,100000014,100000000,6674158,6674158,0,1,0,1990319999,281784236191,3261,2980970,5175828,8156798,135571,135355,45638,1.222146374119402,38.177987917770025,0.08156798,
job_movie_info_info,movie_info.info,benchmarks/job/../../data/job/movie_info__info.csv,job-csv,utf8,NaiveVectorizedV2,static,fm,fm,prefix_usa_2008,USA:%2008%,1,6674158,100000014,100000000,6674158,6674158,0,1,0,1990319999,281784236191,3261,2768226,5306628,8074854,135571,135355,45638,1.2098685706871188,39.142796025698715,0.08074854,
job_movie_info_info,movie_info.info,benchmarks/job/../../data/job/movie_info__info.csv,job-csv,utf8,NaiveVectorizedV2,static,fm,fm,prefix_usa_2008,USA:%2008%,2,6674158,100000014,100000000,6674158,6674158,0,1,0,1990319999,281784236191,3261,2922056,5206389,8128445,135571,135355,45638,1.2178981977951375,38.403412234179875,0.08128445,
job_movie_info_info,movie_info.info,benchmarks/job/../../data/job/movie_info__info.csv,job-csv,utf8,NaiveVectorizedV2,static,fm,fm,prefix_usa_2008,USA:%2008%,3,6674158,100000014,100000000,6674158,6674158,0,1,0,1990319999,281784236191,3261,2763295,5326312,8089607,135571,135355,45638,1.2120790367863632,39.28798931924969,0.08089607,
job_movie_info_info,movie_info.info,benchmarks/job/../../data/job/movie_info__info.csv,job-csv,utf8,NaiveVectorizedV2,static,fm,fm,prefix_usa_2008,USA:%2008%,4,6674158,100000014,100000000,6674158,6674158,0,1,0,1990319999,281784236191,3261,2825937,5190956,8016893,135571,135355,45638,1.2011841793376783,38.289575204136575,0.08016893,
job_movie_info_info,movie_info.info,benchmarks/job/../../data/job/movie_info__info.csv,job-csv,utf8,NaiveVectorizedV2,static,full-scan,full-scan,prefix_usa_2008,USA:%2008%,0,6674158,100000014,100000000,6674158,6674158,0,1,0,1990319999,0,3261,840,56046205,56047045,6674158,4607775,45638,8.397620344019426,8.397494485446703,0.56047045,
job_movie_info_info,movie_info.info,benchmarks/job/../../data/job/movie_info__info.csv,job-csv,utf8,NaiveVectorizedV2,static,full-scan,full-scan,prefix_usa_2008,USA:%2008%,1,6674158,100000014,100000000,6674158,6674158,0,1,0,1990319999,0,3261,430,56589089,56589519,6674158,4607775,45638,8.478900109946453,8.47883568234375,0.56589519,
job_movie_info_info,movie_info.info,benchmarks/job/../../data/job/movie_info__info.csv,job-csv,utf8,NaiveVectorizedV2,static,full-scan,full-scan,prefix_usa_2008,USA:%2008%,2,6674158,100000014,100000000,6674158,6674158,0,1,0,1990319999,0,3261,100,55919431,55919531,6674158,4607775,45638,8.378514713016983,8.378499729853564,0.55919531,
job_movie_info_info,movie_info.info,benchmarks/job/../../data/job/movie_info__info.csv,job-csv,utf8,NaiveVectorizedV2,static,full-scan,full-scan,prefix_usa_2008,USA:%2008%,3,6674158,100000014,100000000,6674158,6674158,0,1,0,1990319999,0,3261,110,55393361,55393471,6674158,4607775,45638,8.299694283533594,8.299677802053832,0.55393471,
job_movie_info_info,movie_info.info,benchmarks/job/../../data/job/movie_info__info.csv,job-csv,utf8,NaiveVectorizedV2,static,full-scan,full-scan,prefix_usa_2008,USA:%2008%,4,6674158,100000014,100000000,6674158,6674158,0,1,0,1990319999,0,3261,110,55597491,55597601,6674158,4607775,45638,8.33027941502134,8.33026293354158,0.55597601,
job_movie_info_info,movie_info.info,benchmarks/job/../../data/job/movie_info__info.csv,job-csv,utf8,NaiveVectorizedV2,static,prefix-btree,prefix-btree,prefix_usa_2008,USA:%2008%,0,6674158,100000014,100000000,6674158,6674158,0,1,0,1990319999,1558029554,3261,13250687,22074312,35324999,935876,819018,45638,5.292802328023999,23.586791412537558,0.35324999,
job_movie_info_info,movie_info.info,benchmarks/job/../../data/job/movie_info__info.csv,job-csv,utf8,NaiveVectorizedV2,static,prefix-btree,prefix-btree,prefix_usa_2008,USA:%2008%,1,6674158,100000014,100000000,6674158,6674158,0,1,0,1990319999,1558029554,3261,13479191,22083524,35562715,935876,819018,45638,5.328419704777741,23.59663459689104,0.35562715,
job_movie_info_info,movie_info.info,benchmarks/job/../../data/job/movie_info__info.csv,job-csv,utf8,NaiveVectorizedV2,static,prefix-btree,prefix-btree,prefix_usa_2008,USA:%2008%,2,6674158,100000014,100000000,6674158,6674158,0,1,0,1990319999,1558029554,3261,13032766,22103597,35136363,935876,819018,45638,5.264538687876433,23.618082951160197,0.35136363,
job_movie_info_info,movie_info.info,benchmarks/job/../../data/job/movie_info__info.csv,job-csv,utf8,NaiveVectorizedV2,static,prefix-btree,prefix-btree,prefix_usa_2008,USA:%2008%,3,6674158,100000014,100000000,6674158,6674158,0,1,0,1990319999,1558029554,3261,12806363,21760623,34566986,935876,819018,45638,5.17922800149472,23.251609187541938,0.34566986,
job_movie_info_info,movie_info.info,benchmarks/job/../../data/job/movie_info__info.csv,job-csv,utf8,NaiveVectorizedV2,static,prefix-btree,prefix-btree,prefix_usa_2008,USA:%2008%,4,6674158,100000014,100000000,6674158,6674158,0,1,0,1990319999,1558029554,3261,12935357,22680608,35615965,935876,819018,45638,5.3363982392985,24.234629373976894,0.35615965,
job_movie_info_info,movie_info.info,benchmarks/job/../../data/job/movie_info__info.csv,job-csv,utf8,NaiveVectorizedV2,static,qgram,full-scan,prefix_usa_2008,USA:%2008%,0,6674158,100000014,100000000,6674158,6674158,0,1,0,1990319999,2909990269,3261,610,56291541,56292151,6674158,4607775,45638,8.43434497654985,8.434253579252994,0.56292151,literal-shorter-than-qgram
job_movie_info_info,movie_info.info,benchmarks/job/../../data/job/movie_info__info.csv,job-csv,utf8,NaiveVectorizedV2,static,qgram,full-scan,prefix_usa_2008,USA:%2008%,1,6674158,100000014,100000000,6674158,6674158,0,1,0,1990319999,2909990269,3261,110,56006147,56006257,6674158,4607775,45638,8.391509011323976,8.391492529844214,0.56006257,literal-shorter-than-qgram
job_movie_info_info,movie_info.info,benchmarks/job/../../data/job/movie_info__info.csv,job-csv,utf8,NaiveVectorizedV2,static,qgram,full-scan,prefix_usa_2008,USA:%2008%,2,6674158,100000014,100000000,6674158,6674158,0,1,0,1990319999,2909990269,3261,110,56169620,56169730,6674158,4607775,45638,8.416002438060351,8.41598595658059,0.5616973,literal-shorter-than-qgram
job_movie_info_info,movie_info.info,benchmarks/job/../../data/job/movie_info__info.csv,job-csv,utf8,NaiveVectorizedV2,static,qgram,full-scan,prefix_usa_2008,USA:%2008%,3,6674158,100000014,100000000,6674158,6674158,0,1,0,1990319999,2909990269,3261,110,56795977,56796087,6674158,4607775,45638,8.509850530958362,8.5098340494786,0.56796087,literal-shorter-than-qgram
job_movie_info_info,movie_info.info,benchmarks/job/../../data/job/movie_info__info.csv,job-csv,utf8,NaiveVectorizedV2,static,qgram,full-scan,prefix_usa_2008,USA:%2008%,4,6674158,100000014,100000000,6674158,6674158,0,1,0,1990319999,2909990269,3261,100,55512583,55512683,6674158,4607775,45638,8.317556012308968,8.317541029145548,0.55512683,literal-shorter-than-qgram
job_movie_info_info,movie_info.info,benchmarks/job/../../data/job/movie_info__info.csv,job-csv,utf8,NaiveVectorizedV2,static,trigram,trigram,prefix_usa_2008,USA:%2008%,0,6674158,100000014,100000000,6674158,6674158,0,1,0,1990319999,3626250845,3261,1225283,5444415,6669698,135572,135356,45638,0.9993317509115007,40.1588454843183,0.06669698,
job_movie_info_info,movie_info.info,benchmarks/job/../../data/job/movie_info__info.csv,job-csv,utf8,NaiveVectorizedV2,static,trigram,trigram,prefix_usa_2008,USA:%2008%,1,6674158,100000014,100000000,6674158,6674158,0,1,0,1990319999,3626250845,3261,1141867,5243566,6385433,135572,135356,45638,0.9567398614177249,38.67735225562801,0.06385433,
job_movie_info_info,movie_info.info,benchmarks/job/../../data/job/movie_info__info.csv,job-csv,utf8,NaiveVectorizedV2,static,trigram,trigram,prefix_usa_2008,USA:%2008%,2,6674158,100000014,100000000,6674158,6674158,0,1,0,1990319999,3626250845,3261,1195597,5067892,6263489,135572,135356,45638,0.9384687926177354,37.38155371315611,0.06263489,
job_movie_info_info,movie_info.info,benchmarks/job/../../data/job/movie_info__info.csv,job-csv,utf8,NaiveVectorizedV2,static,trigram,trigram,prefix_usa_2008,USA:%2008%,3,6674158,100000014,100000000,6674158,6674158,0,1,0,1990319999,3626250845,3261,1153259,5101298,6254557,135572,135356,45638,0.9371304964611267,37.62796152597882,0.06254557,
job_movie_info_info,movie_info.info,benchmarks/job/../../data/job/movie_info__info.csv,job-csv,utf8,NaiveVectorizedV2,static,trigram,trigram,prefix_usa_2008,USA:%2008%,4,6674158,100000014,100000000,6674158,6674158,0,1,0,1990319999,3626250845,3261,1141927,5156750,6298677,135572,135356,45638,0.9437410681617067,38.03698403800195,0.06298677,
job_movie_info_info,movie_info.info,benchmarks/job/../../data/job/movie_info__info.csv,job-csv,utf8,NaiveVectorizedV2,static,fm,fm,prefix_usa_201,USA:%201%,0,6674158,100000014,100000000,6674158,6674158,0,1,0,1990319999,281784236191,3011,22905118,25993533,48898651,935876,833915,227707,7.3265647891464365,27.774548123896757,0.48898651,
job_movie_info_info,movie_info.info,benchmarks/job/../../data/job/movie_info__info.csv,job-csv,utf8,NaiveVectorizedV2,static,fm,fm,prefix_usa_201,USA:%201%,1,6674158,100000014,100000000,6674158,6674158,0,1,0,1990319999,281784236191,3011,19415778,25632309,45048087,935876,833915,227707,6.749628492463019,27.388573913638133,0.45048087,
job_movie_info_info,movie_info.info,benchmarks/job/../../data/job/movie_info__info.csv,job-csv,utf8,NaiveVectorizedV2,static,fm,fm,prefix_usa_201,USA:%201%,2,6674158,100000014,100000000,6674158,6674158,0,1,0,1990319999,281784236191,3011,19589137,25020408,44609545,935876,833915,227707,6.683921027940903,26.734746910915547,0.44609545,
job_movie_info_info,movie_info.info,benchmarks/job/../../data/job/movie_info__info.csv,job-csv,utf8,NaiveVectorizedV2,static,fm,fm,prefix_usa_201,USA:%201%,3,6674158,100000014,100000000,6674158,6674158,0,1,0,1990319999,281784236191,3011,23708142,33462390,57170532,935876,833915,227707,8.565954237223632,35.75515346050118,0.57170532,
job_movie_info_info,movie_info.info,benchmarks/job/../../data/job/movie_info__info.csv,job-csv,utf8,NaiveVectorizedV2,static,fm,fm,prefix_usa_201,USA:%201%,4,6674158,100000014,100000000,6674158,6674158,0,1,0,1990319999,281784236191,3011,20688037,25326873,46014910,935876,833915,227707,6.8944891625280675,27.062210164594454,0.4601491,
job_movie_info_info,movie_info.info,benchmarks/job/../../data/job/movie_info__info.csv,job-csv,utf8,NaiveVectorizedV2,static,full-scan,full-scan,prefix_usa_201,USA:%201%,0,6674158,100000014,100000000,6674158,6674158,0,1,0,1990319999,0,3011,810,64342085,64342895,6674158,5402091,227707,9.640601106536584,9.64047974291289,0.64342895,
job_movie_info_info,movie_info.info,benchmarks/job/../../data/job/movie_info__info.csv,job-csv,utf8,NaiveVectorizedV2,static,full-scan,full-scan,prefix_usa_201,USA:%201%,1,6674158,100000014,100000000,6674158,6674158,0,1,0,1990319999,0,3011,100,63645397,63645497,6674158,5402091,227707,9.536108824513894,9.536093841350475,0.63645497,
job_movie_info_info,movie_info.info,benchmarks/job/../../data/job/movie_info__info.csv,job-csv,utf8,NaiveVectorizedV2,static,full-scan,full-scan,prefix_usa_201,USA:%201%,2,6674158,100000014,100000000,6674158,6674158,0,1,0,1990319999,0,3011,110,65297295,65297405,6674158,5402091,227707,9.783616899689818,9.783600418210057,0.65297405,
job_movie_info_info,movie_info.info,benchmarks/job/../../data/job/movie_info__info.csv,job-csv,utf8,NaiveVectorizedV2,static,full-scan,full-scan,prefix_usa_201,USA:%201%,3,6674158,100000014,100000000,6674158,6674158,0,1,0,1990319999,0,3011,110,64874849,64874959,6674158,5402091,227707,9.720321125151667,9.720304643671906,0.64874959,
job_movie_info_info,movie_info.info,benchmarks/job/../../data/job/movie_info__info.csv,job-csv,utf8,NaiveVectorizedV2,static,full-scan,full-scan,prefix_usa_201,USA:%201%,4,6674158,100000014,100000000,6674158,6674158,0,1,0,1990319999,0,3011,100,64090708,64090808,6674158,5402091,227707,9.60283049936786,9.60281551620444,0.64090808,
job_movie_info_info,movie_info.info,benchmarks/job/../../data/job/movie_info__info.csv,job-csv,utf8,NaiveVectorizedV2,static,prefix-btree,prefix-btree,prefix_usa_201,USA:%201%,0,6674158,100000014,100000000,6674158,6674158,0,1,0,1990319999,1558029554,3011,13506584,25307751,38814335,935876,833915,227707,5.815615243151271,27.041777970585848,0.38814335,
job_movie_info_info,movie_info.info,benchmarks/job/../../data/job/movie_info__info.csv,job-csv,utf8,NaiveVectorizedV2,static,prefix-btree,prefix-btree,prefix_usa_201,USA:%201%,1,6674158,100000014,100000000,6674158,6674158,0,1,0,1990319999,1558029554,3011,13684845,25143108,38827953,935876,833915,227707,5.817655650345706,26.865854023396263,0.38827953,
job_movie_info_info,movie_info.info,benchmarks/job/../../data/job/movie_info__info.csv,job-csv,utf8,NaiveVectorizedV2,static,prefix-btree,prefix-btree,prefix_usa_201,USA:%201%,2,6674158,100000014,100000000,6674158,6674158,0,1,0,1990319999,1558029554,3011,13558553,25054763,38613316,935876,833915,227707,5.7854962378774974,26.771455833892524,0.38613316,
job_movie_info_info,movie_info.info,benchmarks/job/../../data/job/movie_info__info.csv,job-csv,utf8,NaiveVectorizedV2,static,prefix-btree,prefix-btree,prefix_usa_201,USA:%201%,3,6674158,100000014,100000000,6674158,6674158,0,1,0,1990319999,1558029554,3011,13389373,26105070,39494443,935876,833915,227707,5.917516936218771,27.89372737413931,0.39494443,
job_movie_info_info,movie_info.info,benchmarks/job/../../data/job/movie_info__info.csv,job-csv,utf8,NaiveVectorizedV2,static,prefix-btree,prefix-btree,prefix_usa_201,USA:%201%,4,6674158,100000014,100000000,6674158,6674158,0,1,0,1990319999,1558029554,3011,13577984,25678534,39256518,935876,833915,227707,5.881868244653483,27.437966140813526,0.39256518,
job_movie_info_info,movie_info.info,benchmarks/job/../../data/job/movie_info__info.csv,job-csv,utf8,NaiveVectorizedV2,static,qgram,full-scan,prefix_usa_201,USA:%201%,0,6674158,100000014,100000000,6674158,6674158,0,1,0,1990319999,2909990269,3011,551,63000670,63001221,6674158,5402091,227707,9.439575898562785,9.439493341332344,0.63001221,literal-shorter-than-qgram
job_movie_info_info,movie_info.info,benchmarks/job/../../data/job/movie_info__info.csv,job-csv,utf8,NaiveVectorizedV2,static,qgram,full-scan,prefix_usa_201,USA:%201%,1,6674158,100000014,100000000,6674158,6674158,0,1,0,1990319999,2909990269,3011,100,63668763,63668863,6674158,5402091,227707,9.539609790478439,9.53959480731502,0.63668863,literal-shorter-than-qgram
job_movie_info_info,movie_info.info,benchmarks/job/../../data/job/movie_info__info.csv,job-csv,utf8,NaiveVectorizedV2,static,qgram,full-scan,prefix_usa_201,USA:%201%,2,6674158,100000014,100000000,6674158,6674158,0,1,0,1990319999,2909990269,3011,170,63968597,63968767,6674158,5402091,227707,9.584544896899354,9.584519425521542,0.63968767,literal-shorter-than-qgram
job_movie_info_info,movie_info.info,benchmarks/job/../../data/job/movie_info__info.csv,job-csv,utf8,NaiveVectorizedV2,static,qgram,full-scan,prefix_usa_201,USA:%201%,3,6674158,100000014,100000000,6674158,6674158,0,1,0,1990319999,2909990269,3011,110,64920064,64920174,6674158,5402091,227707,9.727095762491688,9.727079281011926,0.64920174,literal-shorter-than-qgram
job_movie_info_info,movie_info.info,benchmarks/job/../../data/job/movie_info__info.csv,job-csv,utf8,NaiveVectorizedV2,static,qgram,full-scan,prefix_usa_201,USA:%201%,4,6674158,100000014,100000000,6674158,6674158,0,1,0,1990319999,2909990269,3011,100,63036458,63036558,6674158,5402091,227707,9.44487049902025,9.444855515856831,0.63036558,literal-shorter-than-qgram
job_movie_info_info,movie_info.info,benchmarks/job/../../data/job/movie_info__info.csv,job-csv,utf8,NaiveVectorizedV2,static,trigram,trigram,prefix_usa_201,USA:%201%,0,6674158,100000014,100000000,6674158,6674158,0,1,0,1990319999,3626250845,3011,1666583,25750995,27417578,935876,833915,227707,4.10802051734466,27.515391996375588,0.27417578,
job_movie_info_info,movie_info.info,benchmarks/job/../../data/job/movie_info__info.csv,job-csv,utf8,NaiveVectorizedV2,static,trigram,trigram,prefix_usa_201,USA:%201%,1,6674158,100000014,100000000,6674158,6674158,0,1,0,1990319999,3626250845,3011,1607667,24963222,26570889,935876,833915,227707,3.9811597208217124,26.67364266206207,0.26570889,
job_movie_info_info,movie_info.info,benchmarks/job/../../data/job/movie_info__info.csv,job-csv,utf8,NaiveVectorizedV2,static,trigram,trigram,prefix_usa_201,USA:%201%,2,6674158,100000014,100000000,6674158,6674158,0,1,0,1990319999,3626250845,3011,1611267,24854172,26465439,935876,833915,227707,3.965359974996097,26.557120815150725,0.26465439,
job_movie_info_info,movie_info.info,benchmarks/job/../../data/job/movie_info__info.csv,job-csv,utf8,NaiveVectorizedV2,static,trigram,trigram,prefix_usa_201,USA:%201%,3,6674158,100000014,100000000,6674158,6674158,0,1,0,1990319999,3626250845,3011,1474883,24951862,26426745,935876,833915,227707,3.959562389742646,26.661504301851956,0.26426745,
job_movie_info_info,movie_info.info,benchmarks/job/../../data/job/movie_info__info.csv,job-csv,utf8,NaiveVectorizedV2,static,trigram,trigram,prefix_usa_201,USA:%201%,4,6674158,100000014,100000000,6674158,6674158,0,1,0,1990319999,3626250845,3011,1667073,24739850,26406923,935876,833915,227707,3.9565924270896793,26.43496574332497,0.26406923,
job_movie_info_info,movie_info.info,benchmarks/job/../../data/job/movie_info__info.csv,job-csv,utf8,NaiveVectorizedV2Wildcard,static,fm,fm,prefix_japan_200,Japan:%200%,0,6674158,100000014,100000000,6674158,6674158,0,1,0,1990319999,281784236191,8121,2357835,5915255,8273090,130031,118510,54763,1.2395705945229345,45.491113657512436,0.0827309,
job_movie_info_info,movie_info.info,benchmarks/job/../../data/job/movie_info__info.csv,job-csv,utf8,NaiveVectorizedV2Wildcard,static,fm,fm,prefix_japan_200,Japan:%200%,1,6674158,100000014,100000000,6674158,6674158,0,1,0,1990319999,281784236191,8121,2555795,5791872,8347667,130031,118510,54763,1.2507445883061203,44.54223992740193,0.08347667,
job_movie_info_info,movie_info.info,benchmarks/job/../../data/job/movie_info__info.csv,job-csv,utf8,NaiveVectorizedV2Wildcard,static,fm,fm,prefix_japan_200,Japan:%200%,2,6674158,100000014,100000000,6674158,6674158,0,1,0,1990319999,281784236191,8121,2458665,5716824,8175489,130031,118510,54763,1.224946877194097,43.965085248902184,0.08175489,
job_movie_info_info,movie_info.info,benchmarks/job/../../data/job/movie_info__info.csv,job-csv,utf8,NaiveVectorizedV2Wildcard,static,fm,fm,prefix_japan_200,Japan:%200%,3,6674158,100000014,100000000,6674158,6674158,0,1,0,1990319999,281784236191,8121,2363086,5694412,8057498,130031,118510,54763,1.207268092844071,43.792726349870414,0.08057498,
job_movie_info_info,movie_info.info,benchmarks/job/../../data/job/movie_info__info.csv,job-csv,utf8,NaiveVectorizedV2Wildcard,static,fm,fm,prefix_japan_200,Japan:%200%,4,6674158,100000014,100000000,6674158,6674158,0,1,0,1990319999,281784236191,8121,2385708,5680980,8066688,130031,118510,54763,1.2086450455623017,43.68942790565327,0.08066688,
job_movie_info_info,movie_info.info,benchmarks/job/../../data/job/movie_info__info.csv,job-csv,utf8,NaiveVectorizedV2Wildcard,static,full-scan,full-scan,prefix_japan_200,Japan:%200%,0,6674158,100000014,100000000,6674158,6674158,0,1,0,1990319999,0,8121,620,37599526,37600146,6674158,4439405,54763,5.633691321062522,5.633598425449323,0.37600146,
job_movie_info_info,movie_info.info,benchmarks/job/../../data/job/movie_info__info.csv,job-csv,utf8,NaiveVectorizedV2Wildcard,static,full-scan,full-scan,prefix_japan_200,Japan:%200%,1,6674158,100000014,100000000,6674158,6674158,0,1,0,1990319999,0,8121,110,37626719,37626829,6674158,4439405,54763,5.637689278557684,5.637672797077924,0.37626829,
job_movie_info_info,movie_info.info,benchmarks/job/../../data/job/movie_info__info.csv,job-csv,utf8,NaiveVectorizedV2Wildcard,static,full-scan,full-scan,prefix_japan_200,Japan:%200%,2,6674158,100000014,100000000,6674158,6674158,0,1,0,1990319999,0,8121,110,38010639,38010749,6674158,4439405,54763,5.69521263955693,5.695196158077168,0.38010749,
job_movie_info_info,movie_info.info,benchmarks/job/../../data/job/movie_info__info.csv,job-csv,utf8,NaiveVectorizedV2Wildcard,static,full-scan,full-scan,prefix_japan_200,Japan:%200%,3,6674158,100000014,100000000,6674158,6674158,0,1,0,1990319999,0,8121,110,37787216,37787326,6674158,4439405,54763,5.661736806350704,5.6617203248709425,0.37787326,
job_movie_info_info,movie_info.info,benchmarks/job/../../data/job/movie_info__info.csv,job-csv,utf8,NaiveVectorizedV2Wildcard,static,full-scan,full-scan,prefix_japan_200,Japan:%200%,4,6674158,100000014,100000000,6674158,6674158,0,1,0,1990319999,0,8121,110,37548661,37548771,6674158,4439405,54763,5.625993720855874,5.625977239376113,0.37548771,
job_movie_info_info,movie_info.info,benchmarks/job/../../data/job/movie_info__info.csv,job-csv,utf8,NaiveVectorizedV2Wildcard,static,prefix-btree,prefix-btree,prefix_japan_200,Japan:%200%,0,6674158,100000014,100000000,6674158,6674158,0,1,0,1990319999,1558029554,8121,2142312,5780001,7922313,130031,118510,54763,1.1870131033757367,44.45094631280233,0.07922313,
job_movie_info_info,movie_info.info,benchmarks/job/../../data/job/movie_info__info.csv,job-csv,utf8,NaiveVectorizedV2Wildcard,static,prefix-btree,prefix-btree,prefix_japan_200,Japan:%200%,1,6674158,100000014,100000000,6674158,6674158,0,1,0,1990319999,1558029554,8121,1966494,5750867,7717361,130031,118510,54763,1.1563048102846831,44.22689204881913,0.07717361,
job_movie_info_info,movie_info.info,benchmarks/job/../../data/job/movie_info__info.csv,job-csv,utf8,NaiveVectorizedV2Wildcard,static,prefix-btree,prefix-btree,prefix_japan_200,Japan:%200%,2,6674158,100000014,100000000,6674158,6674158,0,1,0,1990319999,1558029554,8121,2035731,5811894,7847625,130031,118510,54763,1.1758224782811555,44.69621859402758,0.07847625,
job_movie_info_info,movie_info.info,benchmarks/job/../../data/job/movie_info__info.csv,job-csv,utf8,NaiveVectorizedV2Wildcard,static,prefix-btree,prefix-btree,prefix_japan_200,Japan:%200%,3,6674158,100000014,100000000,6674158,6674158,0,1,0,1990319999,1558029554,8121,2294718,5675480,7970198,130031,118510,54763,1.1941877911790522,43.647130299697764,0.07970198,
job_movie_info_info,movie_info.info,benchmarks/job/../../data/job/movie_info__info.csv,job-csv,utf8,NaiveVectorizedV2Wildcard,static,prefix-btree,prefix-btree,prefix_japan_200,Japan:%200%,4,6674158,100000014,100000000,6674158,6674158,0,1,0,1990319999,1558029554,8121,2082507,5687391,7769898,130031,118510,54763,1.1641765148502627,43.73873153324976,0.07769898,
job_movie_info_info,movie_info.info,benchmarks/job/../../data/job/movie_info__info.csv,job-csv,utf8,NaiveVectorizedV2Wildcard,static,qgram,full-scan,prefix_japan_200,Japan:%200%,0,6674158,100000014,100000000,6674158,6674158,0,1,0,1990319999,2909990269,8121,450,38845156,38845606,6674158,4439405,54763,5.82030062818411,5.820233203948723,0.38845606,literal-shorter-than-qgram
job_movie_info_info,movie_info.info,benchmarks/job/../../data/job/movie_info__info.csv,job-csv,utf8,NaiveVectorizedV2Wildcard,static,qgram,full-scan,prefix_japan_200,Japan:%200%,1,6674158,100000014,100000000,6674158,6674158,0,1,0,1990319999,2909990269,8121,130,40257644,40257774,6674158,4439405,54763,6.031888067378687,6.031868589266241,0.40257774,literal-shorter-than-qgram
job_movie_info_info,movie_info.info,benchmarks/job/../../data/job/movie_info__info.csv,job-csv,utf8,NaiveVectorizedV2Wildcard,static,qgram,full-scan,prefix_japan_200,Japan:%200%,2,6674158,100000014,100000000,6674158,6674158,0,1,0,1990319999,2909990269,8121,110,45618119,45618229,6674158,4439405,54763,6.835053800044889,6.835037318565129,0.45618229,literal-shorter-than-qgram
job_movie_info_info,movie_info.info,benchmarks/job/../../data/job/movie_info__info.csv,job-csv,utf8,NaiveVectorizedV2Wildcard,static,qgram,full-scan,prefix_japan_200,Japan:%200%,3,6674158,100000014,100000000,6674158,6674158,0,1,0,1990319999,2909990269,8121,110,37778264,37778374,6674158,4439405,54763,5.6603955135614115,5.66037903208165,0.37778374,literal-shorter-than-qgram
job_movie_info_info,movie_info.info,benchmarks/job/../../data/job/movie_info__info.csv,job-csv,utf8,NaiveVectorizedV2Wildcard,static,qgram,full-scan,prefix_japan_200,Japan:%200%,4,6674158,100000014,100000000,6674158,6674158,0,1,0,1990319999,2909990269,8121,110,37986846,37986956,6674158,4439405,54763,5.691647695484584,5.691631214004823,0.37986956,literal-shorter-than-qgram
job_movie_info_info,movie_info.info,benchmarks/job/../../data/job/movie_info__info.csv,job-csv,utf8,NaiveVectorizedV2Wildcard,static,trigram,trigram,prefix_japan_200,Japan:%200%,0,6674158,100000014,100000000,6674158,6674158,0,1,0,1990319999,3626250845,8121,499932,5880441,6380373,130031,118510,54763,0.9559817133487101,45.22337750228792,0.06380373,
job_movie_info_info,movie_info.info,benchmarks/job/../../data/job/movie_info__info.csv,job-csv,utf8,NaiveVectorizedV2Wildcard,static,trigram,trigram,prefix_japan_200,Japan:%200%,1,6674158,100000014,100000000,6674158,6674158,0,1,0,1990319999,3626250845,8121,554327,5784571,6338898,130031,118510,54763,0.9497674463205695,44.48609177811445,0.06338898,
job_movie_info_info,movie_info.info,benchmarks/job/../../data/job/movie_info__info.csv,job-csv,utf8,NaiveVectorizedV2Wildcard,static,trigram,trigram,prefix_japan_200,Japan:%200%,2,6674158,100000014,100000000,6674158,6674158,0,1,0,1990319999,3626250845,8121,536055,5738957,6275012,130031,118510,54763,0.9401953025385374,44.13529850574094,0.06275012,
job_movie_info_info,movie_info.info,benchmarks/job/../../data/job/movie_info__info.csv,job-csv,utf8,NaiveVectorizedV2Wildcard,static,trigram,trigram,prefix_japan_200,Japan:%200%,3,6674158,100000014,100000000,6674158,6674158,0,1,0,1990319999,3626250845,8121,528210,6128394,6656604,130031,118510,54763,0.9973698554933821,47.13025355492152,0.06656604,
job_movie_info_info,movie_info.info,benchmarks/job/../../data/job/movie_info__info.csv,job-csv,utf8,NaiveVectorizedV2Wildcard,static,trigram,trigram,prefix_japan_200,Japan:%200%,4,6674158,100000014,100000000,6674158,6674158,0,1,0,1990319999,3626250845,8121,492317,5807523,6299840,130031,118510,54763,0.9439153223522727,44.66260353300367,0.0629984,
job_movie_info_info,movie_info.info,benchmarks/job/../../data/job/movie_info__info.csv,job-csv,utf8,NaiveVectorizedV2Wildcard,static,fm,fm,prefix_japan_2007,Japan:%2007%,0,6674158,100000014,100000000,6674158,6674158,0,1,0,1990319999,281784236191,3001,2364216,5043701,7407917,130031,116066,8501,1.1099403100735703,38.788450446432,0.07407917,
job_movie_info_info,movie_info.info,benchmarks/job/../../data/job/movie_info__info.csv,job-csv,utf8,NaiveVectorizedV2Wildcard,static,fm,fm,prefix_japan_2007,Japan:%2007%,1,6674158,100000014,100000000,6674158,6674158,0,1,0,1990319999,281784236191,3001,2348054,5174764,7522818,130031,116066,8501,1.1271561146739408,39.79638701540402,0.07522818,
job_movie_info_info,movie_info.info,benchmarks/job/../../data/job/movie_info__info.csv,job-csv,utf8,NaiveVectorizedV2Wildcard,static,fm,fm,prefix_japan_2007,Japan:%2007%,2,6674158,100000014,100000000,6674158,6674158,0,1,0,1990319999,281784236191,3001,2489667,5113517,7603184,130031,116066,8501,1.139197483787468,39.32536856595735,0.07603184,
job_movie_info_info,movie_info.info,benchmarks/job/../../data/job/movie_info__info.csv,job-csv,utf8,NaiveVectorizedV2Wildcard,static,fm,fm,prefix_japan_2007,Japan:%2007%,3,6674158,100000014,100000000,6674158,6674158,0,1,0,1990319999,281784236191,3001,2436962,5233240,7670202,130031,116066,8501,1.1492389002477916,40.24609516192292,0.07670202,
job_movie_info_info,movie_info.info,benchmarks/job/../../data/job/movie_info__info.csv,job-csv,utf8,NaiveVectorizedV2Wildcard,static,fm,fm,prefix_japan_2007,Japan:%2007%,4,6674158,100000014,100000000,6674158,6674158,0,1,0,1990319999,281784236191,3001,2508659,5121399,7630058,130031,116066,8501,1.1432240591247615,39.38598488052849,0.07630058,
job_movie_info_info,movie_info.info,benchmarks/job/../../data/job/movie_info__info.csv,job-csv,utf8,NaiveVectorizedV2Wildcard,static,full-scan,full-scan,prefix_japan_2007,Japan:%2007%,0,6674158,100000014,100000000,6674158,6674158,0,1,0,1990319999,0,3001,910,35061392,35062302,6674158,3725759,8501,5.253442007216491,5.253305660429375,0.35062302,
job_movie_info_info,movie_info.info,benchmarks/job/../../data/job/movie_info__info.csv,job-csv,utf8,NaiveVectorizedV2Wildcard,static,full-scan,full-scan,prefix_japan_2007,Japan:%2007%,1,6674158,100000014,100000000,6674158,6674158,0,1,0,1990319999,0,3001,100,35028990,35029090,6674158,3725759,8501,5.248465798981684,5.2484508158182654,0.3502909,
job_movie_info_info,movie_info.info,benchmarks/job/../../data/job/movie_info__info.csv,job-csv,utf8,NaiveVectorizedV2Wildcard,static,full-scan,full-scan,prefix_japan_2007,Japan:%2007%,2,6674158,100000014,100000000,6674158,6674158,0,1,0,1990319999,0,3001,160,34580207,34580367,6674158,3725759,8501,5.181232898591852,5.181208925530382,0.34580367,
job_movie_info_info,movie_info.info,benchmarks/job/../../data/job/movie_info__info.csv,job-csv,utf8,NaiveVectorizedV2Wildcard,static,full-scan,full-scan,prefix_japan_2007,Japan:%2007%,3,6674158,100000014,100000000,6674158,6674158,0,1,0,1990319999,0,3001,100,34343954,34344054,6674158,3725759,8501,5.145825735620883,5.145810752457463,0.34344054,
job_movie_info_info,movie_info.info,benchmarks/job/../../data/job/movie_info__info.csv,job-csv,utf8,NaiveVectorizedV2Wildcard,static,full-scan,full-scan,prefix_japan_2007,Japan:%2007%,4,6674158,100000014,100000000,6674158,6674158,0,1,0,1990319999,0,3001,100,34419099,34419199,6674158,3725759,8501,5.15708483377229,5.157069850608871,0.34419199,
job_movie_info_info,movie_info.info,benchmarks/job/../../data/job/movie_info__info.csv,job-csv,utf8,NaiveVectorizedV2Wildcard,static,prefix-btree,prefix-btree,prefix_japan_2007,Japan:%2007%,0,6674158,100000014,100000000,6674158,6674158,0,1,0,1990319999,1558029554,3001,2086698,5047392,7134090,130031,116066,8501,1.0689123631774975,38.81683598526505,0.0713409,
job_movie_info_info,movie_info.info,benchmarks/job/../../data/job/movie_info__info.csv,job-csv,utf8,NaiveVectorizedV2Wildcard,static,prefix-btree,prefix-btree,prefix_japan_2007,Japan:%2007%,1,6674158,100000014,100000000,6674158,6674158,0,1,0,1990319999,1558029554,3001,2050246,5213116,7263362,130031,116066,8501,1.0882813981928507,40.09133206696865,0.07263362,
job_movie_info_info,movie_info.info,benchmarks/job/../../data/job/movie_info__info.csv,job-csv,utf8,NaiveVectorizedV2Wildcard,static,prefix-btree,prefix-btree,prefix_japan_2007,Japan:%2007%,2,6674158,100000014,100000000,6674158,6674158,0,1,0,1990319999,1558029554,3001,2057126,5178373,7235499,130031,116066,8501,1.0841066393693406,39.82414193538464,0.07235499,
job_movie_info_info,movie_info.info,benchmarks/job/../../data/job/movie_info__info.csv,job-csv,utf8,NaiveVectorizedV2Wildcard,static,prefix-btree,prefix-btree,prefix_japan_2007,Japan:%2007%,3,6674158,100000014,100000000,6674158,6674158,0,1,0,1990319999,1558029554,3001,2040195,5265672,7305867,130031,116066,8501,1.0946499918042096,40.49551260853181,0.07305867,
job_movie_info_info,movie_info.info,benchmarks/job/../../data/job/movie_info__info.csv,job-csv,utf8,NaiveVectorizedV2Wildcard,static,prefix-btree,prefix-btree,prefix_japan_2007,Japan:%2007%,4,6674158,100000014,100000000,6674158,6674158,0,1,0,1990319999,1558029554,3001,2108431,5037240,7145671,130031,116066,8501,1.0706475633330825,38.738762295145,0.07145671,
job_movie_info_info,movie_info.info,benchmarks/job/../../data/job/movie_info__info.csv,job-csv,utf8,NaiveVectorizedV2Wildcard,static,qgram,full-scan,prefix_japan_2007,Japan:%2007%,0,6674158,100000014,100000000,6674158,6674158,0,1,0,1990319999,2909990269,3001,941,35042419,35043360,6674158,3725759,8501,5.250603896401613,5.250462904833838,0.3504336,literal-shorter-than-qgram
job_movie_info_info,movie_info.info,benchmarks/job/../../data/job/movie_info__info.csv,job-csv,utf8,NaiveVectorizedV2Wildcard,static,qgram,full-scan,prefix_japan_2007,Japan:%2007%,1,6674158,100000014,100000000,6674158,6674158,0,1,0,1990319999,2909990269,3001,110,35244260,35244370,6674158,3725759,8501,5.28072155319068,5.280705071710918,0.3524437,literal-shorter-than-qgram
job_movie_info_info,movie_info.info,benchmarks/job/../../data/job/movie_info__info.csv,job-csv,utf8,NaiveVectorizedV2Wildcard,static,qgram,full-scan,prefix_japan_2007,Japan:%2007%,2,6674158,100000014,100000000,6674158,6674158,0,1,0,1990319999,2909990269,3001,110,34657564,34657674,6674158,3725759,8501,5.1928159327363845,5.192799451256623,0.34657674,literal-shorter-than-qgram
job_movie_info_info,movie_info.info,benchmarks/job/../../data/job/movie_info__info.csv,job-csv,utf8,NaiveVectorizedV2Wildcard,static,qgram,full-scan,prefix_japan_2007,Japan:%2007%,3,6674158,100000014,100000000,6674158,6674158,0,1,0,1990319999,2909990269,3001,120,35793660,35793780,6674158,3725759,8501,5.3630405513324675,5.363022571536365,0.3579378,literal-shorter-than-qgram
job_movie_info_info,movie_info.info,benchmarks/job/../../data/job/movie_info__info.csv,job-csv,utf8,NaiveVectorizedV2Wildcard,static,qgram,full-scan,prefix_japan_2007,Japan:%2007%,4,6674158,100000014,100000000,6674158,6674158,0,1,0,1990319999,2909990269,3001,110,35063591,35063701,6674158,3725759,8501,5.253651621672726,5.253635140192965,0.35063701,literal-shorter-than-qgram
job_movie_info_info,movie_info.info,benchmarks/job/../../data/job/movie_info__info.csv,job-csv,utf8,NaiveVectorizedV2Wildcard,static,trigram,trigram,prefix_japan_2007,Japan:%2007%,0,6674158,100000014,100000000,6674158,6674158,0,1,0,1990319999,3626250845,3001,514949,5494905,6009854,130031,116066,8501,0.9004662460792807,42.258422991440504,0.06009854,
job_movie_info_info,movie_info.info,benchmarks/job/../../data/job/movie_info__info.csv,job-csv,utf8,NaiveVectorizedV2Wildcard,static,trigram,trigram,prefix_japan_2007,Japan:%2007%,1,6674158,100000014,100000000,6674158,6674158,0,1,0,1990319999,3626250845,3001,493807,5087055,5580862,130031,116066,8501,0.8361896736637041,39.12186324799471,0.05580862,
job_movie_info_info,movie_info.info,benchmarks/job/../../data/job/movie_info__info.csv,job-csv,utf8,NaiveVectorizedV2Wildcard,static,trigram,trigram,prefix_japan_2007,Japan:%2007%,2,6674158,100000014,100000000,6674158,6674158,0,1,0,1990319999,3626250845,3001,497777,5093466,5591243,130031,116066,8501,0.8377450758582581,39.171166875591204,0.05591243,
job_movie_info_info,movie_info.info,benchmarks/job/../../data/job/movie_info__info.csv,job-csv,utf8,NaiveVectorizedV2Wildcard,static,trigram,trigram,prefix_japan_2007,Japan:%2007%,3,6674158,100000014,100000000,6674158,6674158,0,1,0,1990319999,3626250845,3001,493137,5310775,5803912,130031,116066,8501,0.8696096196703764,40.84237604878837,0.05803912,
job_movie_info_info,movie_info.info,benchmarks/job/../../data/job/movie_info__info.csv,job-csv,utf8,NaiveVectorizedV2Wildcard,static,trigram,trigram,prefix_japan_2007,Japan:%2007%,4,6674158,100000014,100000000,6674158,6674158,0,1,0,1990319999,3626250845,3001,495067,5087154,5582221,130031,116066,8501,0.8363932948545719,39.12262460490191,0.05582221,
job_movie_info_info,movie_info.info,benchmarks/job/../../data/job/movie_info__info.csv,job-csv,utf8,NaiveVectorizedV2Wildcard,static,fm,fm,prefix_japan_201,Japan:%201%,0,6674158,100000014,100000000,6674158,6674158,0,1,0,1990319999,281784236191,2800,2502558,5429527,7932085,130031,118510,23878,1.1884772581050673,41.755635194684345,0.07932085,
job_movie_info_info,movie_info.info,benchmarks/job/../../data/job/movie_info__info.csv,job-csv,utf8,NaiveVectorizedV2Wildcard,static,fm,fm,prefix_japan_201,Japan:%201%,1,6674158,100000014,100000000,6674158,6674158,0,1,0,1990319999,281784236191,2800,2355455,5611535,7966990,130031,118510,23878,1.1937071312965621,43.15536295191147,0.0796699,
job_movie_info_info,movie_info.info,benchmarks/job/../../data/job/movie_info__info.csv,job-csv,utf8,NaiveVectorizedV2Wildcard,static,fm,fm,prefix_japan_201,Japan:%201%,2,6674158,100000014,100000000,6674158,6674158,0,1,0,1990319999,281784236191,2800,2771945,5691873,8463818,130031,118510,23878,1.2681476824492317,43.77320023686659,0.08463818,
job_movie_info_info,movie_info.info,benchmarks/job/../../data/job/movie_info__info.csv,job-csv,utf8,NaiveVectorizedV2Wildcard,static,fm,fm,prefix_japan_201,Japan:%201%,3,6674158,100000014,100000000,6674158,6674158,0,1,0,1990319999,281784236191,2800,2537632,5699413,8237045,130031,118510,23878,1.2341699132684603,43.83118640939468,0.08237045,
job_movie_info_info,movie_info.info,benchmarks/job/../../data/job/movie_info__info.csv,job-csv,utf8,NaiveVectorizedV2Wildcard,static,fm,fm,prefix_japan_201,Japan:%201%,4,6674158,100000014,100000000,6674158,6674158,0,1,0,1990319999,281784236191,2800,2448223,5606634,8054857,130031,118510,23878,1.2068723874981684,43.11767193976821,0.08054857,
job_movie_info_info,movie_info.info,benchmarks/job/../../data/job/movie_info__info.csv,job-csv,utf8,NaiveVectorizedV2Wildcard,static,full-scan,full-scan,prefix_japan_201,Japan:%201%,0,6674158,100000014,100000000,6674158,6674158,0,1,0,1990319999,0,2800,580,38521842,38522422,6674158,4439405,23878,5.77187744131919,5.7717905389713575,0.38522422,
job_movie_info_info,movie_info.info,benchmarks/job/../../data/job/movie_info__info.csv,job-csv,utf8,NaiveVectorizedV2Wildcard,static,full-scan,full-scan,prefix_japan_201,Japan:%201%,1,6674158,100000014,100000000,6674158,6674158,0,1,0,1990319999,0,2800,100,37980749,37980849,6674158,4439405,23878,5.690732673694569,5.69071769053115,0.37980849,
job_movie_info_info,movie_info.info,benchmarks/job/../../data/job/movie_info__info.csv,job-csv,utf8,NaiveVectorizedV2Wildcard,static,full-scan,full-scan,prefix_japan_201,Japan:%201%,2,6674158,100000014,100000000,6674158,6674158,0,1,0,1990319999,0,2800,390,37841988,37842378,6674158,4439405,23878,5.669985337476278,5.6699269031389425,0.37842378,
job_movie_info_info,movie_info.info,benchmarks/job/../../data/job/movie_info__info.csv,job-csv,utf8,NaiveVectorizedV2Wildcard,static,full-scan,full-scan,prefix_japan_201,Japan:%201%,3,6674158,100000014,100000000,6674158,6674158,0,1,0,1990319999,0,2800,110,38523362,38523472,6674158,4439405,23878,5.772034764535092,5.77201828305533,0.38523472,
job_movie_info_info,movie_info.info,benchmarks/job/../../data/job/movie_info__info.csv,job-csv,utf8,NaiveVectorizedV2Wildcard,static,full-scan,full-scan,prefix_japan_201,Japan:%201%,4,6674158,100000014,100000000,6674158,6674158,0,1,0,1990319999,0,2800,110,39143550,39143660,6674158,4439405,23878,5.864958546081768,5.8649420646020065,0.3914366,
job_movie_info_info,movie_info.info,benchmarks/job/../../data/job/movie_info__info.csv,job-csv,utf8,NaiveVectorizedV2Wildcard,static,prefix-btree,prefix-btree,prefix_japan_201,Japan:%201%,0,6674158,100000014,100000000,6674158,6674158,0,1,0,1990319999,1558029554,2800,2216211,5731807,7948018,130031,118510,23878,1.1908645255326589,44.08031161799879,0.07948018,
job_movie_info_info,movie_info.info,benchmarks/job/../../data/job/movie_info__info.csv,job-csv,utf8,NaiveVectorizedV2Wildcard,static,prefix-btree,prefix-btree,prefix_japan_201,Japan:%201%,1,6674158,100000014,100000000,6674158,6674158,0,1,0,1990319999,1558029554,2800,2108220,5854673,7962893,130031,118510,23878,1.1930932710912747,45.02520937314948,0.07962893,
job_movie_info_info,movie_info.info,benchmarks/job/../../data/job/movie_info__info.csv,job-csv,utf8,NaiveVectorizedV2Wildcard,static,prefix-btree,prefix-btree,prefix_japan_201,Japan:%201%,2,6674158,100000014,100000000,6674158,6674158,0,1,0,1990319999,1558029554,2800,2293503,5690192,7983695,130031,118510,23878,1.1962100687457504,43.76027255039183,0.07983695,
job_movie_info_info,movie_info.info,benchmarks/job/../../data/job/movie_info__info.csv,job-csv,utf8,NaiveVectorizedV2Wildcard,static,prefix-btree,prefix-btree,prefix_japan_201,Japan:%201%,3,6674158,100000014,100000000,6674158,6674158,0,1,0,1990319999,1558029554,2800,2163847,5889321,8053168,130031,118510,23878,1.206619321868017,45.29166890972153,0.08053168,
job_movie_info_info,movie_info.info,benchmarks/job/../../data/job/movie_info__info.csv,job-csv,utf8,NaiveVectorizedV2Wildcard,static,prefix-btree,prefix-btree,prefix_japan_201,Japan:%201%,4,6674158,100000014,100000000,6674158,6674158,0,1,0,1990319999,1558029554,2800,2101930,5777170,7879100,130031,118510,23878,1.1805384289673693,44.42917458144596,0.078791,
job_movie_info_info,movie_info.info,benchmarks/job/../../data/job/movie_info__info.csv,job-csv,utf8,NaiveVectorizedV2Wildcard,static,qgram,full-scan,prefix_japan_201,Japan:%201%,0,6674158,100000014,100000000,6674158,6674158,0,1,0,1990319999,2909990269,2800,450,38054618,38055068,6674158,4439405,23878,5.701853027752715,5.701785603517328,0.38055068,literal-shorter-than-qgram
job_movie_info_info,movie_info.info,benchmarks/job/../../data/job/movie_info__info.csv,job-csv,utf8,NaiveVectorizedV2Wildcard,static,qgram,full-scan,prefix_japan_201,Japan:%201%,1,6674158,100000014,100000000,6674158,6674158,0,1,0,1990319999,2909990269,2800,110,38221913,38222023,6674158,4439405,23878,5.726868168239349,5.726851686759589,0.38222023,literal-shorter-than-qgram
job_movie_info_info,movie_info.info,benchmarks/job/../../data/job/movie_info__info.csv,job-csv,utf8,NaiveVectorizedV2Wildcard,static,qgram,full-scan,prefix_japan_201,Japan:%201%,2,6674158,100000014,100000000,6674158,6674158,0,1,0,1990319999,2909990269,2800,120,37821225,37821345,6674158,4439405,23878,5.666833928714304,5.666815948918201,0.37821345,literal-shorter-than-qgram
job_movie_info_info,movie_info.info,benchmarks/job/../../data/job/movie_info__info.csv,job-csv,utf8,NaiveVectorizedV2Wildcard,static,qgram,full-scan,prefix_japan_201,Japan:%201%,3,6674158,100000014,100000000,6674158,6674158,0,1,0,1990319999,2909990269,2800,110,38582898,38583008,6674158,4439405,23878,5.780955140708386,5.7809386592286245,0.38583008,literal-shorter-than-qgram
job_movie_info_info,movie_info.info,benchmarks/job/../../data/job/movie_info__info.csv,job-csv,utf8,NaiveVectorizedV2Wildcard,static,qgram,full-scan,prefix_japan_201,Japan:%201%,4,6674158,100000014,100000000,6674158,6674158,0,1,0,1990319999,2909990269,2800,110,39070760,39070870,6674158,4439405,23878,5.854052301428885,5.854035819949123,0.3907087,literal-shorter-than-qgram
job_movie_info_info,movie_info.info,benchmarks/job/../../data/job/movie_info__info.csv,job-csv,utf8,NaiveVectorizedV2Wildcard,static,trigram,trigram,prefix_japan_201,Japan:%201%,0,6674158,100000014,100000000,6674158,6674158,0,1,0,1990319999,3626250845,2800,516455,5873242,6389697,130031,118510,23878,0.9573787435059224,45.168013781329066,0.06389697,
job_movie_info_info,movie_info.info,benchmarks/job/../../data/job/movie_info__info.csv,job-csv,utf8,NaiveVectorizedV2Wildcard,static,trigram,trigram,prefix_japan_201,Japan:%201%,1,6674158,100000014,100000000,6674158,6674158,0,1,0,1990319999,3626250845,2800,536307,5657484,6193791,130031,118510,23878,0.9280258273777756,43.50873253301136,0.06193791,
job_movie_info_info,movie_info.info,benchmarks/job/../../data/job/movie_info__info.csv,job-csv,utf8,NaiveVectorizedV2Wildcard,static,trigram,trigram,prefix_japan_201,Japan:%201%,2,6674158,100000014,100000000,6674158,6674158,0,1,0,1990319999,3626250845,2800,522876,5745911,6268787,130031,118510,23878,0.9392626006156881,44.188778060616315,0.06268787,
job_movie_info_info,movie_info.info,benchmarks/job/../../data/job/movie_info__info.csv,job-csv,utf8,NaiveVectorizedV2Wildcard,static,trigram,trigram,prefix_japan_201,Japan:%201%,3,6674158,100000014,100000000,6674158,6674158,0,1,0,1990319999,3626250845,2800,616974,5656753,6273727,130031,118510,23878,0.9400027688885999,43.50311079665618,0.06273727,
job_movie_info_info,movie_info.info,benchmarks/job/../../data/job/movie_info__info.csv,job-csv,utf8,NaiveVectorizedV2Wildcard,static,trigram,trigram,prefix_japan_201,Japan:%201%,4,6674158,100000014,100000000,6674158,6674158,0,1,0,1990319999,3626250845,2800,528186,5685456,6213642,130031,118510,23878,0.9310001351481341,43.72385046642724,0.06213642,
job_movie_info_info,movie_info.info,benchmarks/job/../../data/job/movie_info__info.csv,job-csv,utf8,NaiveVectorizedV2Wildcard,static,fm,fm,prefix_usa_space_199,USA:% 199%,0,6674158,100000014,100000000,6674158,6674158,0,1,0,1990319999,281784236191,2670,5174372,6887551,12061923,263414,263414,78136,1.8072576345960045,26.147247298928683,0.12061923,
job_movie_info_info,movie_info.info,benchmarks/job/../../data/job/movie_info__info.csv,job-csv,utf8,NaiveVectorizedV2Wildcard,static,fm,fm,prefix_usa_space_199,USA:% 199%,1,6674158,100000014,100000000,6674158,6674158,0,1,0,1990319999,281784236191,2670,5292032,6701275,11993307,263414,263414,78136,1.796976787184241,25.44008670761615,0.11993307,
job_movie_info_info,movie_info.info,benchmarks/job/../../data/job/movie_info__info.csv,job-csv,utf8,NaiveVectorizedV2Wildcard,static,fm,fm,prefix_usa_space_199,USA:% 199%,2,6674158,100000014,100000000,6674158,6674158,0,1,0,1990319999,281784236191,2670,5063212,6665732,11728944,263414,263414,78136,1.7573668468741674,25.30515462352039,0.11728944,
job_movie_info_info,movie_info.info,benchmarks/job/../../data/job/movie_info__info.csv,job-csv,utf8,NaiveVectorizedV2Wildcard,static,fm,fm,prefix_usa_space_199,USA:% 199%,3,6674158,100000014,100000000,6674158,6674158,0,1,0,1990319999,281784236191,2670,5314043,6622968,11937011,263414,263414,78136,1.7885418655057312,25.142809417874524,0.11937011,
job_movie_info_info,movie_info.info,benchmarks/job/../../data/job/movie_info__info.csv,job-csv,utf8,NaiveVectorizedV2Wildcard,static,fm,fm,prefix_usa_space_199,USA:% 199%,4,6674158,100000014,100000000,6674158,6674158,0,1,0,1990319999,281784236191,2670,5348857,6573904,11922761,263414,263414,78136,1.7864067647184858,24.956547487984693,0.11922761,
job_movie_info_info,movie_info.info,benchmarks/job/../../data/job/movie_info__info.csv,job-csv,utf8,NaiveVectorizedV2Wildcard,static,full-scan,full-scan,prefix_usa_space_199,USA:% 199%,0,6674158,100000014,100000000,6674158,6674158,0,1,0,1990319999,0,2670,770,54075789,54076559,6674158,4607775,78136,8.102379206485672,8.102263836127344,0.54076559,
job_movie_info_info,movie_info.info,benchmarks/job/../../data/job/movie_info__info.csv,job-csv,utf8,NaiveVectorizedV2Wildcard,static,full-scan,full-scan,prefix_usa_space_199,USA:% 199%,1,6674158,100000014,100000000,6674158,6674158,0,1,0,1990319999,0,2670,110,55128809,55128919,6674158,4607775,78136,8.260056025044657,8.260039543564897,0.55128919,
job_movie_info_info,movie_info.info,benchmarks/job/../../data/job/movie_info__info.csv,job-csv,utf8,NaiveVectorizedV2Wildcard,static,full-scan,full-scan,prefix_usa_space_199,USA:% 199%,2,6674158,100000014,100000000,6674158,6674158,0,1,0,1990319999,0,2670,140,60562556,60562696,6674158,4607775,78136,9.074207712793134,9.074186736364348,0.60562696,
job_movie_info_info,movie_info.info,benchmarks/job/../../data/job/movie_info__info.csv,job-csv,utf8,NaiveVectorizedV2Wildcard,static,full-scan,full-scan,prefix_usa_space_199,USA:% 199%,3,6674158,100000014,100000000,6674158,6674158,0,1,0,1990319999,0,2670,130,53715619,53715749,6674158,4607775,78136,8.04831845455262,8.048298976440174,0.53715749,
job_movie_info_info,movie_info.info,benchmarks/job/../../data/job/movie_info__info.csv,job-csv,utf8,NaiveVectorizedV2Wildcard,static,full-scan,full-scan,prefix_usa_space_199,USA:% 199%,4,6674158,100000014,100000000,6674158,6674158,0,1,0,1990319999,0,2670,110,54044065,54044175,6674158,4607775,78136,8.097527058843976,8.097510577364217,0.54044175,
job_movie_info_info,movie_info.info,benchmarks/job/../../data/job/movie_info__info.csv,job-csv,utf8,NaiveVectorizedV2Wildcard,static,prefix-btree,prefix-btree,prefix_usa_space_199,USA:% 199%,0,6674158,100000014,100000000,6674158,6674158,0,1,0,1990319999,1558029554,2670,13080451,22935652,36016103,935876,819018,78136,5.396351569741082,24.507148382905427,0.36016103,
job_movie_info_info,movie_info.info,benchmarks/job/../../data/job/movie_info__info.csv,job-csv,utf8,NaiveVectorizedV2Wildcard,static,prefix-btree,prefix-btree,prefix_usa_space_199,USA:% 199%,1,6674158,100000014,100000000,6674158,6674158,0,1,0,1990319999,1558029554,2670,13232975,23215077,36448052,935876,819018,78136,5.461071194298966,24.805718920027868,0.36448052,
job_movie_info_info,movie_info.info,benchmarks/job/../../data/job/movie_info__info.csv,job-csv,utf8,NaiveVectorizedV2Wildcard,static,prefix-btree,prefix-btree,prefix_usa_space_199,USA:% 199%,2,6674158,100000014,100000000,6674158,6674158,0,1,0,1990319999,1558029554,2670,13139727,22731884,35871611,935876,819018,78136,5.374702097253317,24.28941868367177,0.35871611,
job_movie_info_info,movie_info.info,benchmarks/job/../../data/job/movie_info__info.csv,job-csv,utf8,NaiveVectorizedV2Wildcard,static,prefix-btree,prefix-btree,prefix_usa_space_199,USA:% 199%,3,6674158,100000014,100000000,6674158,6674158,0,1,0,1990319999,1558029554,2670,12923708,22714032,35637740,935876,819018,78136,5.339660823133046,24.270343507045805,0.3563774,
job_movie_info_info,movie_info.info,benchmarks/job/../../data/job/movie_info__info.csv,job-csv,utf8,NaiveVectorizedV2Wildcard,static,prefix-btree,prefix-btree,prefix_usa_space_199,USA:% 199%,4,6674158,100000014,100000000,6674158,6674158,0,1,0,1990319999,1558029554,2670,13199621,22769766,35969387,935876,819018,78136,5.389352035118137,24.32989626830905,0.35969387,
job_movie_info_info,movie_info.info,benchmarks/job/../../data/job/movie_info__info.csv,job-csv,utf8,NaiveVectorizedV2Wildcard,static,qgram,full-scan,prefix_usa_space_199,USA:% 199%,0,6674158,100000014,100000000,6674158,6674158,0,1,0,1990319999,2909990269,2670,600,54704915,54705515,6674158,4607775,78136,8.19661671180095,8.196526812820434,0.54705515,literal-shorter-than-qgram
job_movie_info_info,movie_info.info,benchmarks/job/../../data/job/movie_info__info.csv,job-csv,utf8,NaiveVectorizedV2Wildcard,static,qgram,full-scan,prefix_usa_space_199,USA:% 199%,1,6674158,100000014,100000000,6674158,6674158,0,1,0,1990319999,2909990269,2670,110,56439015,56439125,6674158,4607775,78136,8.456366331153683,8.456349849673922,0.56439125,literal-shorter-than-qgram
job_movie_info_info,movie_info.info,benchmarks/job/../../data/job/movie_info__info.csv,job-csv,utf8,NaiveVectorizedV2Wildcard,static,qgram,full-scan,prefix_usa_space_199,USA:% 199%,2,6674158,100000014,100000000,6674158,6674158,0,1,0,1990319999,2909990269,2670,110,54216370,54216480,6674158,4607775,78136,8.123343798573543,8.123327317093782,0.5421648,literal-shorter-than-qgram
job_movie_info_info,movie_info.info,benchmarks/job/../../data/job/movie_info__info.csv,job-csv,utf8,NaiveVectorizedV2Wildcard,static,qgram,full-scan,prefix_usa_space_199,USA:% 199%,3,6674158,100000014,100000000,6674158,6674158,0,1,0,1990319999,2909990269,2670,110,53987253,53987363,6674158,4607775,78136,8.089014824042223,8.088998342562462,0.53987363,literal-shorter-than-qgram
job_movie_info_info,movie_info.info,benchmarks/job/../../data/job/movie_info__info.csv,job-csv,utf8,NaiveVectorizedV2Wildcard,static,qgram,full-scan,prefix_usa_space_199,USA:% 199%,4,6674158,100000014,100000000,6674158,6674158,0,1,0,1990319999,2909990269,2670,140,53800600,53800740,6674158,4607775,78136,8.061052794974287,8.0610318185455,0.5380074,literal-shorter-than-qgram
job_movie_info_info,movie_info.info,benchmarks/job/../../data/job/movie_info__info.csv,job-csv,utf8,NaiveVectorizedV2Wildcard,static,trigram,trigram,prefix_usa_space_199,USA:% 199%,0,6674158,100000014,100000000,6674158,6674158,0,1,0,1990319999,3626250845,2670,1108278,6769059,7877337,263414,263414,78136,1.1802742757962876,25.69741547525948,0.07877337,
job_movie_info_info,movie_info.info,benchmarks/job/../../data/job/movie_info__info.csv,job-csv,utf8,NaiveVectorizedV2Wildcard,static,trigram,trigram,prefix_usa_space_199,USA:% 199%,1,6674158,100000014,100000000,6674158,6674158,0,1,0,1990319999,3626250845,2670,1073346,6606057,7679403,263414,263414,78136,1.1506175011139983,25.078610096653936,0.07679403,
job_movie_info_info,movie_info.info,benchmarks/job/../../data/job/movie_info__info.csv,job-csv,utf8,NaiveVectorizedV2Wildcard,static,trigram,trigram,prefix_usa_space_199,USA:% 199%,2,6674158,100000014,100000000,6674158,6674158,0,1,0,1990319999,3626250845,2670,1051383,6589256,7640639,263414,263414,78136,1.144809427646154,25.01482836903126,0.07640639,
job_movie_info_info,movie_info.info,benchmarks/job/../../data/job/movie_info__info.csv,job-csv,utf8,NaiveVectorizedV2Wildcard,static,trigram,trigram,prefix_usa_space_199,USA:% 199%,3,6674158,100000014,100000000,6674158,6674158,0,1,0,1990319999,3626250845,2670,1062184,6688873,7751057,263414,263414,78136,1.1613535370304389,25.393004927604455,0.07751057,
job_movie_info_info,movie_info.info,benchmarks/job/../../data/job/movie_info__info.csv,job-csv,utf8,NaiveVectorizedV2Wildcard,static,trigram,trigram,prefix_usa_space_199,USA:% 199%,4,6674158,100000014,100000000,6674158,6674158,0,1,0,1990319999,3626250845,2670,1047463,6643909,7691372,263414,263414,78136,1.15241083594365,25.22230785000038,0.07691372,
job_movie_info_info,movie_info.info,benchmarks/job/../../data/job/movie_info__info.csv,job-csv,utf8,NaiveVectorizedV2Wildcard,static,fm,fm,prefix_usa_space_200,USA:% 200%,0,6674158,100000014,100000000,6674158,6674158,0,1,0,1990319999,281784236191,2800,18250817,15948421,34199238,885461,885461,268914,5.124127717683639,18.011432462863976,0.34199238,
job_movie_info_info,movie_info.info,benchmarks/job/../../data/job/movie_info__info.csv,job-csv,utf8,NaiveVectorizedV2Wildcard,static,fm,fm,prefix_usa_space_200,USA:% 200%,1,6674158,100000014,100000000,6674158,6674158,0,1,0,1990319999,281784236191,2800,17962846,15282405,33245251,885461,885461,268914,4.981190286475088,17.2592638185081,0.33245251,
job_movie_info_info,movie_info.info,benchmarks/job/../../data/job/movie_info__info.csv,job-csv,utf8,NaiveVectorizedV2Wildcard,static,fm,fm,prefix_usa_space_200,USA:% 200%,2,6674158,100000014,100000000,6674158,6674158,0,1,0,1990319999,281784236191,2800,18155667,15264678,33420345,885461,885461,268914,5.0074249066324175,17.239243738572338,0.33420345,
job_movie_info_info,movie_info.info,benchmarks/job/../../data/job/movie_info__info.csv,job-csv,utf8,NaiveVectorizedV2Wildcard,static,fm,fm,prefix_usa_space_200,USA:% 200%,3,6674158,100000014,100000000,6674158,6674158,0,1,0,1990319999,281784236191,2800,17849723,15396988,33246711,885461,885461,268914,4.981409040661009,17.388668727363488,0.33246711,
job_movie_info_info,movie_info.info,benchmarks/job/../../data/job/movie_info__info.csv,job-csv,utf8,NaiveVectorizedV2Wildcard,static,fm,fm,prefix_usa_space_200,USA:% 200%,4,6674158,100000014,100000000,6674158,6674158,0,1,0,1990319999,281784236191,2800,17967972,15508927,33476899,885461,885461,268914,5.015898484872548,17.515087621024527,0.33476899,
job_movie_info_info,movie_info.info,benchmarks/job/../../data/job/movie_info__info.csv,job-csv,utf8,NaiveVectorizedV2Wildcard,static,full-scan,full-scan,prefix_usa_space_200,USA:% 200%,0,6674158,100000014,100000000,6674158,6674158,0,1,0,1990319999,0,2800,880,57686089,57686969,6674158,4607775,268914,8.643332836891185,8.643200985053095,0.57686969,
job_movie_info_info,movie_info.info,benchmarks/job/../../data/job/movie_info__info.csv,job-csv,utf8,NaiveVectorizedV2Wildcard,static,full-scan,full-scan,prefix_usa_space_200,USA:% 200%,1,6674158,100000014,100000000,6674158,6674158,0,1,0,1990319999,0,2800,140,56890237,56890377,6674158,4607775,268914,8.523978155746388,8.5239571793176,0.56890377,
job_movie_info_info,movie_info.info,benchmarks/job/../../data/job/movie_info__info.csv,job-csv,utf8,NaiveVectorizedV2Wildcard,static,full-scan,full-scan,prefix_usa_space_200,USA:% 200%,2,6674158,100000014,100000000,6674158,6674158,0,1,0,1990319999,0,2800,110,56893644,56893754,6674158,4607775,268914,8.524484137175056,8.524467655695295,0.56893754,
job_movie_info_info,movie_info.info,benchmarks/job/../../data/job/movie_info__info.csv,job-csv,utf8,NaiveVectorizedV2Wildcard,static,full-scan,full-scan,prefix_usa_space_200,USA:% 200%,3,6674158,100000014,100000000,6674158,6674158,0,1,0,1990319999,0,2800,120,69797794,69797914,6674158,4607775,268914,10.457935517858582,10.45791753806248,0.69797914,
job_movie_info_info,movie_info.info,benchmarks/job/../../data/job/movie_info__info.csv,job-csv,utf8,NaiveVectorizedV2Wildcard,static,full-scan,full-scan,prefix_usa_space_200,USA:% 200%,4,6674158,100000014,100000000,6674158,6674158,0,1,0,1990319999,0,2800,130,56129296,56129426,6674158,4607775,268914,8.40996362387585,8.409944145763406,0.56129426,
job_movie_info_info,movie_info.info,benchmarks/job/../../data/job/movie_info__info.csv,job-csv,utf8,NaiveVectorizedV2Wildcard,static,prefix-btree,prefix-btree,prefix_usa_space_200,USA:% 200%,0,6674158,100000014,100000000,6674158,6674158,0,1,0,1990319999,1558029554,2800,13224514,24218422,37442936,935876,819018,268914,5.610136289851094,25.87781073561027,0.37442936,
job_movie_info_info,movie_info.info,benchmarks/job/../../data/job/movie_info__info.csv,job-csv,utf8,NaiveVectorizedV2Wildcard,static,prefix-btree,prefix-btree,prefix_usa_space_200,USA:% 200%,1,6674158,100000014,100000000,6674158,6674158,0,1,0,1990319999,1558029554,2800,13456592,24913647,38370239,935876,819018,268914,5.749075613732848,26.620670900845838,0.38370239,
job_movie_info_info,movie_info.info,benchmarks/job/../../data/job/movie_info__info.csv,job-csv,utf8,NaiveVectorizedV2Wildcard,static,prefix-btree,prefix-btree,prefix_usa_space_200,USA:% 200%,2,6674158,100000014,100000000,6674158,6674158,0,1,0,1990319999,1558029554,2800,14059270,25546888,39606158,935876,819018,268914,5.934255377232604,27.297300069667347,0.39606158,
job_movie_info_info,movie_info.info,benchmarks/job/../../data/job/movie_info__info.csv,job-csv,utf8,NaiveVectorizedV2Wildcard,static,prefix-btree,prefix-btree,prefix_usa_space_200,USA:% 200%,3,6674158,100000014,100000000,6674158,6674158,0,1,0,1990319999,1558029554,2800,14019457,24911668,38931125,935876,819018,268914,5.833114079708632,26.618556304467685,0.38931125,
job_movie_info_info,movie_info.info,benchmarks/job/../../data/job/movie_info__info.csv,job-csv,utf8,NaiveVectorizedV2Wildcard,static,prefix-btree,prefix-btree,prefix_usa_space_200,USA:% 200%,4,6674158,100000014,100000000,6674158,6674158,0,1,0,1990319999,1558029554,2800,13013727,24829791,37843518,935876,819018,268914,5.6701561455392575,26.531069286956818,0.37843518,
job_movie_info_info,movie_info.info,benchmarks/job/../../data/job/movie_info__info.csv,job-csv,utf8,NaiveVectorizedV2Wildcard,static,qgram,full-scan,prefix_usa_space_200,USA:% 200%,0,6674158,100000014,100000000,6674158,6674158,0,1,0,1990319999,2909990269,2800,700,57592716,57593416,6674158,4607775,268914,8.629315638017559,8.629210755873626,0.57593416,literal-shorter-than-qgram
job_movie_info_info,movie_info.info,benchmarks/job/../../data/job/movie_info__info.csv,job-csv,utf8,NaiveVectorizedV2Wildcard,static,qgram,full-scan,prefix_usa_space_200,USA:% 200%,1,6674158,100000014,100000000,6674158,6674158,0,1,0,1990319999,2909990269,2800,111,55452232,55452343,6674158,4607775,268914,8.308515171501783,8.308498540190389,0.55452343,literal-shorter-than-qgram
job_movie_info_info,movie_info.info,benchmarks/job/../../data/job/movie_info__info.csv,job-csv,utf8,NaiveVectorizedV2Wildcard,static,qgram,full-scan,prefix_usa_space_200,USA:% 200%,2,6674158,100000014,100000000,6674158,6674158,0,1,0,1990319999,2909990269,2800,101,55631786,55631887,6674158,4607775,268914,8.33541654243127,8.335401409436216,0.55631887,literal-shorter-than-qgram
job_movie_info_info,movie_info.info,benchmarks/job/../../data/job/movie_info__info.csv,job-csv,utf8,NaiveVectorizedV2Wildcard,static,qgram,full-scan,prefix_usa_space_200,USA:% 200%,3,6674158,100000014,100000000,6674158,6674158,0,1,0,1990319999,2909990269,2800,111,55968186,55968297,6674158,4607775,268914,8.385821402490022,8.385804771178627,0.55968297,literal-shorter-than-qgram
job_movie_info_info,movie_info.info,benchmarks/job/../../data/job/movie_info__info.csv,job-csv,utf8,NaiveVectorizedV2Wildcard,static,qgram,full-scan,prefix_usa_space_200,USA:% 200%,4,6674158,100000014,100000000,6674158,6674158,0,1,0,1990319999,2909990269,2800,111,55550096,55550207,6674158,4607775,268914,8.323178294550413,8.323161663239018,0.55550207,literal-shorter-than-qgram
job_movie_info_info,movie_info.info,benchmarks/job/../../data/job/movie_info__info.csv,job-csv,utf8,NaiveVectorizedV2Wildcard,static,trigram,trigram,prefix_usa_space_200,USA:% 200%,0,6674158,100000014,100000000,6674158,6674158,0,1,0,1990319999,3626250845,2800,2741400,15356142,18097542,885461,885461,268914,2.711584292730259,17.34253908416068,0.18097542,
job_movie_info_info,movie_info.info,benchmarks/job/../../data/job/movie_info__info.csv,job-csv,utf8,NaiveVectorizedV2Wildcard,static,trigram,trigram,prefix_usa_space_200,USA:% 200%,1,6674158,100000014,100000000,6674158,6674158,0,1,0,1990319999,3626250845,2800,2788093,15588821,18376914,885461,885461,268914,2.75344305603793,17.60531632674957,0.18376914,
job_movie_info_info,movie_info.info,benchmarks/job/../../data/job/movie_info__info.csv,job-csv,utf8,NaiveVectorizedV2Wildcard,static,trigram,trigram,prefix_usa_space_200,USA:% 200%,2,6674158,100000014,100000000,6674158,6674158,0,1,0,1990319999,3626250845,2800,2700284,17782940,20483224,885461,885461,268914,3.0690349254542673,20.083256066613888,0.20483224,
job_movie_info_info,movie_info.info,benchmarks/job/../../data/job/movie_info__info.csv,job-csv,utf8,NaiveVectorizedV2Wildcard,static,trigram,trigram,prefix_usa_space_200,USA:% 200%,3,6674158,100000014,100000000,6674158,6674158,0,1,0,1990319999,3626250845,2800,2706021,15401617,18107638,885461,885461,268914,2.713096992909068,17.393896512664025,0.18107638,
job_movie_info_info,movie_info.info,benchmarks/job/../../data/job/movie_info__info.csv,job-csv,utf8,NaiveVectorizedV2Wildcard,static,trigram,trigram,prefix_usa_space_200,USA:% 200%,4,6674158,100000014,100000000,6674158,6674158,0,1,0,1990319999,3626250845,2800,2713831,16040950,18754781,885461,885461,268914,2.8100594861554073,18.115930571758664,0.18754781,
job_movie_info_info,movie_info.info,benchmarks/job/../../data/job/movie_info__info.csv,job-csv,utf8,NaiveVectorizedV2Wildcard,static,fm,fm,prefix_usa_200,USA:%200%,0,6674158,100000014,100000000,6674158,6674158,0,1,0,1990319999,281784236191,2516,19310011,26610273,45920284,935876,833915,294734,6.880311194310953,28.433545683402503,0.45920284,
job_movie_info_info,movie_info.info,benchmarks/job/../../data/job/movie_info__info.csv,job-csv,utf8,NaiveVectorizedV2Wildcard,static,fm,fm,prefix_usa_200,USA:%200%,1,6674158,100000014,100000000,6674158,6674158,0,1,0,1990319999,281784236191,2516,19606402,26638950,46245352,935876,833915,294734,6.929016663974692,28.464187563309668,0.46245352,
job_movie_info_info,movie_info.info,benchmarks/job/../../data/job/movie_info__info.csv,job-csv,utf8,NaiveVectorizedV2Wildcard,static,fm,fm,prefix_usa_200,USA:%200%,2,6674158,100000014,100000000,6674158,6674158,0,1,0,1990319999,281784236191,2516,19353110,26044396,45397506,935876,833915,294734,6.801982512250984,27.828896135812865,0.45397506,
job_movie_info_info,movie_info.info,benchmarks/job/../../data/job/movie_info__info.csv,job-csv,utf8,NaiveVectorizedV2Wildcard,static,fm,fm,prefix_usa_200,USA:%200%,3,6674158,100000014,100000000,6674158,6674158,0,1,0,1990319999,281784236191,2516,18967379,25955268,44922647,935876,833915,294734,6.730833612269892,27.733661297009434,0.44922647,
job_movie_info_info,movie_info.info,benchmarks/job/../../data/job/movie_info__info.csv,job-csv,utf8,NaiveVectorizedV2Wildcard,static,fm,fm,prefix_usa_200,USA:%200%,4,6674158,100000014,100000000,6674158,6674158,0,1,0,1990319999,281784236191,2516,19152821,26170463,45323284,935876,833915,294734,6.790861708697936,27.963600947134022,0.45323284,
job_movie_info_info,movie_info.info,benchmarks/job/../../data/job/movie_info__info.csv,job-csv,utf8,NaiveVectorizedV2Wildcard,static,full-scan,full-scan,prefix_usa_200,USA:%200%,0,6674158,100000014,100000000,6674158,6674158,0,1,0,1990319999,0,2516,714,62606175,62606889,6674158,5402091,294734,9.380492490588326,9.380385510801512,0.62606889,
job_movie_info_info,movie_info.info,benchmarks/job/../../data/job/movie_info__info.csv,job-csv,utf8,NaiveVectorizedV2Wildcard,static,full-scan,full-scan,prefix_usa_200,USA:%200%,1,6674158,100000014,100000000,6674158,6674158,0,1,0,1990319999,0,2516,101,62337211,62337312,6674158,5402091,294734,9.340101328137571,9.340086195142518,0.62337312,
job_movie_info_info,movie_info.info,benchmarks/job/../../data/job/movie_info__info.csv,job-csv,utf8,NaiveVectorizedV2Wildcard,static,full-scan,full-scan,prefix_usa_200,USA:%200%,2,6674158,100000014,100000000,6674158,6674158,0,1,0,1990319999,0,2516,121,62366652,62366773,6674158,5402091,294734,9.344515517912521,9.344497388284784,0.62366773,
job_movie_info_info,movie_info.info,benchmarks/job/../../data/job/movie_info__info.csv,job-csv,utf8,NaiveVectorizedV2Wildcard,static,full-scan,full-scan,prefix_usa_200,USA:%200%,3,6674158,100000014,100000000,6674158,6674158,0,1,0,1990319999,0,2516,130,63536627,63536757,6674158,5402091,294734,9.519816132611783,9.51979665449934,0.63536757,
job_movie_info_info,movie_info.info,benchmarks/job/../../data/job/movie_info__info.csv,job-csv,utf8,NaiveVectorizedV2Wildcard,static,full-scan,full-scan,prefix_usa_200,USA:%200%,4,6674158,100000014,100000000,6674158,6674158,0,1,0,1990319999,0,2516,171,63283882,63284053,6674158,5402091,294734,9.481953079324763,9.481927458115315,0.63284053,
job_movie_info_info,movie_info.info,benchmarks/job/../../data/job/movie_info__info.csv,job-csv,utf8,NaiveVectorizedV2Wildcard,static,prefix-btree,prefix-btree,prefix_usa_200,USA:%200%,0,6674158,100000014,100000000,6674158,6674158,0,1,0,1990319999,1558029554,2516,13293451,26997245,40290696,935876,833915,294734,6.036820824439578,28.847032085447218,0.40290696,
job_movie_info_info,movie_info.info,benchmarks/job/../../data/job/movie_info__info.csv,job-csv,utf8,NaiveVectorizedV2Wildcard,static,prefix-btree,prefix-btree,prefix_usa_200,USA:%200%,1,6674158,100000014,100000000,6674158,6674158,0,1,0,1990319999,1558029554,2516,14025249,26054645,40079894,935876,833915,294734,6.005236016288497,27.839847372942568,0.40079894,
job_movie_info_info,movie_info.info,benchmarks/job/../../data/job/movie_info__info.csv,job-csv,utf8,NaiveVectorizedV2Wildcard,static,prefix-btree,prefix-btree,prefix_usa_200,USA:%200%,2,6674158,100000014,100000000,6674158,6674158,0,1,0,1990319999,1558029554,2516,13257413,26207736,39465149,935876,833915,294734,5.913127768326731,28.00342780453821,0.39465149,
job_movie_info_info,movie_info.info,benchmarks/job/../../data/job/movie_info__info.csv,job-csv,utf8,NaiveVectorizedV2Wildcard,static,prefix-btree,prefix-btree,prefix_usa_200,USA:%200%,3,6674158,100000014,100000000,6674158,6674158,0,1,0,1990319999,1558029554,2516,13464914,25866603,39331517,935876,833915,294734,5.893105467386298,27.638921181865975,0.39331517,
job_movie_info_info,movie_info.info,benchmarks/job/../../data/job/movie_info__info.csv,job-csv,utf8,NaiveVectorizedV2Wildcard,static,prefix-btree,prefix-btree,prefix_usa_200,USA:%200%,4,6674158,100000014,100000000,6674158,6674158,0,1,0,1990319999,1558029554,2516,13332629,26293930,39626559,935876,833915,294734,5.937312092401768,28.09552761263244,0.39626559,
job_movie_info_info,movie_info.info,benchmarks/job/../../data/job/movie_info__info.csv,job-csv,utf8,NaiveVectorizedV2Wildcard,static,qgram,full-scan,prefix_usa_200,USA:%200%,0,6674158,100000014,100000000,6674158,6674158,0,1,0,1990319999,2909990269,2516,534,61777410,61777944,6674158,5402091,294734,9.256290306582493,9.256210296489835,0.61777944,literal-shorter-than-qgram
job_movie_info_info,movie_info.info,benchmarks/job/../../data/job/movie_info__info.csv,job-csv,utf8,NaiveVectorizedV2Wildcard,static,qgram,full-scan,prefix_usa_200,USA:%200%,1,6674158,100000014,100000000,6674158,6674158,0,1,0,1990319999,2909990269,2516,121,62490070,62490191,6674158,5402091,294734,9.363007438541311,9.362989308913575,0.62490191,literal-shorter-than-qgram
job_movie_info_info,movie_info.info,benchmarks/job/../../data/job/movie_info__info.csv,job-csv,utf8,NaiveVectorizedV2Wildcard,static,qgram,full-scan,prefix_usa_200,USA:%200%,2,6674158,100000014,100000000,6674158,6674158,0,1,0,1990319999,2909990269,2516,111,62235523,62235634,6674158,5402091,294734,9.32486674723613,9.324850115924736,0.62235634,literal-shorter-than-qgram
job_movie_info_info,movie_info.info,benchmarks/job/../../data/job/movie_info__info.csv,job-csv,utf8,NaiveVectorizedV2Wildcard,static,qgram,full-scan,prefix_usa_200,USA:%200%,3,6674158,100000014,100000000,6674158,6674158,0,1,0,1990319999,2909990269,2516,101,61957917,61958018,6674158,5402091,294734,9.283271088278102,9.283255955283048,0.61958018,literal-shorter-than-qgram
job_movie_info_info,movie_info.info,benchmarks/job/../../data/job/movie_info__info.csv,job-csv,utf8,NaiveVectorizedV2Wildcard,static,qgram,full-scan,prefix_usa_200,USA:%200%,4,6674158,100000014,100000000,6674158,6674158,0,1,0,1990319999,2909990269,2516,111,61840997,61841108,6674158,5402091,294734,9.265754271924639,9.265737640613242,0.61841108,literal-shorter-than-qgram
job_movie_info_info,movie_info.info,benchmarks/job/../../data/job/movie_info__info.csv,job-csv,utf8,NaiveVectorizedV2Wildcard,static,trigram,trigram,prefix_usa_200,USA:%200%,0,6674158,100000014,100000000,6674158,6674158,0,1,0,1990319999,3626250845,2516,1546931,26860090,28407021,935876,833915,294734,4.256270378975145,28.70047955070971,0.28407021,
job_movie_info_info,movie_info.info,benchmarks/job/../../data/job/movie_info__info.csv,job-csv,utf8,NaiveVectorizedV2Wildcard,static,trigram,trigram,prefix_usa_200,USA:%200%,1,6674158,100000014,100000000,6674158,6674158,0,1,0,1990319999,3626250845,2516,1560051,26779511,28339562,935876,833915,294734,4.246162886764143,28.61437946907496,0.28339562,
job_movie_info_info,movie_info.info,benchmarks/job/../../data/job/movie_info__info.csv,job-csv,utf8,NaiveVectorizedV2Wildcard,static,trigram,trigram,prefix_usa_200,USA:%200%,2,6674158,100000014,100000000,6674158,6674158,0,1,0,1990319999,3626250845,2516,1668198,27046867,28715065,935876,833915,294734,4.302425114898389,28.900054066991782,0.28715065,
job_movie_info_info,movie_info.info,benchmarks/job/../../data/job/movie_info__info.csv,job-csv,utf8,NaiveVectorizedV2Wildcard,static,trigram,trigram,prefix_usa_200,USA:%200%,3,6674158,100000014,100000000,6674158,6674158,0,1,0,1990319999,3626250845,2516,1669275,38620041,40289316,935876,833915,294734,6.036614056784392,41.26619445311131,0.40289316,
job_movie_info_info,movie_info.info,benchmarks/job/../../data/job/movie_info__info.csv,job-csv,utf8,NaiveVectorizedV2Wildcard,static,trigram,trigram,prefix_usa_200,USA:%200%,4,6674158,100000014,100000000,6674158,6674158,0,1,0,1990319999,3626250845,2516,2294033,27263413,29557446,935876,833915,294734,4.428640436741234,29.131437284426568,0.29557446,
job_movie_info_info,movie_info.info,benchmarks/job/../../data/job/movie_info__info.csv,job-csv,utf8,NaiveVectorizedV2Wildcard,static,fm,fm,prefix_usa_2008,USA:%2008%,0,6674158,100000014,100000000,6674158,6674158,0,1,0,1990319999,281784236191,2716,2838521,5350297,8188818,135571,135355,45638,1.226943983046251,39.46490768674717,0.08188818,
job_movie_info_info,movie_info.info,benchmarks/job/../../data/job/movie_info__info.csv,job-csv,utf8,NaiveVectorizedV2Wildcard,static,fm,fm,prefix_usa_2008,USA:%2008%,1,6674158,100000014,100000000,6674158,6674158,0,1,0,1990319999,281784236191,2716,2712042,5274485,7986527,135571,135355,45638,1.196634391933784,38.90570254700489,0.07986527,
job_movie_info_info,movie_info.info,benchmarks/job/../../data/job/movie_info__info.csv,job-csv,utf8,NaiveVectorizedV2Wildcard,static,fm,fm,prefix_usa_2008,USA:%2008%,2,6674158,100000014,100000000,6674158,6674158,0,1,0,1990319999,281784236191,2716,2735726,5205113,7940839,135571,135355,45638,1.1897888842307898,38.39400019178143,0.07940839,
job_movie_info_info,movie_info.info,benchmarks/job/../../data/job/movie_info__info.csv,job-csv,utf8,NaiveVectorizedV2Wildcard,static,fm,fm,prefix_usa_2008,USA:%2008%,3,6674158,100000014,100000000,6674158,6674158,0,1,0,1990319999,281784236191,2716,2825763,5468837,8294600,135571,135355,45638,1.2427934729744186,40.339283475079476,0.082946,
job_movie_info_info,movie_info.info,benchmarks/job/../../data/job/movie_info__info.csv,job-csv,utf8,NaiveVectorizedV2Wildcard,static,fm,fm,prefix_usa_2008,USA:%2008%,4,6674158,100000014,100000000,6674158,6674158,0,1,0,1990319999,281784236191,2716,2781274,5428270,8209544,135571,135355,45638,1.230049393496528,40.04005281365484,0.08209544,
job_movie_info_info,movie_info.info,benchmarks/job/../../data/job/movie_info__info.csv,job-csv,utf8,NaiveVectorizedV2Wildcard,static,full-scan,full-scan,prefix_usa_2008,USA:%2008%,0,6674158,100000014,100000000,6674158,6674158,0,1,0,1990319999,0,2716,564,63248952,63249516,6674158,4607775,45638,9.476778344174651,9.476693839132967,0.63249516,
job_movie_info_info,movie_info.info,benchmarks/job/../../data/job/movie_info__info.csv,job-csv,utf8,NaiveVectorizedV2Wildcard,static,full-scan,full-scan,prefix_usa_2008,USA:%2008%,1,6674158,100000014,100000000,6674158,6674158,0,1,0,1990319999,0,2716,111,54819246,54819357,6674158,4607775,45638,8.21367384470071,8.213657213389315,0.54819357,
job_movie_info_info,movie_info.info,benchmarks/job/../../data/job/movie_info__info.csv,job-csv,utf8,NaiveVectorizedV2Wildcard,static,full-scan,full-scan,prefix_usa_2008,USA:%2008%,2,6674158,100000014,100000000,6674158,6674158,0,1,0,1990319999,0,2716,111,55170888,55170999,6674158,4607775,45638,8.266360940211484,8.26634430890009,0.55170999,
job_movie_info_info,movie_info.info,benchmarks/job/../../data/job/movie_info__info.csv,job-csv,utf8,NaiveVectorizedV2Wildcard,static,full-scan,full-scan,prefix_usa_2008,USA:%2008%,3,6674158,100000014,100000000,6674158,6674158,0,1,0,1990319999,0,2716,111,56144073,56144184,6674158,4607775,45638,8.412174839133266,8.41215820782187,0.56144184,
job_movie_info_info,movie_info.info,benchmarks/job/../../data/job/movie_info__info.csv,job-csv,utf8,NaiveVectorizedV2Wildcard,static,full-scan,full-scan,prefix_usa_2008,USA:%2008%,4,6674158,100000014,100000000,6674158,6674158,0,1,0,1990319999,0,2716,111,65891209,65891320,6674158,4607775,45638,9.87260415471135,9.872587523399956,0.6589132,
job_movie_info_info,movie_info.info,benchmarks/job/../../data/job/movie_info__info.csv,job-csv,utf8,NaiveVectorizedV2Wildcard,static,prefix-btree,prefix-btree,prefix_usa_2008,USA:%2008%,0,6674158,100000014,100000000,6674158,6674158,0,1,0,1990319999,1558029554,2716,13460041,23223432,36683473,935876,819018,45638,5.496344707452236,24.814646384777472,0.36683473,
job_movie_info_info,movie_info.info,benchmarks/job/../../data/job/movie_info__info.csv,job-csv,utf8,NaiveVectorizedV2Wildcard,static,prefix-btree,prefix-btree,prefix_usa_2008,USA:%2008%,1,6674158,100000014,100000000,6674158,6674158,0,1,0,1990319999,1558029554,2716,13461187,23473325,36934512,935876,819018,45638,5.533958291068327,25.08166145942411,0.36934512,
job_movie_info_info,movie_info.info,benchmarks/job/../../data/job/movie_info__info.csv,job-csv,utf8,NaiveVectorizedV2Wildcard,static,prefix-btree,prefix-btree,prefix_usa_2008,USA:%2008%,2,6674158,100000014,100000000,6674158,6674158,0,1,0,1990319999,1558029554,2716,13018536,22977871,35996407,935876,819018,45638,5.393400485874023,24.552260128478558,0.35996407,
job_movie_info_info,movie_info.info,benchmarks/job/../../data/job/movie_info__info.csv,job-csv,utf8,NaiveVectorizedV2Wildcard,static,prefix-btree,prefix-btree,prefix_usa_2008,USA:%2008%,3,6674158,100000014,100000000,6674158,6674158,0,1,0,1990319999,1558029554,2716,13246987,34031783,47278770,935876,819018,45638,7.0838553717187995,36.363559916057255,0.4727877,
job_movie_info_info,movie_info.info,benchmarks/job/../../data/job/movie_info__info.csv,job-csv,utf8,NaiveVectorizedV2Wildcard,static,prefix-btree,prefix-btree,prefix_usa_2008,USA:%2008%,4,6674158,100000014,100000000,6674158,6674158,0,1,0,1990319999,1558029554,2716,13916494,22995340,36911834,935876,819018,45638,5.530560409268105,24.57092606285448,0.36911834,
job_movie_info_info,movie_info.info,benchmarks/job/../../data/job/movie_info__info.csv,job-csv,utf8,NaiveVectorizedV2Wildcard,static,qgram,full-scan,prefix_usa_2008,USA:%2008%,0,6674158,100000014,100000000,6674158,6674158,0,1,0,1990319999,2909990269,2716,553,54930710,54931263,6674158,4607775,45638,8.230440903556673,8.230358046662964,0.54931263,literal-shorter-than-qgram
job_movie_info_info,movie_info.info,benchmarks/job/../../data/job/movie_info__info.csv,job-csv,utf8,NaiveVectorizedV2Wildcard,static,qgram,full-scan,prefix_usa_2008,USA:%2008%,1,6674158,100000014,100000000,6674158,6674158,0,1,0,1990319999,2909990269,2716,101,54112045,54112146,6674158,4607775,45638,8.107711264851686,8.107696131856633,0.54112146,literal-shorter-than-qgram
job_movie_info_info,movie_info.info,benchmarks/job/../../data/job/movie_info__info.csv,job-csv,utf8,NaiveVectorizedV2Wildcard,static,qgram,full-scan,prefix_usa_2008,USA:%2008%,2,6674158,100000014,100000000,6674158,6674158,0,1,0,1990319999,2909990269,2716,100,54056117,54056217,6674158,4607775,45638,8.099331331382926,8.099316348219507,0.54056217,literal-shorter-than-qgram
job_movie_info_info,movie_info.info,benchmarks/job/../../data/job/movie_info__info.csv,job-csv,utf8,NaiveVectorizedV2Wildcard,static,qgram,full-scan,prefix_usa_2008,USA:%2008%,3,6674158,100000014,100000000,6674158,6674158,0,1,0,1990319999,2909990269,2716,100,53921178,53921278,6674158,4607775,45638,8.079113200496602,8.079098217333183,0.53921278,literal-shorter-than-qgram
job_movie_info_info,movie_info.info,benchmarks/job/../../data/job/movie_info__info.csv,job-csv,utf8,NaiveVectorizedV2Wildcard,static,qgram,full-scan,prefix_usa_2008,USA:%2008%,4,6674158,100000014,100000000,6674158,6674158,0,1,0,1990319999,2909990269,2716,110,54150937,54151047,6674158,4607775,45638,8.113539865253415,8.113523383773654,0.54151047,literal-shorter-than-qgram
job_movie_info_info,movie_info.info,benchmarks/job/../../data/job/movie_info__info.csv,job-csv,utf8,NaiveVectorizedV2Wildcard,static,trigram,trigram,prefix_usa_2008,USA:%2008%,0,6674158,100000014,100000000,6674158,6674158,0,1,0,1990319999,3626250845,2716,1173808,5339705,6513513,135572,135356,45638,0.9759302971251205,39.38648836042841,0.06513513,
job_movie_info_info,movie_info.info,benchmarks/job/../../data/job/movie_info__info.csv,job-csv,utf8,NaiveVectorizedV2Wildcard,static,trigram,trigram,prefix_usa_2008,USA:%2008%,1,6674158,100000014,100000000,6674158,6674158,0,1,0,1990319999,3626250845,2716,1150636,5626940,6777576,135572,135356,45638,1.0154952879449364,41.50517806036645,0.06777576,
job_movie_info_info,movie_info.info,benchmarks/job/../../data/job/movie_info__info.csv,job-csv,utf8,NaiveVectorizedV2Wildcard,static,trigram,trigram,prefix_usa_2008,USA:%2008%,2,6674158,100000014,100000000,6674158,6674158,0,1,0,1990319999,3626250845,2716,1281672,5540447,6822119,135572,135356,45638,1.0221692384267798,40.86719234060131,0.06822119,
job_movie_info_info,movie_info.info,benchmarks/job/../../data/job/movie_info__info.csv,job-csv,utf8,NaiveVectorizedV2Wildcard,static,trigram,trigram,prefix_usa_2008,USA:%2008%,3,6674158,100000014,100000000,6674158,6674158,0,1,0,1990319999,3626250845,2716,1328451,5855844,7184295,135572,135356,45638,1.0764346603721398,43.193609299855424,0.07184295,
job_movie_info_info,movie_info.info,benchmarks/job/../../data/job/movie_info__info.csv,job-csv,utf8,NaiveVectorizedV2Wildcard,static,trigram,trigram,prefix_usa_2008,USA:%2008%,4,6674158,100000014,100000000,6674158,6674158,0,1,0,1990319999,3626250845,2716,1196467,5572562,6769029,135572,135356,45638,1.0142146769674916,41.10407753813472,0.06769029,
job_movie_info_info,movie_info.info,benchmarks/job/../../data/job/movie_info__info.csv,job-csv,utf8,NaiveVectorizedV2Wildcard,static,fm,fm,prefix_usa_201,USA:%201%,0,6674158,100000014,100000000,6674158,6674158,0,1,0,1990319999,281784236191,3098,21621867,26167465,47789332,935876,833915,227707,7.160353710535471,27.96039753129688,0.47789332,
job_movie_info_info,movie_info.info,benchmarks/job/../../data/job/movie_info__info.csv,job-csv,utf8,NaiveVectorizedV2Wildcard,static,fm,fm,prefix_usa_201,USA:%201%,1,6674158,100000014,100000000,6674158,6674158,0,1,0,1990319999,281784236191,3098,20205715,25986926,46192641,935876,833915,227707,6.921118888704762,27.76748842795413,0.46192641,
job_movie_info_info,movie_info.info,benchmarks/job/../../data/job/movie_info__info.csv,job-csv,utf8,NaiveVectorizedV2Wildcard,static,fm,fm,prefix_usa_201,USA:%201%,2,6674158,100000014,100000000,6674158,6674158,0,1,0,1990319999,281784236191,3098,19907427,25815823,45723250,935876,833915,227707,6.850789268099437,27.584661856912668,0.4572325,
job_movie_info_info,movie_info.info,benchmarks/job/../../data/job/movie_info__info.csv,job-csv,utf8,NaiveVectorizedV2Wildcard,static,fm,fm,prefix_usa_201,USA:%201%,3,6674158,100000014,100000000,6674158,6674158,0,1,0,1990319999,281784236191,3098,21433486,26507779,47941265,935876,833915,227707,7.183118080213264,28.324029038034954,0.47941265,
job_movie_info_info,movie_info.info,benchmarks/job/../../data/job/movie_info__info.csv,job-csv,utf8,NaiveVectorizedV2Wildcard,static,fm,fm,prefix_usa_201,USA:%201%,4,6674158,100000014,100000000,6674158,6674158,0,1,0,1990319999,281784236191,3098,20630519,26500169,47130688,935876,833915,227707,7.061668003664282,28.315897618915326,0.47130688,
job_movie_info_info,movie_info.info,benchmarks/job/../../data/job/movie_info__info.csv,job-csv,utf8,NaiveVectorizedV2Wildcard,static,full-scan,full-scan,prefix_usa_201,USA:%201%,0,6674158,100000014,100000000,6674158,6674158,0,1,0,1990319999,0,3098,603,61685823,61686426,6674158,5402091,227707,9.24257801508445,9.242487666609032,0.61686426,
job_movie_info_info,movie_info.info,benchmarks/job/../../data/job/movie_info__info.csv,job-csv,utf8,NaiveVectorizedV2Wildcard,static,full-scan,full-scan,prefix_usa_201,USA:%201%,1,6674158,100000014,100000000,6674158,6674158,0,1,0,1990319999,0,3098,141,61504633,61504774,6674158,5402091,227707,9.215360799070085,9.215339672809664,0.61504774,
job_movie_info_info,movie_info.info,benchmarks/job/../../data/job/movie_info__info.csv,job-csv,utf8,NaiveVectorizedV2Wildcard,static,full-scan,full-scan,prefix_usa_201,USA:%201%,2,6674158,100000014,100000000,6674158,6674158,0,1,0,1990319999,0,3098,111,61883327,61883438,6674158,5402091,227707,9.272096645000014,9.272080013688617,0.61883438,
job_movie_info_info,movie_info.info,benchmarks/job/../../data/job/movie_info__info.csv,job-csv,utf8,NaiveVectorizedV2Wildcard,static,full-scan,full-scan,prefix_usa_201,USA:%201%,3,6674158,100000014,100000000,6674158,6674158,0,1,0,1990319999,0,3098,101,62590654,62590755,6674158,5402091,227707,9.378075107002262,9.378059974007208,0.62590755,
job_movie_info_info,movie_info.info,benchmarks/job/../../data/job/movie_info__info.csv,job-csv,utf8,NaiveVectorizedV2Wildcard,static,full-scan,full-scan,prefix_usa_201,USA:%201%,4,6674158,100000014,100000000,6674158,6674158,0,1,0,1990319999,0,3098,121,62324502,62324623,6674158,5402091,227707,9.3382001145313,9.338181984903564,0.62324623,
job_movie_info_info,movie_info.info,benchmarks/job/../../data/job/movie_info__info.csv,job-csv,utf8,NaiveVectorizedV2Wildcard,static,prefix-btree,prefix-btree,prefix_usa_201,USA:%201%,0,6674158,100000014,100000000,6674158,6674158,0,1,0,1990319999,1558029554,3098,14275875,26450201,40726076,935876,833915,227707,6.102054521334376,28.262505930272813,0.40726076,
job_movie_info_info,movie_info.info,benchmarks/job/../../data/job/movie_info__info.csv,job-csv,utf8,NaiveVectorizedV2Wildcard,static,prefix-btree,prefix-btree,prefix_usa_201,USA:%201%,1,6674158,100000014,100000000,6674158,6674158,0,1,0,1990319999,1558029554,3098,14107977,26191882,40299859,935876,833915,227707,6.038193731703685,27.986487526125256,0.40299859,
job_movie_info_info,movie_info.info,benchmarks/job/../../data/job/movie_info__info.csv,job-csv,utf8,NaiveVectorizedV2Wildcard,static,prefix-btree,prefix-btree,prefix_usa_201,USA:%201%,2,6674158,100000014,100000000,6674158,6674158,0,1,0,1990319999,1558029554,3098,13844269,26516870,40361139,935876,833915,227707,6.047375414247011,28.333742931755918,0.40361139,
job_movie_info_info,movie_info.info,benchmarks/job/../../data/job/movie_info__info.csv,job-csv,utf8,NaiveVectorizedV2Wildcard,static,prefix-btree,prefix-btree,prefix_usa_201,USA:%201%,3,6674158,100000014,100000000,6674158,6674158,0,1,0,1990319999,1558029554,3098,13790330,26468088,40258418,935876,833915,227707,6.031984558951106,28.281618505015622,0.40258418,
job_movie_info_info,movie_info.info,benchmarks/job/../../data/job/movie_info__info.csv,job-csv,utf8,NaiveVectorizedV2Wildcard,static,prefix-btree,prefix-btree,prefix_usa_201,USA:%201%,4,6674158,100000014,100000000,6674158,6674158,0,1,0,1990319999,1558029554,3098,13568596,25744989,39313585,935876,833915,227707,5.890418686521955,27.508974479525065,0.39313585,
job_movie_info_info,movie_info.info,benchmarks/job/../../data/job/movie_info__info.csv,job-csv,utf8,NaiveVectorizedV2Wildcard,static,qgram,full-scan,prefix_usa_201,USA:%201%,0,6674158,100000014,100000000,6674158,6674158,0,1,0,1990319999,2909990269,3098,724,62379527,62380251,6674158,5402091,227707,9.34653494867817,9.346426470575015,0.62380251,literal-shorter-than-qgram
job_movie_info_info,movie_info.info,benchmarks/job/../../data/job/movie_info__info.csv,job-csv,utf8,NaiveVectorizedV2Wildcard,static,qgram,full-scan,prefix_usa_201,USA:%201%,1,6674158,100000014,100000000,6674158,6674158,0,1,0,1990319999,2909990269,3098,131,63050367,63050498,6674158,5402091,227707,9.446959152000897,9.446939524056818,0.63050498,literal-shorter-than-qgram
job_movie_info_info,movie_info.info,benchmarks/job/../../data/job/movie_info__info.csv,job-csv,utf8,NaiveVectorizedV2Wildcard,static,qgram,full-scan,prefix_usa_201,USA:%201%,2,6674158,100000014,100000000,6674158,6674158,0,1,0,1990319999,2909990269,3098,111,61576968,61577079,6674158,5402091,227707,9.226194375380386,9.22617774406899,0.61577079,literal-shorter-than-qgram
job_movie_info_info,movie_info.info,benchmarks/job/../../data/job/movie_info__info.csv,job-csv,utf8,NaiveVectorizedV2Wildcard,static,qgram,full-scan,prefix_usa_201,USA:%201%,3,6674158,100000014,100000000,6674158,6674158,0,1,0,1990319999,2909990269,3098,111,62368494,62368605,6674158,5402091,227707,9.344790009466363,9.344773378154967,0.62368605,literal-shorter-than-qgram
job_movie_info_info,movie_info.info,benchmarks/job/../../data/job/movie_info__info.csv,job-csv,utf8,NaiveVectorizedV2Wildcard,static,qgram,full-scan,prefix_usa_201,USA:%201%,4,6674158,100000014,100000000,6674158,6674158,0,1,0,1990319999,2909990269,3098,111,62389558,62389669,6674158,5402091,227707,9.347946063008997,9.347929431697601,0.62389669,literal-shorter-than-qgram
job_movie_info_info,movie_info.info,benchmarks/job/../../data/job/movie_info__info.csv,job-csv,utf8,NaiveVectorizedV2Wildcard,static,trigram,trigram,prefix_usa_201,USA:%201%,0,6674158,100000014,100000000,6674158,6674158,0,1,0,1990319999,3626250845,3098,1534380,26710901,28245281,935876,833915,227707,4.232036610460825,28.541068474883424,0.28245281,
job_movie_info_info,movie_info.info,benchmarks/job/../../data/job/movie_info__info.csv,job-csv,utf8,NaiveVectorizedV2Wildcard,static,trigram,trigram,prefix_usa_201,USA:%201%,1,6674158,100000014,100000000,6674158,6674158,0,1,0,1990319999,3626250845,3098,1738070,26092173,27830243,935876,833915,227707,4.169850788668773,27.87994670234091,0.27830243,
job_movie_info_info,movie_info.info,benchmarks/job/../../data/job/movie_info__info.csv,job-csv,utf8,NaiveVectorizedV2Wildcard,static,trigram,trigram,prefix_usa_201,USA:%201%,2,6674158,100000014,100000000,6674158,6674158,0,1,0,1990319999,3626250845,3098,1808806,26370841,28179647,935876,833915,227707,4.2222025609822245,28.177708371621883,0.28179647,
job_movie_info_info,movie_info.info,benchmarks/job/../../data/job/movie_info__info.csv,job-csv,utf8,NaiveVectorizedV2Wildcard,static,trigram,trigram,prefix_usa_201,USA:%201%,3,6674158,100000014,100000000,6674158,6674158,0,1,0,1990319999,3626250845,3098,1709860,26891172,28601032,935876,833915,227707,4.285339364156497,28.73369121550291,0.28601032,
job_movie_info_info,movie_info.info,benchmarks/job/../../data/job/movie_info__info.csv,job-csv,utf8,NaiveVectorizedV2Wildcard,static,trigram,trigram,prefix_usa_201,USA:%201%,4,6674158,100000014,100000000,6674158,6674158,0,1,0,1990319999,3626250845,3098,1605659,26321442,27927101,935876,833915,227707,4.184363181093405,28.1249246695075,0.27927101,
job_movie_info_info,movie_info.info,benchmarks/job/../../data/job/movie_info__info.csv,job-csv,utf8,StdSearch,static,fm,fm,prefix_japan_200,Japan:%200%,0,6674158,100000014,100000000,6674158,6674158,0,1,0,1990319999,281784236191,2521,2531089,6238587,8769676,130031,118510,54763,1.3139748864201297,47.977689935476924,0.08769676,
job_movie_info_info,movie_info.info,benchmarks/job/../../data/job/movie_info__info.csv,job-csv,utf8,StdSearch,static,fm,fm,prefix_japan_200,Japan:%200%,1,6674158,100000014,100000000,6674158,6674158,0,1,0,1990319999,281784236191,2521,2510976,6057902,8568878,130031,118510,54763,1.2838889939375124,46.58813667510055,0.08568878,
job_movie_info_info,movie_info.info,benchmarks/job/../../data/job/movie_info__info.csv,job-csv,utf8,StdSearch,static,fm,fm,prefix_japan_200,Japan:%200%,2,6674158,100000014,100000000,6674158,6674158,0,1,0,1990319999,281784236191,2521,2906471,6103845,9010316,130031,118510,54763,1.3500303708722508,46.941460113357586,0.09010316,
job_movie_info_info,movie_info.info,benchmarks/job/../../data/job/movie_info__info.csv,job-csv,utf8,StdSearch,static,fm,fm,prefix_japan_200,Japan:%200%,3,6674158,100000014,100000000,6674158,6674158,0,1,0,1990319999,281784236191,2521,2504395,6091979,8596374,130031,118510,54763,1.2880087645512737,46.85020495112704,0.08596374,
job_movie_info_info,movie_info.info,benchmarks/job/../../data/job/movie_info__info.csv,job-csv,utf8,StdSearch,static,fm,fm,prefix_japan_200,Japan:%200%,4,6674158,100000014,100000000,6674158,6674158,0,1,0,1990319999,281784236191,2521,2707282,6221638,8928920,130031,118510,54763,1.3378346751755053,47.84734409486968,0.0892892,
job_movie_info_info,movie_info.info,benchmarks/job/../../data/job/movie_info__info.csv,job-csv,utf8,StdSearch,static,full-scan,full-scan,prefix_japan_200,Japan:%200%,0,6674158,100000014,100000000,6674158,6674158,0,1,0,1990319999,0,2521,683,44054557,44055240,6674158,4439405,54763,6.600868603949742,6.600766268943588,0.4405524,
job_movie_info_info,movie_info.info,benchmarks/job/../../data/job/movie_info__info.csv,job-csv,utf8,StdSearch,static,full-scan,full-scan,prefix_japan_200,Japan:%200%,1,6674158,100000014,100000000,6674158,6674158,0,1,0,1990319999,0,2521,110,46700808,46700918,6674158,4439405,54763,6.997274862237304,6.997258380757542,0.46700918,
job_movie_info_info,movie_info.info,benchmarks/job/../../data/job/movie_info__info.csv,job-csv,utf8,StdSearch,static,full-scan,full-scan,prefix_japan_200,Japan:%200%,2,6674158,100000014,100000000,6674158,6674158,0,1,0,1990319999,0,2521,100,45157125,45157225,6674158,4439405,54763,6.765980817355538,6.7659658341921185,0.45157225,
job_movie_info_info,movie_info.info,benchmarks/job/../../data/job/movie_info__info.csv,job-csv,utf8,StdSearch,static,full-scan,full-scan,prefix_japan_200,Japan:%200%,3,6674158,100000014,100000000,6674158,6674158,0,1,0,1990319999,0,2521,100,44549350,44549450,6674158,4439405,54763,6.674916895884095,6.674901912720676,0.4454945,
job_movie_info_info,movie_info.info,benchmarks/job/../../data/job/movie_info__info.csv,job-csv,utf8,StdSearch,static,full-scan,full-scan,prefix_japan_200,Japan:%200%,4,6674158,100000014,100000000,6674158,6674158,0,1,0,1990319999,0,2521,110,43846235,43846345,6674158,4439405,54763,6.5695695247250665,6.569553043245305,0.43846345,
job_movie_info_info,movie_info.info,benchmarks/job/../../data/job/movie_info__info.csv,job-csv,utf8,StdSearch,static,prefix-btree,prefix-btree,prefix_japan_200,Japan:%200%,0,6674158,100000014,100000000,6674158,6674158,0,1,0,1990319999,1558029554,2521,2127015,6168498,8295513,130031,118510,54763,1.2429302692564366,47.438672316601426,0.08295513,
job_movie_info_info,movie_info.info,benchmarks/job/../../data/job/movie_info__info.csv,job-csv,utf8,StdSearch,static,prefix-btree,prefix-btree,prefix_japan_200,Japan:%200%,1,6674158,100000014,100000000,6674158,6674158,0,1,0,1990319999,1558029554,2521,2215247,6070450,8285697,130031,118510,54763,1.2414595219352014,46.68463674046958,0.08285697,
job_movie_info_info,movie_info.info,benchmarks/job/../../data/job/movie_info__info.csv,job-csv,utf8,StdSearch,static,prefix-btree,prefix-btree,prefix_japan_200,Japan:%200%,2,6674158,100000014,100000000,6674158,6674158,0,1,0,1990319999,1558029554,2521,2191221,6095376,8286597,130031,118510,54763,1.2415943704059749,46.87632949065992,0.08286597,
job_movie_info_info,movie_info.info,benchmarks/job/../../data/job/movie_info__info.csv,job-csv,utf8,StdSearch,static,prefix-btree,prefix-btree,prefix_japan_200,Japan:%200%,3,6674158,100000014,100000000,6674158,6674158,0,1,0,1990319999,1558029554,2521,2082469,5987910,8070379,130031,118510,54763,1.2091980741241068,46.049865032184634,0.08070379,
job_movie_info_info,movie_info.info,benchmarks/job/../../data/job/movie_info__info.csv,job-csv,utf8,StdSearch,static,prefix-btree,prefix-btree,prefix_japan_200,Japan:%200%,4,6674158,100000014,100000000,6674158,6674158,0,1,0,1990319999,1558029554,2521,2008860,6218151,8227011,130031,118510,54763,1.232666502650971,47.8205274126939,0.08227011,
job_movie_info_info,movie_info.info,benchmarks/job/../../data/job/movie_info__info.csv,job-csv,utf8,StdSearch,static,qgram,full-scan,prefix_japan_200,Japan:%200%,0,6674158,100000014,100000000,6674158,6674158,0,1,0,1990319999,2909990269,2521,472,43854685,43855157,6674158,4439405,54763,6.570889841085572,6.5708191205542335,0.43855157,literal-shorter-than-qgram
job_movie_info_info,movie_info.info,benchmarks/job/../../data/job/movie_info__info.csv,job-csv,utf8,StdSearch,static,qgram,full-scan,prefix_japan_200,Japan:%200%,1,6674158,100000014,100000000,6674158,6674158,0,1,0,1990319999,2909990269,2521,121,44013518,44013639,6674158,4439405,54763,6.594635458135693,6.5946173285079555,0.44013639,literal-shorter-than-qgram
job_movie_info_info,movie_info.info,benchmarks/job/../../data/job/movie_info__info.csv,job-csv,utf8,StdSearch,static,qgram,full-scan,prefix_japan_200,Japan:%200%,2,6674158,100000014,100000000,6674158,6674158,0,1,0,1990319999,2909990269,2521,111,43747068,43747179,6674158,4439405,54763,6.5547113208887176,6.554694689577322,0.43747179,literal-shorter-than-qgram
job_movie_info_info,movie_info.info,benchmarks/job/../../data/job/movie_info__info.csv,job-csv,utf8,StdSearch,static,qgram,full-scan,prefix_japan_200,Japan:%200%,3,6674158,100000014,100000000,6674158,6674158,0,1,0,1990319999,2909990269,2521,111,44403256,44403367,6674158,4439405,54763,6.653029041266329,6.6530124099549335,0.44403367,literal-shorter-than-qgram
job_movie_info_info,movie_info.info,benchmarks/job/../../data/job/movie_info__info.csv,job-csv,utf8,StdSearch,static,qgram,full-scan,prefix_japan_200,Japan:%200%,4,6674158,100000014,100000000,6674158,6674158,0,1,0,1990319999,2909990269,2521,101,44537636,44537737,6674158,4439405,54763,6.673161917952797,6.673146784957743,0.44537737,literal-shorter-than-qgram
job_movie_info_info,movie_info.info,benchmarks/job/../../data/job/movie_info__info.csv,job-csv,utf8,StdSearch,static,trigram,trigram,prefix_japan_200,Japan:%200%,0,6674158,100000014,100000000,6674158,6674158,0,1,0,1990319999,3626250845,2521,629465,6618488,7247953,130031,118510,54763,1.085972642541576,50.899308626404476,0.07247953,
job_movie_info_info,movie_info.info,benchmarks/job/../../data/job/movie_info__info.csv,job-csv,utf8,StdSearch,static,trigram,trigram,prefix_japan_200,Japan:%200%,1,6674158,100000014,100000000,6674158,6674158,0,1,0,1990319999,3626250845,2521,543528,6526595,7070123,130031,118510,54763,1.0593280830330958,50.19260791657374,0.07070123,
job_movie_info_info,movie_info.info,benchmarks/job/../../data/job/movie_info__info.csv,job-csv,utf8,StdSearch,static,trigram,trigram,prefix_japan_200,Japan:%200%,2,6674158,100000014,100000000,6674158,6674158,0,1,0,1990319999,3626250845,2521,563832,6463756,7027588,130031,118510,54763,1.052954994472711,49.7093462328214,0.07027588,
job_movie_info_info,movie_info.info,benchmarks/job/../../data/job/movie_info__info.csv,job-csv,utf8,StdSearch,static,trigram,trigram,prefix_japan_200,Japan:%200%,3,6674158,100000014,100000000,6674158,6674158,0,1,0,1990319999,3626250845,2521,622432,6325386,6947818,130031,118510,54763,1.0410029250131627,48.645215371719054,0.06947818,
job_movie_info_info,movie_info.info,benchmarks/job/../../data/job/movie_info__info.csv,job-csv,utf8,StdSearch,static,trigram,trigram,prefix_japan_200,Japan:%200%,4,6674158,100000014,100000000,6674158,6674158,0,1,0,1990319999,3626250845,2521,519949,6166272,6686221,130031,118510,54763,1.001807419003266,47.42155332190016,0.06686221,
job_movie_info_info,movie_info.info,benchmarks/job/../../data/job/movie_info__info.csv,job-csv,utf8,StdSearch,static,fm,fm,prefix_japan_2007,Japan:%2007%,0,6674158,100000014,100000000,6674158,6674158,0,1,0,1990319999,281784236191,3365,2544993,5567107,8112100,130031,116066,8501,1.2154491997342587,42.81369058147673,0.081121,
job_movie_info_info,movie_info.info,benchmarks/job/../../data/job/movie_info__info.csv,job-csv,utf8,StdSearch,static,fm,fm,prefix_japan_2007,Japan:%2007%,1,6674158,100000014,100000000,6674158,6674158,0,1,0,1990319999,281784236191,3365,2447152,5568364,8015516,130031,116066,8501,1.200977861177395,42.82335750705601,0.08015516,
job_movie_info_info,movie_info.info,benchmarks/job/../../data/job/movie_info__info.csv,job-csv,utf8,StdSearch,static,fm,fm,prefix_japan_2007,Japan:%2007%,2,6674158,100000014,100000000,6674158,6674158,0,1,0,1990319999,281784236191,3365,2482304,5505855,7988159,130031,116066,8501,1.1968789171607863,42.342633679661006,0.07988159,
job_movie_info_info,movie_info.info,benchmarks/job/../../data/job/movie_info__info.csv,job-csv,utf8,StdSearch,static,fm,fm,prefix_japan_2007,Japan:%2007%,3,6674158,100000014,100000000,6674158,6674158,0,1,0,1990319999,281784236191,3365,2749848,5833913,8583761,130031,116066,8501,1.2861189381492018,44.86555513685198,0.08583761,
job_movie_info_info,movie_info.info,benchmarks/job/../../data/job/movie_info__info.csv,job-csv,utf8,StdSearch,static,fm,fm,prefix_japan_2007,Japan:%2007%,4,6674158,100000014,100000000,6674158,6674158,0,1,0,1990319999,281784236191,3365,2767070,5638046,8405116,130031,116066,8501,1.2593522658588545,43.3592451030908,0.08405116,
job_movie_info_info,movie_info.info,benchmarks/job/../../data/job/movie_info__info.csv,job-csv,utf8,StdSearch,static,full-scan,full-scan,prefix_japan_2007,Japan:%2007%,0,6674158,100000014,100000000,6674158,6674158,0,1,0,1990319999,0,3365,523,39583052,39583575,6674158,3725759,8501,5.930871729437631,5.9307933674929485,0.39583575,
job_movie_info_info,movie_info.info,benchmarks/job/../../data/job/movie_info__info.csv,job-csv,utf8,StdSearch,static,full-scan,full-scan,prefix_japan_2007,Japan:%2007%,1,6674158,100000014,100000000,6674158,6674158,0,1,0,1990319999,0,3365,110,39774296,39774406,6674158,3725759,8501,5.95946425002225,5.959447768542489,0.39774406,
job_movie_info_info,movie_info.info,benchmarks/job/../../data/job/movie_info__info.csv,job-csv,utf8,StdSearch,static,full-scan,full-scan,prefix_japan_2007,Japan:%2007%,2,6674158,100000014,100000000,6674158,6674158,0,1,0,1990319999,0,3365,101,40330769,40330870,6674158,3725759,8501,6.042840160511633,6.04282502751658,0.4033087,
job_movie_info_info,movie_info.info,benchmarks/job/../../data/job/movie_info__info.csv,job-csv,utf8,StdSearch,static,full-scan,full-scan,prefix_japan_2007,Japan:%2007%,3,6674158,100000014,100000000,6674158,6674158,0,1,0,1990319999,0,3365,101,39921228,39921329,6674158,3725759,8501,5.981477963212738,5.981462830217684,0.39921329,
job_movie_info_info,movie_info.info,benchmarks/job/../../data/job/movie_info__info.csv,job-csv,utf8,StdSearch,static,full-scan,full-scan,prefix_japan_2007,Japan:%2007%,4,6674158,100000014,100000000,6674158,6674158,0,1,0,1990319999,0,3365,101,40202226,40202327,6674158,3725759,8501,6.023580352757606,6.023565219762553,0.40202327,
job_movie_info_info,movie_info.info,benchmarks/job/../../data/job/movie_info__info.csv,job-csv,utf8,StdSearch,static,prefix-btree,prefix-btree,prefix_japan_2007,Japan:%2007%,0,6674158,100000014,100000000,6674158,6674158,0,1,0,1990319999,1558029554,3365,2017898,5699540,7717438,130031,116066,8501,1.156316347320516,43.83216309956856,0.07717438,
job_movie_info_info,movie_info.info,benchmarks/job/../../data/job/movie_info__info.csv,job-csv,utf8,StdSearch,static,prefix-btree,prefix-btree,prefix_japan_2007,Japan:%2007%,1,6674158,100000014,100000000,6674158,6674158,0,1,0,1990319999,1558029554,3365,2080427,5639523,7719950,130031,116066,8501,1.156692724385608,43.37060393290831,0.0771995,
job_movie_info_info,movie_info.info,benchmarks/job/../../data/job/movie_info__info.csv,job-csv,utf8,StdSearch,static,prefix-btree,prefix-btree,prefix_japan_2007,Japan:%2007%,2,6674158,100000014,100000000,6674158,6674158,0,1,0,1990319999,1558029554,3365,2031607,5562280,7593887,130031,116066,8501,1.137804499084379,42.77656866439541,0.07593887,
job_movie_info_info,movie_info.info,benchmarks/job/../../data/job/movie_info__info.csv,job-csv,utf8,StdSearch,static,prefix-btree,prefix-btree,prefix_japan_2007,Japan:%2007%,3,6674158,100000014,100000000,6674158,6674158,0,1,0,1990319999,1558029554,3365,2091384,5502392,7593776,130031,116066,8501,1.1377878677729836,42.316001568856656,0.07593776,
job_movie_info_info,movie_info.info,benchmarks/job/../../data/job/movie_info__info.csv,job-csv,utf8,StdSearch,static,prefix-btree,prefix-btree,prefix_japan_2007,Japan:%2007%,4,6674158,100000014,100000000,6674158,6674158,0,1,0,1990319999,1558029554,3365,2038577,5623463,7662040,130031,116066,8501,1.148015974449511,43.24709492351824,0.0766204,
job_movie_info_info,movie_info.info,benchmarks/job/../../data/job/movie_info__info.csv,job-csv,utf8,StdSearch,static,qgram,full-scan,prefix_japan_2007,Japan:%2007%,0,6674158,100000014,100000000,6674158,6674158,0,1,0,1990319999,2909990269,3365,753,39609216,39609969,6674158,3725759,8501,5.934826385590512,5.934713562369965,0.39609969,literal-shorter-than-qgram
job_movie_info_info,movie_info.info,benchmarks/job/../../data/job/movie_info__info.csv,job-csv,utf8,StdSearch,static,qgram,full-scan,prefix_japan_2007,Japan:%2007%,1,6674158,100000014,100000000,6674158,6674158,0,1,0,1990319999,2909990269,3365,120,40211276,40211396,6674158,3725759,8501,6.0249391758480995,6.024921196051996,0.40211396,literal-shorter-than-qgram
job_movie_info_info,movie_info.info,benchmarks/job/../../data/job/movie_info__info.csv,job-csv,utf8,StdSearch,static,qgram,full-scan,prefix_japan_2007,Japan:%2007%,2,6674158,100000014,100000000,6674158,6674158,0,1,0,1990319999,2909990269,3365,130,40468923,40469053,6674158,3725759,8501,6.063544345219277,6.063524867106832,0.40469053,literal-shorter-than-qgram
job_movie_info_info,movie_info.info,benchmarks/job/../../data/job/movie_info__info.csv,job-csv,utf8,StdSearch,static,qgram,full-scan,prefix_japan_2007,Japan:%2007%,3,6674158,100000014,100000000,6674158,6674158,0,1,0,1990319999,2909990269,3365,101,40579470,40579571,6674158,3725759,8501,6.080103437766981,6.080088304771928,0.40579571,literal-shorter-than-qgram
job_movie_info_info,movie_info.info,benchmarks/job/../../data/job/movie_info__info.csv,job-csv,utf8,StdSearch,static,qgram,full-scan,prefix_japan_2007,Japan:%2007%,4,6674158,100000014,100000000,6674158,6674158,0,1,0,1990319999,2909990269,3365,111,39772856,39772967,6674158,3725759,8501,5.959248642300647,5.959232010989251,0.39772967,literal-shorter-than-qgram
job_movie_info_info,movie_info.info,benchmarks/job/../../data/job/movie_info__info.csv,job-csv,utf8,StdSearch,static,trigram,trigram,prefix_japan_2007,Japan:%2007%,0,6674158,100000014,100000000,6674158,6674158,0,1,0,1990319999,3626250845,3365,488893,5812858,6301751,130031,116066,8501,0.9442016506052149,44.703632210780505,0.06301751,
job_movie_info_info,movie_info.info,benchmarks/job/../../data/job/movie_info__info.csv,job-csv,utf8,StdSearch,static,trigram,trigram,prefix_japan_2007,Japan:%2007%,1,6674158,100000014,100000000,6674158,6674158,0,1,0,1990319999,3626250845,3365,578900,5746472,6325372,130031,116066,8501,0.9477408236364797,44.193092416423774,0.06325372,
job_movie_info_info,movie_info.info,benchmarks/job/../../data/job/movie_info__info.csv,job-csv,utf8,StdSearch,static,trigram,trigram,prefix_japan_2007,Japan:%2007%,2,6674158,100000014,100000000,6674158,6674158,0,1,0,1990319999,3626250845,3365,515999,5652488,6168487,130031,116066,8501,0.9242344877061646,43.47031092585614,0.06168487,
job_movie_info_info,movie_info.info,benchmarks/job/../../data/job/movie_info__info.csv,job-csv,utf8,StdSearch,static,trigram,trigram,prefix_japan_2007,Japan:%2007%,3,6674158,100000014,100000000,6674158,6674158,0,1,0,1990319999,3626250845,3365,503917,5538638,6042555,130031,116066,8501,0.9053658903490148,42.59475048257723,0.06042555,
job_movie_info_info,movie_info.info,benchmarks/job/../../data/job/movie_info__info.csv,job-csv,utf8,StdSearch,static,trigram,trigram,prefix_japan_2007,Japan:%2007%,4,6674158,100000014,100000000,6674158,6674158,0,1,0,1990319999,3626250845,3365,502612,5415659,5918271,130031,116066,8501,0.8867442155250146,41.648983703885996,0.05918271,
job_movie_info_info,movie_info.info,benchmarks/job/../../data/job/movie_info__info.csv,job-csv,utf8,StdSearch,static,fm,fm,prefix_japan_201,Japan:%201%,0,6674158,100000014,100000000,6674158,6674158,0,1,0,1990319999,281784236191,2420,2535735,5909213,8444948,130031,118510,23878,1.2653203595120164,45.44464781475187,0.08444948,
job_movie_info_info,movie_info.info,benchmarks/job/../../data/job/movie_info__info.csv,job-csv,utf8,StdSearch,static,fm,fm,prefix_japan_201,Japan:%201%,1,6674158,100000014,100000000,6674158,6674158,0,1,0,1990319999,281784236191,2420,2480617,5896426,8377043,130031,118510,23878,1.2551460423921639,45.34630972614223,0.08377043,
job_movie_info_info,movie_info.info,benchmarks/job/../../data/job/movie_info__info.csv,job-csv,utf8,StdSearch,static,fm,fm,prefix_japan_201,Japan:%201%,2,6674158,100000014,100000000,6674158,6674158,0,1,0,1990319999,281784236191,2420,2416984,5753653,8170637,130031,118510,23878,1.2242198941049942,44.248317708854046,0.08170637,
job_movie_info_info,movie_info.info,benchmarks/job/../../data/job/movie_info__info.csv,job-csv,utf8,StdSearch,static,fm,fm,prefix_japan_201,Japan:%201%,3,6674158,100000014,100000000,6674158,6674158,0,1,0,1990319999,281784236191,2420,2493402,6010026,8503428,130031,118510,23878,1.274082513479603,46.21994755096861,0.08503428,
job_movie_info_info,movie_info.info,benchmarks/job/../../data/job/movie_info__info.csv,job-csv,utf8,StdSearch,static,fm,fm,prefix_japan_201,Japan:%201%,4,6674158,100000014,100000000,6674158,6674158,0,1,0,1990319999,281784236191,2420,2716743,5857248,8573991,130031,118510,23878,1.2846550830831396,45.045012343210466,0.08573991,
job_movie_info_info,movie_info.info,benchmarks/job/../../data/job/movie_info__info.csv,job-csv,utf8,StdSearch,static,full-scan,full-scan,prefix_japan_201,Japan:%201%,0,6674158,100000014,100000000,6674158,6674158,0,1,0,1990319999,0,2420,492,44278867,44279359,6674158,4439405,23878,6.634448719973366,6.634375002809343,0.44279359,
job_movie_info_info,movie_info.info,benchmarks/job/../../data/job/movie_info__info.csv,job-csv,utf8,StdSearch,static,full-scan,full-scan,prefix_japan_201,Japan:%201%,1,6674158,100000014,100000000,6674158,6674158,0,1,0,1990319999,0,2420,101,44875272,44875373,6674158,4439405,23878,6.723750471595069,6.723735338600015,0.44875373,
job_movie_info_info,movie_info.info,benchmarks/job/../../data/job/movie_info__info.csv,job-csv,utf8,StdSearch,static,full-scan,full-scan,prefix_japan_201,Japan:%201%,2,6674158,100000014,100000000,6674158,6674158,0,1,0,1990319999,0,2420,101,43398341,43398442,6674158,4439405,23878,6.5024594862752725,6.502444353280219,0.43398442,
job_movie_info_info,movie_info.info,benchmarks/job/../../data/job/movie_info__info.csv,job-csv,utf8,StdSearch,static,full-scan,full-scan,prefix_japan_201,Japan:%201%,3,6674158,100000014,100000000,6674158,6674158,0,1,0,1990319999,0,2420,101,43662155,43662256,6674158,4439405,23878,6.541987169018174,6.541972036023121,0.43662256,
job_movie_info_info,movie_info.info,benchmarks/job/../../data/job/movie_info__info.csv,job-csv,utf8,StdSearch,static,full-scan,full-scan,prefix_japan_201,Japan:%201%,4,6674158,100000014,100000000,6674158,6674158,0,1,0,1990319999,0,2420,12082,46389012,46401094,6674158,4439405,23878,6.952351742347124,6.950541476542809,0.46401094,
job_movie_info_info,movie_info.info,benchmarks/job/../../data/job/movie_info__info.csv,job-csv,utf8,StdSearch,static,prefix-btree,prefix-btree,prefix_japan_201,Japan:%201%,0,6674158,100000014,100000000,6674158,6674158,0,1,0,1990319999,1558029554,2420,2149936,6237012,8386948,130031,118510,23878,1.2566301247288423,47.96557743922603,0.08386948,
job_movie_info_info,movie_info.info,benchmarks/job/../../data/job/movie_info__info.csv,job-csv,utf8,StdSearch,static,prefix-btree,prefix-btree,prefix_japan_201,Japan:%201%,1,6674158,100000014,100000000,6674158,6674158,0,1,0,1990319999,1558029554,2420,2149293,6286554,8435847,130031,118510,23878,1.263956741809229,48.34657889272558,0.08435847,
job_movie_info_info,movie_info.info,benchmarks/job/../../data/job/movie_info__info.csv,job-csv,utf8,StdSearch,static,prefix-btree,prefix-btree,prefix_japan_201,Japan:%201%,2,6674158,100000014,100000000,6674158,6674158,0,1,0,1990319999,1558029554,2420,2170103,6520522,8690625,130031,118510,23878,1.3021305459055659,50.145903669125055,0.08690625,
job_movie_info_info,movie_info.info,benchmarks/job/../../data/job/movie_info__info.csv,job-csv,utf8,StdSearch,static,prefix-btree,prefix-btree,prefix_japan_201,Japan:%201%,3,6674158,100000014,100000000,6674158,6674158,0,1,0,1990319999,1558029554,2420,2357418,6380157,8737575,130031,118510,23878,1.309165141130911,49.06643031277157,0.08737575,
job_movie_info_info,movie_info.info,benchmarks/job/../../data/job/movie_info__info.csv,job-csv,utf8,StdSearch,static,prefix-btree,prefix-btree,prefix_japan_201,Japan:%201%,4,6674158,100000014,100000000,6674158,6674158,0,1,0,1990319999,1558029554,2420,2189857,6277005,8466862,130031,118510,23878,1.2686037699437143,48.27314255831302,0.08466862,
job_movie_info_info,movie_info.info,benchmarks/job/../../data/job/movie_info__info.csv,job-csv,utf8,StdSearch,static,qgram,full-scan,prefix_japan_201,Japan:%201%,0,6674158,100000014,100000000,6674158,6674158,0,1,0,1990319999,2909990269,2420,583,43659998,43660581,6674158,4439405,23878,6.5417362010309015,6.541648849188167,0.43660581,literal-shorter-than-qgram
job_movie_info_info,movie_info.info,benchmarks/job/../../data/job/movie_info__info.csv,job-csv,utf8,StdSearch,static,qgram,full-scan,prefix_japan_201,Japan:%201%,1,6674158,100000014,100000000,6674158,6674158,0,1,0,1990319999,2909990269,2420,110,43990447,43990557,6674158,4439405,23878,6.591177044355258,6.591160562875497,0.43990557,literal-shorter-than-qgram
job_movie_info_info,movie_info.info,benchmarks/job/../../data/job/movie_info__info.csv,job-csv,utf8,StdSearch,static,qgram,full-scan,prefix_japan_201,Japan:%201%,2,6674158,100000014,100000000,6674158,6674158,0,1,0,1990319999,2909990269,2420,100,43048275,43048375,6674158,4439405,23878,6.450008375588351,6.449993392424932,0.43048375,literal-shorter-than-qgram
job_movie_info_info,movie_info.info,benchmarks/job/../../data/job/movie_info__info.csv,job-csv,utf8,StdSearch,static,qgram,full-scan,prefix_japan_201,Japan:%201%,3,6674158,100000014,100000000,6674158,6674158,0,1,0,1990319999,2909990269,2420,100,43423185,43423285,6674158,4439405,23878,6.506181753563521,6.506166770400101,0.43423285,literal-shorter-than-qgram
job_movie_info_info,movie_info.info,benchmarks/job/../../data/job/movie_info__info.csv,job-csv,utf8,StdSearch,static,qgram,full-scan,prefix_japan_201,Japan:%201%,4,6674158,100000014,100000000,6674158,6674158,0,1,0,1990319999,2909990269,2420,90,44243702,44243792,6674158,4439405,23878,6.629119658240036,6.629106173392958,0.44243792,literal-shorter-than-qgram
job_movie_info_info,movie_info.info,benchmarks/job/../../data/job/movie_info__info.csv,job-csv,utf8,StdSearch,static,trigram,trigram,prefix_japan_201,Japan:%201%,0,6674158,100000014,100000000,6674158,6674158,0,1,0,1990319999,3626250845,2420,505665,6083280,6588945,130031,118510,23878,0.9872323969555411,46.78330551945305,0.06588945,
job_movie_info_info,movie_info.info,benchmarks/job/../../data/job/movie_info__info.csv,job-csv,utf8,StdSearch,static,trigram,trigram,prefix_japan_201,Japan:%201%,1,6674158,100000014,100000000,6674158,6674158,0,1,0,1990319999,3626250845,2420,518869,5995388,6514257,130031,118510,23878,0.9760417718609599,46.1073743953365,0.06514257,
job_movie_info_info,movie_info.info,benchmarks/job/../../data/job/movie_info__info.csv,job-csv,utf8,StdSearch,static,trigram,trigram,prefix_japan_201,Japan:%201%,2,6674158,100000014,100000000,6674158,6674158,0,1,0,1990319999,3626250845,2420,500535,5902726,6403261,130031,118510,23878,0.9594110597921116,45.3947597111458,0.06403261,
job_movie_info_info,movie_info.info,benchmarks/job/../../data/job/movie_info__info.csv,job-csv,utf8,StdSearch,static,trigram,trigram,prefix_japan_201,Japan:%201%,3,6674158,100000014,100000000,6674158,6674158,0,1,0,1990319999,3626250845,2420,474621,5906230,6380851,130031,118510,23878,0.9560533328698542,45.421707131376365,0.06380851,
job_movie_info_info,movie_info.info,benchmarks/job/../../data/job/movie_info__info.csv,job-csv,utf8,StdSearch,static,trigram,trigram,prefix_japan_201,Japan:%201%,4,6674158,100000014,100000000,6674158,6674158,0,1,0,1990319999,3626250845,2420,521781,5851582,6373363,130031,118510,23878,0.9549313935930195,45.001438118602486,0.06373363,
job_movie_info_info,movie_info.info,benchmarks/job/../../data/job/movie_info__info.csv,job-csv,utf8,StdSearch,static,fm,fm,prefix_usa_space_199,USA:% 199%,0,6674158,100000014,100000000,6674158,6674158,0,1,0,1990319999,281784236191,2792,5318446,7250637,12569083,263414,263414,78136,1.8832462461931527,27.525632654300836,0.12569083,
job_movie_info_info,movie_info.info,benchmarks/job/../../data/job/movie_info__info.csv,job-csv,utf8,StdSearch,static,fm,fm,prefix_usa_space_199,USA:% 199%,1,6674158,100000014,100000000,6674158,6674158,0,1,0,1990319999,281784236191,2792,5127983,8094688,13222671,263414,263414,78136,1.9811744043218635,30.72990805348235,0.13222671,
job_movie_info_info,movie_info.info,benchmarks/job/../../data/job/movie_info__info.csv,job-csv,utf8,StdSearch,static,fm,fm,prefix_usa_space_199,USA:% 199%,2,6674158,100000014,100000000,6674158,6674158,0,1,0,1990319999,281784236191,2792,5727455,7339070,13066525,263414,263414,78136,1.9577787939692168,27.861351332882837,0.13066525,
job_movie_info_info,movie_info.info,benchmarks/job/../../data/job/movie_info__info.csv,job-csv,utf8,StdSearch,static,fm,fm,prefix_usa_space_199,USA:% 199%,3,6674158,100000014,100000000,6674158,6674158,0,1,0,1990319999,281784236191,2792,5337834,7168217,12506051,263414,263414,78136,1.8738020586267212,27.212741160302794,0.12506051,
job_movie_info_info,movie_info.info,benchmarks/job/../../data/job/movie_info__info.csv,job-csv,utf8,StdSearch,static,fm,fm,prefix_usa_space_199,USA:% 199%,4,6674158,100000014,100000000,6674158,6674158,0,1,0,1990319999,281784236191,2792,5664333,7269421,12933754,263414,263414,78136,1.9378854980658233,27.596942455602207,0.12933754,
job_movie_info_info,movie_info.info,benchmarks/job/../../data/job/movie_info__info.csv,job-csv,utf8,StdSearch,static,full-scan,full-scan,prefix_usa_space_199,USA:% 199%,0,6674158,100000014,100000000,6674158,6674158,0,1,0,1990319999,0,2792,532,59469086,59469618,6674158,4607775,78136,8.910430049753092,8.910350339323703,0.59469618,
job_movie_info_info,movie_info.info,benchmarks/job/../../data/job/movie_info__info.csv,job-csv,utf8,StdSearch,static,full-scan,full-scan,prefix_usa_space_199,USA:% 199%,1,6674158,100000014,100000000,6674158,6674158,0,1,0,1990319999,0,2792,110,60714987,60715097,6674158,4607775,78136,9.097042203675729,9.09702572219597,0.60715097,
job_movie_info_info,movie_info.info,benchmarks/job/../../data/job/movie_info__info.csv,job-csv,utf8,StdSearch,static,full-scan,full-scan,prefix_usa_space_199,USA:% 199%,2,6674158,100000014,100000000,6674158,6674158,0,1,0,1990319999,0,2792,110,61571831,61571941,6674158,4607775,78136,9.225424540443903,9.225408058964142,0.61571941,
job_movie_info_info,movie_info.info,benchmarks/job/../../data/job/movie_info__info.csv,job-csv,utf8,StdSearch,static,full-scan,full-scan,prefix_usa_space_199,USA:% 199%,3,6674158,100000014,100000000,6674158,6674158,0,1,0,1990319999,0,2792,100,60538238,60538338,6674158,4607775,78136,9.07055811384747,9.070543130684051,0.60538338,
job_movie_info_info,movie_info.info,benchmarks/job/../../data/job/movie_info__info.csv,job-csv,utf8,StdSearch,static,full-scan,full-scan,prefix_usa_space_199,USA:% 199%,4,6674158,100000014,100000000,6674158,6674158,0,1,0,1990319999,0,2792,110,60330528,60330638,6674158,4607775,78136,9.039438083425654,9.039421601945893,0.60330638,
job_movie_info_info,movie_info.info,benchmarks/job/../../data/job/movie_info__info.csv,job-csv,utf8,StdSearch,static,prefix-btree,prefix-btree,prefix_usa_space_199,USA:% 199%,0,6674158,100000014,100000000,6674158,6674158,0,1,0,1990319999,1558029554,2792,13160634,25834524,38995158,935876,819018,78136,5.84270824874089,27.604644205001517,0.38995158,
job_movie_info_info,movie_info.info,benchmarks/job/../../data/job/movie_info__info.csv,job-csv,utf8,StdSearch,static,prefix-btree,prefix-btree,prefix_usa_space_199,USA:% 199%,1,6674158,100000014,100000000,6674158,6674158,0,1,0,1990319999,1558029554,2792,13742985,26222910,39965895,935876,819018,78136,5.9881553598221675,28.01964149096675,0.39965895,
job_movie_info_info,movie_info.info,benchmarks/job/../../data/job/movie_info__info.csv,job-csv,utf8,StdSearch,static,prefix-btree,prefix-btree,prefix_usa_space_199,USA:% 199%,2,6674158,100000014,100000000,6674158,6674158,0,1,0,1990319999,1558029554,2792,13477221,25809002,39286223,935876,819018,78136,5.886318993347175,27.57737349819848,0.39286223,
job_movie_info_info,movie_info.info,benchmarks/job/../../data/job/movie_info__info.csv,job-csv,utf8,StdSearch,static,prefix-btree,prefix-btree,prefix_usa_space_199,USA:% 199%,3,6674158,100000014,100000000,6674158,6674158,0,1,0,1990319999,1558029554,2792,13262390,26773053,40035443,935876,819018,78136,5.998575850316999,28.607478982258332,0.40035443,
job_movie_info_info,movie_info.info,benchmarks/job/../../data/job/movie_info__info.csv,job-csv,utf8,StdSearch,static,prefix-btree,prefix-btree,prefix_usa_space_199,USA:% 199%,4,6674158,100000014,100000000,6674158,6674158,0,1,0,1990319999,1558029554,2792,13966801,28365315,42332116,935876,819018,78136,6.342690119113152,30.308838991490326,0.42332116,
job_movie_info_info,movie_info.info,benchmarks/job/../../data/job/movie_info__info.csv,job-csv,utf8,StdSearch,static,qgram,full-scan,prefix_usa_space_199,USA:% 199%,0,6674158,100000014,100000000,6674158,6674158,0,1,0,1990319999,2909990269,2792,642,62926828,62927470,6674158,4607775,78136,9.428525665709442,9.428429473800291,0.6292747,literal-shorter-than-qgram
job_movie_info_info,movie_info.info,benchmarks/job/../../data/job/movie_info__info.csv,job-csv,utf8,StdSearch,static,qgram,full-scan,prefix_usa_space_199,USA:% 199%,1,6674158,100000014,100000000,6674158,6674158,0,1,0,1990319999,2909990269,2792,100,62687530,62687630,6674158,4607775,78136,9.392590046564676,9.392575063401257,0.6268763,literal-shorter-than-qgram
job_movie_info_info,movie_info.info,benchmarks/job/../../data/job/movie_info__info.csv,job-csv,utf8,StdSearch,static,qgram,full-scan,prefix_usa_space_199,USA:% 199%,2,6674158,100000014,100000000,6674158,6674158,0,1,0,1990319999,2909990269,2792,101,62981034,62981135,6674158,4607775,78136,9.436566380358391,9.436551247363338,0.62981135,literal-shorter-than-qgram
job_movie_info_info,movie_info.info,benchmarks/job/../../data/job/movie_info__info.csv,job-csv,utf8,StdSearch,static,qgram,full-scan,prefix_usa_space_199,USA:% 199%,3,6674158,100000014,100000000,6674158,6674158,0,1,0,1990319999,2909990269,2792,120,62892805,62892925,6674158,4607775,78136,9.423349731906256,9.423331752110153,0.62892925,literal-shorter-than-qgram
job_movie_info_info,movie_info.info,benchmarks/job/../../data/job/movie_info__info.csv,job-csv,utf8,StdSearch,static,qgram,full-scan,prefix_usa_space_199,USA:% 199%,4,6674158,100000014,100000000,6674158,6674158,0,1,0,1990319999,2909990269,2792,121,65041309,65041430,6674158,4607775,78136,9.745263747127353,9.745245617499616,0.6504143,literal-shorter-than-qgram
job_movie_info_info,movie_info.info,benchmarks/job/../../data/job/movie_info__info.csv,job-csv,utf8,StdSearch,static,trigram,trigram,prefix_usa_space_199,USA:% 199%,0,6674158,100000014,100000000,6674158,6674158,0,1,0,1990319999,3626250845,2792,1117117,7690696,8807813,263414,263414,78136,1.3196890154533352,29.196231027963584,0.08807813,
job_movie_info_info,movie_info.info,benchmarks/job/../../data/job/movie_info__info.csv,job-csv,utf8,StdSearch,static,trigram,trigram,prefix_usa_space_199,USA:% 199%,1,6674158,100000014,100000000,6674158,6674158,0,1,0,1990319999,3626250845,2792,1106417,7501742,8608159,263414,263414,78136,1.2897745303602342,28.47890393069465,0.08608159,
job_movie_info_info,movie_info.info,benchmarks/job/../../data/job/movie_info__info.csv,job-csv,utf8,StdSearch,static,trigram,trigram,prefix_usa_space_199,USA:% 199%,2,6674158,100000014,100000000,6674158,6674158,0,1,0,1990319999,3626250845,2792,1076967,7635961,8712928,263414,263414,78136,1.3054722408429649,28.98844024994875,0.08712928,
job_movie_info_info,movie_info.info,benchmarks/job/../../data/job/movie_info__info.csv,job-csv,utf8,StdSearch,static,trigram,trigram,prefix_usa_space_199,USA:% 199%,3,6674158,100000014,100000000,6674158,6674158,0,1,0,1990319999,3626250845,2792,1094492,7455298,8549790,263414,263414,78136,1.281029007704043,28.30258832104596,0.0854979,
job_movie_info_info,movie_info.info,benchmarks/job/../../data/job/movie_info__info.csv,job-csv,utf8,StdSearch,static,trigram,trigram,prefix_usa_space_199,USA:% 199%,4,6674158,100000014,100000000,6674158,6674158,0,1,0,1990319999,3626250845,2792,1073384,7388267,8461651,263414,263414,78136,1.2678229972979362,28.048118171395597,0.08461651,
job_movie_info_info,movie_info.info,benchmarks/job/../../data/job/movie_info__info.csv,job-csv,utf8,StdSearch,static,fm,fm,prefix_usa_space_200,USA:% 200%,0,6674158,100000014,100000000,6674158,6674158,0,1,0,1990319999,281784236191,2831,17917672,17468386,35386058,885461,885461,268914,5.301950897776169,19.728012865614634,0.35386058,
job_movie_info_info,movie_info.info,benchmarks/job/../../data/job/movie_info__info.csv,job-csv,utf8,StdSearch,static,fm,fm,prefix_usa_space_200,USA:% 200%,1,6674158,100000014,100000000,6674158,6674158,0,1,0,1990319999,281784236191,2831,18613286,17674334,36287620,885461,885461,268914,5.43703340556217,19.96060131389186,0.3628762,
job_movie_info_info,movie_info.info,benchmarks/job/../../data/job/movie_info__info.csv,job-csv,utf8,StdSearch,static,fm,fm,prefix_usa_space_200,USA:% 200%,2,6674158,100000014,100000000,6674158,6674158,0,1,0,1990319999,281784236191,2831,18327399,17375670,35703069,885461,885461,268914,5.349449173963218,19.623303567294325,0.35703069,
job_movie_info_info,movie_info.info,benchmarks/job/../../data/job/movie_info__info.csv,job-csv,utf8,StdSearch,static,fm,fm,prefix_usa_space_200,USA:% 200%,3,6674158,100000014,100000000,6674158,6674158,0,1,0,1990319999,281784236191,2831,20141406,17195759,37337165,885461,885461,268914,5.594288448070903,19.42012014080801,0.37337165,
job_movie_info_info,movie_info.info,benchmarks/job/../../data/job/movie_info__info.csv,job-csv,utf8,StdSearch,static,fm,fm,prefix_usa_space_200,USA:% 200%,4,6674158,100000014,100000000,6674158,6674158,0,1,0,1990319999,281784236191,2831,19403424,17757183,37160607,885461,885461,268914,5.567834474401115,20.0541672642838,0.37160607,
job_movie_info_info,movie_info.info,benchmarks/job/../../data/job/movie_info__info.csv,job-csv,utf8,StdSearch,static,full-scan,full-scan,prefix_usa_space_200,USA:% 200%,0,6674158,100000014,100000000,6674158,6674158,0,1,0,1990319999,0,2831,562,62825826,62826388,6674158,4607775,268914,9.41338038446198,9.413296179083563,0.62826388,
job_movie_info_info,movie_info.info,benchmarks/job/../../data/job/movie_info__info.csv,job-csv,utf8,StdSearch,static,full-scan,full-scan,prefix_usa_space_200,USA:% 200%,1,6674158,100000014,100000000,6674158,6674158,0,1,0,1990319999,0,2831,110,62762218,62762328,6674158,4607775,268914,9.403782169975598,9.403765688495838,0.62762328,
job_movie_info_info,movie_info.info,benchmarks/job/../../data/job/movie_info__info.csv,job-csv,utf8,StdSearch,static,full-scan,full-scan,prefix_usa_space_200,USA:% 200%,2,6674158,100000014,100000000,6674158,6674158,0,1,0,1990319999,0,2831,111,63200934,63201045,6674158,4607775,268914,9.469515855033698,9.469499223722304,0.63201045,
job_movie_info_info,movie_info.info,benchmarks/job/../../data/job/movie_info__info.csv,job-csv,utf8,StdSearch,static,full-scan,full-scan,prefix_usa_space_200,USA:% 200%,3,6674158,100000014,100000000,6674158,6674158,0,1,0,1990319999,0,2831,120,63518821,63518941,6674158,4607775,268914,9.517146732217007,9.517128752420904,0.63518941,
job_movie_info_info,movie_info.info,benchmarks/job/../../data/job/movie_info__info.csv,job-csv,utf8,StdSearch,static,full-scan,full-scan,prefix_usa_space_200,USA:% 200%,4,6674158,100000014,100000000,6674158,6674158,0,1,0,1990319999,0,2831,452,63573323,63573775,6674158,4607775,268914,9.525362600046329,9.525294876147672,0.63573775,
job_movie_info_info,movie_info.info,benchmarks/job/../../data/job/movie_info__info.csv,job-csv,utf8,StdSearch,static,prefix-btree,prefix-btree,prefix_usa_space_200,USA:% 200%,0,6674158,100000014,100000000,6674158,6674158,0,1,0,1990319999,1558029554,2831,13330383,28150036,41480419,935876,819018,268914,6.2150789657661685,30.07880958588531,0.41480419,
job_movie_info_info,movie_info.info,benchmarks/job/../../data/job/movie_info__info.csv,job-csv,utf8,StdSearch,static,prefix-btree,prefix-btree,prefix_usa_space_200,USA:% 200%,1,6674158,100000014,100000000,6674158,6674158,0,1,0,1990319999,1558029554,2831,13283412,28204341,41487753,935876,819018,268914,6.216177830971337,30.136835435463674,0.41487753,
job_movie_info_info,movie_info.info,benchmarks/job/../../data/job/movie_info__info.csv,job-csv,utf8,StdSearch,static,prefix-btree,prefix-btree,prefix_usa_space_200,USA:% 200%,2,6674158,100000014,100000000,6674158,6674158,0,1,0,1990319999,1558029554,2831,13171806,27817171,40988977,935876,819018,268914,6.141445407795261,29.72313746692938,0.40988977,
job_movie_info_info,movie_info.info,benchmarks/job/../../data/job/movie_info__info.csv,job-csv,utf8,StdSearch,static,prefix-btree,prefix-btree,prefix_usa_space_200,USA:% 200%,3,6674158,100000014,100000000,6674158,6674158,0,1,0,1990319999,1558029554,2831,13161502,28492316,41653818,935876,819018,268914,6.241059621303541,30.44454179827242,0.41653818,
job_movie_info_info,movie_info.info,benchmarks/job/../../data/job/movie_info__info.csv,job-csv,utf8,StdSearch,static,prefix-btree,prefix-btree,prefix_usa_space_200,USA:% 200%,4,6674158,100000014,100000000,6674158,6674158,0,1,0,1990319999,1558029554,2831,12965703,27123894,40089597,935876,819018,268914,6.006689832635068,28.98235877402562,0.40089597,
job_movie_info_info,movie_info.info,benchmarks/job/../../data/job/movie_info__info.csv,job-csv,utf8,StdSearch,static,qgram,full-scan,prefix_usa_space_200,USA:% 200%,0,6674158,100000014,100000000,6674158,6674158,0,1,0,1990319999,2909990269,2831,462,62527608,62528070,6674158,4607775,268914,9.368682911012895,9.368613688797899,0.6252807,literal-shorter-than-qgram
job_movie_info_info,movie_info.info,benchmarks/job/../../data/job/movie_info__info.csv,job-csv,utf8,StdSearch,static,qgram,full-scan,prefix_usa_space_200,USA:% 200%,1,6674158,100000014,100000000,6674158,6674158,0,1,0,1990319999,2909990269,2831,100,62544848,62544948,6674158,4607775,268914,9.3712117693348,9.37119678617138,0.62544948,literal-shorter-than-qgram
job_movie_info_info,movie_info.info,benchmarks/job/../../data/job/movie_info__info.csv,job-csv,utf8,StdSearch,static,qgram,full-scan,prefix_usa_space_200,USA:% 200%,2,6674158,100000014,100000000,6674158,6674158,0,1,0,1990319999,2909990269,2831,111,63319096,63319207,6674158,4607775,268914,9.48722026059317,9.487203629281776,0.63319207,literal-shorter-than-qgram
job_movie_info_info,movie_info.info,benchmarks/job/../../data/job/movie_info__info.csv,job-csv,utf8,StdSearch,static,qgram,full-scan,prefix_usa_space_200,USA:% 200%,3,6674158,100000014,100000000,6674158,6674158,0,1,0,1990319999,2909990269,2831,100,62569774,62569874,6674158,4607775,268914,9.374946472648684,9.374931489485265,0.62569874,literal-shorter-than-qgram
job_movie_info_info,movie_info.info,benchmarks/job/../../data/job/movie_info__info.csv,job-csv,utf8,StdSearch,static,qgram,full-scan,prefix_usa_space_200,USA:% 200%,4,6674158,100000014,100000000,6674158,6674158,0,1,0,1990319999,2909990269,2831,121,61996354,61996475,6674158,4607775,268914,9.28903316343425,9.289015033806512,0.61996475,literal-shorter-than-qgram
job_movie_info_info,movie_info.info,benchmarks/job/../../data/job/movie_info__info.csv,job-csv,utf8,StdSearch,static,trigram,trigram,prefix_usa_space_200,USA:% 200%,0,6674158,100000014,100000000,6674158,6674158,0,1,0,1990319999,3626250845,2831,2713247,17924155,20637402,885461,885461,268914,3.0921356671508224,20.242737963614434,0.20637402,
job_movie_info_info,movie_info.info,benchmarks/job/../../data/job/movie_info__info.csv,job-csv,utf8,StdSearch,static,trigram,trigram,prefix_usa_space_200,USA:% 200%,1,6674158,100000014,100000000,6674158,6674158,0,1,0,1990319999,3626250845,2831,2959242,17174511,20133753,885461,885461,268914,3.016673114421325,19.396123601152393,0.20133753,
job_movie_info_info,movie_info.info,benchmarks/job/../../data/job/movie_info__info.csv,job-csv,utf8,StdSearch,static,trigram,trigram,prefix_usa_space_200,USA:% 200%,2,6674158,100000014,100000000,6674158,6674158,0,1,0,1990319999,3626250845,2831,3017564,16995972,20013536,885461,885461,268914,2.998660804853586,19.19448965002411,0.20013536,
job_movie_info_info,movie_info.info,benchmarks/job/../../data/job/movie_info__info.csv,job-csv,utf8,StdSearch,static,trigram,trigram,prefix_usa_space_200,USA:% 200%,3,6674158,100000014,100000000,6674158,6674158,0,1,0,1990319999,3626250845,2831,2786652,17300609,20087261,885461,885461,268914,3.00970714208444,19.538533035334137,0.20087261,
job_movie_info_info,movie_info.info,benchmarks/job/../../data/job/movie_info__info.csv,job-csv,utf8,StdSearch,static,trigram,trigram,prefix_usa_space_200,USA:% 200%,4,6674158,100000014,100000000,6674158,6674158,0,1,0,1990319999,3626250845,2831,2778734,17081257,19859991,885461,885461,268914,2.9756549065814744,19.290806709725217,0.19859991,
job_movie_info_info,movie_info.info,benchmarks/job/../../data/job/movie_info__info.csv,job-csv,utf8,StdSearch,static,fm,fm,prefix_usa_200,USA:%200%,0,6674158,100000014,100000000,6674158,6674158,0,1,0,1990319999,281784236191,3121,18902710,27753620,46656330,935876,833915,294734,6.990594169331922,29.655232103398312,0.4665633,
job_movie_info_info,movie_info.info,benchmarks/job/../../data/job/movie_info__info.csv,job-csv,utf8,StdSearch,static,fm,fm,prefix_usa_200,USA:%200%,1,6674158,100000014,100000000,6674158,6674158,0,1,0,1990319999,281784236191,3121,19492970,28369196,47862166,935876,833915,294734,7.1712665477802595,30.312985908389575,0.47862166,
job_movie_info_info,movie_info.info,benchmarks/job/../../data/job/movie_info__info.csv,job-csv,utf8,StdSearch,static,fm,fm,prefix_usa_200,USA:%200%,2,6674158,100000014,100000000,6674158,6674158,0,1,0,1990319999,281784236191,3121,19495246,30531202,50026448,935876,833915,294734,7.495544456694013,32.62312742286371,0.50026448,
job_movie_info_info,movie_info.info,benchmarks/job/../../data/job/movie_info__info.csv,job-csv,utf8,StdSearch,static,fm,fm,prefix_usa_200,USA:%200%,3,6674158,100000014,100000000,6674158,6674158,0,1,0,1990319999,281784236191,3121,23929288,31486776,55416064,935876,833915,294734,8.303079429644908,33.64417508302382,0.55416064,
job_movie_info_info,movie_info.info,benchmarks/job/../../data/job/movie_info__info.csv,job-csv,utf8,StdSearch,static,fm,fm,prefix_usa_200,USA:%200%,4,6674158,100000014,100000000,6674158,6674158,0,1,0,1990319999,281784236191,3121,22310236,29738361,52048597,935876,833915,294734,7.798526345945062,31.775962841231102,0.52048597,
job_movie_info_info,movie_info.info,benchmarks/job/../../data/job/movie_info__info.csv,job-csv,utf8,StdSearch,static,full-scan,full-scan,prefix_usa_200,USA:%200%,0,6674158,100000014,100000000,6674158,6674158,0,1,0,1990319999,0,3121,863,70696617,70697480,6674158,5402091,294734,10.592718961702735,10.592589657002426,0.7069748,
job_movie_info_info,movie_info.info,benchmarks/job/../../data/job/movie_info__info.csv,job-csv,utf8,StdSearch,static,full-scan,full-scan,prefix_usa_200,USA:%200%,1,6674158,100000014,100000000,6674158,6674158,0,1,0,1990319999,0,3121,110,75870760,75870870,6674158,5402091,294734,11.367856439718688,11.367839958238926,0.7587087,
job_movie_info_info,movie_info.info,benchmarks/job/../../data/job/movie_info__info.csv,job-csv,utf8,StdSearch,static,full-scan,full-scan,prefix_usa_200,USA:%200%,2,6674158,100000014,100000000,6674158,6674158,0,1,0,1990319999,0,3121,121,68669402,68669523,6674158,5402091,294734,10.288866850320295,10.288848720692558,0.68669523,
job_movie_info_info,movie_info.info,benchmarks/job/../../data/job/movie_info__info.csv,job-csv,utf8,StdSearch,static,full-scan,full-scan,prefix_usa_200,USA:%200%,3,6674158,100000014,100000000,6674158,6674158,0,1,0,1990319999,0,3121,131,68842642,68842773,6674158,5402091,294734,10.314825180944172,10.314805553000093,0.68842773,
job_movie_info_info,movie_info.info,benchmarks/job/../../data/job/movie_info__info.csv,job-csv,utf8,StdSearch,static,full-scan,full-scan,prefix_usa_200,USA:%200%,4,6674158,100000014,100000000,6674158,6674158,0,1,0,1990319999,0,3121,150,68739540,68739690,6674158,5402091,294734,10.299380086596692,10.299357611851562,0.6873969,
job_movie_info_info,movie_info.info,benchmarks/job/../../data/job/movie_info__info.csv,job-csv,utf8,StdSearch,static,prefix-btree,prefix-btree,prefix_usa_200,USA:%200%,0,6674158,100000014,100000000,6674158,6674158,0,1,0,1990319999,1558029554,3121,13056386,27833636,40890022,935876,833915,294734,6.126618818433726,29.740730609610676,0.40890022,
job_movie_info_info,movie_info.info,benchmarks/job/../../data/job/movie_info__info.csv,job-csv,utf8,StdSearch,static,prefix-btree,prefix-btree,prefix_usa_200,USA:%200%,1,6674158,100000014,100000000,6674158,6674158,0,1,0,1990319999,1558029554,3121,12750609,28155706,40906315,935876,833915,294734,6.129060025249627,30.084868080814125,0.40906315,
job_movie_info_info,movie_info.info,benchmarks/job/../../data/job/movie_info__info.csv,job-csv,utf8,StdSearch,static,prefix-btree,prefix-btree,prefix_usa_200,USA:%200%,2,6674158,100000014,100000000,6674158,6674158,0,1,0,1990319999,1558029554,3121,12993333,28923966,41917299,935876,833915,294734,6.280537410112257,30.905767430728,0.41917299,
job_movie_info_info,movie_info.info,benchmarks/job/../../data/job/movie_info__info.csv,job-csv,utf8,StdSearch,static,prefix-btree,prefix-btree,prefix_usa_200,USA:%200%,3,6674158,100000014,100000000,6674158,6674158,0,1,0,1990319999,1558029554,3121,15760875,28527406,44288281,935876,833915,294734,6.635785517813633,30.482036081703132,0.44288281,
job_movie_info_info,movie_info.info,benchmarks/job/../../data/job/movie_info__info.csv,job-csv,utf8,StdSearch,static,prefix-btree,prefix-btree,prefix_usa_200,USA:%200%,4,6674158,100000014,100000000,6674158,6674158,0,1,0,1990319999,1558029554,3121,13031054,28166241,41197295,935876,833915,294734,6.172658034167006,30.09612491398433,0.41197295,
job_movie_info_info,movie_info.info,benchmarks/job/../../data/job/movie_info__info.csv,job-csv,utf8,StdSearch,static,qgram,full-scan,prefix_usa_200,USA:%200%,0,6674158,100000014,100000000,6674158,6674158,0,1,0,1990319999,2909990269,3121,873,69378492,69379365,6674158,5402091,294734,10.39522363719888,10.395092834182229,0.69379365,literal-shorter-than-qgram
job_movie_info_info,movie_info.info,benchmarks/job/../../data/job/movie_info__info.csv,job-csv,utf8,StdSearch,static,qgram,full-scan,prefix_usa_200,USA:%200%,1,6674158,100000014,100000000,6674158,6674158,0,1,0,1990319999,2909990269,3121,110,68930708,68930818,6674158,5402091,294734,10.328017107176665,10.328000625696905,0.68930818,literal-shorter-than-qgram
job_movie_info_info,movie_info.info,benchmarks/job/../../data/job/movie_info__info.csv,job-csv,utf8,StdSearch,static,qgram,full-scan,prefix_usa_200,USA:%200%,2,6674158,100000014,100000000,6674158,6674158,0,1,0,1990319999,2909990269,3121,161,69084343,69084504,6674158,5402091,294734,10.351044131709198,10.351020008816093,0.69084504,literal-shorter-than-qgram
job_movie_info_info,movie_info.info,benchmarks/job/../../data/job/movie_info__info.csv,job-csv,utf8,StdSearch,static,qgram,full-scan,prefix_usa_200,USA:%200%,3,6674158,100000014,100000000,6674158,6674158,0,1,0,1990319999,2909990269,3121,120,68677734,68677854,6674158,5402091,294734,10.290115097664755,10.290097117868651,0.68677854,literal-shorter-than-qgram
job_movie_info_info,movie_info.info,benchmarks/job/../../data/job/movie_info__info.csv,job-csv,utf8,StdSearch,static,qgram,full-scan,prefix_usa_200,USA:%200%,4,6674158,100000014,100000000,6674158,6674158,0,1,0,1990319999,2909990269,3121,120,81739557,81739677,6674158,5402091,294734,12.247189383289998,12.247171403493894,0.81739677,literal-shorter-than-qgram
job_movie_info_info,movie_info.info,benchmarks/job/../../data/job/movie_info__info.csv,job-csv,utf8,StdSearch,static,trigram,trigram,prefix_usa_200,USA:%200%,0,6674158,100000014,100000000,6674158,6674158,0,1,0,1990319999,3626250845,3121,1607924,28613442,30221366,935876,833915,294734,4.528116655314423,30.573967064012752,0.30221366,
job_movie_info_info,movie_info.info,benchmarks/job/../../data/job/movie_info__info.csv,job-csv,utf8,StdSearch,static,trigram,trigram,prefix_usa_200,USA:%200%,1,6674158,100000014,100000000,6674158,6674158,0,1,0,1990319999,3626250845,3121,1603159,29008350,30611509,935876,833915,294734,4.586572418573249,30.995933221922563,0.30611509,
job_movie_info_info,movie_info.info,benchmarks/job/../../data/job/movie_info__info.csv,job-csv,utf8,StdSearch,static,trigram,trigram,prefix_usa_200,USA:%200%,2,6674158,100000014,100000000,6674158,6674158,0,1,0,1990319999,3626250845,3121,1631856,28571506,30203362,935876,833915,294734,4.525419086572419,30.52915770892725,0.30203362,
job_movie_info_info,movie_info.info,benchmarks/job/../../data/job/movie_info__info.csv,job-csv,utf8,StdSearch,static,trigram,trigram,prefix_usa_200,USA:%200%,3,6674158,100000014,100000000,6674158,6674158,0,1,0,1990319999,3626250845,3121,1655065,28583394,30238459,935876,833915,294734,4.530677727437678,30.541860246442905,0.30238459,
job_movie_info_info,movie_info.info,benchmarks/job/../../data/job/movie_info__info.csv,job-csv,utf8,StdSearch,static,trigram,trigram,prefix_usa_200,USA:%200%,4,6674158,100000014,100000000,6674158,6674158,0,1,0,1990319999,3626250845,3121,1635126,28507926,30143052,935876,833915,294734,4.51638274071426,30.461221358385085,0.30143052,
job_movie_info_info,movie_info.info,benchmarks/job/../../data/job/movie_info__info.csv,job-csv,utf8,StdSearch,static,fm,fm,prefix_usa_2008,USA:%2008%,0,6674158,100000014,100000000,6674158,6674158,0,1,0,1990319999,281784236191,3902,2598707,5712608,8311315,135571,135355,45638,1.245297908739949,42.13738926466575,0.08311315,
job_movie_info_info,movie_info.info,benchmarks/job/../../data/job/movie_info__info.csv,job-csv,utf8,StdSearch,static,fm,fm,prefix_usa_2008,USA:%2008%,1,6674158,100000014,100000000,6674158,6674158,0,1,0,1990319999,281784236191,3902,2964765,5533290,8498055,135571,135355,45638,1.273277468109086,40.81470225933275,0.08498055,
job_movie_info_info,movie_info.info,benchmarks/job/../../data/job/movie_info__info.csv,job-csv,utf8,StdSearch,static,fm,fm,prefix_usa_2008,USA:%2008%,2,6674158,100000014,100000000,6674158,6674158,0,1,0,1990319999,281784236191,3902,2966110,5610784,8576894,135571,135355,45638,1.2850900443172009,41.38631418223662,0.08576894,
job_movie_info_info,movie_info.info,benchmarks/job/../../data/job/movie_info__info.csv,job-csv,utf8,StdSearch,static,fm,fm,prefix_usa_2008,USA:%2008%,3,6674158,100000014,100000000,6674158,6674158,0,1,0,1990319999,281784236191,3902,2721613,5479869,8201482,135571,135355,45638,1.2288414508616667,40.420657810298664,0.08201482,
job_movie_info_info,movie_info.info,benchmarks/job/../../data/job/movie_info__info.csv,job-csv,utf8,StdSearch,static,fm,fm,prefix_usa_2008,USA:%2008%,4,6674158,100000014,100000000,6674158,6674158,0,1,0,1990319999,281784236191,3902,2710878,5528581,8239459,135571,135355,45638,1.2345316068334014,40.77996769220556,0.08239459,
job_movie_info_info,movie_info.info,benchmarks/job/../../data/job/movie_info__info.csv,job-csv,utf8,StdSearch,static,full-scan,full-scan,prefix_usa_2008,USA:%2008%,0,6674158,100000014,100000000,6674158,6674158,0,1,0,1990319999,0,3902,461,75611536,75611997,6674158,4607775,45638,11.329069075080332,11.329000002696969,0.75611997,
job_movie_info_info,movie_info.info,benchmarks/job/../../data/job/movie_info__info.csv,job-csv,utf8,StdSearch,static,full-scan,full-scan,prefix_usa_2008,USA:%2008%,1,6674158,100000014,100000000,6674158,6674158,0,1,0,1990319999,0,3902,150,65332122,65332272,6674158,4607775,45638,9.788841079279214,9.788818604534086,0.65332272,
job_movie_info_info,movie_info.info,benchmarks/job/../../data/job/movie_info__info.csv,job-csv,utf8,StdSearch,static,full-scan,full-scan,prefix_usa_2008,USA:%2008%,2,6674158,100000014,100000000,6674158,6674158,0,1,0,1990319999,0,3902,120,59923548,59923668,6674158,4607775,45638,8.978461103258269,8.978443123462165,0.59923668,
job_movie_info_info,movie_info.info,benchmarks/job/../../data/job/movie_info__info.csv,job-csv,utf8,StdSearch,static,full-scan,full-scan,prefix_usa_2008,USA:%2008%,3,6674158,100000014,100000000,6674158,6674158,0,1,0,1990319999,0,3902,110,60547439,60547549,6674158,4607775,45638,9.071938213030018,9.071921731550256,0.60547549,
job_movie_info_info,movie_info.info,benchmarks/job/../../data/job/movie_info__info.csv,job-csv,utf8,StdSearch,static,full-scan,full-scan,prefix_usa_2008,USA:%2008%,4,6674158,100000014,100000000,6674158,6674158,0,1,0,1990319999,0,3902,101,60698552,60698653,6674158,4607775,45638,9.094578372283065,9.094563239288012,0.60698653,
job_movie_info_info,movie_info.info,benchmarks/job/../../data/job/movie_info__info.csv,job-csv,utf8,StdSearch,static,prefix-btree,prefix-btree,prefix_usa_2008,USA:%2008%,0,6674158,100000014,100000000,6674158,6674158,0,1,0,1990319999,1558029554,3902,12965649,25916954,38882603,935876,819018,45638,5.8258439491543355,27.692722112758528,0.38882603,
job_movie_info_info,movie_info.info,benchmarks/job/../../data/job/movie_info__info.csv,job-csv,utf8,StdSearch,static,prefix-btree,prefix-btree,prefix_usa_2008,USA:%2008%,1,6674158,100000014,100000000,6674158,6674158,0,1,0,1990319999,1558029554,3902,12862197,25884126,38746323,935876,819018,45638,5.80542489404656,27.6576448161936,0.38746323,
job_movie_info_info,movie_info.info,benchmarks/job/../../data/job/movie_info__info.csv,job-csv,utf8,StdSearch,static,prefix-btree,prefix-btree,prefix_usa_2008,USA:%2008%,2,6674158,100000014,100000000,6674158,6674158,0,1,0,1990319999,1558029554,3902,12878266,25633884,38512150,935876,819018,45638,5.7703383707727625,27.390256828896135,0.3851215,
job_movie_info_info,movie_info.info,benchmarks/job/../../data/job/movie_info__info.csv,job-csv,utf8,StdSearch,static,prefix-btree,prefix-btree,prefix_usa_2008,USA:%2008%,3,6674158,100000014,100000000,6674158,6674158,0,1,0,1990319999,1558029554,3902,13437113,31254527,44691640,935876,819018,45638,6.696221455949949,33.396012933337325,0.4469164,
job_movie_info_info,movie_info.info,benchmarks/job/../../data/job/movie_info__info.csv,job-csv,utf8,StdSearch,static,prefix-btree,prefix-btree,prefix_usa_2008,USA:%2008%,4,6674158,100000014,100000000,6674158,6674158,0,1,0,1990319999,1558029554,3902,14969289,26945520,41914809,935876,819018,45638,6.280164329343117,28.79176301133911,0.41914809,
job_movie_info_info,movie_info.info,benchmarks/job/../../data/job/movie_info__info.csv,job-csv,utf8,StdSearch,static,qgram,full-scan,prefix_usa_2008,USA:%2008%,0,6674158,100000014,100000000,6674158,6674158,0,1,0,1990319999,2909990269,3902,651,59604463,59605114,6674158,4607775,45638,8.930731636859662,8.930634096465802,0.59605114,literal-shorter-than-qgram
job_movie_info_info,movie_info.info,benchmarks/job/../../data/job/movie_info__info.csv,job-csv,utf8,StdSearch,static,qgram,full-scan,prefix_usa_2008,USA:%2008%,1,6674158,100000014,100000000,6674158,6674158,0,1,0,1990319999,2909990269,3902,101,59744681,59744782,6674158,4607775,45638,8.95165832154408,8.951643188549028,0.59744782,literal-shorter-than-qgram
job_movie_info_info,movie_info.info,benchmarks/job/../../data/job/movie_info__info.csv,job-csv,utf8,StdSearch,static,qgram,full-scan,prefix_usa_2008,USA:%2008%,2,6674158,100000014,100000000,6674158,6674158,0,1,0,1990319999,2909990269,3902,110,61233692,61233802,6674158,4607775,45638,9.174760621489632,9.17474414000987,0.61233802,literal-shorter-than-qgram
job_movie_info_info,movie_info.info,benchmarks/job/../../data/job/movie_info__info.csv,job-csv,utf8,StdSearch,static,qgram,full-scan,prefix_usa_2008,USA:%2008%,3,6674158,100000014,100000000,6674158,6674158,0,1,0,1990319999,2909990269,3902,100,61953708,61953808,6674158,4607775,45638,9.282640297098151,9.282625313934732,0.61953808,literal-shorter-than-qgram
job_movie_info_info,movie_info.info,benchmarks/job/../../data/job/movie_info__info.csv,job-csv,utf8,StdSearch,static,qgram,full-scan,prefix_usa_2008,USA:%2008%,4,6674158,100000014,100000000,6674158,6674158,0,1,0,1990319999,2909990269,3902,100,60523062,60523162,6674158,4607775,45638,9.068284268966961,9.068269285803543,0.60523162,literal-shorter-than-qgram
job_movie_info_info,movie_info.info,benchmarks/job/../../data/job/movie_info__info.csv,job-csv,utf8,StdSearch,static,trigram,trigram,prefix_usa_2008,USA:%2008%,0,6674158,100000014,100000000,6674158,6674158,0,1,0,1990319999,3626250845,3902,1150205,5621875,6772080,135572,135356,45638,1.0146718132834134,41.467817838491726,0.0677208,
job_movie_info_info,movie_info.info,benchmarks/job/../../data/job/movie_info__info.csv,job-csv,utf8,StdSearch,static,trigram,trigram,prefix_usa_2008,USA:%2008%,1,6674158,100000014,100000000,6674158,6674158,0,1,0,1990319999,3626250845,3902,1134451,5979611,7114062,135572,135356,45638,1.065911535207887,44.10653379753931,0.07114062,
job_movie_info_info,movie_info.info,benchmarks/job/../../data/job/movie_info__info.csv,job-csv,utf8,StdSearch,static,trigram,trigram,prefix_usa_2008,USA:%2008%,2,6674158,100000014,100000000,6674158,6674158,0,1,0,1990319999,3626250845,3902,1158648,6173452,7332100,135572,135356,45638,1.0985805250639855,45.536334936417546,0.073321,
job_movie_info_info,movie_info.info,benchmarks/job/../../data/job/movie_info__info.csv,job-csv,utf8,StdSearch,static,trigram,trigram,prefix_usa_2008,USA:%2008%,3,6674158,100000014,100000000,6674158,6674158,0,1,0,1990319999,3626250845,3902,1243625,5900471,7144096,135572,135356,45638,1.0704115785092292,43.522784940843245,0.07144096,
job_movie_info_info,movie_info.info,benchmarks/job/../../data/job/movie_info__info.csv,job-csv,utf8,StdSearch,static,trigram,trigram,prefix_usa_2008,USA:%2008%,4,6674158,100000014,100000000,6674158,6674158,0,1,0,1990319999,3626250845,3902,1203423,5415740,6619163,135572,135356,45638,0.9917600092775748,39.94733425781135,0.06619163,
job_movie_info_info,movie_info.info,benchmarks/job/../../data/job/movie_info__info.csv,job-csv,utf8,StdSearch,static,fm,fm,prefix_usa_201,USA:%201%,0,6674158,100000014,100000000,6674158,6674158,0,1,0,1990319999,281784236191,2246,19600143,29307903,48908046,935876,833915,227707,7.327972457349676,31.316010881783484,0.48908046,
job_movie_info_info,movie_info.info,benchmarks/job/../../data/job/movie_info__info.csv,job-csv,utf8,StdSearch,static,fm,fm,prefix_usa_201,USA:%201%,1,6674158,100000014,100000000,6674158,6674158,0,1,0,1990319999,281784236191,2246,20201269,29848370,50049639,935876,833915,227707,7.499019202122575,31.893509396543987,0.50049639,
job_movie_info_info,movie_info.info,benchmarks/job/../../data/job/movie_info__info.csv,job-csv,utf8,StdSearch,static,fm,fm,prefix_usa_201,USA:%201%,2,6674158,100000014,100000000,6674158,6674158,0,1,0,1990319999,281784236191,2246,21403779,28922951,50326730,935876,833915,227707,7.540536199472653,30.90468288533951,0.5032673,
job_movie_info_info,movie_info.info,benchmarks/job/../../data/job/movie_info__info.csv,job-csv,utf8,StdSearch,static,fm,fm,prefix_usa_201,USA:%201%,3,6674158,100000014,100000000,6674158,6674158,0,1,0,1990319999,281784236191,2246,19074641,27819224,46893865,935876,833915,227707,7.026184426559874,29.725331133611718,0.46893865,
job_movie_info_info,movie_info.info,benchmarks/job/../../data/job/movie_info__info.csv,job-csv,utf8,StdSearch,static,fm,fm,prefix_usa_201,USA:%201%,4,6674158,100000014,100000000,6674158,6674158,0,1,0,1990319999,281784236191,2246,19348733,28226150,47574883,935876,833915,227707,7.12822246641449,30.160138736328317,0.47574883,
job_movie_info_info,movie_info.info,benchmarks/job/../../data/job/movie_info__info.csv,job-csv,utf8,StdSearch,static,full-scan,full-scan,prefix_usa_201,USA:%201%,0,6674158,100000014,100000000,6674158,6674158,0,1,0,1990319999,0,2246,611,67534666,67535277,6674158,5402091,227707,10.11892091856381,10.118829371435318,0.67535277,
job_movie_info_info,movie_info.info,benchmarks/job/../../data/job/movie_info__info.csv,job-csv,utf8,StdSearch,static,full-scan,full-scan,prefix_usa_201,USA:%201%,1,6674158,100000014,100000000,6674158,6674158,0,1,0,1990319999,0,2246,100,67018512,67018612,6674158,5402091,227707,10.04150815728366,10.041493174120241,0.67018612,
job_movie_info_info,movie_info.info,benchmarks/job/../../data/job/movie_info__info.csv,job-csv,utf8,StdSearch,static,full-scan,full-scan,prefix_usa_201,USA:%201%,2,6674158,100000014,100000000,6674158,6674158,0,1,0,1990319999,0,2246,150,68404735,68404885,6674158,5402091,227707,10.24921570631082,10.24919323156569,0.68404885,
job_movie_info_info,movie_info.info,benchmarks/job/../../data/job/movie_info__info.csv,job-csv,utf8,StdSearch,static,full-scan,full-scan,prefix_usa_201,USA:%201%,3,6674158,100000014,100000000,6674158,6674158,0,1,0,1990319999,0,2246,161,69515770,69515931,6674158,5402091,227707,10.415685544154034,10.415661421260928,0.69515931,
job_movie_info_info,movie_info.info,benchmarks/job/../../data/job/movie_info__info.csv,job-csv,utf8,StdSearch,static,full-scan,full-scan,prefix_usa_201,USA:%201%,4,6674158,100000014,100000000,6674158,6674158,0,1,0,1990319999,0,2246,110,68568161,68568271,6674158,5402091,227707,10.27369609769502,10.27367961621526,0.68568271,
job_movie_info_info,movie_info.info,benchmarks/job/../../data/job/movie_info__info.csv,job-csv,utf8,StdSearch,static,prefix-btree,prefix-btree,prefix_usa_201,USA:%201%,0,6674158,100000014,100000000,6674158,6674158,0,1,0,1990319999,1558029554,2246,12684478,28316400,41000878,935876,833915,227707,6.143228554073787,30.25657245190602,0.41000878,
job_movie_info_info,movie_info.info,benchmarks/job/../../data/job/movie_info__info.csv,job-csv,utf8,StdSearch,static,prefix-btree,prefix-btree,prefix_usa_201,USA:%201%,1,6674158,100000014,100000000,6674158,6674158,0,1,0,1990319999,1558029554,2246,12992857,28810136,41802993,935876,833915,227707,6.263410755334231,30.78413806957332,0.41802993,
job_movie_info_info,movie_info.info,benchmarks/job/../../data/job/movie_info__info.csv,job-csv,utf8,StdSearch,static,prefix-btree,prefix-btree,prefix_usa_201,USA:%201%,2,6674158,100000014,100000000,6674158,6674158,0,1,0,1990319999,1558029554,2246,13416478,29241337,42657815,935876,833915,227707,6.391490132538067,31.24488393761567,0.42657815,
job_movie_info_info,movie_info.info,benchmarks/job/../../data/job/movie_info__info.csv,job-csv,utf8,StdSearch,static,prefix-btree,prefix-btree,prefix_usa_201,USA:%201%,3,6674158,100000014,100000000,6674158,6674158,0,1,0,1990319999,1558029554,2246,13368214,29190682,42558896,935876,833915,227707,6.3766689371153635,31.190758177365378,0.42558896,
job_movie_info_info,movie_info.info,benchmarks/job/../../data/job/movie_info__info.csv,job-csv,utf8,StdSearch,static,prefix-btree,prefix-btree,prefix_usa_201,USA:%201%,4,6674158,100000014,100000000,6674158,6674158,0,1,0,1990319999,1558029554,2246,13528133,28685610,42213743,935876,833915,227707,6.324954099078865,30.651079843910946,0.42213743,
job_movie_info_info,movie_info.info,benchmarks/job/../../data/job/movie_info__info.csv,job-csv,utf8,StdSearch,static,qgram,full-scan,prefix_usa_201,USA:%201%,0,6674158,100000014,100000000,6674158,6674158,0,1,0,1990319999,2909990269,2246,571,69086266,69086837,6674158,5402091,227707,10.35139368891177,10.351308135048646,0.69086837,literal-shorter-than-qgram
job_movie_info_info,movie_info.info,benchmarks/job/../../data/job/movie_info__info.csv,job-csv,utf8,StdSearch,static,qgram,full-scan,prefix_usa_201,USA:%201%,1,6674158,100000014,100000000,6674158,6674158,0,1,0,1990319999,2909990269,2246,110,68594756,68594866,6674158,5402091,227707,10.277680870006375,10.277664388526613,0.68594866,literal-shorter-than-qgram
job_movie_info_info,movie_info.info,benchmarks/job/../../data/job/movie_info__info.csv,job-csv,utf8,StdSearch,static,qgram,full-scan,prefix_usa_201,USA:%201%,2,6674158,100000014,100000000,6674158,6674158,0,1,0,1990319999,2909990269,2246,110,68524140,68524250,6674158,5402091,227707,10.267100359326225,10.267083877846463,0.6852425,literal-shorter-than-qgram
job_movie_info_info,movie_info.info,benchmarks/job/../../data/job/movie_info__info.csv,job-csv,utf8,StdSearch,static,qgram,full-scan,prefix_usa_201,USA:%201%,3,6674158,100000014,100000000,6674158,6674158,0,1,0,1990319999,2909990269,2246,100,67621718,67621818,6674158,5402091,227707,10.131887498018477,10.131872514855058,0.67621818,literal-shorter-than-qgram
job_movie_info_info,movie_info.info,benchmarks/job/../../data/job/movie_info__info.csv,job-csv,utf8,StdSearch,static,qgram,full-scan,prefix_usa_201,USA:%201%,4,6674158,100000014,100000000,6674158,6674158,0,1,0,1990319999,2909990269,2246,110,70067876,70067986,6674158,5402091,227707,10.498400846968261,10.498384365488501,0.70067986,literal-shorter-than-qgram
job_movie_info_info,movie_info.info,benchmarks/job/../../data/job/movie_info__info.csv,job-csv,utf8,StdSearch,static,trigram,trigram,prefix_usa_201,USA:%201%,0,6674158,100000014,100000000,6674158,6674158,0,1,0,1990319999,3626250845,2246,1894909,28833921,30728830,935876,833915,227707,4.604150815728366,30.809552761263244,0.3072883,
job_movie_info_info,movie_info.info,benchmarks/job/../../data/job/movie_info__info.csv,job-csv,utf8,StdSearch,static,trigram,trigram,prefix_usa_201,USA:%201%,1,6674158,100000014,100000000,6674158,6674158,0,1,0,1990319999,3626250845,2246,1901809,28985687,30887496,935876,833915,227707,4.627924001799178,30.97171740700691,0.30887496,
job_movie_info_info,movie_info.info,benchmarks/job/../../data/job/movie_info__info.csv,job-csv,utf8,StdSearch,static,trigram,trigram,prefix_usa_201,USA:%201%,2,6674158,100000014,100000000,6674158,6674158,0,1,0,1990319999,3626250845,2246,1787889,29022282,30810171,935876,833915,227707,4.616338270685231,31.01081980946194,0.30810171,
job_movie_info_info,movie_info.info,benchmarks/job/../../data/job/movie_info__info.csv,job-csv,utf8,StdSearch,static,trigram,trigram,prefix_usa_201,USA:%201%,3,6674158,100000014,100000000,6674158,6674158,0,1,0,1990319999,3626250845,2246,1491268,29270520,30761788,935876,833915,227707,4.609088966728088,31.276066487440644,0.30761788,
job_movie_info_info,movie_info.info,benchmarks/job/../../data/job/movie_info__info.csv,job-csv,utf8,StdSearch,static,trigram,trigram,prefix_usa_201,USA:%201%,4,6674158,100000014,100000000,6674158,6674158,0,1,0,1990319999,3626250845,2246,2169887,29712198,31882085,935876,833915,227707,4.776944897019219,31.748007214631,0.31882085,
job_movie_info_info,movie_info.info,benchmarks/job/../../data/job/movie_info__info.csv,job-csv,utf8,NaiveVectorizedV2,adaptive,fm,fm,prefix_japan_200,Japan:%200%,0,6674158,100000014,100000000,6674158,6674158,0,1,0,1990319999,281784236191,3034,2491886,5648482,8140368,130031,118510,54763,1.2196846403696167,43.43950288777292,0.08140368,
job_movie_info_info,movie_info.info,benchmarks/job/../../data/job/movie_info__info.csv,job-csv,utf8,NaiveVectorizedV2,adaptive,fm,fm,prefix_japan_200,Japan:%200%,1,6674158,100000014,100000000,6674158,6674158,0,1,0,1990319999,281784236191,3034,2619817,5365611,7985428,130031,118510,54763,1.1964697269678062,41.26409087063854,0.07985428,
job_movie_info_info,movie_info.info,benchmarks/job/../../data/job/movie_info__info.csv,job-csv,utf8,NaiveVectorizedV2,adaptive,fm,fm,prefix_japan_200,Japan:%200%,2,6674158,100000014,100000000,6674158,6674158,0,1,0,1990319999,281784236191,3034,2348875,5325582,7674457,130031,118510,54763,1.1498764338512812,40.95624889449439,0.07674457,
job_movie_info_info,movie_info.info,benchmarks/job/../../data/job/movie_info__info.csv,job-csv,utf8,NaiveVectorizedV2,adaptive,fm,fm,prefix_japan_200,Japan:%200%,3,6674158,100000014,100000000,6674158,6674158,0,1,0,1990319999,281784236191,3034,2479338,5375116,7854454,130031,118510,54763,1.176845678511057,41.33718882420346,0.07854454,
job_movie_info_info,movie_info.info,benchmarks/job/../../data/job/movie_info__info.csv,job-csv,utf8,NaiveVectorizedV2,adaptive,fm,fm,prefix_japan_200,Japan:%200%,4,6674158,100000014,100000000,6674158,6674158,0,1,0,1990319999,281784236191,3034,2512627,5409596,7922223,130031,118510,54763,1.1869996185286593,41.60235636117541,0.07922223,
job_movie_info_info,movie_info.info,benchmarks/job/../../data/job/movie_info__info.csv,job-csv,utf8,NaiveVectorizedV2,adaptive,full-scan,full-scan,prefix_japan_200,Japan:%200%,0,6674158,100000014,100000000,6674158,6674158,0,1,0,1990319999,0,3034,1191,44437729,44438920,6674158,4439405,54763,6.65835600535678,6.6581775558804575,0.4443892,
job_movie_info_info,movie_info.info,benchmarks/job/../../data/job/movie_info__info.csv,job-csv,utf8,NaiveVectorizedV2,adaptive,full-scan,full-scan,prefix_japan_200,Japan:%200%,1,6674158,100000014,100000000,6674158,6674158,0,1,0,1990319999,0,3034,101,44259016,44259117,6674158,4439405,54763,6.631415828034038,6.631400695038985,0.44259117,
job_movie_info_info,movie_info.info,benchmarks/job/../../data/job/movie_info__info.csv,job-csv,utf8,NaiveVectorizedV2,adaptive,full-scan,full-scan,prefix_japan_200,Japan:%200%,2,6674158,100000014,100000000,6674158,6674158,0,1,0,1990319999,0,3034,100,43699530,43699630,6674158,4439405,54763,6.5475869765144905,6.547571993351071,0.4369963,
job_movie_info_info,movie_info.info,benchmarks/job/../../data/job/movie_info__info.csv,job-csv,utf8,NaiveVectorizedV2,adaptive,full-scan,full-scan,prefix_japan_200,Japan:%200%,3,6674158,100000014,100000000,6674158,6674158,0,1,0,1990319999,0,3034,120,43158988,43159108,6674158,4439405,54763,6.4665996819374065,6.466581702141304,0.43159108,
job_movie_info_info,movie_info.info,benchmarks/job/../../data/job/movie_info__info.csv,job-csv,utf8,NaiveVectorizedV2,adaptive,full-scan,full-scan,prefix_japan_200,Japan:%200%,4,6674158,100000014,100000000,6674158,6674158,0,1,0,1990319999,0,3034,90,42679848,42679938,6674158,4439405,54763,6.3948048577813115,6.394791372934233,0.42679938,
job_movie_info_info,movie_info.info,benchmarks/job/../../data/job/movie_info__info.csv,job-csv,utf8,NaiveVectorizedV2,adaptive,prefix-btree,prefix-btree,prefix_japan_200,Japan:%200%,0,6674158,100000014,100000000,6674158,6674158,0,1,0,1990319999,1558029554,3034,2151985,5440548,7592533,130031,118510,54763,1.137601627051682,41.840391906545364,0.07592533,
job_movie_info_info,movie_info.info,benchmarks/job/../../data/job/movie_info__info.csv,job-csv,utf8,NaiveVectorizedV2,adaptive,prefix-btree,prefix-btree,prefix_japan_200,Japan:%200%,1,6674158,100000014,100000000,6674158,6674158,0,1,0,1990319999,1558029554,3034,2301890,5526299,7828189,130031,118510,54763,1.172910350638987,42.49985772623452,0.07828189,
job_movie_info_info,movie_info.info,benchmarks/job/../../data/job/movie_info__info.csv,job-csv,utf8,NaiveVectorizedV2,adaptive,prefix-btree,prefix-btree,prefix_japan_200,Japan:%200%,2,6674158,100000014,100000000,6674158,6674158,0,1,0,1990319999,1558029554,3034,2223849,5505732,7729581,130031,118510,54763,1.1581357528545173,42.34168775138236,0.07729581,
job_movie_info_info,movie_info.info,benchmarks/job/../../data/job/movie_info__info.csv,job-csv,utf8,NaiveVectorizedV2,adaptive,prefix-btree,prefix-btree,prefix_japan_200,Japan:%200%,3,6674158,100000014,100000000,6674158,6674158,0,1,0,1990319999,1558029554,3034,2581083,5567713,8148796,130031,118510,54763,1.2209474213825924,42.81835100860564,0.08148796,
job_movie_info_info,movie_info.info,benchmarks/job/../../data/job/movie_info__info.csv,job-csv,utf8,NaiveVectorizedV2,adaptive,prefix-btree,prefix-btree,prefix_japan_200,Japan:%200%,4,6674158,100000014,100000000,6674158,6674158,0,1,0,1990319999,1558029554,3034,2143465,5482572,7626037,130031,118510,54763,1.1426215861236728,42.16357637794064,0.07626037,
job_movie_info_info,movie_info.info,benchmarks/job/../../data/job/movie_info__info.csv,job-csv,utf8,NaiveVectorizedV2,adaptive,qgram,full-scan,prefix_japan_200,Japan:%200%,0,6674158,100000014,100000000,6674158,6674158,0,1,0,1990319999,2909990269,3034,891,45713697,45714588,6674158,4439405,54763,6.84949142648406,6.849357926497994,0.45714588,literal-shorter-than-qgram
job_movie_info_info,movie_info.info,benchmarks/job/../../data/job/movie_info__info.csv,job-csv,utf8,NaiveVectorizedV2,adaptive,qgram,full-scan,prefix_japan_200,Japan:%200%,1,6674158,100000014,100000000,6674158,6674158,0,1,0,1990319999,2909990269,3034,110,44419144,44419254,6674158,4439405,54763,6.655409416438748,6.655392934958987,0.44419254,literal-shorter-than-qgram
job_movie_info_info,movie_info.info,benchmarks/job/../../data/job/movie_info__info.csv,job-csv,utf8,NaiveVectorizedV2,adaptive,qgram,full-scan,prefix_japan_200,Japan:%200%,2,6674158,100000014,100000000,6674158,6674158,0,1,0,1990319999,2909990269,3034,110,45703735,45703845,6674158,4439405,54763,6.847881785237928,6.847865303758167,0.45703845,literal-shorter-than-qgram
job_movie_info_info,movie_info.info,benchmarks/job/../../data/job/movie_info__info.csv,job-csv,utf8,NaiveVectorizedV2,adaptive,qgram,full-scan,prefix_japan_200,Japan:%200%,3,6674158,100000014,100000000,6674158,6674158,0,1,0,1990319999,2909990269,3034,110,43261993,43262103,6674158,4439405,54763,6.482031591101079,6.482015109621319,0.43262103,literal-shorter-than-qgram
job_movie_info_info,movie_info.info,benchmarks/job/../../data/job/movie_info__info.csv,job-csv,utf8,NaiveVectorizedV2,adaptive,qgram,full-scan,prefix_japan_200,Japan:%200%,4,6674158,100000014,100000000,6674158,6674158,0,1,0,1990319999,2909990269,3034,120,45521557,45521677,6674158,4439405,54763,6.82058725610032,6.820569276304217,0.45521677,literal-shorter-than-qgram
job_movie_info_info,movie_info.info,benchmarks/job/../../data/job/movie_info__info.csv,job-csv,utf8,NaiveVectorizedV2,adaptive,trigram,trigram,prefix_japan_200,Japan:%200%,0,6674158,100000014,100000000,6674158,6674158,0,1,0,1990319999,3626250845,3034,508701,5596431,6105132,130031,118510,54763,0.9147419045218887,43.03920603548384,0.06105132,
job_movie_info_info,movie_info.info,benchmarks/job/../../data/job/movie_info__info.csv,job-csv,utf8,NaiveVectorizedV2,adaptive,trigram,trigram,prefix_japan_200,Japan:%200%,1,6674158,100000014,100000000,6674158,6674158,0,1,0,1990319999,3626250845,3034,521978,5623916,6145894,130031,118510,54763,0.9208493415948499,43.25057870815421,0.06145894,
job_movie_info_info,movie_info.info,benchmarks/job/../../data/job/movie_info__info.csv,job-csv,utf8,NaiveVectorizedV2,adaptive,trigram,trigram,prefix_japan_200,Japan:%200%,2,6674158,100000014,100000000,6674158,6674158,0,1,0,1990319999,3626250845,3034,530539,5439396,5969935,130031,118510,54763,0.894485117073944,41.831532480716135,0.05969935,
job_movie_info_info,movie_info.info,benchmarks/job/../../data/job/movie_info__info.csv,job-csv,utf8,NaiveVectorizedV2,adaptive,trigram,trigram,prefix_japan_200,Japan:%200%,3,6674158,100000014,100000000,6674158,6674158,0,1,0,1990319999,3626250845,3034,510243,5487709,5997952,130031,118510,54763,0.8986829499691197,42.203082341903084,0.05997952,
job_movie_info_info,movie_info.info,benchmarks/job/../../data/job/movie_info__info.csv,job-csv,utf8,NaiveVectorizedV2,adaptive,trigram,trigram,prefix_japan_200,Japan:%200%,4,6674158,100000014,100000000,6674158,6674158,0,1,0,1990319999,3626250845,3034,504655,5566662,6071317,130031,118510,54763,0.909675347811664,42.81026832063123,0.06071317,
job_movie_info_info,movie_info.info,benchmarks/job/../../data/job/movie_info__info.csv,job-csv,utf8,NaiveVectorizedV2,adaptive,fm,fm,prefix_japan_2007,Japan:%2007%,0,6674158,100000014,100000000,6674158,6674158,0,1,0,1990319999,281784236191,2473,2797604,5049780,7847384,130031,116066,8501,1.1757863688573151,38.83520083672355,0.07847384,
job_movie_info_info,movie_info.info,benchmarks/job/../../data/job/movie_info__info.csv,job-csv,utf8,NaiveVectorizedV2,adaptive,fm,fm,prefix_japan_2007,Japan:%2007%,1,6674158,100000014,100000000,6674158,6674158,0,1,0,1990319999,281784236191,2473,2679311,5008877,7688188,130031,116066,8501,1.1519337720203806,38.52063738646938,0.07688188,
job_movie_info_info,movie_info.info,benchmarks/job/../../data/job/movie_info__info.csv,job-csv,utf8,NaiveVectorizedV2,adaptive,fm,fm,prefix_japan_2007,Japan:%2007%,2,6674158,100000014,100000000,6674158,6674158,0,1,0,1990319999,281784236191,2473,2607999,4908516,7516515,130031,116066,8501,1.1262117258836246,37.7488137444148,0.07516515,
job_movie_info_info,movie_info.info,benchmarks/job/../../data/job/movie_info__info.csv,job-csv,utf8,NaiveVectorizedV2,adaptive,fm,fm,prefix_japan_2007,Japan:%2007%,3,6674158,100000014,100000000,6674158,6674158,0,1,0,1990319999,281784236191,2473,2525350,4884936,7410286,130031,116066,8501,1.1102952612149728,37.56747237197284,0.07410286,
job_movie_info_info,movie_info.info,benchmarks/job/../../data/job/movie_info__info.csv,job-csv,utf8,NaiveVectorizedV2,adaptive,fm,fm,prefix_japan_2007,Japan:%2007%,4,6674158,100000014,100000000,6674158,6674158,0,1,0,1990319999,281784236191,2473,2646958,4807305,7454263,130031,116066,8501,1.1168844069918633,36.97045319962163,0.07454263,
job_movie_info_info,movie_info.info,benchmarks/job/../../data/job/movie_info__info.csv,job-csv,utf8,NaiveVectorizedV2,adaptive,full-scan,full-scan,prefix_japan_2007,Japan:%2007%,0,6674158,100000014,100000000,6674158,6674158,0,1,0,1990319999,0,2473,711,39800456,39801167,6674158,3725759,8501,5.9634738943848795,5.963367364092969,0.39801167,
job_movie_info_info,movie_info.info,benchmarks/job/../../data/job/movie_info__info.csv,job-csv,utf8,NaiveVectorizedV2,adaptive,full-scan,full-scan,prefix_japan_2007,Japan:%2007%,1,6674158,100000014,100000000,6674158,6674158,0,1,0,1990319999,0,2473,120,39225738,39225858,6674158,3725759,8501,5.877274406749136,5.877256426953033,0.39225858,
job_movie_info_info,movie_info.info,benchmarks/job/../../data/job/movie_info__info.csv,job-csv,utf8,NaiveVectorizedV2,adaptive,full-scan,full-scan,prefix_japan_2007,Japan:%2007%,2,6674158,100000014,100000000,6674158,6674158,0,1,0,1990319999,0,2473,110,40269133,40269243,6674158,3725759,8501,6.033606486391242,6.033590004911481,0.40269243,
job_movie_info_info,movie_info.info,benchmarks/job/../../data/job/movie_info__info.csv,job-csv,utf8,NaiveVectorizedV2,adaptive,full-scan,full-scan,prefix_japan_2007,Japan:%2007%,3,6674158,100000014,100000000,6674158,6674158,0,1,0,1990319999,0,2473,150,39757909,39758059,6674158,3725759,8501,5.957014952298103,5.956992477552974,0.39758059,
job_movie_info_info,movie_info.info,benchmarks/job/../../data/job/movie_info__info.csv,job-csv,utf8,NaiveVectorizedV2,adaptive,full-scan,full-scan,prefix_japan_2007,Japan:%2007%,4,6674158,100000014,100000000,6674158,6674158,0,1,0,1990319999,0,2473,100,40364217,40364317,6674158,3725759,8501,6.047851579180475,6.0478365960170555,0.40364317,
job_movie_info_info,movie_info.info,benchmarks/job/../../data/job/movie_info__info.csv,job-csv,utf8,NaiveVectorizedV2,adaptive,prefix-btree,prefix-btree,prefix_japan_2007,Japan:%2007%,0,6674158,100000014,100000000,6674158,6674158,0,1,0,1990319999,1558029554,2473,2179131,4820091,6999222,130031,116066,8501,1.0487048703372022,37.06878359775746,0.06999222,
job_movie_info_info,movie_info.info,benchmarks/job/../../data/job/movie_info__info.csv,job-csv,utf8,NaiveVectorizedV2,adaptive,prefix-btree,prefix-btree,prefix_japan_2007,Japan:%2007%,1,6674158,100000014,100000000,6674158,6674158,0,1,0,1990319999,1558029554,2473,2195352,5042291,7237643,130031,116066,8501,1.0844278783930497,38.77760687835978,0.07237643,
job_movie_info_info,movie_info.info,benchmarks/job/../../data/job/movie_info__info.csv,job-csv,utf8,NaiveVectorizedV2,adaptive,prefix-btree,prefix-btree,prefix_japan_2007,Japan:%2007%,2,6674158,100000014,100000000,6674158,6674158,0,1,0,1990319999,1558029554,2473,2263761,4873020,7136781,130031,116066,8501,1.0693155601051099,37.47583268605179,0.07136781,
job_movie_info_info,movie_info.info,benchmarks/job/../../data/job/movie_info__info.csv,job-csv,utf8,NaiveVectorizedV2,adaptive,prefix-btree,prefix-btree,prefix_japan_2007,Japan:%2007%,3,6674158,100000014,100000000,6674158,6674158,0,1,0,1990319999,1558029554,2473,2217010,4996061,7213071,130031,116066,8501,1.0807462154776677,38.42207627411925,0.07213071,
job_movie_info_info,movie_info.info,benchmarks/job/../../data/job/movie_info__info.csv,job-csv,utf8,NaiveVectorizedV2,adaptive,prefix-btree,prefix-btree,prefix_japan_2007,Japan:%2007%,4,6674158,100000014,100000000,6674158,6674158,0,1,0,1990319999,1558029554,2473,2145728,4846806,6992534,130031,116066,8501,1.0477027963677217,37.27423460559405,0.06992534,
job_movie_info_info,movie_info.info,benchmarks/job/../../data/job/movie_info__info.csv,job-csv,utf8,NaiveVectorizedV2,adaptive,qgram,full-scan,prefix_japan_2007,Japan:%2007%,0,6674158,100000014,100000000,6674158,6674158,0,1,0,1990319999,2909990269,2473,561,39135901,39136462,6674158,3725759,8501,5.863880057978849,5.863796002432067,0.39136462,literal-shorter-than-qgram
job_movie_info_info,movie_info.info,benchmarks/job/../../data/job/movie_info__info.csv,job-csv,utf8,NaiveVectorizedV2,adaptive,qgram,full-scan,prefix_japan_2007,Japan:%2007%,1,6674158,100000014,100000000,6674158,6674158,0,1,0,1990319999,2909990269,2473,110,40381233,40381343,6674158,3725759,8501,6.050402612584239,6.050386131104478,0.40381343,literal-shorter-than-qgram
job_movie_info_info,movie_info.info,benchmarks/job/../../data/job/movie_info__info.csv,job-csv,utf8,NaiveVectorizedV2,adaptive,qgram,full-scan,prefix_japan_2007,Japan:%2007%,2,6674158,100000014,100000000,6674158,6674158,0,1,0,1990319999,2909990269,2473,110,40465797,40465907,6674158,3725759,8501,6.063072974898107,6.063056493418346,0.40465907,literal-shorter-than-qgram
job_movie_info_info,movie_info.info,benchmarks/job/../../data/job/movie_info__info.csv,job-csv,utf8,NaiveVectorizedV2,adaptive,qgram,full-scan,prefix_japan_2007,Japan:%2007%,3,6674158,100000014,100000000,6674158,6674158,0,1,0,1990319999,2909990269,2473,130,41196059,41196189,6674158,3725759,8501,6.17249232037959,6.172472842267144,0.41196189,literal-shorter-than-qgram
job_movie_info_info,movie_info.info,benchmarks/job/../../data/job/movie_info__info.csv,job-csv,utf8,NaiveVectorizedV2,adaptive,qgram,full-scan,prefix_japan_2007,Japan:%2007%,4,6674158,100000014,100000000,6674158,6674158,0,1,0,1990319999,2909990269,2473,110,39522000,39522110,6674158,3725759,8501,5.921662328041979,5.921645846562218,0.3952211,literal-shorter-than-qgram
job_movie_info_info,movie_info.info,benchmarks/job/../../data/job/movie_info__info.csv,job-csv,utf8,NaiveVectorizedV2,adaptive,trigram,trigram,prefix_japan_2007,Japan:%2007%,0,6674158,100000014,100000000,6674158,6674158,0,1,0,1990319999,3626250845,2473,510834,4765640,5276474,130031,116066,8501,0.7905827221950694,36.65002960832417,0.05276474,
job_movie_info_info,movie_info.info,benchmarks/job/../../data/job/movie_info__info.csv,job-csv,utf8,NaiveVectorizedV2,adaptive,trigram,trigram,prefix_japan_2007,Japan:%2007%,1,6674158,100000014,100000000,6674158,6674158,0,1,0,1990319999,3626250845,2473,612717,4953180,5565897,130031,116066,8501,0.833947443258011,38.09230106666872,0.05565897,
job_movie_info_info,movie_info.info,benchmarks/job/../../data/job/movie_info__info.csv,job-csv,utf8,NaiveVectorizedV2,adaptive,trigram,trigram,prefix_japan_2007,Japan:%2007%,2,6674158,100000014,100000000,6674158,6674158,0,1,0,1990319999,3626250845,2473,549286,4863019,5412305,130031,116066,8501,0.8109345028990923,37.398920257477066,0.05412305,
job_movie_info_info,movie_info.info,benchmarks/job/../../data/job/movie_info__info.csv,job-csv,utf8,NaiveVectorizedV2,adaptive,trigram,trigram,prefix_japan_2007,Japan:%2007%,3,6674158,100000014,100000000,6674158,6674158,0,1,0,1990319999,3626250845,2473,502614,4773688,5276302,130031,116066,8501,0.7905569511539883,36.711922541547786,0.05276302,
job_movie_info_info,movie_info.info,benchmarks/job/../../data/job/movie_info__info.csv,job-csv,utf8,NaiveVectorizedV2,adaptive,trigram,trigram,prefix_japan_2007,Japan:%2007%,4,6674158,100000014,100000000,6674158,6674158,0,1,0,1990319999,3626250845,2473,610615,4960318,5570933,130031,116066,8501,0.8347019953678052,38.14719566872515,0.05570933,
job_movie_info_info,movie_info.info,benchmarks/job/../../data/job/movie_info__info.csv,job-csv,utf8,NaiveVectorizedV2,adaptive,fm,fm,prefix_japan_201,Japan:%201%,0,6674158,100000014,100000000,6674158,6674158,0,1,0,1990319999,281784236191,2913,2649924,5152113,7802037,130031,118510,23878,1.1689919537415805,39.622190093131636,0.07802037,
job_movie_info_info,movie_info.info,benchmarks/job/../../data/job/movie_info__info.csv,job-csv,utf8,NaiveVectorizedV2,adaptive,fm,fm,prefix_japan_201,Japan:%201%,1,6674158,100000014,100000000,6674158,6674158,0,1,0,1990319999,281784236191,2913,2432210,5165238,7597448,130031,118510,23878,1.138338049533739,39.723127561889086,0.07597448,
job_movie_info_info,movie_info.info,benchmarks/job/../../data/job/movie_info__info.csv,job-csv,utf8,NaiveVectorizedV2,adaptive,fm,fm,prefix_japan_201,Japan:%201%,2,6674158,100000014,100000000,6674158,6674158,0,1,0,1990319999,281784236191,2913,2453765,5217356,7671121,130031,118510,23878,1.1493765955196147,40.12393967592343,0.07671121,
job_movie_info_info,movie_info.info,benchmarks/job/../../data/job/movie_info__info.csv,job-csv,utf8,NaiveVectorizedV2,adaptive,fm,fm,prefix_japan_201,Japan:%201%,3,6674158,100000014,100000000,6674158,6674158,0,1,0,1990319999,281784236191,2913,2480414,5088201,7568615,130031,118510,23878,1.1340179540250621,39.13067653098108,0.07568615,
job_movie_info_info,movie_info.info,benchmarks/job/../../data/job/movie_info__info.csv,job-csv,utf8,NaiveVectorizedV2,adaptive,fm,fm,prefix_japan_201,Japan:%201%,4,6674158,100000014,100000000,6674158,6674158,0,1,0,1990319999,281784236191,2913,2572948,5320101,7893049,130031,118510,23878,1.1826284304327228,40.91409740754128,0.07893049,
job_movie_info_info,movie_info.info,benchmarks/job/../../data/job/movie_info__info.csv,job-csv,utf8,NaiveVectorizedV2,adaptive,full-scan,full-scan,prefix_japan_201,Japan:%201%,0,6674158,100000014,100000000,6674158,6674158,0,1,0,1990319999,0,2913,721,43203772,43204493,6674158,4439405,23878,6.4733997906552405,6.473291762046988,0.43204493,
job_movie_info_info,movie_info.info,benchmarks/job/../../data/job/movie_info__info.csv,job-csv,utf8,NaiveVectorizedV2,adaptive,full-scan,full-scan,prefix_japan_201,Japan:%201%,1,6674158,100000014,100000000,6674158,6674158,0,1,0,1990319999,0,2913,100,58039144,58039244,6674158,4439405,23878,8.696114775826404,8.696099792662984,0.58039244,
job_movie_info_info,movie_info.info,benchmarks/job/../../data/job/movie_info__info.csv,job-csv,utf8,NaiveVectorizedV2,adaptive,full-scan,full-scan,prefix_japan_201,Japan:%201%,2,6674158,100000014,100000000,6674158,6674158,0,1,0,1990319999,0,2913,100,43597116,43597216,6674158,4439405,23878,6.5322421195302836,6.532227136366864,0.43597216,
job_movie_info_info,movie_info.info,benchmarks/job/../../data/job/movie_info__info.csv,job-csv,utf8,NaiveVectorizedV2,adaptive,full-scan,full-scan,prefix_japan_201,Japan:%201%,3,6674158,100000014,100000000,6674158,6674158,0,1,0,1990319999,0,2913,100,44159565,44159665,6674158,4439405,23878,6.61651477235031,6.616499789186891,0.44159665,
job_movie_info_info,movie_info.info,benchmarks/job/../../data/job/movie_info__info.csv,job-csv,utf8,NaiveVectorizedV2,adaptive,full-scan,full-scan,prefix_japan_201,Japan:%201%,4,6674158,100000014,100000000,6674158,6674158,0,1,0,1990319999,0,2913,110,43674162,43674272,6674158,4439405,23878,6.5437875459346335,6.543771064454872,0.43674272,
job_movie_info_info,movie_info.info,benchmarks/job/../../data/job/movie_info__info.csv,job-csv,utf8,NaiveVectorizedV2,adaptive,prefix-btree,prefix-btree,prefix_japan_201,Japan:%201%,0,6674158,100000014,100000000,6674158,6674158,0,1,0,1990319999,1558029554,2913,2101789,5231941,7333730,130031,118510,23878,1.0988247506277196,40.23610523644362,0.0733373,
job_movie_info_info,movie_info.info,benchmarks/job/../../data/job/movie_info__info.csv,job-csv,utf8,NaiveVectorizedV2,adaptive,prefix-btree,prefix-btree,prefix_japan_201,Japan:%201%,1,6674158,100000014,100000000,6674158,6674158,0,1,0,1990319999,1558029554,2913,2395919,5490412,7886331,130031,118510,23878,1.1816218615142164,42.223869692611764,0.07886331,
job_movie_info_info,movie_info.info,benchmarks/job/../../data/job/movie_info__info.csv,job-csv,utf8,NaiveVectorizedV2,adaptive,prefix-btree,prefix-btree,prefix_japan_201,Japan:%201%,2,6674158,100000014,100000000,6674158,6674158,0,1,0,1990319999,1558029554,2913,2172628,5356613,7529241,130031,118510,23878,1.1281184832603603,41.194891987295335,0.07529241,
job_movie_info_info,movie_info.info,benchmarks/job/../../data/job/movie_info__info.csv,job-csv,utf8,NaiveVectorizedV2,adaptive,prefix-btree,prefix-btree,prefix_japan_201,Japan:%201%,3,6674158,100000014,100000000,6674158,6674158,0,1,0,1990319999,1558029554,2913,2070344,5323985,7394329,130031,118510,23878,1.1079043978281604,40.943967207819675,0.07394329,
job_movie_info_info,movie_info.info,benchmarks/job/../../data/job/movie_info__info.csv,job-csv,utf8,NaiveVectorizedV2,adaptive,prefix-btree,prefix-btree,prefix_japan_201,Japan:%201%,4,6674158,100000014,100000000,6674158,6674158,0,1,0,1990319999,1558029554,2913,2088114,5229510,7317624,130031,118510,23878,1.0964115623274127,40.217409694611284,0.07317624,
job_movie_info_info,movie_info.info,benchmarks/job/../../data/job/movie_info__info.csv,job-csv,utf8,NaiveVectorizedV2,adaptive,qgram,full-scan,prefix_japan_201,Japan:%201%,0,6674158,100000014,100000000,6674158,6674158,0,1,0,1990319999,2909990269,2913,991,43617609,43618600,6674158,4439405,23878,6.53544611919586,6.535297636046375,0.436186,literal-shorter-than-qgram
job_movie_info_info,movie_info.info,benchmarks/job/../../data/job/movie_info__info.csv,job-csv,utf8,NaiveVectorizedV2,adaptive,qgram,full-scan,prefix_japan_201,Japan:%201%,1,6674158,100000014,100000000,6674158,6674158,0,1,0,1990319999,2909990269,2913,100,43617227,43617327,6674158,4439405,23878,6.5352553835255325,6.535240400362113,0.43617327,literal-shorter-than-qgram
job_movie_info_info,movie_info.info,benchmarks/job/../../data/job/movie_info__info.csv,job-csv,utf8,NaiveVectorizedV2,adaptive,qgram,full-scan,prefix_japan_201,Japan:%201%,2,6674158,100000014,100000000,6674158,6674158,0,1,0,1990319999,2909990269,2913,110,44473878,44473988,6674158,4439405,23878,6.663610301104649,6.663593819624888,0.44473988,literal-shorter-than-qgram
job_movie_info_info,movie_info.info,benchmarks/job/../../data/job/movie_info__info.csv,job-csv,utf8,NaiveVectorizedV2,adaptive,qgram,full-scan,prefix_japan_201,Japan:%201%,3,6674158,100000014,100000000,6674158,6674158,0,1,0,1990319999,2909990269,2913,110,43381131,43381241,6674158,4439405,23878,6.4998822323355245,6.499865750855763,0.43381241,literal-shorter-than-qgram
job_movie_info_info,movie_info.info,benchmarks/job/../../data/job/movie_info__info.csv,job-csv,utf8,NaiveVectorizedV2,adaptive,qgram,full-scan,prefix_japan_201,Japan:%201%,4,6674158,100000014,100000000,6674158,6674158,0,1,0,1990319999,2909990269,2913,100,43268525,43268625,6674158,4439405,23878,6.483008793019284,6.482993809855865,0.43268625,literal-shorter-than-qgram
job_movie_info_info,movie_info.info,benchmarks/job/../../data/job/movie_info__info.csv,job-csv,utf8,NaiveVectorizedV2,adaptive,trigram,trigram,prefix_japan_201,Japan:%201%,0,6674158,100000014,100000000,6674158,6674158,0,1,0,1990319999,3626250845,2913,510833,5253547,5764380,130031,118510,23878,0.8636864755074722,40.402265613584454,0.0576438,
job_movie_info_info,movie_info.info,benchmarks/job/../../data/job/movie_info__info.csv,job-csv,utf8,NaiveVectorizedV2,adaptive,trigram,trigram,prefix_japan_201,Japan:%201%,1,6674158,100000014,100000000,6674158,6674158,0,1,0,1990319999,3626250845,2913,492253,5007611,5499864,130031,118510,23878,0.8240536109573672,38.51090124662581,0.05499864,
job_movie_info_info,movie_info.info,benchmarks/job/../../data/job/movie_info__info.csv,job-csv,utf8,NaiveVectorizedV2,adaptive,trigram,trigram,prefix_japan_201,Japan:%201%,2,6674158,100000014,100000000,6674158,6674158,0,1,0,1990319999,3626250845,2913,526521,5120127,5646648,130031,118510,23878,0.8460464975507023,39.37620259784205,0.05646648,
job_movie_info_info,movie_info.info,benchmarks/job/../../data/job/movie_info__info.csv,job-csv,utf8,NaiveVectorizedV2,adaptive,trigram,trigram,prefix_japan_201,Japan:%201%,3,6674158,100000014,100000000,6674158,6674158,0,1,0,1990319999,3626250845,2913,478958,5084978,5563936,130031,118510,23878,0.8336536234233591,39.10589013389115,0.05563936,
job_movie_info_info,movie_info.info,benchmarks/job/../../data/job/movie_info__info.csv,job-csv,utf8,NaiveVectorizedV2,adaptive,trigram,trigram,prefix_japan_201,Japan:%201%,4,6674158,100000014,100000000,6674158,6674158,0,1,0,1990319999,3626250845,2913,489520,5222303,5711823,130031,118510,23878,0.8558117743092087,40.161984449861954,0.05711823,
job_movie_info_info,movie_info.info,benchmarks/job/../../data/job/movie_info__info.csv,job-csv,utf8,NaiveVectorizedV2,adaptive,fm,fm,prefix_usa_space_199,USA:% 199%,0,6674158,100000014,100000000,6674158,6674158,0,1,0,1990319999,281784236191,2823,5424399,6867097,12291496,263414,263414,78136,1.8416549323525155,26.06959766754994,0.12291496,
job_movie_info_info,movie_info.info,benchmarks/job/../../data/job/movie_info__info.csv,job-csv,utf8,NaiveVectorizedV2,adaptive,fm,fm,prefix_usa_space_199,USA:% 199%,1,6674158,100000014,100000000,6674158,6674158,0,1,0,1990319999,281784236191,2823,5079992,7236502,12316494,263414,263414,78136,1.8454004235440635,27.471971876969334,0.12316494,
job_movie_info_info,movie_info.info,benchmarks/job/../../data/job/movie_info__info.csv,job-csv,utf8,NaiveVectorizedV2,adaptive,fm,fm,prefix_usa_space_199,USA:% 199%,2,6674158,100000014,100000000,6674158,6674158,0,1,0,1990319999,281784236191,2823,5956305,7544709,13501014,263414,263414,78136,2.0228789908779503,28.64201978634393,0.13501014,
job_movie_info_info,movie_info.info,benchmarks/job/../../data/job/movie_info__info.csv,job-csv,utf8,NaiveVectorizedV2,adaptive,fm,fm,prefix_usa_space_199,USA:% 199%,3,6674158,100000014,100000000,6674158,6674158,0,1,0,1990319999,281784236191,2823,5415497,7206168,12621665,263414,263414,78136,1.8911246931822712,27.356814747887356,0.12621665,
job_movie_info_info,movie_info.info,benchmarks/job/../../data/job/movie_info__info.csv,job-csv,utf8,NaiveVectorizedV2,adaptive,fm,fm,prefix_usa_space_199,USA:% 199%,4,6674158,100000014,100000000,6674158,6674158,0,1,0,1990319999,281784236191,2823,5610557,6949871,12560428,263414,263414,78136,1.8819494533992154,26.383833053672166,0.12560428,
job_movie_info_info,movie_info.info,benchmarks/job/../../data/job/movie_info__info.csv,job-csv,utf8,NaiveVectorizedV2,adaptive,full-scan,full-scan,prefix_usa_space_199,USA:% 199%,0,6674158,100000014,100000000,6674158,6674158,0,1,0,1990319999,0,2823,801,58104892,58105693,6674158,4607775,78136,8.706070938086873,8.705950922947883,0.58105693,
job_movie_info_info,movie_info.info,benchmarks/job/../../data/job/movie_info__info.csv,job-csv,utf8,NaiveVectorizedV2,adaptive,full-scan,full-scan,prefix_usa_space_199,USA:% 199%,1,6674158,100000014,100000000,6674158,6674158,0,1,0,1990319999,0,2823,100,58319364,58319464,6674158,4607775,78136,8.738100596359871,8.738085613196452,0.58319464,
job_movie_info_info,movie_info.info,benchmarks/job/../../data/job/movie_info__info.csv,job-csv,utf8,NaiveVectorizedV2,adaptive,full-scan,full-scan,prefix_usa_space_199,USA:% 199%,2,6674158,100000014,100000000,6674158,6674158,0,1,0,1990319999,0,2823,150,59271616,59271766,6674158,4607775,78136,8.880785561264807,8.880763086519678,0.59271766,
job_movie_info_info,movie_info.info,benchmarks/job/../../data/job/movie_info__info.csv,job-csv,utf8,NaiveVectorizedV2,adaptive,full-scan,full-scan,prefix_usa_space_199,USA:% 199%,3,6674158,100000014,100000000,6674158,6674158,0,1,0,1990319999,0,2823,110,57328918,57329028,6674158,4607775,78136,8.58970195191663,8.58968547043687,0.57329028,
job_movie_info_info,movie_info.info,benchmarks/job/../../data/job/movie_info__info.csv,job-csv,utf8,NaiveVectorizedV2,adaptive,full-scan,full-scan,prefix_usa_space_199,USA:% 199%,4,6674158,100000014,100000000,6674158,6674158,0,1,0,1990319999,0,2823,100,57367284,57367384,6674158,4607775,78136,8.595448894077725,8.595433910914306,0.57367384,
job_movie_info_info,movie_info.info,benchmarks/job/../../data/job/movie_info__info.csv,job-csv,utf8,NaiveVectorizedV2,adaptive,prefix-btree,prefix-btree,prefix_usa_space_199,USA:% 199%,0,6674158,100000014,100000000,6674158,6674158,0,1,0,1990319999,1558029554,2823,14458063,23172850,37630913,935876,819018,78136,5.6383011909517275,24.760598626313744,0.37630913,
job_movie_info_info,movie_info.info,benchmarks/job/../../data/job/movie_info__info.csv,job-csv,utf8,NaiveVectorizedV2,adaptive,prefix-btree,prefix-btree,prefix_usa_space_199,USA:% 199%,1,6674158,100000014,100000000,6674158,6674158,0,1,0,1990319999,1558029554,2823,13593065,22063258,35656323,935876,819018,78136,5.342445144391248,23.574980018720428,0.35656323,
job_movie_info_info,movie_info.info,benchmarks/job/../../data/job/movie_info__info.csv,job-csv,utf8,NaiveVectorizedV2,adaptive,prefix-btree,prefix-btree,prefix_usa_space_199,USA:% 199%,2,6674158,100000014,100000000,6674158,6674158,0,1,0,1990319999,1558029554,2823,13616297,22037564,35653861,935876,819018,78136,5.342076258907865,23.54752552688604,0.35653861,
job_movie_info_info,movie_info.info,benchmarks/job/../../data/job/movie_info__info.csv,job-csv,utf8,NaiveVectorizedV2,adaptive,prefix-btree,prefix-btree,prefix_usa_space_199,USA:% 199%,3,6674158,100000014,100000000,6674158,6674158,0,1,0,1990319999,1558029554,2823,15031812,22775438,37807250,935876,819018,78136,5.664722051830358,24.335956900273114,0.3780725,
job_movie_info_info,movie_info.info,benchmarks/job/../../data/job/movie_info__info.csv,job-csv,utf8,NaiveVectorizedV2,adaptive,prefix-btree,prefix-btree,prefix_usa_space_199,USA:% 199%,4,6674158,100000014,100000000,6674158,6674158,0,1,0,1990319999,1558029554,2823,13757142,21901152,35658294,935876,819018,78136,5.342740462542241,23.40176690074326,0.35658294,
job_movie_info_info,movie_info.info,benchmarks/job/../../data/job/movie_info__info.csv,job-csv,utf8,NaiveVectorizedV2,adaptive,qgram,full-scan,prefix_usa_space_199,USA:% 199%,0,6674158,100000014,100000000,6674158,6674158,0,1,0,1990319999,2909990269,2823,540,57455779,57456319,6674158,4607775,78136,8.608774170464649,8.608693261382184,0.57456319,literal-shorter-than-qgram
job_movie_info_info,movie_info.info,benchmarks/job/../../data/job/movie_info__info.csv,job-csv,utf8,NaiveVectorizedV2,adaptive,qgram,full-scan,prefix_usa_space_199,USA:% 199%,1,6674158,100000014,100000000,6674158,6674158,0,1,0,1990319999,2909990269,2823,100,58569455,58569555,6674158,4607775,78136,8.775572139586746,8.775557156423327,0.58569555,literal-shorter-than-qgram
job_movie_info_info,movie_info.info,benchmarks/job/../../data/job/movie_info__info.csv,job-csv,utf8,NaiveVectorizedV2,adaptive,qgram,full-scan,prefix_usa_space_199,USA:% 199%,2,6674158,100000014,100000000,6674158,6674158,0,1,0,1990319999,2909990269,2823,110,58183675,58183785,6674158,4607775,78136,8.717771590064245,8.717755108584484,0.58183785,literal-shorter-than-qgram
job_movie_info_info,movie_info.info,benchmarks/job/../../data/job/movie_info__info.csv,job-csv,utf8,NaiveVectorizedV2,adaptive,qgram,full-scan,prefix_usa_space_199,USA:% 199%,3,6674158,100000014,100000000,6674158,6674158,0,1,0,1990319999,2909990269,2823,160,57375654,57375814,6674158,4607775,78136,8.596711974753969,8.596688001692499,0.57375814,literal-shorter-than-qgram
job_movie_info_info,movie_info.info,benchmarks/job/../../data/job/movie_info__info.csv,job-csv,utf8,NaiveVectorizedV2,adaptive,qgram,full-scan,prefix_usa_space_199,USA:% 199%,4,6674158,100000014,100000000,6674158,6674158,0,1,0,1990319999,2909990269,2823,190,57977287,57977477,6674158,4607775,78136,8.686860125277226,8.68683165726673,0.57977477,literal-shorter-than-qgram
job_movie_info_info,movie_info.info,benchmarks/job/../../data/job/movie_info__info.csv,job-csv,utf8,NaiveVectorizedV2,adaptive,trigram,trigram,prefix_usa_space_199,USA:% 199%,0,6674158,100000014,100000000,6674158,6674158,0,1,0,1990319999,3626250845,2823,1107930,6838543,7946473,263414,263414,78136,1.1906330356578312,25.961197962143242,0.07946473,
job_movie_info_info,movie_info.info,benchmarks/job/../../data/job/movie_info__info.csv,job-csv,utf8,NaiveVectorizedV2,adaptive,trigram,trigram,prefix_usa_space_199,USA:% 199%,1,6674158,100000014,100000000,6674158,6674158,0,1,0,1990319999,3626250845,2823,1066971,6956346,8023317,263414,263414,78136,1.2021466977557318,26.408414131367355,0.08023317,
job_movie_info_info,movie_info.info,benchmarks/job/../../data/job/movie_info__info.csv,job-csv,utf8,NaiveVectorizedV2,adaptive,trigram,trigram,prefix_usa_space_199,USA:% 199%,2,6674158,100000014,100000000,6674158,6674158,0,1,0,1990319999,3626250845,2823,1091875,6686086,7777961,263414,263414,78136,1.1653846073167582,25.382424624355576,0.07777961,
job_movie_info_info,movie_info.info,benchmarks/job/../../data/job/movie_info__info.csv,job-csv,utf8,NaiveVectorizedV2,adaptive,trigram,trigram,prefix_usa_space_199,USA:% 199%,3,6674158,100000014,100000000,6674158,6674158,0,1,0,1990319999,3626250845,2823,1074037,7053568,8127605,263414,263414,78136,1.2177723392224158,26.777498538422407,0.08127605,
job_movie_info_info,movie_info.info,benchmarks/job/../../data/job/movie_info__info.csv,job-csv,utf8,NaiveVectorizedV2,adaptive,trigram,trigram,prefix_usa_space_199,USA:% 199%,4,6674158,100000014,100000000,6674158,6674158,0,1,0,1990319999,3626250845,2823,1113025,7073528,8186553,263414,263414,78136,1.2266046143948046,26.853272794915988,0.08186553,
job_movie_info_info,movie_info.info,benchmarks/job/../../data/job/movie_info__info.csv,job-csv,utf8,NaiveVectorizedV2,adaptive,fm,fm,prefix_usa_space_200,USA:% 200%,0,6674158,100000014,100000000,6674158,6674158,0,1,0,1990319999,281784236191,2872,18358703,16371805,34730508,885461,885461,268914,5.203728769981172,18.489583392153918,0.34730508,
job_movie_info_info,movie_info.info,benchmarks/job/../../data/job/movie_info__info.csv,job-csv,utf8,NaiveVectorizedV2,adaptive,fm,fm,prefix_usa_space_200,USA:% 200%,1,6674158,100000014,100000000,6674158,6674158,0,1,0,1990319999,281784236191,2872,17573161,15993766,33566927,885461,885461,268914,5.029387527235645,18.062643075189083,0.33566927,
job_movie_info_info,movie_info.info,benchmarks/job/../../data/job/movie_info__info.csv,job-csv,utf8,NaiveVectorizedV2,adaptive,fm,fm,prefix_usa_space_200,USA:% 200%,2,6674158,100000014,100000000,6674158,6674158,0,1,0,1990319999,281784236191,2872,18226775,15846288,34073063,885461,885461,268914,5.105222711239381,17.89608802646305,0.34073063,
job_movie_info_info,movie_info.info,benchmarks/job/../../data/job/movie_info__info.csv,job-csv,utf8,NaiveVectorizedV2,adaptive,fm,fm,prefix_usa_space_200,USA:% 200%,3,6674158,100000014,100000000,6674158,6674158,0,1,0,1990319999,281784236191,2872,18482150,15707657,34189807,885461,885461,268914,5.122714655541568,17.739524383343817,0.34189807,
job_movie_info_info,movie_info.info,benchmarks/job/../../data/job/movie_info__info.csv,job-csv,utf8,NaiveVectorizedV2,adaptive,fm,fm,prefix_usa_space_200,USA:% 200%,4,6674158,100000014,100000000,6674158,6674158,0,1,0,1990319999,281784236191,2872,18195370,15738271,33933641,885461,885461,268914,5.084332885136972,17.77409846396397,0.33933641,
job_movie_info_info,movie_info.info,benchmarks/job/../../data/job/movie_info__info.csv,job-csv,utf8,NaiveVectorizedV2,adaptive,full-scan,full-scan,prefix_usa_space_200,USA:% 200%,0,6674158,100000014,100000000,6674158,6674158,0,1,0,1990319999,0,2872,1141,60715161,60716302,6674158,4607775,268914,9.097222750794932,9.097051792900318,0.60716302,
job_movie_info_info,movie_info.info,benchmarks/job/../../data/job/movie_info__info.csv,job-csv,utf8,NaiveVectorizedV2,adaptive,full-scan,full-scan,prefix_usa_space_200,USA:% 200%,1,6674158,100000014,100000000,6674158,6674158,0,1,0,1990319999,0,2872,160,60225960,60226120,6674158,4607775,268914,9.023777980683107,9.023754007621635,0.6022612,
job_movie_info_info,movie_info.info,benchmarks/job/../../data/job/movie_info__info.csv,job-csv,utf8,NaiveVectorizedV2,adaptive,full-scan,full-scan,prefix_usa_space_200,USA:% 200%,2,6674158,100000014,100000000,6674158,6674158,0,1,0,1990319999,0,2872,110,59756603,59756713,6674158,4607775,268914,8.953445962771633,8.953429481291872,0.59756713,
job_movie_info_info,movie_info.info,benchmarks/job/../../data/job/movie_info__info.csv,job-csv,utf8,NaiveVectorizedV2,adaptive,full-scan,full-scan,prefix_usa_space_200,USA:% 200%,3,6674158,100000014,100000000,6674158,6674158,0,1,0,1990319999,0,2872,100,59383874,59383974,6674158,4607775,268914,8.897597869274296,8.897582886110877,0.59383974,
job_movie_info_info,movie_info.info,benchmarks/job/../../data/job/movie_info__info.csv,job-csv,utf8,NaiveVectorizedV2,adaptive,full-scan,full-scan,prefix_usa_space_200,USA:% 200%,4,6674158,100000014,100000000,6674158,6674158,0,1,0,1990319999,0,2872,110,60299538,60299648,6674158,4607775,268914,9.034794801082024,9.034778319602262,0.60299648,
job_movie_info_info,movie_info.info,benchmarks/job/../../data/job/movie_info__info.csv,job-csv,utf8,NaiveVectorizedV2,adaptive,prefix-btree,prefix-btree,prefix_usa_space_200,USA:% 200%,0,6674158,100000014,100000000,6674158,6674158,0,1,0,1990319999,1558029554,2872,13545284,23669146,37214430,935876,819018,268914,5.575898862448267,25.29089964909881,0.3721443,
job_movie_info_info,movie_info.info,benchmarks/job/../../data/job/movie_info__info.csv,job-csv,utf8,NaiveVectorizedV2,adaptive,prefix-btree,prefix-btree,prefix_usa_space_200,USA:% 200%,1,6674158,100000014,100000000,6674158,6674158,0,1,0,1990319999,1558029554,2872,13235377,23220886,36456263,935876,819018,268914,5.462301461847322,24.811925938906437,0.36456263,
job_movie_info_info,movie_info.info,benchmarks/job/../../data/job/movie_info__info.csv,job-csv,utf8,NaiveVectorizedV2,adaptive,prefix-btree,prefix-btree,prefix_usa_space_200,USA:% 200%,2,6674158,100000014,100000000,6674158,6674158,0,1,0,1990319999,1558029554,2872,13247736,23595268,36843004,935876,819018,268914,5.520247497886625,25.211959704063357,0.36843004,
job_movie_info_info,movie_info.info,benchmarks/job/../../data/job/movie_info__info.csv,job-csv,utf8,NaiveVectorizedV2,adaptive,prefix-btree,prefix-btree,prefix_usa_space_200,USA:% 200%,3,6674158,100000014,100000000,6674158,6674158,0,1,0,1990319999,1558029554,2872,12903299,22930835,35834134,935876,819018,268914,5.3690868570986785,24.502001333509995,0.35834134,
job_movie_info_info,movie_info.info,benchmarks/job/../../data/job/movie_info__info.csv,job-csv,utf8,NaiveVectorizedV2,adaptive,prefix-btree,prefix-btree,prefix_usa_space_200,USA:% 200%,4,6674158,100000014,100000000,6674158,6674158,0,1,0,1990319999,1558029554,2872,13095191,24156427,37251618,935876,819018,268914,5.581470801260624,25.811567985502354,0.37251618,
job_movie_info_info,movie_info.info,benchmarks/job/../../data/job/movie_info__info.csv,job-csv,utf8,NaiveVectorizedV2,adaptive,qgram,full-scan,prefix_usa_space_200,USA:% 200%,0,6674158,100000014,100000000,6674158,6674158,0,1,0,1990319999,2909990269,2872,540,58936977,58937517,6674158,4607775,268914,8.830704487367544,8.830623578285081,0.58937517,literal-shorter-than-qgram
job_movie_info_info,movie_info.info,benchmarks/job/../../data/job/movie_info__info.csv,job-csv,utf8,NaiveVectorizedV2,adaptive,qgram,full-scan,prefix_usa_space_200,USA:% 200%,1,6674158,100000014,100000000,6674158,6674158,0,1,0,1990319999,2909990269,2872,110,60175299,60175409,6674158,4607775,268914,9.016179868681563,9.016163387201802,0.60175409,literal-shorter-than-qgram
job_movie_info_info,movie_info.info,benchmarks/job/../../data/job/movie_info__info.csv,job-csv,utf8,NaiveVectorizedV2,adaptive,qgram,full-scan,prefix_usa_space_200,USA:% 200%,2,6674158,100000014,100000000,6674158,6674158,0,1,0,1990319999,2909990269,2872,110,60129402,60129512,6674158,4607775,268914,9.009303046167021,9.009286564687262,0.60129512,literal-shorter-than-qgram
job_movie_info_info,movie_info.info,benchmarks/job/../../data/job/movie_info__info.csv,job-csv,utf8,NaiveVectorizedV2,adaptive,qgram,full-scan,prefix_usa_space_200,USA:% 200%,3,6674158,100000014,100000000,6674158,6674158,0,1,0,1990319999,2909990269,2872,110,60986109,60986219,6674158,4607775,268914,9.137664856001312,9.13764837452155,0.60986219,literal-shorter-than-qgram
job_movie_info_info,movie_info.info,benchmarks/job/../../data/job/movie_info__info.csv,job-csv,utf8,NaiveVectorizedV2,adaptive,qgram,full-scan,prefix_usa_space_200,USA:% 200%,4,6674158,100000014,100000000,6674158,6674158,0,1,0,1990319999,2909990269,2872,110,76239300,76239410,6674158,4607775,268914,11.42307539018405,11.42305890870429,0.7623941,literal-shorter-than-qgram
job_movie_info_info,movie_info.info,benchmarks/job/../../data/job/movie_info__info.csv,job-csv,utf8,NaiveVectorizedV2,adaptive,trigram,trigram,prefix_usa_space_200,USA:% 200%,0,6674158,100000014,100000000,6674158,6674158,0,1,0,1990319999,3626250845,2872,2956328,15684051,18640379,885461,885461,268914,2.7929184475404987,17.712864824085983,0.18640379,
job_movie_info_info,movie_info.info,benchmarks/job/../../data/job/movie_info__info.csv,job-csv,utf8,NaiveVectorizedV2,adaptive,trigram,trigram,prefix_usa_space_200,USA:% 200%,1,6674158,100000014,100000000,6674158,6674158,0,1,0,1990319999,3626250845,2872,2724318,15794734,18519052,885461,885461,268914,2.774739824858806,17.83786524759419,0.18519052,
job_movie_info_info,movie_info.info,benchmarks/job/../../data/job/movie_info__info.csv,job-csv,utf8,NaiveVectorizedV2,adaptive,trigram,trigram,prefix_usa_space_200,USA:% 200%,2,6674158,100000014,100000000,6674158,6674158,0,1,0,1990319999,3626250845,2872,2679866,15758451,18438317,885461,885461,268914,2.762643167872262,17.796888852247587,0.18438317,
job_movie_info_info,movie_info.info,benchmarks/job/../../data/job/movie_info__info.csv,job-csv,utf8,NaiveVectorizedV2,adaptive,trigram,trigram,prefix_usa_space_200,USA:% 200%,3,6674158,100000014,100000000,6674158,6674158,0,1,0,1990319999,3626250845,2872,2758549,15801589,18560138,885461,885461,268914,2.7808958073812455,17.845606977608274,0.18560138,
job_movie_info_info,movie_info.info,benchmarks/job/../../data/job/movie_info__info.csv,job-csv,utf8,NaiveVectorizedV2,adaptive,trigram,trigram,prefix_usa_space_200,USA:% 200%,4,6674158,100000014,100000000,6674158,6674158,0,1,0,1990319999,3626250845,2872,2782214,16298406,19080620,885461,885461,268914,2.8588804760091087,18.40668984856476,0.1908062,
job_movie_info_info,movie_info.info,benchmarks/job/../../data/job/movie_info__info.csv,job-csv,utf8,NaiveVectorizedV2,adaptive,fm,fm,prefix_usa_200,USA:%200%,0,6674158,100000014,100000000,6674158,6674158,0,1,0,1990319999,281784236191,2251,20101237,24990383,45091620,935876,833915,294734,6.756151112994329,26.702664669251053,0.4509162,
job_movie_info_info,movie_info.info,benchmarks/job/../../data/job/movie_info__info.csv,job-csv,utf8,NaiveVectorizedV2,adaptive,fm,fm,prefix_usa_200,USA:%200%,1,6674158,100000014,100000000,6674158,6674158,0,1,0,1990319999,281784236191,2251,19338278,24709968,44048246,935876,833915,294734,6.599820681500198,26.40303629968073,0.44048246,
job_movie_info_info,movie_info.info,benchmarks/job/../../data/job/movie_info__info.csv,job-csv,utf8,NaiveVectorizedV2,adaptive,fm,fm,prefix_usa_200,USA:%200%,2,6674158,100000014,100000000,6674158,6674158,0,1,0,1990319999,281784236191,2251,19344311,25373235,44717546,935876,833915,294734,6.700102994265344,27.111748778684355,0.44717546,
job_movie_info_info,movie_info.info,benchmarks/job/../../data/job/movie_info__info.csv,job-csv,utf8,NaiveVectorizedV2,adaptive,fm,fm,prefix_usa_200,USA:%200%,3,6674158,100000014,100000000,6674158,6674158,0,1,0,1990319999,281784236191,2251,19594717,24802220,44396937,935876,833915,294734,6.65206562385847,26.501609187541938,0.44396937,
job_movie_info_info,movie_info.info,benchmarks/job/../../data/job/movie_info__info.csv,job-csv,utf8,NaiveVectorizedV2,adaptive,fm,fm,prefix_usa_200,USA:%200%,4,6674158,100000014,100000000,6674158,6674158,0,1,0,1990319999,281784236191,2251,19918838,24659506,44578344,935876,833915,294734,6.679246131122458,26.349116763331896,0.44578344,
job_movie_info_info,movie_info.info,benchmarks/job/../../data/job/movie_info__info.csv,job-csv,utf8,NaiveVectorizedV2,adaptive,full-scan,full-scan,prefix_usa_200,USA:%200%,0,6674158,100000014,100000000,6674158,6674158,0,1,0,1990319999,0,2251,991,66839099,66840090,6674158,5402091,294734,10.014759914284319,10.014611431134833,0.6684009,
job_movie_info_info,movie_info.info,benchmarks/job/../../data/job/movie_info__info.csv,job-csv,utf8,NaiveVectorizedV2,adaptive,full-scan,full-scan,prefix_usa_200,USA:%200%,1,6674158,100000014,100000000,6674158,6674158,0,1,0,1990319999,0,2251,460,66451204,66451664,6674158,5402091,294734,9.9565614119414,9.956492489389673,0.66451664,
job_movie_info_info,movie_info.info,benchmarks/job/../../data/job/movie_info__info.csv,job-csv,utf8,NaiveVectorizedV2,adaptive,full-scan,full-scan,prefix_usa_200,USA:%200%,2,6674158,100000014,100000000,6674158,6674158,0,1,0,1990319999,0,2251,320,66363196,66363516,6674158,5402091,294734,9.943354053050587,9.943306106927645,0.66363516,
job_movie_info_info,movie_info.info,benchmarks/job/../../data/job/movie_info__info.csv,job-csv,utf8,NaiveVectorizedV2,adaptive,full-scan,full-scan,prefix_usa_200,USA:%200%,3,6674158,100000014,100000000,6674158,6674158,0,1,0,1990319999,0,2251,120,66538681,66538801,6674158,5402091,294734,9.969617291050048,9.969599311253944,0.66538801,
job_movie_info_info,movie_info.info,benchmarks/job/../../data/job/movie_info__info.csv,job-csv,utf8,NaiveVectorizedV2,adaptive,full-scan,full-scan,prefix_usa_200,USA:%200%,4,6674158,100000014,100000000,6674158,6674158,0,1,0,1990319999,0,2251,140,67635972,67636112,6674158,5402091,294734,10.134029191397627,10.134008214968839,0.67636112,
job_movie_info_info,movie_info.info,benchmarks/job/../../data/job/movie_info__info.csv,job-csv,utf8,NaiveVectorizedV2,adaptive,prefix-btree,prefix-btree,prefix_usa_200,USA:%200%,0,6674158,100000014,100000000,6674158,6674158,0,1,0,1990319999,1558029554,2251,13063984,25187782,38251766,935876,833915,294734,5.731324610535141,26.91358897973663,0.38251766,
job_movie_info_info,movie_info.info,benchmarks/job/../../data/job/movie_info__info.csv,job-csv,utf8,NaiveVectorizedV2,adaptive,prefix-btree,prefix-btree,prefix_usa_200,USA:%200%,1,6674158,100000014,100000000,6674158,6674158,0,1,0,1990319999,1558029554,2251,14697827,25446712,40144539,935876,833915,294734,6.0149218822808805,27.190260248152534,0.40144539,
job_movie_info_info,movie_info.info,benchmarks/job/../../data/job/movie_info__info.csv,job-csv,utf8,NaiveVectorizedV2,adaptive,prefix-btree,prefix-btree,prefix_usa_200,USA:%200%,2,6674158,100000014,100000000,6674158,6674158,0,1,0,1990319999,1558029554,2251,13372447,25544524,38916971,935876,833915,294734,5.830993362758268,27.294774094003905,0.38916971,
job_movie_info_info,movie_info.info,benchmarks/job/../../data/job/movie_info__info.csv,job-csv,utf8,NaiveVectorizedV2,adaptive,prefix-btree,prefix-btree,prefix_usa_200,USA:%200%,3,6674158,100000014,100000000,6674158,6674158,0,1,0,1990319999,1558029554,2251,13766144,25093980,38860124,935876,833915,294734,5.822475883849319,26.81335988955802,0.38860124,
job_movie_info_info,movie_info.info,benchmarks/job/../../data/job/movie_info__info.csv,job-csv,utf8,NaiveVectorizedV2,adaptive,prefix-btree,prefix-btree,prefix_usa_200,USA:%200%,4,6674158,100000014,100000000,6674158,6674158,0,1,0,1990319999,1558029554,2251,13567858,25361191,38929049,935876,833915,294734,5.8328030292360475,27.098879552419337,0.38929049,
job_movie_info_info,movie_info.info,benchmarks/job/../../data/job/movie_info__info.csv,job-csv,utf8,NaiveVectorizedV2,adaptive,qgram,full-scan,prefix_usa_200,USA:%200%,0,6674158,100000014,100000000,6674158,6674158,0,1,0,1990319999,2909990269,2251,820,67325158,67325978,6674158,5402091,294734,10.087561307358921,10.087438445418883,0.67325978,literal-shorter-than-qgram
job_movie_info_info,movie_info.info,benchmarks/job/../../data/job/movie_info__info.csv,job-csv,utf8,NaiveVectorizedV2,adaptive,qgram,full-scan,prefix_usa_200,USA:%200%,1,6674158,100000014,100000000,6674158,6674158,0,1,0,1990319999,2909990269,2251,110,67613875,67613985,6674158,5402091,294734,10.130713866827845,10.130697385348084,0.67613985,literal-shorter-than-qgram
job_movie_info_info,movie_info.info,benchmarks/job/../../data/job/movie_info__info.csv,job-csv,utf8,NaiveVectorizedV2,adaptive,qgram,full-scan,prefix_usa_200,USA:%200%,2,6674158,100000014,100000000,6674158,6674158,0,1,0,1990319999,2909990269,2251,100,67886869,67886969,6674158,5402091,294734,10.171615505656295,10.171600522492875,0.67886969,literal-shorter-than-qgram
job_movie_info_info,movie_info.info,benchmarks/job/../../data/job/movie_info__info.csv,job-csv,utf8,NaiveVectorizedV2,adaptive,qgram,full-scan,prefix_usa_200,USA:%200%,3,6674158,100000014,100000000,6674158,6674158,0,1,0,1990319999,2909990269,2251,110,66088514,66088624,6674158,5402091,294734,9.902166535464099,9.902150053984338,0.66088624,literal-shorter-than-qgram
job_movie_info_info,movie_info.info,benchmarks/job/../../data/job/movie_info__info.csv,job-csv,utf8,NaiveVectorizedV2,adaptive,qgram,full-scan,prefix_usa_200,USA:%200%,4,6674158,100000014,100000000,6674158,6674158,0,1,0,1990319999,2909990269,2251,100,66462147,66462247,6674158,5402091,294734,9.958147080126063,9.958132096962643,0.66462247,literal-shorter-than-qgram
job_movie_info_info,movie_info.info,benchmarks/job/../../data/job/movie_info__info.csv,job-csv,utf8,NaiveVectorizedV2,adaptive,trigram,trigram,prefix_usa_200,USA:%200%,0,6674158,100000014,100000000,6674158,6674158,0,1,0,1990319999,3626250845,2251,1594357,25458600,27052957,935876,833915,294734,4.053388757053699,27.202962785668188,0.27052957,
job_movie_info_info,movie_info.info,benchmarks/job/../../data/job/movie_info__info.csv,job-csv,utf8,NaiveVectorizedV2,adaptive,trigram,trigram,prefix_usa_200,USA:%200%,1,6674158,100000014,100000000,6674158,6674158,0,1,0,1990319999,3626250845,2251,1502980,25444514,26947494,935876,833915,294734,4.037587063416838,27.187911646414697,0.26947494,
job_movie_info_info,movie_info.info,benchmarks/job/../../data/job/movie_info__info.csv,job-csv,utf8,NaiveVectorizedV2,adaptive,trigram,trigram,prefix_usa_200,USA:%200%,2,6674158,100000014,100000000,6674158,6674158,0,1,0,1990319999,3626250845,2251,1643563,25972478,27616041,935876,833915,294734,4.137756552961437,27.752050485320705,0.27616041,
job_movie_info_info,movie_info.info,benchmarks/job/../../data/job/movie_info__info.csv,job-csv,utf8,NaiveVectorizedV2,adaptive,trigram,trigram,prefix_usa_200,USA:%200%,3,6674158,100000014,100000000,6674158,6674158,0,1,0,1990319999,3626250845,2251,1616029,25375067,26991096,935876,833915,294734,4.044120022330906,27.11370630297176,0.26991096,
job_movie_info_info,movie_info.info,benchmarks/job/../../data/job/movie_info__info.csv,job-csv,utf8,NaiveVectorizedV2,adaptive,trigram,trigram,prefix_usa_200,USA:%200%,4,6674158,100000014,100000000,6674158,6674158,0,1,0,1990319999,3626250845,2251,1573967,25899300,27473267,935876,833915,294734,4.116364491221215,27.673858502622142,0.27473267,
job_movie_info_info,movie_info.info,benchmarks/job/../../data/job/movie_info__info.csv,job-csv,utf8,NaiveVectorizedV2,adaptive,fm,fm,prefix_usa_2008,USA:%2008%,0,6674158,100000014,100000000,6674158,6674158,0,1,0,1990319999,281784236191,2481,2647454,5193294,7840748,135571,135355,45638,1.1747920861328125,38.306820780255364,0.07840748,
job_movie_info_info,movie_info.info,benchmarks/job/../../data/job/movie_info__info.csv,job-csv,utf8,NaiveVectorizedV2,adaptive,fm,fm,prefix_usa_2008,USA:%2008%,1,6674158,100000014,100000000,6674158,6674158,0,1,0,1990319999,281784236191,2481,2611615,5355589,7967204,135571,135355,45638,1.1937391952662793,39.503942583590884,0.07967204,
job_movie_info_info,movie_info.info,benchmarks/job/../../data/job/movie_info__info.csv,job-csv,utf8,NaiveVectorizedV2,adaptive,fm,fm,prefix_usa_2008,USA:%2008%,2,6674158,100000014,100000000,6674158,6674158,0,1,0,1990319999,281784236191,2481,2621170,5290275,7911445,135571,135355,45638,1.1853847331753309,39.0221728835813,0.07911445,
job_movie_info_info,movie_info.info,benchmarks/job/../../data/job/movie_info__info.csv,job-csv,utf8,NaiveVectorizedV2,adaptive,fm,fm,prefix_usa_2008,USA:%2008%,3,6674158,100000014,100000000,6674158,6674158,0,1,0,1990319999,281784236191,2481,2554426,5644670,8199096,135571,135355,45638,1.228483952582483,41.63626439282737,0.08199096,
job_movie_info_info,movie_info.info,benchmarks/job/../../data/job/movie_info__info.csv,job-csv,utf8,NaiveVectorizedV2,adaptive,fm,fm,prefix_usa_2008,USA:%2008%,4,6674158,100000014,100000000,6674158,6674158,0,1,0,1990319999,281784236191,2481,2636058,5465326,8101384,135571,135355,45638,1.21384360394225,40.31338560606619,0.08101384,
job_movie_info_info,movie_info.info,benchmarks/job/../../data/job/movie_info__info.csv,job-csv,utf8,NaiveVectorizedV2,adaptive,full-scan,full-scan,prefix_usa_2008,USA:%2008%,0,6674158,100000014,100000000,6674158,6674158,0,1,0,1990319999,0,2481,761,59863613,59864374,6674158,4607775,45638,8.96957698634045,8.969462964466828,0.59864374,
job_movie_info_info,movie_info.info,benchmarks/job/../../data/job/movie_info__info.csv,job-csv,utf8,NaiveVectorizedV2,adaptive,full-scan,full-scan,prefix_usa_2008,USA:%2008%,1,6674158,100000014,100000000,6674158,6674158,0,1,0,1990319999,0,2481,110,60132226,60132336,6674158,4607775,45638,9.009726170701983,9.009709689222221,0.60132336,
job_movie_info_info,movie_info.info,benchmarks/job/../../data/job/movie_info__info.csv,job-csv,utf8,NaiveVectorizedV2,adaptive,full-scan,full-scan,prefix_usa_2008,USA:%2008%,2,6674158,100000014,100000000,6674158,6674158,0,1,0,1990319999,0,2481,110,60685540,60685650,6674158,4607775,45638,9.092630111543658,9.092613630063898,0.6068565,
job_movie_info_info,movie_info.info,benchmarks/job/../../data/job/movie_info__info.csv,job-csv,utf8,NaiveVectorizedV2,adaptive,full-scan,full-scan,prefix_usa_2008,USA:%2008%,3,6674158,100000014,100000000,6674158,6674158,0,1,0,1990319999,0,2481,100,58168352,58168452,6674158,4607775,45638,8.71547422161717,8.71545923845375,0.58168452,
job_movie_info_info,movie_info.info,benchmarks/job/../../data/job/movie_info__info.csv,job-csv,utf8,NaiveVectorizedV2,adaptive,full-scan,full-scan,prefix_usa_2008,USA:%2008%,4,6674158,100000014,100000000,6674158,6674158,0,1,0,1990319999,0,2481,110,58080605,58080715,6674158,4607775,45638,8.702328443528007,8.702311962048247,0.58080715,
job_movie_info_info,movie_info.info,benchmarks/job/../../data/job/movie_info__info.csv,job-csv,utf8,NaiveVectorizedV2,adaptive,prefix-btree,prefix-btree,prefix_usa_2008,USA:%2008%,0,6674158,100000014,100000000,6674158,6674158,0,1,0,1990319999,1558029554,2481,13271198,22350062,35621260,935876,819018,45638,5.33719159780155,23.881435147391322,0.3562126,
job_movie_info_info,movie_info.info,benchmarks/job/../../data/job/movie_info__info.csv,job-csv,utf8,NaiveVectorizedV2,adaptive,prefix-btree,prefix-btree,prefix_usa_2008,USA:%2008%,1,6674158,100000014,100000000,6674158,6674158,0,1,0,1990319999,1558029554,2481,12921481,21791344,34712825,935876,819018,45638,5.201079297193743,23.284435117472828,0.34712825,
job_movie_info_info,movie_info.info,benchmarks/job/../../data/job/movie_info__info.csv,job-csv,utf8,NaiveVectorizedV2,adaptive,prefix-btree,prefix-btree,prefix_usa_2008,USA:%2008%,2,6674158,100000014,100000000,6674158,6674158,0,1,0,1990319999,1558029554,2481,13148969,21647358,34796327,935876,819018,45638,5.213590538312099,23.13058353884489,0.34796327,
job_movie_info_info,movie_info.info,benchmarks/job/../../data/job/movie_info__info.csv,job-csv,utf8,NaiveVectorizedV2,adaptive,prefix-btree,prefix-btree,prefix_usa_2008,USA:%2008%,3,6674158,100000014,100000000,6674158,6674158,0,1,0,1990319999,1558029554,2481,13060435,21746637,34807072,935876,819018,45638,5.215200479221499,23.23666490005086,0.34807072,
job_movie_info_info,movie_info.info,benchmarks/job/../../data/job/movie_info__info.csv,job-csv,utf8,NaiveVectorizedV2,adaptive,prefix-btree,prefix-btree,prefix_usa_2008,USA:%2008%,4,6674158,100000014,100000000,6674158,6674158,0,1,0,1990319999,1558029554,2481,13054711,21884022,34938733,935876,819018,45638,5.234927462010939,23.38346319384192,0.34938733,
job_movie_info_info,movie_info.info,benchmarks/job/../../data/job/movie_info__info.csv,job-csv,utf8,NaiveVectorizedV2,adaptive,qgram,full-scan,prefix_usa_2008,USA:%2008%,0,6674158,100000014,100000000,6674158,6674158,0,1,0,1990319999,2909990269,2481,630,58369789,58370419,6674158,4607775,45638,8.745735267280157,8.745640873350617,0.58370419,literal-shorter-than-qgram
job_movie_info_info,movie_info.info,benchmarks/job/../../data/job/movie_info__info.csv,job-csv,utf8,NaiveVectorizedV2,adaptive,qgram,full-scan,prefix_usa_2008,USA:%2008%,1,6674158,100000014,100000000,6674158,6674158,0,1,0,1990319999,2909990269,2481,110,57832640,57832750,6674158,4607775,45638,8.665175442355425,8.665158960875663,0.5783275,literal-shorter-than-qgram
job_movie_info_info,movie_info.info,benchmarks/job/../../data/job/movie_info__info.csv,job-csv,utf8,NaiveVectorizedV2,adaptive,qgram,full-scan,prefix_usa_2008,USA:%2008%,2,6674158,100000014,100000000,6674158,6674158,0,1,0,1990319999,2909990269,2481,110,57672866,57672976,6674158,4607775,45638,8.641236242833928,8.641219761354167,0.57672976,literal-shorter-than-qgram
job_movie_info_info,movie_info.info,benchmarks/job/../../data/job/movie_info__info.csv,job-csv,utf8,NaiveVectorizedV2,adaptive,qgram,full-scan,prefix_usa_2008,USA:%2008%,3,6674158,100000014,100000000,6674158,6674158,0,1,0,1990319999,2909990269,2481,100,58057088,58057188,6674158,4607775,45638,8.698803354670357,8.698788371506938,0.58057188,literal-shorter-than-qgram
job_movie_info_info,movie_info.info,benchmarks/job/../../data/job/movie_info__info.csv,job-csv,utf8,NaiveVectorizedV2,adaptive,qgram,full-scan,prefix_usa_2008,USA:%2008%,4,6674158,100000014,100000000,6674158,6674158,0,1,0,1990319999,2909990269,2481,110,57920042,57920152,6674158,4607775,45638,8.678271026847131,8.67825454536737,0.57920152,literal-shorter-than-qgram
job_movie_info_info,movie_info.info,benchmarks/job/../../data/job/movie_info__info.csv,job-csv,utf8,NaiveVectorizedV2,adaptive,trigram,trigram,prefix_usa_2008,USA:%2008%,0,6674158,100000014,100000000,6674158,6674158,0,1,0,1990319999,3626250845,2481,1136164,5260856,6397020,135572,135356,45638,0.9584759605631152,38.804885964653465,0.0639702,
job_movie_info_info,movie_info.info,benchmarks/job/../../data/job/movie_info__info.csv,job-csv,utf8,NaiveVectorizedV2,adaptive,trigram,trigram,prefix_usa_2008,USA:%2008%,1,6674158,100000014,100000000,6674158,6674158,0,1,0,1990319999,3626250845,2481,1130532,5212297,6342829,135572,135356,45638,0.950356434474581,38.446707284690056,0.06342829,
job_movie_info_info,movie_info.info,benchmarks/job/../../data/job/movie_info__info.csv,job-csv,utf8,NaiveVectorizedV2,adaptive,trigram,trigram,prefix_usa_2008,USA:%2008%,2,6674158,100000014,100000000,6674158,6674158,0,1,0,1990319999,3626250845,2481,1147558,5277692,6425250,135572,135356,45638,0.962705707596374,38.929070899595786,0.0642525,
job_movie_info_info,movie_info.info,benchmarks/job/../../data/job/movie_info__info.csv,job-csv,utf8,NaiveVectorizedV2,adaptive,trigram,trigram,prefix_usa_2008,USA:%2008%,3,6674158,100000014,100000000,6674158,6674158,0,1,0,1990319999,3626250845,2481,1121088,5181745,6302833,135572,135356,45638,0.9443637684334114,38.22135101643407,0.06302833,
job_movie_info_info,movie_info.info,benchmarks/job/../../data/job/movie_info__info.csv,job-csv,utf8,NaiveVectorizedV2,adaptive,trigram,trigram,prefix_usa_2008,USA:%2008%,4,6674158,100000014,100000000,6674158,6674158,0,1,0,1990319999,3626250845,2481,1120377,5154985,6275362,135572,135356,45638,0.9402477436105049,38.02396512554215,0.06275362,
job_movie_info_info,movie_info.info,benchmarks/job/../../data/job/movie_info__info.csv,job-csv,utf8,NaiveVectorizedV2,adaptive,fm,fm,prefix_usa_201,USA:%201%,0,6674158,100000014,100000000,6674158,6674158,0,1,0,1990319999,281784236191,2541,19615456,24474164,44089620,935876,833915,227707,6.606019815533285,26.151075569840447,0.4408962,
job_movie_info_info,movie_info.info,benchmarks/job/../../data/job/movie_info__info.csv,job-csv,utf8,NaiveVectorizedV2,adaptive,fm,fm,prefix_usa_201,USA:%201%,1,6674158,100000014,100000000,6674158,6674158,0,1,0,1990319999,281784236191,2541,19525269,24551284,44076553,935876,833915,227707,6.60406196556929,26.23347964901333,0.44076553,
job_movie_info_info,movie_info.info,benchmarks/job/../../data/job/movie_info__info.csv,job-csv,utf8,NaiveVectorizedV2,adaptive,fm,fm,prefix_usa_201,USA:%201%,2,6674158,100000014,100000000,6674158,6674158,0,1,0,1990319999,281784236191,2541,19106806,24759964,43866770,935876,833915,227707,6.572629835853451,26.456457906816716,0.4386677,
job_movie_info_info,movie_info.info,benchmarks/job/../../data/job/movie_info__info.csv,job-csv,utf8,NaiveVectorizedV2,adaptive,fm,fm,prefix_usa_201,USA:%201%,3,6674158,100000014,100000000,6674158,6674158,0,1,0,1990319999,281784236191,2541,18669903,24720525,43390428,935876,833915,227707,6.501258735558853,26.414316640238663,0.43390428,
job_movie_info_info,movie_info.info,benchmarks/job/../../data/job/movie_info__info.csv,job-csv,utf8,NaiveVectorizedV2,adaptive,fm,fm,prefix_usa_201,USA:%201%,4,6674158,100000014,100000000,6674158,6674158,0,1,0,1990319999,281784236191,2541,19364298,25157268,44521566,935876,833915,227707,6.670738990596267,26.88098423295394,0.44521566,
job_movie_info_info,movie_info.info,benchmarks/job/../../data/job/movie_info__info.csv,job-csv,utf8,NaiveVectorizedV2,adaptive,full-scan,full-scan,prefix_usa_201,USA:%201%,0,6674158,100000014,100000000,6674158,6674158,0,1,0,1990319999,0,2541,1114,82843404,82844518,6674158,5402091,227707,12.412729515843047,12.412562603402556,0.82844518,
job_movie_info_info,movie_info.info,benchmarks/job/../../data/job/movie_info__info.csv,job-csv,utf8,NaiveVectorizedV2,adaptive,full-scan,full-scan,prefix_usa_201,USA:%201%,1,6674158,100000014,100000000,6674158,6674158,0,1,0,1990319999,0,2541,169,72486906,72487075,6674158,5402091,227707,10.860856905095744,10.860831583549565,0.72487075,
job_movie_info_info,movie_info.info,benchmarks/job/../../data/job/movie_info__info.csv,job-csv,utf8,NaiveVectorizedV2,adaptive,full-scan,full-scan,prefix_usa_201,USA:%201%,2,6674158,100000014,100000000,6674158,6674158,0,1,0,1990319999,0,2541,110,67538672,67538782,6674158,5402091,227707,10.119446078441655,10.119429596961893,0.67538782,
job_movie_info_info,movie_info.info,benchmarks/job/../../data/job/movie_info__info.csv,job-csv,utf8,NaiveVectorizedV2,adaptive,full-scan,full-scan,prefix_usa_201,USA:%201%,3,6674158,100000014,100000000,6674158,6674158,0,1,0,1990319999,0,2541,110,66172794,66172904,6674158,5402091,227707,9.914794345593856,9.914777864114095,0.66172904,
job_movie_info_info,movie_info.info,benchmarks/job/../../data/job/movie_info__info.csv,job-csv,utf8,NaiveVectorizedV2,adaptive,full-scan,full-scan,prefix_usa_201,USA:%201%,4,6674158,100000014,100000000,6674158,6674158,0,1,0,1990319999,0,2541,159,66037021,66037180,6674158,5402091,227707,9.894458596874692,9.894434773644855,0.6603718,
job_movie_info_info,movie_info.info,benchmarks/job/../../data/job/movie_info__info.csv,job-csv,utf8,NaiveVectorizedV2,adaptive,prefix-btree,prefix-btree,prefix_usa_201,USA:%201%,0,6674158,100000014,100000000,6674158,6674158,0,1,0,1990319999,1558029554,2541,13310295,27254329,40564624,935876,833915,227707,6.0778639043307034,29.121730870328975,0.40564624,
job_movie_info_info,movie_info.info,benchmarks/job/../../data/job/movie_info__info.csv,job-csv,utf8,NaiveVectorizedV2,adaptive,prefix-btree,prefix-btree,prefix_usa_201,USA:%201%,1,6674158,100000014,100000000,6674158,6674158,0,1,0,1990319999,1558029554,2541,19559641,27400837,46960478,935876,833915,227707,7.03616516120835,29.27827725040497,0.46960478,
job_movie_info_info,movie_info.info,benchmarks/job/../../data/job/movie_info__info.csv,job-csv,utf8,NaiveVectorizedV2,adaptive,prefix-btree,prefix-btree,prefix_usa_201,USA:%201%,2,6674158,100000014,100000000,6674158,6674158,0,1,0,1990319999,1558029554,2541,13053968,24826213,37880181,935876,833915,227707,5.675649422743663,26.527246130897684,0.37880181,
job_movie_info_info,movie_info.info,benchmarks/job/../../data/job/movie_info__info.csv,job-csv,utf8,NaiveVectorizedV2,adaptive,prefix-btree,prefix-btree,prefix_usa_201,USA:%201%,3,6674158,100000014,100000000,6674158,6674158,0,1,0,1990319999,1558029554,2541,13006118,24976548,37982666,935876,833915,227707,5.691004917773897,26.68788172792122,0.37982666,
job_movie_info_info,movie_info.info,benchmarks/job/../../data/job/movie_info__info.csv,job-csv,utf8,NaiveVectorizedV2,adaptive,prefix-btree,prefix-btree,prefix_usa_201,USA:%201%,4,6674158,100000014,100000000,6674158,6674158,0,1,0,1990319999,1558029554,2541,13090971,24692767,37783738,935876,833915,227707,5.66119921044722,26.384656728028073,0.37783738,
job_movie_info_info,movie_info.info,benchmarks/job/../../data/job/movie_info__info.csv,job-csv,utf8,NaiveVectorizedV2,adaptive,qgram,full-scan,prefix_usa_201,USA:%201%,0,6674158,100000014,100000000,6674158,6674158,0,1,0,1990319999,2909990269,2541,577,67586294,67586871,6674158,5402091,227707,10.126651331898346,10.126564879045416,0.67586871,literal-shorter-than-qgram
job_movie_info_info,movie_info.info,benchmarks/job/../../data/job/movie_info__info.csv,job-csv,utf8,NaiveVectorizedV2,adaptive,qgram,full-scan,prefix_usa_201,USA:%201%,1,6674158,100000014,100000000,6674158,6674158,0,1,0,1990319999,2909990269,2541,109,66922128,66922237,6674158,5402091,227707,10.027068133538343,10.027051801890217,0.66922237,literal-shorter-than-qgram
job_movie_info_info,movie_info.info,benchmarks/job/../../data/job/movie_info__info.csv,job-csv,utf8,NaiveVectorizedV2,adaptive,qgram,full-scan,prefix_usa_201,USA:%201%,2,6674158,100000014,100000000,6674158,6674158,0,1,0,1990319999,2909990269,2541,109,66850058,66850167,6674158,5402091,227707,10.016269767662077,10.016253436013951,0.66850167,literal-shorter-than-qgram
job_movie_info_info,movie_info.info,benchmarks/job/../../data/job/movie_info__info.csv,job-csv,utf8,NaiveVectorizedV2,adaptive,qgram,full-scan,prefix_usa_201,USA:%201%,3,6674158,100000014,100000000,6674158,6674158,0,1,0,1990319999,2909990269,2541,109,66547493,66547602,6674158,5402091,227707,9.970935959262576,9.97091962761445,0.66547602,literal-shorter-than-qgram
job_movie_info_info,movie_info.info,benchmarks/job/../../data/job/movie_info__info.csv,job-csv,utf8,NaiveVectorizedV2,adaptive,qgram,full-scan,prefix_usa_201,USA:%201%,4,6674158,100000014,100000000,6674158,6674158,0,1,0,1990319999,2909990269,2541,149,67832142,67832291,6674158,5402091,227707,10.163423011561909,10.163400686648414,0.67832291,literal-shorter-than-qgram
job_movie_info_info,movie_info.info,benchmarks/job/../../data/job/movie_info__info.csv,job-csv,utf8,NaiveVectorizedV2,adaptive,trigram,trigram,prefix_usa_201,USA:%201%,0,6674158,100000014,100000000,6674158,6674158,0,1,0,1990319999,3626250845,2541,1574328,26163238,27737566,935876,833915,227707,4.1559648423067,27.955880907299687,0.27737566,
job_movie_info_info,movie_info.info,benchmarks/job/../../data/job/movie_info__info.csv,job-csv,utf8,NaiveVectorizedV2,adaptive,trigram,trigram,prefix_usa_201,USA:%201%,1,6674158,100000014,100000000,6674158,6674158,0,1,0,1990319999,3626250845,2541,1576680,25052534,26629214,935876,833915,227707,3.9898986508859995,26.769074108108338,0.26629214,
job_movie_info_info,movie_info.info,benchmarks/job/../../data/job/movie_info__info.csv,job-csv,utf8,NaiveVectorizedV2,adaptive,trigram,trigram,prefix_usa_201,USA:%201%,2,6674158,100000014,100000000,6674158,6674158,0,1,0,1990319999,3626250845,2541,2127406,25647045,27774451,935876,833915,227707,4.161491382133896,27.404319589347306,0.27774451,
job_movie_info_info,movie_info.info,benchmarks/job/../../data/job/movie_info__info.csv,job-csv,utf8,NaiveVectorizedV2,adaptive,trigram,trigram,prefix_usa_201,USA:%201%,3,6674158,100000014,100000000,6674158,6674158,0,1,0,1990319999,3626250845,2541,1620174,24964502,26584676,935876,833915,227707,3.983225449562327,26.675010364620952,0.26584676,
job_movie_info_info,movie_info.info,benchmarks/job/../../data/job/movie_info__info.csv,job-csv,utf8,NaiveVectorizedV2,adaptive,trigram,trigram,prefix_usa_201,USA:%201%,4,6674158,100000014,100000000,6674158,6674158,0,1,0,1990319999,3626250845,2541,1599363,24622694,26222057,935876,833915,227707,3.9288936522030196,26.309782492552433,0.26222057,
job_movie_info_info,movie_info.info,benchmarks/job/../../data/job/movie_info__info.csv,job-csv,utf8,NaiveVectorizedV2Wildcard,adaptive,fm,fm,prefix_japan_200,Japan:%200%,0,6674158,100000014,100000000,6674158,6674158,0,1,0,1990319999,281784236191,2545,2436924,6015260,8452184,130031,118510,54763,1.2664045412170344,46.260199490890635,0.08452184,
job_movie_info_info,movie_info.info,benchmarks/job/../../data/job/movie_info__info.csv,job-csv,utf8,NaiveVectorizedV2Wildcard,adaptive,fm,fm,prefix_japan_200,Japan:%200%,1,6674158,100000014,100000000,6674158,6674158,0,1,0,1990319999,281784236191,2545,2594348,5790859,8385207,130031,118510,54763,1.2563692678537128,44.534449477432304,0.08385207,
job_movie_info_info,movie_info.info,benchmarks/job/../../data/job/movie_info__info.csv,job-csv,utf8,NaiveVectorizedV2Wildcard,adaptive,fm,fm,prefix_japan_200,Japan:%200%,2,6674158,100000014,100000000,6674158,6674158,0,1,0,1990319999,281784236191,2545,2711501,6002276,8713777,130031,118510,54763,1.3055994479003943,46.1603463789404,0.08713777,
job_movie_info_info,movie_info.info,benchmarks/job/../../data/job/movie_info__info.csv,job-csv,utf8,NaiveVectorizedV2Wildcard,adaptive,fm,fm,prefix_japan_200,Japan:%200%,3,6674158,100000014,100000000,6674158,6674158,0,1,0,1990319999,281784236191,2545,2531845,5798599,8330444,130031,118510,54763,1.2481640380704202,44.59397374472241,0.08330444,
job_movie_info_info,movie_info.info,benchmarks/job/../../data/job/movie_info__info.csv,job-csv,utf8,NaiveVectorizedV2Wildcard,adaptive,fm,fm,prefix_japan_200,Japan:%200%,4,6674158,100000014,100000000,6674158,6674158,0,1,0,1990319999,281784236191,2545,3021009,5976813,8997822,130031,118510,54763,1.3481583744346477,45.96452384431405,0.08997822,
job_movie_info_info,movie_info.info,benchmarks/job/../../data/job/movie_info__info.csv,job-csv,utf8,NaiveVectorizedV2Wildcard,adaptive,full-scan,full-scan,prefix_japan_200,Japan:%200%,0,6674158,100000014,100000000,6674158,6674158,0,1,0,1990319999,0,2545,547,40940760,40941307,6674158,4439405,54763,6.134302933793297,6.134220975889393,0.40941307,
job_movie_info_info,movie_info.info,benchmarks/job/../../data/job/movie_info__info.csv,job-csv,utf8,NaiveVectorizedV2Wildcard,adaptive,full-scan,full-scan,prefix_japan_200,Japan:%200%,1,6674158,100000014,100000000,6674158,6674158,0,1,0,1990319999,0,2545,109,39783156,39783265,6674158,4439405,54763,5.960791608469563,5.960775276821436,0.39783265,
job_movie_info_info,movie_info.info,benchmarks/job/../../data/job/movie_info__info.csv,job-csv,utf8,NaiveVectorizedV2Wildcard,adaptive,full-scan,full-scan,prefix_japan_200,Japan:%200%,2,6674158,100000014,100000000,6674158,6674158,0,1,0,1990319999,0,2545,119,39778545,39778664,6674158,4439405,54763,5.960102233120642,5.9600844031561735,0.39778664,
job_movie_info_info,movie_info.info,benchmarks/job/../../data/job/movie_info__info.csv,job-csv,utf8,NaiveVectorizedV2Wildcard,adaptive,full-scan,full-scan,prefix_japan_200,Japan:%200%,3,6674158,100000014,100000000,6674158,6674158,0,1,0,1990319999,0,2545,149,40156826,40156975,6674158,4439405,54763,6.016785188483701,6.016762863570206,0.40156975,
job_movie_info_info,movie_info.info,benchmarks/job/../../data/job/movie_info__info.csv,job-csv,utf8,NaiveVectorizedV2Wildcard,adaptive,full-scan,full-scan,prefix_japan_200,Japan:%200%,4,6674158,100000014,100000000,6674158,6674158,0,1,0,1990319999,0,2545,110,40640845,40640955,6674158,4439405,54763,6.089300702800263,6.0892842213205025,0.40640955,
job_movie_info_info,movie_info.info,benchmarks/job/../../data/job/movie_info__info.csv,job-csv,utf8,NaiveVectorizedV2Wildcard,adaptive,prefix-btree,prefix-btree,prefix_japan_200,Japan:%200%,0,6674158,100000014,100000000,6674158,6674158,0,1,0,1990319999,1558029554,2545,2205422,5965911,8171333,130031,118510,54763,1.2243241769223923,45.88068229883643,0.08171333,
job_movie_info_info,movie_info.info,benchmarks/job/../../data/job/movie_info__info.csv,job-csv,utf8,NaiveVectorizedV2Wildcard,adaptive,prefix-btree,prefix-btree,prefix_japan_200,Japan:%200%,1,6674158,100000014,100000000,6674158,6674158,0,1,0,1990319999,1558029554,2545,2525803,5947973,8473776,130031,118510,54763,1.2696397058625224,45.74273057963101,0.08473776,
job_movie_info_info,movie_info.info,benchmarks/job/../../data/job/movie_info__info.csv,job-csv,utf8,NaiveVectorizedV2Wildcard,adaptive,prefix-btree,prefix-btree,prefix_japan_200,Japan:%200%,2,6674158,100000014,100000000,6674158,6674158,0,1,0,1990319999,1558029554,2545,2226381,6030779,8257160,130031,118510,54763,1.2371837765902456,46.37954795394944,0.0825716,
job_movie_info_info,movie_info.info,benchmarks/job/../../data/job/movie_info__info.csv,job-csv,utf8,NaiveVectorizedV2Wildcard,adaptive,prefix-btree,prefix-btree,prefix_japan_200,Japan:%200%,3,6674158,100000014,100000000,6674158,6674158,0,1,0,1990319999,1558029554,2545,2185515,5909681,8095196,130031,118510,54763,1.212916445789866,45.44824695649499,0.08095196,
job_movie_info_info,movie_info.info,benchmarks/job/../../data/job/movie_info__info.csv,job-csv,utf8,NaiveVectorizedV2Wildcard,adaptive,prefix-btree,prefix-btree,prefix_japan_200,Japan:%200%,4,6674158,100000014,100000000,6674158,6674158,0,1,0,1990319999,1558029554,2545,2055303,6022530,8077833,130031,118510,54763,1.2103149191253788,46.316109235489996,0.08077833,
job_movie_info_info,movie_info.info,benchmarks/job/../../data/job/movie_info__info.csv,job-csv,utf8,NaiveVectorizedV2Wildcard,adaptive,qgram,full-scan,prefix_japan_200,Japan:%200%,0,6674158,100000014,100000000,6674158,6674158,0,1,0,1990319999,2909990269,2545,526,39125986,39126512,6674158,4439405,54763,5.862389233218632,5.862310421779047,0.39126512,literal-shorter-than-qgram
job_movie_info_info,movie_info.info,benchmarks/job/../../data/job/movie_info__info.csv,job-csv,utf8,NaiveVectorizedV2Wildcard,adaptive,qgram,full-scan,prefix_japan_200,Japan:%200%,1,6674158,100000014,100000000,6674158,6674158,0,1,0,1990319999,2909990269,2545,89,38883997,38884086,6674158,4439405,54763,5.826066149467843,5.8260528144523995,0.38884086,literal-shorter-than-qgram
job_movie_info_info,movie_info.info,benchmarks/job/../../data/job/movie_info__info.csv,job-csv,utf8,NaiveVectorizedV2Wildcard,adaptive,qgram,full-scan,prefix_japan_200,Japan:%200%,2,6674158,100000014,100000000,6674158,6674158,0,1,0,1990319999,2909990269,2545,110,39361233,39361343,6674158,4439405,54763,5.897574345707728,5.897557864227967,0.39361343,literal-shorter-than-qgram
job_movie_info_info,movie_info.info,benchmarks/job/../../data/job/movie_info__info.csv,job-csv,utf8,NaiveVectorizedV2Wildcard,adaptive,qgram,full-scan,prefix_japan_200,Japan:%200%,3,6674158,100000014,100000000,6674158,6674158,0,1,0,1990319999,2909990269,2545,99,54371093,54371192,6674158,4439405,54763,8.146524550362757,8.146509717030971,0.54371192,literal-shorter-than-qgram
job_movie_info_info,movie_info.info,benchmarks/job/../../data/job/movie_info__info.csv,job-csv,utf8,NaiveVectorizedV2Wildcard,adaptive,qgram,full-scan,prefix_japan_200,Japan:%200%,4,6674158,100000014,100000000,6674158,6674158,0,1,0,1990319999,2909990269,2545,99,41347468,41347567,6674158,4439405,54763,6.195173533500405,6.19515870016862,0.41347567,literal-shorter-than-qgram
job_movie_info_info,movie_info.info,benchmarks/job/../../data/job/movie_info__info.csv,job-csv,utf8,NaiveVectorizedV2Wildcard,adaptive,trigram,trigram,prefix_japan_200,Japan:%200%,0,6674158,100000014,100000000,6674158,6674158,0,1,0,1990319999,3626250845,2545,598505,5877192,6475697,130031,118510,54763,0.9702642640464909,45.198391152878926,0.06475697,
job_movie_info_info,movie_info.info,benchmarks/job/../../data/job/movie_info__info.csv,job-csv,utf8,NaiveVectorizedV2Wildcard,adaptive,trigram,trigram,prefix_japan_200,Japan:%200%,1,6674158,100000014,100000000,6674158,6674158,0,1,0,1990319999,3626250845,2545,504737,5661550,6166287,130031,118510,54763,0.9239048581109407,43.54000199952319,0.06166287,
job_movie_info_info,movie_info.info,benchmarks/job/../../data/job/movie_info__info.csv,job-csv,utf8,NaiveVectorizedV2Wildcard,adaptive,trigram,trigram,prefix_japan_200,Japan:%200%,2,6674158,100000014,100000000,6674158,6674158,0,1,0,1990319999,3626250845,2545,474475,6254866,6729341,130031,118510,54763,1.0082681590696534,48.1028831586314,0.06729341,
job_movie_info_info,movie_info.info,benchmarks/job/../../data/job/movie_info__info.csv,job-csv,utf8,NaiveVectorizedV2Wildcard,adaptive,trigram,trigram,prefix_japan_200,Japan:%200%,3,6674158,100000014,100000000,6674158,6674158,0,1,0,1990319999,3626250845,2545,522517,5764661,6287178,130031,118510,54763,0.9420181542001254,44.33297444455553,0.06287178,
job_movie_info_info,movie_info.info,benchmarks/job/../../data/job/movie_info__info.csv,job-csv,utf8,NaiveVectorizedV2Wildcard,adaptive,trigram,trigram,prefix_japan_200,Japan:%200%,4,6674158,100000014,100000000,6674158,6674158,0,1,0,1990319999,3626250845,2545,476522,6267778,6744300,130031,118510,54763,1.0105094904855414,48.20218255646731,0.067443,
job_movie_info_info,movie_info.info,benchmarks/job/../../data/job/movie_info__info.csv,job-csv,utf8,NaiveVectorizedV2Wildcard,adaptive,fm,fm,prefix_japan_2007,Japan:%2007%,0,6674158,100000014,100000000,6674158,6674158,0,1,0,1990319999,281784236191,3130,2347102,5117070,7464172,130031,116066,8501,1.1183690886550783,39.3526928194046,0.07464172,
job_movie_info_info,movie_info.info,benchmarks/job/../../data/job/movie_info__info.csv,job-csv,utf8,NaiveVectorizedV2Wildcard,adaptive,fm,fm,prefix_japan_2007,Japan:%2007%,1,6674158,100000014,100000000,6674158,6674158,0,1,0,1990319999,281784236191,3130,2432284,5102519,7534803,130031,116066,8501,1.12895184680974,39.24078873499396,0.07534803,
job_movie_info_info,movie_info.info,benchmarks/job/../../data/job/movie_info__info.csv,job-csv,utf8,NaiveVectorizedV2Wildcard,adaptive,fm,fm,prefix_japan_2007,Japan:%2007%,2,6674158,100000014,100000000,6674158,6674158,0,1,0,1990319999,281784236191,3130,2402906,5237720,7640626,130031,116066,8501,1.1448074798349095,40.28054848459214,0.07640626,
job_movie_info_info,movie_info.info,benchmarks/job/../../data/job/movie_info__info.csv,job-csv,utf8,NaiveVectorizedV2Wildcard,adaptive,fm,fm,prefix_japan_2007,Japan:%2007%,3,6674158,100000014,100000000,6674158,6674158,0,1,0,1990319999,281784236191,3130,2634001,5371540,8005541,130031,116066,8501,1.1994832906263233,41.30968768985857,0.08005541,
job_movie_info_info,movie_info.info,benchmarks/job/../../data/job/movie_info__info.csv,job-csv,utf8,NaiveVectorizedV2Wildcard,adaptive,fm,fm,prefix_japan_2007,Japan:%2007%,4,6674158,100000014,100000000,6674158,6674158,0,1,0,1990319999,281784236191,3130,2606750,5299478,7906228,130031,116066,8501,1.1846030615397478,40.755496766155765,0.07906228,
job_movie_info_info,movie_info.info,benchmarks/job/../../data/job/movie_info__info.csv,job-csv,utf8,NaiveVectorizedV2Wildcard,adaptive,full-scan,full-scan,prefix_japan_2007,Japan:%2007%,0,6674158,100000014,100000000,6674158,6674158,0,1,0,1990319999,0,3130,715,36655907,36656622,6674158,3725759,8501,5.492321578242529,5.492214448624081,0.36656622,
job_movie_info_info,movie_info.info,benchmarks/job/../../data/job/movie_info__info.csv,job-csv,utf8,NaiveVectorizedV2Wildcard,adaptive,full-scan,full-scan,prefix_japan_2007,Japan:%2007%,1,6674158,100000014,100000000,6674158,6674158,0,1,0,1990319999,0,3130,129,36864659,36864788,6674158,3725759,8501,5.523511430205878,5.523492101925067,0.36864788,
job_movie_info_info,movie_info.info,benchmarks/job/../../data/job/movie_info__info.csv,job-csv,utf8,NaiveVectorizedV2Wildcard,adaptive,full-scan,full-scan,prefix_japan_2007,Japan:%2007%,2,6674158,100000014,100000000,6674158,6674158,0,1,0,1990319999,0,3130,119,36532036,36532155,6674158,3725759,8501,5.473672484229471,5.473654654265002,0.36532155,
job_movie_info_info,movie_info.info,benchmarks/job/../../data/job/movie_info__info.csv,job-csv,utf8,NaiveVectorizedV2Wildcard,adaptive,full-scan,full-scan,prefix_japan_2007,Japan:%2007%,3,6674158,100000014,100000000,6674158,6674158,0,1,0,1990319999,0,3130,109,36626060,36626169,6674158,3725759,8501,5.4877587554864595,5.487742423838333,0.36626169,
job_movie_info_info,movie_info.info,benchmarks/job/../../data/job/movie_info__info.csv,job-csv,utf8,NaiveVectorizedV2Wildcard,adaptive,full-scan,full-scan,prefix_japan_2007,Japan:%2007%,4,6674158,100000014,100000000,6674158,6674158,0,1,0,1990319999,0,3130,109,36546700,36546809,6674158,3725759,8501,5.4758681169969305,5.475851785348803,0.36546809,
job_movie_info_info,movie_info.info,benchmarks/job/../../data/job/movie_info__info.csv,job-csv,utf8,NaiveVectorizedV2Wildcard,adaptive,prefix-btree,prefix-btree,prefix_japan_2007,Japan:%2007%,0,6674158,100000014,100000000,6674158,6674158,0,1,0,1990319999,1558029554,3130,2077295,5358099,7435394,130031,116066,8501,1.114057233886282,41.20632003137713,0.07435394,
job_movie_info_info,movie_info.info,benchmarks/job/../../data/job/movie_info__info.csv,job-csv,utf8,NaiveVectorizedV2Wildcard,adaptive,prefix-btree,prefix-btree,prefix_japan_2007,Japan:%2007%,1,6674158,100000014,100000000,6674158,6674158,0,1,0,1990319999,1558029554,3130,2049033,5284108,7333141,130031,116066,8501,1.09873649979518,40.63729418369466,0.07333141,
job_movie_info_info,movie_info.info,benchmarks/job/../../data/job/movie_info__info.csv,job-csv,utf8,NaiveVectorizedV2Wildcard,adaptive,prefix-btree,prefix-btree,prefix_japan_2007,Japan:%2007%,2,6674158,100000014,100000000,6674158,6674158,0,1,0,1990319999,1558029554,3130,2086655,5395465,7482120,130031,116066,8501,1.1210582668255682,41.49368227576501,0.0748212,
job_movie_info_info,movie_info.info,benchmarks/job/../../data/job/movie_info__info.csv,job-csv,utf8,NaiveVectorizedV2Wildcard,adaptive,prefix-btree,prefix-btree,prefix_japan_2007,Japan:%2007%,3,6674158,100000014,100000000,6674158,6674158,0,1,0,1990319999,1558029554,3130,2071053,5457204,7528257,130031,116066,8501,1.1279710489323147,41.96848443832624,0.07528257,
job_movie_info_info,movie_info.info,benchmarks/job/../../data/job/movie_info__info.csv,job-csv,utf8,NaiveVectorizedV2Wildcard,adaptive,prefix-btree,prefix-btree,prefix_japan_2007,Japan:%2007%,4,6674158,100000014,100000000,6674158,6674158,0,1,0,1990319999,1558029554,3130,2119736,5471495,7591231,130031,116066,8501,1.137406546263963,42.07838899954626,0.07591231,
job_movie_info_info,movie_info.info,benchmarks/job/../../data/job/movie_info__info.csv,job-csv,utf8,NaiveVectorizedV2Wildcard,adaptive,qgram,full-scan,prefix_japan_2007,Japan:%2007%,0,6674158,100000014,100000000,6674158,6674158,0,1,0,1990319999,2909990269,3130,606,36410712,36411318,6674158,3725759,8501,5.455567279048533,5.455476481078213,0.36411318,literal-shorter-than-qgram
job_movie_info_info,movie_info.info,benchmarks/job/../../data/job/movie_info__info.csv,job-csv,utf8,NaiveVectorizedV2Wildcard,adaptive,qgram,full-scan,prefix_japan_2007,Japan:%2007%,1,6674158,100000014,100000000,6674158,6674158,0,1,0,1990319999,2909990269,3130,109,36259783,36259892,6674158,3725759,8501,5.432878874009276,5.432862542361149,0.36259892,literal-shorter-than-qgram
job_movie_info_info,movie_info.info,benchmarks/job/../../data/job/movie_info__info.csv,job-csv,utf8,NaiveVectorizedV2Wildcard,adaptive,qgram,full-scan,prefix_japan_2007,Japan:%2007%,2,6674158,100000014,100000000,6674158,6674158,0,1,0,1990319999,2909990269,3130,109,36437612,36437721,6674158,3725759,8501,5.459523283686122,5.459506952037995,0.36437721,literal-shorter-than-qgram
job_movie_info_info,movie_info.info,benchmarks/job/../../data/job/movie_info__info.csv,job-csv,utf8,NaiveVectorizedV2Wildcard,adaptive,qgram,full-scan,prefix_japan_2007,Japan:%2007%,3,6674158,100000014,100000000,6674158,6674158,0,1,0,1990319999,2909990269,3130,99,37601711,37601810,6674158,3725759,8501,5.633940640901819,5.633925807570034,0.3760181,literal-shorter-than-qgram
job_movie_info_info,movie_info.info,benchmarks/job/../../data/job/movie_info__info.csv,job-csv,utf8,NaiveVectorizedV2Wildcard,adaptive,qgram,full-scan,prefix_japan_2007,Japan:%2007%,4,6674158,100000014,100000000,6674158,6674158,0,1,0,1990319999,2909990269,3130,110,36255601,36255711,6674158,3725759,8501,5.432252427946716,5.432235946466955,0.36255711,literal-shorter-than-qgram
job_movie_info_info,movie_info.info,benchmarks/job/../../data/job/movie_info__info.csv,job-csv,utf8,NaiveVectorizedV2Wildcard,adaptive,trigram,trigram,prefix_japan_2007,Japan:%2007%,0,6674158,100000014,100000000,6674158,6674158,0,1,0,1990319999,3626250845,3130,490871,5239499,5730370,130031,116066,8501,0.85859070162858,40.29422983750029,0.0573037,
job_movie_info_info,movie_info.info,benchmarks/job/../../data/job/movie_info__info.csv,job-csv,utf8,NaiveVectorizedV2Wildcard,adaptive,trigram,trigram,prefix_japan_2007,Japan:%2007%,1,6674158,100000014,100000000,6674158,6674158,0,1,0,1990319999,3626250845,3130,535102,5346652,5881754,130031,116066,8501,0.8812728137392013,41.11828717767302,0.05881754,
job_movie_info_info,movie_info.info,benchmarks/job/../../data/job/movie_info__info.csv,job-csv,utf8,NaiveVectorizedV2Wildcard,adaptive,trigram,trigram,prefix_japan_2007,Japan:%2007%,2,6674158,100000014,100000000,6674158,6674158,0,1,0,1990319999,3626250845,3130,486667,5210342,5697009,130031,116066,8501,0.8535921684802787,40.06999869261945,0.05697009,
job_movie_info_info,movie_info.info,benchmarks/job/../../data/job/movie_info__info.csv,job-csv,utf8,NaiveVectorizedV2Wildcard,adaptive,trigram,trigram,prefix_japan_2007,Japan:%2007%,3,6674158,100000014,100000000,6674158,6674158,0,1,0,1990319999,3626250845,3130,475259,5276873,5752132,130031,116066,8501,0.8618513376518806,40.581653605678646,0.05752132,
job_movie_info_info,movie_info.info,benchmarks/job/../../data/job/movie_info__info.csv,job-csv,utf8,NaiveVectorizedV2Wildcard,adaptive,trigram,trigram,prefix_japan_2007,Japan:%2007%,4,6674158,100000014,100000000,6674158,6674158,0,1,0,1990319999,3626250845,3130,502785,5271537,5774322,130031,116066,8501,0.8651761016146157,40.540617237427995,0.05774322,
job_movie_info_info,movie_info.info,benchmarks/job/../../data/job/movie_info__info.csv,job-csv,utf8,NaiveVectorizedV2Wildcard,adaptive,fm,fm,prefix_japan_201,Japan:%201%,0,6674158,100000014,100000000,6674158,6674158,0,1,0,1990319999,281784236191,2524,2473801,5693472,8167273,130031,118510,23878,1.2237158604875702,43.78549730448893,0.08167273,
job_movie_info_info,movie_info.info,benchmarks/job/../../data/job/movie_info__info.csv,job-csv,utf8,NaiveVectorizedV2Wildcard,adaptive,fm,fm,prefix_japan_201,Japan:%201%,1,6674158,100000014,100000000,6674158,6674158,0,1,0,1990319999,281784236191,2524,2450299,5739423,8189722,130031,118510,23878,1.227079430843561,44.13888226653644,0.08189722,
job_movie_info_info,movie_info.info,benchmarks/job/../../data/job/movie_info__info.csv,job-csv,utf8,NaiveVectorizedV2Wildcard,adaptive,fm,fm,prefix_japan_201,Japan:%201%,2,6674158,100000014,100000000,6674158,6674158,0,1,0,1990319999,281784236191,2524,2524053,5635151,8159204,130031,118510,23878,1.2225068690312695,43.336981181410586,0.08159204,
job_movie_info_info,movie_info.info,benchmarks/job/../../data/job/movie_info__info.csv,job-csv,utf8,NaiveVectorizedV2Wildcard,adaptive,fm,fm,prefix_japan_201,Japan:%201%,3,6674158,100000014,100000000,6674158,6674158,0,1,0,1990319999,281784236191,2524,2534954,5605319,8140273,130031,118510,23878,1.2196704063643684,43.10755896670794,0.08140273,
job_movie_info_info,movie_info.info,benchmarks/job/../../data/job/movie_info__info.csv,job-csv,utf8,NaiveVectorizedV2Wildcard,adaptive,fm,fm,prefix_japan_201,Japan:%201%,4,6674158,100000014,100000000,6674158,6674158,0,1,0,1990319999,281784236191,2524,2564479,5567807,8132286,130031,118510,23878,1.2184737011020716,42.81907391314379,0.08132286,
job_movie_info_info,movie_info.info,benchmarks/job/../../data/job/movie_info__info.csv,job-csv,utf8,NaiveVectorizedV2Wildcard,adaptive,full-scan,full-scan,prefix_japan_201,Japan:%201%,0,6674158,100000014,100000000,6674158,6674158,0,1,0,1990319999,0,2524,686,40346383,40347069,6674158,4439405,23878,6.04526728315392,6.045164498652864,0.40347069,
job_movie_info_info,movie_info.info,benchmarks/job/../../data/job/movie_info__info.csv,job-csv,utf8,NaiveVectorizedV2Wildcard,adaptive,full-scan,full-scan,prefix_japan_201,Japan:%201%,1,6674158,100000014,100000000,6674158,6674158,0,1,0,1990319999,0,2524,397,42801968,42802365,6674158,4439405,23878,6.413148295260616,6.413088812101841,0.42802365,
job_movie_info_info,movie_info.info,benchmarks/job/../../data/job/movie_info__info.csv,job-csv,utf8,NaiveVectorizedV2Wildcard,adaptive,full-scan,full-scan,prefix_japan_201,Japan:%201%,2,6674158,100000014,100000000,6674158,6674158,0,1,0,1990319999,0,2524,109,48702156,48702265,6674158,4439405,23878,7.297139953833877,7.29712362218575,0.48702265,
job_movie_info_info,movie_info.info,benchmarks/job/../../data/job/movie_info__info.csv,job-csv,utf8,NaiveVectorizedV2Wildcard,adaptive,full-scan,full-scan,prefix_japan_201,Japan:%201%,3,6674158,100000014,100000000,6674158,6674158,0,1,0,1990319999,0,2524,99,39054440,39054539,6674158,4439405,23878,5.851605401010884,5.851590567679099,0.39054539,
job_movie_info_info,movie_info.info,benchmarks/job/../../data/job/movie_info__info.csv,job-csv,utf8,NaiveVectorizedV2Wildcard,adaptive,full-scan,full-scan,prefix_japan_201,Japan:%201%,4,6674158,100000014,100000000,6674158,6674158,0,1,0,1990319999,0,2524,109,39823304,39823413,6674158,4439405,23878,5.966807048919129,5.966790717271002,0.39823413,
job_movie_info_info,movie_info.info,benchmarks/job/../../data/job/movie_info__info.csv,job-csv,utf8,NaiveVectorizedV2Wildcard,adaptive,prefix-btree,prefix-btree,prefix_japan_201,Japan:%201%,0,6674158,100000014,100000000,6674158,6674158,0,1,0,1990319999,1558029554,2524,2007097,5572894,7579991,130031,118510,23878,1.1357224386956377,42.858195353415724,0.07579991,
job_movie_info_info,movie_info.info,benchmarks/job/../../data/job/movie_info__info.csv,job-csv,utf8,NaiveVectorizedV2Wildcard,adaptive,prefix-btree,prefix-btree,prefix_japan_201,Japan:%201%,1,6674158,100000014,100000000,6674158,6674158,0,1,0,1990319999,1558029554,2524,1966882,5618218,7585100,130031,118510,23878,1.136487928514728,43.20675838838431,0.075851,
job_movie_info_info,movie_info.info,benchmarks/job/../../data/job/movie_info__info.csv,job-csv,utf8,NaiveVectorizedV2Wildcard,adaptive,prefix-btree,prefix-btree,prefix_japan_201,Japan:%201%,2,6674158,100000014,100000000,6674158,6674158,0,1,0,1990319999,1558029554,2524,2017015,5480567,7497582,130031,118510,23878,1.123374963553455,42.14815697795141,0.07497582,
job_movie_info_info,movie_info.info,benchmarks/job/../../data/job/movie_info__info.csv,job-csv,utf8,NaiveVectorizedV2Wildcard,adaptive,prefix-btree,prefix-btree,prefix_japan_201,Japan:%201%,3,6674158,100000014,100000000,6674158,6674158,0,1,0,1990319999,1558029554,2524,2160748,5651954,7812702,130031,118510,23878,1.1705899081202453,43.466204212841554,0.07812702,
job_movie_info_info,movie_info.info,benchmarks/job/../../data/job/movie_info__info.csv,job-csv,utf8,NaiveVectorizedV2Wildcard,adaptive,prefix-btree,prefix-btree,prefix_japan_201,Japan:%201%,4,6674158,100000014,100000000,6674158,6674158,0,1,0,1990319999,1558029554,2524,2150800,5695063,7845863,130031,118510,23878,1.175558474941708,43.797732848320784,0.07845863,
job_movie_info_info,movie_info.info,benchmarks/job/../../data/job/movie_info__info.csv,job-csv,utf8,NaiveVectorizedV2Wildcard,adaptive,qgram,full-scan,prefix_japan_201,Japan:%201%,0,6674158,100000014,100000000,6674158,6674158,0,1,0,1990319999,2909990269,2524,596,40655092,40655688,6674158,4439405,23878,6.091508172266824,6.091418872612845,0.40655688,literal-shorter-than-qgram
job_movie_info_info,movie_info.info,benchmarks/job/../../data/job/movie_info__info.csv,job-csv,utf8,NaiveVectorizedV2Wildcard,adaptive,qgram,full-scan,prefix_japan_201,Japan:%201%,1,6674158,100000014,100000000,6674158,6674158,0,1,0,1990319999,2909990269,2524,199,40308881,40309080,6674158,4439405,23878,6.039575329202575,6.039545512707371,0.4030908,literal-shorter-than-qgram
job_movie_info_info,movie_info.info,benchmarks/job/../../data/job/movie_info__info.csv,job-csv,utf8,NaiveVectorizedV2Wildcard,adaptive,qgram,full-scan,prefix_japan_201,Japan:%201%,2,6674158,100000014,100000000,6674158,6674158,0,1,0,1990319999,2909990269,2524,110,39906160,39906270,6674158,4439405,23878,5.97922164863343,5.979205167153669,0.3990627,literal-shorter-than-qgram
job_movie_info_info,movie_info.info,benchmarks/job/../../data/job/movie_info__info.csv,job-csv,utf8,NaiveVectorizedV2Wildcard,adaptive,qgram,full-scan,prefix_japan_201,Japan:%201%,3,6674158,100000014,100000000,6674158,6674158,0,1,0,1990319999,2909990269,2524,109,39781082,39781191,6674158,4439405,23878,5.960480857660247,5.96046452601212,0.39781191,literal-shorter-than-qgram
job_movie_info_info,movie_info.info,benchmarks/job/../../data/job/movie_info__info.csv,job-csv,utf8,NaiveVectorizedV2Wildcard,adaptive,qgram,full-scan,prefix_japan_201,Japan:%201%,4,6674158,100000014,100000000,6674158,6674158,0,1,0,1990319999,2909990269,2524,99,40605476,40605575,6674158,4439405,23878,6.083999659582527,6.083984826250742,0.40605575,literal-shorter-than-qgram
job_movie_info_info,movie_info.info,benchmarks/job/../../data/job/movie_info__info.csv,job-csv,utf8,NaiveVectorizedV2Wildcard,adaptive,trigram,trigram,prefix_japan_201,Japan:%201%,0,6674158,100000014,100000000,6674158,6674158,0,1,0,1990319999,3626250845,2524,516430,5848783,6365213,130031,118510,23878,0.9537102657743494,44.97991248240804,0.06365213,
job_movie_info_info,movie_info.info,benchmarks/job/../../data/job/movie_info__info.csv,job-csv,utf8,NaiveVectorizedV2Wildcard,adaptive,trigram,trigram,prefix_japan_201,Japan:%201%,1,6674158,100000014,100000000,6674158,6674158,0,1,0,1990319999,3626250845,2524,502775,5740744,6243519,130031,118510,23878,0.9354766548829081,44.14904138243957,0.06243519,
job_movie_info_info,movie_info.info,benchmarks/job/../../data/job/movie_info__info.csv,job-csv,utf8,NaiveVectorizedV2Wildcard,adaptive,trigram,trigram,prefix_japan_201,Japan:%201%,2,6674158,100000014,100000000,6674158,6674158,0,1,0,1990319999,3626250845,2524,472626,5791653,6264279,130031,118510,23878,0.9385871596087476,44.54055571363752,0.06264279,
job_movie_info_info,movie_info.info,benchmarks/job/../../data/job/movie_info__info.csv,job-csv,utf8,NaiveVectorizedV2Wildcard,adaptive,trigram,trigram,prefix_japan_201,Japan:%201%,3,6674158,100000014,100000000,6674158,6674158,0,1,0,1990319999,3626250845,2524,507466,5772663,6280129,130031,118510,23878,0.9409619910107013,44.39451361598388,0.06280129,
job_movie_info_info,movie_info.info,benchmarks/job/../../data/job/movie_info__info.csv,job-csv,utf8,NaiveVectorizedV2Wildcard,adaptive,trigram,trigram,prefix_japan_201,Japan:%201%,4,6674158,100000014,100000000,6674158,6674158,0,1,0,1990319999,3626250845,2524,501484,5756584,6258068,130031,118510,23878,0.937656555328777,44.27085848759142,0.06258068,
job_movie_info_info,movie_info.info,benchmarks/job/../../data/job/movie_info__info.csv,job-csv,utf8,NaiveVectorizedV2Wildcard,adaptive,fm,fm,prefix_usa_space_199,USA:% 199%,0,6674158,100000014,100000000,6674158,6674158,0,1,0,1990319999,281784236191,2425,5124723,6586445,11711168,263414,263414,78136,1.7547034397447587,25.00415695445193,0.11711168,
job_movie_info_info,movie_info.info,benchmarks/job/../../data/job/movie_info__info.csv,job-csv,utf8,NaiveVectorizedV2Wildcard,adaptive,fm,fm,prefix_usa_space_199,USA:% 199%,1,6674158,100000014,100000000,6674158,6674158,0,1,0,1990319999,281784236191,2425,5281455,6703715,11985170,263414,263414,78136,1.7957576071768153,25.44934969287889,0.1198517,
job_movie_info_info,movie_info.info,benchmarks/job/../../data/job/movie_info__info.csv,job-csv,utf8,NaiveVectorizedV2Wildcard,adaptive,fm,fm,prefix_usa_space_199,USA:% 199%,2,6674158,100000014,100000000,6674158,6674158,0,1,0,1990319999,281784236191,2425,5119545,6622393,11741938,263414,263414,78136,1.7593137591288668,25.140626542249084,0.11741938,
job_movie_info_info,movie_info.info,benchmarks/job/../../data/job/movie_info__info.csv,job-csv,utf8,NaiveVectorizedV2Wildcard,adaptive,fm,fm,prefix_usa_space_199,USA:% 199%,3,6674158,100000014,100000000,6674158,6674158,0,1,0,1990319999,281784236191,2425,5409533,6673625,12083158,263414,263414,78136,1.8104393093480855,25.33511886232319,0.12083158,
job_movie_info_info,movie_info.info,benchmarks/job/../../data/job/movie_info__info.csv,job-csv,utf8,NaiveVectorizedV2Wildcard,adaptive,fm,fm,prefix_usa_space_199,USA:% 199%,4,6674158,100000014,100000000,6674158,6674158,0,1,0,1990319999,281784236191,2425,5544985,6830975,12375960,263414,263414,78136,1.8543103115029642,25.932467522607,0.1237596,
job_movie_info_info,movie_info.info,benchmarks/job/../../data/job/movie_info__info.csv,job-csv,utf8,NaiveVectorizedV2Wildcard,adaptive,full-scan,full-scan,prefix_usa_space_199,USA:% 199%,0,6674158,100000014,100000000,6674158,6674158,0,1,0,1990319999,0,2425,1113,56254616,56255729,6674158,4607775,78136,8.428887808769286,8.42872104616043,0.56255729,
job_movie_info_info,movie_info.info,benchmarks/job/../../data/job/movie_info__info.csv,job-csv,utf8,NaiveVectorizedV2Wildcard,adaptive,full-scan,full-scan,prefix_usa_space_199,USA:% 199%,1,6674158,100000014,100000000,6674158,6674158,0,1,0,1990319999,0,2425,110,56276376,56276486,6674158,4607775,78136,8.431997864000223,8.431981382520462,0.56276486,
job_movie_info_info,movie_info.info,benchmarks/job/../../data/job/movie_info__info.csv,job-csv,utf8,NaiveVectorizedV2Wildcard,adaptive,full-scan,full-scan,prefix_usa_space_199,USA:% 199%,2,6674158,100000014,100000000,6674158,6674158,0,1,0,1990319999,0,2425,109,56092945,56093054,6674158,4607775,78136,8.404513947676996,8.404497616028868,0.56093054,
job_movie_info_info,movie_info.info,benchmarks/job/../../data/job/movie_info__info.csv,job-csv,utf8,NaiveVectorizedV2Wildcard,adaptive,full-scan,full-scan,prefix_usa_space_199,USA:% 199%,3,6674158,100000014,100000000,6674158,6674158,0,1,0,1990319999,0,2425,109,56081525,56081634,6674158,4607775,78136,8.402802870414515,8.402786538766389,0.56081634,
job_movie_info_info,movie_info.info,benchmarks/job/../../data/job/movie_info__info.csv,job-csv,utf8,NaiveVectorizedV2Wildcard,adaptive,full-scan,full-scan,prefix_usa_space_199,USA:% 199%,4,6674158,100000014,100000000,6674158,6674158,0,1,0,1990319999,0,2425,109,55319226,55319335,6674158,4607775,78136,8.288586365501086,8.28857003385296,0.55319335,
job_movie_info_info,movie_info.info,benchmarks/job/../../data/job/movie_info__info.csv,job-csv,utf8,NaiveVectorizedV2Wildcard,adaptive,prefix-btree,prefix-btree,prefix_usa_space_199,USA:% 199%,0,6674158,100000014,100000000,6674158,6674158,0,1,0,1990319999,1558029554,2425,12832122,22815687,35647809,935876,819018,78136,5.341169477857731,24.378963666126708,0.35647809,
job_movie_info_info,movie_info.info,benchmarks/job/../../data/job/movie_info__info.csv,job-csv,utf8,NaiveVectorizedV2Wildcard,adaptive,prefix-btree,prefix-btree,prefix_usa_space_199,USA:% 199%,1,6674158,100000014,100000000,6674158,6674158,0,1,0,1990319999,1558029554,2425,13010320,23129277,36139597,935876,819018,78136,5.41485487757407,24.71404010787754,0.36139597,
job_movie_info_info,movie_info.info,benchmarks/job/../../data/job/movie_info__info.csv,job-csv,utf8,NaiveVectorizedV2Wildcard,adaptive,prefix-btree,prefix-btree,prefix_usa_space_199,USA:% 199%,2,6674158,100000014,100000000,6674158,6674158,0,1,0,1990319999,1558029554,2425,13249038,23498756,36747794,935876,819018,78136,5.505982027995142,25.108834931123354,0.36747794,
job_movie_info_info,movie_info.info,benchmarks/job/../../data/job/movie_info__info.csv,job-csv,utf8,NaiveVectorizedV2Wildcard,adaptive,prefix-btree,prefix-btree,prefix_usa_space_199,USA:% 199%,3,6674158,100000014,100000000,6674158,6674158,0,1,0,1990319999,1558029554,2425,12773619,23242231,36015850,935876,819018,78136,5.396313662337631,24.834733447593486,0.3601585,
job_movie_info_info,movie_info.info,benchmarks/job/../../data/job/movie_info__info.csv,job-csv,utf8,NaiveVectorizedV2Wildcard,adaptive,prefix-btree,prefix-btree,prefix_usa_space_199,USA:% 199%,4,6674158,100000014,100000000,6674158,6674158,0,1,0,1990319999,1558029554,2425,13030233,26793771,39824004,935876,819018,78136,5.966895599414937,28.62961653039505,0.39824004,
job_movie_info_info,movie_info.info,benchmarks/job/../../data/job/movie_info__info.csv,job-csv,utf8,NaiveVectorizedV2Wildcard,adaptive,qgram,full-scan,prefix_usa_space_199,USA:% 199%,0,6674158,100000014,100000000,6674158,6674158,0,1,0,1990319999,2909990269,2425,646,55264280,55264926,6674158,4607775,78136,8.280434176116298,8.28033738488061,0.55264926,literal-shorter-than-qgram
job_movie_info_info,movie_info.info,benchmarks/job/../../data/job/movie_info__info.csv,job-csv,utf8,NaiveVectorizedV2Wildcard,adaptive,qgram,full-scan,prefix_usa_space_199,USA:% 199%,1,6674158,100000014,100000000,6674158,6674158,0,1,0,1990319999,2909990269,2425,110,55796475,55796585,6674158,4607775,78136,8.360093512919532,8.36007703143977,0.55796585,literal-shorter-than-qgram
job_movie_info_info,movie_info.info,benchmarks/job/../../data/job/movie_info__info.csv,job-csv,utf8,NaiveVectorizedV2Wildcard,adaptive,qgram,full-scan,prefix_usa_space_199,USA:% 199%,2,6674158,100000014,100000000,6674158,6674158,0,1,0,1990319999,2909990269,2425,109,56308261,56308370,6674158,4607775,78136,8.43677509582482,8.436758764176695,0.5630837,literal-shorter-than-qgram
job_movie_info_info,movie_info.info,benchmarks/job/../../data/job/movie_info__info.csv,job-csv,utf8,NaiveVectorizedV2Wildcard,adaptive,qgram,full-scan,prefix_usa_space_199,USA:% 199%,3,6674158,100000014,100000000,6674158,6674158,0,1,0,1990319999,2909990269,2425,129,55678849,55678978,6674158,4607775,78136,8.342472263917037,8.342452935636226,0.55678978,literal-shorter-than-qgram
job_movie_info_info,movie_info.info,benchmarks/job/../../data/job/movie_info__info.csv,job-csv,utf8,NaiveVectorizedV2Wildcard,adaptive,qgram,full-scan,prefix_usa_space_199,USA:% 199%,4,6674158,100000014,100000000,6674158,6674158,0,1,0,1990319999,2909990269,2425,109,56078128,56078237,6674158,4607775,78136,8.402293892353162,8.402277560705036,0.56078237,literal-shorter-than-qgram
job_movie_info_info,movie_info.info,benchmarks/job/../../data/job/movie_info__info.csv,job-csv,utf8,NaiveVectorizedV2Wildcard,adaptive,trigram,trigram,prefix_usa_space_199,USA:% 199%,0,6674158,100000014,100000000,6674158,6674158,0,1,0,1990319999,3626250845,2425,1211698,6846455,8058153,263414,263414,78136,1.2073662325644674,25.991234330749315,0.08058153,
job_movie_info_info,movie_info.info,benchmarks/job/../../data/job/movie_info__info.csv,job-csv,utf8,NaiveVectorizedV2Wildcard,adaptive,trigram,trigram,prefix_usa_space_199,USA:% 199%,1,6674158,100000014,100000000,6674158,6674158,0,1,0,1990319999,3626250845,2425,1058719,6715526,7774245,263414,263414,78136,1.1648278329640982,25.494187856378172,0.07774245,
job_movie_info_info,movie_info.info,benchmarks/job/../../data/job/movie_info__info.csv,job-csv,utf8,NaiveVectorizedV2Wildcard,adaptive,trigram,trigram,prefix_usa_space_199,USA:% 199%,2,6674158,100000014,100000000,6674158,6674158,0,1,0,1990319999,3626250845,2425,1039522,6650255,7689777,263414,263414,78136,1.152171854487113,25.24639920429438,0.07689777,
job_movie_info_info,movie_info.info,benchmarks/job/../../data/job/movie_info__info.csv,job-csv,utf8,NaiveVectorizedV2Wildcard,adaptive,trigram,trigram,prefix_usa_space_199,USA:% 199%,3,6674158,100000014,100000000,6674158,6674158,0,1,0,1990319999,3626250845,2425,1065904,6624878,7690782,263414,263414,78136,1.1523224352794765,25.150060361256426,0.07690782,
job_movie_info_info,movie_info.info,benchmarks/job/../../data/job/movie_info__info.csv,job-csv,utf8,NaiveVectorizedV2Wildcard,adaptive,trigram,trigram,prefix_usa_space_199,USA:% 199%,4,6674158,100000014,100000000,6674158,6674158,0,1,0,1990319999,3626250845,2425,1055739,6613520,7669259,263414,263414,78136,1.149097609016748,25.106941924119447,0.07669259,
job_movie_info_info,movie_info.info,benchmarks/job/../../data/job/movie_info__info.csv,job-csv,utf8,NaiveVectorizedV2Wildcard,adaptive,fm,fm,prefix_usa_space_200,USA:% 200%,0,6674158,100000014,100000000,6674158,6674158,0,1,0,1990319999,281784236191,2335,17919636,15481673,33401309,885461,885461,268914,5.004572711643926,17.484308173934256,0.33401309,
job_movie_info_info,movie_info.info,benchmarks/job/../../data/job/movie_info__info.csv,job-csv,utf8,NaiveVectorizedV2Wildcard,adaptive,fm,fm,prefix_usa_space_200,USA:% 200%,1,6674158,100000014,100000000,6674158,6674158,0,1,0,1990319999,281784236191,2335,18243278,15370764,33614042,885461,885461,268914,5.036446844680633,17.359052516146956,0.33614042,
job_movie_info_info,movie_info.info,benchmarks/job/../../data/job/movie_info__info.csv,job-csv,utf8,NaiveVectorizedV2Wildcard,adaptive,fm,fm,prefix_usa_space_200,USA:% 200%,2,6674158,100000014,100000000,6674158,6674158,0,1,0,1990319999,281784236191,2335,18577930,15417807,33995737,885461,885461,268914,5.093636830293799,17.41218077363091,0.33995737,
job_movie_info_info,movie_info.info,benchmarks/job/../../data/job/movie_info__info.csv,job-csv,utf8,NaiveVectorizedV2Wildcard,adaptive,fm,fm,prefix_usa_space_200,USA:% 200%,3,6674158,100000014,100000000,6674158,6674158,0,1,0,1990319999,281784236191,2335,17269388,15188877,32458265,885461,885461,268914,4.863274888008345,17.153637483751403,0.32458265,
job_movie_info_info,movie_info.info,benchmarks/job/../../data/job/movie_info__info.csv,job-csv,utf8,NaiveVectorizedV2Wildcard,adaptive,fm,fm,prefix_usa_space_200,USA:% 200%,4,6674158,100000014,100000000,6674158,6674158,0,1,0,1990319999,281784236191,2335,19154837,15395065,34549902,885461,885461,268914,5.176668277856173,17.38649697728076,0.34549902,
job_movie_info_info,movie_info.info,benchmarks/job/../../data/job/movie_info__info.csv,job-csv,utf8,NaiveVectorizedV2Wildcard,adaptive,full-scan,full-scan,prefix_usa_space_200,USA:% 200%,0,6674158,100000014,100000000,6674158,6674158,0,1,0,1990319999,0,2335,695,65023632,65024327,6674158,4607775,268914,9.742701176687756,9.742597043701991,0.65024327,
job_movie_info_info,movie_info.info,benchmarks/job/../../data/job/movie_info__info.csv,job-csv,utf8,NaiveVectorizedV2Wildcard,adaptive,full-scan,full-scan,prefix_usa_space_200,USA:% 200%,1,6674158,100000014,100000000,6674158,6674158,0,1,0,1990319999,0,2335,109,63023048,63023157,6674158,4607775,268914,9.442862605290435,9.442846273642308,0.63023157,
job_movie_info_info,movie_info.info,benchmarks/job/../../data/job/movie_info__info.csv,job-csv,utf8,NaiveVectorizedV2Wildcard,adaptive,full-scan,full-scan,prefix_usa_space_200,USA:% 200%,2,6674158,100000014,100000000,6674158,6674158,0,1,0,1990319999,0,2335,110,57739268,57739378,6674158,4607775,268914,8.651185363007588,8.651168881527827,0.57739378,
job_movie_info_info,movie_info.info,benchmarks/job/../../data/job/movie_info__info.csv,job-csv,utf8,NaiveVectorizedV2Wildcard,adaptive,full-scan,full-scan,prefix_usa_space_200,USA:% 200%,3,6674158,100000014,100000000,6674158,6674158,0,1,0,1990319999,0,2335,110,57587948,57588058,6674158,4607775,268914,8.628512840121555,8.628496358641794,0.57588058,
job_movie_info_info,movie_info.info,benchmarks/job/../../data/job/movie_info__info.csv,job-csv,utf8,NaiveVectorizedV2Wildcard,adaptive,full-scan,full-scan,prefix_usa_space_200,USA:% 200%,4,6674158,100000014,100000000,6674158,6674158,0,1,0,1990319999,0,2335,150,57297003,57297153,6674158,4607775,268914,8.58492606857674,8.584903593831612,0.57297153,
job_movie_info_info,movie_info.info,benchmarks/job/../../data/job/movie_info__info.csv,job-csv,utf8,NaiveVectorizedV2Wildcard,adaptive,prefix-btree,prefix-btree,prefix_usa_space_200,USA:% 200%,0,6674158,100000014,100000000,6674158,6674158,0,1,0,1990319999,1558029554,2335,13410636,25249243,38659879,935876,819018,268914,5.7924728482604095,26.979261141433266,0.38659879,
job_movie_info_info,movie_info.info,benchmarks/job/../../data/job/movie_info__info.csv,job-csv,utf8,NaiveVectorizedV2Wildcard,adaptive,prefix-btree,prefix-btree,prefix_usa_space_200,USA:% 200%,1,6674158,100000014,100000000,6674158,6674158,0,1,0,1990319999,1558029554,2335,13102157,25482836,38584993,935876,819018,268914,5.781252556502259,27.228859378806593,0.38584993,
job_movie_info_info,movie_info.info,benchmarks/job/../../data/job/movie_info__info.csv,job-csv,utf8,NaiveVectorizedV2Wildcard,adaptive,prefix-btree,prefix-btree,prefix_usa_space_200,USA:% 200%,2,6674158,100000014,100000000,6674158,6674158,0,1,0,1990319999,1558029554,2335,12949284,25451109,38400393,935876,819018,268914,5.753593636830294,27.194958520145832,0.38400393,
job_movie_info_info,movie_info.info,benchmarks/job/../../data/job/movie_info__info.csv,job-csv,utf8,NaiveVectorizedV2Wildcard,adaptive,prefix-btree,prefix-btree,prefix_usa_space_200,USA:% 200%,3,6674158,100000014,100000000,6674158,6674158,0,1,0,1990319999,1558029554,2335,13097612,25547621,38645233,935876,819018,268914,5.790278414146024,27.298083293085835,0.38645233,
job_movie_info_info,movie_info.info,benchmarks/job/../../data/job/movie_info__info.csv,job-csv,utf8,NaiveVectorizedV2Wildcard,adaptive,prefix-btree,prefix-btree,prefix_usa_space_200,USA:% 200%,4,6674158,100000014,100000000,6674158,6674158,0,1,0,1990319999,1558029554,2335,14410366,25595836,40006202,935876,819018,268914,5.9941946235015715,27.34960187033325,0.40006202,
job_movie_info_info,movie_info.info,benchmarks/job/../../data/job/movie_info__info.csv,job-csv,utf8,NaiveVectorizedV2Wildcard,adaptive,qgram,full-scan,prefix_usa_space_200,USA:% 200%,0,6674158,100000014,100000000,6674158,6674158,0,1,0,1990319999,2909990269,2335,530,59104347,59104877,6674158,4607775,268914,8.855780309666029,8.855700898899906,0.59104877,literal-shorter-than-qgram
job_movie_info_info,movie_info.info,benchmarks/job/../../data/job/movie_info__info.csv,job-csv,utf8,NaiveVectorizedV2Wildcard,adaptive,qgram,full-scan,prefix_usa_space_200,USA:% 200%,1,6674158,100000014,100000000,6674158,6674158,0,1,0,1990319999,2909990269,2335,110,58345838,58345948,6674158,4607775,268914,8.742068737359828,8.742052255880068,0.58345948,literal-shorter-than-qgram
job_movie_info_info,movie_info.info,benchmarks/job/../../data/job/movie_info__info.csv,job-csv,utf8,NaiveVectorizedV2Wildcard,adaptive,qgram,full-scan,prefix_usa_space_200,USA:% 200%,2,6674158,100000014,100000000,6674158,6674158,0,1,0,1990319999,2909990269,2335,100,58278457,58278557,6674158,4607775,268914,8.731971433699952,8.731956450536533,0.58278557,literal-shorter-than-qgram
job_movie_info_info,movie_info.info,benchmarks/job/../../data/job/movie_info__info.csv,job-csv,utf8,NaiveVectorizedV2Wildcard,adaptive,qgram,full-scan,prefix_usa_space_200,USA:% 200%,3,6674158,100000014,100000000,6674158,6674158,0,1,0,1990319999,2909990269,2335,110,57766305,57766415,6674158,4607775,268914,8.655236360901256,8.655219879421495,0.57766415,literal-shorter-than-qgram
job_movie_info_info,movie_info.info,benchmarks/job/../../data/job/movie_info__info.csv,job-csv,utf8,NaiveVectorizedV2Wildcard,adaptive,qgram,full-scan,prefix_usa_space_200,USA:% 200%,4,6674158,100000014,100000000,6674158,6674158,0,1,0,1990319999,2909990269,2335,110,58977429,58977539,6674158,4607775,268914,8.836701049031204,8.836684567551442,0.58977539,literal-shorter-than-qgram
job_movie_info_info,movie_info.info,benchmarks/job/../../data/job/movie_info__info.csv,job-csv,utf8,NaiveVectorizedV2Wildcard,adaptive,trigram,trigram,prefix_usa_space_200,USA:% 200%,0,6674158,100000014,100000000,6674158,6674158,0,1,0,1990319999,3626250845,2335,2672815,15991803,18664618,885461,885461,268914,2.7965502165216947,18.06042615089767,0.18664618,
job_movie_info_info,movie_info.info,benchmarks/job/../../data/job/movie_info__info.csv,job-csv,utf8,NaiveVectorizedV2Wildcard,adaptive,trigram,trigram,prefix_usa_space_200,USA:% 200%,1,6674158,100000014,100000000,6674158,6674158,0,1,0,1990319999,3626250845,2335,2702598,16056642,18759240,885461,885461,268914,2.8107275854122724,18.133652413827374,0.1875924,
job_movie_info_info,movie_info.info,benchmarks/job/../../data/job/movie_info__info.csv,job-csv,utf8,NaiveVectorizedV2Wildcard,adaptive,trigram,trigram,prefix_usa_space_200,USA:% 200%,2,6674158,100000014,100000000,6674158,6674158,0,1,0,1990319999,3626250845,2335,2669232,15979174,18648406,885461,885461,268914,2.7941211460681634,18.046163523859324,0.18648406,
job_movie_info_info,movie_info.info,benchmarks/job/../../data/job/movie_info__info.csv,job-csv,utf8,NaiveVectorizedV2Wildcard,adaptive,trigram,trigram,prefix_usa_space_200,USA:% 200%,3,6674158,100000014,100000000,6674158,6674158,0,1,0,1990319999,3626250845,2335,2812594,15891684,18704278,885461,885461,268914,2.8024925391337754,17.947356235904234,0.18704278,
job_movie_info_info,movie_info.info,benchmarks/job/../../data/job/movie_info__info.csv,job-csv,utf8,NaiveVectorizedV2Wildcard,adaptive,trigram,trigram,prefix_usa_space_200,USA:% 200%,4,6674158,100000014,100000000,6674158,6674158,0,1,0,1990319999,3626250845,2335,2887274,16252015,19139289,885461,885461,268914,2.8676709481555576,18.354297930682435,0.19139289,
job_movie_info_info,movie_info.info,benchmarks/job/../../data/job/movie_info__info.csv,job-csv,utf8,NaiveVectorizedV2Wildcard,adaptive,fm,fm,prefix_usa_200,USA:%200%,0,6674158,100000014,100000000,6674158,6674158,0,1,0,1990319999,281784236191,2992,19544686,27858612,47403298,935876,833915,294734,7.102513605461543,29.76741790579094,0.47403298,
job_movie_info_info,movie_info.info,benchmarks/job/../../data/job/movie_info__info.csv,job-csv,utf8,NaiveVectorizedV2Wildcard,adaptive,fm,fm,prefix_usa_200,USA:%200%,1,6674158,100000014,100000000,6674158,6674158,0,1,0,1990319999,281784236191,2992,19643354,26864543,46507897,935876,833915,294734,6.9683542103738025,28.70523765968996,0.46507897,
job_movie_info_info,movie_info.info,benchmarks/job/../../data/job/movie_info__info.csv,job-csv,utf8,NaiveVectorizedV2Wildcard,adaptive,fm,fm,prefix_usa_200,USA:%200%,2,6674158,100000014,100000000,6674158,6674158,0,1,0,1990319999,281784236191,2992,19168081,26728496,45896577,935876,833915,294734,6.876759135759148,28.55986904247999,0.45896577,
job_movie_info_info,movie_info.info,benchmarks/job/../../data/job/movie_info__info.csv,job-csv,utf8,NaiveVectorizedV2Wildcard,adaptive,fm,fm,prefix_usa_200,USA:%200%,3,6674158,100000014,100000000,6674158,6674158,0,1,0,1990319999,281784236191,2992,18934639,26699904,45634543,935876,833915,294734,6.837498153325108,28.52931798657087,0.45634543,
job_movie_info_info,movie_info.info,benchmarks/job/../../data/job/movie_info__info.csv,job-csv,utf8,NaiveVectorizedV2Wildcard,adaptive,fm,fm,prefix_usa_200,USA:%200%,4,6674158,100000014,100000000,6674158,6674158,0,1,0,1990319999,281784236191,2992,19609318,26790015,46399333,935876,833915,294734,6.952087888839311,28.625603178198823,0.46399333,
job_movie_info_info,movie_info.info,benchmarks/job/../../data/job/movie_info__info.csv,job-csv,utf8,NaiveVectorizedV2Wildcard,adaptive,full-scan,full-scan,prefix_usa_200,USA:%200%,0,6674158,100000014,100000000,6674158,6674158,0,1,0,1990319999,0,2992,891,65442116,65443007,6674158,5402091,294734,9.805432685291539,9.805299185305472,0.65443007,
job_movie_info_info,movie_info.info,benchmarks/job/../../data/job/movie_info__info.csv,job-csv,utf8,NaiveVectorizedV2Wildcard,adaptive,full-scan,full-scan,prefix_usa_200,USA:%200%,1,6674158,100000014,100000000,6674158,6674158,0,1,0,1990319999,0,2992,110,63971661,63971771,6674158,5402091,294734,9.584994991128468,9.584978509648709,0.63971771,
job_movie_info_info,movie_info.info,benchmarks/job/../../data/job/movie_info__info.csv,job-csv,utf8,NaiveVectorizedV2Wildcard,adaptive,full-scan,full-scan,prefix_usa_200,USA:%200%,2,6674158,100000014,100000000,6674158,6674158,0,1,0,1990319999,0,2992,120,64369345,64369465,6674158,5402091,294734,9.644582133057083,9.64456415326098,0.64369465,
job_movie_info_info,movie_info.info,benchmarks/job/../../data/job/movie_info__info.csv,job-csv,utf8,NaiveVectorizedV2Wildcard,adaptive,full-scan,full-scan,prefix_usa_200,USA:%200%,3,6674158,100000014,100000000,6674158,6674158,0,1,0,1990319999,0,2992,100,64405243,64405343,6674158,5402091,294734,9.649957792428648,9.649942809265228,0.64405343,
job_movie_info_info,movie_info.info,benchmarks/job/../../data/job/movie_info__info.csv,job-csv,utf8,NaiveVectorizedV2Wildcard,adaptive,full-scan,full-scan,prefix_usa_200,USA:%200%,4,6674158,100000014,100000000,6674158,6674158,0,1,0,1990319999,0,2992,110,66237339,66237449,6674158,5402091,294734,9.924465228422822,9.92444874694306,0.66237449,
job_movie_info_info,movie_info.info,benchmarks/job/../../data/job/movie_info__info.csv,job-csv,utf8,NaiveVectorizedV2Wildcard,adaptive,prefix-btree,prefix-btree,prefix_usa_200,USA:%200%,0,6674158,100000014,100000000,6674158,6674158,0,1,0,1990319999,1558029554,2992,13124255,27192550,40316805,935876,833915,294734,6.0407327785767135,29.055718920027868,0.40316805,
job_movie_info_info,movie_info.info,benchmarks/job/../../data/job/movie_info__info.csv,job-csv,utf8,NaiveVectorizedV2Wildcard,adaptive,prefix-btree,prefix-btree,prefix_usa_200,USA:%200%,1,6674158,100000014,100000000,6674158,6674158,0,1,0,1990319999,1558029554,2992,13044463,27057123,40101586,935876,833915,294734,6.008486164097404,28.911012783744855,0.40101586,
job_movie_info_info,movie_info.info,benchmarks/job/../../data/job/movie_info__info.csv,job-csv,utf8,NaiveVectorizedV2Wildcard,adaptive,prefix-btree,prefix-btree,prefix_usa_200,USA:%200%,2,6674158,100000014,100000000,6674158,6674158,0,1,0,1990319999,1558029554,2992,12836354,27067704,39904058,935876,833915,294734,5.978890221058596,28.92231876872577,0.39904058,
job_movie_info_info,movie_info.info,benchmarks/job/../../data/job/movie_info__info.csv,job-csv,utf8,NaiveVectorizedV2Wildcard,adaptive,prefix-btree,prefix-btree,prefix_usa_200,USA:%200%,3,6674158,100000014,100000000,6674158,6674158,0,1,0,1990319999,1558029554,2992,12853345,27165084,40018429,935876,833915,294734,5.996026614892845,29.02637101496352,0.40018429,
job_movie_info_info,movie_info.info,benchmarks/job/../../data/job/movie_info__info.csv,job-csv,utf8,NaiveVectorizedV2Wildcard,adaptive,prefix-btree,prefix-btree,prefix_usa_200,USA:%200%,4,6674158,100000014,100000000,6674158,6674158,0,1,0,1990319999,1558029554,2992,13466225,27673103,41139328,935876,833915,294734,6.1639727438277605,29.569198269856262,0.41139328,
job_movie_info_info,movie_info.info,benchmarks/job/../../data/job/movie_info__info.csv,job-csv,utf8,NaiveVectorizedV2Wildcard,adaptive,qgram,full-scan,prefix_usa_200,USA:%200%,0,6674158,100000014,100000000,6674158,6674158,0,1,0,1990319999,2909990269,2992,540,77878413,77878953,6674158,5402091,294734,11.668730797203184,11.668649888120719,0.77878953,literal-shorter-than-qgram
job_movie_info_info,movie_info.info,benchmarks/job/../../data/job/movie_info__info.csv,job-csv,utf8,NaiveVectorizedV2Wildcard,adaptive,qgram,full-scan,prefix_usa_200,USA:%200%,1,6674158,100000014,100000000,6674158,6674158,0,1,0,1990319999,2909990269,2992,120,64646331,64646451,6674158,5402091,294734,9.686083398085572,9.686065418289468,0.64646451,literal-shorter-than-qgram
job_movie_info_info,movie_info.info,benchmarks/job/../../data/job/movie_info__info.csv,job-csv,utf8,NaiveVectorizedV2Wildcard,adaptive,qgram,full-scan,prefix_usa_200,USA:%200%,2,6674158,100000014,100000000,6674158,6674158,0,1,0,1990319999,2909990269,2992,100,64230759,64230859,6674158,5402091,294734,9.623814569568177,9.623799586404758,0.64230859,literal-shorter-than-qgram
job_movie_info_info,movie_info.info,benchmarks/job/../../data/job/movie_info__info.csv,job-csv,utf8,NaiveVectorizedV2Wildcard,adaptive,qgram,full-scan,prefix_usa_200,USA:%200%,3,6674158,100000014,100000000,6674158,6674158,0,1,0,1990319999,2909990269,2992,110,64037184,64037294,6674158,5402091,294734,9.594812409295674,9.594795927815913,0.64037294,literal-shorter-than-qgram
job_movie_info_info,movie_info.info,benchmarks/job/../../data/job/movie_info__info.csv,job-csv,utf8,NaiveVectorizedV2Wildcard,adaptive,qgram,full-scan,prefix_usa_200,USA:%200%,4,6674158,100000014,100000000,6674158,6674158,0,1,0,1990319999,2909990269,2992,100,63130047,63130147,6674158,5402091,294734,9.458893091832708,9.458878108669289,0.63130147,literal-shorter-than-qgram
job_movie_info_info,movie_info.info,benchmarks/job/../../data/job/movie_info__info.csv,job-csv,utf8,NaiveVectorizedV2Wildcard,adaptive,trigram,trigram,prefix_usa_200,USA:%200%,0,6674158,100000014,100000000,6674158,6674158,0,1,0,1990319999,3626250845,2992,1695971,26996255,28692226,935876,833915,294734,4.299003110205063,28.84597425299933,0.28692226,
job_movie_info_info,movie_info.info,benchmarks/job/../../data/job/movie_info__info.csv,job-csv,utf8,NaiveVectorizedV2Wildcard,adaptive,trigram,trigram,prefix_usa_200,USA:%200%,1,6674158,100000014,100000000,6674158,6674158,0,1,0,1990319999,3626250845,2992,1537490,27046031,28583521,935876,833915,294734,4.2827156624101494,28.899160786258008,0.28583521,
job_movie_info_info,movie_info.info,benchmarks/job/../../data/job/movie_info__info.csv,job-csv,utf8,NaiveVectorizedV2Wildcard,adaptive,trigram,trigram,prefix_usa_200,USA:%200%,2,6674158,100000014,100000000,6674158,6674158,0,1,0,1990319999,3626250845,2992,1583062,27972230,29555292,935876,833915,294734,4.428317699401183,29.888820741209305,0.29555292,
job_movie_info_info,movie_info.info,benchmarks/job/../../data/job/movie_info__info.csv,job-csv,utf8,NaiveVectorizedV2Wildcard,adaptive,trigram,trigram,prefix_usa_200,USA:%200%,3,6674158,100000014,100000000,6674158,6674158,0,1,0,1990319999,3626250845,2992,1676978,27018062,28695040,935876,833915,294734,4.29942473642368,28.869275416828724,0.2869504,
job_movie_info_info,movie_info.info,benchmarks/job/../../data/job/movie_info__info.csv,job-csv,utf8,NaiveVectorizedV2Wildcard,adaptive,trigram,trigram,prefix_usa_200,USA:%200%,4,6674158,100000014,100000000,6674158,6674158,0,1,0,1990319999,3626250845,2992,1517626,27622865,29140491,935876,833915,294734,4.366167387706434,29.515518081455234,0.29140491,
job_movie_info_info,movie_info.info,benchmarks/job/../../data/job/movie_info__info.csv,job-csv,utf8,NaiveVectorizedV2Wildcard,adaptive,fm,fm,prefix_usa_2008,USA:%2008%,0,6674158,100000014,100000000,6674158,6674158,0,1,0,1990319999,281784236191,2742,2619590,5227350,7846940,135571,135355,45638,1.1757198436117335,38.55802494633808,0.0784694,
job_movie_info_info,movie_info.info,benchmarks/job/../../data/job/movie_info__info.csv,job-csv,utf8,NaiveVectorizedV2Wildcard,adaptive,fm,fm,prefix_usa_2008,USA:%2008%,1,6674158,100000014,100000000,6674158,6674158,0,1,0,1990319999,281784236191,2742,2944637,5244813,8189450,135571,135355,45638,1.2270386766390606,38.68683568019709,0.0818945,
job_movie_info_info,movie_info.info,benchmarks/job/../../data/job/movie_info__info.csv,job-csv,utf8,NaiveVectorizedV2Wildcard,adaptive,fm,fm,prefix_usa_2008,USA:%2008%,2,6674158,100000014,100000000,6674158,6674158,0,1,0,1990319999,281784236191,2742,2552412,5079376,7631788,135571,135355,45638,1.143483267851915,37.46653782888671,0.07631788,
job_movie_info_info,movie_info.info,benchmarks/job/../../data/job/movie_info__info.csv,job-csv,utf8,NaiveVectorizedV2Wildcard,adaptive,fm,fm,prefix_usa_2008,USA:%2008%,3,6674158,100000014,100000000,6674158,6674158,0,1,0,1990319999,281784236191,2742,2519129,5477417,7996546,135571,135355,45638,1.1981355550767603,40.40257134637939,0.07996546,
job_movie_info_info,movie_info.info,benchmarks/job/../../data/job/movie_info__info.csv,job-csv,utf8,NaiveVectorizedV2Wildcard,adaptive,fm,fm,prefix_usa_2008,USA:%2008%,4,6674158,100000014,100000000,6674158,6674158,0,1,0,1990319999,281784236191,2742,2786457,5239118,8025575,135571,135355,45638,1.202485017585739,38.64482817121656,0.08025575,
job_movie_info_info,movie_info.info,benchmarks/job/../../data/job/movie_info__info.csv,job-csv,utf8,NaiveVectorizedV2Wildcard,adaptive,full-scan,full-scan,prefix_usa_2008,USA:%2008%,0,6674158,100000014,100000000,6674158,6674158,0,1,0,1990319999,0,2742,530,57322237,57322767,6674158,4607775,45638,8.588763856054952,8.588684445288829,0.57322767,
job_movie_info_info,movie_info.info,benchmarks/job/../../data/job/movie_info__info.csv,job-csv,utf8,NaiveVectorizedV2Wildcard,adaptive,full-scan,full-scan,prefix_usa_2008,USA:%2008%,1,6674158,100000014,100000000,6674158,6674158,0,1,0,1990319999,0,2742,120,59928890,59929010,6674158,4607775,45638,8.979261503848125,8.979243524052023,0.5992901,
job_movie_info_info,movie_info.info,benchmarks/job/../../data/job/movie_info__info.csv,job-csv,utf8,NaiveVectorizedV2Wildcard,adaptive,full-scan,full-scan,prefix_usa_2008,USA:%2008%,2,6674158,100000014,100000000,6674158,6674158,0,1,0,1990319999,0,2742,180,57197472,57197652,6674158,4607775,45638,8.570017671142937,8.569990701448782,0.57197652,
job_movie_info_info,movie_info.info,benchmarks/job/../../data/job/movie_info__info.csv,job-csv,utf8,NaiveVectorizedV2Wildcard,adaptive,full-scan,full-scan,prefix_usa_2008,USA:%2008%,3,6674158,100000014,100000000,6674158,6674158,0,1,0,1990319999,0,2742,110,56258279,56258389,6674158,4607775,45638,8.429286360916239,8.429269879436477,0.56258389,
job_movie_info_info,movie_info.info,benchmarks/job/../../data/job/movie_info__info.csv,job-csv,utf8,NaiveVectorizedV2Wildcard,adaptive,full-scan,full-scan,prefix_usa_2008,USA:%2008%,4,6674158,100000014,100000000,6674158,6674158,0,1,0,1990319999,0,2742,120,56368836,56368956,6674158,4607775,45638,8.445852795214018,8.445834815417914,0.56368956,
job_movie_info_info,movie_info.info,benchmarks/job/../../data/job/movie_info__info.csv,job-csv,utf8,NaiveVectorizedV2Wildcard,adaptive,prefix-btree,prefix-btree,prefix_usa_2008,USA:%2008%,0,6674158,100000014,100000000,6674158,6674158,0,1,0,1990319999,1558029554,2742,13089231,24790432,37879663,935876,819018,45638,5.675571809957151,26.489013501788698,0.37879663,
job_movie_info_info,movie_info.info,benchmarks/job/../../data/job/movie_info__info.csv,job-csv,utf8,NaiveVectorizedV2Wildcard,adaptive,prefix-btree,prefix-btree,prefix_usa_2008,USA:%2008%,1,6674158,100000014,100000000,6674158,6674158,0,1,0,1990319999,1558029554,2742,13261299,24281320,37542619,935876,819018,45638,5.625071956642321,25.94501835713278,0.37542619,
job_movie_info_info,movie_info.info,benchmarks/job/../../data/job/movie_info__info.csv,job-csv,utf8,NaiveVectorizedV2Wildcard,adaptive,prefix-btree,prefix-btree,prefix_usa_2008,USA:%2008%,2,6674158,100000014,100000000,6674158,6674158,0,1,0,1990319999,1558029554,2742,13556974,24225942,37782916,935876,819018,45638,5.661076048843914,25.88584598814373,0.37782916,
job_movie_info_info,movie_info.info,benchmarks/job/../../data/job/movie_info__info.csv,job-csv,utf8,NaiveVectorizedV2Wildcard,adaptive,prefix-btree,prefix-btree,prefix_usa_2008,USA:%2008%,3,6674158,100000014,100000000,6674158,6674158,0,1,0,1990319999,1558029554,2742,13073427,23839967,36913394,935876,819018,45638,5.530794146617446,25.473424898170272,0.36913394,
job_movie_info_info,movie_info.info,benchmarks/job/../../data/job/movie_info__info.csv,job-csv,utf8,NaiveVectorizedV2Wildcard,adaptive,prefix-btree,prefix-btree,prefix_usa_2008,USA:%2008%,4,6674158,100000014,100000000,6674158,6674158,0,1,0,1990319999,1558029554,2742,13123651,24134662,37258313,935876,819018,45638,5.582473924051543,25.78831169941317,0.37258313,
job_movie_info_info,movie_info.info,benchmarks/job/../../data/job/movie_info__info.csv,job-csv,utf8,NaiveVectorizedV2Wildcard,adaptive,qgram,full-scan,prefix_usa_2008,USA:%2008%,0,6674158,100000014,100000000,6674158,6674158,0,1,0,1990319999,2909990269,2742,560,56312544,56313104,6674158,4607775,45638,8.43748439878109,8.437400493065942,0.56313104,literal-shorter-than-qgram
job_movie_info_info,movie_info.info,benchmarks/job/../../data/job/movie_info__info.csv,job-csv,utf8,NaiveVectorizedV2Wildcard,adaptive,qgram,full-scan,prefix_usa_2008,USA:%2008%,1,6674158,100000014,100000000,6674158,6674158,0,1,0,1990319999,2909990269,2742,100,56171037,56171137,6674158,4607775,45638,8.41621325116966,8.41619826800624,0.56171137,literal-shorter-than-qgram
job_movie_info_info,movie_info.info,benchmarks/job/../../data/job/movie_info__info.csv,job-csv,utf8,NaiveVectorizedV2Wildcard,adaptive,qgram,full-scan,prefix_usa_2008,USA:%2008%,2,6674158,100000014,100000000,6674158,6674158,0,1,0,1990319999,2909990269,2742,150,55819858,55820008,6674158,4607775,45638,8.363603019287227,8.363580544542097,0.55820008,literal-shorter-than-qgram
job_movie_info_info,movie_info.info,benchmarks/job/../../data/job/movie_info__info.csv,job-csv,utf8,NaiveVectorizedV2Wildcard,adaptive,qgram,full-scan,prefix_usa_2008,USA:%2008%,3,6674158,100000014,100000000,6674158,6674158,0,1,0,1990319999,2909990269,2742,110,56616163,56616273,6674158,4607775,45638,8.482908705487644,8.482892224007882,0.56616273,literal-shorter-than-qgram
job_movie_info_info,movie_info.info,benchmarks/job/../../data/job/movie_info__info.csv,job-csv,utf8,NaiveVectorizedV2Wildcard,adaptive,qgram,full-scan,prefix_usa_2008,USA:%2008%,4,6674158,100000014,100000000,6674158,6674158,0,1,0,1990319999,2909990269,2742,410,56298547,56298957,6674158,4607775,45638,8.435364730652166,8.435303299682147,0.56298957,literal-shorter-than-qgram
job_movie_info_info,movie_info.info,benchmarks/job/../../data/job/movie_info__info.csv,job-csv,utf8,NaiveVectorizedV2Wildcard,adaptive,trigram,trigram,prefix_usa_2008,USA:%2008%,0,6674158,100000014,100000000,6674158,6674158,0,1,0,1990319999,3626250845,2742,1163738,5357813,6521551,135572,135356,45638,0.9771346438007611,39.52005576372702,0.06521551,
job_movie_info_info,movie_info.info,benchmarks/job/../../data/job/movie_info__info.csv,job-csv,utf8,NaiveVectorizedV2Wildcard,adaptive,trigram,trigram,prefix_usa_2008,USA:%2008%,1,6674158,100000014,100000000,6674158,6674158,0,1,0,1990319999,3626250845,2742,1153812,5476876,6630688,135572,135356,45638,0.9934868188616451,40.398282831263096,0.06630688,
job_movie_info_info,movie_info.info,benchmarks/job/../../data/job/movie_info__info.csv,job-csv,utf8,NaiveVectorizedV2Wildcard,adaptive,trigram,trigram,prefix_usa_2008,USA:%2008%,2,6674158,100000014,100000000,6674158,6674158,0,1,0,1990319999,3626250845,2742,1160115,5869832,7029947,135572,135356,45638,1.0533084472977714,43.29678694715723,0.07029947,
job_movie_info_info,movie_info.info,benchmarks/job/../../data/job/movie_info__info.csv,job-csv,utf8,NaiveVectorizedV2Wildcard,adaptive,trigram,trigram,prefix_usa_2008,USA:%2008%,3,6674158,100000014,100000000,6674158,6674158,0,1,0,1990319999,3626250845,2742,1355078,5626510,6981588,135572,135356,45638,1.0460627392998487,41.50200631398814,0.06981588,
job_movie_info_info,movie_info.info,benchmarks/job/../../data/job/movie_info__info.csv,job-csv,utf8,NaiveVectorizedV2Wildcard,adaptive,trigram,trigram,prefix_usa_2008,USA:%2008%,4,6674158,100000014,100000000,6674158,6674158,0,1,0,1990319999,3626250845,2742,1151140,5348417,6499557,135572,135356,45638,0.9738392468383278,39.4507494172838,0.06499557,
job_movie_info_info,movie_info.info,benchmarks/job/../../data/job/movie_info__info.csv,job-csv,utf8,NaiveVectorizedV2Wildcard,adaptive,fm,fm,prefix_usa_201,USA:%201%,0,6674158,100000014,100000000,6674158,6674158,0,1,0,1990319999,281784236191,2571,20441461,26793334,47234795,935876,833915,227707,7.077266525605178,28.629149588193307,0.47234795,
job_movie_info_info,movie_info.info,benchmarks/job/../../data/job/movie_info__info.csv,job-csv,utf8,NaiveVectorizedV2Wildcard,adaptive,fm,fm,prefix_usa_201,USA:%201%,1,6674158,100000014,100000000,6674158,6674158,0,1,0,1990319999,281784236191,2571,19928149,26851301,46779450,935876,833915,227707,7.009041440133721,28.691088349311233,0.4677945,
job_movie_info_info,movie_info.info,benchmarks/job/../../data/job/movie_info__info.csv,job-csv,utf8,NaiveVectorizedV2Wildcard,adaptive,fm,fm,prefix_usa_201,USA:%201%,2,6674158,100000014,100000000,6674158,6674158,0,1,0,1990319999,281784236191,2571,20081874,27160147,47242021,935876,833915,227707,7.078349208993854,29.02109574345319,0.47242021,
job_movie_info_info,movie_info.info,benchmarks/job/../../data/job/movie_info__info.csv,job-csv,utf8,NaiveVectorizedV2Wildcard,adaptive,fm,fm,prefix_usa_201,USA:%201%,3,6674158,100000014,100000000,6674158,6674158,0,1,0,1990319999,281784236191,2571,20934722,27896103,48830825,935876,833915,227707,7.316402308725685,29.807477700037186,0.48830825,
job_movie_info_info,movie_info.info,benchmarks/job/../../data/job/movie_info__info.csv,job-csv,utf8,NaiveVectorizedV2Wildcard,adaptive,fm,fm,prefix_usa_201,USA:%201%,4,6674158,100000014,100000000,6674158,6674158,0,1,0,1990319999,281784236191,2571,19844301,27397160,47241461,935876,833915,227707,7.078265303278705,29.274348311101043,0.47241461,
job_movie_info_info,movie_info.info,benchmarks/job/../../data/job/movie_info__info.csv,job-csv,utf8,NaiveVectorizedV2Wildcard,adaptive,full-scan,full-scan,prefix_usa_201,USA:%201%,0,6674158,100000014,100000000,6674158,6674158,0,1,0,1990319999,0,2571,609,64106388,64106997,6674158,5402091,227707,9.605256123693806,9.605164876228582,0.64106997,
job_movie_info_info,movie_info.info,benchmarks/job/../../data/job/movie_info__info.csv,job-csv,utf8,NaiveVectorizedV2Wildcard,adaptive,full-scan,full-scan,prefix_usa_201,USA:%201%,1,6674158,100000014,100000000,6674158,6674158,0,1,0,1990319999,0,2571,110,64277364,64277474,6674158,5402091,227707,9.630798971196066,9.630782489716307,0.64277474,
job_movie_info_info,movie_info.info,benchmarks/job/../../data/job/movie_info__info.csv,job-csv,utf8,NaiveVectorizedV2Wildcard,adaptive,full-scan,full-scan,prefix_usa_201,USA:%201%,2,6674158,100000014,100000000,6674158,6674158,0,1,0,1990319999,0,2571,110,65041076,65041186,6674158,5402091,227707,9.74522718820861,9.745210706728848,0.65041186,
job_movie_info_info,movie_info.info,benchmarks/job/../../data/job/movie_info__info.csv,job-csv,utf8,NaiveVectorizedV2Wildcard,adaptive,full-scan,full-scan,prefix_usa_201,USA:%201%,3,6674158,100000014,100000000,6674158,6674158,0,1,0,1990319999,0,2571,110,72647923,72648033,6674158,5402091,227707,10.884973505272125,10.884957023792365,0.72648033,
job_movie_info_info,movie_info.info,benchmarks/job/../../data/job/movie_info__info.csv,job-csv,utf8,NaiveVectorizedV2Wildcard,adaptive,full-scan,full-scan,prefix_usa_201,USA:%201%,4,6674158,100000014,100000000,6674158,6674158,0,1,0,1990319999,0,2571,150,65012536,65012686,6674158,5402091,227707,9.740956986634119,9.740934511888991,0.65012686,
job_movie_info_info,movie_info.info,benchmarks/job/../../data/job/movie_info__info.csv,job-csv,utf8,NaiveVectorizedV2Wildcard,adaptive,prefix-btree,prefix-btree,prefix_usa_201,USA:%201%,0,6674158,100000014,100000000,6674158,6674158,0,1,0,1990319999,1558029554,2571,13049830,26994378,40044208,935876,833915,227707,5.999889124590697,28.843968645418837,0.40044208,
job_movie_info_info,movie_info.info,benchmarks/job/../../data/job/movie_info__info.csv,job-csv,utf8,NaiveVectorizedV2Wildcard,adaptive,prefix-btree,prefix-btree,prefix_usa_201,USA:%201%,1,6674158,100000014,100000000,6674158,6674158,0,1,0,1990319999,1558029554,2571,13187634,26872649,40060283,935876,833915,227707,6.002297668110344,28.713899063551153,0.40060283,
job_movie_info_info,movie_info.info,benchmarks/job/../../data/job/movie_info__info.csv,job-csv,utf8,NaiveVectorizedV2Wildcard,adaptive,prefix-btree,prefix-btree,prefix_usa_201,USA:%201%,2,6674158,100000014,100000000,6674158,6674158,0,1,0,1990319999,1558029554,2571,13000510,26349448,39349958,935876,833915,227707,5.895868512552445,28.154849574088875,0.39349958,
job_movie_info_info,movie_info.info,benchmarks/job/../../data/job/movie_info__info.csv,job-csv,utf8,NaiveVectorizedV2Wildcard,adaptive,prefix-btree,prefix-btree,prefix_usa_201,USA:%201%,3,6674158,100000014,100000000,6674158,6674158,0,1,0,1990319999,1558029554,2571,13304811,26370598,39675409,935876,833915,227707,5.94463136773208,28.17744872183922,0.39675409,
job_movie_info_info,movie_info.info,benchmarks/job/../../data/job/movie_info__info.csv,job-csv,utf8,NaiveVectorizedV2Wildcard,adaptive,prefix-btree,prefix-btree,prefix_usa_201,USA:%201%,4,6674158,100000014,100000000,6674158,6674158,0,1,0,1990319999,1558029554,2571,13659434,26605063,40264497,935876,833915,227707,6.0328953854553635,28.427978706580788,0.40264497,
job_movie_info_info,movie_info.info,benchmarks/job/../../data/job/movie_info__info.csv,job-csv,utf8,NaiveVectorizedV2Wildcard,adaptive,qgram,full-scan,prefix_usa_201,USA:%201%,0,6674158,100000014,100000000,6674158,6674158,0,1,0,1990319999,2909990269,2571,929,63367359,63368288,6674158,5402091,227707,9.494574147030981,9.494434953442816,0.63368288,literal-shorter-than-qgram
job_movie_info_info,movie_info.info,benchmarks/job/../../data/job/movie_info__info.csv,job-csv,utf8,NaiveVectorizedV2Wildcard,adaptive,qgram,full-scan,prefix_usa_201,USA:%201%,1,6674158,100000014,100000000,6674158,6674158,0,1,0,1990319999,2909990269,2571,110,63681956,63682066,6674158,5402091,227707,9.541588017544685,9.541571536064923,0.63682066,literal-shorter-than-qgram
job_movie_info_info,movie_info.info,benchmarks/job/../../data/job/movie_info__info.csv,job-csv,utf8,NaiveVectorizedV2Wildcard,adaptive,qgram,full-scan,prefix_usa_201,USA:%201%,2,6674158,100000014,100000000,6674158,6674158,0,1,0,1990319999,2909990269,2571,109,63422862,63422971,6674158,5402091,227707,9.50276739028354,9.502751058635411,0.63422971,literal-shorter-than-qgram
job_movie_info_info,movie_info.info,benchmarks/job/../../data/job/movie_info__info.csv,job-csv,utf8,NaiveVectorizedV2Wildcard,adaptive,qgram,full-scan,prefix_usa_201,USA:%201%,3,6674158,100000014,100000000,6674158,6674158,0,1,0,1990319999,2909990269,2571,200,64497614,64497814,6674158,5402091,227707,9.663812873474077,9.663782907147239,0.64497814,literal-shorter-than-qgram
job_movie_info_info,movie_info.info,benchmarks/job/../../data/job/movie_info__info.csv,job-csv,utf8,NaiveVectorizedV2Wildcard,adaptive,qgram,full-scan,prefix_usa_201,USA:%201%,4,6674158,100000014,100000000,6674158,6674158,0,1,0,1990319999,2909990269,2571,100,63922799,63922899,6674158,5402091,227707,9.577672419502205,9.577657436338786,0.63922899,literal-shorter-than-qgram
job_movie_info_info,movie_info.info,benchmarks/job/../../data/job/movie_info__info.csv,job-csv,utf8,NaiveVectorizedV2Wildcard,adaptive,trigram,trigram,prefix_usa_201,USA:%201%,0,6674158,100000014,100000000,6674158,6674158,0,1,0,1990319999,3626250845,2571,1641471,28173961,29815432,935876,833915,227707,4.467294900720061,30.10437387004261,0.29815432,
job_movie_info_info,movie_info.info,benchmarks/job/../../data/job/movie_info__info.csv,job-csv,utf8,NaiveVectorizedV2Wildcard,adaptive,trigram,trigram,prefix_usa_201,USA:%201%,1,6674158,100000014,100000000,6674158,6674158,0,1,0,1990319999,3626250845,2571,1584376,26873685,28458061,935876,833915,227707,4.263917785584339,28.71500604780975,0.28458061,
job_movie_info_info,movie_info.info,benchmarks/job/../../data/job/movie_info__info.csv,job-csv,utf8,NaiveVectorizedV2Wildcard,adaptive,trigram,trigram,prefix_usa_201,USA:%201%,2,6674158,100000014,100000000,6674158,6674158,0,1,0,1990319999,3626250845,2571,1599723,27681220,29280943,935876,833915,227707,4.3872115403920615,29.577871427411324,0.29280943,
job_movie_info_info,movie_info.info,benchmarks/job/../../data/job/movie_info__info.csv,job-csv,utf8,NaiveVectorizedV2Wildcard,adaptive,trigram,trigram,prefix_usa_201,USA:%201%,3,6674158,100000014,100000000,6674158,6674158,0,1,0,1990319999,3626250845,2571,1697099,26976891,28673990,935876,833915,227707,4.296270780523925,28.82528347772568,0.2867399,
job_movie_info_info,movie_info.info,benchmarks/job/../../data/job/movie_info__info.csv,job-csv,utf8,NaiveVectorizedV2Wildcard,adaptive,trigram,trigram,prefix_usa_201,USA:%201%,4,6674158,100000014,100000000,6674158,6674158,0,1,0,1990319999,3626250845,2571,1697259,27616205,29313464,935876,833915,227707,4.392084214967641,29.50840175407853,0.29313464,
job_movie_info_info,movie_info.info,benchmarks/job/../../data/job/movie_info__info.csv,job-csv,utf8,StdSearch,adaptive,fm,fm,prefix_japan_200,Japan:%200%,0,6674158,100000014,100000000,6674158,6674158,0,1,0,1990319999,281784236191,2995,2494928,6184399,8679327,130031,118510,54763,1.3004377481024572,47.56095854065569,0.08679327,
job_movie_info_info,movie_info.info,benchmarks/job/../../data/job/movie_info__info.csv,job-csv,utf8,StdSearch,adaptive,fm,fm,prefix_japan_200,Japan:%200%,1,6674158,100000014,100000000,6674158,6674158,0,1,0,1990319999,281784236191,2995,2486281,6091437,8577718,130031,118510,54763,1.2852135055837755,46.84603671432197,0.08577718,
job_movie_info_info,movie_info.info,benchmarks/job/../../data/job/movie_info__info.csv,job-csv,utf8,StdSearch,adaptive,fm,fm,prefix_japan_200,Japan:%200%,2,6674158,100000014,100000000,6674158,6674158,0,1,0,1990319999,281784236191,2995,2478193,6379640,8857833,130031,118510,54763,1.3271835937956518,49.06245433781175,0.08857833,
job_movie_info_info,movie_info.info,benchmarks/job/../../data/job/movie_info__info.csv,job-csv,utf8,StdSearch,adaptive,fm,fm,prefix_japan_200,Japan:%200%,3,6674158,100000014,100000000,6674158,6674158,0,1,0,1990319999,281784236191,2995,2567481,5994000,8561481,130031,118510,54763,1.2827806893393894,46.09670001768809,0.08561481,
job_movie_info_info,movie_info.info,benchmarks/job/../../data/job/movie_info__info.csv,job-csv,utf8,StdSearch,adaptive,fm,fm,prefix_japan_200,Japan:%200%,4,6674158,100000014,100000000,6674158,6674158,0,1,0,1990319999,281784236191,2995,2680254,6157179,8837433,130031,118510,54763,1.3241270284581217,47.351623843545,0.08837433,
job_movie_info_info,movie_info.info,benchmarks/job/../../data/job/movie_info__info.csv,job-csv,utf8,StdSearch,adaptive,full-scan,full-scan,prefix_japan_200,Japan:%200%,0,6674158,100000014,100000000,6674158,6674158,0,1,0,1990319999,0,2995,878,45114315,45115193,6674158,4439405,54763,6.759683094107152,6.75955154193233,0.45115193,
job_movie_info_info,movie_info.info,benchmarks/job/../../data/job/movie_info__info.csv,job-csv,utf8,StdSearch,adaptive,full-scan,full-scan,prefix_japan_200,Japan:%200%,1,6674158,100000014,100000000,6674158,6674158,0,1,0,1990319999,0,2995,129,43151498,43151627,6674158,4439405,54763,6.4654787914820115,6.465459463201201,0.43151627,
job_movie_info_info,movie_info.info,benchmarks/job/../../data/job/movie_info__info.csv,job-csv,utf8,StdSearch,adaptive,full-scan,full-scan,prefix_japan_200,Japan:%200%,2,6674158,100000014,100000000,6674158,6674158,0,1,0,1990319999,0,2995,150,43448019,43448169,6674158,4439405,54763,6.509910163948771,6.509887689203642,0.43448169,
job_movie_info_info,movie_info.info,benchmarks/job/../../data/job/movie_info__info.csv,job-csv,utf8,StdSearch,adaptive,full-scan,full-scan,prefix_japan_200,Japan:%200%,3,6674158,100000014,100000000,6674158,6674158,0,1,0,1990319999,0,2995,100,44080154,44080254,6674158,4439405,54763,6.604616492447437,6.604601509284017,0.44080254,
job_movie_info_info,movie_info.info,benchmarks/job/../../data/job/movie_info__info.csv,job-csv,utf8,StdSearch,adaptive,full-scan,full-scan,prefix_japan_200,Japan:%200%,4,6674158,100000014,100000000,6674158,6674158,0,1,0,1990319999,0,2995,120,43172298,43172418,6674158,4439405,54763,6.468593940988511,6.468575961192408,0.43172418,
job_movie_info_info,movie_info.info,benchmarks/job/../../data/job/movie_info__info.csv,job-csv,utf8,StdSearch,adaptive,prefix-btree,prefix-btree,prefix_japan_200,Japan:%200%,0,6674158,100000014,100000000,6674158,6674158,0,1,0,1990319999,1558029554,2995,2110687,6023976,8134663,130031,118510,54763,1.2188298508965476,46.32722966061939,0.08134663,
job_movie_info_info,movie_info.info,benchmarks/job/../../data/job/movie_info__info.csv,job-csv,utf8,StdSearch,adaptive,prefix-btree,prefix-btree,prefix_japan_200,Japan:%200%,1,6674158,100000014,100000000,6674158,6674158,0,1,0,1990319999,1558029554,2995,2099823,6180196,8280019,130031,118510,54763,1.2406087779162556,47.52863547923187,0.08280019,
job_movie_info_info,movie_info.info,benchmarks/job/../../data/job/movie_info__info.csv,job-csv,utf8,StdSearch,adaptive,prefix-btree,prefix-btree,prefix_japan_200,Japan:%200%,2,6674158,100000014,100000000,6674158,6674158,0,1,0,1990319999,1558029554,2995,2147921,6078335,8226256,130031,118510,54763,1.2325533797671557,46.74527612646215,0.08226256,
job_movie_info_info,movie_info.info,benchmarks/job/../../data/job/movie_info__info.csv,job-csv,utf8,StdSearch,adaptive,prefix-btree,prefix-btree,prefix_japan_200,Japan:%200%,3,6674158,100000014,100000000,6674158,6674158,0,1,0,1990319999,1558029554,2995,2150987,6244021,8395008,130031,118510,54763,1.257837767700435,48.01947997016096,0.08395008,
job_movie_info_info,movie_info.info,benchmarks/job/../../data/job/movie_info__info.csv,job-csv,utf8,StdSearch,adaptive,prefix-btree,prefix-btree,prefix_japan_200,Japan:%200%,4,6674158,100000014,100000000,6674158,6674158,0,1,0,1990319999,1558029554,2995,2152605,6232019,8384624,130031,118510,54763,1.2562819160109784,47.92717890349224,0.08384624,
job_movie_info_info,movie_info.info,benchmarks/job/../../data/job/movie_info__info.csv,job-csv,utf8,StdSearch,adaptive,qgram,full-scan,prefix_japan_200,Japan:%200%,0,6674158,100000014,100000000,6674158,6674158,0,1,0,1990319999,2909990269,2995,758,44020471,44021229,6674158,4439405,54763,6.595772680239215,6.595659107860497,0.44021229,literal-shorter-than-qgram
job_movie_info_info,movie_info.info,benchmarks/job/../../data/job/movie_info__info.csv,job-csv,utf8,StdSearch,adaptive,qgram,full-scan,prefix_japan_200,Japan:%200%,1,6674158,100000014,100000000,6674158,6674158,0,1,0,1990319999,2909990269,2995,110,44788637,44788747,6674158,4439405,54763,6.710771156451496,6.710754674971734,0.44788747,literal-shorter-than-qgram
job_movie_info_info,movie_info.info,benchmarks/job/../../data/job/movie_info__info.csv,job-csv,utf8,StdSearch,adaptive,qgram,full-scan,prefix_japan_200,Japan:%200%,2,6674158,100000014,100000000,6674158,6674158,0,1,0,1990319999,2909990269,2995,109,44585325,44585434,6674158,4439405,54763,6.6803084374088835,6.680292105760756,0.44585434,literal-shorter-than-qgram
job_movie_info_info,movie_info.info,benchmarks/job/../../data/job/movie_info__info.csv,job-csv,utf8,StdSearch,adaptive,qgram,full-scan,prefix_japan_200,Japan:%200%,3,6674158,100000014,100000000,6674158,6674158,0,1,0,1990319999,2909990269,2995,139,44669763,44669902,6674158,4439405,54763,6.692964415885869,6.692943589288716,0.44669902,literal-shorter-than-qgram
job_movie_info_info,movie_info.info,benchmarks/job/../../data/job/movie_info__info.csv,job-csv,utf8,StdSearch,adaptive,qgram,full-scan,prefix_japan_200,Japan:%200%,4,6674158,100000014,100000000,6674158,6674158,0,1,0,1990319999,2909990269,2995,150,44978665,44978815,6674158,4439405,54763,6.739249355499226,6.739226880754097,0.44978815,literal-shorter-than-qgram
job_movie_info_info,movie_info.info,benchmarks/job/../../data/job/movie_info__info.csv,job-csv,utf8,StdSearch,adaptive,trigram,trigram,prefix_japan_200,Japan:%200%,0,6674158,100000014,100000000,6674158,6674158,0,1,0,1990319999,3626250845,2995,563975,6066524,6630499,130031,118510,54763,0.9934585006827827,46.65444394029116,0.06630499,
job_movie_info_info,movie_info.info,benchmarks/job/../../data/job/movie_info__info.csv,job-csv,utf8,StdSearch,adaptive,trigram,trigram,prefix_japan_200,Japan:%200%,1,6674158,100000014,100000000,6674158,6674158,0,1,0,1990319999,3626250845,2995,639978,6444669,7084647,130031,118510,54763,1.0615042376881099,49.56255815920819,0.07084647,
job_movie_info_info,movie_info.info,benchmarks/job/../../data/job/movie_info__info.csv,job-csv,utf8,StdSearch,adaptive,trigram,trigram,prefix_japan_200,Japan:%200%,2,6674158,100000014,100000000,6674158,6674158,0,1,0,1990319999,3626250845,2995,486370,6022747,6509117,130031,118510,54763,0.9752716372612096,46.31777806830679,0.06509117,
job_movie_info_info,movie_info.info,benchmarks/job/../../data/job/movie_info__info.csv,job-csv,utf8,StdSearch,adaptive,trigram,trigram,prefix_japan_200,Japan:%200%,3,6674158,100000014,100000000,6674158,6674158,0,1,0,1990319999,3626250845,2995,535778,6940061,7475839,130031,118510,54763,1.120117174331204,53.37235736093701,0.07475839,
job_movie_info_info,movie_info.info,benchmarks/job/../../data/job/movie_info__info.csv,job-csv,utf8,StdSearch,adaptive,trigram,trigram,prefix_japan_200,Japan:%200%,4,6674158,100000014,100000000,6674158,6674158,0,1,0,1990319999,3626250845,2995,540720,6907778,7448498,130031,118510,54763,1.1160206276207425,53.124085794925826,0.07448498,
job_movie_info_info,movie_info.info,benchmarks/job/../../data/job/movie_info__info.csv,job-csv,utf8,StdSearch,adaptive,fm,fm,prefix_japan_2007,Japan:%2007%,0,6674158,100000014,100000000,6674158,6674158,0,1,0,1990319999,281784236191,2806,2771129,5905772,8676901,130031,116066,8501,1.300074256557906,45.41818489437134,0.08676901,
job_movie_info_info,movie_info.info,benchmarks/job/../../data/job/movie_info__info.csv,job-csv,utf8,StdSearch,adaptive,fm,fm,prefix_japan_2007,Japan:%2007%,1,6674158,100000014,100000000,6674158,6674158,0,1,0,1990319999,281784236191,2806,2816912,5688052,8504964,130031,116066,8501,1.2743126548697228,43.743814936438234,0.08504964,
job_movie_info_info,movie_info.info,benchmarks/job/../../data/job/movie_info__info.csv,job-csv,utf8,StdSearch,adaptive,fm,fm,prefix_japan_2007,Japan:%2007%,2,6674158,100000014,100000000,6674158,6674158,0,1,0,1990319999,281784236191,2806,2584924,5841756,8426680,130031,116066,8501,1.2625832352185848,44.925871522944526,0.0842668,
job_movie_info_info,movie_info.info,benchmarks/job/../../data/job/movie_info__info.csv,job-csv,utf8,StdSearch,adaptive,fm,fm,prefix_japan_2007,Japan:%2007%,3,6674158,100000014,100000000,6674158,6674158,0,1,0,1990319999,281784236191,2806,2611396,5617598,8228994,130031,116066,8501,1.2329636187815751,43.20199029462205,0.08228994,
job_movie_info_info,movie_info.info,benchmarks/job/../../data/job/movie_info__info.csv,job-csv,utf8,StdSearch,adaptive,fm,fm,prefix_japan_2007,Japan:%2007%,4,6674158,100000014,100000000,6674158,6674158,0,1,0,1990319999,281784236191,2806,2486031,5870823,8356854,130031,116066,8501,1.2521210915294483,45.149410525182454,0.08356854,
job_movie_info_info,movie_info.info,benchmarks/job/../../data/job/movie_info__info.csv,job-csv,utf8,StdSearch,adaptive,full-scan,full-scan,prefix_japan_2007,Japan:%2007%,0,6674158,100000014,100000000,6674158,6674158,0,1,0,1990319999,0,2806,489,40207235,40207724,6674158,3725759,8501,6.024388994087344,6.024315726418224,0.40207724,
job_movie_info_info,movie_info.info,benchmarks/job/../../data/job/movie_info__info.csv,job-csv,utf8,StdSearch,adaptive,full-scan,full-scan,prefix_japan_2007,Japan:%2007%,1,6674158,100000014,100000000,6674158,6674158,0,1,0,1990319999,0,2806,100,40193305,40193405,6674158,3725759,8501,6.022243554917339,6.02222857175392,0.40193405,
job_movie_info_info,movie_info.info,benchmarks/job/../../data/job/movie_info__info.csv,job-csv,utf8,StdSearch,adaptive,full-scan,full-scan,prefix_japan_2007,Japan:%2007%,2,6674158,100000014,100000000,6674158,6674158,0,1,0,1990319999,0,2806,100,43025363,43025463,6674158,3725759,8501,6.446575433185729,6.44656045002231,0.43025463,
job_movie_info_info,movie_info.info,benchmarks/job/../../data/job/movie_info__info.csv,job-csv,utf8,StdSearch,adaptive,full-scan,full-scan,prefix_japan_2007,Japan:%2007%,3,6674158,100000014,100000000,6674158,6674158,0,1,0,1990319999,0,2806,110,42357883,42357993,6674158,3725759,8501,6.346567312311156,6.3465508308313945,0.42357993,
job_movie_info_info,movie_info.info,benchmarks/job/../../data/job/movie_info__info.csv,job-csv,utf8,StdSearch,adaptive,full-scan,full-scan,prefix_japan_2007,Japan:%2007%,4,6674158,100000014,100000000,6674158,6674158,0,1,0,1990319999,0,2806,140,42485246,42485386,6674158,3725759,8501,6.365654813685861,6.365633837257074,0.42485386,
job_movie_info_info,movie_info.info,benchmarks/job/../../data/job/movie_info__info.csv,job-csv,utf8,StdSearch,adaptive,prefix-btree,prefix-btree,prefix_japan_2007,Japan:%2007%,0,6674158,100000014,100000000,6674158,6674158,0,1,0,1990319999,1558029554,2806,2540959,6183609,8724568,130031,116066,8501,1.3072162810649672,47.55488306634572,0.08724568,
job_movie_info_info,movie_info.info,benchmarks/job/../../data/job/movie_info__info.csv,job-csv,utf8,StdSearch,adaptive,prefix-btree,prefix-btree,prefix_japan_2007,Japan:%2007%,1,6674158,100000014,100000000,6674158,6674158,0,1,0,1990319999,1558029554,2806,2335586,5990316,8325902,130031,116066,8501,1.2474835027879172,46.068368312171714,0.08325902,
job_movie_info_info,movie_info.info,benchmarks/job/../../data/job/movie_info__info.csv,job-csv,utf8,StdSearch,adaptive,prefix-btree,prefix-btree,prefix_japan_2007,Japan:%2007%,2,6674158,100000014,100000000,6674158,6674158,0,1,0,1990319999,1558029554,2806,2433655,6007550,8441205,130031,116066,8501,1.2647595397052331,46.20090593781483,0.08441205,
job_movie_info_info,movie_info.info,benchmarks/job/../../data/job/movie_info__info.csv,job-csv,utf8,StdSearch,adaptive,prefix-btree,prefix-btree,prefix_japan_2007,Japan:%2007%,3,6674158,100000014,100000000,6674158,6674158,0,1,0,1990319999,1558029554,2806,2443331,5991756,8435087,130031,116066,8501,1.2638428697672426,46.07944259445824,0.08435087,
job_movie_info_info,movie_info.info,benchmarks/job/../../data/job/movie_info__info.csv,job-csv,utf8,StdSearch,adaptive,prefix-btree,prefix-btree,prefix_japan_2007,Japan:%2007%,4,6674158,100000014,100000000,6674158,6674158,0,1,0,1990319999,1558029554,2806,2778353,6095175,8873528,130031,116066,8501,1.3295352012943056,46.87478370542409,0.08873528,
job_movie_info_info,movie_info.info,benchmarks/job/../../data/job/movie_info__info.csv,job-csv,utf8,StdSearch,adaptive,qgram,full-scan,prefix_japan_2007,Japan:%2007%,0,6674158,100000014,100000000,6674158,6674158,0,1,0,1990319999,2909990269,2806,609,41837470,41838079,6674158,3725759,8501,6.268667748051515,6.268576500586291,0.41838079,literal-shorter-than-qgram
job_movie_info_info,movie_info.info,benchmarks/job/../../data/job/movie_info__info.csv,job-csv,utf8,StdSearch,adaptive,qgram,full-scan,prefix_japan_2007,Japan:%2007%,1,6674158,100000014,100000000,6674158,6674158,0,1,0,1990319999,2909990269,2806,110,42077915,42078025,6674158,3725759,8501,6.304619249349506,6.304602767869745,0.42078025,literal-shorter-than-qgram
job_movie_info_info,movie_info.info,benchmarks/job/../../data/job/movie_info__info.csv,job-csv,utf8,StdSearch,adaptive,qgram,full-scan,prefix_japan_2007,Japan:%2007%,2,6674158,100000014,100000000,6674158,6674158,0,1,0,1990319999,2909990269,2806,100,40632770,40632870,6674158,3725759,8501,6.088089314037815,6.088074330874396,0.4063287,literal-shorter-than-qgram
job_movie_info_info,movie_info.info,benchmarks/job/../../data/job/movie_info__info.csv,job-csv,utf8,StdSearch,adaptive,qgram,full-scan,prefix_japan_2007,Japan:%2007%,3,6674158,100000014,100000000,6674158,6674158,0,1,0,1990319999,2909990269,2806,110,40240300,40240410,6674158,3725759,8501,6.029286390882565,6.029269909402804,0.4024041,literal-shorter-than-qgram
job_movie_info_info,movie_info.info,benchmarks/job/../../data/job/movie_info__info.csv,job-csv,utf8,StdSearch,adaptive,qgram,full-scan,prefix_japan_2007,Japan:%2007%,4,6674158,100000014,100000000,6674158,6674158,0,1,0,1990319999,2909990269,2806,110,40487279,40487389,6674158,3725759,8501,6.066291658063833,6.066275176584073,0.40487389,literal-shorter-than-qgram
job_movie_info_info,movie_info.info,benchmarks/job/../../data/job/movie_info__info.csv,job-csv,utf8,StdSearch,adaptive,trigram,trigram,prefix_japan_2007,Japan:%2007%,0,6674158,100000014,100000000,6674158,6674158,0,1,0,1990319999,3626250845,2806,513507,5793151,6306658,130031,116066,8501,0.9449368744341983,44.55207604340504,0.06306658,
job_movie_info_info,movie_info.info,benchmarks/job/../../data/job/movie_info__info.csv,job-csv,utf8,StdSearch,adaptive,trigram,trigram,prefix_japan_2007,Japan:%2007%,1,6674158,100000014,100000000,6674158,6674158,0,1,0,1990319999,3626250845,2806,502265,5533292,6035557,130031,116066,8501,0.9043173685729345,42.55363720958848,0.06035557,
job_movie_info_info,movie_info.info,benchmarks/job/../../data/job/movie_info__info.csv,job-csv,utf8,StdSearch,adaptive,trigram,trigram,prefix_japan_2007,Japan:%2007%,2,6674158,100000014,100000000,6674158,6674158,0,1,0,1990319999,3626250845,2806,547635,5791514,6339149,130031,116066,8501,0.9498050540607519,44.539486737777914,0.06339149,
job_movie_info_info,movie_info.info,benchmarks/job/../../data/job/movie_info__info.csv,job-csv,utf8,StdSearch,adaptive,trigram,trigram,prefix_japan_2007,Japan:%2007%,3,6674158,100000014,100000000,6674158,6674158,0,1,0,1990319999,3626250845,2806,496205,5500443,5996648,130031,116066,8501,0.8984875695181325,42.30101283540079,0.05996648,
job_movie_info_info,movie_info.info,benchmarks/job/../../data/job/movie_info__info.csv,job-csv,utf8,StdSearch,adaptive,trigram,trigram,prefix_japan_2007,Japan:%2007%,4,6674158,100000014,100000000,6674158,6674158,0,1,0,1990319999,3626250845,2806,472082,5449163,5921245,130031,116066,8501,0.8871898148051035,41.9066453384193,0.05921245,
job_movie_info_info,movie_info.info,benchmarks/job/../../data/job/movie_info__info.csv,job-csv,utf8,StdSearch,adaptive,fm,fm,prefix_japan_201,Japan:%201%,0,6674158,100000014,100000000,6674158,6674158,0,1,0,1990319999,281784236191,2815,2494461,5871281,8365742,130031,118510,23878,1.2534527950941527,45.152932762187476,0.08365742,
job_movie_info_info,movie_info.info,benchmarks/job/../../data/job/movie_info__info.csv,job-csv,utf8,StdSearch,adaptive,fm,fm,prefix_japan_201,Japan:%201%,1,6674158,100000014,100000000,6674158,6674158,0,1,0,1990319999,281784236191,2815,2810515,5936149,8746664,130031,118510,23878,1.3105269608540882,45.65179841730049,0.08746664,
job_movie_info_info,movie_info.info,benchmarks/job/../../data/job/movie_info__info.csv,job-csv,utf8,StdSearch,adaptive,fm,fm,prefix_japan_201,Japan:%201%,2,6674158,100000014,100000000,6674158,6674158,0,1,0,1990319999,281784236191,2815,2510487,6031555,8542042,130031,118510,23878,1.2798681122023183,46.385515761626074,0.08542042,
job_movie_info_info,movie_info.info,benchmarks/job/../../data/job/movie_info__info.csv,job-csv,utf8,StdSearch,adaptive,fm,fm,prefix_japan_201,Japan:%201%,3,6674158,100000014,100000000,6674158,6674158,0,1,0,1990319999,281784236191,2815,2510127,5986494,8496621,130031,118510,23878,1.2730626095456536,46.03897532126955,0.08496621,
job_movie_info_info,movie_info.info,benchmarks/job/../../data/job/movie_info__info.csv,job-csv,utf8,StdSearch,adaptive,fm,fm,prefix_japan_201,Japan:%201%,4,6674158,100000014,100000000,6674158,6674158,0,1,0,1990319999,281784236191,2815,2477786,6078890,8556676,130031,118510,23878,1.2820607483370936,46.749544339426755,0.08556676,
job_movie_info_info,movie_info.info,benchmarks/job/../../data/job/movie_info__info.csv,job-csv,utf8,StdSearch,adaptive,full-scan,full-scan,prefix_japan_201,Japan:%201%,0,6674158,100000014,100000000,6674158,6674158,0,1,0,1990319999,0,2815,529,44389598,44390127,6674158,4439405,23878,6.651045270429618,6.65096600949513,0.44390127,
job_movie_info_info,movie_info.info,benchmarks/job/../../data/job/movie_info__info.csv,job-csv,utf8,StdSearch,adaptive,full-scan,full-scan,prefix_japan_201,Japan:%201%,1,6674158,100000014,100000000,6674158,6674158,0,1,0,1990319999,0,2815,100,45374592,45374692,6674158,4439405,23878,6.798564253348513,6.798549270185093,0.45374692,
job_movie_info_info,movie_info.info,benchmarks/job/../../data/job/movie_info__info.csv,job-csv,utf8,StdSearch,adaptive,full-scan,full-scan,prefix_japan_201,Japan:%201%,2,6674158,100000014,100000000,6674158,6674158,0,1,0,1990319999,0,2815,110,43198704,43198814,6674158,4439405,23878,6.4725488968046605,6.472532415324899,0.43198814,
job_movie_info_info,movie_info.info,benchmarks/job/../../data/job/movie_info__info.csv,job-csv,utf8,StdSearch,adaptive,full-scan,full-scan,prefix_japan_201,Japan:%201%,3,6674158,100000014,100000000,6674158,6674158,0,1,0,1990319999,0,2815,120,43474879,43474999,6674158,4439405,23878,6.51393014669416,6.513912166898057,0.43474999,
job_movie_info_info,movie_info.info,benchmarks/job/../../data/job/movie_info__info.csv,job-csv,utf8,StdSearch,adaptive,full-scan,full-scan,prefix_japan_201,Japan:%201%,4,6674158,100000014,100000000,6674158,6674158,0,1,0,1990319999,0,2815,100,43420343,43420443,6674158,4439405,23878,6.505755932059145,6.505740948895726,0.43420443,
job_movie_info_info,movie_info.info,benchmarks/job/../../data/job/movie_info__info.csv,job-csv,utf8,StdSearch,adaptive,prefix-btree,prefix-btree,prefix_japan_201,Japan:%201%,0,6674158,100000014,100000000,6674158,6674158,0,1,0,1990319999,1558029554,2815,2104992,6478955,8583947,130031,118510,23878,1.2861468068331616,49.82623374426098,0.08583947,
job_movie_info_info,movie_info.info,benchmarks/job/../../data/job/movie_info__info.csv,job-csv,utf8,StdSearch,adaptive,prefix-btree,prefix-btree,prefix_japan_201,Japan:%201%,1,6674158,100000014,100000000,6674158,6674158,0,1,0,1990319999,1558029554,2815,2309856,5928642,8238498,130031,118510,23878,1.234387618632942,45.594066030408136,0.08238498,
job_movie_info_info,movie_info.info,benchmarks/job/../../data/job/movie_info__info.csv,job-csv,utf8,StdSearch,adaptive,prefix-btree,prefix-btree,prefix_japan_201,Japan:%201%,2,6674158,100000014,100000000,6674158,6674158,0,1,0,1990319999,1558029554,2815,2085632,6060107,8145739,130031,118510,23878,1.2204893860768655,46.6050941698518,0.08145739,
job_movie_info_info,movie_info.info,benchmarks/job/../../data/job/movie_info__info.csv,job-csv,utf8,StdSearch,adaptive,prefix-btree,prefix-btree,prefix_japan_201,Japan:%201%,3,6674158,100000014,100000000,6674158,6674158,0,1,0,1990319999,1558029554,2815,2118462,5915004,8033466,130031,118510,23878,1.2036673390111532,45.48918334858611,0.08033466,
job_movie_info_info,movie_info.info,benchmarks/job/../../data/job/movie_info__info.csv,job-csv,utf8,StdSearch,adaptive,prefix-btree,prefix-btree,prefix_japan_201,Japan:%201%,4,6674158,100000014,100000000,6674158,6674158,0,1,0,1990319999,1558029554,2815,2074679,6082764,8157443,130031,118510,23878,1.2222430155234563,46.779337234967045,0.08157443,
job_movie_info_info,movie_info.info,benchmarks/job/../../data/job/movie_info__info.csv,job-csv,utf8,StdSearch,adaptive,qgram,full-scan,prefix_japan_201,Japan:%201%,0,6674158,100000014,100000000,6674158,6674158,0,1,0,1990319999,2909990269,2815,469,43787946,43788415,6674158,4439405,23878,6.560889778156286,6.56081950711985,0.43788415,literal-shorter-than-qgram
job_movie_info_info,movie_info.info,benchmarks/job/../../data/job/movie_info__info.csv,job-csv,utf8,StdSearch,adaptive,qgram,full-scan,prefix_japan_201,Japan:%201%,1,6674158,100000014,100000000,6674158,6674158,0,1,0,1990319999,2909990269,2815,110,44139584,44139694,6674158,4439405,23878,6.613522484783848,6.613506003304087,0.44139694,literal-shorter-than-qgram
job_movie_info_info,movie_info.info,benchmarks/job/../../data/job/movie_info__info.csv,job-csv,utf8,StdSearch,adaptive,qgram,full-scan,prefix_japan_201,Japan:%201%,2,6674158,100000014,100000000,6674158,6674158,0,1,0,1990319999,2909990269,2815,100,43852042,43852142,6674158,4439405,23878,6.570438098708482,6.570423115545062,0.43852142,literal-shorter-than-qgram
job_movie_info_info,movie_info.info,benchmarks/job/../../data/job/movie_info__info.csv,job-csv,utf8,StdSearch,adaptive,qgram,full-scan,prefix_japan_201,Japan:%201%,3,6674158,100000014,100000000,6674158,6674158,0,1,0,1990319999,2909990269,2815,140,44708053,44708193,6674158,4439405,23878,6.69870161899074,6.698680642561953,0.44708193,literal-shorter-than-qgram
job_movie_info_info,movie_info.info,benchmarks/job/../../data/job/movie_info__info.csv,job-csv,utf8,StdSearch,adaptive,qgram,full-scan,prefix_japan_201,Japan:%201%,4,6674158,100000014,100000000,6674158,6674158,0,1,0,1990319999,2909990269,2815,109,45037617,45037726,6674158,4439405,23878,6.74807608690115,6.748059755253022,0.45037726,literal-shorter-than-qgram
job_movie_info_info,movie_info.info,benchmarks/job/../../data/job/movie_info__info.csv,job-csv,utf8,StdSearch,adaptive,trigram,trigram,prefix_japan_201,Japan:%201%,0,6674158,100000014,100000000,6674158,6674158,0,1,0,1990319999,3626250845,2815,492850,6596970,7089820,130031,118510,23878,1.0622793167317885,50.733825010958924,0.0708982,
job_movie_info_info,movie_info.info,benchmarks/job/../../data/job/movie_info__info.csv,job-csv,utf8,StdSearch,adaptive,trigram,trigram,prefix_japan_201,Japan:%201%,1,6674158,100000014,100000000,6674158,6674158,0,1,0,1990319999,3626250845,2815,523062,5869636,6392698,130031,118510,23878,0.9578283882401346,45.14028193276988,0.06392698,
job_movie_info_info,movie_info.info,benchmarks/job/../../data/job/movie_info__info.csv,job-csv,utf8,StdSearch,adaptive,trigram,trigram,prefix_japan_201,Japan:%201%,2,6674158,100000014,100000000,6674158,6674158,0,1,0,1990319999,3626250845,2815,478573,6048119,6526692,130031,118510,23878,0.9779049282321456,46.512900769816426,0.06526692,
job_movie_info_info,movie_info.info,benchmarks/job/../../data/job/movie_info__info.csv,job-csv,utf8,StdSearch,adaptive,trigram,trigram,prefix_japan_201,Japan:%201%,3,6674158,100000014,100000000,6674158,6674158,0,1,0,1990319999,3626250845,2815,580280,5943737,6524017,130031,118510,23878,0.9775041286106801,45.71015373257146,0.06524017,
job_movie_info_info,movie_info.info,benchmarks/job/../../data/job/movie_info__info.csv,job-csv,utf8,StdSearch,adaptive,trigram,trigram,prefix_japan_201,Japan:%201%,4,6674158,100000014,100000000,6674158,6674158,0,1,0,1990319999,3626250845,2815,493469,6061718,6555187,130031,118510,23878,0.9821743806484653,46.61748352315986,0.06555187,
job_movie_info_info,movie_info.info,benchmarks/job/../../data/job/movie_info__info.csv,job-csv,utf8,StdSearch,adaptive,fm,fm,prefix_usa_space_199,USA:% 199%,0,6674158,100000014,100000000,6674158,6674158,0,1,0,1990319999,281784236191,3195,5470436,6987683,12458119,263414,263414,78136,1.8666203287365988,26.527378954801186,0.12458119,
job_movie_info_info,movie_info.info,benchmarks/job/../../data/job/movie_info__info.csv,job-csv,utf8,StdSearch,adaptive,fm,fm,prefix_usa_space_199,USA:% 199%,1,6674158,100000014,100000000,6674158,6674158,0,1,0,1990319999,281784236191,3195,5305082,7143532,12448614,263414,263414,78136,1.8651961790535976,27.11902936062624,0.12448614,
job_movie_info_info,movie_info.info,benchmarks/job/../../data/job/movie_info__info.csv,job-csv,utf8,StdSearch,adaptive,fm,fm,prefix_usa_space_199,USA:% 199%,2,6674158,100000014,100000000,6674158,6674158,0,1,0,1990319999,281784236191,3195,5021484,7488291,12509775,263414,263414,78136,1.8743600316324547,28.427839826281062,0.12509775,
job_movie_info_info,movie_info.info,benchmarks/job/../../data/job/movie_info__info.csv,job-csv,utf8,StdSearch,adaptive,fm,fm,prefix_usa_space_199,USA:% 199%,3,6674158,100000014,100000000,6674158,6674158,0,1,0,1990319999,281784236191,3195,5286190,7652910,12939100,263414,263414,78136,1.9386864979822174,29.05278383077589,0.129391,
job_movie_info_info,movie_info.info,benchmarks/job/../../data/job/movie_info__info.csv,job-csv,utf8,StdSearch,adaptive,fm,fm,prefix_usa_space_199,USA:% 199%,4,6674158,100000014,100000000,6674158,6674158,0,1,0,1990319999,281784236191,3195,5213844,7083470,12297314,263414,263414,78136,1.8425266528002484,26.891015663556228,0.12297314,
job_movie_info_info,movie_info.info,benchmarks/job/../../data/job/movie_info__info.csv,job-csv,utf8,StdSearch,adaptive,full-scan,full-scan,prefix_usa_space_199,USA:% 199%,0,6674158,100000014,100000000,6674158,6674158,0,1,0,1990319999,0,3195,698,59701751,59702449,6674158,4607775,78136,8.945315498973804,8.945210916493137,0.59702449,
job_movie_info_info,movie_info.info,benchmarks/job/../../data/job/movie_info__info.csv,job-csv,utf8,StdSearch,adaptive,full-scan,full-scan,prefix_usa_space_199,USA:% 199%,1,6674158,100000014,100000000,6674158,6674158,0,1,0,1990319999,0,3195,139,59831204,59831343,6674158,4607775,78136,8.964627897631432,8.964607071034278,0.59831343,
job_movie_info_info,movie_info.info,benchmarks/job/../../data/job/movie_info__info.csv,job-csv,utf8,StdSearch,adaptive,full-scan,full-scan,prefix_usa_space_199,USA:% 199%,2,6674158,100000014,100000000,6674158,6674158,0,1,0,1990319999,0,3195,109,60035027,60035136,6674158,4607775,78136,8.995162535858455,8.995146204210329,0.60035136,
job_movie_info_info,movie_info.info,benchmarks/job/../../data/job/movie_info__info.csv,job-csv,utf8,StdSearch,adaptive,full-scan,full-scan,prefix_usa_space_199,USA:% 199%,3,6674158,100000014,100000000,6674158,6674158,0,1,0,1990319999,0,3195,110,61509204,61509314,6674158,4607775,78136,9.21604103468932,9.216024553209559,0.61509314,
job_movie_info_info,movie_info.info,benchmarks/job/../../data/job/movie_info__info.csv,job-csv,utf8,StdSearch,adaptive,full-scan,full-scan,prefix_usa_space_199,USA:% 199%,4,6674158,100000014,100000000,6674158,6674158,0,1,0,1990319999,0,3195,150,60952558,60952708,6674158,4607775,78136,9.13264384810788,9.132621373362753,0.60952708,
job_movie_info_info,movie_info.info,benchmarks/job/../../data/job/movie_info__info.csv,job-csv,utf8,StdSearch,adaptive,prefix-btree,prefix-btree,prefix_usa_space_199,USA:% 199%,0,6674158,100000014,100000000,6674158,6674158,0,1,0,1990319999,1558029554,3195,13594978,25940376,39535354,935876,819018,78136,5.923646698205227,27.717748932550894,0.39535354,
job_movie_info_info,movie_info.info,benchmarks/job/../../data/job/movie_info__info.csv,job-csv,utf8,StdSearch,adaptive,prefix-btree,prefix-btree,prefix_usa_space_199,USA:% 199%,1,6674158,100000014,100000000,6674158,6674158,0,1,0,1990319999,1558029554,3195,14357014,26085165,40442179,935876,819018,78136,6.0595177698819835,27.872458530831008,0.40442179,
job_movie_info_info,movie_info.info,benchmarks/job/../../data/job/movie_info__info.csv,job-csv,utf8,StdSearch,adaptive,prefix-btree,prefix-btree,prefix_usa_space_199,USA:% 199%,2,6674158,100000014,100000000,6674158,6674158,0,1,0,1990319999,1558029554,3195,13564595,26973603,40538198,935876,819018,78136,6.073904453565528,28.821770191777542,0.40538198,
job_movie_info_info,movie_info.info,benchmarks/job/../../data/job/movie_info__info.csv,job-csv,utf8,StdSearch,adaptive,prefix-btree,prefix-btree,prefix_usa_space_199,USA:% 199%,3,6674158,100000014,100000000,6674158,6674158,0,1,0,1990319999,1558029554,3195,14501553,26273174,40774727,935876,819018,78136,6.109343980169483,28.073349460826005,0.40774727,
job_movie_info_info,movie_info.info,benchmarks/job/../../data/job/movie_info__info.csv,job-csv,utf8,StdSearch,adaptive,prefix-btree,prefix-btree,prefix_usa_space_199,USA:% 199%,4,6674158,100000014,100000000,6674158,6674158,0,1,0,1990319999,1558029554,3195,13052725,26367793,39420518,935876,819018,78136,5.906440632661079,28.174451529903536,0.39420518,
job_movie_info_info,movie_info.info,benchmarks/job/../../data/job/movie_info__info.csv,job-csv,utf8,StdSearch,adaptive,qgram,full-scan,prefix_usa_space_199,USA:% 199%,0,6674158,100000014,100000000,6674158,6674158,0,1,0,1990319999,2909990269,3195,788,61197516,61198304,6674158,4607775,78136,9.16944189813906,9.169323830811317,0.61198304,literal-shorter-than-qgram
job_movie_info_info,movie_info.info,benchmarks/job/../../data/job/movie_info__info.csv,job-csv,utf8,StdSearch,adaptive,qgram,full-scan,prefix_usa_space_199,USA:% 199%,1,6674158,100000014,100000000,6674158,6674158,0,1,0,1990319999,2909990269,3195,110,60939798,60939908,6674158,4607775,78136,9.130726003190215,9.130709521710454,0.60939908,literal-shorter-than-qgram
job_movie_info_info,movie_info.info,benchmarks/job/../../data/job/movie_info__info.csv,job-csv,utf8,StdSearch,adaptive,qgram,full-scan,prefix_usa_space_199,USA:% 199%,2,6674158,100000014,100000000,6674158,6674158,0,1,0,1990319999,2909990269,3195,110,60583369,60583479,6674158,4607775,78136,9.077321663646561,9.0773051821668,0.60583479,literal-shorter-than-qgram
job_movie_info_info,movie_info.info,benchmarks/job/../../data/job/movie_info__info.csv,job-csv,utf8,StdSearch,adaptive,qgram,full-scan,prefix_usa_space_199,USA:% 199%,3,6674158,100000014,100000000,6674158,6674158,0,1,0,1990319999,2909990269,3195,190,60688744,60688934,6674158,4607775,78136,9.093122158630347,9.09309369061985,0.60688934,literal-shorter-than-qgram
job_movie_info_info,movie_info.info,benchmarks/job/../../data/job/movie_info__info.csv,job-csv,utf8,StdSearch,adaptive,qgram,full-scan,prefix_usa_space_199,USA:% 199%,4,6674158,100000014,100000000,6674158,6674158,0,1,0,1990319999,2909990269,3195,100,60921888,60921988,6674158,4607775,78136,9.128041020305483,9.128026037142064,0.60921988,literal-shorter-than-qgram
job_movie_info_info,movie_info.info,benchmarks/job/../../data/job/movie_info__info.csv,job-csv,utf8,StdSearch,adaptive,trigram,trigram,prefix_usa_space_199,USA:% 199%,0,6674158,100000014,100000000,6674158,6674158,0,1,0,1990319999,3626250845,3195,1050139,7370391,8420530,263414,263414,78136,1.2616617706683,27.980255415429703,0.0842053,
job_movie_info_info,movie_info.info,benchmarks/job/../../data/job/movie_info__info.csv,job-csv,utf8,StdSearch,adaptive,trigram,trigram,prefix_usa_space_199,USA:% 199%,1,6674158,100000014,100000000,6674158,6674158,0,1,0,1990319999,3626250845,3195,1062938,7256170,8319108,263414,263414,78136,1.2464655466652124,27.546637612275735,0.08319108,
job_movie_info_info,movie_info.info,benchmarks/job/../../data/job/movie_info__info.csv,job-csv,utf8,StdSearch,adaptive,trigram,trigram,prefix_usa_space_199,USA:% 199%,2,6674158,100000014,100000000,6674158,6674158,0,1,0,1990319999,3626250845,3195,1050538,7273491,8324029,263414,263414,78136,1.2472028681370744,27.612393418724896,0.08324029,
job_movie_info_info,movie_info.info,benchmarks/job/../../data/job/movie_info__info.csv,job-csv,utf8,StdSearch,adaptive,trigram,trigram,prefix_usa_space_199,USA:% 199%,3,6674158,100000014,100000000,6674158,6674158,0,1,0,1990319999,3626250845,3195,1078552,7120285,8198837,263414,263414,78136,1.2284451461892272,27.030776648166004,0.08198837,
job_movie_info_info,movie_info.info,benchmarks/job/../../data/job/movie_info__info.csv,job-csv,utf8,StdSearch,adaptive,trigram,trigram,prefix_usa_space_199,USA:% 199%,4,6674158,100000014,100000000,6674158,6674158,0,1,0,1990319999,3626250845,3195,1018142,7254333,8272475,263414,263414,78136,1.2394784480679062,27.539663799190627,0.08272475,
job_movie_info_info,movie_info.info,benchmarks/job/../../data/job/movie_info__info.csv,job-csv,utf8,StdSearch,adaptive,fm,fm,prefix_usa_space_200,USA:% 200%,0,6674158,100000014,100000000,6674158,6674158,0,1,0,1990319999,281784236191,2915,18254875,16950847,35205722,885461,885461,268914,5.274930860192402,19.143527495846797,0.35205722,
job_movie_info_info,movie_info.info,benchmarks/job/../../data/job/movie_info__info.csv,job-csv,utf8,StdSearch,adaptive,fm,fm,prefix_usa_space_200,USA:% 200%,1,6674158,100000014,100000000,6674158,6674158,0,1,0,1990319999,281784236191,2915,18140595,16741055,34881650,885461,885461,268914,5.226374622836319,18.906597806114554,0.3488165,
job_movie_info_info,movie_info.info,benchmarks/job/../../data/job/movie_info__info.csv,job-csv,utf8,StdSearch,adaptive,fm,fm,prefix_usa_space_200,USA:% 200%,2,6674158,100000014,100000000,6674158,6674158,0,1,0,1990319999,281784236191,2915,17837188,17173568,35010756,885461,885461,268914,5.245718785800396,19.39505861918255,0.35010756,
job_movie_info_info,movie_info.info,benchmarks/job/../../data/job/movie_info__info.csv,job-csv,utf8,StdSearch,adaptive,fm,fm,prefix_usa_space_200,USA:% 200%,3,6674158,100000014,100000000,6674158,6674158,0,1,0,1990319999,281784236191,2915,18495826,26059007,44554833,885461,885461,268914,6.675723439570954,29.429875511174405,0.44554833,
job_movie_info_info,movie_info.info,benchmarks/job/../../data/job/movie_info__info.csv,job-csv,utf8,StdSearch,adaptive,fm,fm,prefix_usa_space_200,USA:% 200%,4,6674158,100000014,100000000,6674158,6674158,0,1,0,1990319999,281784236191,2915,21831916,17022237,38854153,885461,885461,268914,5.821581239161554,19.224152164804547,0.38854153,
job_movie_info_info,movie_info.info,benchmarks/job/../../data/job/movie_info__info.csv,job-csv,utf8,StdSearch,adaptive,full-scan,full-scan,prefix_usa_space_200,USA:% 200%,0,6674158,100000014,100000000,6674158,6674158,0,1,0,1990319999,0,2915,889,61772647,61773536,6674158,4607775,268914,9.255629848738971,9.255496648416175,0.61773536,
job_movie_info_info,movie_info.info,benchmarks/job/../../data/job/movie_info__info.csv,job-csv,utf8,StdSearch,adaptive,full-scan,full-scan,prefix_usa_space_200,USA:% 200%,1,6674158,100000014,100000000,6674158,6674158,0,1,0,1990319999,0,2915,110,62475103,62475213,6674158,4607775,268914,9.360763260324374,9.360746778844613,0.62475213,
job_movie_info_info,movie_info.info,benchmarks/job/../../data/job/movie_info__info.csv,job-csv,utf8,StdSearch,adaptive,full-scan,full-scan,prefix_usa_space_200,USA:% 200%,2,6674158,100000014,100000000,6674158,6674158,0,1,0,1990319999,0,2915,110,62296719,62296829,6674158,4607775,268914,9.33403569409055,9.334019212610789,0.62296829,
job_movie_info_info,movie_info.info,benchmarks/job/../../data/job/movie_info__info.csv,job-csv,utf8,StdSearch,adaptive,full-scan,full-scan,prefix_usa_space_200,USA:% 200%,3,6674158,100000014,100000000,6674158,6674158,0,1,0,1990319999,0,2915,99,61931594,61931693,6674158,4607775,268914,9.27932677050798,9.279311937176194,0.61931693,
job_movie_info_info,movie_info.info,benchmarks/job/../../data/job/movie_info__info.csv,job-csv,utf8,StdSearch,adaptive,full-scan,full-scan,prefix_usa_space_200,USA:% 200%,4,6674158,100000014,100000000,6674158,6674158,0,1,0,1990319999,0,2915,110,62388936,62389046,6674158,4607775,268914,9.347852717900894,9.347836236421134,0.62389046,
job_movie_info_info,movie_info.info,benchmarks/job/../../data/job/movie_info__info.csv,job-csv,utf8,StdSearch,adaptive,prefix-btree,prefix-btree,prefix_usa_space_200,USA:% 200%,0,6674158,100000014,100000000,6674158,6674158,0,1,0,1990319999,1558029554,2915,13611404,28913734,42525138,935876,819018,268914,6.371610920808288,30.894834358397908,0.42525138,
job_movie_info_info,movie_info.info,benchmarks/job/../../data/job/movie_info__info.csv,job-csv,utf8,StdSearch,adaptive,prefix-btree,prefix-btree,prefix_usa_space_200,USA:% 200%,1,6674158,100000014,100000000,6674158,6674158,0,1,0,1990319999,1558029554,2915,13271445,28031117,41302562,935876,819018,268914,6.188430360803565,29.95174253854143,0.41302562,
job_movie_info_info,movie_info.info,benchmarks/job/../../data/job/movie_info__info.csv,job-csv,utf8,StdSearch,adaptive,prefix-btree,prefix-btree,prefix_usa_space_200,USA:% 200%,2,6674158,100000014,100000000,6674158,6674158,0,1,0,1990319999,1558029554,2915,13590429,27972993,41563422,935876,819018,268914,6.227515440899062,29.889636020156516,0.41563422,
job_movie_info_info,movie_info.info,benchmarks/job/../../data/job/movie_info__info.csv,job-csv,utf8,StdSearch,adaptive,prefix-btree,prefix-btree,prefix_usa_space_200,USA:% 200%,3,6674158,100000014,100000000,6674158,6674158,0,1,0,1990319999,1558029554,2915,13072666,27447682,40520348,935876,819018,268914,6.07122995889519,29.328331958507324,0.40520348,
job_movie_info_info,movie_info.info,benchmarks/job/../../data/job/movie_info__info.csv,job-csv,utf8,StdSearch,adaptive,prefix-btree,prefix-btree,prefix_usa_space_200,USA:% 200%,4,6674158,100000014,100000000,6674158,6674158,0,1,0,1990319999,1558029554,2915,13128251,27088828,40217079,935876,819018,268914,6.025790669025216,28.944890135017886,0.40217079,
job_movie_info_info,movie_info.info,benchmarks/job/../../data/job/movie_info__info.csv,job-csv,utf8,StdSearch,adaptive,qgram,full-scan,prefix_usa_space_200,USA:% 200%,0,6674158,100000014,100000000,6674158,6674158,0,1,0,1990319999,2909990269,2915,529,62228925,62229454,6674158,4607775,268914,9.32394078773682,9.323861526802332,0.62229454,literal-shorter-than-qgram
job_movie_info_info,movie_info.info,benchmarks/job/../../data/job/movie_info__info.csv,job-csv,utf8,StdSearch,adaptive,qgram,full-scan,prefix_usa_space_200,USA:% 200%,1,6674158,100000014,100000000,6674158,6674158,0,1,0,1990319999,2909990269,2915,110,62130355,62130465,6674158,4607775,268914,9.309109104099724,9.309092622619962,0.62130465,literal-shorter-than-qgram
job_movie_info_info,movie_info.info,benchmarks/job/../../data/job/movie_info__info.csv,job-csv,utf8,StdSearch,adaptive,qgram,full-scan,prefix_usa_space_200,USA:% 200%,2,6674158,100000014,100000000,6674158,6674158,0,1,0,1990319999,2909990269,2915,99,62694421,62694520,6674158,4607775,268914,9.393622386524262,9.393607553192478,0.6269452,literal-shorter-than-qgram
job_movie_info_info,movie_info.info,benchmarks/job/../../data/job/movie_info__info.csv,job-csv,utf8,StdSearch,adaptive,qgram,full-scan,prefix_usa_space_200,USA:% 200%,3,6674158,100000014,100000000,6674158,6674158,0,1,0,1990319999,2909990269,2915,110,62151099,62151209,6674158,4607775,268914,9.312217211519416,9.312200730039654,0.62151209,literal-shorter-than-qgram
job_movie_info_info,movie_info.info,benchmarks/job/../../data/job/movie_info__info.csv,job-csv,utf8,StdSearch,adaptive,qgram,full-scan,prefix_usa_space_200,USA:% 200%,4,6674158,100000014,100000000,6674158,6674158,0,1,0,1990319999,2909990269,2915,100,62541273,62541373,6674158,4607775,268914,9.37067612124256,9.370661138079141,0.62541373,literal-shorter-than-qgram
job_movie_info_info,movie_info.info,benchmarks/job/../../data/job/movie_info__info.csv,job-csv,utf8,StdSearch,adaptive,trigram,trigram,prefix_usa_space_200,USA:% 200%,0,6674158,100000014,100000000,6674158,6674158,0,1,0,1990319999,3626250845,2915,2701440,17089566,19791006,885461,885461,268914,2.965318771296694,19.300190522225147,0.19791006,
job_movie_info_info,movie_info.info,benchmarks/job/../../data/job/movie_info__info.csv,job-csv,utf8,StdSearch,adaptive,trigram,trigram,prefix_usa_space_200,USA:% 200%,1,6674158,100000014,100000000,6674158,6674158,0,1,0,1990319999,3626250845,2915,2747711,16989449,19737160,885461,885461,268914,2.957250937121956,19.187122865942147,0.1973716,
job_movie_info_info,movie_info.info,benchmarks/job/../../data/job/movie_info__info.csv,job-csv,utf8,StdSearch,adaptive,trigram,trigram,prefix_usa_space_200,USA:% 200%,2,6674158,100000014,100000000,6674158,6674158,0,1,0,1990319999,3626250845,2915,2628535,16693273,19321808,885461,885461,268914,2.895018068196767,18.85263495512507,0.19321808,
job_movie_info_info,movie_info.info,benchmarks/job/../../data/job/movie_info__info.csv,job-csv,utf8,StdSearch,adaptive,trigram,trigram,prefix_usa_space_200,USA:% 200%,3,6674158,100000014,100000000,6674158,6674158,0,1,0,1990319999,3626250845,2915,3034901,17300455,20335356,885461,885461,268914,3.046879621369467,19.538359114630683,0.20335356,
job_movie_info_info,movie_info.info,benchmarks/job/../../data/job/movie_info__info.csv,job-csv,utf8,StdSearch,adaptive,trigram,trigram,prefix_usa_space_200,USA:% 200%,4,6674158,100000014,100000000,6674158,6674158,0,1,0,1990319999,3626250845,2915,2645257,16787922,19433179,885461,885461,268914,2.9117049671284376,18.959527297080278,0.19433179,
job_movie_info_info,movie_info.info,benchmarks/job/../../data/job/movie_info__info.csv,job-csv,utf8,StdSearch,adaptive,fm,fm,prefix_usa_200,USA:%200%,0,6674158,100000014,100000000,6674158,6674158,0,1,0,1990319999,281784236191,2845,19414470,27644069,47058539,935876,833915,294734,7.050857801088917,29.538174929157282,0.47058539,
job_movie_info_info,movie_info.info,benchmarks/job/../../data/job/movie_info__info.csv,job-csv,utf8,StdSearch,adaptive,fm,fm,prefix_usa_200,USA:%200%,1,6674158,100000014,100000000,6674158,6674158,0,1,0,1990319999,281784236191,2845,19964640,28598825,48563465,935876,833915,294734,7.276343323007936,30.558348541900852,0.48563465,
job_movie_info_info,movie_info.info,benchmarks/job/../../data/job/movie_info__info.csv,job-csv,utf8,StdSearch,adaptive,fm,fm,prefix_usa_200,USA:%200%,2,6674158,100000014,100000000,6674158,6674158,0,1,0,1990319999,281784236191,2845,20075810,28235197,48311007,935876,833915,294734,7.238517128302926,30.16980561527382,0.48311007,
job_movie_info_info,movie_info.info,benchmarks/job/../../data/job/movie_info__info.csv,job-csv,utf8,StdSearch,adaptive,fm,fm,prefix_usa_200,USA:%200%,3,6674158,100000014,100000000,6674158,6674158,0,1,0,1990319999,281784236191,2845,19160484,39336614,58497098,935876,833915,294734,8.764715788868049,42.0318653325868,0.58497098,
job_movie_info_info,movie_info.info,benchmarks/job/../../data/job/movie_info__info.csv,job-csv,utf8,StdSearch,adaptive,fm,fm,prefix_usa_200,USA:%200%,4,6674158,100000014,100000000,6674158,6674158,0,1,0,1990319999,281784236191,2845,22168530,28709196,50877726,935876,833915,294734,7.623092830586271,30.67628190059367,0.50877726,
job_movie_info_info,movie_info.info,benchmarks/job/../../data/job/movie_info__info.csv,job-csv,utf8,StdSearch,adaptive,full-scan,full-scan,prefix_usa_200,USA:%200%,0,6674158,100000014,100000000,6674158,6674158,0,1,0,1990319999,0,2845,559,67382221,67382780,6674158,5402091,294734,10.096072043844332,10.095988287960818,0.6738278,
job_movie_info_info,movie_info.info,benchmarks/job/../../data/job/movie_info__info.csv,job-csv,utf8,StdSearch,adaptive,full-scan,full-scan,prefix_usa_200,USA:%200%,1,6674158,100000014,100000000,6674158,6674158,0,1,0,1990319999,0,2845,110,66530348,66530458,6674158,5402091,294734,9.968367245725977,9.968350764246216,0.66530458,
job_movie_info_info,movie_info.info,benchmarks/job/../../data/job/movie_info__info.csv,job-csv,utf8,StdSearch,adaptive,full-scan,full-scan,prefix_usa_200,USA:%200%,2,6674158,100000014,100000000,6674158,6674158,0,1,0,1990319999,0,2845,109,68851955,68852064,6674158,5402091,294734,10.316217266657457,10.31620093500933,0.68852064,
job_movie_info_info,movie_info.info,benchmarks/job/../../data/job/movie_info__info.csv,job-csv,utf8,StdSearch,adaptive,full-scan,full-scan,prefix_usa_200,USA:%200%,3,6674158,100000014,100000000,6674158,6674158,0,1,0,1990319999,0,2845,150,68418308,68418458,6674158,5402091,294734,10.251249371081716,10.251226896336586,0.68418458,
job_movie_info_info,movie_info.info,benchmarks/job/../../data/job/movie_info__info.csv,job-csv,utf8,StdSearch,adaptive,full-scan,full-scan,prefix_usa_200,USA:%200%,4,6674158,100000014,100000000,6674158,6674158,0,1,0,1990319999,0,2845,110,68096742,68096852,6674158,5402091,294734,10.20306261853555,10.203046137055791,0.68096852,
job_movie_info_info,movie_info.info,benchmarks/job/../../data/job/movie_info__info.csv,job-csv,utf8,StdSearch,adaptive,prefix-btree,prefix-btree,prefix_usa_200,USA:%200%,0,6674158,100000014,100000000,6674158,6674158,0,1,0,1990319999,1558029554,2845,13198813,28032124,41230937,935876,833915,294734,6.177698670004516,29.95281853578893,0.41230937,
job_movie_info_info,movie_info.info,benchmarks/job/../../data/job/movie_info__info.csv,job-csv,utf8,StdSearch,adaptive,prefix-btree,prefix-btree,prefix_usa_200,USA:%200%,1,6674158,100000014,100000000,6674158,6674158,0,1,0,1990319999,1558029554,2845,12861758,27851071,40712829,935876,833915,294734,6.100069701676227,29.759360214387375,0.40712829,
job_movie_info_info,movie_info.info,benchmarks/job/../../data/job/movie_info__info.csv,job-csv,utf8,StdSearch,adaptive,prefix-btree,prefix-btree,prefix_usa_200,USA:%200%,2,6674158,100000014,100000000,6674158,6674158,0,1,0,1990319999,1558029554,2845,12753826,27918914,40672740,935876,833915,294734,6.094063101293077,29.831851655561206,0.4067274,
job_movie_info_info,movie_info.info,benchmarks/job/../../data/job/movie_info__info.csv,job-csv,utf8,StdSearch,adaptive,prefix-btree,prefix-btree,prefix_usa_200,USA:%200%,3,6674158,100000014,100000000,6674158,6674158,0,1,0,1990319999,1558029554,2845,13163067,28829202,41992269,935876,833915,294734,6.29177028772768,30.804510426594977,0.41992269,
job_movie_info_info,movie_info.info,benchmarks/job/../../data/job/movie_info__info.csv,job-csv,utf8,StdSearch,adaptive,prefix-btree,prefix-btree,prefix_usa_200,USA:%200%,4,6674158,100000014,100000000,6674158,6674158,0,1,0,1990319999,1558029554,2845,12993117,28345911,41339028,935876,833915,294734,6.193894121176035,30.288105475511713,0.41339028,
job_movie_info_info,movie_info.info,benchmarks/job/../../data/job/movie_info__info.csv,job-csv,utf8,StdSearch,adaptive,qgram,full-scan,prefix_usa_200,USA:%200%,0,6674158,100000014,100000000,6674158,6674158,0,1,0,1990319999,2909990269,2845,559,68447916,68448475,6674158,5402091,294734,10.255746867245277,10.255663111361763,0.68448475,literal-shorter-than-qgram
job_movie_info_info,movie_info.info,benchmarks/job/../../data/job/movie_info__info.csv,job-csv,utf8,StdSearch,adaptive,qgram,full-scan,prefix_usa_200,USA:%200%,1,6674158,100000014,100000000,6674158,6674158,0,1,0,1990319999,2909990269,2845,110,67672001,67672111,6674158,5402091,294734,10.139422980396928,10.139406498917166,0.67672111,literal-shorter-than-qgram
job_movie_info_info,movie_info.info,benchmarks/job/../../data/job/movie_info__info.csv,job-csv,utf8,StdSearch,adaptive,qgram,full-scan,prefix_usa_200,USA:%200%,2,6674158,100000014,100000000,6674158,6674158,0,1,0,1990319999,2909990269,2845,110,68633069,68633179,6674158,5402091,294734,10.283421369407197,10.283404887927436,0.68633179,literal-shorter-than-qgram
job_movie_info_info,movie_info.info,benchmarks/job/../../data/job/movie_info__info.csv,job-csv,utf8,StdSearch,adaptive,qgram,full-scan,prefix_usa_200,USA:%200%,3,6674158,100000014,100000000,6674158,6674158,0,1,0,1990319999,2909990269,2845,110,68285800,68285910,6674158,5402091,294734,10.231389487632747,10.231373006152985,0.6828591,literal-shorter-than-qgram
job_movie_info_info,movie_info.info,benchmarks/job/../../data/job/movie_info__info.csv,job-csv,utf8,StdSearch,adaptive,qgram,full-scan,prefix_usa_200,USA:%200%,4,6674158,100000014,100000000,6674158,6674158,0,1,0,1990319999,2909990269,2845,109,68228691,68228800,6674158,5402091,294734,10.222832603004004,10.222816271355878,0.682288,literal-shorter-than-qgram
job_movie_info_info,movie_info.info,benchmarks/job/../../data/job/movie_info__info.csv,job-csv,utf8,StdSearch,adaptive,trigram,trigram,prefix_usa_200,USA:%200%,0,6674158,100000014,100000000,6674158,6674158,0,1,0,1990319999,3626250845,2845,1541669,29492945,31034614,935876,833915,294734,4.649966932158334,31.51373151998769,0.31034614,
job_movie_info_info,movie_info.info,benchmarks/job/../../data/job/movie_info__info.csv,job-csv,utf8,StdSearch,adaptive,trigram,trigram,prefix_usa_200,USA:%200%,1,6674158,100000014,100000000,6674158,6674158,0,1,0,1990319999,3626250845,2845,1665594,28990158,30655752,935876,833915,294734,4.593201419564835,30.976494749304393,0.30655752,
job_movie_info_info,movie_info.info,benchmarks/job/../../data/job/movie_info__info.csv,job-csv,utf8,StdSearch,adaptive,trigram,trigram,prefix_usa_200,USA:%200%,2,6674158,100000014,100000000,6674158,6674158,0,1,0,1990319999,3626250845,2845,1709684,28609738,30319422,935876,833915,294734,4.542808546036818,30.57000927473298,0.30319422,
job_movie_info_info,movie_info.info,benchmarks/job/../../data/job/movie_info__info.csv,job-csv,utf8,StdSearch,adaptive,trigram,trigram,prefix_usa_200,USA:%200%,3,6674158,100000014,100000000,6674158,6674158,0,1,0,1990319999,3626250845,2845,1857577,28602319,30459896,935876,833915,294734,4.563855995018398,30.56208194247956,0.30459896,
job_movie_info_info,movie_info.info,benchmarks/job/../../data/job/movie_info__info.csv,job-csv,utf8,StdSearch,adaptive,trigram,trigram,prefix_usa_200,USA:%200%,4,6674158,100000014,100000000,6674158,6674158,0,1,0,1990319999,3626250845,2845,1663148,28525220,30188368,935876,833915,294734,4.523172511049334,30.479700302176784,0.30188368,
job_movie_info_info,movie_info.info,benchmarks/job/../../data/job/movie_info__info.csv,job-csv,utf8,StdSearch,adaptive,fm,fm,prefix_usa_2008,USA:%2008%,0,6674158,100000014,100000000,6674158,6674158,0,1,0,1990319999,281784236191,2576,3207711,5738414,8946125,135571,135355,45638,1.34041252844179,42.32773970834471,0.08946125,
job_movie_info_info,movie_info.info,benchmarks/job/../../data/job/movie_info__info.csv,job-csv,utf8,StdSearch,adaptive,fm,fm,prefix_usa_2008,USA:%2008%,1,6674158,100000014,100000000,6674158,6674158,0,1,0,1990319999,281784236191,2576,2923254,5894203,8817457,135571,135355,45638,1.321133991733489,43.47687189738218,0.08817457,
job_movie_info_info,movie_info.info,benchmarks/job/../../data/job/movie_info__info.csv,job-csv,utf8,StdSearch,adaptive,fm,fm,prefix_usa_2008,USA:%2008%,2,6674158,100000014,100000000,6674158,6674158,0,1,0,1990319999,281784236191,2576,2780821,5565316,8346137,135571,135355,45638,1.2505153459058056,41.05093272159975,0.08346137,
job_movie_info_info,movie_info.info,benchmarks/job/../../data/job/movie_info__info.csv,job-csv,utf8,StdSearch,adaptive,fm,fm,prefix_usa_2008,USA:%2008%,3,6674158,100000014,100000000,6674158,6674158,0,1,0,1990319999,281784236191,2576,2685843,6104823,8790666,135571,135355,45638,1.3171198524218335,45.03044898982821,0.08790666,
job_movie_info_info,movie_info.info,benchmarks/job/../../data/job/movie_info__info.csv,job-csv,utf8,StdSearch,adaptive,fm,fm,prefix_usa_2008,USA:%2008%,4,6674158,100000014,100000000,6674158,6674158,0,1,0,1990319999,281784236191,2576,2645785,5526536,8172321,135571,135355,45638,1.2244722105769748,40.764883345258205,0.08172321,
job_movie_info_info,movie_info.info,benchmarks/job/../../data/job/movie_info__info.csv,job-csv,utf8,StdSearch,adaptive,full-scan,full-scan,prefix_usa_2008,USA:%2008%,0,6674158,100000014,100000000,6674158,6674158,0,1,0,1990319999,0,2576,1148,61195796,61196944,6674158,4607775,45638,9.169238127116559,9.169066120400506,0.61196944,
job_movie_info_info,movie_info.info,benchmarks/job/../../data/job/movie_info__info.csv,job-csv,utf8,StdSearch,adaptive,full-scan,full-scan,prefix_usa_2008,USA:%2008%,1,6674158,100000014,100000000,6674158,6674158,0,1,0,1990319999,0,2576,99,60731743,60731842,6674158,4607775,45638,9.099551134390286,9.099536301058501,0.60731842,
job_movie_info_info,movie_info.info,benchmarks/job/../../data/job/movie_info__info.csv,job-csv,utf8,StdSearch,adaptive,full-scan,full-scan,prefix_usa_2008,USA:%2008%,2,6674158,100000014,100000000,6674158,6674158,0,1,0,1990319999,0,2576,100,61908480,61908580,6674158,4607775,45638,9.275863711946885,9.275848728783465,0.6190858,
job_movie_info_info,movie_info.info,benchmarks/job/../../data/job/movie_info__info.csv,job-csv,utf8,StdSearch,adaptive,full-scan,full-scan,prefix_usa_2008,USA:%2008%,3,6674158,100000014,100000000,6674158,6674158,0,1,0,1990319999,0,2576,109,59714530,59714639,6674158,4607775,45638,8.947141946594611,8.947125614946485,0.59714639,
job_movie_info_info,movie_info.info,benchmarks/job/../../data/job/movie_info__info.csv,job-csv,utf8,StdSearch,adaptive,full-scan,full-scan,prefix_usa_2008,USA:%2008%,4,6674158,100000014,100000000,6674158,6674158,0,1,0,1990319999,0,2576,100,60087616,60087716,6674158,4607775,45638,9.003040683184306,9.003025700020887,0.60087716,
job_movie_info_info,movie_info.info,benchmarks/job/../../data/job/movie_info__info.csv,job-csv,utf8,StdSearch,adaptive,prefix-btree,prefix-btree,prefix_usa_2008,USA:%2008%,0,6674158,100000014,100000000,6674158,6674158,0,1,0,1990319999,1558029554,2576,13165329,26186909,39352238,935876,819018,45638,5.896210128678404,27.98117378798046,0.39352238,
job_movie_info_info,movie_info.info,benchmarks/job/../../data/job/movie_info__info.csv,job-csv,utf8,StdSearch,adaptive,prefix-btree,prefix-btree,prefix_usa_2008,USA:%2008%,1,6674158,100000014,100000000,6674158,6674158,0,1,0,1990319999,1558029554,2576,12977788,26049517,39027305,935876,819018,45638,5.8475248862852816,27.83436801456603,0.39027305,
job_movie_info_info,movie_info.info,benchmarks/job/../../data/job/movie_info__info.csv,job-csv,utf8,StdSearch,adaptive,prefix-btree,prefix-btree,prefix_usa_2008,USA:%2008%,2,6674158,100000014,100000000,6674158,6674158,0,1,0,1990319999,1558029554,2576,13339216,26219080,39558296,935876,819018,45638,5.927084135556875,28.015549068466335,0.39558296,
job_movie_info_info,movie_info.info,benchmarks/job/../../data/job/movie_info__info.csv,job-csv,utf8,StdSearch,adaptive,prefix-btree,prefix-btree,prefix_usa_2008,USA:%2008%,3,6674158,100000014,100000000,6674158,6674158,0,1,0,1990319999,1558029554,2576,13009242,26033347,39042589,935876,819018,45638,5.849814912982282,27.817090084583857,0.39042589,
job_movie_info_info,movie_info.info,benchmarks/job/../../data/job/movie_info__info.csv,job-csv,utf8,StdSearch,adaptive,prefix-btree,prefix-btree,prefix_usa_2008,USA:%2008%,4,6674158,100000014,100000000,6674158,6674158,0,1,0,1990319999,1558029554,2576,13154827,25812416,38967243,935876,819018,45638,5.8385256986724015,27.581021417367257,0.38967243,
job_movie_info_info,movie_info.info,benchmarks/job/../../data/job/movie_info__info.csv,job-csv,utf8,StdSearch,adaptive,qgram,full-scan,prefix_usa_2008,USA:%2008%,0,6674158,100000014,100000000,6674158,6674158,0,1,0,1990319999,2909990269,2576,1403,68004695,68006098,6674158,4607775,45638,10.18946479840603,10.189254584623258,0.68006098,literal-shorter-than-qgram
job_movie_info_info,movie_info.info,benchmarks/job/../../data/job/movie_info__info.csv,job-csv,utf8,StdSearch,adaptive,qgram,full-scan,prefix_usa_2008,USA:%2008%,1,6674158,100000014,100000000,6674158,6674158,0,1,0,1990319999,2909990269,2576,109,60945219,60945328,6674158,4607775,45638,9.13153809064754,9.131521758999412,0.60945328,literal-shorter-than-qgram
job_movie_info_info,movie_info.info,benchmarks/job/../../data/job/movie_info__info.csv,job-csv,utf8,StdSearch,adaptive,qgram,full-scan,prefix_usa_2008,USA:%2008%,2,6674158,100000014,100000000,6674158,6674158,0,1,0,1990319999,2909990269,2576,109,60341059,60341168,6674158,4607775,45638,9.041015810533704,9.040999478885576,0.60341168,literal-shorter-than-qgram
job_movie_info_info,movie_info.info,benchmarks/job/../../data/job/movie_info__info.csv,job-csv,utf8,StdSearch,adaptive,qgram,full-scan,prefix_usa_2008,USA:%2008%,3,6674158,100000014,100000000,6674158,6674158,0,1,0,1990319999,2909990269,2576,108,60795898,60796006,6674158,4607775,45638,9.109164931366623,9.10914874955013,0.60796006,literal-shorter-than-qgram
job_movie_info_info,movie_info.info,benchmarks/job/../../data/job/movie_info__info.csv,job-csv,utf8,StdSearch,adaptive,qgram,full-scan,prefix_usa_2008,USA:%2008%,4,6674158,100000014,100000000,6674158,6674158,0,1,0,1990319999,2909990269,2576,109,66568699,66568808,6674158,4607775,45638,9.974113288897266,9.97409695724914,0.66568808,literal-shorter-than-qgram
job_movie_info_info,movie_info.info,benchmarks/job/../../data/job/movie_info__info.csv,job-csv,utf8,StdSearch,adaptive,trigram,trigram,prefix_usa_2008,USA:%2008%,0,6674158,100000014,100000000,6674158,6674158,0,1,0,1990319999,3626250845,2576,1226183,7666156,8892339,135572,135356,45638,1.3323536841651036,56.54675006638539,0.08892339,
job_movie_info_info,movie_info.info,benchmarks/job/../../data/job/movie_info__info.csv,job-csv,utf8,StdSearch,adaptive,trigram,trigram,prefix_usa_2008,USA:%2008%,1,6674158,100000014,100000000,6674158,6674158,0,1,0,1990319999,3626250845,2576,1928811,6938520,8867331,135572,135356,45638,1.3286066946572137,51.17959460655592,0.08867331,
job_movie_info_info,movie_info.info,benchmarks/job/../../data/job/movie_info__info.csv,job-csv,utf8,StdSearch,adaptive,trigram,trigram,prefix_usa_2008,USA:%2008%,2,6674158,100000014,100000000,6674158,6674158,0,1,0,1990319999,3626250845,2576,1434815,6436769,7871584,135572,135356,45638,1.1794122944047774,47.478601776177975,0.07871584,
job_movie_info_info,movie_info.info,benchmarks/job/../../data/job/movie_info__info.csv,job-csv,utf8,StdSearch,adaptive,trigram,trigram,prefix_usa_2008,USA:%2008%,3,6674158,100000014,100000000,6674158,6674158,0,1,0,1990319999,3626250845,2576,1206562,6111549,7318111,135572,135356,45638,1.0964845303332644,45.079728852565424,0.07318111,
job_movie_info_info,movie_info.info,benchmarks/job/../../data/job/movie_info__info.csv,job-csv,utf8,StdSearch,adaptive,trigram,trigram,prefix_usa_2008,USA:%2008%,4,6674158,100000014,100000000,6674158,6674158,0,1,0,1990319999,3626250845,2576,1470356,6562811,8033167,135572,135356,45638,1.2036225393525295,48.40830702504942,0.08033167,
job_movie_info_info,movie_info.info,benchmarks/job/../../data/job/movie_info__info.csv,job-csv,utf8,StdSearch,adaptive,fm,fm,prefix_usa_201,USA:%201%,0,6674158,100000014,100000000,6674158,6674158,0,1,0,1990319999,281784236191,2520,19422434,28066122,47488556,935876,833915,227707,7.115287950929541,29.98914599797409,0.47488556,
job_movie_info_info,movie_info.info,benchmarks/job/../../data/job/movie_info__info.csv,job-csv,utf8,StdSearch,adaptive,fm,fm,prefix_usa_201,USA:%201%,1,6674158,100000014,100000000,6674158,6674158,0,1,0,1990319999,281784236191,2520,19337711,27938194,47275905,935876,833915,227707,7.083426104086838,29.852452675354428,0.47275905,
job_movie_info_info,movie_info.info,benchmarks/job/../../data/job/movie_info__info.csv,job-csv,utf8,StdSearch,adaptive,fm,fm,prefix_usa_201,USA:%201%,2,6674158,100000014,100000000,6674158,6674158,0,1,0,1990319999,281784236191,2520,19196479,28264796,47461275,935876,833915,227707,7.11120039411713,30.20143266843043,0.47461275,
job_movie_info_info,movie_info.info,benchmarks/job/../../data/job/movie_info__info.csv,job-csv,utf8,StdSearch,adaptive,fm,fm,prefix_usa_201,USA:%201%,3,6674158,100000014,100000000,6674158,6674158,0,1,0,1990319999,281784236191,2520,19091372,27416644,46508016,935876,833915,227707,6.968372040338272,29.295167308489585,0.46508016,
job_movie_info_info,movie_info.info,benchmarks/job/../../data/job/movie_info__info.csv,job-csv,utf8,StdSearch,adaptive,fm,fm,prefix_usa_201,USA:%201%,4,6674158,100000014,100000000,6674158,6674158,0,1,0,1990319999,281784236191,2520,19133443,27599779,46733222,935876,833915,227707,7.002115023348264,29.490850283584578,0.46733222,
job_movie_info_info,movie_info.info,benchmarks/job/../../data/job/movie_info__info.csv,job-csv,utf8,StdSearch,adaptive,full-scan,full-scan,prefix_usa_201,USA:%201%,0,6674158,100000014,100000000,6674158,6674158,0,1,0,1990319999,0,2520,484,67349447,67349931,6674158,5402091,227707,10.091150224492738,10.091077705981789,0.67349931,
job_movie_info_info,movie_info.info,benchmarks/job/../../data/job/movie_info__info.csv,job-csv,utf8,StdSearch,adaptive,full-scan,full-scan,prefix_usa_201,USA:%201%,1,6674158,100000014,100000000,6674158,6674158,0,1,0,1990319999,0,2520,138,67517952,67518090,6674158,5402091,227707,10.11634576226694,10.116325085501423,0.6751809,
job_movie_info_info,movie_info.info,benchmarks/job/../../data/job/movie_info__info.csv,job-csv,utf8,StdSearch,adaptive,full-scan,full-scan,prefix_usa_201,USA:%201%,2,6674158,100000014,100000000,6674158,6674158,0,1,0,1990319999,0,2520,108,67116493,67116601,6674158,5402091,227707,10.056190009286565,10.056173827470072,0.67116601,
job_movie_info_info,movie_info.info,benchmarks/job/../../data/job/movie_info__info.csv,job-csv,utf8,StdSearch,adaptive,full-scan,full-scan,prefix_usa_201,USA:%201%,3,6674158,100000014,100000000,6674158,6674158,0,1,0,1990319999,0,2520,109,67519770,67519879,6674158,5402091,227707,10.116613811060512,10.116597479412384,0.67519879,
job_movie_info_info,movie_info.info,benchmarks/job/../../data/job/movie_info__info.csv,job-csv,utf8,StdSearch,adaptive,full-scan,full-scan,prefix_usa_201,USA:%201%,4,6674158,100000014,100000000,6674158,6674158,0,1,0,1990319999,0,2520,119,69089745,69089864,6674158,5402091,227707,10.35184722926847,10.351829399304002,0.69089864,
job_movie_info_info,movie_info.info,benchmarks/job/../../data/job/movie_info__info.csv,job-csv,utf8,StdSearch,adaptive,prefix-btree,prefix-btree,prefix_usa_201,USA:%201%,0,6674158,100000014,100000000,6674158,6674158,0,1,0,1990319999,1558029554,2520,13031770,28751295,41783065,935876,833915,227707,6.26042491052804,30.721265424051904,0.41783065,
job_movie_info_info,movie_info.info,benchmarks/job/../../data/job/movie_info__info.csv,job-csv,utf8,StdSearch,adaptive,prefix-btree,prefix-btree,prefix_usa_201,USA:%201%,1,6674158,100000014,100000000,6674158,6674158,0,1,0,1990319999,1558029554,2520,13471426,28598016,42069442,935876,833915,227707,6.30333324443323,30.55748411114293,0.42069442,
job_movie_info_info,movie_info.info,benchmarks/job/../../data/job/movie_info__info.csv,job-csv,utf8,StdSearch,adaptive,prefix-btree,prefix-btree,prefix_usa_201,USA:%201%,2,6674158,100000014,100000000,6674158,6674158,0,1,0,1990319999,1558029554,2520,13069953,43062393,56132346,935876,833915,227707,8.410401132247694,46.012925857699095,0.56132346,
job_movie_info_info,movie_info.info,benchmarks/job/../../data/job/movie_info__info.csv,job-csv,utf8,StdSearch,adaptive,prefix-btree,prefix-btree,prefix_usa_201,USA:%201%,3,6674158,100000014,100000000,6674158,6674158,0,1,0,1990319999,1558029554,2520,12990049,29195641,42185690,935876,833915,227707,6.320750872244859,31.196056956263437,0.4218569,
job_movie_info_info,movie_info.info,benchmarks/job/../../data/job/movie_info__info.csv,job-csv,utf8,StdSearch,adaptive,prefix-btree,prefix-btree,prefix_usa_201,USA:%201%,4,6674158,100000014,100000000,6674158,6674158,0,1,0,1990319999,1558029554,2520,13646044,29134409,42780453,935876,833915,227707,6.409865184492186,31.130629485102727,0.42780453,
job_movie_info_info,movie_info.info,benchmarks/job/../../data/job/movie_info__info.csv,job-csv,utf8,StdSearch,adaptive,qgram,full-scan,prefix_usa_201,USA:%201%,0,6674158,100000014,100000000,6674158,6674158,0,1,0,1990319999,2909990269,2520,633,68536935,68537568,6674158,5402091,227707,10.269095817030403,10.269000973605959,0.68537568,literal-shorter-than-qgram
job_movie_info_info,movie_info.info,benchmarks/job/../../data/job/movie_info__info.csv,job-csv,utf8,StdSearch,adaptive,qgram,full-scan,prefix_usa_201,USA:%201%,1,6674158,100000014,100000000,6674158,6674158,0,1,0,1990319999,2909990269,2520,99,69965195,69965294,6674158,5402091,227707,10.483014336789749,10.482999503457965,0.69965294,literal-shorter-than-qgram
job_movie_info_info,movie_info.info,benchmarks/job/../../data/job/movie_info__info.csv,job-csv,utf8,StdSearch,adaptive,qgram,full-scan,prefix_usa_201,USA:%201%,2,6674158,100000014,100000000,6674158,6674158,0,1,0,1990319999,2909990269,2520,109,67305482,67305591,6674158,5402091,227707,10.084506689832635,10.084490358184508,0.67305591,literal-shorter-than-qgram
job_movie_info_info,movie_info.info,benchmarks/job/../../data/job/movie_info__info.csv,job-csv,utf8,StdSearch,adaptive,qgram,full-scan,prefix_usa_201,USA:%201%,3,6674158,100000014,100000000,6674158,6674158,0,1,0,1990319999,2909990269,2520,99,66658732,66658831,6674158,5402091,227707,9.987601582102192,9.987586748770406,0.66658831,literal-shorter-than-qgram
job_movie_info_info,movie_info.info,benchmarks/job/../../data/job/movie_info__info.csv,job-csv,utf8,StdSearch,adaptive,qgram,full-scan,prefix_usa_201,USA:%201%,4,6674158,100000014,100000000,6674158,6674158,0,1,0,1990319999,2909990269,2520,109,66545536,66545645,6674158,5402091,227707,9.970642738754462,9.970626407106334,0.66545645,literal-shorter-than-qgram
job_movie_info_info,movie_info.info,benchmarks/job/../../data/job/movie_info__info.csv,job-csv,utf8,StdSearch,adaptive,trigram,trigram,prefix_usa_201,USA:%201%,0,6674158,100000014,100000000,6674158,6674158,0,1,0,1990319999,3626250845,2520,1574853,28816698,30391551,935876,833915,227707,4.553615751979501,30.79114968222286,0.30391551,
job_movie_info_info,movie_info.info,benchmarks/job/../../data/job/movie_info__info.csv,job-csv,utf8,StdSearch,adaptive,trigram,trigram,prefix_usa_201,USA:%201%,1,6674158,100000014,100000000,6674158,6674158,0,1,0,1990319999,3626250845,2520,1644854,28811822,30456676,935876,833915,227707,4.563373537156298,30.7859395902876,0.30456676,
job_movie_info_info,movie_info.info,benchmarks/job/../../data/job/movie_info__info.csv,job-csv,utf8,StdSearch,adaptive,trigram,trigram,prefix_usa_201,USA:%201%,2,6674158,100000014,100000000,6674158,6674158,0,1,0,1990319999,3626250845,2520,1536858,28487795,30024653,935876,833915,227707,4.498642825057483,30.43971103009373,0.30024653,
job_movie_info_info,movie_info.info,benchmarks/job/../../data/job/movie_info__info.csv,job-csv,utf8,StdSearch,adaptive,trigram,trigram,prefix_usa_201,USA:%201%,3,6674158,100000014,100000000,6674158,6674158,0,1,0,1990319999,3626250845,2520,1593149,28742405,30335554,935876,833915,227707,4.5452256299596145,30.71176630237339,0.30335554,
job_movie_info_info,movie_info.info,benchmarks/job/../../data/job/movie_info__info.csv,job-csv,utf8,StdSearch,adaptive,trigram,trigram,prefix_usa_201,USA:%201%,4,6674158,100000014,100000000,6674158,6674158,0,1,0,1990319999,3626250845,2520,1597439,28662917,30260356,935876,833915,227707,4.533958590731595,30.62683197346657,0.30260356,
job_movie_info_info,movie_info.info,benchmarks/job/../../data/job/movie_info__info.csv,job-csv,utf8,NaiveVectorizedV2,recursive,fm,fm,prefix_japan_200,Japan:%200%,0,6674158,100000014,100000000,6674158,6674158,0,1,0,1990319999,281784236191,2550,2483128,4507197,6990325,130031,118510,54763,1.04737181828779,34.662480485422705,0.06990325,
job_movie_info_info,movie_info.info,benchmarks/job/../../data/job/movie_info__info.csv,job-csv,utf8,NaiveVectorizedV2,recursive,fm,fm,prefix_japan_200,Japan:%200%,1,6674158,100000014,100000000,6674158,6674158,0,1,0,1990319999,281784236191,2550,2457798,4377638,6835436,130031,118510,54763,1.0241645462993234,33.66611038906107,0.06835436,
job_movie_info_info,movie_info.info,benchmarks/job/../../data/job/movie_info__info.csv,job-csv,utf8,NaiveVectorizedV2,recursive,fm,fm,prefix_japan_200,Japan:%200%,2,6674158,100000014,100000000,6674158,6674158,0,1,0,1990319999,281784236191,2550,2609833,4482699,7092532,130031,118510,54763,1.062685660123719,34.47407925802309,0.07092532,
job_movie_info_info,movie_info.info,benchmarks/job/../../data/job/movie_info__info.csv,job-csv,utf8,NaiveVectorizedV2,recursive,fm,fm,prefix_japan_200,Japan:%200%,3,6674158,100000014,100000000,6674158,6674158,0,1,0,1990319999,281784236191,2550,2403290,4432378,6835668,130031,118510,54763,1.024199307238456,34.087086925425474,0.06835668,
job_movie_info_info,movie_info.info,benchmarks/job/../../data/job/movie_info__info.csv,job-csv,utf8,NaiveVectorizedV2,recursive,fm,fm,prefix_japan_200,Japan:%200%,4,6674158,100000014,100000000,6674158,6674158,0,1,0,1990319999,281784236191,2550,2596954,4741887,7338841,130031,118510,54763,1.0995905401100783,36.467357783913066,0.07338841,
job_movie_info_info,movie_info.info,benchmarks/job/../../data/job/movie_info__info.csv,job-csv,utf8,NaiveVectorizedV2,recursive,full-scan,full-scan,prefix_japan_200,Japan:%200%,0,6674158,100000014,100000000,6674158,6674158,0,1,0,1990319999,0,2550,593,28876348,28876941,6674158,4439405,54763,4.326679260514959,4.326590410355883,0.28876941,
job_movie_info_info,movie_info.info,benchmarks/job/../../data/job/movie_info__info.csv,job-csv,utf8,NaiveVectorizedV2,recursive,full-scan,full-scan,prefix_japan_200,Japan:%200%,1,6674158,100000014,100000000,6674158,6674158,0,1,0,1990319999,0,2550,119,28546606,28546725,6674158,4439405,54763,4.2772024575983965,4.277184627633928,0.28546725,
job_movie_info_info,movie_info.info,benchmarks/job/../../data/job/movie_info__info.csv,job-csv,utf8,NaiveVectorizedV2,recursive,full-scan,full-scan,prefix_japan_200,Japan:%200%,2,6674158,100000014,100000000,6674158,6674158,0,1,0,1990319999,0,2550,139,28985593,28985732,6674158,4439405,54763,4.342979593830413,4.34295876723326,0.28985732,
job_movie_info_info,movie_info.info,benchmarks/job/../../data/job/movie_info__info.csv,job-csv,utf8,NaiveVectorizedV2,recursive,full-scan,full-scan,prefix_japan_200,Japan:%200%,3,6674158,100000014,100000000,6674158,6674158,0,1,0,1990319999,0,2550,110,29063959,29064069,6674158,4439405,54763,4.354716954558163,4.354700473078402,0.29064069,
job_movie_info_info,movie_info.info,benchmarks/job/../../data/job/movie_info__info.csv,job-csv,utf8,NaiveVectorizedV2,recursive,full-scan,full-scan,prefix_japan_200,Japan:%200%,4,6674158,100000014,100000000,6674158,6674158,0,1,0,1990319999,0,2550,110,29424817,29424927,6674158,4439405,54763,4.408784898409657,4.408768416929896,0.29424927,
job_movie_info_info,movie_info.info,benchmarks/job/../../data/job/movie_info__info.csv,job-csv,utf8,NaiveVectorizedV2,recursive,prefix-btree,prefix-btree,prefix_japan_200,Japan:%200%,0,6674158,100000014,100000000,6674158,6674158,0,1,0,1990319999,1558029554,2550,2145261,4666911,6812172,130031,118510,54763,1.0206788631614654,35.89075681952765,0.06812172,
job_movie_info_info,movie_info.info,benchmarks/job/../../data/job/movie_info__info.csv,job-csv,utf8,NaiveVectorizedV2,recursive,prefix-btree,prefix-btree,prefix_japan_200,Japan:%200%,1,6674158,100000014,100000000,6674158,6674158,0,1,0,1990319999,1558029554,2550,2229525,4580665,6810190,130031,118510,54763,1.0203818968624956,35.2274842153025,0.0681019,
job_movie_info_info,movie_info.info,benchmarks/job/../../data/job/movie_info__info.csv,job-csv,utf8,NaiveVectorizedV2,recursive,prefix-btree,prefix-btree,prefix_japan_200,Japan:%200%,2,6674158,100000014,100000000,6674158,6674158,0,1,0,1990319999,1558029554,2550,2074888,5011683,7086571,130031,118510,54763,1.0617925137522966,38.5422168559805,0.07086571,
job_movie_info_info,movie_info.info,benchmarks/job/../../data/job/movie_info__info.csv,job-csv,utf8,NaiveVectorizedV2,recursive,prefix-btree,prefix-btree,prefix_japan_200,Japan:%200%,3,6674158,100000014,100000000,6674158,6674158,0,1,0,1990319999,1558029554,2550,2291528,4765432,7056960,130031,118510,54763,1.0573558492322177,36.64842998977167,0.0705696,
job_movie_info_info,movie_info.info,benchmarks/job/../../data/job/movie_info__info.csv,job-csv,utf8,NaiveVectorizedV2,recursive,prefix-btree,prefix-btree,prefix_japan_200,Japan:%200%,4,6674158,100000014,100000000,6674158,6674158,0,1,0,1990319999,1558029554,2550,2422203,5366169,7788372,130031,118510,54763,1.166944504460338,41.26838215502457,0.07788372,
job_movie_info_info,movie_info.info,benchmarks/job/../../data/job/movie_info__info.csv,job-csv,utf8,NaiveVectorizedV2,recursive,qgram,full-scan,prefix_japan_200,Japan:%200%,0,6674158,100000014,100000000,6674158,6674158,0,1,0,1990319999,2909990269,2550,540,28996282,28996822,6674158,4439405,54763,4.344641226653609,4.344560317571145,0.28996822,literal-shorter-than-qgram
job_movie_info_info,movie_info.info,benchmarks/job/../../data/job/movie_info__info.csv,job-csv,utf8,NaiveVectorizedV2,recursive,qgram,full-scan,prefix_japan_200,Japan:%200%,1,6674158,100000014,100000000,6674158,6674158,0,1,0,1990319999,2909990269,2550,110,29455600,29455710,6674158,4439405,54763,4.4133971656050095,4.413380684125248,0.2945571,literal-shorter-than-qgram
job_movie_info_info,movie_info.info,benchmarks/job/../../data/job/movie_info__info.csv,job-csv,utf8,NaiveVectorizedV2,recursive,qgram,full-scan,prefix_japan_200,Japan:%200%,2,6674158,100000014,100000000,6674158,6674158,0,1,0,1990319999,2909990269,2550,100,29808198,29808298,6674158,4439405,54763,4.46622600184173,4.466211018678311,0.29808298,literal-shorter-than-qgram
job_movie_info_info,movie_info.info,benchmarks/job/../../data/job/movie_info__info.csv,job-csv,utf8,NaiveVectorizedV2,recursive,qgram,full-scan,prefix_japan_200,Japan:%200%,3,6674158,100000014,100000000,6674158,6674158,0,1,0,1990319999,2909990269,2550,110,29983904,29984014,6674158,4439405,54763,4.492553817275527,4.492537335795766,0.29984014,literal-shorter-than-qgram
job_movie_info_info,movie_info.info,benchmarks/job/../../data/job/movie_info__info.csv,job-csv,utf8,NaiveVectorizedV2,recursive,qgram,full-scan,prefix_japan_200,Japan:%200%,4,6674158,100000014,100000000,6674158,6674158,0,1,0,1990319999,2909990269,2550,110,33490191,33490301,6674158,4439405,54763,5.017906528433999,5.017890046954237,0.33490301,literal-shorter-than-qgram
job_movie_info_info,movie_info.info,benchmarks/job/../../data/job/movie_info__info.csv,job-csv,utf8,NaiveVectorizedV2,recursive,trigram,trigram,prefix_japan_200,Japan:%200%,0,6674158,100000014,100000000,6674158,6674158,0,1,0,1990319999,3626250845,2550,590245,4527642,5117887,130031,118510,54763,0.7668213728233584,34.819712222470024,0.05117887,
job_movie_info_info,movie_info.info,benchmarks/job/../../data/job/movie_info__info.csv,job-csv,utf8,NaiveVectorizedV2,recursive,trigram,trigram,prefix_japan_200,Japan:%200%,1,6674158,100000014,100000000,6674158,6674158,0,1,0,1990319999,3626250845,2550,500662,4616896,5117558,130031,118510,54763,0.766772078215709,35.506117771915925,0.05117558,
job_movie_info_info,movie_info.info,benchmarks/job/../../data/job/movie_info__info.csv,job-csv,utf8,NaiveVectorizedV2,recursive,trigram,trigram,prefix_japan_200,Japan:%200%,2,6674158,100000014,100000000,6674158,6674158,0,1,0,1990319999,3626250845,2550,524692,4523222,5047914,130031,118510,54763,0.7563372038839955,34.785720328229424,0.05047914,
job_movie_info_info,movie_info.info,benchmarks/job/../../data/job/movie_info__info.csv,job-csv,utf8,NaiveVectorizedV2,recursive,trigram,trigram,prefix_japan_200,Japan:%200%,3,6674158,100000014,100000000,6674158,6674158,0,1,0,1990319999,3626250845,2550,476250,4410097,4886347,130031,118510,54763,0.7321293562423904,33.91573547846283,0.04886347,
job_movie_info_info,movie_info.info,benchmarks/job/../../data/job/movie_info__info.csv,job-csv,utf8,NaiveVectorizedV2,recursive,trigram,trigram,prefix_japan_200,Japan:%200%,4,6674158,100000014,100000000,6674158,6674158,0,1,0,1990319999,3626250845,2550,507572,4356585,4864157,130031,118510,54763,0.7288045922796553,33.504202843937215,0.04864157,
job_movie_info_info,movie_info.info,benchmarks/job/../../data/job/movie_info__info.csv,job-csv,utf8,NaiveVectorizedV2,recursive,fm,fm,prefix_japan_2007,Japan:%2007%,0,6674158,100000014,100000000,6674158,6674158,0,1,0,1990319999,281784236191,2410,2605141,3925036,6530177,130031,116066,8501,0.978427091477307,30.185386561666064,0.06530177,
job_movie_info_info,movie_info.info,benchmarks/job/../../data/job/movie_info__info.csv,job-csv,utf8,NaiveVectorizedV2,recursive,fm,fm,prefix_japan_2007,Japan:%2007%,1,6674158,100000014,100000000,6674158,6674158,0,1,0,1990319999,281784236191,2410,2476015,5126508,7602523,130031,116066,8501,1.1390984450772668,39.42527551122425,0.07602523,
job_movie_info_info,movie_info.info,benchmarks/job/../../data/job/movie_info__info.csv,job-csv,utf8,NaiveVectorizedV2,recursive,fm,fm,prefix_japan_2007,Japan:%2007%,2,6674158,100000014,100000000,6674158,6674158,0,1,0,1990319999,281784236191,2410,2507236,3973279,6480515,130031,116066,8501,0.9709861528600312,30.556398089686304,0.06480515,
job_movie_info_info,movie_info.info,benchmarks/job/../../data/job/movie_info__info.csv,job-csv,utf8,NaiveVectorizedV2,recursive,fm,fm,prefix_japan_2007,Japan:%2007%,3,6674158,100000014,100000000,6674158,6674158,0,1,0,1990319999,281784236191,2410,2480925,4284672,6765597,130031,116066,8501,1.0137004547989423,32.95115780083211,0.06765597,
job_movie_info_info,movie_info.info,benchmarks/job/../../data/job/movie_info__info.csv,job-csv,utf8,NaiveVectorizedV2,recursive,fm,fm,prefix_japan_2007,Japan:%2007%,4,6674158,100000014,100000000,6674158,6674158,0,1,0,1990319999,281784236191,2410,2604821,3968259,6573080,130031,116066,8501,0.9848553180790746,30.517791911159648,0.0657308,
job_movie_info_info,movie_info.info,benchmarks/job/../../data/job/movie_info__info.csv,job-csv,utf8,NaiveVectorizedV2,recursive,full-scan,full-scan,prefix_japan_2007,Japan:%2007%,0,6674158,100000014,100000000,6674158,6674158,0,1,0,1990319999,0,2410,810,27207896,27208706,6674158,3725759,8501,4.076724884247571,4.076603520623875,0.27208706,
job_movie_info_info,movie_info.info,benchmarks/job/../../data/job/movie_info__info.csv,job-csv,utf8,NaiveVectorizedV2,recursive,full-scan,full-scan,prefix_japan_2007,Japan:%2007%,1,6674158,100000014,100000000,6674158,6674158,0,1,0,1990319999,0,2410,140,27456285,27456425,6674158,3725759,8501,4.113841026838142,4.113820050409355,0.27456425,
job_movie_info_info,movie_info.info,benchmarks/job/../../data/job/movie_info__info.csv,job-csv,utf8,NaiveVectorizedV2,recursive,full-scan,full-scan,prefix_japan_2007,Japan:%2007%,2,6674158,100000014,100000000,6674158,6674158,0,1,0,1990319999,0,2410,150,29959693,29959843,6674158,3725759,8501,4.488932236845457,4.488909762100328,0.29959843,
job_movie_info_info,movie_info.info,benchmarks/job/../../data/job/movie_info__info.csv,job-csv,utf8,NaiveVectorizedV2,recursive,full-scan,full-scan,prefix_japan_2007,Japan:%2007%,3,6674158,100000014,100000000,6674158,6674158,0,1,0,1990319999,0,2410,130,28635377,28635507,6674158,3725759,8501,4.290504809745289,4.290485331632844,0.28635507,
job_movie_info_info,movie_info.info,benchmarks/job/../../data/job/movie_info__info.csv,job-csv,utf8,NaiveVectorizedV2,recursive,full-scan,full-scan,prefix_japan_2007,Japan:%2007%,4,6674158,100000014,100000000,6674158,6674158,0,1,0,1990319999,0,2410,150,28411708,28411858,6674158,3725759,8501,4.256995114589736,4.256972639844607,0.28411858,
job_movie_info_info,movie_info.info,benchmarks/job/../../data/job/movie_info__info.csv,job-csv,utf8,NaiveVectorizedV2,recursive,prefix-btree,prefix-btree,prefix_japan_2007,Japan:%2007%,0,6674158,100000014,100000000,6674158,6674158,0,1,0,1990319999,1558029554,2410,2016896,4157537,6174433,130031,116066,8501,0.9251253866030741,31.973429412986135,0.06174433,
job_movie_info_info,movie_info.info,benchmarks/job/../../data/job/movie_info__info.csv,job-csv,utf8,NaiveVectorizedV2,recursive,prefix-btree,prefix-btree,prefix_japan_2007,Japan:%2007%,1,6674158,100000014,100000000,6674158,6674158,0,1,0,1990319999,1558029554,2410,2036866,3935768,5972634,130031,116066,8501,0.89488951265463,30.267920726595964,0.05972634,
job_movie_info_info,movie_info.info,benchmarks/job/../../data/job/movie_info__info.csv,job-csv,utf8,NaiveVectorizedV2,recursive,prefix-btree,prefix-btree,prefix_japan_2007,Japan:%2007%,2,6674158,100000014,100000000,6674158,6674158,0,1,0,1990319999,1558029554,2410,2073228,3859684,5932912,130031,116066,8501,0.8889379004812292,29.68279871722897,0.05932912,
job_movie_info_info,movie_info.info,benchmarks/job/../../data/job/movie_info__info.csv,job-csv,utf8,NaiveVectorizedV2,recursive,prefix-btree,prefix-btree,prefix_japan_2007,Japan:%2007%,3,6674158,100000014,100000000,6674158,6674158,0,1,0,1990319999,1558029554,2410,2271717,3946187,6217904,130031,116066,8501,0.9316387175730632,30.348047773223307,0.06217904,
job_movie_info_info,movie_info.info,benchmarks/job/../../data/job/movie_info__info.csv,job-csv,utf8,NaiveVectorizedV2,recursive,prefix-btree,prefix-btree,prefix_japan_2007,Japan:%2007%,4,6674158,100000014,100000000,6674158,6674158,0,1,0,1990319999,1558029554,2410,2111349,3901516,6012865,130031,116066,8501,0.9009173891298348,30.004506617652712,0.06012865,
job_movie_info_info,movie_info.info,benchmarks/job/../../data/job/movie_info__info.csv,job-csv,utf8,NaiveVectorizedV2,recursive,qgram,full-scan,prefix_japan_2007,Japan:%2007%,0,6674158,100000014,100000000,6674158,6674158,0,1,0,1990319999,2909990269,2410,780,26712377,26713157,6674158,3725759,8501,4.002475967755034,4.002359099080364,0.26713157,literal-shorter-than-qgram
job_movie_info_info,movie_info.info,benchmarks/job/../../data/job/movie_info__info.csv,job-csv,utf8,NaiveVectorizedV2,recursive,qgram,full-scan,prefix_japan_2007,Japan:%2007%,1,6674158,100000014,100000000,6674158,6674158,0,1,0,1990319999,2909990269,2410,100,27132741,27132841,6674158,3725759,8501,4.065357907319545,4.065342924156126,0.27132841,literal-shorter-than-qgram
job_movie_info_info,movie_info.info,benchmarks/job/../../data/job/movie_info__info.csv,job-csv,utf8,NaiveVectorizedV2,recursive,qgram,full-scan,prefix_japan_2007,Japan:%2007%,2,6674158,100000014,100000000,6674158,6674158,0,1,0,1990319999,2909990269,2410,110,26339228,26339338,6674158,3725759,8501,3.9464660560927687,3.9464495746130073,0.26339338,literal-shorter-than-qgram
job_movie_info_info,movie_info.info,benchmarks/job/../../data/job/movie_info__info.csv,job-csv,utf8,NaiveVectorizedV2,recursive,qgram,full-scan,prefix_japan_2007,Japan:%2007%,3,6674158,100000014,100000000,6674158,6674158,0,1,0,1990319999,2909990269,2410,90,26287467,26287557,6674158,3725759,8501,3.9387076242426384,3.9386941393955612,0.26287557,literal-shorter-than-qgram
job_movie_info_info,movie_info.info,benchmarks/job/../../data/job/movie_info__info.csv,job-csv,utf8,NaiveVectorizedV2,recursive,qgram,full-scan,prefix_japan_2007,Japan:%2007%,4,6674158,100000014,100000000,6674158,6674158,0,1,0,1990319999,2909990269,2410,120,25911121,25911241,6674158,3725759,8501,3.882323582989794,3.882305603193691,0.25911241,literal-shorter-than-qgram
job_movie_info_info,movie_info.info,benchmarks/job/../../data/job/movie_info__info.csv,job-csv,utf8,NaiveVectorizedV2,recursive,trigram,trigram,prefix_japan_2007,Japan:%2007%,0,6674158,100000014,100000000,6674158,6674158,0,1,0,1990319999,3626250845,2410,530742,4013061,4543803,130031,116066,8501,0.6808054289395007,30.862340518799364,0.04543803,
job_movie_info_info,movie_info.info,benchmarks/job/../../data/job/movie_info__info.csv,job-csv,utf8,NaiveVectorizedV2,recursive,trigram,trigram,prefix_japan_2007,Japan:%2007%,1,6674158,100000014,100000000,6674158,6674158,0,1,0,1990319999,3626250845,2410,532813,3988549,4521362,130031,116066,8501,0.6774430572365833,30.6738316247664,0.04521362,
job_movie_info_info,movie_info.info,benchmarks/job/../../data/job/movie_info__info.csv,job-csv,utf8,NaiveVectorizedV2,recursive,trigram,trigram,prefix_japan_2007,Japan:%2007%,2,6674158,100000014,100000000,6674158,6674158,0,1,0,1990319999,3626250845,2410,470270,4035982,4506252,130031,116066,8501,0.6751791012439322,31.038613869000468,0.04506252,
job_movie_info_info,movie_info.info,benchmarks/job/../../data/job/movie_info__info.csv,job-csv,utf8,NaiveVectorizedV2,recursive,trigram,trigram,prefix_japan_2007,Japan:%2007%,3,6674158,100000014,100000000,6674158,6674158,0,1,0,1990319999,3626250845,2410,523912,3931667,4455579,130031,116066,8501,0.6675866828444876,30.23638209350078,0.04455579,
job_movie_info_info,movie_info.info,benchmarks/job/../../data/job/movie_info__info.csv,job-csv,utf8,NaiveVectorizedV2,recursive,trigram,trigram,prefix_japan_2007,Japan:%2007%,4,6674158,100000014,100000000,6674158,6674158,0,1,0,1990319999,3626250845,2410,482030,3853894,4335924,130031,116066,8501,0.6496585786551652,29.63827087386854,0.04335924,
job_movie_info_info,movie_info.info,benchmarks/job/../../data/job/movie_info__info.csv,job-csv,utf8,NaiveVectorizedV2,recursive,fm,fm,prefix_japan_201,Japan:%201%,0,6674158,100000014,100000000,6674158,6674158,0,1,0,1990319999,281784236191,2820,2720696,4240040,6960736,130031,118510,23878,1.0429384500636634,32.607916573740106,0.06960736,
job_movie_info_info,movie_info.info,benchmarks/job/../../data/job/movie_info__info.csv,job-csv,utf8,NaiveVectorizedV2,recursive,fm,fm,prefix_japan_201,Japan:%201%,1,6674158,100000014,100000000,6674158,6674158,0,1,0,1990319999,281784236191,2820,2413873,4230410,6644283,130031,118510,23878,0.9955237799284944,32.533857310948925,0.06644283,
job_movie_info_info,movie_info.info,benchmarks/job/../../data/job/movie_info__info.csv,job-csv,utf8,NaiveVectorizedV2,recursive,fm,fm,prefix_japan_201,Japan:%201%,2,6674158,100000014,100000000,6674158,6674158,0,1,0,1990319999,281784236191,2820,2598780,4261761,6860541,130031,118510,23878,1.0279260694757302,32.77496135536911,0.06860541,
job_movie_info_info,movie_info.info,benchmarks/job/../../data/job/movie_info__info.csv,job-csv,utf8,NaiveVectorizedV2,recursive,fm,fm,prefix_japan_201,Japan:%201%,3,6674158,100000014,100000000,6674158,6674158,0,1,0,1990319999,281784236191,2820,2558448,4343885,6902333,130031,118510,23878,1.0341878331319097,33.40653382654905,0.06902333,
job_movie_info_info,movie_info.info,benchmarks/job/../../data/job/movie_info__info.csv,job-csv,utf8,NaiveVectorizedV2,recursive,fm,fm,prefix_japan_201,Japan:%201%,4,6674158,100000014,100000000,6674158,6674158,0,1,0,1990319999,281784236191,2820,2682274,4307403,6989677,130031,118510,23878,1.0472747273888332,33.1259699610093,0.06989677,
job_movie_info_info,movie_info.info,benchmarks/job/../../data/job/movie_info__info.csv,job-csv,utf8,NaiveVectorizedV2,recursive,full-scan,full-scan,prefix_japan_201,Japan:%201%,0,6674158,100000014,100000000,6674158,6674158,0,1,0,1990319999,0,2820,570,34984927,34985497,6674158,4439405,23878,5.241934188552324,5.241848784520834,0.34985497,
job_movie_info_info,movie_info.info,benchmarks/job/../../data/job/movie_info__info.csv,job-csv,utf8,NaiveVectorizedV2,recursive,full-scan,full-scan,prefix_japan_201,Japan:%201%,1,6674158,100000014,100000000,6674158,6674158,0,1,0,1990319999,0,2820,140,28136846,28136986,6674158,4439405,23878,4.215810593635931,4.215789617207144,0.28136986,
job_movie_info_info,movie_info.info,benchmarks/job/../../data/job/movie_info__info.csv,job-csv,utf8,NaiveVectorizedV2,recursive,full-scan,full-scan,prefix_japan_201,Japan:%201%,2,6674158,100000014,100000000,6674158,6674158,0,1,0,1990319999,0,2820,120,28180756,28180876,6674158,4439405,23878,4.222386704060647,4.222368724264544,0.28180876,
job_movie_info_info,movie_info.info,benchmarks/job/../../data/job/movie_info__info.csv,job-csv,utf8,NaiveVectorizedV2,recursive,full-scan,full-scan,prefix_japan_201,Japan:%201%,3,6674158,100000014,100000000,6674158,6674158,0,1,0,1990319999,0,2820,230,28749462,28749692,6674158,4439405,23878,4.307613334895578,4.307578873619714,0.28749692,
job_movie_info_info,movie_info.info,benchmarks/job/../../data/job/movie_info__info.csv,job-csv,utf8,NaiveVectorizedV2,recursive,full-scan,full-scan,prefix_japan_201,Japan:%201%,4,6674158,100000014,100000000,6674158,6674158,0,1,0,1990319999,0,2820,100,29041194,29041294,6674158,4439405,23878,4.351304539089425,4.351289555926006,0.29041294,
job_movie_info_info,movie_info.info,benchmarks/job/../../data/job/movie_info__info.csv,job-csv,utf8,NaiveVectorizedV2,recursive,prefix-btree,prefix-btree,prefix_japan_201,Japan:%201%,0,6674158,100000014,100000000,6674158,6674158,0,1,0,1990319999,1558029554,2820,2162042,4328074,6490116,130031,118510,23878,0.9724246863799149,33.2849397451377,0.06490116,
job_movie_info_info,movie_info.info,benchmarks/job/../../data/job/movie_info__info.csv,job-csv,utf8,NaiveVectorizedV2,recursive,prefix-btree,prefix-btree,prefix_japan_201,Japan:%201%,1,6674158,100000014,100000000,6674158,6674158,0,1,0,1990319999,1558029554,2820,2094749,4385977,6480726,130031,118510,23878,0.9710177673348458,33.730241250163424,0.06480726,
job_movie_info_info,movie_info.info,benchmarks/job/../../data/job/movie_info__info.csv,job-csv,utf8,NaiveVectorizedV2,recursive,prefix-btree,prefix-btree,prefix_japan_201,Japan:%201%,2,6674158,100000014,100000000,6674158,6674158,0,1,0,1990319999,1558029554,2820,2077048,4224840,6301888,130031,118510,23878,0.9442221775390993,32.49102137182672,0.06301888,
job_movie_info_info,movie_info.info,benchmarks/job/../../data/job/movie_info__info.csv,job-csv,utf8,NaiveVectorizedV2,recursive,prefix-btree,prefix-btree,prefix_japan_201,Japan:%201%,3,6674158,100000014,100000000,6674158,6674158,0,1,0,1990319999,1558029554,2820,2056807,4259151,6315958,130031,118510,23878,0.94633030863219,32.75488921872476,0.06315958,
job_movie_info_info,movie_info.info,benchmarks/job/../../data/job/movie_info__info.csv,job-csv,utf8,NaiveVectorizedV2,recursive,prefix-btree,prefix-btree,prefix_japan_201,Japan:%201%,4,6674158,100000014,100000000,6674158,6674158,0,1,0,1990319999,1558029554,2820,2122480,4487330,6609810,130031,118510,23878,0.9903586340029709,34.50969384223762,0.0660981,
job_movie_info_info,movie_info.info,benchmarks/job/../../data/job/movie_info__info.csv,job-csv,utf8,NaiveVectorizedV2,recursive,qgram,full-scan,prefix_japan_201,Japan:%201%,0,6674158,100000014,100000000,6674158,6674158,0,1,0,1990319999,2909990269,2820,530,28803154,28803684,6674158,4439405,23878,4.315703044488908,4.315623633722786,0.28803684,literal-shorter-than-qgram
job_movie_info_info,movie_info.info,benchmarks/job/../../data/job/movie_info__info.csv,job-csv,utf8,NaiveVectorizedV2,recursive,qgram,full-scan,prefix_japan_201,Japan:%201%,1,6674158,100000014,100000000,6674158,6674158,0,1,0,1990319999,2909990269,2820,120,28532788,28532908,6674158,4439405,23878,4.2751322339087565,4.275114254112654,0.28532908,literal-shorter-than-qgram
job_movie_info_info,movie_info.info,benchmarks/job/../../data/job/movie_info__info.csv,job-csv,utf8,NaiveVectorizedV2,recursive,qgram,full-scan,prefix_japan_201,Japan:%201%,2,6674158,100000014,100000000,6674158,6674158,0,1,0,1990319999,2909990269,2820,120,28839047,28839167,6674158,4439405,23878,4.321019520364966,4.321001540568862,0.28839167,literal-shorter-than-qgram
job_movie_info_info,movie_info.info,benchmarks/job/../../data/job/movie_info__info.csv,job-csv,utf8,NaiveVectorizedV2,recursive,qgram,full-scan,prefix_japan_201,Japan:%201%,3,6674158,100000014,100000000,6674158,6674158,0,1,0,1990319999,2909990269,2820,330,28339975,28340305,6674158,4439405,23878,4.246274211668348,4.246224767229065,0.28340305,literal-shorter-than-qgram
job_movie_info_info,movie_info.info,benchmarks/job/../../data/job/movie_info__info.csv,job-csv,utf8,NaiveVectorizedV2,recursive,qgram,full-scan,prefix_japan_201,Japan:%201%,4,6674158,100000014,100000000,6674158,6674158,0,1,0,1990319999,2909990269,2820,110,28221353,28221463,6674158,4439405,23878,4.228467920597624,4.228451439117864,0.28221463,literal-shorter-than-qgram
job_movie_info_info,movie_info.info,benchmarks/job/../../data/job/movie_info__info.csv,job-csv,utf8,NaiveVectorizedV2,recursive,trigram,trigram,prefix_japan_201,Japan:%201%,0,6674158,100000014,100000000,6674158,6674158,0,1,0,1990319999,3626250845,2820,493713,4322231,4815944,130031,118510,23878,0.7215807597003248,33.240004306665334,0.04815944,
job_movie_info_info,movie_info.info,benchmarks/job/../../data/job/movie_info__info.csv,job-csv,utf8,NaiveVectorizedV2,recursive,trigram,trigram,prefix_japan_201,Japan:%201%,1,6674158,100000014,100000000,6674158,6674158,0,1,0,1990319999,3626250845,2820,531044,4333292,4864336,130031,118510,23878,0.7288314121421758,33.32506863747876,0.04864336,
job_movie_info_info,movie_info.info,benchmarks/job/../../data/job/movie_info__info.csv,job-csv,utf8,NaiveVectorizedV2,recursive,trigram,trigram,prefix_japan_201,Japan:%201%,2,6674158,100000014,100000000,6674158,6674158,0,1,0,1990319999,3626250845,2820,494693,4255011,4749704,130031,118510,23878,0.7116559122514031,32.723050657150985,0.04749704,
job_movie_info_info,movie_info.info,benchmarks/job/../../data/job/movie_info__info.csv,job-csv,utf8,NaiveVectorizedV2,recursive,trigram,trigram,prefix_japan_201,Japan:%201%,3,6674158,100000014,100000000,6674158,6674158,0,1,0,1990319999,3626250845,2820,468953,4317332,4786285,130031,118510,23878,0.7171369032618047,33.202328675469694,0.04786285,
job_movie_info_info,movie_info.info,benchmarks/job/../../data/job/movie_info__info.csv,job-csv,utf8,NaiveVectorizedV2,recursive,trigram,trigram,prefix_japan_201,Japan:%201%,4,6674158,100000014,100000000,6674158,6674158,0,1,0,1990319999,3626250845,2820,501583,4150490,4652073,130031,118510,23878,0.6970276999735397,31.91923464404642,0.04652073,
job_movie_info_info,movie_info.info,benchmarks/job/../../data/job/movie_info__info.csv,job-csv,utf8,NaiveVectorizedV2,recursive,fm,fm,prefix_usa_space_199,USA:% 199%,0,6674158,100000014,100000000,6674158,6674158,0,1,0,1990319999,281784236191,2700,5099787,5164787,10264574,263414,263414,78136,1.5379578967114653,19.607108961558612,0.10264574,
job_movie_info_info,movie_info.info,benchmarks/job/../../data/job/movie_info__info.csv,job-csv,utf8,NaiveVectorizedV2,recursive,fm,fm,prefix_usa_space_199,USA:% 199%,1,6674158,100000014,100000000,6674158,6674158,0,1,0,1990319999,281784236191,2700,5127997,5704000,10831997,263414,263414,78136,1.6229758120799658,21.6541262043779,0.10831997,
job_movie_info_info,movie_info.info,benchmarks/job/../../data/job/movie_info__info.csv,job-csv,utf8,NaiveVectorizedV2,recursive,fm,fm,prefix_usa_space_199,USA:% 199%,2,6674158,100000014,100000000,6674158,6674158,0,1,0,1990319999,281784236191,2700,5625290,5680551,11305841,263414,263414,78136,1.6939726329523515,21.565106638219685,0.11305841,
job_movie_info_info,movie_info.info,benchmarks/job/../../data/job/movie_info__info.csv,job-csv,utf8,NaiveVectorizedV2,recursive,fm,fm,prefix_usa_space_199,USA:% 199%,3,6674158,100000014,100000000,6674158,6674158,0,1,0,1990319999,281784236191,2700,5483710,5635871,11119581,263414,263414,78136,1.666064992767627,21.395487711359305,0.11119581,
job_movie_info_info,movie_info.info,benchmarks/job/../../data/job/movie_info__info.csv,job-csv,utf8,NaiveVectorizedV2,recursive,fm,fm,prefix_usa_space_199,USA:% 199%,4,6674158,100000014,100000000,6674158,6674158,0,1,0,1990319999,281784236191,2700,5387199,5290008,10677207,263414,263414,78136,1.5997833734232842,20.08248612450363,0.10677207,
job_movie_info_info,movie_info.info,benchmarks/job/../../data/job/movie_info__info.csv,job-csv,utf8,NaiveVectorizedV2,recursive,full-scan,full-scan,prefix_usa_space_199,USA:% 199%,0,6674158,100000014,100000000,6674158,6674158,0,1,0,1990319999,0,2700,540,44093777,44094317,6674158,4607775,78136,6.606723574719088,6.606642665636624,0.44094317,
job_movie_info_info,movie_info.info,benchmarks/job/../../data/job/movie_info__info.csv,job-csv,utf8,NaiveVectorizedV2,recursive,full-scan,full-scan,prefix_usa_space_199,USA:% 199%,1,6674158,100000014,100000000,6674158,6674158,0,1,0,1990319999,0,2700,110,38090054,38090164,6674158,4607775,78136,5.7071115187863395,5.707095037306579,0.38090164,
job_movie_info_info,movie_info.info,benchmarks/job/../../data/job/movie_info__info.csv,job-csv,utf8,NaiveVectorizedV2,recursive,full-scan,full-scan,prefix_usa_space_199,USA:% 199%,2,6674158,100000014,100000000,6674158,6674158,0,1,0,1990319999,0,2700,120,38989153,38989273,6674158,4607775,78136,5.841826489573666,5.841808509777563,0.38989273,
job_movie_info_info,movie_info.info,benchmarks/job/../../data/job/movie_info__info.csv,job-csv,utf8,NaiveVectorizedV2,recursive,full-scan,full-scan,prefix_usa_space_199,USA:% 199%,3,6674158,100000014,100000000,6674158,6674158,0,1,0,1990319999,0,2700,100,38418505,38418605,6674158,4607775,78136,5.75632237055221,5.756307387388791,0.38418605,
job_movie_info_info,movie_info.info,benchmarks/job/../../data/job/movie_info__info.csv,job-csv,utf8,NaiveVectorizedV2,recursive,full-scan,full-scan,prefix_usa_space_199,USA:% 199%,4,6674158,100000014,100000000,6674158,6674158,0,1,0,1990319999,0,2700,430,38439268,38439698,6674158,4607775,78136,5.759482769212236,5.759418341609534,0.38439698,
job_movie_info_info,movie_info.info,benchmarks/job/../../data/job/movie_info__info.csv,job-csv,utf8,NaiveVectorizedV2,recursive,prefix-btree,prefix-btree,prefix_usa_space_199,USA:% 199%,0,6674158,100000014,100000000,6674158,6674158,0,1,0,1990319999,1558029554,2700,13174085,17164145,30338230,935876,819018,78136,4.545626579412714,18.340191435617538,0.3033823,
job_movie_info_info,movie_info.info,benchmarks/job/../../data/job/movie_info__info.csv,job-csv,utf8,NaiveVectorizedV2,recursive,prefix-btree,prefix-btree,prefix_usa_space_199,USA:% 199%,1,6674158,100000014,100000000,6674158,6674158,0,1,0,1990319999,1558029554,2700,13428507,17490114,30918621,935876,819018,78136,4.6325875114134245,18.68849505703747,0.30918621,
job_movie_info_info,movie_info.info,benchmarks/job/../../data/job/movie_info__info.csv,job-csv,utf8,NaiveVectorizedV2,recursive,prefix-btree,prefix-btree,prefix_usa_space_199,USA:% 199%,2,6674158,100000014,100000000,6674158,6674158,0,1,0,1990319999,1558029554,2700,13762122,16824752,30586874,935876,819018,78136,4.582881316264913,17.97754403361129,0.30586874,
job_movie_info_info,movie_info.info,benchmarks/job/../../data/job/movie_info__info.csv,job-csv,utf8,NaiveVectorizedV2,recursive,prefix-btree,prefix-btree,prefix_usa_space_199,USA:% 199%,3,6674158,100000014,100000000,6674158,6674158,0,1,0,1990319999,1558029554,2700,13307526,17260713,30568239,935876,819018,78136,4.580089203761733,18.443376045544497,0.30568239,
job_movie_info_info,movie_info.info,benchmarks/job/../../data/job/movie_info__info.csv,job-csv,utf8,NaiveVectorizedV2,recursive,prefix-btree,prefix-btree,prefix_usa_space_199,USA:% 199%,4,6674158,100000014,100000000,6674158,6674158,0,1,0,1990319999,1558029554,2700,13821868,17115194,30937062,935876,819018,78136,4.635350556579572,18.287886429398768,0.30937062,
job_movie_info_info,movie_info.info,benchmarks/job/../../data/job/movie_info__info.csv,job-csv,utf8,NaiveVectorizedV2,recursive,qgram,full-scan,prefix_usa_space_199,USA:% 199%,0,6674158,100000014,100000000,6674158,6674158,0,1,0,1990319999,2909990269,2700,850,38344736,38345586,6674158,4607775,78136,5.745381814455097,5.745254457566033,0.38345586,literal-shorter-than-qgram
job_movie_info_info,movie_info.info,benchmarks/job/../../data/job/movie_info__info.csv,job-csv,utf8,NaiveVectorizedV2,recursive,qgram,full-scan,prefix_usa_space_199,USA:% 199%,1,6674158,100000014,100000000,6674158,6674158,0,1,0,1990319999,2909990269,2700,100,38639770,38639870,6674158,4607775,78136,5.789474867091849,5.78945988392843,0.3863987,literal-shorter-than-qgram
job_movie_info_info,movie_info.info,benchmarks/job/../../data/job/movie_info__info.csv,job-csv,utf8,NaiveVectorizedV2,recursive,qgram,full-scan,prefix_usa_space_199,USA:% 199%,2,6674158,100000014,100000000,6674158,6674158,0,1,0,1990319999,2909990269,2700,100,38992670,38992770,6674158,4607775,78136,5.842350450798437,5.842335467635018,0.3899277,literal-shorter-than-qgram
job_movie_info_info,movie_info.info,benchmarks/job/../../data/job/movie_info__info.csv,job-csv,utf8,NaiveVectorizedV2,recursive,qgram,full-scan,prefix_usa_space_199,USA:% 199%,3,6674158,100000014,100000000,6674158,6674158,0,1,0,1990319999,2909990269,2700,100,39345213,39345313,6674158,4607775,78136,5.89517254461162,5.895157561448201,0.39345313,literal-shorter-than-qgram
job_movie_info_info,movie_info.info,benchmarks/job/../../data/job/movie_info__info.csv,job-csv,utf8,NaiveVectorizedV2,recursive,qgram,full-scan,prefix_usa_space_199,USA:% 199%,4,6674158,100000014,100000000,6674158,6674158,0,1,0,1990319999,2909990269,2700,110,39329584,39329694,6674158,4607775,78136,5.8928323243171645,5.892815842837404,0.39329694,literal-shorter-than-qgram
job_movie_info_info,movie_info.info,benchmarks/job/../../data/job/movie_info__info.csv,job-csv,utf8,NaiveVectorizedV2,recursive,trigram,trigram,prefix_usa_space_199,USA:% 199%,0,6674158,100000014,100000000,6674158,6674158,0,1,0,1990319999,3626250845,2700,1225699,5883243,7108942,263414,263414,78136,1.0651443972408206,22.33458737956221,0.07108942,
job_movie_info_info,movie_info.info,benchmarks/job/../../data/job/movie_info__info.csv,job-csv,utf8,NaiveVectorizedV2,recursive,trigram,trigram,prefix_usa_space_199,USA:% 199%,1,6674158,100000014,100000000,6674158,6674158,0,1,0,1990319999,3626250845,2700,1092338,5626030,6718368,263414,263414,78136,1.0066240565476574,21.358128269568056,0.06718368,
job_movie_info_info,movie_info.info,benchmarks/job/../../data/job/movie_info__info.csv,job-csv,utf8,NaiveVectorizedV2,recursive,trigram,trigram,prefix_usa_space_199,USA:% 199%,2,6674158,100000014,100000000,6674158,6674158,0,1,0,1990319999,3626250845,2700,1180149,6645707,7825856,263414,263414,78136,1.1725607934364155,25.229133607173498,0.07825856,
job_movie_info_info,movie_info.info,benchmarks/job/../../data/job/movie_info__info.csv,job-csv,utf8,NaiveVectorizedV2,recursive,trigram,trigram,prefix_usa_space_199,USA:% 199%,3,6674158,100000014,100000000,6674158,6674158,0,1,0,1990319999,3626250845,2700,1221960,5392469,6614429,263414,263414,78136,0.9910507063213068,20.471459375735535,0.06614429,
job_movie_info_info,movie_info.info,benchmarks/job/../../data/job/movie_info__info.csv,job-csv,utf8,NaiveVectorizedV2,recursive,trigram,trigram,prefix_usa_space_199,USA:% 199%,4,6674158,100000014,100000000,6674158,6674158,0,1,0,1990319999,3626250845,2700,1131148,5683461,6814609,263414,263414,78136,1.0210440028539929,21.576153887037137,0.06814609,
job_movie_info_info,movie_info.info,benchmarks/job/../../data/job/movie_info__info.csv,job-csv,utf8,NaiveVectorizedV2,recursive,fm,fm,prefix_usa_space_200,USA:% 200%,0,6674158,100000014,100000000,6674158,6674158,0,1,0,1990319999,281784236191,2610,19992545,11366120,31358665,885461,885461,268914,4.698520023050099,12.836386921614842,0.31358665,
job_movie_info_info,movie_info.info,benchmarks/job/../../data/job/movie_info__info.csv,job-csv,utf8,NaiveVectorizedV2,recursive,fm,fm,prefix_usa_space_200,USA:% 200%,1,6674158,100000014,100000000,6674158,6674158,0,1,0,1990319999,281784236191,2610,17841629,11505984,29347613,885461,885461,268914,4.397200815443686,12.994343059716916,0.29347613,
job_movie_info_info,movie_info.info,benchmarks/job/../../data/job/movie_info__info.csv,job-csv,utf8,NaiveVectorizedV2,recursive,fm,fm,prefix_usa_space_200,USA:% 200%,2,6674158,100000014,100000000,6674158,6674158,0,1,0,1990319999,281784236191,2610,17761611,11516901,29278512,885461,885461,268914,4.3868472996893395,13.006672230623371,0.29278512,
job_movie_info_info,movie_info.info,benchmarks/job/../../data/job/movie_info__info.csv,job-csv,utf8,NaiveVectorizedV2,recursive,fm,fm,prefix_usa_space_200,USA:% 200%,3,6674158,100000014,100000000,6674158,6674158,0,1,0,1990319999,281784236191,2610,19114027,11631528,30745555,885461,885461,268914,4.606656749810238,13.136126831108315,0.30745555,
job_movie_info_info,movie_info.info,benchmarks/job/../../data/job/movie_info__info.csv,job-csv,utf8,NaiveVectorizedV2,recursive,fm,fm,prefix_usa_space_200,USA:% 200%,4,6674158,100000014,100000000,6674158,6674158,0,1,0,1990319999,281784236191,2610,18388665,11365715,29754380,885461,885461,268914,4.458147379789331,12.835929532751866,0.2975438,
job_movie_info_info,movie_info.info,benchmarks/job/../../data/job/movie_info__info.csv,job-csv,utf8,NaiveVectorizedV2,recursive,full-scan,full-scan,prefix_usa_space_200,USA:% 200%,0,6674158,100000014,100000000,6674158,6674158,0,1,0,1990319999,0,2610,760,40073792,40074552,6674158,4607775,268914,6.00443561569864,6.004321743656653,0.40074552,
job_movie_info_info,movie_info.info,benchmarks/job/../../data/job/movie_info__info.csv,job-csv,utf8,NaiveVectorizedV2,recursive,full-scan,full-scan,prefix_usa_space_200,USA:% 200%,1,6674158,100000014,100000000,6674158,6674158,0,1,0,1990319999,0,2610,110,40534303,40534413,6674158,4607775,268914,6.0733373408301095,6.073320859350348,0.40534413,
job_movie_info_info,movie_info.info,benchmarks/job/../../data/job/movie_info__info.csv,job-csv,utf8,NaiveVectorizedV2,recursive,full-scan,full-scan,prefix_usa_space_200,USA:% 200%,2,6674158,100000014,100000000,6674158,6674158,0,1,0,1990319999,0,2610,120,41270433,41270553,6674158,4607775,268914,6.183634400024692,6.1836164202285895,0.41270553,
job_movie_info_info,movie_info.info,benchmarks/job/../../data/job/movie_info__info.csv,job-csv,utf8,NaiveVectorizedV2,recursive,full-scan,full-scan,prefix_usa_space_200,USA:% 200%,3,6674158,100000014,100000000,6674158,6674158,0,1,0,1990319999,0,2610,110,41959742,41959852,6674158,4607775,268914,6.286913195642057,6.286896714162296,0.41959852,
job_movie_info_info,movie_info.info,benchmarks/job/../../data/job/movie_info__info.csv,job-csv,utf8,NaiveVectorizedV2,recursive,full-scan,full-scan,prefix_usa_space_200,USA:% 200%,4,6674158,100000014,100000000,6674158,6674158,0,1,0,1990319999,0,2610,140,41715241,41715381,6674158,4607775,268914,6.250283706199344,6.250262729770557,0.41715381,
job_movie_info_info,movie_info.info,benchmarks/job/../../data/job/movie_info__info.csv,job-csv,utf8,NaiveVectorizedV2,recursive,prefix-btree,prefix-btree,prefix_usa_space_200,USA:% 200%,0,6674158,100000014,100000000,6674158,6674158,0,1,0,1990319999,1558029554,2610,14119336,19561093,33680429,935876,819018,268914,5.046393717379781,20.901372617739955,0.33680429,
job_movie_info_info,movie_info.info,benchmarks/job/../../data/job/movie_info__info.csv,job-csv,utf8,NaiveVectorizedV2,recursive,prefix-btree,prefix-btree,prefix_usa_space_200,USA:% 200%,1,6674158,100000014,100000000,6674158,6674158,0,1,0,1990319999,1558029554,2610,14460695,18981400,33442095,935876,819018,268914,5.010683744676108,20.281960430655342,0.33442095,
job_movie_info_info,movie_info.info,benchmarks/job/../../data/job/movie_info__info.csv,job-csv,utf8,NaiveVectorizedV2,recursive,prefix-btree,prefix-btree,prefix_usa_space_200,USA:% 200%,2,6674158,100000014,100000000,6674158,6674158,0,1,0,1990319999,1558029554,2610,13485930,18795525,32281455,935876,819018,268914,4.836783156766741,20.083349717270238,0.32281455,
job_movie_info_info,movie_info.info,benchmarks/job/../../data/job/movie_info__info.csv,job-csv,utf8,NaiveVectorizedV2,recursive,prefix-btree,prefix-btree,prefix_usa_space_200,USA:% 200%,3,6674158,100000014,100000000,6674158,6674158,0,1,0,1990319999,1558029554,2610,13773453,18712308,32485761,935876,819018,268914,4.867394658622106,19.994430886143036,0.32485761,
job_movie_info_info,movie_info.info,benchmarks/job/../../data/job/movie_info__info.csv,job-csv,utf8,NaiveVectorizedV2,recursive,prefix-btree,prefix-btree,prefix_usa_space_200,USA:% 200%,4,6674158,100000014,100000000,6674158,6674158,0,1,0,1990319999,1558029554,2610,13301555,18575728,31877283,935876,819018,268914,4.776225405511826,19.8484927490394,0.31877283,
job_movie_info_info,movie_info.info,benchmarks/job/../../data/job/movie_info__info.csv,job-csv,utf8,NaiveVectorizedV2,recursive,qgram,full-scan,prefix_usa_space_200,USA:% 200%,0,6674158,100000014,100000000,6674158,6674158,0,1,0,1990319999,2909990269,2610,530,41670882,41671412,6674158,4607775,268914,6.243695759075527,6.243616348309405,0.41671412,literal-shorter-than-qgram
job_movie_info_info,movie_info.info,benchmarks/job/../../data/job/movie_info__info.csv,job-csv,utf8,NaiveVectorizedV2,recursive,qgram,full-scan,prefix_usa_space_200,USA:% 200%,1,6674158,100000014,100000000,6674158,6674158,0,1,0,1990319999,2909990269,2610,100,40659739,40659839,6674158,4607775,268914,6.0921301233803575,6.092115140216938,0.40659839,literal-shorter-than-qgram
job_movie_info_info,movie_info.info,benchmarks/job/../../data/job/movie_info__info.csv,job-csv,utf8,NaiveVectorizedV2,recursive,qgram,full-scan,prefix_usa_space_200,USA:% 200%,2,6674158,100000014,100000000,6674158,6674158,0,1,0,1990319999,2909990269,2610,100,39958047,39958147,6674158,4607775,268914,5.986994464320443,5.986979481157024,0.39958147,literal-shorter-than-qgram
job_movie_info_info,movie_info.info,benchmarks/job/../../data/job/movie_info__info.csv,job-csv,utf8,NaiveVectorizedV2,recursive,qgram,full-scan,prefix_usa_space_200,USA:% 200%,3,6674158,100000014,100000000,6674158,6674158,0,1,0,1990319999,2909990269,2610,100,40210008,40210108,6674158,4607775,268914,6.024746192703259,6.02473120953984,0.40210108,literal-shorter-than-qgram
job_movie_info_info,movie_info.info,benchmarks/job/../../data/job/movie_info__info.csv,job-csv,utf8,NaiveVectorizedV2,recursive,qgram,full-scan,prefix_usa_space_200,USA:% 200%,4,6674158,100000014,100000000,6674158,6674158,0,1,0,1990319999,2909990269,2610,100,41292403,41292503,6674158,4607775,268914,6.186923204395221,6.186908221231802,0.41292503,literal-shorter-than-qgram
job_movie_info_info,movie_info.info,benchmarks/job/../../data/job/movie_info__info.csv,job-csv,utf8,NaiveVectorizedV2,recursive,trigram,trigram,prefix_usa_space_200,USA:% 200%,0,6674158,100000014,100000000,6674158,6674158,0,1,0,1990319999,3626250845,2610,2679651,11498803,14178454,885461,885461,268914,2.1243809331454244,12.986233159902017,0.14178454,
job_movie_info_info,movie_info.info,benchmarks/job/../../data/job/movie_info__info.csv,job-csv,utf8,NaiveVectorizedV2,recursive,trigram,trigram,prefix_usa_space_200,USA:% 200%,1,6674158,100000014,100000000,6674158,6674158,0,1,0,1990319999,3626250845,2610,2837676,11576430,14414106,885461,885461,268914,2.159689057406193,13.073901617349607,0.14414106,
job_movie_info_info,movie_info.info,benchmarks/job/../../data/job/movie_info__info.csv,job-csv,utf8,NaiveVectorizedV2,recursive,trigram,trigram,prefix_usa_space_200,USA:% 200%,2,6674158,100000014,100000000,6674158,6674158,0,1,0,1990319999,3626250845,2610,2699880,11634050,14333930,885461,885461,268914,2.147676156303162,13.138975064966159,0.1433393,
job_movie_info_info,movie_info.info,benchmarks/job/../../data/job/movie_info__info.csv,job-csv,utf8,NaiveVectorizedV2,recursive,trigram,trigram,prefix_usa_space_200,USA:% 200%,3,6674158,100000014,100000000,6674158,6674158,0,1,0,1990319999,3626250845,2610,2630292,11832543,14462835,885461,885461,268914,2.166990203108767,13.363144170098966,0.14462835,
job_movie_info_info,movie_info.info,benchmarks/job/../../data/job/movie_info__info.csv,job-csv,utf8,NaiveVectorizedV2,recursive,trigram,trigram,prefix_usa_space_200,USA:% 200%,4,6674158,100000014,100000000,6674158,6674158,0,1,0,1990319999,3626250845,2610,2995453,11874772,14870225,885461,885461,268914,2.2280301125625135,13.410835711567195,0.14870225,
job_movie_info_info,movie_info.info,benchmarks/job/../../data/job/movie_info__info.csv,job-csv,utf8,NaiveVectorizedV2,recursive,fm,fm,prefix_usa_200,USA:%200%,0,6674158,100000014,100000000,6674158,6674158,0,1,0,1990319999,281784236191,2700,20274125,20315896,40590021,935876,833915,294734,6.081669178344295,21.70789292598592,0.40590021,
job_movie_info_info,movie_info.info,benchmarks/job/../../data/job/movie_info__info.csv,job-csv,utf8,NaiveVectorizedV2,recursive,fm,fm,prefix_usa_200,USA:%200%,1,6674158,100000014,100000000,6674158,6674158,0,1,0,1990319999,281784236191,2700,19859466,20232816,40092282,935876,833915,294734,6.007092130572875,21.619120481773226,0.40092282,
job_movie_info_info,movie_info.info,benchmarks/job/../../data/job/movie_info__info.csv,job-csv,utf8,NaiveVectorizedV2,recursive,fm,fm,prefix_usa_200,USA:%200%,2,6674158,100000014,100000000,6674158,6674158,0,1,0,1990319999,281784236191,2700,20335144,20123361,40458505,935876,833915,294734,6.061963921141813,21.502165885224112,0.40458505,
job_movie_info_info,movie_info.info,benchmarks/job/../../data/job/movie_info__info.csv,job-csv,utf8,NaiveVectorizedV2,recursive,fm,fm,prefix_usa_200,USA:%200%,3,6674158,100000014,100000000,6674158,6674158,0,1,0,1990319999,281784236191,2700,19376577,20443080,39819657,935876,833915,294734,5.966244281301102,21.84379127149323,0.39819657,
job_movie_info_info,movie_info.info,benchmarks/job/../../data/job/movie_info__info.csv,job-csv,utf8,NaiveVectorizedV2,recursive,fm,fm,prefix_usa_200,USA:%200%,4,6674158,100000014,100000000,6674158,6674158,0,1,0,1990319999,281784236191,2700,20054756,27373153,47427909,935876,833915,294734,7.106201111810658,29.24869640849856,0.47427909,
job_movie_info_info,movie_info.info,benchmarks/job/../../data/job/movie_info__info.csv,job-csv,utf8,NaiveVectorizedV2,recursive,full-scan,full-scan,prefix_usa_200,USA:%200%,0,6674158,100000014,100000000,6674158,6674158,0,1,0,1990319999,0,2700,570,45319801,45320371,6674158,5402091,294734,6.790425249147533,6.790339845116043,0.45320371,
job_movie_info_info,movie_info.info,benchmarks/job/../../data/job/movie_info__info.csv,job-csv,utf8,NaiveVectorizedV2,recursive,full-scan,full-scan,prefix_usa_200,USA:%200%,1,6674158,100000014,100000000,6674158,6674158,0,1,0,1990319999,0,2700,120,43959749,43959869,6674158,5402091,294734,6.586579011165154,6.586561031369051,0.43959869,
job_movie_info_info,movie_info.info,benchmarks/job/../../data/job/movie_info__info.csv,job-csv,utf8,NaiveVectorizedV2,recursive,full-scan,full-scan,prefix_usa_200,USA:%200%,2,6674158,100000014,100000000,6674158,6674158,0,1,0,1990319999,0,2700,110,44905446,44905556,6674158,5402091,294734,6.728272839809906,6.728256358330144,0.44905556,
job_movie_info_info,movie_info.info,benchmarks/job/../../data/job/movie_info__info.csv,job-csv,utf8,NaiveVectorizedV2,recursive,full-scan,full-scan,prefix_usa_200,USA:%200%,3,6674158,100000014,100000000,6674158,6674158,0,1,0,1990319999,0,2700,180,46218791,46218971,6674158,5402091,294734,6.925063955633055,6.925036985938901,0.46218971,
job_movie_info_info,movie_info.info,benchmarks/job/../../data/job/movie_info__info.csv,job-csv,utf8,NaiveVectorizedV2,recursive,full-scan,full-scan,prefix_usa_200,USA:%200%,4,6674158,100000014,100000000,6674158,6674158,0,1,0,1990319999,0,2700,120,44336698,44336818,6674158,5402091,294734,6.643057895842442,6.643039916046339,0.44336818,
job_movie_info_info,movie_info.info,benchmarks/job/../../data/job/movie_info__info.csv,job-csv,utf8,NaiveVectorizedV2,recursive,prefix-btree,prefix-btree,prefix_usa_200,USA:%200%,0,6674158,100000014,100000000,6674158,6674158,0,1,0,1990319999,1558029554,2700,13316471,20363424,33679895,935876,833915,294734,5.046313707287122,21.758677431625557,0.33679895,
job_movie_info_info,movie_info.info,benchmarks/job/../../data/job/movie_info__info.csv,job-csv,utf8,NaiveVectorizedV2,recursive,prefix-btree,prefix-btree,prefix_usa_200,USA:%200%,1,6674158,100000014,100000000,6674158,6674158,0,1,0,1990319999,1558029554,2700,12635340,20026792,32662132,935876,833915,294734,4.8938206137763,21.39898020677953,0.32662132,
job_movie_info_info,movie_info.info,benchmarks/job/../../data/job/movie_info__info.csv,job-csv,utf8,NaiveVectorizedV2,recursive,prefix-btree,prefix-btree,prefix_usa_200,USA:%200%,2,6674158,100000014,100000000,6674158,6674158,0,1,0,1990319999,1558029554,2700,13381658,19889909,33271567,935876,833915,294734,4.985133255760502,21.252718308835785,0.33271567,
job_movie_info_info,movie_info.info,benchmarks/job/../../data/job/movie_info__info.csv,job-csv,utf8,NaiveVectorizedV2,recursive,prefix-btree,prefix-btree,prefix_usa_200,USA:%200%,3,6674158,100000014,100000000,6674158,6674158,0,1,0,1990319999,1558029554,2700,13101395,20017081,33118476,935876,833915,294734,4.962195381050313,21.388603832131608,0.33118476,
job_movie_info_info,movie_info.info,benchmarks/job/../../data/job/movie_info__info.csv,job-csv,utf8,NaiveVectorizedV2,recursive,prefix-btree,prefix-btree,prefix_usa_200,USA:%200%,4,6674158,100000014,100000000,6674158,6674158,0,1,0,1990319999,1558029554,2700,12927795,19856530,32784325,935876,833915,294734,4.912128990653203,21.21705225905996,0.32784325,
job_movie_info_info,movie_info.info,benchmarks/job/../../data/job/movie_info__info.csv,job-csv,utf8,NaiveVectorizedV2,recursive,qgram,full-scan,prefix_usa_200,USA:%200%,0,6674158,100000014,100000000,6674158,6674158,0,1,0,1990319999,2909990269,2700,610,44693669,44694279,6674158,5402091,294734,6.696616861632584,6.696525464335726,0.44694279,literal-shorter-than-qgram
job_movie_info_info,movie_info.info,benchmarks/job/../../data/job/movie_info__info.csv,job-csv,utf8,NaiveVectorizedV2,recursive,qgram,full-scan,prefix_usa_200,USA:%200%,1,6674158,100000014,100000000,6674158,6674158,0,1,0,1990319999,2909990269,2700,100,44252774,44252874,6674158,5402091,294734,6.630480429141773,6.630465445978354,0.44252874,literal-shorter-than-qgram
job_movie_info_info,movie_info.info,benchmarks/job/../../data/job/movie_info__info.csv,job-csv,utf8,NaiveVectorizedV2,recursive,qgram,full-scan,prefix_usa_200,USA:%200%,2,6674158,100000014,100000000,6674158,6674158,0,1,0,1990319999,2909990269,2700,100,44005924,44006024,6674158,5402091,294734,6.593494490241316,6.593479507077896,0.44006024,literal-shorter-than-qgram
job_movie_info_info,movie_info.info,benchmarks/job/../../data/job/movie_info__info.csv,job-csv,utf8,NaiveVectorizedV2,recursive,qgram,full-scan,prefix_usa_200,USA:%200%,3,6674158,100000014,100000000,6674158,6674158,0,1,0,1990319999,2909990269,2700,140,50386293,50386433,6674158,5402091,294734,7.549481597528857,7.54946062110007,0.50386433,literal-shorter-than-qgram
job_movie_info_info,movie_info.info,benchmarks/job/../../data/job/movie_info__info.csv,job-csv,utf8,NaiveVectorizedV2,recursive,qgram,full-scan,prefix_usa_200,USA:%200%,4,6674158,100000014,100000000,6674158,6674158,0,1,0,1990319999,2909990269,2700,100,44290881,44290981,6674158,5402091,294734,6.636190063225953,6.636175080062534,0.44290981,literal-shorter-than-qgram
job_movie_info_info,movie_info.info,benchmarks/job/../../data/job/movie_info__info.csv,job-csv,utf8,NaiveVectorizedV2,recursive,trigram,trigram,prefix_usa_200,USA:%200%,0,6674158,100000014,100000000,6674158,6674158,0,1,0,1990319999,3626250845,2700,1554031,22006459,23560490,935876,833915,294734,3.53010671907977,23.514289286187488,0.2356049,
job_movie_info_info,movie_info.info,benchmarks/job/../../data/job/movie_info__info.csv,job-csv,utf8,NaiveVectorizedV2,recursive,trigram,trigram,prefix_usa_200,USA:%200%,1,6674158,100000014,100000000,6674158,6674158,0,1,0,1990319999,3626250845,2700,1841365,20748120,22589485,935876,833915,294734,3.3846194531205285,22.169731887557752,0.22589485,
job_movie_info_info,movie_info.info,benchmarks/job/../../data/job/movie_info__info.csv,job-csv,utf8,NaiveVectorizedV2,recursive,trigram,trigram,prefix_usa_200,USA:%200%,2,6674158,100000014,100000000,6674158,6674158,0,1,0,1990319999,3626250845,2700,1690364,20900392,22590756,935876,833915,294734,3.3848098891275873,22.33243720321923,0.22590756,
job_movie_info_info,movie_info.info,benchmarks/job/../../data/job/movie_info__info.csv,job-csv,utf8,NaiveVectorizedV2,recursive,trigram,trigram,prefix_usa_200,USA:%200%,3,6674158,100000014,100000000,6674158,6674158,0,1,0,1990319999,3626250845,2700,1733341,20583329,22316670,935876,833915,294734,3.3437431358382583,21.993649799759798,0.2231667,
job_movie_info_info,movie_info.info,benchmarks/job/../../data/job/movie_info__info.csv,job-csv,utf8,NaiveVectorizedV2,recursive,trigram,trigram,prefix_usa_200,USA:%200%,4,6674158,100000014,100000000,6674158,6674158,0,1,0,1990319999,3626250845,2700,1589319,20354904,21944223,935876,833915,294734,3.287938793178106,21.749573661467974,0.21944223,
job_movie_info_info,movie_info.info,benchmarks/job/../../data/job/movie_info__info.csv,job-csv,utf8,NaiveVectorizedV2,recursive,fm,fm,prefix_usa_2008,USA:%2008%,0,6674158,100000014,100000000,6674158,6674158,0,1,0,1990319999,281784236191,2550,2664938,4259279,6924217,135571,135355,45638,1.0374667486145819,31.41733114014059,0.06924217,
job_movie_info_info,movie_info.info,benchmarks/job/../../data/job/movie_info__info.csv,job-csv,utf8,NaiveVectorizedV2,recursive,fm,fm,prefix_usa_2008,USA:%2008%,1,6674158,100000014,100000000,6674158,6674158,0,1,0,1990319999,281784236191,2550,2982154,4339508,7321662,135571,135355,45638,1.0970165824662825,32.009116994047396,0.07321662,
job_movie_info_info,movie_info.info,benchmarks/job/../../data/job/movie_info__info.csv,job-csv,utf8,NaiveVectorizedV2,recursive,fm,fm,prefix_usa_2008,USA:%2008%,2,6674158,100000014,100000000,6674158,6674158,0,1,0,1990319999,281784236191,2550,2612915,4188470,6801385,135571,135355,45638,1.0190626293234293,30.89502917290571,0.06801385,
job_movie_info_info,movie_info.info,benchmarks/job/../../data/job/movie_info__info.csv,job-csv,utf8,NaiveVectorizedV2,recursive,fm,fm,prefix_usa_2008,USA:%2008%,3,6674158,100000014,100000000,6674158,6674158,0,1,0,1990319999,281784236191,2550,2664881,4453787,7118668,135571,135355,45638,1.0666016597149783,32.85206275678427,0.07118668,
job_movie_info_info,movie_info.info,benchmarks/job/../../data/job/movie_info__info.csv,job-csv,utf8,NaiveVectorizedV2,recursive,fm,fm,prefix_usa_2008,USA:%2008%,4,6674158,100000014,100000000,6674158,6674158,0,1,0,1990319999,281784236191,2550,2696698,4297571,6994269,135571,135355,45638,1.0479627542530459,31.699780926599345,0.06994269,
job_movie_info_info,movie_info.info,benchmarks/job/../../data/job/movie_info__info.csv,job-csv,utf8,NaiveVectorizedV2,recursive,full-scan,full-scan,prefix_usa_2008,USA:%2008%,0,6674158,100000014,100000000,6674158,6674158,0,1,0,1990319999,0,2550,640,38904866,38905506,6674158,4607775,45638,5.829275543072249,5.829179650826366,0.38905506,
job_movie_info_info,movie_info.info,benchmarks/job/../../data/job/movie_info__info.csv,job-csv,utf8,NaiveVectorizedV2,recursive,full-scan,full-scan,prefix_usa_2008,USA:%2008%,1,6674158,100000014,100000000,6674158,6674158,0,1,0,1990319999,0,2550,130,44894120,44894250,6674158,4607775,45638,6.726578843353724,6.726559365241278,0.4489425,
job_movie_info_info,movie_info.info,benchmarks/job/../../data/job/movie_info__info.csv,job-csv,utf8,NaiveVectorizedV2,recursive,full-scan,full-scan,prefix_usa_2008,USA:%2008%,2,6674158,100000014,100000000,6674158,6674158,0,1,0,1990319999,0,2550,120,39956865,39956985,6674158,4607775,45638,5.986820359961511,5.986802380165408,0.39956985,
job_movie_info_info,movie_info.info,benchmarks/job/../../data/job/movie_info__info.csv,job-csv,utf8,NaiveVectorizedV2,recursive,full-scan,full-scan,prefix_usa_2008,USA:%2008%,3,6674158,100000014,100000000,6674158,6674158,0,1,0,1990319999,0,2550,110,39501186,39501296,6674158,4607775,45638,5.918543732407893,5.918527250928132,0.39501296,
job_movie_info_info,movie_info.info,benchmarks/job/../../data/job/movie_info__info.csv,job-csv,utf8,NaiveVectorizedV2,recursive,full-scan,full-scan,prefix_usa_2008,USA:%2008%,4,6674158,100000014,100000000,6674158,6674158,0,1,0,1990319999,0,2550,200,39683838,39684038,6674158,4607775,45638,5.945924264903528,5.94589429857669,0.39684038,
job_movie_info_info,movie_info.info,benchmarks/job/../../data/job/movie_info__info.csv,job-csv,utf8,NaiveVectorizedV2,recursive,prefix-btree,prefix-btree,prefix_usa_2008,USA:%2008%,0,6674158,100000014,100000000,6674158,6674158,0,1,0,1990319999,1558029554,2550,13563754,21988011,35551765,935876,819018,45638,5.326779048383331,23.49457727305754,0.35551765,
job_movie_info_info,movie_info.info,benchmarks/job/../../data/job/movie_info__info.csv,job-csv,utf8,NaiveVectorizedV2,recursive,prefix-btree,prefix-btree,prefix_usa_2008,USA:%2008%,1,6674158,100000014,100000000,6674158,6674158,0,1,0,1990319999,1558029554,2550,19275412,18450094,37725506,935876,819018,45638,5.652474214724913,19.714250605849493,0.37725506,
job_movie_info_info,movie_info.info,benchmarks/job/../../data/job/movie_info__info.csv,job-csv,utf8,NaiveVectorizedV2,recursive,prefix-btree,prefix-btree,prefix_usa_2008,USA:%2008%,2,6674158,100000014,100000000,6674158,6674158,0,1,0,1990319999,1558029554,2550,13637399,18010892,31648291,935876,819018,45638,4.7419151599347815,19.244955528296483,0.31648291,
job_movie_info_info,movie_info.info,benchmarks/job/../../data/job/movie_info__info.csv,job-csv,utf8,NaiveVectorizedV2,recursive,prefix-btree,prefix-btree,prefix_usa_2008,USA:%2008%,3,6674158,100000014,100000000,6674158,6674158,0,1,0,1990319999,1558029554,2550,13537496,17855384,31392880,935876,819018,45638,4.703646512414,19.078792489603323,0.3139288,
job_movie_info_info,movie_info.info,benchmarks/job/../../data/job/movie_info__info.csv,job-csv,utf8,NaiveVectorizedV2,recursive,prefix-btree,prefix-btree,prefix_usa_2008,USA:%2008%,4,6674158,100000014,100000000,6674158,6674158,0,1,0,1990319999,1558029554,2550,13366632,17675890,31042522,935876,819018,45638,4.65115180072153,18.886999987177788,0.31042522,
job_movie_info_info,movie_info.info,benchmarks/job/../../data/job/movie_info__info.csv,job-csv,utf8,NaiveVectorizedV2,recursive,qgram,full-scan,prefix_usa_2008,USA:%2008%,0,6674158,100000014,100000000,6674158,6674158,0,1,0,1990319999,2909990269,2550,800,39400602,39401402,6674158,4607775,45638,5.903576451141852,5.903456585834498,0.39401402,literal-shorter-than-qgram
job_movie_info_info,movie_info.info,benchmarks/job/../../data/job/movie_info__info.csv,job-csv,utf8,NaiveVectorizedV2,recursive,qgram,full-scan,prefix_usa_2008,USA:%2008%,1,6674158,100000014,100000000,6674158,6674158,0,1,0,1990319999,2909990269,2550,420,39562409,39562829,6674158,4607775,45638,5.92776332235467,5.927700393068309,0.39562829,literal-shorter-than-qgram
job_movie_info_info,movie_info.info,benchmarks/job/../../data/job/movie_info__info.csv,job-csv,utf8,NaiveVectorizedV2,recursive,qgram,full-scan,prefix_usa_2008,USA:%2008%,2,6674158,100000014,100000000,6674158,6674158,0,1,0,1990319999,2909990269,2550,100,40052327,40052427,6674158,4607775,45638,6.001120590792127,6.001105607628707,0.40052427,literal-shorter-than-qgram
job_movie_info_info,movie_info.info,benchmarks/job/../../data/job/movie_info__info.csv,job-csv,utf8,NaiveVectorizedV2,recursive,qgram,full-scan,prefix_usa_2008,USA:%2008%,3,6674158,100000014,100000000,6674158,6674158,0,1,0,1990319999,2909990269,2550,130,41067910,41068040,6674158,4607775,45638,6.153291546289434,6.15327206817699,0.4106804,literal-shorter-than-qgram
job_movie_info_info,movie_info.info,benchmarks/job/../../data/job/movie_info__info.csv,job-csv,utf8,NaiveVectorizedV2,recursive,qgram,full-scan,prefix_usa_2008,USA:%2008%,4,6674158,100000014,100000000,6674158,6674158,0,1,0,1990319999,2909990269,2550,190,39886370,39886560,6674158,4607775,45638,5.976268467123493,5.976239999112996,0.3988656,literal-shorter-than-qgram
job_movie_info_info,movie_info.info,benchmarks/job/../../data/job/movie_info__info.csv,job-csv,utf8,NaiveVectorizedV2,recursive,trigram,trigram,prefix_usa_2008,USA:%2008%,0,6674158,100000014,100000000,6674158,6674158,0,1,0,1990319999,3626250845,2550,1326326,4478386,5804712,135572,135356,45638,0.8697294849777305,33.033266456200394,0.05804712,
job_movie_info_info,movie_info.info,benchmarks/job/../../data/job/movie_info__info.csv,job-csv,utf8,NaiveVectorizedV2,recursive,trigram,trigram,prefix_usa_2008,USA:%2008%,1,6674158,100000014,100000000,6674158,6674158,0,1,0,1990319999,3626250845,2550,1168930,4367685,5536615,135572,135356,45638,0.8295600733455816,32.21671879149087,0.05536615,
job_movie_info_info,movie_info.info,benchmarks/job/../../data/job/movie_info__info.csv,job-csv,utf8,NaiveVectorizedV2,recursive,trigram,trigram,prefix_usa_2008,USA:%2008%,2,6674158,100000014,100000000,6674158,6674158,0,1,0,1990319999,3626250845,2550,1126413,4800897,5927310,135572,135356,45638,0.888098543666482,35.4121573776296,0.0592731,
job_movie_info_info,movie_info.info,benchmarks/job/../../data/job/movie_info__info.csv,job-csv,utf8,NaiveVectorizedV2,recursive,trigram,trigram,prefix_usa_2008,USA:%2008%,3,6674158,100000014,100000000,6674158,6674158,0,1,0,1990319999,3626250845,2550,1151371,4402811,5554182,135572,135356,45638,0.832192165663444,32.47581358982681,0.05554182,
job_movie_info_info,movie_info.info,benchmarks/job/../../data/job/movie_info__info.csv,job-csv,utf8,NaiveVectorizedV2,recursive,trigram,trigram,prefix_usa_2008,USA:%2008%,4,6674158,100000014,100000000,6674158,6674158,0,1,0,1990319999,3626250845,2550,1131022,4519782,5650804,135572,135356,45638,0.846669197822407,33.33860974242469,0.05650804,
job_movie_info_info,movie_info.info,benchmarks/job/../../data/job/movie_info__info.csv,job-csv,utf8,NaiveVectorizedV2,recursive,fm,fm,prefix_usa_201,USA:%201%,0,6674158,100000014,100000000,6674158,6674158,0,1,0,1990319999,281784236191,2360,19424430,19747532,39171962,935876,833915,227707,5.869199080992688,21.100585975065073,0.39171962,
job_movie_info_info,movie_info.info,benchmarks/job/../../data/job/movie_info__info.csv,job-csv,utf8,NaiveVectorizedV2,recursive,fm,fm,prefix_usa_201,USA:%201%,1,6674158,100000014,100000000,6674158,6674158,0,1,0,1990319999,281784236191,2360,20848179,20252379,41100558,935876,833915,227707,6.158163771370112,21.640023892054074,0.41100558,
job_movie_info_info,movie_info.info,benchmarks/job/../../data/job/movie_info__info.csv,job-csv,utf8,NaiveVectorizedV2,recursive,fm,fm,prefix_usa_201,USA:%201%,2,6674158,100000014,100000000,6674158,6674158,0,1,0,1990319999,281784236191,2360,20157377,20357091,40514468,935876,833915,227707,6.070348948886137,21.751910509511944,0.40514468,
job_movie_info_info,movie_info.info,benchmarks/job/../../data/job/movie_info__info.csv,job-csv,utf8,NaiveVectorizedV2,recursive,fm,fm,prefix_usa_201,USA:%201%,3,6674158,100000014,100000000,6674158,6674158,0,1,0,1990319999,281784236191,2360,20520776,20186474,40707250,935876,833915,227707,6.099233790989065,21.569603238035807,0.4070725,
job_movie_info_info,movie_info.info,benchmarks/job/../../data/job/movie_info__info.csv,job-csv,utf8,NaiveVectorizedV2,recursive,fm,fm,prefix_usa_201,USA:%201%,4,6674158,100000014,100000000,6674158,6674158,0,1,0,1990319999,281784236191,2360,19885072,19996211,39881283,935876,833915,227707,5.9754778055898585,21.36630386931602,0.39881283,
job_movie_info_info,movie_info.info,benchmarks/job/../../data/job/movie_info__info.csv,job-csv,utf8,NaiveVectorizedV2,recursive,full-scan,full-scan,prefix_usa_201,USA:%201%,0,6674158,100000014,100000000,6674158,6674158,0,1,0,1990319999,0,2360,870,44588261,44589131,6674158,5402091,227707,6.680862364960494,6.680732011438746,0.44589131,
job_movie_info_info,movie_info.info,benchmarks/job/../../data/job/movie_info__info.csv,job-csv,utf8,NaiveVectorizedV2,recursive,full-scan,full-scan,prefix_usa_201,USA:%201%,1,6674158,100000014,100000000,6674158,6674158,0,1,0,1990319999,0,2360,140,44337011,44337151,6674158,5402091,227707,6.643107789776628,6.643086813347841,0.44337151,
job_movie_info_info,movie_info.info,benchmarks/job/../../data/job/movie_info__info.csv,job-csv,utf8,NaiveVectorizedV2,recursive,full-scan,full-scan,prefix_usa_201,USA:%201%,2,6674158,100000014,100000000,6674158,6674158,0,1,0,1990319999,0,2360,110,44307104,44307214,6674158,5402091,227707,6.638622280143802,6.638605798664042,0.44307214,
job_movie_info_info,movie_info.info,benchmarks/job/../../data/job/movie_info__info.csv,job-csv,utf8,NaiveVectorizedV2,recursive,full-scan,full-scan,prefix_usa_201,USA:%201%,3,6674158,100000014,100000000,6674158,6674158,0,1,0,1990319999,0,2360,120,44917703,44917823,6674158,5402091,227707,6.730110824466547,6.730092844670444,0.44917823,
job_movie_info_info,movie_info.info,benchmarks/job/../../data/job/movie_info__info.csv,job-csv,utf8,NaiveVectorizedV2,recursive,full-scan,full-scan,prefix_usa_201,USA:%201%,4,6674158,100000014,100000000,6674158,6674158,0,1,0,1990319999,0,2360,110,44488884,44488994,6674158,5402091,227707,6.665858674607343,6.665842193127583,0.44488994,
job_movie_info_info,movie_info.info,benchmarks/job/../../data/job/movie_info__info.csv,job-csv,utf8,NaiveVectorizedV2,recursive,prefix-btree,prefix-btree,prefix_usa_201,USA:%201%,0,6674158,100000014,100000000,6674158,6674158,0,1,0,1990319999,1558029554,2360,13362558,19740575,33103133,935876,833915,227707,4.959896514286895,21.093152297954003,0.33103133,
job_movie_info_info,movie_info.info,benchmarks/job/../../data/job/movie_info__info.csv,job-csv,utf8,NaiveVectorizedV2,recursive,prefix-btree,prefix-btree,prefix_usa_201,USA:%201%,1,6674158,100000014,100000000,6674158,6674158,0,1,0,1990319999,1558029554,2360,13162629,20008925,33171554,935876,833915,227707,4.9701481445299915,21.379889002389206,0.33171554,
job_movie_info_info,movie_info.info,benchmarks/job/../../data/job/movie_info__info.csv,job-csv,utf8,NaiveVectorizedV2,recursive,prefix-btree,prefix-btree,prefix_usa_201,USA:%201%,2,6674158,100000014,100000000,6674158,6674158,0,1,0,1990319999,1558029554,2360,13039883,20103045,33142928,935876,833915,227707,4.965859064169592,21.480457881172292,0.33142928,
job_movie_info_info,movie_info.info,benchmarks/job/../../data/job/movie_info__info.csv,job-csv,utf8,NaiveVectorizedV2,recursive,prefix-btree,prefix-btree,prefix_usa_201,USA:%201%,3,6674158,100000014,100000000,6674158,6674158,0,1,0,1990319999,1558029554,2360,13190695,19744796,32935491,935876,833915,227707,4.93477843946757,21.097662510845453,0.32935491,
job_movie_info_info,movie_info.info,benchmarks/job/../../data/job/movie_info__info.csv,job-csv,utf8,NaiveVectorizedV2,recursive,prefix-btree,prefix-btree,prefix_usa_201,USA:%201%,4,6674158,100000014,100000000,6674158,6674158,0,1,0,1990319999,1558029554,2360,12939225,19913466,32852691,935876,833915,227707,4.9223723801564185,21.27788937850741,0.32852691,
job_movie_info_info,movie_info.info,benchmarks/job/../../data/job/movie_info__info.csv,job-csv,utf8,NaiveVectorizedV2,recursive,qgram,full-scan,prefix_usa_201,USA:%201%,0,6674158,100000014,100000000,6674158,6674158,0,1,0,1990319999,2909990269,2360,540,44029505,44030045,6674158,5402091,227707,6.597093595926258,6.597012686843794,0.44030045,literal-shorter-than-qgram
job_movie_info_info,movie_info.info,benchmarks/job/../../data/job/movie_info__info.csv,job-csv,utf8,NaiveVectorizedV2,recursive,qgram,full-scan,prefix_usa_201,USA:%201%,1,6674158,100000014,100000000,6674158,6674158,0,1,0,1990319999,2909990269,2360,110,43715842,43715952,6674158,5402091,227707,6.550032528447783,6.550016046968022,0.43715952,literal-shorter-than-qgram
job_movie_info_info,movie_info.info,benchmarks/job/../../data/job/movie_info__info.csv,job-csv,utf8,NaiveVectorizedV2,recursive,qgram,full-scan,prefix_usa_201,USA:%201%,2,6674158,100000014,100000000,6674158,6674158,0,1,0,1990319999,2909990269,2360,100,43674554,43674654,6674158,5402091,227707,6.543844781618895,6.543829798455476,0.43674654,literal-shorter-than-qgram
job_movie_info_info,movie_info.info,benchmarks/job/../../data/job/movie_info__info.csv,job-csv,utf8,NaiveVectorizedV2,recursive,qgram,full-scan,prefix_usa_201,USA:%201%,3,6674158,100000014,100000000,6674158,6674158,0,1,0,1990319999,2909990269,2360,110,43909179,43909289,6674158,5402091,227707,6.579000527107689,6.578984045627928,0.43909289,literal-shorter-than-qgram
job_movie_info_info,movie_info.info,benchmarks/job/../../data/job/movie_info__info.csv,job-csv,utf8,NaiveVectorizedV2,recursive,qgram,full-scan,prefix_usa_201,USA:%201%,4,6674158,100000014,100000000,6674158,6674158,0,1,0,1990319999,2909990269,2360,100,44242912,44243012,6674158,5402091,227707,6.629002789565366,6.6289878064019465,0.44243012,literal-shorter-than-qgram
job_movie_info_info,movie_info.info,benchmarks/job/../../data/job/movie_info__info.csv,job-csv,utf8,NaiveVectorizedV2,recursive,trigram,trigram,prefix_usa_201,USA:%201%,0,6674158,100000014,100000000,6674158,6674158,0,1,0,1990319999,3626250845,2360,2030780,20284523,22315303,935876,833915,227707,3.343538315994317,21.6743703225641,0.22315303,
job_movie_info_info,movie_info.info,benchmarks/job/../../data/job/movie_info__info.csv,job-csv,utf8,NaiveVectorizedV2,recursive,trigram,trigram,prefix_usa_201,USA:%201%,1,6674158,100000014,100000000,6674158,6674158,0,1,0,1990319999,3626250845,2360,1577451,20143140,21720591,935876,833915,227707,3.2544316451603335,21.52330009531177,0.21720591,
job_movie_info_info,movie_info.info,benchmarks/job/../../data/job/movie_info__info.csv,job-csv,utf8,NaiveVectorizedV2,recursive,trigram,trigram,prefix_usa_201,USA:%201%,2,6674158,100000014,100000000,6674158,6674158,0,1,0,1990319999,3626250845,2360,1583471,20121882,21705353,935876,833915,227707,3.2521485107185057,21.500585547658023,0.21705353,
job_movie_info_info,movie_info.info,benchmarks/job/../../data/job/movie_info__info.csv,job-csv,utf8,NaiveVectorizedV2,recursive,trigram,trigram,prefix_usa_201,USA:%201%,3,6674158,100000014,100000000,6674158,6674158,0,1,0,1990319999,3626250845,2360,1644634,19950770,21595404,935876,833915,227707,3.2356746723706573,21.317749359957944,0.21595404,
job_movie_info_info,movie_info.info,benchmarks/job/../../data/job/movie_info__info.csv,job-csv,utf8,NaiveVectorizedV2,recursive,trigram,trigram,prefix_usa_201,USA:%201%,4,6674158,100000014,100000000,6674158,6674158,0,1,0,1990319999,3626250845,2360,1547015,19919813,21466828,935876,833915,227707,3.216409920172702,21.28467125986776,0.21466828,
job_movie_info_info,movie_info.info,benchmarks/job/../../data/job/movie_info__info.csv,job-csv,utf8,NaiveVectorizedV2Wildcard,recursive,fm,fm,prefix_japan_200,Japan:%200%,0,6674158,100000014,100000000,6674158,6674158,0,1,0,1990319999,281784236191,2760,2602431,5255705,7858136,130031,118510,54763,1.1773973585881545,40.41886165606663,0.07858136,
job_movie_info_info,movie_info.info,benchmarks/job/../../data/job/movie_info__info.csv,job-csv,utf8,NaiveVectorizedV2Wildcard,recursive,fm,fm,prefix_japan_200,Japan:%200%,1,6674158,100000014,100000000,6674158,6674158,0,1,0,1990319999,281784236191,2760,2674304,5325150,7999454,130031,118510,54763,1.1985712654689924,40.95292660980843,0.07999454,
job_movie_info_info,movie_info.info,benchmarks/job/../../data/job/movie_info__info.csv,job-csv,utf8,NaiveVectorizedV2Wildcard,recursive,fm,fm,prefix_japan_200,Japan:%200%,2,6674158,100000014,100000000,6674158,6674158,0,1,0,1990319999,281784236191,2760,2825432,5212319,8037751,130031,118510,54763,1.2043093675636687,40.085202759342,0.08037751,
job_movie_info_info,movie_info.info,benchmarks/job/../../data/job/movie_info__info.csv,job-csv,utf8,NaiveVectorizedV2Wildcard,recursive,fm,fm,prefix_japan_200,Japan:%200%,3,6674158,100000014,100000000,6674158,6674158,0,1,0,1990319999,281784236191,2760,3008697,5361397,8370094,130031,118510,54763,1.2541048623661593,41.231683214002814,0.08370094,
job_movie_info_info,movie_info.info,benchmarks/job/../../data/job/movie_info__info.csv,job-csv,utf8,NaiveVectorizedV2Wildcard,recursive,fm,fm,prefix_japan_200,Japan:%200%,4,6674158,100000014,100000000,6674158,6674158,0,1,0,1990319999,281784236191,2760,2634837,5463739,8098576,130031,118510,54763,1.2134228767134372,42.01874168467519,0.08098576,
job_movie_info_info,movie_info.info,benchmarks/job/../../data/job/movie_info__info.csv,job-csv,utf8,NaiveVectorizedV2Wildcard,recursive,full-scan,full-scan,prefix_japan_200,Japan:%200%,0,6674158,100000014,100000000,6674158,6674158,0,1,0,1990319999,0,2760,670,28410486,28411156,6674158,4439405,54763,4.256889932782532,4.2567895455876235,0.28411156,
job_movie_info_info,movie_info.info,benchmarks/job/../../data/job/movie_info__info.csv,job-csv,utf8,NaiveVectorizedV2Wildcard,recursive,full-scan,full-scan,prefix_japan_200,Japan:%200%,1,6674158,100000014,100000000,6674158,6674158,0,1,0,1990319999,0,2760,120,42851663,42851783,6674158,4439405,54763,6.420552674959149,6.420534695163045,0.42851783,
job_movie_info_info,movie_info.info,benchmarks/job/../../data/job/movie_info__info.csv,job-csv,utf8,NaiveVectorizedV2Wildcard,recursive,full-scan,full-scan,prefix_japan_200,Japan:%200%,2,6674158,100000014,100000000,6674158,6674158,0,1,0,1990319999,0,2760,110,30240131,30240241,6674158,4439405,54763,4.53094472740981,4.530928245930048,0.30240241,
job_movie_info_info,movie_info.info,benchmarks/job/../../data/job/movie_info__info.csv,job-csv,utf8,NaiveVectorizedV2Wildcard,recursive,full-scan,full-scan,prefix_japan_200,Japan:%200%,3,6674158,100000014,100000000,6674158,6674158,0,1,0,1990319999,0,2760,110,29305097,29305207,6674158,4439405,54763,4.390847055164112,4.390830573684351,0.29305207,
job_movie_info_info,movie_info.info,benchmarks/job/../../data/job/movie_info__info.csv,job-csv,utf8,NaiveVectorizedV2Wildcard,recursive,full-scan,full-scan,prefix_japan_200,Japan:%200%,4,6674158,100000014,100000000,6674158,6674158,0,1,0,1990319999,0,2760,110,28646084,28646194,6674158,4439405,54763,4.292106060419906,4.2920895789401445,0.28646194,
job_movie_info_info,movie_info.info,benchmarks/job/../../data/job/movie_info__info.csv,job-csv,utf8,NaiveVectorizedV2Wildcard,recursive,prefix-btree,prefix-btree,prefix_japan_200,Japan:%200%,0,6674158,100000014,100000000,6674158,6674158,0,1,0,1990319999,1558029554,2760,2008076,5215066,7223142,130031,118510,54763,1.082255169865622,40.10632849089833,0.07223142,
job_movie_info_info,movie_info.info,benchmarks/job/../../data/job/movie_info__info.csv,job-csv,utf8,NaiveVectorizedV2Wildcard,recursive,prefix-btree,prefix-btree,prefix_japan_200,Japan:%200%,1,6674158,100000014,100000000,6674158,6674158,0,1,0,1990319999,1558029554,2760,2141483,5116666,7258149,130031,118510,54763,1.0875003258838043,39.349585867985326,0.07258149,
job_movie_info_info,movie_info.info,benchmarks/job/../../data/job/movie_info__info.csv,job-csv,utf8,NaiveVectorizedV2Wildcard,recursive,prefix-btree,prefix-btree,prefix_japan_200,Japan:%200%,2,6674158,100000014,100000000,6674158,6674158,0,1,0,1990319999,1558029554,2760,2061441,5282880,7344321,130031,118510,54763,1.1004116174654541,40.627850281855864,0.07344321,
job_movie_info_info,movie_info.info,benchmarks/job/../../data/job/movie_info__info.csv,job-csv,utf8,NaiveVectorizedV2Wildcard,recursive,prefix-btree,prefix-btree,prefix_japan_200,Japan:%200%,3,6674158,100000014,100000000,6674158,6674158,0,1,0,1990319999,1558029554,2760,2227493,5235844,7463337,130031,118510,54763,1.1182439792405274,40.266121155724406,0.07463337,
job_movie_info_info,movie_info.info,benchmarks/job/../../data/job/movie_info__info.csv,job-csv,utf8,NaiveVectorizedV2Wildcard,recursive,prefix-btree,prefix-btree,prefix_japan_200,Japan:%200%,4,6674158,100000014,100000000,6674158,6674158,0,1,0,1990319999,1558029554,2760,2069870,5419554,7489424,130031,118510,54763,1.1221526370817112,41.6789380993763,0.07489424,
job_movie_info_info,movie_info.info,benchmarks/job/../../data/job/movie_info__info.csv,job-csv,utf8,NaiveVectorizedV2Wildcard,recursive,qgram,full-scan,prefix_japan_200,Japan:%200%,0,6674158,100000014,100000000,6674158,6674158,0,1,0,1990319999,2909990269,2760,730,30346584,30347314,6674158,4439405,54763,4.54698764997772,4.54687827288476,0.30347314,literal-shorter-than-qgram
job_movie_info_info,movie_info.info,benchmarks/job/../../data/job/movie_info__info.csv,job-csv,utf8,NaiveVectorizedV2Wildcard,recursive,qgram,full-scan,prefix_japan_200,Japan:%200%,1,6674158,100000014,100000000,6674158,6674158,0,1,0,1990319999,2909990269,2760,120,30572763,30572883,6674158,4439405,54763,4.580785021870923,4.580767042074821,0.30572883,literal-shorter-than-qgram
job_movie_info_info,movie_info.info,benchmarks/job/../../data/job/movie_info__info.csv,job-csv,utf8,NaiveVectorizedV2Wildcard,recursive,qgram,full-scan,prefix_japan_200,Japan:%200%,2,6674158,100000014,100000000,6674158,6674158,0,1,0,1990319999,2909990269,2760,110,29517903,29518013,6674158,4439405,54763,4.422732125910115,4.422715644430354,0.29518013,literal-shorter-than-qgram
job_movie_info_info,movie_info.info,benchmarks/job/../../data/job/movie_info__info.csv,job-csv,utf8,NaiveVectorizedV2Wildcard,recursive,qgram,full-scan,prefix_japan_200,Japan:%200%,3,6674158,100000014,100000000,6674158,6674158,0,1,0,1990319999,2909990269,2760,170,29372159,29372329,6674158,4439405,54763,4.400904054114392,4.400878582736579,0.29372329,literal-shorter-than-qgram
job_movie_info_info,movie_info.info,benchmarks/job/../../data/job/movie_info__info.csv,job-csv,utf8,NaiveVectorizedV2Wildcard,recursive,qgram,full-scan,prefix_japan_200,Japan:%200%,4,6674158,100000014,100000000,6674158,6674158,0,1,0,1990319999,2909990269,2760,170,29629851,29630021,6674158,4439405,54763,4.439514467592766,4.439488996214953,0.29630021,literal-shorter-than-qgram
job_movie_info_info,movie_info.info,benchmarks/job/../../data/job/movie_info__info.csv,job-csv,utf8,NaiveVectorizedV2Wildcard,recursive,trigram,trigram,prefix_japan_200,Japan:%200%,0,6674158,100000014,100000000,6674158,6674158,0,1,0,1990319999,3626250845,2760,803046,5233805,6036851,130031,118510,54763,0.9045112507075799,40.25044027962563,0.06036851,
job_movie_info_info,movie_info.info,benchmarks/job/../../data/job/movie_info__info.csv,job-csv,utf8,NaiveVectorizedV2Wildcard,recursive,trigram,trigram,prefix_japan_200,Japan:%200%,1,6674158,100000014,100000000,6674158,6674158,0,1,0,1990319999,3626250845,2760,546592,5147951,5694543,130031,118510,54763,0.8532226836703596,39.59018234113404,0.05694543,
job_movie_info_info,movie_info.info,benchmarks/job/../../data/job/movie_info__info.csv,job-csv,utf8,NaiveVectorizedV2Wildcard,recursive,trigram,trigram,prefix_japan_200,Japan:%200%,2,6674158,100000014,100000000,6674158,6674158,0,1,0,1990319999,3626250845,2760,495578,5358500,5854078,130031,118510,54763,0.8771260734312852,41.20940391137498,0.05854078,
job_movie_info_info,movie_info.info,benchmarks/job/../../data/job/movie_info__info.csv,job-csv,utf8,NaiveVectorizedV2Wildcard,recursive,trigram,trigram,prefix_japan_200,Japan:%200%,3,6674158,100000014,100000000,6674158,6674158,0,1,0,1990319999,3626250845,2760,532183,5279349,5811532,130031,118510,54763,0.8707513367229245,40.600695218832435,0.05811532,
job_movie_info_info,movie_info.info,benchmarks/job/../../data/job/movie_info__info.csv,job-csv,utf8,NaiveVectorizedV2Wildcard,recursive,trigram,trigram,prefix_japan_200,Japan:%200%,4,6674158,100000014,100000000,6674158,6674158,0,1,0,1990319999,3626250845,2760,515296,5270440,5785736,130031,118510,54763,0.8668862798872906,40.532180787658326,0.05785736,
job_movie_info_info,movie_info.info,benchmarks/job/../../data/job/movie_info__info.csv,job-csv,utf8,NaiveVectorizedV2Wildcard,recursive,fm,fm,prefix_japan_2007,Japan:%2007%,0,6674158,100000014,100000000,6674158,6674158,0,1,0,1990319999,281784236191,3090,2562168,4585932,7148100,130031,116066,8501,1.0710115043725366,35.267989940860254,0.071481,
job_movie_info_info,movie_info.info,benchmarks/job/../../data/job/movie_info__info.csv,job-csv,utf8,NaiveVectorizedV2Wildcard,recursive,fm,fm,prefix_japan_2007,Japan:%2007%,1,6674158,100000014,100000000,6674158,6674158,0,1,0,1990319999,281784236191,3090,2529391,4662304,7191695,130031,116066,8501,1.0775434144651654,35.85532680668456,0.07191695,
job_movie_info_info,movie_info.info,benchmarks/job/../../data/job/movie_info__info.csv,job-csv,utf8,NaiveVectorizedV2Wildcard,recursive,fm,fm,prefix_japan_2007,Japan:%2007%,2,6674158,100000014,100000000,6674158,6674158,0,1,0,1990319999,281784236191,3090,2527891,4613210,7141101,130031,116066,8501,1.069962832764822,35.47777068545193,0.07141101,
job_movie_info_info,movie_info.info,benchmarks/job/../../data/job/movie_info__info.csv,job-csv,utf8,NaiveVectorizedV2Wildcard,recursive,fm,fm,prefix_japan_2007,Japan:%2007%,3,6674158,100000014,100000000,6674158,6674158,0,1,0,1990319999,281784236191,3090,2544390,4749585,7293975,130031,116066,8501,1.0928681940103906,36.52655905130315,0.07293975,
job_movie_info_info,movie_info.info,benchmarks/job/../../data/job/movie_info__info.csv,job-csv,utf8,NaiveVectorizedV2Wildcard,recursive,fm,fm,prefix_japan_2007,Japan:%2007%,4,6674158,100000014,100000000,6674158,6674158,0,1,0,1990319999,281784236191,3090,2540571,4560985,7101556,130031,116066,8501,1.0640377407906736,35.07613569071991,0.07101556,
job_movie_info_info,movie_info.info,benchmarks/job/../../data/job/movie_info__info.csv,job-csv,utf8,NaiveVectorizedV2Wildcard,recursive,full-scan,full-scan,prefix_japan_2007,Japan:%2007%,0,6674158,100000014,100000000,6674158,6674158,0,1,0,1990319999,0,3090,550,26838499,26839049,6674158,3725759,8501,4.021338571846815,4.02125616444801,0.26839049,
job_movie_info_info,movie_info.info,benchmarks/job/../../data/job/movie_info__info.csv,job-csv,utf8,NaiveVectorizedV2Wildcard,recursive,full-scan,full-scan,prefix_japan_2007,Japan:%2007%,1,6674158,100000014,100000000,6674158,6674158,0,1,0,1990319999,0,3090,250,25970740,25970990,6674158,3725759,8501,3.8912758733011716,3.8912384153926234,0.2597099,
job_movie_info_info,movie_info.info,benchmarks/job/../../data/job/movie_info__info.csv,job-csv,utf8,NaiveVectorizedV2Wildcard,recursive,full-scan,full-scan,prefix_japan_2007,Japan:%2007%,2,6674158,100000014,100000000,6674158,6674158,0,1,0,1990319999,0,3090,120,26145251,26145371,6674158,3725759,8501,3.9174036635033214,3.9173856837072183,0.26145371,
job_movie_info_info,movie_info.info,benchmarks/job/../../data/job/movie_info__info.csv,job-csv,utf8,NaiveVectorizedV2Wildcard,recursive,full-scan,full-scan,prefix_japan_2007,Japan:%2007%,3,6674158,100000014,100000000,6674158,6674158,0,1,0,1990319999,0,3090,110,26632172,26632282,6674158,3725759,8501,3.9903583343397027,3.9903418528599413,0.26632282,
job_movie_info_info,movie_info.info,benchmarks/job/../../data/job/movie_info__info.csv,job-csv,utf8,NaiveVectorizedV2Wildcard,recursive,full-scan,full-scan,prefix_japan_2007,Japan:%2007%,4,6674158,100000014,100000000,6674158,6674158,0,1,0,1990319999,0,3090,120,26314506,26314626,6674158,3725759,8501,3.9427634167485994,3.9427454369524964,0.26314626,
job_movie_info_info,movie_info.info,benchmarks/job/../../data/job/movie_info__info.csv,job-csv,utf8,NaiveVectorizedV2Wildcard,recursive,prefix-btree,prefix-btree,prefix_japan_2007,Japan:%2007%,0,6674158,100000014,100000000,6674158,6674158,0,1,0,1990319999,1558029554,3090,2233672,4650756,6884428,130031,116066,8501,1.0315050977216902,35.766517215125624,0.06884428,
job_movie_info_info,movie_info.info,benchmarks/job/../../data/job/movie_info__info.csv,job-csv,utf8,NaiveVectorizedV2Wildcard,recursive,prefix-btree,prefix-btree,prefix_japan_2007,Japan:%2007%,1,6674158,100000014,100000000,6674158,6674158,0,1,0,1990319999,1558029554,3090,2383247,4878802,7262049,130031,116066,8501,1.0880846692571557,37.52029900562174,0.07262049,
job_movie_info_info,movie_info.info,benchmarks/job/../../data/job/movie_info__info.csv,job-csv,utf8,NaiveVectorizedV2Wildcard,recursive,prefix-btree,prefix-btree,prefix_japan_2007,Japan:%2007%,2,6674158,100000014,100000000,6674158,6674158,0,1,0,1990319999,1558029554,3090,2234433,4624058,6858491,130031,116066,8501,1.0276189146256351,35.5611969453438,0.06858491,
job_movie_info_info,movie_info.info,benchmarks/job/../../data/job/movie_info__info.csv,job-csv,utf8,NaiveVectorizedV2Wildcard,recursive,prefix-btree,prefix-btree,prefix_japan_2007,Japan:%2007%,3,6674158,100000014,100000000,6674158,6674158,0,1,0,1990319999,1558029554,3090,2140972,4735567,6876539,130031,116066,8501,1.0303230759595443,36.41875398943329,0.06876539,
job_movie_info_info,movie_info.info,benchmarks/job/../../data/job/movie_info__info.csv,job-csv,utf8,NaiveVectorizedV2Wildcard,recursive,prefix-btree,prefix-btree,prefix_japan_2007,Japan:%2007%,4,6674158,100000014,100000000,6674158,6674158,0,1,0,1990319999,1558029554,3090,2389066,4654726,7043792,130031,116066,8501,1.0553828662731688,35.79704839615169,0.07043792,
job_movie_info_info,movie_info.info,benchmarks/job/../../data/job/movie_info__info.csv,job-csv,utf8,NaiveVectorizedV2Wildcard,recursive,qgram,full-scan,prefix_japan_2007,Japan:%2007%,0,6674158,100000014,100000000,6674158,6674158,0,1,0,1990319999,2909990269,3090,670,26881124,26881794,6674158,3725759,8501,4.027743125050381,4.027642737855472,0.26881794,literal-shorter-than-qgram
job_movie_info_info,movie_info.info,benchmarks/job/../../data/job/movie_info__info.csv,job-csv,utf8,NaiveVectorizedV2Wildcard,recursive,qgram,full-scan,prefix_japan_2007,Japan:%2007%,1,6674158,100000014,100000000,6674158,6674158,0,1,0,1990319999,2909990269,3090,110,26219654,26219764,6674158,3725759,8501,3.9285500882658155,3.9285336067860546,0.26219764,literal-shorter-than-qgram
job_movie_info_info,movie_info.info,benchmarks/job/../../data/job/movie_info__info.csv,job-csv,utf8,NaiveVectorizedV2Wildcard,recursive,qgram,full-scan,prefix_japan_2007,Japan:%2007%,2,6674158,100000014,100000000,6674158,6674158,0,1,0,1990319999,2909990269,3090,90,26917620,26917710,6674158,3725759,8501,4.033124478024044,4.033110993176967,0.2691771,literal-shorter-than-qgram
job_movie_info_info,movie_info.info,benchmarks/job/../../data/job/movie_info__info.csv,job-csv,utf8,NaiveVectorizedV2Wildcard,recursive,qgram,full-scan,prefix_japan_2007,Japan:%2007%,3,6674158,100000014,100000000,6674158,6674158,0,1,0,1990319999,2909990269,3090,110,26961067,26961177,6674158,3725759,8501,4.039637209667497,4.039620728187735,0.26961177,literal-shorter-than-qgram
job_movie_info_info,movie_info.info,benchmarks/job/../../data/job/movie_info__info.csv,job-csv,utf8,NaiveVectorizedV2Wildcard,recursive,qgram,full-scan,prefix_japan_2007,Japan:%2007%,4,6674158,100000014,100000000,6674158,6674158,0,1,0,1990319999,2909990269,3090,120,26266864,26266984,6674158,3725759,8501,3.935625138032393,3.93560715823629,0.26266984,literal-shorter-than-qgram
job_movie_info_info,movie_info.info,benchmarks/job/../../data/job/movie_info__info.csv,job-csv,utf8,NaiveVectorizedV2Wildcard,recursive,trigram,trigram,prefix_japan_2007,Japan:%2007%,0,6674158,100000014,100000000,6674158,6674158,0,1,0,1990319999,3626250845,3090,493307,4513841,5007148,130031,116066,8501,0.7502291674844976,34.71357599341695,0.05007148,
job_movie_info_info,movie_info.info,benchmarks/job/../../data/job/movie_info__info.csv,job-csv,utf8,NaiveVectorizedV2Wildcard,recursive,trigram,trigram,prefix_japan_2007,Japan:%2007%,1,6674158,100000014,100000000,6674158,6674158,0,1,0,1990319999,3626250845,3090,521544,4461616,4983160,130031,116066,8501,0.7466350062434842,34.31194099868493,0.0498316,
job_movie_info_info,movie_info.info,benchmarks/job/../../data/job/movie_info__info.csv,job-csv,utf8,NaiveVectorizedV2Wildcard,recursive,trigram,trigram,prefix_japan_2007,Japan:%2007%,2,6674158,100000014,100000000,6674158,6674158,0,1,0,1990319999,3626250845,3090,612275,4490163,5102438,130031,116066,8501,0.764506623906716,34.53148095454161,0.05102438,
job_movie_info_info,movie_info.info,benchmarks/job/../../data/job/movie_info__info.csv,job-csv,utf8,NaiveVectorizedV2Wildcard,recursive,trigram,trigram,prefix_japan_2007,Japan:%2007%,3,6674158,100000014,100000000,6674158,6674158,0,1,0,1990319999,3626250845,3090,498497,4530849,5029346,130031,116066,8501,0.7535551301003063,34.844375571978986,0.05029346,
job_movie_info_info,movie_info.info,benchmarks/job/../../data/job/movie_info__info.csv,job-csv,utf8,NaiveVectorizedV2Wildcard,recursive,trigram,trigram,prefix_japan_2007,Japan:%2007%,4,6674158,100000014,100000000,6674158,6674158,0,1,0,1990319999,3626250845,3090,503947,4386114,4890061,130031,116066,8501,0.732685830931782,33.7312948450754,0.04890061,
job_movie_info_info,movie_info.info,benchmarks/job/../../data/job/movie_info__info.csv,job-csv,utf8,NaiveVectorizedV2Wildcard,recursive,fm,fm,prefix_japan_201,Japan:%201%,0,6674158,100000014,100000000,6674158,6674158,0,1,0,1990319999,281784236191,2520,2815491,5153862,7969353,130031,118510,23878,1.1940611834481594,39.63564073182549,0.07969353,
job_movie_info_info,movie_info.info,benchmarks/job/../../data/job/movie_info__info.csv,job-csv,utf8,NaiveVectorizedV2Wildcard,recursive,fm,fm,prefix_japan_201,Japan:%201%,1,6674158,100000014,100000000,6674158,6674158,0,1,0,1990319999,281784236191,2520,3021429,5052884,8074313,130031,118510,23878,1.2097875117730206,38.85907206743008,0.08074313,
job_movie_info_info,movie_info.info,benchmarks/job/../../data/job/movie_info__info.csv,job-csv,utf8,NaiveVectorizedV2Wildcard,recursive,fm,fm,prefix_japan_201,Japan:%201%,2,6674158,100000014,100000000,6674158,6674158,0,1,0,1990319999,281784236191,2520,2552259,5103819,7656078,130031,118510,23878,1.1471226782464545,39.25078635094708,0.07656078,
job_movie_info_info,movie_info.info,benchmarks/job/../../data/job/movie_info__info.csv,job-csv,utf8,NaiveVectorizedV2Wildcard,recursive,fm,fm,prefix_japan_201,Japan:%201%,3,6674158,100000014,100000000,6674158,6674158,0,1,0,1990319999,281784236191,2520,2735909,4920717,7656626,130031,118510,23878,1.147204785981992,37.84264521537172,0.07656626,
job_movie_info_info,movie_info.info,benchmarks/job/../../data/job/movie_info__info.csv,job-csv,utf8,NaiveVectorizedV2Wildcard,recursive,fm,fm,prefix_japan_201,Japan:%201%,4,6674158,100000014,100000000,6674158,6674158,0,1,0,1990319999,281784236191,2520,2537430,4941725,7479155,130031,118510,23878,1.120614016030187,38.00420668917412,0.07479155,
job_movie_info_info,movie_info.info,benchmarks/job/../../data/job/movie_info__info.csv,job-csv,utf8,NaiveVectorizedV2Wildcard,recursive,full-scan,full-scan,prefix_japan_201,Japan:%201%,0,6674158,100000014,100000000,6674158,6674158,0,1,0,1990319999,0,2520,870,29099978,29100848,6674158,4439405,23878,4.360227612232134,4.360097258710387,0.29100848,
job_movie_info_info,movie_info.info,benchmarks/job/../../data/job/movie_info__info.csv,job-csv,utf8,NaiveVectorizedV2Wildcard,recursive,full-scan,full-scan,prefix_japan_201,Japan:%201%,1,6674158,100000014,100000000,6674158,6674158,0,1,0,1990319999,0,2520,120,28235411,28235531,6674158,4439405,23878,4.2305757520274465,4.230557772231344,0.28235531,
job_movie_info_info,movie_info.info,benchmarks/job/../../data/job/movie_info__info.csv,job-csv,utf8,NaiveVectorizedV2Wildcard,recursive,full-scan,full-scan,prefix_japan_201,Japan:%201%,2,6674158,100000014,100000000,6674158,6674158,0,1,0,1990319999,0,2520,109,28406592,28406701,6674158,4439405,23878,4.256222432852204,4.256206101204077,0.28406701,
job_movie_info_info,movie_info.info,benchmarks/job/../../data/job/movie_info__info.csv,job-csv,utf8,NaiveVectorizedV2Wildcard,recursive,full-scan,full-scan,prefix_japan_201,Japan:%201%,3,6674158,100000014,100000000,6674158,6674158,0,1,0,1990319999,0,2520,110,29308956,29309066,6674158,4439405,23878,4.391425255440462,4.3914087739607,0.29309066,
job_movie_info_info,movie_info.info,benchmarks/job/../../data/job/movie_info__info.csv,job-csv,utf8,NaiveVectorizedV2Wildcard,recursive,full-scan,full-scan,prefix_japan_201,Japan:%201%,4,6674158,100000014,100000000,6674158,6674158,0,1,0,1990319999,0,2520,100,29276639,29276739,6674158,4439405,23878,4.386581648201916,4.3865666650384965,0.29276739,
job_movie_info_info,movie_info.info,benchmarks/job/../../data/job/movie_info__info.csv,job-csv,utf8,NaiveVectorizedV2Wildcard,recursive,prefix-btree,prefix-btree,prefix_japan_201,Japan:%201%,0,6674158,100000014,100000000,6674158,6674158,0,1,0,1990319999,1558029554,2520,2165358,5040993,7206351,130031,118510,23878,1.0797393468958931,38.767624643354274,0.07206351,
job_movie_info_info,movie_info.info,benchmarks/job/../../data/job/movie_info__info.csv,job-csv,utf8,NaiveVectorizedV2Wildcard,recursive,prefix-btree,prefix-btree,prefix_japan_201,Japan:%201%,1,6674158,100000014,100000000,6674158,6674158,0,1,0,1990319999,1558029554,2520,2146800,4966413,7113213,130031,118510,23878,1.0657843281504573,38.19406910659766,0.07113213,
job_movie_info_info,movie_info.info,benchmarks/job/../../data/job/movie_info__info.csv,job-csv,utf8,NaiveVectorizedV2Wildcard,recursive,prefix-btree,prefix-btree,prefix_japan_201,Japan:%201%,2,6674158,100000014,100000000,6674158,6674158,0,1,0,1990319999,1558029554,2520,2083899,4874236,6958135,130031,118510,23878,1.0425487379831284,37.48518430220486,0.06958135,
job_movie_info_info,movie_info.info,benchmarks/job/../../data/job/movie_info__info.csv,job-csv,utf8,NaiveVectorizedV2Wildcard,recursive,prefix-btree,prefix-btree,prefix_japan_201,Japan:%201%,3,6674158,100000014,100000000,6674158,6674158,0,1,0,1990319999,1558029554,2520,2281223,5029345,7310568,130031,118510,23878,1.0953543503165493,38.678046004414334,0.07310568,
job_movie_info_info,movie_info.info,benchmarks/job/../../data/job/movie_info__info.csv,job-csv,utf8,NaiveVectorizedV2Wildcard,recursive,prefix-btree,prefix-btree,prefix_japan_201,Japan:%201%,4,6674158,100000014,100000000,6674158,6674158,0,1,0,1990319999,1558029554,2520,2105265,4937998,7043263,130031,118510,23878,1.0553036053386808,37.97554429328391,0.07043263,
job_movie_info_info,movie_info.info,benchmarks/job/../../data/job/movie_info__info.csv,job-csv,utf8,NaiveVectorizedV2Wildcard,recursive,qgram,full-scan,prefix_japan_201,Japan:%201%,0,6674158,100000014,100000000,6674158,6674158,0,1,0,1990319999,2909990269,2520,630,28992494,28993124,6674158,4439405,23878,4.344087149270365,4.343992755340824,0.28993124,literal-shorter-than-qgram
job_movie_info_info,movie_info.info,benchmarks/job/../../data/job/movie_info__info.csv,job-csv,utf8,NaiveVectorizedV2Wildcard,recursive,qgram,full-scan,prefix_japan_201,Japan:%201%,1,6674158,100000014,100000000,6674158,6674158,0,1,0,1990319999,2909990269,2520,110,28904176,28904286,6674158,4439405,23878,4.330776406551958,4.330759925072196,0.28904286,literal-shorter-than-qgram
job_movie_info_info,movie_info.info,benchmarks/job/../../data/job/movie_info__info.csv,job-csv,utf8,NaiveVectorizedV2Wildcard,recursive,qgram,full-scan,prefix_japan_201,Japan:%201%,2,6674158,100000014,100000000,6674158,6674158,0,1,0,1990319999,2909990269,2520,100,29298765,29298865,6674158,4439405,23878,4.389896822940062,4.389881839776643,0.29298865,literal-shorter-than-qgram
job_movie_info_info,movie_info.info,benchmarks/job/../../data/job/movie_info__info.csv,job-csv,utf8,NaiveVectorizedV2Wildcard,recursive,qgram,full-scan,prefix_japan_201,Japan:%201%,3,6674158,100000014,100000000,6674158,6674158,0,1,0,1990319999,2909990269,2520,110,29041219,29041329,6674158,4439405,23878,4.351309783196622,4.3512933017168605,0.29041329,literal-shorter-than-qgram
job_movie_info_info,movie_info.info,benchmarks/job/../../data/job/movie_info__info.csv,job-csv,utf8,NaiveVectorizedV2Wildcard,recursive,qgram,full-scan,prefix_japan_201,Japan:%201%,4,6674158,100000014,100000000,6674158,6674158,0,1,0,1990319999,2909990269,2520,100,29798829,29798929,6674158,4439405,23878,4.46482222926098,4.4648072460975605,0.29798929,literal-shorter-than-qgram
job_movie_info_info,movie_info.info,benchmarks/job/../../data/job/movie_info__info.csv,job-csv,utf8,NaiveVectorizedV2Wildcard,recursive,trigram,trigram,prefix_japan_201,Japan:%201%,0,6674158,100000014,100000000,6674158,6674158,0,1,0,1990319999,3626250845,2520,522062,5063680,5585742,130031,118510,23878,0.8369208520385643,38.94209842268382,0.05585742,
job_movie_info_info,movie_info.info,benchmarks/job/../../data/job/movie_info__info.csv,job-csv,utf8,NaiveVectorizedV2Wildcard,recursive,trigram,trigram,prefix_japan_201,Japan:%201%,1,6674158,100000014,100000000,6674158,6674158,0,1,0,1990319999,3626250845,2520,507704,5815673,6323377,130031,118510,23878,0.9474419095262654,44.725280894555915,0.06323377,
job_movie_info_info,movie_info.info,benchmarks/job/../../data/job/movie_info__info.csv,job-csv,utf8,NaiveVectorizedV2Wildcard,recursive,trigram,trigram,prefix_japan_201,Japan:%201%,2,6674158,100000014,100000000,6674158,6674158,0,1,0,1990319999,3626250845,2520,476328,5069830,5546158,130031,118510,23878,0.8309899166306821,38.98939483661589,0.05546158,
job_movie_info_info,movie_info.info,benchmarks/job/../../data/job/movie_info__info.csv,job-csv,utf8,NaiveVectorizedV2Wildcard,recursive,trigram,trigram,prefix_japan_201,Japan:%201%,3,6674158,100000014,100000000,6674158,6674158,0,1,0,1990319999,3626250845,2520,490696,4975572,5466268,130031,118510,23878,0.8190198673750306,38.264506156224286,0.05466268,
job_movie_info_info,movie_info.info,benchmarks/job/../../data/job/movie_info__info.csv,job-csv,utf8,NaiveVectorizedV2Wildcard,recursive,trigram,trigram,prefix_japan_201,Japan:%201%,4,6674158,100000014,100000000,6674158,6674158,0,1,0,1990319999,3626250845,2520,523992,5060281,5584273,130031,118510,23878,0.8367007493679353,38.915958502203324,0.05584273,
job_movie_info_info,movie_info.info,benchmarks/job/../../data/job/movie_info__info.csv,job-csv,utf8,NaiveVectorizedV2Wildcard,recursive,fm,fm,prefix_usa_space_199,USA:% 199%,0,6674158,100000014,100000000,6674158,6674158,0,1,0,1990319999,281784236191,2140,5410335,5786117,11196452,263414,263414,78136,1.6775827003196508,21.965867417828967,0.11196452,
job_movie_info_info,movie_info.info,benchmarks/job/../../data/job/movie_info__info.csv,job-csv,utf8,NaiveVectorizedV2Wildcard,recursive,fm,fm,prefix_usa_space_199,USA:% 199%,1,6674158,100000014,100000000,6674158,6674158,0,1,0,1990319999,281784236191,2140,5310249,5698698,11008947,263414,263414,78136,1.6494885197503566,21.63399819295861,0.11008947,
job_movie_info_info,movie_info.info,benchmarks/job/../../data/job/movie_info__info.csv,job-csv,utf8,NaiveVectorizedV2Wildcard,recursive,fm,fm,prefix_usa_space_199,USA:% 199%,2,6674158,100000014,100000000,6674158,6674158,0,1,0,1990319999,281784236191,2140,5213291,5944816,11158107,263414,263414,78136,1.6718374063065333,22.568337294145337,0.11158107,
job_movie_info_info,movie_info.info,benchmarks/job/../../data/job/movie_info__info.csv,job-csv,utf8,NaiveVectorizedV2Wildcard,recursive,fm,fm,prefix_usa_space_199,USA:% 199%,3,6674158,100000014,100000000,6674158,6674158,0,1,0,1990319999,281784236191,2140,5462409,5703987,11166396,263414,263414,78136,1.6730793607223562,21.654076852407236,0.11166396,
job_movie_info_info,movie_info.info,benchmarks/job/../../data/job/movie_info__info.csv,job-csv,utf8,NaiveVectorizedV2Wildcard,recursive,fm,fm,prefix_usa_space_199,USA:% 199%,4,6674158,100000014,100000000,6674158,6674158,0,1,0,1990319999,281784236191,2140,5357182,5761409,11118591,263414,263414,78136,1.6659166594497763,21.872068303127396,0.11118591,
job_movie_info_info,movie_info.info,benchmarks/job/../../data/job/movie_info__info.csv,job-csv,utf8,NaiveVectorizedV2Wildcard,recursive,full-scan,full-scan,prefix_usa_space_199,USA:% 199%,0,6674158,100000014,100000000,6674158,6674158,0,1,0,1990319999,0,2140,530,43445194,43445724,6674158,4607775,78136,6.50954382560317,6.509464414837048,0.43445724,
job_movie_info_info,movie_info.info,benchmarks/job/../../data/job/movie_info__info.csv,job-csv,utf8,NaiveVectorizedV2Wildcard,recursive,full-scan,full-scan,prefix_usa_space_199,USA:% 199%,1,6674158,100000014,100000000,6674158,6674158,0,1,0,1990319999,0,2140,100,42653286,42653386,6674158,4607775,78136,6.390826528230228,6.390811545066809,0.42653386,
job_movie_info_info,movie_info.info,benchmarks/job/../../data/job/movie_info__info.csv,job-csv,utf8,NaiveVectorizedV2Wildcard,recursive,full-scan,full-scan,prefix_usa_space_199,USA:% 199%,2,6674158,100000014,100000000,6674158,6674158,0,1,0,1990319999,0,2140,110,43413179,43413289,6674158,4607775,78136,6.504684036548131,6.5046675550683695,0.43413289,
job_movie_info_info,movie_info.info,benchmarks/job/../../data/job/movie_info__info.csv,job-csv,utf8,NaiveVectorizedV2Wildcard,recursive,full-scan,full-scan,prefix_usa_space_199,USA:% 199%,3,6674158,100000014,100000000,6674158,6674158,0,1,0,1990319999,0,2140,120,41685252,41685372,6674158,4607775,78136,6.245787408688856,6.245769428892753,0.41685372,
job_movie_info_info,movie_info.info,benchmarks/job/../../data/job/movie_info__info.csv,job-csv,utf8,NaiveVectorizedV2Wildcard,recursive,full-scan,full-scan,prefix_usa_space_199,USA:% 199%,4,6674158,100000014,100000000,6674158,6674158,0,1,0,1990319999,0,2140,100,42607283,42607383,6674158,4607775,78136,6.3839338235624625,6.383918840399043,0.42607383,
job_movie_info_info,movie_info.info,benchmarks/job/../../data/job/movie_info__info.csv,job-csv,utf8,NaiveVectorizedV2Wildcard,recursive,prefix-btree,prefix-btree,prefix_usa_space_199,USA:% 199%,0,6674158,100000014,100000000,6674158,6674158,0,1,0,1990319999,1558029554,2140,13154358,19584210,32738568,935876,819018,78136,4.90527314456745,20.92607353965696,0.32738568,
job_movie_info_info,movie_info.info,benchmarks/job/../../data/job/movie_info__info.csv,job-csv,utf8,NaiveVectorizedV2Wildcard,recursive,prefix-btree,prefix-btree,prefix_usa_space_199,USA:% 199%,1,6674158,100000014,100000000,6674158,6674158,0,1,0,1990319999,1558029554,2140,13371849,19518190,32890039,935876,819018,78136,4.927968292030245,20.85553000611192,0.32890039,
job_movie_info_info,movie_info.info,benchmarks/job/../../data/job/movie_info__info.csv,job-csv,utf8,NaiveVectorizedV2Wildcard,recursive,prefix-btree,prefix-btree,prefix_usa_space_199,USA:% 199%,2,6674158,100000014,100000000,6674158,6674158,0,1,0,1990319999,1558029554,2140,12967762,19865183,32832945,935876,819018,78136,4.91941380470765,21.226298142061555,0.32832945,
job_movie_info_info,movie_info.info,benchmarks/job/../../data/job/movie_info__info.csv,job-csv,utf8,NaiveVectorizedV2Wildcard,recursive,prefix-btree,prefix-btree,prefix_usa_space_199,USA:% 199%,3,6674158,100000014,100000000,6674158,6674158,0,1,0,1990319999,1558029554,2140,13256642,19680528,32937170,935876,819018,78136,4.93503000678138,21.028991020177887,0.3293717,
job_movie_info_info,movie_info.info,benchmarks/job/../../data/job/movie_info__info.csv,job-csv,utf8,NaiveVectorizedV2Wildcard,recursive,prefix-btree,prefix-btree,prefix_usa_space_199,USA:% 199%,4,6674158,100000014,100000000,6674158,6674158,0,1,0,1990319999,1558029554,2140,12889002,19367029,32256031,935876,819018,78136,4.832973837299027,20.694011813530853,0.32256031,
job_movie_info_info,movie_info.info,benchmarks/job/../../data/job/movie_info__info.csv,job-csv,utf8,NaiveVectorizedV2Wildcard,recursive,qgram,full-scan,prefix_usa_space_199,USA:% 199%,0,6674158,100000014,100000000,6674158,6674158,0,1,0,1990319999,2909990269,2140,750,42935231,42935981,6674158,4607775,78136,6.433168198894902,6.433055825169257,0.42935981,literal-shorter-than-qgram
job_movie_info_info,movie_info.info,benchmarks/job/../../data/job/movie_info__info.csv,job-csv,utf8,NaiveVectorizedV2Wildcard,recursive,qgram,full-scan,prefix_usa_space_199,USA:% 199%,1,6674158,100000014,100000000,6674158,6674158,0,1,0,1990319999,2909990269,2140,110,43622350,43622460,6674158,4607775,78136,6.536024469303843,6.536007987824082,0.4362246,literal-shorter-than-qgram
job_movie_info_info,movie_info.info,benchmarks/job/../../data/job/movie_info__info.csv,job-csv,utf8,NaiveVectorizedV2Wildcard,recursive,qgram,full-scan,prefix_usa_space_199,USA:% 199%,2,6674158,100000014,100000000,6674158,6674158,0,1,0,1990319999,2909990269,2140,110,42158840,42158950,6674158,4607775,78136,6.316744374346547,6.316727892866785,0.4215895,literal-shorter-than-qgram
job_movie_info_info,movie_info.info,benchmarks/job/../../data/job/movie_info__info.csv,job-csv,utf8,NaiveVectorizedV2Wildcard,recursive,qgram,full-scan,prefix_usa_space_199,USA:% 199%,3,6674158,100000014,100000000,6674158,6674158,0,1,0,1990319999,2909990269,2140,120,42683066,42683186,6674158,4607775,78136,6.395291510929169,6.395273531133066,0.42683186,literal-shorter-than-qgram
job_movie_info_info,movie_info.info,benchmarks/job/../../data/job/movie_info__info.csv,job-csv,utf8,NaiveVectorizedV2Wildcard,recursive,qgram,full-scan,prefix_usa_space_199,USA:% 199%,4,6674158,100000014,100000000,6674158,6674158,0,1,0,1990319999,2909990269,2140,110,42513580,42513690,6674158,4607775,78136,6.369895648260051,6.369879166780289,0.4251369,literal-shorter-than-qgram
job_movie_info_info,movie_info.info,benchmarks/job/../../data/job/movie_info__info.csv,job-csv,utf8,NaiveVectorizedV2Wildcard,recursive,trigram,trigram,prefix_usa_space_199,USA:% 199%,0,6674158,100000014,100000000,6674158,6674158,0,1,0,1990319999,3626250845,2140,1050730,5725517,6776247,263414,263414,78136,1.0152961617030942,21.73581130843463,0.06776247,
job_movie_info_info,movie_info.info,benchmarks/job/../../data/job/movie_info__info.csv,job-csv,utf8,NaiveVectorizedV2Wildcard,recursive,trigram,trigram,prefix_usa_space_199,USA:% 199%,1,6674158,100000014,100000000,6674158,6674158,0,1,0,1990319999,3626250845,2140,1071257,5949341,7020598,263414,263414,78136,1.0519076713497044,22.585515576241203,0.07020598,
job_movie_info_info,movie_info.info,benchmarks/job/../../data/job/movie_info__info.csv,job-csv,utf8,NaiveVectorizedV2Wildcard,recursive,trigram,trigram,prefix_usa_space_199,USA:% 199%,2,6674158,100000014,100000000,6674158,6674158,0,1,0,1990319999,3626250845,2140,1070467,5863293,6933760,263414,263414,78136,1.0388965918996824,22.258851086122984,0.0693376,
job_movie_info_info,movie_info.info,benchmarks/job/../../data/job/movie_info__info.csv,job-csv,utf8,NaiveVectorizedV2Wildcard,recursive,trigram,trigram,prefix_usa_space_199,USA:% 199%,3,6674158,100000014,100000000,6674158,6674158,0,1,0,1990319999,3626250845,2140,1118660,5835569,6954229,263414,263414,78136,1.041963495619972,22.153602314227793,0.06954229,
job_movie_info_info,movie_info.info,benchmarks/job/../../data/job/movie_info__info.csv,job-csv,utf8,NaiveVectorizedV2Wildcard,recursive,trigram,trigram,prefix_usa_space_199,USA:% 199%,4,6674158,100000014,100000000,6674158,6674158,0,1,0,1990319999,3626250845,2140,1108300,5797585,6905885,263414,263414,78136,1.034720035096562,22.00940344856386,0.06905885,
job_movie_info_info,movie_info.info,benchmarks/job/../../data/job/movie_info__info.csv,job-csv,utf8,NaiveVectorizedV2Wildcard,recursive,fm,fm,prefix_usa_space_200,USA:% 200%,0,6674158,100000014,100000000,6674158,6674158,0,1,0,1990319999,281784236191,3179,21924782,13388826,35313608,885461,885461,268914,5.291095595878911,15.12074049562883,0.35313608,
job_movie_info_info,movie_info.info,benchmarks/job/../../data/job/movie_info__info.csv,job-csv,utf8,NaiveVectorizedV2Wildcard,recursive,fm,fm,prefix_usa_space_200,USA:% 200%,1,6674158,100000014,100000000,6674158,6674158,0,1,0,1990319999,281784236191,3179,19351776,13247827,32599603,885461,885461,268914,4.884451791521867,14.961502539355205,0.32599603,
job_movie_info_info,movie_info.info,benchmarks/job/../../data/job/movie_info__info.csv,job-csv,utf8,NaiveVectorizedV2Wildcard,recursive,fm,fm,prefix_usa_space_200,USA:% 200%,2,6674158,100000014,100000000,6674158,6674158,0,1,0,1990319999,281784236191,3179,18046024,12960412,31006436,885461,885461,268914,4.645744976370053,14.636908909596244,0.31006436,
job_movie_info_info,movie_info.info,benchmarks/job/../../data/job/movie_info__info.csv,job-csv,utf8,NaiveVectorizedV2Wildcard,recursive,fm,fm,prefix_usa_space_200,USA:% 200%,3,6674158,100000014,100000000,6674158,6674158,0,1,0,1990319999,281784236191,3179,18991442,13249267,32240709,885461,885461,268914,4.830678116999927,14.96312881086801,0.32240709,
job_movie_info_info,movie_info.info,benchmarks/job/../../data/job/movie_info__info.csv,job-csv,utf8,NaiveVectorizedV2Wildcard,recursive,fm,fm,prefix_usa_space_200,USA:% 200%,4,6674158,100000014,100000000,6674158,6674158,0,1,0,1990319999,281784236191,3179,18441284,13746951,32188235,885461,885461,268914,4.822815851827301,15.525190832797831,0.32188235,
job_movie_info_info,movie_info.info,benchmarks/job/../../data/job/movie_info__info.csv,job-csv,utf8,NaiveVectorizedV2Wildcard,recursive,full-scan,full-scan,prefix_usa_space_200,USA:% 200%,0,6674158,100000014,100000000,6674158,6674158,0,1,0,1990319999,0,3179,839,46046202,46047041,6674158,4607775,268914,6.899303402766312,6.899177694025224,0.46047041,
job_movie_info_info,movie_info.info,benchmarks/job/../../data/job/movie_info__info.csv,job-csv,utf8,NaiveVectorizedV2Wildcard,recursive,full-scan,full-scan,prefix_usa_space_200,USA:% 200%,1,6674158,100000014,100000000,6674158,6674158,0,1,0,1990319999,0,3179,100,46190427,46190527,6674158,4607775,268914,6.92080214463008,6.92078716146666,0.46190527,
job_movie_info_info,movie_info.info,benchmarks/job/../../data/job/movie_info__info.csv,job-csv,utf8,NaiveVectorizedV2Wildcard,recursive,full-scan,full-scan,prefix_usa_space_200,USA:% 200%,2,6674158,100000014,100000000,6674158,6674158,0,1,0,1990319999,0,3179,100,46862697,46862797,6674158,4607775,268914,7.021529457348777,7.021514474185358,0.46862797,
job_movie_info_info,movie_info.info,benchmarks/job/../../data/job/movie_info__info.csv,job-csv,utf8,NaiveVectorizedV2Wildcard,recursive,full-scan,full-scan,prefix_usa_space_200,USA:% 200%,3,6674158,100000014,100000000,6674158,6674158,0,1,0,1990319999,0,3179,110,45527538,45527648,6674158,4607775,268914,6.8214819007880845,6.821465419308323,0.45527648,
job_movie_info_info,movie_info.info,benchmarks/job/../../data/job/movie_info__info.csv,job-csv,utf8,NaiveVectorizedV2Wildcard,recursive,full-scan,full-scan,prefix_usa_space_200,USA:% 200%,4,6674158,100000014,100000000,6674158,6674158,0,1,0,1990319999,0,3179,110,45155226,45155336,6674158,4607775,268914,6.765697785398547,6.765681303918787,0.45155336,
job_movie_info_info,movie_info.info,benchmarks/job/../../data/job/movie_info__info.csv,job-csv,utf8,NaiveVectorizedV2Wildcard,recursive,prefix-btree,prefix-btree,prefix_usa_space_200,USA:% 200%,0,6674158,100000014,100000000,6674158,6674158,0,1,0,1990319999,1558029554,3179,13614411,22033586,35647997,935876,819018,268914,5.341197646204959,23.543274963777254,0.35647997,
job_movie_info_info,movie_info.info,benchmarks/job/../../data/job/movie_info__info.csv,job-csv,utf8,NaiveVectorizedV2Wildcard,recursive,prefix-btree,prefix-btree,prefix_usa_space_200,USA:% 200%,1,6674158,100000014,100000000,6674158,6674158,0,1,0,1990319999,1558029554,3179,13455145,21962987,35418132,935876,819018,268914,5.3067565976112645,23.46783868803132,0.35418132,
job_movie_info_info,movie_info.info,benchmarks/job/../../data/job/movie_info__info.csv,job-csv,utf8,NaiveVectorizedV2Wildcard,recursive,prefix-btree,prefix-btree,prefix_usa_space_200,USA:% 200%,2,6674158,100000014,100000000,6674158,6674158,0,1,0,1990319999,1558029554,3179,13541393,22105416,35646809,935876,819018,268914,5.341019646223539,23.620026584718488,0.35646809,
job_movie_info_info,movie_info.info,benchmarks/job/../../data/job/movie_info__info.csv,job-csv,utf8,NaiveVectorizedV2Wildcard,recursive,prefix-btree,prefix-btree,prefix_usa_space_200,USA:% 200%,3,6674158,100000014,100000000,6674158,6674158,0,1,0,1990319999,1558029554,3179,13425650,21606651,35032301,935876,819018,268914,5.248946908359077,23.087087391919443,0.35032301,
job_movie_info_info,movie_info.info,benchmarks/job/../../data/job/movie_info__info.csv,job-csv,utf8,NaiveVectorizedV2Wildcard,recursive,prefix-btree,prefix-btree,prefix_usa_space_200,USA:% 200%,4,6674158,100000014,100000000,6674158,6674158,0,1,0,1990319999,1558029554,3179,13956549,21913884,35870433,935876,819018,268914,5.374525595588238,23.41537126713368,0.35870433,
job_movie_info_info,movie_info.info,benchmarks/job/../../data/job/movie_info__info.csv,job-csv,utf8,NaiveVectorizedV2Wildcard,recursive,qgram,full-scan,prefix_usa_space_200,USA:% 200%,0,6674158,100000014,100000000,6674158,6674158,0,1,0,1990319999,2909990269,3179,670,45526488,45527158,6674158,4607775,268914,6.82140848328733,6.821308096092421,0.45527158,literal-shorter-than-qgram
job_movie_info_info,movie_info.info,benchmarks/job/../../data/job/movie_info__info.csv,job-csv,utf8,NaiveVectorizedV2Wildcard,recursive,qgram,full-scan,prefix_usa_space_200,USA:% 200%,1,6674158,100000014,100000000,6674158,6674158,0,1,0,1990319999,2909990269,3179,110,46801045,46801155,6674158,4607775,268914,7.012293535753873,7.012277054274112,0.46801155,literal-shorter-than-qgram
job_movie_info_info,movie_info.info,benchmarks/job/../../data/job/movie_info__info.csv,job-csv,utf8,NaiveVectorizedV2Wildcard,recursive,qgram,full-scan,prefix_usa_space_200,USA:% 200%,2,6674158,100000014,100000000,6674158,6674158,0,1,0,1990319999,2909990269,3179,110,45304305,45304415,6674158,4607775,268914,6.788034535592355,6.788018054112594,0.45304415,literal-shorter-than-qgram
job_movie_info_info,movie_info.info,benchmarks/job/../../data/job/movie_info__info.csv,job-csv,utf8,NaiveVectorizedV2Wildcard,recursive,qgram,full-scan,prefix_usa_space_200,USA:% 200%,3,6674158,100000014,100000000,6674158,6674158,0,1,0,1990319999,2909990269,3179,110,56176467,56176577,6674158,4607775,268914,8.417028335259669,8.417011853779908,0.56176577,literal-shorter-than-qgram
job_movie_info_info,movie_info.info,benchmarks/job/../../data/job/movie_info__info.csv,job-csv,utf8,NaiveVectorizedV2Wildcard,recursive,qgram,full-scan,prefix_usa_space_200,USA:% 200%,4,6674158,100000014,100000000,6674158,6674158,0,1,0,1990319999,2909990269,3179,120,47752914,47753034,6674158,4607775,268914,7.154915121877546,7.154897142081443,0.47753034,literal-shorter-than-qgram
job_movie_info_info,movie_info.info,benchmarks/job/../../data/job/movie_info__info.csv,job-csv,utf8,NaiveVectorizedV2Wildcard,recursive,trigram,trigram,prefix_usa_space_200,USA:% 200%,0,6674158,100000014,100000000,6674158,6674158,0,1,0,1990319999,3626250845,3179,2690882,12991892,15682774,885461,885461,268914,2.3497756570941233,14.672461011834514,0.15682774,
job_movie_info_info,movie_info.info,benchmarks/job/../../data/job/movie_info__info.csv,job-csv,utf8,NaiveVectorizedV2Wildcard,recursive,trigram,trigram,prefix_usa_space_200,USA:% 200%,1,6674158,100000014,100000000,6674158,6674158,0,1,0,1990319999,3626250845,3179,2678674,12881262,15559936,885461,885461,268914,2.3313706388131656,14.54752044415282,0.15559936,
job_movie_info_info,movie_info.info,benchmarks/job/../../data/job/movie_info__info.csv,job-csv,utf8,NaiveVectorizedV2Wildcard,recursive,trigram,trigram,prefix_usa_space_200,USA:% 200%,2,6674158,100000014,100000000,6674158,6674158,0,1,0,1990319999,3626250845,3179,2668347,13061402,15729749,885461,885461,268914,2.3568139981103235,14.75096249298388,0.15729749,
job_movie_info_info,movie_info.info,benchmarks/job/../../data/job/movie_info__info.csv,job-csv,utf8,NaiveVectorizedV2Wildcard,recursive,trigram,trigram,prefix_usa_space_200,USA:% 200%,3,6674158,100000014,100000000,6674158,6674158,0,1,0,1990319999,3626250845,3179,2648930,13232540,15881470,885461,885461,268914,2.3795466034816677,14.944238086149475,0.1588147,
job_movie_info_info,movie_info.info,benchmarks/job/../../data/job/movie_info__info.csv,job-csv,utf8,NaiveVectorizedV2Wildcard,recursive,trigram,trigram,prefix_usa_space_200,USA:% 200%,4,6674158,100000014,100000000,6674158,6674158,0,1,0,1990319999,3626250845,3179,2690482,13255147,15945629,885461,885461,268914,2.3891596512998343,14.9697694195453,0.15945629,
job_movie_info_info,movie_info.info,benchmarks/job/../../data/job/movie_info__info.csv,job-csv,utf8,NaiveVectorizedV2Wildcard,recursive,fm,fm,prefix_usa_200,USA:%200%,0,6674158,100000014,100000000,6674158,6674158,0,1,0,1990319999,281784236191,3199,21250511,23451863,44702374,935876,833915,294734,6.697829748711373,25.05872893417504,0.44702374,
job_movie_info_info,movie_info.info,benchmarks/job/../../data/job/movie_info__info.csv,job-csv,utf8,NaiveVectorizedV2Wildcard,recursive,fm,fm,prefix_usa_200,USA:%200%,1,6674158,100000014,100000000,6674158,6674158,0,1,0,1990319999,281784236191,3199,21117323,23520733,44638056,935876,833915,294734,6.6881928776633695,25.132317742948853,0.44638056,
job_movie_info_info,movie_info.info,benchmarks/job/../../data/job/movie_info__info.csv,job-csv,utf8,NaiveVectorizedV2Wildcard,recursive,fm,fm,prefix_usa_200,USA:%200%,2,6674158,100000014,100000000,6674158,6674158,0,1,0,1990319999,281784236191,3199,26561826,28221016,54782842,935876,833915,294734,8.208202742578164,30.154652966846037,0.54782842,
job_movie_info_info,movie_info.info,benchmarks/job/../../data/job/movie_info__info.csv,job-csv,utf8,NaiveVectorizedV2Wildcard,recursive,fm,fm,prefix_usa_200,USA:%200%,3,6674158,100000014,100000000,6674158,6674158,0,1,0,1990319999,281784236191,3199,20169177,23998173,44167350,935876,833915,294734,6.617666228459081,25.64247079741333,0.4416735,
job_movie_info_info,movie_info.info,benchmarks/job/../../data/job/movie_info__info.csv,job-csv,utf8,NaiveVectorizedV2Wildcard,recursive,fm,fm,prefix_usa_200,USA:%200%,4,6674158,100000014,100000000,6674158,6674158,0,1,0,1990319999,281784236191,3199,19997064,24183729,44180793,935876,833915,294734,6.619680415117532,25.84074065367634,0.44180793,
job_movie_info_info,movie_info.info,benchmarks/job/../../data/job/movie_info__info.csv,job-csv,utf8,NaiveVectorizedV2Wildcard,recursive,full-scan,full-scan,prefix_usa_200,USA:%200%,0,6674158,100000014,100000000,6674158,6674158,0,1,0,1990319999,0,3199,750,50314409,50315159,6674158,5402091,294734,7.53880249763341,7.538690123907765,0.50315159,
job_movie_info_info,movie_info.info,benchmarks/job/../../data/job/movie_info__info.csv,job-csv,utf8,NaiveVectorizedV2Wildcard,recursive,full-scan,full-scan,prefix_usa_200,USA:%200%,1,6674158,100000014,100000000,6674158,6674158,0,1,0,1990319999,0,3199,100,50798995,50799095,6674158,5402091,294734,7.611311419358067,7.611296436194648,0.50799095,
job_movie_info_info,movie_info.info,benchmarks/job/../../data/job/movie_info__info.csv,job-csv,utf8,NaiveVectorizedV2Wildcard,recursive,full-scan,full-scan,prefix_usa_200,USA:%200%,2,6674158,100000014,100000000,6674158,6674158,0,1,0,1990319999,0,3199,120,49960880,49961000,6674158,5402091,294734,7.485738275899372,7.485720296103269,0.49961,
job_movie_info_info,movie_info.info,benchmarks/job/../../data/job/movie_info__info.csv,job-csv,utf8,NaiveVectorizedV2Wildcard,recursive,full-scan,full-scan,prefix_usa_200,USA:%200%,3,6674158,100000014,100000000,6674158,6674158,0,1,0,1990319999,0,3199,330,51872388,51872718,6674158,5402091,294734,7.772174107954891,7.772124663515608,0.51872718,
job_movie_info_info,movie_info.info,benchmarks/job/../../data/job/movie_info__info.csv,job-csv,utf8,NaiveVectorizedV2Wildcard,recursive,full-scan,full-scan,prefix_usa_200,USA:%200%,4,6674158,100000014,100000000,6674158,6674158,0,1,0,1990319999,0,3199,130,50774989,50775119,6674158,5402091,294734,7.6077190560966645,7.607699577984219,0.50775119,
job_movie_info_info,movie_info.info,benchmarks/job/../../data/job/movie_info__info.csv,job-csv,utf8,NaiveVectorizedV2Wildcard,recursive,prefix-btree,prefix-btree,prefix_usa_200,USA:%200%,0,6674158,100000014,100000000,6674158,6674158,0,1,0,1990319999,1558029554,3199,13396363,23609538,37005901,935876,833915,294734,5.5446546216017065,25.22720745055969,0.37005901,
job_movie_info_info,movie_info.info,benchmarks/job/../../data/job/movie_info__info.csv,job-csv,utf8,NaiveVectorizedV2Wildcard,recursive,prefix-btree,prefix-btree,prefix_usa_200,USA:%200%,1,6674158,100000014,100000000,6674158,6674158,0,1,0,1990319999,1558029554,3199,13924952,23793005,37717957,935876,833915,294734,5.651343135718394,25.42324517350589,0.37717957,
job_movie_info_info,movie_info.info,benchmarks/job/../../data/job/movie_info__info.csv,job-csv,utf8,NaiveVectorizedV2Wildcard,recursive,prefix-btree,prefix-btree,prefix_usa_200,USA:%200%,2,6674158,100000014,100000000,6674158,6674158,0,1,0,1990319999,1558029554,3199,14160071,23781830,37941901,935876,833915,294734,5.684897031206034,25.411304489056242,0.37941901,
job_movie_info_info,movie_info.info,benchmarks/job/../../data/job/movie_info__info.csv,job-csv,utf8,NaiveVectorizedV2Wildcard,recursive,prefix-btree,prefix-btree,prefix_usa_200,USA:%200%,3,6674158,100000014,100000000,6674158,6674158,0,1,0,1990319999,1558029554,3199,13712416,23599541,37311957,935876,833915,294734,5.590511492236174,25.216525479871265,0.37311957,
job_movie_info_info,movie_info.info,benchmarks/job/../../data/job/movie_info__info.csv,job-csv,utf8,NaiveVectorizedV2Wildcard,recursive,prefix-btree,prefix-btree,prefix_usa_200,USA:%200%,4,6674158,100000014,100000000,6674158,6674158,0,1,0,1990319999,1558029554,3199,13564763,24145775,37710538,935876,833915,294734,5.650231534824318,25.800186135770122,0.37710538,
job_movie_info_info,movie_info.info,benchmarks/job/../../data/job/movie_info__info.csv,job-csv,utf8,NaiveVectorizedV2Wildcard,recursive,qgram,full-scan,prefix_usa_200,USA:%200%,0,6674158,100000014,100000000,6674158,6674158,0,1,0,1990319999,2909990269,3199,649,49734858,49735507,6674158,5402091,294734,7.451952291210367,7.451855050479776,0.49735507,literal-shorter-than-qgram
job_movie_info_info,movie_info.info,benchmarks/job/../../data/job/movie_info__info.csv,job-csv,utf8,NaiveVectorizedV2Wildcard,recursive,qgram,full-scan,prefix_usa_200,USA:%200%,1,6674158,100000014,100000000,6674158,6674158,0,1,0,1990319999,2909990269,3199,130,49427997,49428127,6674158,5402091,294734,7.405897043492228,7.405877565379782,0.49428127,literal-shorter-than-qgram
job_movie_info_info,movie_info.info,benchmarks/job/../../data/job/movie_info__info.csv,job-csv,utf8,NaiveVectorizedV2Wildcard,recursive,qgram,full-scan,prefix_usa_200,USA:%200%,2,6674158,100000014,100000000,6674158,6674158,0,1,0,1990319999,2909990269,3199,130,48704357,48704487,6674158,5402091,294734,7.297472879725053,7.297453401612608,0.48704487,literal-shorter-than-qgram
job_movie_info_info,movie_info.info,benchmarks/job/../../data/job/movie_info__info.csv,job-csv,utf8,NaiveVectorizedV2Wildcard,recursive,qgram,full-scan,prefix_usa_200,USA:%200%,3,6674158,100000014,100000000,6674158,6674158,0,1,0,1990319999,2909990269,3199,110,48867905,48868015,6674158,5402091,294734,7.32197454720131,7.321958065721549,0.48868015,literal-shorter-than-qgram
job_movie_info_info,movie_info.info,benchmarks/job/../../data/job/movie_info__info.csv,job-csv,utf8,NaiveVectorizedV2Wildcard,recursive,qgram,full-scan,prefix_usa_200,USA:%200%,4,6674158,100000014,100000000,6674158,6674158,0,1,0,1990319999,2909990269,3199,110,49294813,49294923,6674158,5402091,294734,7.385938870491229,7.385922389011468,0.49294923,literal-shorter-than-qgram
job_movie_info_info,movie_info.info,benchmarks/job/../../data/job/movie_info__info.csv,job-csv,utf8,NaiveVectorizedV2Wildcard,recursive,trigram,trigram,prefix_usa_200,USA:%200%,0,6674158,100000014,100000000,6674158,6674158,0,1,0,1990319999,3626250845,3199,1703820,22862046,24565866,935876,833915,294734,3.6807438481378476,24.428499074663737,0.24565866,
job_movie_info_info,movie_info.info,benchmarks/job/../../data/job/movie_info__info.csv,job-csv,utf8,NaiveVectorizedV2Wildcard,recursive,trigram,trigram,prefix_usa_200,USA:%200%,1,6674158,100000014,100000000,6674158,6674158,0,1,0,1990319999,3626250845,3199,1560478,23047122,24607600,935876,833915,294734,3.6869969215592437,24.626256042467165,0.246076,
job_movie_info_info,movie_info.info,benchmarks/job/../../data/job/movie_info__info.csv,job-csv,utf8,NaiveVectorizedV2Wildcard,recursive,trigram,trigram,prefix_usa_200,USA:%200%,2,6674158,100000014,100000000,6674158,6674158,0,1,0,1990319999,3626250845,3199,1558949,23191582,24750531,935876,833915,294734,3.7084125068660345,24.78061409844894,0.24750531,
job_movie_info_info,movie_info.info,benchmarks/job/../../data/job/movie_info__info.csv,job-csv,utf8,NaiveVectorizedV2Wildcard,recursive,trigram,trigram,prefix_usa_200,USA:%200%,3,6674158,100000014,100000000,6674158,6674158,0,1,0,1990319999,3626250845,3199,1467066,22739151,24206217,935876,833915,294734,3.6268570507320925,24.29718360124632,0.24206217,
job_movie_info_info,movie_info.info,benchmarks/job/../../data/job/movie_info__info.csv,job-csv,utf8,NaiveVectorizedV2Wildcard,recursive,trigram,trigram,prefix_usa_200,USA:%200%,4,6674158,100000014,100000000,6674158,6674158,0,1,0,1990319999,3626250845,3199,1545441,22922646,24468087,935876,833915,294734,3.6660934607781237,24.493251242685997,0.24468087,
job_movie_info_info,movie_info.info,benchmarks/job/../../data/job/movie_info__info.csv,job-csv,utf8,NaiveVectorizedV2Wildcard,recursive,fm,fm,prefix_usa_2008,USA:%2008%,0,6674158,100000014,100000000,6674158,6674158,0,1,0,1990319999,281784236191,2860,2965485,4650480,7615965,135571,135355,45638,1.1411124819040843,34.30291138960397,0.07615965,
job_movie_info_info,movie_info.info,benchmarks/job/../../data/job/movie_info__info.csv,job-csv,utf8,NaiveVectorizedV2Wildcard,recursive,fm,fm,prefix_usa_2008,USA:%2008%,1,6674158,100000014,100000000,6674158,6674158,0,1,0,1990319999,281784236191,2860,2642929,4577235,7220164,135571,135355,45638,1.0818089712589962,33.762640977790234,0.07220164,
job_movie_info_info,movie_info.info,benchmarks/job/../../data/job/movie_info__info.csv,job-csv,utf8,NaiveVectorizedV2Wildcard,recursive,fm,fm,prefix_usa_2008,USA:%2008%,2,6674158,100000014,100000000,6674158,6674158,0,1,0,1990319999,281784236191,2860,2553946,4494451,7048397,135571,135355,45638,1.056072840948626,33.152008910460204,0.07048397,
job_movie_info_info,movie_info.info,benchmarks/job/../../data/job/movie_info__info.csv,job-csv,utf8,NaiveVectorizedV2Wildcard,recursive,fm,fm,prefix_usa_2008,USA:%2008%,3,6674158,100000014,100000000,6674158,6674158,0,1,0,1990319999,281784236191,2860,2522182,4818258,7340440,135571,135355,45638,1.0998301208931525,35.54047694565947,0.0734044,
job_movie_info_info,movie_info.info,benchmarks/job/../../data/job/movie_info__info.csv,job-csv,utf8,NaiveVectorizedV2Wildcard,recursive,fm,fm,prefix_usa_2008,USA:%2008%,4,6674158,100000014,100000000,6674158,6674158,0,1,0,1990319999,281784236191,2860,2810276,4789514,7599790,135571,135355,45638,1.1386889552210182,35.328455200596,0.0759979,
job_movie_info_info,movie_info.info,benchmarks/job/../../data/job/movie_info__info.csv,job-csv,utf8,NaiveVectorizedV2Wildcard,recursive,full-scan,full-scan,prefix_usa_2008,USA:%2008%,0,6674158,100000014,100000000,6674158,6674158,0,1,0,1990319999,0,2860,700,42978875,42979575,6674158,4607775,45638,6.439699959155896,6.439595077011962,0.42979575,
job_movie_info_info,movie_info.info,benchmarks/job/../../data/job/movie_info__info.csv,job-csv,utf8,NaiveVectorizedV2Wildcard,recursive,full-scan,full-scan,prefix_usa_2008,USA:%2008%,1,6674158,100000014,100000000,6674158,6674158,0,1,0,1990319999,0,2860,110,42489489,42489599,6674158,4607775,45638,6.366286054360715,6.366269572880953,0.42489599,
job_movie_info_info,movie_info.info,benchmarks/job/../../data/job/movie_info__info.csv,job-csv,utf8,NaiveVectorizedV2Wildcard,recursive,full-scan,full-scan,prefix_usa_2008,USA:%2008%,2,6674158,100000014,100000000,6674158,6674158,0,1,0,1990319999,0,2860,100,42935103,42935203,6674158,4607775,45638,6.4330516298835,6.433036646720081,0.42935203,
job_movie_info_info,movie_info.info,benchmarks/job/../../data/job/movie_info__info.csv,job-csv,utf8,NaiveVectorizedV2Wildcard,recursive,full-scan,full-scan,prefix_usa_2008,USA:%2008%,3,6674158,100000014,100000000,6674158,6674158,0,1,0,1990319999,0,2860,130,42612886,42613016,6674158,4607775,45638,6.38477782515787,6.384758347045425,0.42613016,
job_movie_info_info,movie_info.info,benchmarks/job/../../data/job/movie_info__info.csv,job-csv,utf8,NaiveVectorizedV2Wildcard,recursive,full-scan,full-scan,prefix_usa_2008,USA:%2008%,4,6674158,100000014,100000000,6674158,6674158,0,1,0,1990319999,0,2860,100,42369243,42369343,6674158,4607775,45638,6.348267901359242,6.348252918195823,0.42369343,
job_movie_info_info,movie_info.info,benchmarks/job/../../data/job/movie_info__info.csv,job-csv,utf8,NaiveVectorizedV2Wildcard,recursive,prefix-btree,prefix-btree,prefix_usa_2008,USA:%2008%,0,6674158,100000014,100000000,6674158,6674158,0,1,0,1990319999,1558029554,2860,13166123,19731182,32897305,935876,819018,45638,4.929056968684289,21.08311571191055,0.32897305,
job_movie_info_info,movie_info.info,benchmarks/job/../../data/job/movie_info__info.csv,job-csv,utf8,NaiveVectorizedV2Wildcard,recursive,prefix-btree,prefix-btree,prefix_usa_2008,USA:%2008%,1,6674158,100000014,100000000,6674158,6674158,0,1,0,1990319999,1558029554,2860,13024779,20083196,33107975,935876,819018,45638,4.960621999059657,21.459248874850942,0.33107975,
job_movie_info_info,movie_info.info,benchmarks/job/../../data/job/movie_info__info.csv,job-csv,utf8,NaiveVectorizedV2Wildcard,recursive,prefix-btree,prefix-btree,prefix_usa_2008,USA:%2008%,2,6674158,100000014,100000000,6674158,6674158,0,1,0,1990319999,1558029554,2860,12829759,19440767,32270526,935876,819018,45638,4.83514564683665,20.772802166098927,0.32270526,
job_movie_info_info,movie_info.info,benchmarks/job/../../data/job/movie_info__info.csv,job-csv,utf8,NaiveVectorizedV2Wildcard,recursive,prefix-btree,prefix-btree,prefix_usa_2008,USA:%2008%,3,6674158,100000014,100000000,6674158,6674158,0,1,0,1990319999,1558029554,2860,13320713,20242584,33563297,935876,819018,45638,5.028843638403526,21.629557761925724,0.33563297,
job_movie_info_info,movie_info.info,benchmarks/job/../../data/job/movie_info__info.csv,job-csv,utf8,NaiveVectorizedV2Wildcard,recursive,prefix-btree,prefix-btree,prefix_usa_2008,USA:%2008%,4,6674158,100000014,100000000,6674158,6674158,0,1,0,1990319999,1558029554,2860,13632492,20250353,33882845,935876,819018,45638,5.076722037446522,21.63785907534759,0.33882845,
job_movie_info_info,movie_info.info,benchmarks/job/../../data/job/movie_info__info.csv,job-csv,utf8,NaiveVectorizedV2Wildcard,recursive,qgram,full-scan,prefix_usa_2008,USA:%2008%,0,6674158,100000014,100000000,6674158,6674158,0,1,0,1990319999,2909990269,2860,530,43627369,43627899,6674158,4607775,45638,6.536839403562217,6.536759992796095,0.43627899,literal-shorter-than-qgram
job_movie_info_info,movie_info.info,benchmarks/job/../../data/job/movie_info__info.csv,job-csv,utf8,NaiveVectorizedV2Wildcard,recursive,qgram,full-scan,prefix_usa_2008,USA:%2008%,1,6674158,100000014,100000000,6674158,6674158,0,1,0,1990319999,2909990269,2860,160,43576708,43576868,6674158,4607775,45638,6.529193345437732,6.529169372376261,0.43576868,literal-shorter-than-qgram
job_movie_info_info,movie_info.info,benchmarks/job/../../data/job/movie_info__info.csv,job-csv,utf8,NaiveVectorizedV2Wildcard,recursive,qgram,full-scan,prefix_usa_2008,USA:%2008%,2,6674158,100000014,100000000,6674158,6674158,0,1,0,1990319999,2909990269,2860,100,43622643,43622743,6674158,4607775,45638,6.5360668716563195,6.5360518884929,0.43622743,literal-shorter-than-qgram
job_movie_info_info,movie_info.info,benchmarks/job/../../data/job/movie_info__info.csv,job-csv,utf8,NaiveVectorizedV2Wildcard,recursive,qgram,full-scan,prefix_usa_2008,USA:%2008%,3,6674158,100000014,100000000,6674158,6674158,0,1,0,1990319999,2909990269,2860,110,43235165,43235275,6674158,4607775,45638,6.478011908018959,6.477995426539198,0.43235275,literal-shorter-than-qgram
job_movie_info_info,movie_info.info,benchmarks/job/../../data/job/movie_info__info.csv,job-csv,utf8,NaiveVectorizedV2Wildcard,recursive,qgram,full-scan,prefix_usa_2008,USA:%2008%,4,6674158,100000014,100000000,6674158,6674158,0,1,0,1990319999,2909990269,2860,100,43634300,43634400,6674158,4607775,45638,6.537813459016103,6.537798475852684,0.436344,literal-shorter-than-qgram
job_movie_info_info,movie_info.info,benchmarks/job/../../data/job/movie_info__info.csv,job-csv,utf8,NaiveVectorizedV2Wildcard,recursive,trigram,trigram,prefix_usa_2008,USA:%2008%,0,6674158,100000014,100000000,6674158,6674158,0,1,0,1990319999,3626250845,2860,1133539,4504776,5638315,135572,135356,45638,0.8447979505429749,33.2279231699761,0.05638315,
job_movie_info_info,movie_info.info,benchmarks/job/../../data/job/movie_info__info.csv,job-csv,utf8,NaiveVectorizedV2Wildcard,recursive,trigram,trigram,prefix_usa_2008,USA:%2008%,1,6674158,100000014,100000000,6674158,6674158,0,1,0,1990319999,3626250845,2860,1125961,4656712,5782673,135572,135356,45638,0.8664273455917585,34.34862656005665,0.05782673,
job_movie_info_info,movie_info.info,benchmarks/job/../../data/job/movie_info__info.csv,job-csv,utf8,NaiveVectorizedV2Wildcard,recursive,trigram,trigram,prefix_usa_2008,USA:%2008%,2,6674158,100000014,100000000,6674158,6674158,0,1,0,1990319999,3626250845,2860,1106555,5496205,6602760,135572,135356,45638,0.9893023209819126,40.54085651904523,0.0660276,
job_movie_info_info,movie_info.info,benchmarks/job/../../data/job/movie_info__info.csv,job-csv,utf8,NaiveVectorizedV2Wildcard,recursive,trigram,trigram,prefix_usa_2008,USA:%2008%,3,6674158,100000014,100000000,6674158,6674158,0,1,0,1990319999,3626250845,2860,1616468,4599935,6216403,135572,135356,45638,0.93141382029014,33.929830643495706,0.06216403,
job_movie_info_info,movie_info.info,benchmarks/job/../../data/job/movie_info__info.csv,job-csv,utf8,NaiveVectorizedV2Wildcard,recursive,trigram,trigram,prefix_usa_2008,USA:%2008%,4,6674158,100000014,100000000,6674158,6674158,0,1,0,1990319999,3626250845,2860,1092478,4392049,5484527,135572,135356,45638,0.8217556431837544,32.396431416516684,0.05484527,
job_movie_info_info,movie_info.info,benchmarks/job/../../data/job/movie_info__info.csv,job-csv,utf8,NaiveVectorizedV2Wildcard,recursive,fm,fm,prefix_usa_201,USA:%201%,0,6674158,100000014,100000000,6674158,6674158,0,1,0,1990319999,281784236191,2499,20544115,22599979,43144094,935876,833915,227707,6.4643501097816385,24.14847586646094,0.43144094,
job_movie_info_info,movie_info.info,benchmarks/job/../../data/job/movie_info__info.csv,job-csv,utf8,NaiveVectorizedV2Wildcard,recursive,fm,fm,prefix_usa_201,USA:%201%,1,6674158,100000014,100000000,6674158,6674158,0,1,0,1990319999,281784236191,2499,19483200,23178938,42662138,935876,833915,227707,6.392137854692682,24.767103761609444,0.42662138,
job_movie_info_info,movie_info.info,benchmarks/job/../../data/job/movie_info__info.csv,job-csv,utf8,NaiveVectorizedV2Wildcard,recursive,fm,fm,prefix_usa_201,USA:%201%,2,6674158,100000014,100000000,6674158,6674158,0,1,0,1990319999,281784236191,2499,21413581,22264569,43678150,935876,833915,227707,6.544368593012033,23.7900843701516,0.4367815,
job_movie_info_info,movie_info.info,benchmarks/job/../../data/job/movie_info__info.csv,job-csv,utf8,NaiveVectorizedV2Wildcard,recursive,fm,fm,prefix_usa_201,USA:%201%,3,6674158,100000014,100000000,6674158,6674158,0,1,0,1990319999,281784236191,2499,19587118,21976812,41563930,935876,833915,227707,6.227591555369232,23.482610944184913,0.4156393,
job_movie_info_info,movie_info.info,benchmarks/job/../../data/job/movie_info__info.csv,job-csv,utf8,NaiveVectorizedV2Wildcard,recursive,fm,fm,prefix_usa_201,USA:%201%,4,6674158,100000014,100000000,6674158,6674158,0,1,0,1990319999,281784236191,2499,19593756,22271539,41865295,935876,833915,227707,6.272745565807702,23.797531937991785,0.41865295,
job_movie_info_info,movie_info.info,benchmarks/job/../../data/job/movie_info__info.csv,job-csv,utf8,NaiveVectorizedV2Wildcard,recursive,full-scan,full-scan,prefix_usa_201,USA:%201%,0,6674158,100000014,100000000,6674158,6674158,0,1,0,1990319999,0,2499,690,47979870,47980560,6674158,5402091,227707,7.189005714278865,7.188902330451272,0.4798056,
job_movie_info_info,movie_info.info,benchmarks/job/../../data/job/movie_info__info.csv,job-csv,utf8,NaiveVectorizedV2Wildcard,recursive,full-scan,full-scan,prefix_usa_201,USA:%201%,1,6674158,100000014,100000000,6674158,6674158,0,1,0,1990319999,0,2499,110,47922141,47922251,6674158,5402091,227707,7.180269181520726,7.180252700040964,0.47922251,
job_movie_info_info,movie_info.info,benchmarks/job/../../data/job/movie_info__info.csv,job-csv,utf8,NaiveVectorizedV2Wildcard,recursive,full-scan,full-scan,prefix_usa_201,USA:%201%,2,6674158,100000014,100000000,6674158,6674158,0,1,0,1990319999,0,2499,110,47814716,47814826,6674158,5402091,227707,7.164173518217579,7.164157036737818,0.47814826,
job_movie_info_info,movie_info.info,benchmarks/job/../../data/job/movie_info__info.csv,job-csv,utf8,NaiveVectorizedV2Wildcard,recursive,full-scan,full-scan,prefix_usa_201,USA:%201%,3,6674158,100000014,100000000,6674158,6674158,0,1,0,1990319999,0,2499,100,47749507,47749607,6674158,5402091,227707,7.154401648867168,7.154386665703749,0.47749607,
job_movie_info_info,movie_info.info,benchmarks/job/../../data/job/movie_info__info.csv,job-csv,utf8,NaiveVectorizedV2Wildcard,recursive,full-scan,full-scan,prefix_usa_201,USA:%201%,4,6674158,100000014,100000000,6674158,6674158,0,1,0,1990319999,0,2499,279,50482398,50482677,6674158,5402091,227707,7.563901993330095,7.563860190304156,0.50482677,
job_movie_info_info,movie_info.info,benchmarks/job/../../data/job/movie_info__info.csv,job-csv,utf8,NaiveVectorizedV2Wildcard,recursive,prefix-btree,prefix-btree,prefix_usa_201,USA:%201%,0,6674158,100000014,100000000,6674158,6674158,0,1,0,1990319999,1558029554,2499,14171786,23339112,37510898,935876,833915,227707,5.620319147374095,24.938252503536795,0.37510898,
job_movie_info_info,movie_info.info,benchmarks/job/../../data/job/movie_info__info.csv,job-csv,utf8,NaiveVectorizedV2Wildcard,recursive,prefix-btree,prefix-btree,prefix_usa_201,USA:%201%,1,6674158,100000014,100000000,6674158,6674158,0,1,0,1990319999,1558029554,2499,14455885,22354412,36810297,935876,833915,227707,5.515346954627086,23.886083199056284,0.36810297,
job_movie_info_info,movie_info.info,benchmarks/job/../../data/job/movie_info__info.csv,job-csv,utf8,NaiveVectorizedV2Wildcard,recursive,prefix-btree,prefix-btree,prefix_usa_201,USA:%201%,2,6674158,100000014,100000000,6674158,6674158,0,1,0,1990319999,1558029554,2499,13568646,22739997,36308643,935876,833915,227707,5.440183316007802,24.298087567156333,0.36308643,
job_movie_info_info,movie_info.info,benchmarks/job/../../data/job/movie_info__info.csv,job-csv,utf8,NaiveVectorizedV2Wildcard,recursive,prefix-btree,prefix-btree,prefix_usa_201,USA:%201%,3,6674158,100000014,100000000,6674158,6674158,0,1,0,1990319999,1558029554,2499,13578142,22899076,36477218,935876,833915,227707,5.465441183741829,24.46806628228526,0.36477218,
job_movie_info_info,movie_info.info,benchmarks/job/../../data/job/movie_info__info.csv,job-csv,utf8,NaiveVectorizedV2Wildcard,recursive,prefix-btree,prefix-btree,prefix_usa_201,USA:%201%,4,6674158,100000014,100000000,6674158,6674158,0,1,0,1990319999,1558029554,2499,13322946,22396942,35719888,935876,833915,227707,5.351969192218704,23.931527253610522,0.35719888,
job_movie_info_info,movie_info.info,benchmarks/job/../../data/job/movie_info__info.csv,job-csv,utf8,NaiveVectorizedV2Wildcard,recursive,qgram,full-scan,prefix_usa_201,USA:%201%,0,6674158,100000014,100000000,6674158,6674158,0,1,0,1990319999,2909990269,2499,460,55128149,55128609,6674158,5402091,227707,8.260009577238058,8.259940654686329,0.55128609,literal-shorter-than-qgram
job_movie_info_info,movie_info.info,benchmarks/job/../../data/job/movie_info__info.csv,job-csv,utf8,NaiveVectorizedV2Wildcard,recursive,qgram,full-scan,prefix_usa_201,USA:%201%,1,6674158,100000014,100000000,6674158,6674158,0,1,0,1990319999,2909990269,2499,100,47838018,47838118,6674158,5402091,227707,7.167663396641195,7.167648413477775,0.47838118,literal-shorter-than-qgram
job_movie_info_info,movie_info.info,benchmarks/job/../../data/job/movie_info__info.csv,job-csv,utf8,NaiveVectorizedV2Wildcard,recursive,qgram,full-scan,prefix_usa_201,USA:%201%,2,6674158,100000014,100000000,6674158,6674158,0,1,0,1990319999,2909990269,2499,110,48291336,48291446,6674158,5402091,227707,7.235586271706484,7.235569790226722,0.48291446,literal-shorter-than-qgram
job_movie_info_info,movie_info.info,benchmarks/job/../../data/job/movie_info__info.csv,job-csv,utf8,NaiveVectorizedV2Wildcard,recursive,qgram,full-scan,prefix_usa_201,USA:%201%,3,6674158,100000014,100000000,6674158,6674158,0,1,0,1990319999,2909990269,2499,120,49001592,49001712,6674158,5402091,227707,7.342006587197965,7.341988607401863,0.49001712,literal-shorter-than-qgram
job_movie_info_info,movie_info.info,benchmarks/job/../../data/job/movie_info__info.csv,job-csv,utf8,NaiveVectorizedV2Wildcard,recursive,qgram,full-scan,prefix_usa_201,USA:%201%,4,6674158,100000014,100000000,6674158,6674158,0,1,0,1990319999,2909990269,2499,110,48490151,48490261,6674158,5402091,227707,7.265375048058496,7.265358566578736,0.48490261,literal-shorter-than-qgram
job_movie_info_info,movie_info.info,benchmarks/job/../../data/job/movie_info__info.csv,job-csv,utf8,NaiveVectorizedV2Wildcard,recursive,trigram,trigram,prefix_usa_201,USA:%201%,0,6674158,100000014,100000000,6674158,6674158,0,1,0,1990319999,3626250845,2499,1633605,23089483,24723088,935876,833915,227707,3.7043006773288853,24.671519517542922,0.24723088,
job_movie_info_info,movie_info.info,benchmarks/job/../../data/job/movie_info__info.csv,job-csv,utf8,NaiveVectorizedV2Wildcard,recursive,trigram,trigram,prefix_usa_201,USA:%201%,1,6674158,100000014,100000000,6674158,6674158,0,1,0,1990319999,3626250845,2499,1571849,22642708,24214557,935876,833915,227707,3.628106646561259,24.194132556022378,0.24214557,
job_movie_info_info,movie_info.info,benchmarks/job/../../data/job/movie_info__info.csv,job-csv,utf8,NaiveVectorizedV2Wildcard,recursive,trigram,trigram,prefix_usa_201,USA:%201%,2,6674158,100000014,100000000,6674158,6674158,0,1,0,1990319999,3626250845,2499,1773853,23279312,25053165,935876,833915,227707,3.7537566536482956,24.874355149613837,0.25053165,
job_movie_info_info,movie_info.info,benchmarks/job/../../data/job/movie_info__info.csv,job-csv,utf8,NaiveVectorizedV2Wildcard,recursive,trigram,trigram,prefix_usa_201,USA:%201%,3,6674158,100000014,100000000,6674158,6674158,0,1,0,1990319999,3626250845,2499,1601122,22859029,24460151,935876,833915,227707,3.664904396929171,24.425275356991737,0.24460151,
job_movie_info_info,movie_info.info,benchmarks/job/../../data/job/movie_info__info.csv,job-csv,utf8,NaiveVectorizedV2Wildcard,recursive,trigram,trigram,prefix_usa_201,USA:%201%,4,6674158,100000014,100000000,6674158,6674158,0,1,0,1990319999,3626250845,2499,1544646,23321081,24865727,935876,833915,227707,3.725672511798492,24.91898606225611,0.24865727,
job_movie_info_info,movie_info.info,benchmarks/job/../../data/job/movie_info__info.csv,job-csv,utf8,StdSearch,recursive,fm,fm,prefix_japan_200,Japan:%200%,0,6674158,100000014,100000000,6674158,6674158,0,1,0,1990319999,281784236191,2530,2708649,5627050,8335699,130031,118510,54763,1.2489514033081026,43.27468065307504,0.08335699,
job_movie_info_info,movie_info.info,benchmarks/job/../../data/job/movie_info__info.csv,job-csv,utf8,StdSearch,recursive,fm,fm,prefix_japan_200,Japan:%200%,1,6674158,100000014,100000000,6674158,6674158,0,1,0,1990319999,281784236191,2530,2700221,5765688,8465909,130031,118510,54763,1.2684609803963287,44.34087256115849,0.08465909,
job_movie_info_info,movie_info.info,benchmarks/job/../../data/job/movie_info__info.csv,job-csv,utf8,StdSearch,recursive,fm,fm,prefix_japan_200,Japan:%200%,2,6674158,100000014,100000000,6674158,6674158,0,1,0,1990319999,281784236191,2530,2684305,5636697,8321002,130031,118510,54763,1.2467493277803732,43.34887065392099,0.08321002,
job_movie_info_info,movie_info.info,benchmarks/job/../../data/job/movie_info__info.csv,job-csv,utf8,StdSearch,recursive,fm,fm,prefix_japan_200,Japan:%200%,3,6674158,100000014,100000000,6674158,6674158,0,1,0,1990319999,281784236191,2530,3010430,5562973,8573403,130031,118510,54763,1.2845669820822343,42.781898162745804,0.08573403,
job_movie_info_info,movie_info.info,benchmarks/job/../../data/job/movie_info__info.csv,job-csv,utf8,StdSearch,recursive,fm,fm,prefix_japan_200,Japan:%200%,4,6674158,100000014,100000000,6674158,6674158,0,1,0,1990319999,281784236191,2530,2555783,5705322,8261105,130031,118510,54763,1.2377748623871356,43.87662941913851,0.08261105,
job_movie_info_info,movie_info.info,benchmarks/job/../../data/job/movie_info__info.csv,job-csv,utf8,StdSearch,recursive,full-scan,full-scan,prefix_japan_200,Japan:%200%,0,6674158,100000014,100000000,6674158,6674158,0,1,0,1990319999,0,2530,1049,31175042,31176091,6674158,4439405,54763,4.671164662269009,4.67100748888474,0.31176091,
job_movie_info_info,movie_info.info,benchmarks/job/../../data/job/movie_info__info.csv,job-csv,utf8,StdSearch,recursive,full-scan,full-scan,prefix_japan_200,Japan:%200%,1,6674158,100000014,100000000,6674158,6674158,0,1,0,1990319999,0,2530,140,31790947,31791087,6674158,4439405,54763,4.763310517970956,4.763289541542169,0.31791087,
job_movie_info_info,movie_info.info,benchmarks/job/../../data/job/movie_info__info.csv,job-csv,utf8,StdSearch,recursive,full-scan,full-scan,prefix_japan_200,Japan:%200%,2,6674158,100000014,100000000,6674158,6674158,0,1,0,1990319999,0,2530,110,31724795,31724905,6674158,4439405,54763,4.753394360756817,4.753377879277056,0.31724905,
job_movie_info_info,movie_info.info,benchmarks/job/../../data/job/movie_info__info.csv,job-csv,utf8,StdSearch,recursive,full-scan,full-scan,prefix_japan_200,Japan:%200%,3,6674158,100000014,100000000,6674158,6674158,0,1,0,1990319999,0,2530,110,31711396,31711506,6674158,4439405,54763,4.7513867666902705,4.751370285210509,0.31711506,
job_movie_info_info,movie_info.info,benchmarks/job/../../data/job/movie_info__info.csv,job-csv,utf8,StdSearch,recursive,full-scan,full-scan,prefix_japan_200,Japan:%200%,4,6674158,100000014,100000000,6674158,6674158,0,1,0,1990319999,0,2530,120,30740181,30740301,6674158,4439405,54763,4.6058695344041904,4.605851554608087,0.30740301,
job_movie_info_info,movie_info.info,benchmarks/job/../../data/job/movie_info__info.csv,job-csv,utf8,StdSearch,recursive,prefix-btree,prefix-btree,prefix_japan_200,Japan:%200%,0,6674158,100000014,100000000,6674158,6674158,0,1,0,1990319999,1558029554,2530,2135610,5989686,8125296,130031,118510,54763,1.2174263779790648,46.063523313671354,0.08125296,
job_movie_info_info,movie_info.info,benchmarks/job/../../data/job/movie_info__info.csv,job-csv,utf8,StdSearch,recursive,prefix-btree,prefix-btree,prefix_japan_200,Japan:%200%,1,6674158,100000014,100000000,6674158,6674158,0,1,0,1990319999,1558029554,2530,2371816,5714050,8085866,130031,118510,54763,1.2115185166428484,43.943751874552994,0.08085866,
job_movie_info_info,movie_info.info,benchmarks/job/../../data/job/movie_info__info.csv,job-csv,utf8,StdSearch,recursive,prefix-btree,prefix-btree,prefix_japan_200,Japan:%200%,2,6674158,100000014,100000000,6674158,6674158,0,1,0,1990319999,1558029554,2530,2228709,6017960,8246669,130031,118510,54763,1.2356118929159303,46.280963770177884,0.08246669,
job_movie_info_info,movie_info.info,benchmarks/job/../../data/job/movie_info__info.csv,job-csv,utf8,StdSearch,recursive,prefix-btree,prefix-btree,prefix_japan_200,Japan:%200%,3,6674158,100000014,100000000,6674158,6674158,0,1,0,1990319999,1558029554,2530,2239936,5873132,8113068,130031,118510,54763,1.2155942367561572,45.16716782920996,0.08113068,
job_movie_info_info,movie_info.info,benchmarks/job/../../data/job/movie_info__info.csv,job-csv,utf8,StdSearch,recursive,prefix-btree,prefix-btree,prefix_japan_200,Japan:%200%,4,6674158,100000014,100000000,6674158,6674158,0,1,0,1990319999,1558029554,2530,2258671,5863955,8122626,130031,118510,54763,1.2170263275157704,45.096592351054746,0.08122626,
job_movie_info_info,movie_info.info,benchmarks/job/../../data/job/movie_info__info.csv,job-csv,utf8,StdSearch,recursive,qgram,full-scan,prefix_japan_200,Japan:%200%,0,6674158,100000014,100000000,6674158,6674158,0,1,0,1990319999,2909990269,2530,480,30342057,30342537,6674158,4439405,54763,4.546271904261181,4.546199985076769,0.30342537,literal-shorter-than-qgram
job_movie_info_info,movie_info.info,benchmarks/job/../../data/job/movie_info__info.csv,job-csv,utf8,StdSearch,recursive,qgram,full-scan,prefix_japan_200,Japan:%200%,1,6674158,100000014,100000000,6674158,6674158,0,1,0,1990319999,2909990269,2530,110,31102424,31102534,6674158,4439405,54763,4.660143496752699,4.660127015272938,0.31102534,literal-shorter-than-qgram
job_movie_info_info,movie_info.info,benchmarks/job/../../data/job/movie_info__info.csv,job-csv,utf8,StdSearch,recursive,qgram,full-scan,prefix_japan_200,Japan:%200%,2,6674158,100000014,100000000,6674158,6674158,0,1,0,1990319999,2909990269,2530,170,31488006,31488176,6674158,4439405,54763,4.7179248678260235,4.717899396448211,0.31488176,literal-shorter-than-qgram
job_movie_info_info,movie_info.info,benchmarks/job/../../data/job/movie_info__info.csv,job-csv,utf8,StdSearch,recursive,qgram,full-scan,prefix_japan_200,Japan:%200%,3,6674158,100000014,100000000,6674158,6674158,0,1,0,1990319999,2909990269,2530,109,31180760,31180869,6674158,4439405,54763,4.671880557817181,4.6718642261690535,0.31180869,literal-shorter-than-qgram
job_movie_info_info,movie_info.info,benchmarks/job/../../data/job/movie_info__info.csv,job-csv,utf8,StdSearch,recursive,qgram,full-scan,prefix_japan_200,Japan:%200%,4,6674158,100000014,100000000,6674158,6674158,0,1,0,1990319999,2909990269,2530,100,35945668,35945768,6674158,4439405,54763,5.385813161750141,5.385798178586722,0.35945768,literal-shorter-than-qgram
job_movie_info_info,movie_info.info,benchmarks/job/../../data/job/movie_info__info.csv,job-csv,utf8,StdSearch,recursive,trigram,trigram,prefix_japan_200,Japan:%200%,0,6674158,100000014,100000000,6674158,6674158,0,1,0,1990319999,3626250845,2530,532798,5685784,6218582,130031,118510,54763,0.9317403034210457,43.72637294183695,0.06218582,
job_movie_info_info,movie_info.info,benchmarks/job/../../data/job/movie_info__info.csv,job-csv,utf8,StdSearch,recursive,trigram,trigram,prefix_japan_200,Japan:%200%,1,6674158,100000014,100000000,6674158,6674158,0,1,0,1990319999,3626250845,2530,513632,5577041,6090673,130031,118510,54763,0.9125754889230971,42.89008774830617,0.06090673,
job_movie_info_info,movie_info.info,benchmarks/job/../../data/job/movie_info__info.csv,job-csv,utf8,StdSearch,recursive,trigram,trigram,prefix_japan_200,Japan:%200%,2,6674158,100000014,100000000,6674158,6674158,0,1,0,1990319999,3626250845,2530,513662,6259137,6772799,130031,118510,54763,1.014779542228398,48.1357291722743,0.06772799,
job_movie_info_info,movie_info.info,benchmarks/job/../../data/job/movie_info__info.csv,job-csv,utf8,StdSearch,recursive,trigram,trigram,prefix_japan_200,Japan:%200%,3,6674158,100000014,100000000,6674158,6674158,0,1,0,1990319999,3626250845,2530,585806,6374645,6960451,130031,118510,54763,1.0428957480479186,49.024040421130344,0.06960451,
job_movie_info_info,movie_info.info,benchmarks/job/../../data/job/movie_info__info.csv,job-csv,utf8,StdSearch,recursive,trigram,trigram,prefix_japan_200,Japan:%200%,4,6674158,100000014,100000000,6674158,6674158,0,1,0,1990319999,3626250845,2530,600742,6029407,6630149,130031,118510,54763,0.9934060596108153,46.368996623882,0.06630149,
job_movie_info_info,movie_info.info,benchmarks/job/../../data/job/movie_info__info.csv,job-csv,utf8,StdSearch,recursive,fm,fm,prefix_japan_2007,Japan:%2007%,0,6674158,100000014,100000000,6674158,6674158,0,1,0,1990319999,281784236191,3619,2803067,5452370,8255437,130031,116066,8501,1.2369256166845315,41.931308687928265,0.08255437,
job_movie_info_info,movie_info.info,benchmarks/job/../../data/job/movie_info__info.csv,job-csv,utf8,StdSearch,recursive,fm,fm,prefix_japan_2007,Japan:%2007%,1,6674158,100000014,100000000,6674158,6674158,0,1,0,1990319999,281784236191,3619,2772964,5287177,8060141,130031,116066,8501,1.2076640978532422,40.66089624781783,0.08060141,
job_movie_info_info,movie_info.info,benchmarks/job/../../data/job/movie_info__info.csv,job-csv,utf8,StdSearch,recursive,fm,fm,prefix_japan_2007,Japan:%2007%,2,6674158,100000014,100000000,6674158,6674158,0,1,0,1990319999,281784236191,3619,3461496,5639007,9100503,130031,116066,8501,1.363543236465184,43.366635648422296,0.09100503,
job_movie_info_info,movie_info.info,benchmarks/job/../../data/job/movie_info__info.csv,job-csv,utf8,StdSearch,recursive,fm,fm,prefix_japan_2007,Japan:%2007%,3,6674158,100000014,100000000,6674158,6674158,0,1,0,1990319999,281784236191,3619,2471853,5052851,7524704,130031,116066,8501,1.1274386971360282,38.85881828179434,0.07524704,
job_movie_info_info,movie_info.info,benchmarks/job/../../data/job/movie_info__info.csv,job-csv,utf8,StdSearch,recursive,fm,fm,prefix_japan_2007,Japan:%2007%,4,6674158,100000014,100000000,6674158,6674158,0,1,0,1990319999,281784236191,3619,2600164,5242208,7842372,130031,116066,8501,1.1750354127067415,40.315063331051824,0.07842372,
job_movie_info_info,movie_info.info,benchmarks/job/../../data/job/movie_info__info.csv,job-csv,utf8,StdSearch,recursive,full-scan,full-scan,prefix_japan_2007,Japan:%2007%,0,6674158,100000014,100000000,6674158,6674158,0,1,0,1990319999,0,3619,480,27879735,27880215,6674158,3725759,8501,4.177338175092649,4.177266255908236,0.27880215,
job_movie_info_info,movie_info.info,benchmarks/job/../../data/job/movie_info__info.csv,job-csv,utf8,StdSearch,recursive,full-scan,full-scan,prefix_japan_2007,Japan:%2007%,1,6674158,100000014,100000000,6674158,6674158,0,1,0,1990319999,0,3619,110,28304657,28304767,6674158,3725759,8501,4.240949495052409,4.240933013572649,0.28304767,
job_movie_info_info,movie_info.info,benchmarks/job/../../data/job/movie_info__info.csv,job-csv,utf8,StdSearch,recursive,full-scan,full-scan,prefix_japan_2007,Japan:%2007%,2,6674158,100000014,100000000,6674158,6674158,0,1,0,1990319999,0,3619,110,28345069,28345179,6674158,3725759,8501,4.247004491053404,4.246988009573642,0.28345179,
job_movie_info_info,movie_info.info,benchmarks/job/../../data/job/movie_info__info.csv,job-csv,utf8,StdSearch,recursive,full-scan,full-scan,prefix_japan_2007,Japan:%2007%,3,6674158,100000014,100000000,6674158,6674158,0,1,0,1990319999,0,3619,110,28224978,28225088,6674158,3725759,8501,4.2290110602715725,4.228994578791812,0.28225088,
job_movie_info_info,movie_info.info,benchmarks/job/../../data/job/movie_info__info.csv,job-csv,utf8,StdSearch,recursive,full-scan,full-scan,prefix_japan_2007,Japan:%2007%,4,6674158,100000014,100000000,6674158,6674158,0,1,0,1990319999,0,3619,160,28266118,28266278,6674158,3725759,8501,4.235182625283969,4.2351586522224975,0.28266278,
job_movie_info_info,movie_info.info,benchmarks/job/../../data/job/movie_info__info.csv,job-csv,utf8,StdSearch,recursive,prefix-btree,prefix-btree,prefix_japan_2007,Japan:%2007%,0,6674158,100000014,100000000,6674158,6674158,0,1,0,1990319999,1558029554,3619,2067412,4997033,7064445,130031,116066,8501,1.0584773390141498,38.429551414662654,0.07064445,
job_movie_info_info,movie_info.info,benchmarks/job/../../data/job/movie_info__info.csv,job-csv,utf8,StdSearch,recursive,prefix-btree,prefix-btree,prefix_japan_2007,Japan:%2007%,1,6674158,100000014,100000000,6674158,6674158,0,1,0,1990319999,1558029554,3619,2029222,5223787,7253009,130031,116066,8501,1.0867301912840541,40.173397112996135,0.07253009,
job_movie_info_info,movie_info.info,benchmarks/job/../../data/job/movie_info__info.csv,job-csv,utf8,StdSearch,recursive,prefix-btree,prefix-btree,prefix_japan_2007,Japan:%2007%,2,6674158,100000014,100000000,6674158,6674158,0,1,0,1990319999,1558029554,3619,2162969,5076683,7239652,130031,116066,8501,1.0847288901461427,39.04209765363644,0.07239652,
job_movie_info_info,movie_info.info,benchmarks/job/../../data/job/movie_info__info.csv,job-csv,utf8,StdSearch,recursive,prefix-btree,prefix-btree,prefix_japan_2007,Japan:%2007%,3,6674158,100000014,100000000,6674158,6674158,0,1,0,1990319999,1558029554,3619,2141014,5103896,7244910,130031,116066,8501,1.0855167048787278,39.25137851743046,0.0724491,
job_movie_info_info,movie_info.info,benchmarks/job/../../data/job/movie_info__info.csv,job-csv,utf8,StdSearch,recursive,prefix-btree,prefix-btree,prefix_japan_2007,Japan:%2007%,4,6674158,100000014,100000000,6674158,6674158,0,1,0,1990319999,1558029554,3619,2071191,5030774,7101965,130031,116066,8501,1.0640990219290583,38.689035691488954,0.07101965,
job_movie_info_info,movie_info.info,benchmarks/job/../../data/job/movie_info__info.csv,job-csv,utf8,StdSearch,recursive,qgram,full-scan,prefix_japan_2007,Japan:%2007%,0,6674158,100000014,100000000,6674158,6674158,0,1,0,1990319999,2909990269,3619,890,28345458,28346348,6674158,3725759,8501,4.247179644233775,4.247046294079343,0.28346348,literal-shorter-than-qgram
job_movie_info_info,movie_info.info,benchmarks/job/../../data/job/movie_info__info.csv,job-csv,utf8,StdSearch,recursive,qgram,full-scan,prefix_japan_2007,Japan:%2007%,1,6674158,100000014,100000000,6674158,6674158,0,1,0,1990319999,2909990269,3619,110,39544288,39544398,6674158,3725759,8501,5.925001775504866,5.924985294025104,0.39544398,literal-shorter-than-qgram
job_movie_info_info,movie_info.info,benchmarks/job/../../data/job/movie_info__info.csv,job-csv,utf8,StdSearch,recursive,qgram,full-scan,prefix_japan_2007,Japan:%2007%,2,6674158,100000014,100000000,6674158,6674158,0,1,0,1990319999,2909990269,3619,100,30381708,30381808,6674158,3725759,8501,4.552155942367562,4.552140959204142,0.30381808,literal-shorter-than-qgram
job_movie_info_info,movie_info.info,benchmarks/job/../../data/job/movie_info__info.csv,job-csv,utf8,StdSearch,recursive,qgram,full-scan,prefix_japan_2007,Japan:%2007%,3,6674158,100000014,100000000,6674158,6674158,0,1,0,1990319999,2909990269,3619,100,27904887,27904987,6674158,3725759,8501,4.181049804334869,4.181034821171449,0.27904987,literal-shorter-than-qgram
job_movie_info_info,movie_info.info,benchmarks/job/../../data/job/movie_info__info.csv,job-csv,utf8,StdSearch,recursive,qgram,full-scan,prefix_japan_2007,Japan:%2007%,4,6674158,100000014,100000000,6674158,6674158,0,1,0,1990319999,2909990269,3619,100,28004430,28004530,6674158,3725759,8501,4.195964494697309,4.19594951153389,0.2800453,literal-shorter-than-qgram
job_movie_info_info,movie_info.info,benchmarks/job/../../data/job/movie_info__info.csv,job-csv,utf8,StdSearch,recursive,trigram,trigram,prefix_japan_2007,Japan:%2007%,0,6674158,100000014,100000000,6674158,6674158,0,1,0,1990319999,3626250845,3619,500537,5458630,5959167,130031,116066,8501,0.8928717300369575,41.97945105397944,0.05959167,
job_movie_info_info,movie_info.info,benchmarks/job/../../data/job/movie_info__info.csv,job-csv,utf8,StdSearch,recursive,trigram,trigram,prefix_japan_2007,Japan:%2007%,1,6674158,100000014,100000000,6674158,6674158,0,1,0,1990319999,3626250845,3619,553204,5110225,5663429,130031,116066,8501,0.8485608222040892,39.30005152617453,0.05663429,
job_movie_info_info,movie_info.info,benchmarks/job/../../data/job/movie_info__info.csv,job-csv,utf8,StdSearch,recursive,trigram,trigram,prefix_japan_2007,Japan:%2007%,2,6674158,100000014,100000000,6674158,6674158,0,1,0,1990319999,3626250845,3619,491450,5033644,5525094,130031,116066,8501,0.827833863088048,38.71110735132392,0.05525094,
job_movie_info_info,movie_info.info,benchmarks/job/../../data/job/movie_info__info.csv,job-csv,utf8,StdSearch,recursive,trigram,trigram,prefix_japan_2007,Japan:%2007%,3,6674158,100000014,100000000,6674158,6674158,0,1,0,1990319999,3626250845,3619,524512,5135788,5660300,130031,116066,8501,0.8480919990207004,39.49664310818189,0.056603,
job_movie_info_info,movie_info.info,benchmarks/job/../../data/job/movie_info__info.csv,job-csv,utf8,StdSearch,recursive,trigram,trigram,prefix_japan_2007,Japan:%2007%,4,6674158,100000014,100000000,6674158,6674158,0,1,0,1990319999,3626250845,3619,514014,5065520,5579534,130031,116066,8501,0.8359906972534963,38.95624889449439,0.05579534,
job_movie_info_info,movie_info.info,benchmarks/job/../../data/job/movie_info__info.csv,job-csv,utf8,StdSearch,recursive,fm,fm,prefix_japan_201,Japan:%201%,0,6674158,100000014,100000000,6674158,6674158,0,1,0,1990319999,281784236191,2429,2810860,5463818,8274678,130031,118510,23878,1.2398085271580326,42.01934923210619,0.08274678,
job_movie_info_info,movie_info.info,benchmarks/job/../../data/job/movie_info__info.csv,job-csv,utf8,StdSearch,recursive,fm,fm,prefix_japan_201,Japan:%201%,1,6674158,100000014,100000000,6674158,6674158,0,1,0,1990319999,281784236191,2429,2594253,5461948,8056201,130031,118510,23878,1.2070737612145233,42.004968046081316,0.08056201,
job_movie_info_info,movie_info.info,benchmarks/job/../../data/job/movie_info__info.csv,job-csv,utf8,StdSearch,recursive,fm,fm,prefix_japan_201,Japan:%201%,2,6674158,100000014,100000000,6674158,6674158,0,1,0,1990319999,281784236191,2429,2848190,5542558,8390748,130031,118510,23878,1.2571994849387742,42.62489713991279,0.08390748,
job_movie_info_info,movie_info.info,benchmarks/job/../../data/job/movie_info__info.csv,job-csv,utf8,StdSearch,recursive,fm,fm,prefix_japan_201,Japan:%201%,3,6674158,100000014,100000000,6674158,6674158,0,1,0,1990319999,281784236191,2429,2856858,5517946,8374804,130031,118510,23878,1.2548105693632066,42.43561919849882,0.08374804,
job_movie_info_info,movie_info.info,benchmarks/job/../../data/job/movie_info__info.csv,job-csv,utf8,StdSearch,recursive,fm,fm,prefix_japan_201,Japan:%201%,4,6674158,100000014,100000000,6674158,6674158,0,1,0,1990319999,281784236191,2429,2494128,5371801,7865929,130031,118510,23878,1.178564996513418,41.311694903523005,0.07865929,
job_movie_info_info,movie_info.info,benchmarks/job/../../data/job/movie_info__info.csv,job-csv,utf8,StdSearch,recursive,full-scan,full-scan,prefix_japan_201,Japan:%201%,0,6674158,100000014,100000000,6674158,6674158,0,1,0,1990319999,0,2429,529,29634452,29634981,6674158,4439405,23878,4.440257632498362,4.440178371563873,0.29634981,
job_movie_info_info,movie_info.info,benchmarks/job/../../data/job/movie_info__info.csv,job-csv,utf8,StdSearch,recursive,full-scan,full-scan,prefix_japan_201,Japan:%201%,1,6674158,100000014,100000000,6674158,6674158,0,1,0,1990319999,0,2429,130,30028333,30028463,6674158,4439405,23878,4.499213683583757,4.499194205471312,0.30028463,
job_movie_info_info,movie_info.info,benchmarks/job/../../data/job/movie_info__info.csv,job-csv,utf8,StdSearch,recursive,full-scan,full-scan,prefix_japan_201,Japan:%201%,2,6674158,100000014,100000000,6674158,6674158,0,1,0,1990319999,0,2429,140,30187806,30187946,6674158,4439405,23878,4.523109282099704,4.5230883056709175,0.30187946,
job_movie_info_info,movie_info.info,benchmarks/job/../../data/job/movie_info__info.csv,job-csv,utf8,StdSearch,recursive,full-scan,full-scan,prefix_japan_201,Japan:%201%,3,6674158,100000014,100000000,6674158,6674158,0,1,0,1990319999,0,2429,100,30679445,30679545,6674158,4439405,23878,4.5967663636371805,4.596751380473761,0.30679545,
job_movie_info_info,movie_info.info,benchmarks/job/../../data/job/movie_info__info.csv,job-csv,utf8,StdSearch,recursive,full-scan,full-scan,prefix_japan_201,Japan:%201%,4,6674158,100000014,100000000,6674158,6674158,0,1,0,1990319999,0,2429,110,30210740,30210850,6674158,4439405,23878,4.526541025849253,4.526524544369492,0.3021085,
job_movie_info_info,movie_info.info,benchmarks/job/../../data/job/movie_info__info.csv,job-csv,utf8,StdSearch,recursive,prefix-btree,prefix-btree,prefix_japan_201,Japan:%201%,0,6674158,100000014,100000000,6674158,6674158,0,1,0,1990319999,1558029554,2429,2117960,5542569,7660529,130031,118510,23878,1.147789578850246,42.6249817351247,0.07660529,
job_movie_info_info,movie_info.info,benchmarks/job/../../data/job/movie_info__info.csv,job-csv,utf8,StdSearch,recursive,prefix-btree,prefix-btree,prefix_japan_201,Japan:%201%,1,6674158,100000014,100000000,6674158,6674158,0,1,0,1990319999,1558029554,2429,2271143,5510496,7781639,130031,118510,23878,1.1659356880673188,42.378325168613635,0.07781639,
job_movie_info_info,movie_info.info,benchmarks/job/../../data/job/movie_info__info.csv,job-csv,utf8,StdSearch,recursive,prefix-btree,prefix-btree,prefix_japan_201,Japan:%201%,2,6674158,100000014,100000000,6674158,6674158,0,1,0,1990319999,1558029554,2429,2082088,5241442,7323530,130031,118510,23878,1.0972964679589545,40.30917242811329,0.0732353,
job_movie_info_info,movie_info.info,benchmarks/job/../../data/job/movie_info__info.csv,job-csv,utf8,StdSearch,recursive,prefix-btree,prefix-btree,prefix_japan_201,Japan:%201%,3,6674158,100000014,100000000,6674158,6674158,0,1,0,1990319999,1558029554,2429,2090187,5331221,7421408,130031,118510,23878,1.1119616886504635,40.99961547630949,0.07421408,
job_movie_info_info,movie_info.info,benchmarks/job/../../data/job/movie_info__info.csv,job-csv,utf8,StdSearch,recursive,prefix-btree,prefix-btree,prefix_japan_201,Japan:%201%,4,6674158,100000014,100000000,6674158,6674158,0,1,0,1990319999,1558029554,2429,2119029,5430947,7549976,130031,118510,23878,1.131225242195345,41.76655566749467,0.07549976,
job_movie_info_info,movie_info.info,benchmarks/job/../../data/job/movie_info__info.csv,job-csv,utf8,StdSearch,recursive,qgram,full-scan,prefix_japan_201,Japan:%201%,0,6674158,100000014,100000000,6674158,6674158,0,1,0,1990319999,2909990269,2429,729,30767574,30768303,6674158,4439405,23878,4.610065119824853,4.6099558925635264,0.30768303,literal-shorter-than-qgram
job_movie_info_info,movie_info.info,benchmarks/job/../../data/job/movie_info__info.csv,job-csv,utf8,StdSearch,recursive,qgram,full-scan,prefix_japan_201,Japan:%201%,1,6674158,100000014,100000000,6674158,6674158,0,1,0,1990319999,2909990269,2429,120,31863354,31863474,6674158,4439405,23878,4.77415638047526,4.774138400679157,0.31863474,literal-shorter-than-qgram
job_movie_info_info,movie_info.info,benchmarks/job/../../data/job/movie_info__info.csv,job-csv,utf8,StdSearch,recursive,qgram,full-scan,prefix_japan_201,Japan:%201%,2,6674158,100000014,100000000,6674158,6674158,0,1,0,1990319999,2909990269,2429,339,32750517,32750856,6674158,4439405,23878,4.907114275688409,4.907063482764418,0.32750856,literal-shorter-than-qgram
job_movie_info_info,movie_info.info,benchmarks/job/../../data/job/movie_info__info.csv,job-csv,utf8,StdSearch,recursive,qgram,full-scan,prefix_japan_201,Japan:%201%,3,6674158,100000014,100000000,6674158,6674158,0,1,0,1990319999,2909990269,2429,110,30814142,30814252,6674158,4439405,23878,4.616949733584371,4.6169332521046105,0.30814252,literal-shorter-than-qgram
job_movie_info_info,movie_info.info,benchmarks/job/../../data/job/movie_info__info.csv,job-csv,utf8,StdSearch,recursive,qgram,full-scan,prefix_japan_201,Japan:%201%,4,6674158,100000014,100000000,6674158,6674158,0,1,0,1990319999,2909990269,2429,110,31310170,31310280,6674158,4439405,23878,4.691270419429687,4.691253937949925,0.3131028,literal-shorter-than-qgram
job_movie_info_info,movie_info.info,benchmarks/job/../../data/job/movie_info__info.csv,job-csv,utf8,StdSearch,recursive,trigram,trigram,prefix_japan_201,Japan:%201%,0,6674158,100000014,100000000,6674158,6674158,0,1,0,1990319999,3626250845,2429,562679,5567824,6130503,130031,118510,23878,0.9185432829129907,42.81920465119856,0.06130503,
job_movie_info_info,movie_info.info,benchmarks/job/../../data/job/movie_info__info.csv,job-csv,utf8,StdSearch,recursive,trigram,trigram,prefix_japan_201,Japan:%201%,1,6674158,100000014,100000000,6674158,6674158,0,1,0,1990319999,3626250845,2429,691635,5568994,6260629,130031,118510,23878,0.9380402741439444,42.82820250555637,0.06260629,
job_movie_info_info,movie_info.info,benchmarks/job/../../data/job/movie_info__info.csv,job-csv,utf8,StdSearch,recursive,trigram,trigram,prefix_japan_201,Japan:%201%,2,6674158,100000014,100000000,6674158,6674158,0,1,0,1990319999,3626250845,2429,520841,5570665,6091506,130031,118510,23878,0.9127002986743796,42.84105328729303,0.06091506,
job_movie_info_info,movie_info.info,benchmarks/job/../../data/job/movie_info__info.csv,job-csv,utf8,StdSearch,recursive,trigram,trigram,prefix_japan_201,Japan:%201%,3,6674158,100000014,100000000,6674158,6674158,0,1,0,1990319999,3626250845,2429,560229,5597170,6157399,130031,118510,23878,0.9225731545462363,43.0448892956295,0.06157399,
job_movie_info_info,movie_info.info,benchmarks/job/../../data/job/movie_info__info.csv,job-csv,utf8,StdSearch,recursive,trigram,trigram,prefix_japan_201,Japan:%201%,4,6674158,100000014,100000000,6674158,6674158,0,1,0,1990319999,3626250845,2429,497067,5415804,5912871,130031,118510,23878,0.8859351247003742,41.65009882258846,0.05912871,
job_movie_info_info,movie_info.info,benchmarks/job/../../data/job/movie_info__info.csv,job-csv,utf8,StdSearch,recursive,fm,fm,prefix_usa_space_199,USA:% 199%,0,6674158,100000014,100000000,6674158,6674158,0,1,0,1990319999,281784236191,3551,5193271,6318141,11511412,263414,263414,78136,1.7247736718249702,23.985593020872088,0.11511412,
job_movie_info_info,movie_info.info,benchmarks/job/../../data/job/movie_info__info.csv,job-csv,utf8,StdSearch,recursive,fm,fm,prefix_usa_space_199,USA:% 199%,1,6674158,100000014,100000000,6674158,6674158,0,1,0,1990319999,281784236191,3551,5508199,6138975,11647174,263414,263414,78136,1.7451151141462338,23.305424161206314,0.11647174,
job_movie_info_info,movie_info.info,benchmarks/job/../../data/job/movie_info__info.csv,job-csv,utf8,StdSearch,recursive,fm,fm,prefix_usa_space_199,USA:% 199%,2,6674158,100000014,100000000,6674158,6674158,0,1,0,1990319999,281784236191,3551,5073788,6140755,11214543,263414,263414,78136,1.6802933044138302,23.312181584881593,0.11214543,
job_movie_info_info,movie_info.info,benchmarks/job/../../data/job/movie_info__info.csv,job-csv,utf8,StdSearch,recursive,fm,fm,prefix_usa_space_199,USA:% 199%,3,6674158,100000014,100000000,6674158,6674158,0,1,0,1990319999,281784236191,3551,5144171,6083594,11227765,263414,263414,78136,1.6822743782811256,23.09518096988011,0.11227765,
job_movie_info_info,movie_info.info,benchmarks/job/../../data/job/movie_info__info.csv,job-csv,utf8,StdSearch,recursive,fm,fm,prefix_usa_space_199,USA:% 199%,4,6674158,100000014,100000000,6674158,6674158,0,1,0,1990319999,281784236191,3551,5288729,6028744,11317473,263414,263414,78136,1.6957154745212804,22.88695361674019,0.11317473,
job_movie_info_info,movie_info.info,benchmarks/job/../../data/job/movie_info__info.csv,job-csv,utf8,StdSearch,recursive,full-scan,full-scan,prefix_usa_space_199,USA:% 199%,0,6674158,100000014,100000000,6674158,6674158,0,1,0,1990319999,0,3551,840,45233354,45234194,6674158,4607775,78136,6.777513208407712,6.77738734983499,0.45234194,
job_movie_info_info,movie_info.info,benchmarks/job/../../data/job/movie_info__info.csv,job-csv,utf8,StdSearch,recursive,full-scan,full-scan,prefix_usa_space_199,USA:% 199%,1,6674158,100000014,100000000,6674158,6674158,0,1,0,1990319999,0,3551,460,46035108,46035568,6674158,4607775,78136,6.897584384427219,6.89751546187549,0.46035568,
job_movie_info_info,movie_info.info,benchmarks/job/../../data/job/movie_info__info.csv,job-csv,utf8,StdSearch,recursive,full-scan,full-scan,prefix_usa_space_199,USA:% 199%,2,6674158,100000014,100000000,6674158,6674158,0,1,0,1990319999,0,3551,110,45976399,45976509,6674158,4607775,78136,6.888735477943435,6.888718996463674,0.45976509,
job_movie_info_info,movie_info.info,benchmarks/job/../../data/job/movie_info__info.csv,job-csv,utf8,StdSearch,recursive,full-scan,full-scan,prefix_usa_space_199,USA:% 199%,3,6674158,100000014,100000000,6674158,6674158,0,1,0,1990319999,0,3551,110,45102060,45102170,6674158,4607775,78136,6.7577318367350605,6.7577153552553,0.4510217,
job_movie_info_info,movie_info.info,benchmarks/job/../../data/job/movie_info__info.csv,job-csv,utf8,StdSearch,recursive,full-scan,full-scan,prefix_usa_space_199,USA:% 199%,4,6674158,100000014,100000000,6674158,6674158,0,1,0,1990319999,0,3551,100,44110724,44110824,6674158,4607775,78136,6.609196845504706,6.609181862341287,0.44110824,
job_movie_info_info,movie_info.info,benchmarks/job/../../data/job/movie_info__info.csv,job-csv,utf8,StdSearch,recursive,prefix-btree,prefix-btree,prefix_usa_space_199,USA:% 199%,0,6674158,100000014,100000000,6674158,6674158,0,1,0,1990319999,1558029554,3551,13185277,21847969,35033246,935876,819018,78136,5.249088499253389,23.344939927939173,0.35033246,
job_movie_info_info,movie_info.info,benchmarks/job/../../data/job/movie_info__info.csv,job-csv,utf8,StdSearch,recursive,prefix-btree,prefix-btree,prefix_usa_space_199,USA:% 199%,1,6674158,100000014,100000000,6674158,6674158,0,1,0,1990319999,1558029554,3551,13378949,22645362,36024311,935876,819018,78136,5.397581387794535,24.19696840179682,0.36024311,
job_movie_info_info,movie_info.info,benchmarks/job/../../data/job/movie_info__info.csv,job-csv,utf8,StdSearch,recursive,prefix-btree,prefix-btree,prefix_usa_space_199,USA:% 199%,2,6674158,100000014,100000000,6674158,6674158,0,1,0,1990319999,1558029554,3551,13521287,22503396,36024683,935876,819018,78136,5.397637125162455,24.045275228769622,0.36024683,
job_movie_info_info,movie_info.info,benchmarks/job/../../data/job/movie_info__info.csv,job-csv,utf8,StdSearch,recursive,prefix-btree,prefix-btree,prefix_usa_space_199,USA:% 199%,3,6674158,100000014,100000000,6674158,6674158,0,1,0,1990319999,1558029554,3551,13698566,23229179,36927745,935876,819018,78136,5.532944380399745,24.820787155563345,0.36927745,
job_movie_info_info,movie_info.info,benchmarks/job/../../data/job/movie_info__info.csv,job-csv,utf8,StdSearch,recursive,prefix-btree,prefix-btree,prefix_usa_space_199,USA:% 199%,4,6674158,100000014,100000000,6674158,6674158,0,1,0,1990319999,1558029554,3551,13500651,22243191,35743842,935876,819018,78136,5.355558259184154,23.767241600382956,0.35743842,
job_movie_info_info,movie_info.info,benchmarks/job/../../data/job/movie_info__info.csv,job-csv,utf8,StdSearch,recursive,qgram,full-scan,prefix_usa_space_199,USA:% 199%,0,6674158,100000014,100000000,6674158,6674158,0,1,0,1990319999,2909990269,3551,580,44434191,44434771,6674158,4607775,78136,6.657734353906515,6.657647451558684,0.44434771,literal-shorter-than-qgram
job_movie_info_info,movie_info.info,benchmarks/job/../../data/job/movie_info__info.csv,job-csv,utf8,StdSearch,recursive,qgram,full-scan,prefix_usa_space_199,USA:% 199%,1,6674158,100000014,100000000,6674158,6674158,0,1,0,1990319999,2909990269,3551,130,44751657,44751787,6674158,4607775,78136,6.705233379251735,6.70521390113929,0.44751787,literal-shorter-than-qgram
job_movie_info_info,movie_info.info,benchmarks/job/../../data/job/movie_info__info.csv,job-csv,utf8,StdSearch,recursive,qgram,full-scan,prefix_usa_space_199,USA:% 199%,2,6674158,100000014,100000000,6674158,6674158,0,1,0,1990319999,2909990269,3551,190,45977658,45977848,6674158,4607775,78136,6.888936102501619,6.888907634491122,0.45977848,literal-shorter-than-qgram
job_movie_info_info,movie_info.info,benchmarks/job/../../data/job/movie_info__info.csv,job-csv,utf8,StdSearch,recursive,qgram,full-scan,prefix_usa_space_199,USA:% 199%,3,6674158,100000014,100000000,6674158,6674158,0,1,0,1990319999,2909990269,3551,110,44988452,44988562,6674158,4607775,78136,6.740709764437701,6.74069328295794,0.44988562,literal-shorter-than-qgram
job_movie_info_info,movie_info.info,benchmarks/job/../../data/job/movie_info__info.csv,job-csv,utf8,StdSearch,recursive,qgram,full-scan,prefix_usa_space_199,USA:% 199%,4,6674158,100000014,100000000,6674158,6674158,0,1,0,1990319999,2909990269,3551,110,44873589,44873699,6674158,4607775,78136,6.72349965343943,6.723483171959669,0.44873699,literal-shorter-than-qgram
job_movie_info_info,movie_info.info,benchmarks/job/../../data/job/movie_info__info.csv,job-csv,utf8,StdSearch,recursive,trigram,trigram,prefix_usa_space_199,USA:% 199%,0,6674158,100000014,100000000,6674158,6674158,0,1,0,1990319999,3626250845,3551,1077444,5907579,6985023,263414,263414,78136,1.0465774109633006,22.426974268641757,0.06985023,
job_movie_info_info,movie_info.info,benchmarks/job/../../data/job/movie_info__info.csv,job-csv,utf8,StdSearch,recursive,trigram,trigram,prefix_usa_space_199,USA:% 199%,1,6674158,100000014,100000000,6674158,6674158,0,1,0,1990319999,3626250845,3551,1060991,5932173,6993164,263414,263414,78136,1.047797190297263,22.52034060452368,0.06993164,
job_movie_info_info,movie_info.info,benchmarks/job/../../data/job/movie_info__info.csv,job-csv,utf8,StdSearch,recursive,trigram,trigram,prefix_usa_space_199,USA:% 199%,2,6674158,100000014,100000000,6674158,6674158,0,1,0,1990319999,3626250845,3551,1059760,5901179,6960939,263414,263414,78136,1.0429688658854046,22.402677913854237,0.06960939,
job_movie_info_info,movie_info.info,benchmarks/job/../../data/job/movie_info__info.csv,job-csv,utf8,StdSearch,recursive,trigram,trigram,prefix_usa_space_199,USA:% 199%,3,6674158,100000014,100000000,6674158,6674158,0,1,0,1990319999,3626250845,3551,1032446,6158816,7191262,263414,263414,78136,1.0774785373675602,23.380746657353065,0.07191262,
job_movie_info_info,movie_info.info,benchmarks/job/../../data/job/movie_info__info.csv,job-csv,utf8,StdSearch,recursive,trigram,trigram,prefix_usa_space_199,USA:% 199%,4,6674158,100000014,100000000,6674158,6674158,0,1,0,1990319999,3626250845,3551,1099577,5911039,7010616,263414,263414,78136,1.0504120519771931,22.44010948544876,0.07010616,
job_movie_info_info,movie_info.info,benchmarks/job/../../data/job/movie_info__info.csv,job-csv,utf8,StdSearch,recursive,fm,fm,prefix_usa_space_200,USA:% 200%,0,6674158,100000014,100000000,6674158,6674158,0,1,0,1990319999,281784236191,2630,18121522,14013563,32135085,885461,885461,268914,4.814852300469962,15.826290485972844,0.32135085,
job_movie_info_info,movie_info.info,benchmarks/job/../../data/job/movie_info__info.csv,job-csv,utf8,StdSearch,recursive,fm,fm,prefix_usa_space_200,USA:% 200%,1,6674158,100000014,100000000,6674158,6674158,0,1,0,1990319999,281784236191,2630,18511030,14142148,32653178,885461,885461,268914,4.892479021323738,15.971508626579826,0.32653178,
job_movie_info_info,movie_info.info,benchmarks/job/../../data/job/movie_info__info.csv,job-csv,utf8,StdSearch,recursive,fm,fm,prefix_usa_space_200,USA:% 200%,2,6674158,100000014,100000000,6674158,6674158,0,1,0,1990319999,281784236191,2630,20746783,14243275,34990058,885461,885461,268914,5.242617570635876,16.085716931632223,0.34990058,
job_movie_info_info,movie_info.info,benchmarks/job/../../data/job/movie_info__info.csv,job-csv,utf8,StdSearch,recursive,fm,fm,prefix_usa_space_200,USA:% 200%,3,6674158,100000014,100000000,6674158,6674158,0,1,0,1990319999,281784236191,2630,18488576,14192563,32681139,885461,885461,268914,4.8966684636474,16.028445069856268,0.32681139,
job_movie_info_info,movie_info.info,benchmarks/job/../../data/job/movie_info__info.csv,job-csv,utf8,StdSearch,recursive,fm,fm,prefix_usa_space_200,USA:% 200%,4,6674158,100000014,100000000,6674158,6674158,0,1,0,1990319999,281784236191,2630,19051199,13545779,32596978,885461,885461,268914,4.884058483482111,15.297996185038077,0.32596978,
job_movie_info_info,movie_info.info,benchmarks/job/../../data/job/movie_info__info.csv,job-csv,utf8,StdSearch,recursive,full-scan,full-scan,prefix_usa_space_200,USA:% 200%,0,6674158,100000014,100000000,6674158,6674158,0,1,0,1990319999,0,2630,690,46313596,46314286,6674158,4607775,268914,6.9393451578461285,6.9392417740185355,0.46314286,
job_movie_info_info,movie_info.info,benchmarks/job/../../data/job/movie_info__info.csv,job-csv,utf8,StdSearch,recursive,full-scan,full-scan,prefix_usa_space_200,USA:% 200%,1,6674158,100000014,100000000,6674158,6674158,0,1,0,1990319999,0,2630,220,46845044,46845264,6674158,4607775,268914,7.018902459306477,7.018869496346955,0.46845264,
job_movie_info_info,movie_info.info,benchmarks/job/../../data/job/movie_info__info.csv,job-csv,utf8,StdSearch,recursive,full-scan,full-scan,prefix_usa_space_200,USA:% 200%,2,6674158,100000014,100000000,6674158,6674158,0,1,0,1990319999,0,2630,140,47271284,47271424,6674158,4607775,268914,7.08275470853402,7.0827337321052335,0.47271424,
job_movie_info_info,movie_info.info,benchmarks/job/../../data/job/movie_info__info.csv,job-csv,utf8,StdSearch,recursive,full-scan,full-scan,prefix_usa_space_200,USA:% 200%,3,6674158,100000014,100000000,6674158,6674158,0,1,0,1990319999,0,2630,110,46817989,46818099,6674158,4607775,268914,7.014832282963634,7.014815801483873,0.46818099,
job_movie_info_info,movie_info.info,benchmarks/job/../../data/job/movie_info__info.csv,job-csv,utf8,StdSearch,recursive,full-scan,full-scan,prefix_usa_space_200,USA:% 200%,4,6674158,100000014,100000000,6674158,6674158,0,1,0,1990319999,0,2630,100,46629979,46630079,6674158,4607775,268914,6.98666093910273,6.986645955939311,0.46630079,
job_movie_info_info,movie_info.info,benchmarks/job/../../data/job/movie_info__info.csv,job-csv,utf8,StdSearch,recursive,prefix-btree,prefix-btree,prefix_usa_space_200,USA:% 200%,0,6674158,100000014,100000000,6674158,6674158,0,1,0,1990319999,1558029554,2630,13478795,23489078,36967873,935876,819018,268914,5.538956824216628,25.098493817557028,0.36967873,
job_movie_info_info,movie_info.info,benchmarks/job/../../data/job/movie_info__info.csv,job-csv,utf8,StdSearch,recursive,prefix-btree,prefix-btree,prefix_usa_space_200,USA:% 200%,1,6674158,100000014,100000000,6674158,6674158,0,1,0,1990319999,1558029554,2630,13630430,23659488,37289918,935876,819018,268914,5.587209352850202,25.280579905884967,0.37289918,
job_movie_info_info,movie_info.info,benchmarks/job/../../data/job/movie_info__info.csv,job-csv,utf8,StdSearch,recursive,prefix-btree,prefix-btree,prefix_usa_space_200,USA:% 200%,2,6674158,100000014,100000000,6674158,6674158,0,1,0,1990319999,1558029554,2630,13610136,23604027,37214163,935876,819018,268914,5.575858857401937,25.221318849933112,0.37214163,
job_movie_info_info,movie_info.info,benchmarks/job/../../data/job/movie_info__info.csv,job-csv,utf8,StdSearch,recursive,prefix-btree,prefix-btree,prefix_usa_space_200,USA:% 200%,3,6674158,100000014,100000000,6674158,6674158,0,1,0,1990319999,1558029554,2630,13379908,23638263,37018171,935876,819018,268914,5.54649305575325,25.257900619312814,0.37018171,
job_movie_info_info,movie_info.info,benchmarks/job/../../data/job/movie_info__info.csv,job-csv,utf8,StdSearch,recursive,prefix-btree,prefix-btree,prefix_usa_space_200,USA:% 200%,4,6674158,100000014,100000000,6674158,6674158,0,1,0,1990319999,1558029554,2630,13529312,23696261,37225573,935876,819018,268914,5.577568436348075,25.31987250447709,0.37225573,
job_movie_info_info,movie_info.info,benchmarks/job/../../data/job/movie_info__info.csv,job-csv,utf8,StdSearch,recursive,qgram,full-scan,prefix_usa_space_200,USA:% 200%,0,6674158,100000014,100000000,6674158,6674158,0,1,0,1990319999,2909990269,2630,850,45900867,45901717,6674158,4607775,268914,6.877529270358898,6.877401913469834,0.45901717,literal-shorter-than-qgram
job_movie_info_info,movie_info.info,benchmarks/job/../../data/job/movie_info__info.csv,job-csv,utf8,StdSearch,recursive,qgram,full-scan,prefix_usa_space_200,USA:% 200%,1,6674158,100000014,100000000,6674158,6674158,0,1,0,1990319999,2909990269,2630,121,46963824,46963945,6674158,4607775,268914,7.036684627484096,7.036666497856359,0.46963945,literal-shorter-than-qgram
job_movie_info_info,movie_info.info,benchmarks/job/../../data/job/movie_info__info.csv,job-csv,utf8,StdSearch,recursive,qgram,full-scan,prefix_usa_space_200,USA:% 200%,2,6674158,100000014,100000000,6674158,6674158,0,1,0,1990319999,2909990269,2630,110,46519379,46519489,6674158,4607775,268914,6.970091058677364,6.970074577197603,0.46519489,literal-shorter-than-qgram
job_movie_info_info,movie_info.info,benchmarks/job/../../data/job/movie_info__info.csv,job-csv,utf8,StdSearch,recursive,qgram,full-scan,prefix_usa_space_200,USA:% 200%,3,6674158,100000014,100000000,6674158,6674158,0,1,0,1990319999,2909990269,2630,110,46619718,46619828,6674158,4607775,268914,6.985125015020621,6.98510853354086,0.46619828,literal-shorter-than-qgram
job_movie_info_info,movie_info.info,benchmarks/job/../../data/job/movie_info__info.csv,job-csv,utf8,StdSearch,recursive,qgram,full-scan,prefix_usa_space_200,USA:% 200%,4,6674158,100000014,100000000,6674158,6674158,0,1,0,1990319999,2909990269,2630,110,46743536,46743646,6674158,4607775,268914,7.003676868303088,7.003660386823326,0.46743646,literal-shorter-than-qgram
job_movie_info_info,movie_info.info,benchmarks/job/../../data/job/movie_info__info.csv,job-csv,utf8,StdSearch,recursive,trigram,trigram,prefix_usa_space_200,USA:% 200%,0,6674158,100000014,100000000,6674158,6674158,0,1,0,1990319999,3626250845,2630,2749813,13969036,16718849,885461,885461,268914,2.5050124674902814,15.776003686215429,0.16718849,
job_movie_info_info,movie_info.info,benchmarks/job/../../data/job/movie_info__info.csv,job-csv,utf8,StdSearch,recursive,trigram,trigram,prefix_usa_space_200,USA:% 200%,1,6674158,100000014,100000000,6674158,6674158,0,1,0,1990319999,3626250845,2630,2696745,14166468,16863213,885461,885461,268914,2.52664276152887,15.998974545462758,0.16863213,
job_movie_info_info,movie_info.info,benchmarks/job/../../data/job/movie_info__info.csv,job-csv,utf8,StdSearch,recursive,trigram,trigram,prefix_usa_space_200,USA:% 200%,2,6674158,100000014,100000000,6674158,6674158,0,1,0,1990319999,3626250845,2630,2825537,13970988,16796525,885461,885461,268914,2.51665078950783,15.778208187599454,0.16796525,
job_movie_info_info,movie_info.info,benchmarks/job/../../data/job/movie_info__info.csv,job-csv,utf8,StdSearch,recursive,trigram,trigram,prefix_usa_space_200,USA:% 200%,3,6674158,100000014,100000000,6674158,6674158,0,1,0,1990319999,3626250845,2630,2642866,15320009,17962875,885461,885461,268914,2.6914069160484364,17.30173209209666,0.17962875,
job_movie_info_info,movie_info.info,benchmarks/job/../../data/job/movie_info__info.csv,job-csv,utf8,StdSearch,recursive,trigram,trigram,prefix_usa_space_200,USA:% 200%,4,6674158,100000014,100000000,6674158,6674158,0,1,0,1990319999,3626250845,2630,2655138,13935880,16591018,885461,885461,268914,2.4858593398597995,15.738558784633089,0.16591018,
job_movie_info_info,movie_info.info,benchmarks/job/../../data/job/movie_info__info.csv,job-csv,utf8,StdSearch,recursive,fm,fm,prefix_usa_200,USA:%200%,0,6674158,100000014,100000000,6674158,6674158,0,1,0,1990319999,281784236191,3260,20050892,24898922,44949814,935876,833915,294734,6.7349040882760045,26.60493697883053,0.44949814,
job_movie_info_info,movie_info.info,benchmarks/job/../../data/job/movie_info__info.csv,job-csv,utf8,StdSearch,recursive,fm,fm,prefix_usa_200,USA:%200%,1,6674158,100000014,100000000,6674158,6674158,0,1,0,1990319999,281784236191,3260,19685298,24962941,44648239,935876,833915,294734,6.689718613194353,26.673342408609688,0.44648239,
job_movie_info_info,movie_info.info,benchmarks/job/../../data/job/movie_info__info.csv,job-csv,utf8,StdSearch,recursive,fm,fm,prefix_usa_200,USA:%200%,2,6674158,100000014,100000000,6674158,6674158,0,1,0,1990319999,281784236191,3260,20851652,24340882,45192534,935876,833915,294734,6.771271222527246,26.008661403861197,0.45192534,
job_movie_info_info,movie_info.info,benchmarks/job/../../data/job/movie_info__info.csv,job-csv,utf8,StdSearch,recursive,fm,fm,prefix_usa_200,USA:%200%,3,6674158,100000014,100000000,6674158,6674158,0,1,0,1990319999,281784236191,3260,19212315,24078543,43290858,935876,833915,294734,6.48633999974229,25.728347558864638,0.43290858,
job_movie_info_info,movie_info.info,benchmarks/job/../../data/job/movie_info__info.csv,job-csv,utf8,StdSearch,recursive,fm,fm,prefix_usa_200,USA:%200%,4,6674158,100000014,100000000,6674158,6674158,0,1,0,1990319999,281784236191,3260,19020615,23948904,42969519,935876,833915,294734,6.438193252242455,25.589826002590087,0.42969519,
job_movie_info_info,movie_info.info,benchmarks/job/../../data/job/movie_info__info.csv,job-csv,utf8,StdSearch,recursive,full-scan,full-scan,prefix_usa_200,USA:%200%,0,6674158,100000014,100000000,6674158,6674158,0,1,0,1990319999,0,3260,520,49950338,49950858,6674158,5402091,294734,7.48421868346539,7.48414077101561,0.49950858,
job_movie_info_info,movie_info.info,benchmarks/job/../../data/job/movie_info__info.csv,job-csv,utf8,StdSearch,recursive,full-scan,full-scan,prefix_usa_200,USA:%200%,1,6674158,100000014,100000000,6674158,6674158,0,1,0,1990319999,0,3260,100,50177280,50177380,6674158,5402091,294734,7.5181588449059795,7.51814386174256,0.5017738,
job_movie_info_info,movie_info.info,benchmarks/job/../../data/job/movie_info__info.csv,job-csv,utf8,StdSearch,recursive,full-scan,full-scan,prefix_usa_200,USA:%200%,2,6674158,100000014,100000000,6674158,6674158,0,1,0,1990319999,0,3260,100,49871846,49871946,6674158,5402091,294734,7.472395169547979,7.47238018638456,0.49871946,
job_movie_info_info,movie_info.info,benchmarks/job/../../data/job/movie_info__info.csv,job-csv,utf8,StdSearch,recursive,full-scan,full-scan,prefix_usa_200,USA:%200%,3,6674158,100000014,100000000,6674158,6674158,0,1,0,1990319999,0,3260,100,49772131,49772231,6674158,5402091,294734,7.457454708144458,7.457439724981039,0.49772231,
job_movie_info_info,movie_info.info,benchmarks/job/../../data/job/movie_info__info.csv,job-csv,utf8,StdSearch,recursive,full-scan,full-scan,prefix_usa_200,USA:%200%,4,6674158,100000014,100000000,6674158,6674158,0,1,0,1990319999,0,3260,120,50916094,50916214,6674158,5402091,294734,7.628859550523077,7.628841570726974,0.50916214,
job_movie_info_info,movie_info.info,benchmarks/job/../../data/job/movie_info__info.csv,job-csv,utf8,StdSearch,recursive,prefix-btree,prefix-btree,prefix_usa_200,USA:%200%,0,6674158,100000014,100000000,6674158,6674158,0,1,0,1990319999,1558029554,3260,13599093,24773569,38372662,935876,833915,294734,5.749438655782497,26.470995089092998,0.38372662,
job_movie_info_info,movie_info.info,benchmarks/job/../../data/job/movie_info__info.csv,job-csv,utf8,StdSearch,recursive,prefix-btree,prefix-btree,prefix_usa_200,USA:%200%,1,6674158,100000014,100000000,6674158,6674158,0,1,0,1990319999,1558029554,3260,13413305,24782597,38195902,935876,833915,294734,5.722954416122603,26.480641666203642,0.38195902,
job_movie_info_info,movie_info.info,benchmarks/job/../../data/job/movie_info__info.csv,job-csv,utf8,StdSearch,recursive,prefix-btree,prefix-btree,prefix_usa_200,USA:%200%,2,6674158,100000014,100000000,6674158,6674158,0,1,0,1990319999,1558029554,3260,13154145,24139903,37294048,935876,833915,294734,5.587828157499418,25.793911800281233,0.37294048,
job_movie_info_info,movie_info.info,benchmarks/job/../../data/job/movie_info__info.csv,job-csv,utf8,StdSearch,recursive,prefix-btree,prefix-btree,prefix_usa_200,USA:%200%,3,6674158,100000014,100000000,6674158,6674158,0,1,0,1990319999,1558029554,3260,14023267,24309258,38332525,935876,833915,294734,5.743424863480906,25.97487060251572,0.38332525,
job_movie_info_info,movie_info.info,benchmarks/job/../../data/job/movie_info__info.csv,job-csv,utf8,StdSearch,recursive,prefix-btree,prefix-btree,prefix_usa_200,USA:%200%,4,6674158,100000014,100000000,6674158,6674158,0,1,0,1990319999,1558029554,3260,12774808,24498497,37273305,935876,833915,294734,5.584720199911359,26.1770758091884,0.37273305,
job_movie_info_info,movie_info.info,benchmarks/job/../../data/job/movie_info__info.csv,job-csv,utf8,StdSearch,recursive,qgram,full-scan,prefix_usa_200,USA:%200%,0,6674158,100000014,100000000,6674158,6674158,0,1,0,1990319999,2909990269,3260,530,52179486,52180016,6674158,5402091,294734,7.818217069479027,7.818137658712904,0.52180016,literal-shorter-than-qgram
job_movie_info_info,movie_info.info,benchmarks/job/../../data/job/movie_info__info.csv,job-csv,utf8,StdSearch,recursive,qgram,full-scan,prefix_usa_200,USA:%200%,1,6674158,100000014,100000000,6674158,6674158,0,1,0,1990319999,2909990269,3260,500,51670728,51671228,6674158,5402091,294734,7.741984531981412,7.741909616164316,0.51671228,literal-shorter-than-qgram
job_movie_info_info,movie_info.info,benchmarks/job/../../data/job/movie_info__info.csv,job-csv,utf8,StdSearch,recursive,qgram,full-scan,prefix_usa_200,USA:%200%,2,6674158,100000014,100000000,6674158,6674158,0,1,0,1990319999,2909990269,3260,110,53744402,53744512,6674158,5402091,294734,8.052628061846903,8.052611580367142,0.53744512,literal-shorter-than-qgram
job_movie_info_info,movie_info.info,benchmarks/job/../../data/job/movie_info__info.csv,job-csv,utf8,StdSearch,recursive,qgram,full-scan,prefix_usa_200,USA:%200%,3,6674158,100000014,100000000,6674158,6674158,0,1,0,1990319999,2909990269,3260,120,52163644,52163764,6674158,5402091,294734,7.815782005760127,7.815764025964024,0.52163764,literal-shorter-than-qgram
job_movie_info_info,movie_info.info,benchmarks/job/../../data/job/movie_info__info.csv,job-csv,utf8,StdSearch,recursive,qgram,full-scan,prefix_usa_200,USA:%200%,4,6674158,100000014,100000000,6674158,6674158,0,1,0,1990319999,2909990269,3260,150,50742848,50742998,6674158,5402091,294734,7.602906314174762,7.602883839429633,0.50742998,literal-shorter-than-qgram
job_movie_info_info,movie_info.info,benchmarks/job/../../data/job/movie_info__info.csv,job-csv,utf8,StdSearch,recursive,trigram,trigram,prefix_usa_200,USA:%200%,0,6674158,100000014,100000000,6674158,6674158,0,1,0,1990319999,3626250845,3260,1524331,25094014,26618345,935876,833915,294734,3.988270130853959,26.813396219157237,0.26618345,
job_movie_info_info,movie_info.info,benchmarks/job/../../data/job/movie_info__info.csv,job-csv,utf8,StdSearch,recursive,trigram,trigram,prefix_usa_200,USA:%200%,1,6674158,100000014,100000000,6674158,6674158,0,1,0,1990319999,3626250845,3260,2037134,24899294,26936428,935876,833915,294734,4.0359290265528625,26.605334467386704,0.26936428,
job_movie_info_info,movie_info.info,benchmarks/job/../../data/job/movie_info__info.csv,job-csv,utf8,StdSearch,recursive,trigram,trigram,prefix_usa_200,USA:%200%,2,6674158,100000014,100000000,6674158,6674158,0,1,0,1990319999,3626250845,3260,1742312,25712108,27454420,935876,833915,294734,4.113540614411586,27.473840551526056,0.2745442,
job_movie_info_info,movie_info.info,benchmarks/job/../../data/job/movie_info__info.csv,job-csv,utf8,StdSearch,recursive,trigram,trigram,prefix_usa_200,USA:%200%,3,6674158,100000014,100000000,6674158,6674158,0,1,0,1990319999,3626250845,3260,1409136,24461503,25870639,935876,833915,294734,3.8762401189783042,26.137547068201343,0.25870639,
job_movie_info_info,movie_info.info,benchmarks/job/../../data/job/movie_info__info.csv,job-csv,utf8,StdSearch,recursive,trigram,trigram,prefix_usa_200,USA:%200%,4,6674158,100000014,100000000,6674158,6674158,0,1,0,1990319999,3626250845,3260,1638068,24757963,26396031,935876,833915,294734,3.954960460930053,26.454319803050833,0.26396031,
job_movie_info_info,movie_info.info,benchmarks/job/../../data/job/movie_info__info.csv,job-csv,utf8,StdSearch,recursive,fm,fm,prefix_usa_2008,USA:%2008%,0,6674158,100000014,100000000,6674158,6674158,0,1,0,1990319999,281784236191,3051,2715238,4898622,7613860,135571,135355,45638,1.1407970863141088,36.133258587751065,0.0761386,
job_movie_info_info,movie_info.info,benchmarks/job/../../data/job/movie_info__info.csv,job-csv,utf8,StdSearch,recursive,fm,fm,prefix_usa_2008,USA:%2008%,1,6674158,100000014,100000000,6674158,6674158,0,1,0,1990319999,281784236191,3051,2673142,5262112,7935254,135571,135355,45638,1.1889520745538238,38.814436715816804,0.07935254,
job_movie_info_info,movie_info.info,benchmarks/job/../../data/job/movie_info__info.csv,job-csv,utf8,StdSearch,recursive,fm,fm,prefix_usa_2008,USA:%2008%,2,6674158,100000014,100000000,6674158,6674158,0,1,0,1990319999,281784236191,3051,2578159,4801468,7379627,135571,135355,45638,1.1057015731422601,35.41663040030685,0.07379627,
job_movie_info_info,movie_info.info,benchmarks/job/../../data/job/movie_info__info.csv,job-csv,utf8,StdSearch,recursive,fm,fm,prefix_usa_2008,USA:%2008%,3,6674158,100000014,100000000,6674158,6674158,0,1,0,1990319999,281784236191,3051,2878750,5242170,8120920,135571,135355,45638,1.216770714747838,38.66734036040156,0.0812092,
job_movie_info_info,movie_info.info,benchmarks/job/../../data/job/movie_info__info.csv,job-csv,utf8,StdSearch,recursive,fm,fm,prefix_usa_2008,USA:%2008%,4,6674158,100000014,100000000,6674158,6674158,0,1,0,1990319999,281784236191,3051,2849146,4965571,7814717,135571,135355,45638,1.1708918188631434,36.627088389109765,0.07814717,
job_movie_info_info,movie_info.info,benchmarks/job/../../data/job/movie_info__info.csv,job-csv,utf8,StdSearch,recursive,full-scan,full-scan,prefix_usa_2008,USA:%2008%,0,6674158,100000014,100000000,6674158,6674158,0,1,0,1990319999,0,3051,521,46002041,46002562,6674158,4607775,45638,6.892639041509057,6.892560979227642,0.46002562,
job_movie_info_info,movie_info.info,benchmarks/job/../../data/job/movie_info__info.csv,job-csv,utf8,StdSearch,recursive,full-scan,full-scan,prefix_usa_2008,USA:%2008%,1,6674158,100000014,100000000,6674158,6674158,0,1,0,1990319999,0,3051,110,46106996,46107106,6674158,4607775,45638,6.908303039874093,6.908286558394332,0.46107106,
job_movie_info_info,movie_info.info,benchmarks/job/../../data/job/movie_info__info.csv,job-csv,utf8,StdSearch,recursive,full-scan,full-scan,prefix_usa_2008,USA:%2008%,2,6674158,100000014,100000000,6674158,6674158,0,1,0,1990319999,0,3051,110,45976307,45976417,6674158,4607775,45638,6.888721693433089,6.888705211953328,0.45976417,
job_movie_info_info,movie_info.info,benchmarks/job/../../data/job/movie_info__info.csv,job-csv,utf8,StdSearch,recursive,full-scan,full-scan,prefix_usa_2008,USA:%2008%,3,6674158,100000014,100000000,6674158,6674158,0,1,0,1990319999,0,3051,180,45283801,45283981,6674158,4607775,45638,6.784972875979262,6.784945906285108,0.45283981,
job_movie_info_info,movie_info.info,benchmarks/job/../../data/job/movie_info__info.csv,job-csv,utf8,StdSearch,recursive,full-scan,full-scan,prefix_usa_2008,USA:%2008%,4,6674158,100000014,100000000,6674158,6674158,0,1,0,1990319999,0,3051,110,45307405,45307515,6674158,4607775,45638,6.7884990136583525,6.788482532178591,0.45307515,
job_movie_info_info,movie_info.info,benchmarks/job/../../data/job/movie_info__info.csv,job-csv,utf8,StdSearch,recursive,prefix-btree,prefix-btree,prefix_usa_2008,USA:%2008%,0,6674158,100000014,100000000,6674158,6674158,0,1,0,1990319999,1558029554,3051,13074589,24965784,38040373,935876,819018,45638,5.699651251888254,26.67638020421509,0.38040373,
job_movie_info_info,movie_info.info,benchmarks/job/../../data/job/movie_info__info.csv,job-csv,utf8,StdSearch,recursive,prefix-btree,prefix-btree,prefix_usa_2008,USA:%2008%,1,6674158,100000014,100000000,6674158,6674158,0,1,0,1990319999,1558029554,3051,14201647,24262016,38463663,935876,819018,45638,5.7630734843256635,25.924391692916583,0.38463663,
job_movie_info_info,movie_info.info,benchmarks/job/../../data/job/movie_info__info.csv,job-csv,utf8,StdSearch,recursive,prefix-btree,prefix-btree,prefix_usa_2008,USA:%2008%,2,6674158,100000014,100000000,6674158,6674158,0,1,0,1990319999,1558029554,3051,14037423,22716311,36753734,935876,819018,45638,5.506872027902246,24.272778658711196,0.36753734,
job_movie_info_info,movie_info.info,benchmarks/job/../../data/job/movie_info__info.csv,job-csv,utf8,StdSearch,recursive,prefix-btree,prefix-btree,prefix_usa_2008,USA:%2008%,3,6674158,100000014,100000000,6674158,6674158,0,1,0,1990319999,1558029554,3051,13609023,22766088,36375111,935876,819018,45638,5.4501423250693195,24.3259662604875,0.36375111,
job_movie_info_info,movie_info.info,benchmarks/job/../../data/job/movie_info__info.csv,job-csv,utf8,StdSearch,recursive,prefix-btree,prefix-btree,prefix_usa_2008,USA:%2008%,4,6674158,100000014,100000000,6674158,6674158,0,1,0,1990319999,1558029554,3051,13249403,22780840,36030243,935876,819018,45638,5.398470189048566,24.34172903247866,0.36030243,
job_movie_info_info,movie_info.info,benchmarks/job/../../data/job/movie_info__info.csv,job-csv,utf8,StdSearch,recursive,qgram,full-scan,prefix_usa_2008,USA:%2008%,0,6674158,100000014,100000000,6674158,6674158,0,1,0,1990319999,2909990269,3051,760,46152802,46153562,6674158,4607775,45638,6.915263618272148,6.915149746230161,0.46153562,literal-shorter-than-qgram
job_movie_info_info,movie_info.info,benchmarks/job/../../data/job/movie_info__info.csv,job-csv,utf8,StdSearch,recursive,qgram,full-scan,prefix_usa_2008,USA:%2008%,1,6674158,100000014,100000000,6674158,6674158,0,1,0,1990319999,2909990269,3051,110,46267018,46267128,6674158,4607775,45638,6.932279397640871,6.932262916161109,0.46267128,literal-shorter-than-qgram
job_movie_info_info,movie_info.info,benchmarks/job/../../data/job/movie_info__info.csv,job-csv,utf8,StdSearch,recursive,qgram,full-scan,prefix_usa_2008,USA:%2008%,2,6674158,100000014,100000000,6674158,6674158,0,1,0,1990319999,2909990269,3051,110,45965564,45965674,6674158,4607775,45638,6.887112052186957,6.887095570707197,0.45965674,literal-shorter-than-qgram
job_movie_info_info,movie_info.info,benchmarks/job/../../data/job/movie_info__info.csv,job-csv,utf8,StdSearch,recursive,qgram,full-scan,prefix_usa_2008,USA:%2008%,3,6674158,100000014,100000000,6674158,6674158,0,1,0,1990319999,2909990269,3051,120,48102984,48103104,6674158,4607775,45638,7.20736668205937,7.207348702263267,0.48103104,literal-shorter-than-qgram
job_movie_info_info,movie_info.info,benchmarks/job/../../data/job/movie_info__info.csv,job-csv,utf8,StdSearch,recursive,qgram,full-scan,prefix_usa_2008,USA:%2008%,4,6674158,100000014,100000000,6674158,6674158,0,1,0,1990319999,2909990269,3051,120,47363200,47363320,6674158,4607775,45638,7.096523636389789,7.096505656593686,0.4736332,literal-shorter-than-qgram
job_movie_info_info,movie_info.info,benchmarks/job/../../data/job/movie_info__info.csv,job-csv,utf8,StdSearch,recursive,trigram,trigram,prefix_usa_2008,USA:%2008%,0,6674158,100000014,100000000,6674158,6674158,0,1,0,1990319999,3626250845,3051,1268236,5155128,6423364,135572,135356,45638,0.9624231251342866,38.025019915616795,0.06423364,
job_movie_info_info,movie_info.info,benchmarks/job/../../data/job/movie_info__info.csv,job-csv,utf8,StdSearch,recursive,trigram,trigram,prefix_usa_2008,USA:%2008%,1,6674158,100000014,100000000,6674158,6674158,0,1,0,1990319999,3626250845,3051,1271086,5253802,6524888,135572,135356,45638,0.977634631964062,38.75285457174048,0.06524888,
job_movie_info_info,movie_info.info,benchmarks/job/../../data/job/movie_info__info.csv,job-csv,utf8,StdSearch,recursive,trigram,trigram,prefix_usa_2008,USA:%2008%,2,6674158,100000014,100000000,6674158,6674158,0,1,0,1990319999,3626250845,3051,1203647,4825291,6028938,135572,135356,45638,0.9033256329862134,35.59209128728646,0.06028938,
job_movie_info_info,movie_info.info,benchmarks/job/../../data/job/movie_info__info.csv,job-csv,utf8,StdSearch,recursive,trigram,trigram,prefix_usa_2008,USA:%2008%,3,6674158,100000014,100000000,6674158,6674158,0,1,0,1990319999,3626250845,3051,1130918,4840043,5970961,135572,135356,45638,0.8946388443306257,35.70090431652554,0.05970961,
job_movie_info_info,movie_info.info,benchmarks/job/../../data/job/movie_info__info.csv,job-csv,utf8,StdSearch,recursive,trigram,trigram,prefix_usa_2008,USA:%2008%,4,6674158,100000014,100000000,6674158,6674158,0,1,0,1990319999,3626250845,3051,1159131,4757882,5917013,135572,135356,45638,0.8865557273292002,35.094872097483254,0.05917013,
job_movie_info_info,movie_info.info,benchmarks/job/../../data/job/movie_info__info.csv,job-csv,utf8,StdSearch,recursive,fm,fm,prefix_usa_201,USA:%201%,0,6674158,100000014,100000000,6674158,6674158,0,1,0,1990319999,281784236191,2301,19756277,24445132,44201409,935876,833915,227707,6.622769344088049,26.120054366176717,0.44201409,
job_movie_info_info,movie_info.info,benchmarks/job/../../data/job/movie_info__info.csv,job-csv,utf8,StdSearch,recursive,fm,fm,prefix_usa_201,USA:%201%,1,6674158,100000014,100000000,6674158,6674158,0,1,0,1990319999,281784236191,2301,19281247,24802589,44083836,935876,833915,227707,6.605153189361115,26.502003470545244,0.44083836,
job_movie_info_info,movie_info.info,benchmarks/job/../../data/job/movie_info__info.csv,job-csv,utf8,StdSearch,recursive,fm,fm,prefix_usa_201,USA:%201%,2,6674158,100000014,100000000,6674158,6674158,0,1,0,1990319999,281784236191,2301,19670724,25208222,44878946,935876,833915,227707,6.724285820024039,26.93542947997384,0.44878946,
job_movie_info_info,movie_info.info,benchmarks/job/../../data/job/movie_info__info.csv,job-csv,utf8,StdSearch,recursive,fm,fm,prefix_usa_201,USA:%201%,3,6674158,100000014,100000000,6674158,6674158,0,1,0,1990319999,281784236191,2301,19263724,24534083,43797807,935876,833915,227707,6.562296996864624,26.215100077360677,0.43797807,
job_movie_info_info,movie_info.info,benchmarks/job/../../data/job/movie_info__info.csv,job-csv,utf8,StdSearch,recursive,fm,fm,prefix_usa_201,USA:%201%,4,6674158,100000014,100000000,6674158,6674158,0,1,0,1990319999,281784236191,2301,19863661,25784385,45648046,935876,833915,227707,6.839521329881612,27.55106979984528,0.45648046,
job_movie_info_info,movie_info.info,benchmarks/job/../../data/job/movie_info__info.csv,job-csv,utf8,StdSearch,recursive,full-scan,full-scan,prefix_usa_201,USA:%201%,0,6674158,100000014,100000000,6674158,6674158,0,1,0,1990319999,0,2301,620,52245254,52245874,6674158,5402091,227707,7.828084681243687,7.827991785630487,0.52245874,
job_movie_info_info,movie_info.info,benchmarks/job/../../data/job/movie_info__info.csv,job-csv,utf8,StdSearch,recursive,full-scan,full-scan,prefix_usa_201,USA:%201%,1,6674158,100000014,100000000,6674158,6674158,0,1,0,1990319999,0,2301,190,51341849,51342039,6674158,5402091,227707,7.692661606153166,7.692633138142669,0.51342039,
job_movie_info_info,movie_info.info,benchmarks/job/../../data/job/movie_info__info.csv,job-csv,utf8,StdSearch,recursive,full-scan,full-scan,prefix_usa_201,USA:%201%,2,6674158,100000014,100000000,6674158,6674158,0,1,0,1990319999,0,2301,110,50766997,50767107,6674158,5402091,227707,7.6065186050435125,7.606502123563751,0.50767107,
job_movie_info_info,movie_info.info,benchmarks/job/../../data/job/movie_info__info.csv,job-csv,utf8,StdSearch,recursive,full-scan,full-scan,prefix_usa_201,USA:%201%,3,6674158,100000014,100000000,6674158,6674158,0,1,0,1990319999,0,2301,110,51176468,51176578,6674158,5402091,227707,7.667870314128014,7.6678538326482535,0.51176578,
job_movie_info_info,movie_info.info,benchmarks/job/../../data/job/movie_info__info.csv,job-csv,utf8,StdSearch,recursive,full-scan,full-scan,prefix_usa_201,USA:%201%,4,6674158,100000014,100000000,6674158,6674158,0,1,0,1990319999,0,2301,100,54735601,54735701,6674158,5402091,227707,8.201139529510689,8.20112454634727,0.54735701,
job_movie_info_info,movie_info.info,benchmarks/job/../../data/job/movie_info__info.csv,job-csv,utf8,StdSearch,recursive,prefix-btree,prefix-btree,prefix_usa_201,USA:%201%,0,6674158,100000014,100000000,6674158,6674158,0,1,0,1990319999,1558029554,2301,13308673,24933667,38242340,935876,833915,227707,5.729912297551242,26.642062623680914,0.3824234,
job_movie_info_info,movie_info.info,benchmarks/job/../../data/job/movie_info__info.csv,job-csv,utf8,StdSearch,recursive,prefix-btree,prefix-btree,prefix_usa_201,USA:%201%,1,6674158,100000014,100000000,6674158,6674158,0,1,0,1990319999,1558029554,2301,13168317,25062641,38230958,935876,833915,227707,5.728206913890861,26.77987361573542,0.38230958,
job_movie_info_info,movie_info.info,benchmarks/job/../../data/job/movie_info__info.csv,job-csv,utf8,StdSearch,recursive,prefix-btree,prefix-btree,prefix_usa_201,USA:%201%,2,6674158,100000014,100000000,6674158,6674158,0,1,0,1990319999,1558029554,2301,14031498,25349669,39381167,935876,833915,227707,5.900544608023964,27.086568092354117,0.39381167,
job_movie_info_info,movie_info.info,benchmarks/job/../../data/job/movie_info__info.csv,job-csv,utf8,StdSearch,recursive,prefix-btree,prefix-btree,prefix_usa_201,USA:%201%,3,6674158,100000014,100000000,6674158,6674158,0,1,0,1990319999,1558029554,2301,15501396,26286005,41787401,935876,833915,227707,6.261074580493899,28.087059610461214,0.41787401,
job_movie_info_info,movie_info.info,benchmarks/job/../../data/job/movie_info__info.csv,job-csv,utf8,StdSearch,recursive,prefix-btree,prefix-btree,prefix_usa_201,USA:%201%,4,6674158,100000014,100000000,6674158,6674158,0,1,0,1990319999,1558029554,2301,13965550,25468464,39434014,935876,833915,227707,5.908462760396143,27.2135026435126,0.39434014,
job_movie_info_info,movie_info.info,benchmarks/job/../../data/job/movie_info__info.csv,job-csv,utf8,StdSearch,recursive,qgram,full-scan,prefix_usa_201,USA:%201%,0,6674158,100000014,100000000,6674158,6674158,0,1,0,1990319999,2909990269,2301,520,52044209,52044729,6674158,5402091,227707,7.797946797184005,7.797868884734224,0.52044729,literal-shorter-than-qgram
job_movie_info_info,movie_info.info,benchmarks/job/../../data/job/movie_info__info.csv,job-csv,utf8,StdSearch,recursive,qgram,full-scan,prefix_usa_201,USA:%201%,1,6674158,100000014,100000000,6674158,6674158,0,1,0,1990319999,2909990269,2301,100,51160186,51160286,6674158,5402091,227707,7.665429257143748,7.665414273980328,0.51160286,literal-shorter-than-qgram
job_movie_info_info,movie_info.info,benchmarks/job/../../data/job/movie_info__info.csv,job-csv,utf8,StdSearch,recursive,qgram,full-scan,prefix_usa_201,USA:%201%,2,6674158,100000014,100000000,6674158,6674158,0,1,0,1990319999,2909990269,2301,120,51153604,51153724,6674158,5402091,227707,7.6644460619601755,7.664428082164072,0.51153724,literal-shorter-than-qgram
job_movie_info_info,movie_info.info,benchmarks/job/../../data/job/movie_info__info.csv,job-csv,utf8,StdSearch,recursive,qgram,full-scan,prefix_usa_201,USA:%201%,3,6674158,100000014,100000000,6674158,6674158,0,1,0,1990319999,2909990269,2301,100,50494074,50494174,6674158,5402091,227707,7.565624607628408,7.565609624464988,0.50494174,literal-shorter-than-qgram
job_movie_info_info,movie_info.info,benchmarks/job/../../data/job/movie_info__info.csv,job-csv,utf8,StdSearch,recursive,qgram,full-scan,prefix_usa_201,USA:%201%,4,6674158,100000014,100000000,6674158,6674158,0,1,0,1990319999,2909990269,2301,190,50964407,50964597,6674158,5402091,227707,7.636108854480221,7.6360803864697235,0.50964597,literal-shorter-than-qgram
job_movie_info_info,movie_info.info,benchmarks/job/../../data/job/movie_info__info.csv,job-csv,utf8,StdSearch,recursive,trigram,trigram,prefix_usa_201,USA:%201%,0,6674158,100000014,100000000,6674158,6674158,0,1,0,1990319999,3626250845,2301,1594905,24697422,26292327,935876,833915,227707,3.9394223211377377,26.389630677568395,0.26292327,
job_movie_info_info,movie_info.info,benchmarks/job/../../data/job/movie_info__info.csv,job-csv,utf8,StdSearch,recursive,trigram,trigram,prefix_usa_201,USA:%201%,1,6674158,100000014,100000000,6674158,6674158,0,1,0,1990319999,3626250845,2301,1751444,24844459,26595903,935876,833915,227707,3.9849076093194076,26.546742303467553,0.26595903,
job_movie_info_info,movie_info.info,benchmarks/job/../../data/job/movie_info__info.csv,job-csv,utf8,StdSearch,recursive,trigram,trigram,prefix_usa_201,USA:%201%,2,6674158,100000014,100000000,6674158,6674158,0,1,0,1990319999,3626250845,2301,1533348,24326401,25859749,935876,833915,227707,3.874608452481946,25.99318820014617,0.25859749,
job_movie_info_info,movie_info.info,benchmarks/job/../../data/job/movie_info__info.csv,job-csv,utf8,StdSearch,recursive,trigram,trigram,prefix_usa_201,USA:%201%,3,6674158,100000014,100000000,6674158,6674158,0,1,0,1990319999,3626250845,2301,1514276,24882244,26396520,935876,833915,227707,3.9550337285991732,26.587116241895295,0.2639652,
job_movie_info_info,movie_info.info,benchmarks/job/../../data/job/movie_info__info.csv,job-csv,utf8,StdSearch,recursive,trigram,trigram,prefix_usa_201,USA:%201%,4,6674158,100000014,100000000,6674158,6674158,0,1,0,1990319999,3626250845,2301,1482812,24610432,26093244,935876,833915,227707,3.909593389907761,26.296680329445355,0.26093244,
