dataset,column,data_path,data_type,storage,algorithm,generic_matcher,requested_index,actual_index,pattern_name,pattern,iteration,row_count,total_input_sequence_bytes,total_loaded_symbols,records_seen,records_loaded,records_skipped,records_truncated,records_invalid_dna,load_ns,index_build_ns,compile_ns,candidate_prepare_ns,execute_ns,query_total_ns,candidate_rows_seen,rows_after_len_filter,rows_matched,ns_per_table_row,ns_per_candidate_row,ns_per_loaded_symbol,fallback_reason
job_title_title,title.title,benchmarks/job/../../data/job/title__title.csv,job-csv,utf8,LibcMemmem,static,fm,fm,contains_champion,%Champion%,0,2528312,41409377,41409377,2528312,2528312,0,0,0,732255756,50052993057,5740,21907,90889,112796,1870,1870,1870,0.044613164830922765,48.60374331550802,0.0027239241005726795,
job_title_title,title.title,benchmarks/job/../../data/job/title__title.csv,job-csv,utf8,LibcMemmem,static,fm,fm,contains_champion,%Champion%,1,2528312,41409377,41409377,2528312,2528312,0,0,0,732255756,50052993057,5740,22777,86770,109547,1870,1870,1870,0.04332811773230519,46.401069518716575,0.0026454636108145264,
job_title_title,title.title,benchmarks/job/../../data/job/title__title.csv,job-csv,utf8,LibcMemmem,static,fm,fm,contains_champion,%Champion%,2,2528312,41409377,41409377,2528312,2528312,0,0,0,732255756,50052993057,5740,19367,81270,100637,1870,1870,1870,0.039804027351054774,43.45989304812834,0.0024302949546910597,
job_title_title,title.title,benchmarks/job/../../data/job/title__title.csv,job-csv,utf8,LibcMemmem,static,fm,fm,contains_champion,%Champion%,3,2528312,41409377,41409377,2528312,2528312,0,0,0,732255756,50052993057,5740,19337,78861,98198,1870,1870,1870,0.03883935210527815,42.171657754010695,0.0023713952518532215,
job_title_title,title.title,benchmarks/job/../../data/job/title__title.csv,job-csv,utf8,LibcMemmem,static,fm,fm,contains_champion,%Champion%,4,2528312,41409377,41409377,2528312,2528312,0,0,0,732255756,50052993057,5740,19148,77050,96198,1870,1870,1870,0.03804831049332519,41.20320855614973,0.002323097012543801,
job_title_title,title.title,benchmarks/job/../../data/job/title__title.csv,job-csv,utf8,LibcMemmem,static,full-scan,full-scan,contains_champion,%Champion%,0,2528312,41409377,41409377,2528312,2528312,0,0,0,732255756,0,5740,1170,57698521,57699691,2528312,2138136,1870,22.82142828891371,22.820965529570717,1.393396741998799,
job_title_title,title.title,benchmarks/job/../../data/job/title__title.csv,job-csv,utf8,LibcMemmem,static,full-scan,full-scan,contains_champion,%Champion%,1,2528312,41409377,41409377,2528312,2528312,0,0,0,732255756,0,5740,100,57047543,57047643,2528312,2138136,1870,22.56352973841836,22.563490186337763,1.3776503568261846,
job_title_title,title.title,benchmarks/job/../../data/job/title__title.csv,job-csv,utf8,LibcMemmem,static,full-scan,full-scan,contains_champion,%Champion%,2,2528312,41409377,41409377,2528312,2528312,0,0,0,732255756,0,5740,100,57152529,57152629,2528312,2138136,1870,22.605053885754607,22.60501433367401,1.380185676302254,
job_title_title,title.title,benchmarks/job/../../data/job/title__title.csv,job-csv,utf8,LibcMemmem,static,full-scan,full-scan,contains_champion,%Champion%,3,2528312,41409377,41409377,2528312,2528312,0,0,0,732255756,0,5740,110,57800059,57800169,2528312,2138136,1870,22.861169428456616,22.861125921167957,1.395823197243465,
job_title_title,title.title,benchmarks/job/../../data/job/title__title.csv,job-csv,utf8,LibcMemmem,static,full-scan,full-scan,contains_champion,%Champion%,4,2528312,41409377,41409377,2528312,2528312,0,0,0,732255756,0,5740,110,57499816,57499926,2528312,2138136,1870,22.74241707510782,22.74237356781916,1.3885725931109758,
job_title_title,title.title,benchmarks/job/../../data/job/title__title.csv,job-csv,utf8,LibcMemmem,static,prefix-btree,full-scan,contains_champion,%Champion%,0,2528312,41409377,41409377,2528312,2528312,0,0,0,732255756,1436756712,5740,1040,58338702,58339742,2528312,2138136,1870,23.07458177629976,23.074170434661546,1.4088534101829158,no-indexable-prefix
job_title_title,title.title,benchmarks/job/../../data/job/title__title.csv,job-csv,utf8,LibcMemmem,static,prefix-btree,full-scan,contains_champion,%Champion%,1,2528312,41409377,41409377,2528312,2528312,0,0,0,732255756,1436756712,5740,840,58632275,58633115,2528312,2138136,1870,23.190616901711497,23.19028466423448,1.415938109863377,no-indexable-prefix
job_title_title,title.title,benchmarks/job/../../data/job/title__title.csv,job-csv,utf8,LibcMemmem,static,prefix-btree,full-scan,contains_champion,%Champion%,2,2528312,41409377,41409377,2528312,2528312,0,0,0,732255756,1436756712,5740,650,57878048,57878698,2528312,2138136,1870,22.89222928182914,22.891972193305257,1.3977196034608297,no-indexable-prefix
job_title_title,title.title,benchmarks/job/../../data/job/title__title.csv,job-csv,utf8,LibcMemmem,static,prefix-btree,full-scan,contains_champion,%Champion%,3,2528312,41409377,41409377,2528312,2528312,0,0,0,732255756,1436756712,5740,540,57612325,57612865,2528312,2138136,1870,22.787086799413995,22.78687321817877,1.391299970535659,no-indexable-prefix
job_title_title,title.title,benchmarks/job/../../data/job/title__title.csv,job-csv,utf8,LibcMemmem,static,prefix-btree,full-scan,contains_champion,%Champion%,4,2528312,41409377,41409377,2528312,2528312,0,0,0,732255756,1436756712,5740,769,58388109,58388878,2528312,2138136,1870,23.094016086622222,23.093711931122424,1.4100400013262697,no-indexable-prefix
job_title_title,title.title,benchmarks/job/../../data/job/title__title.csv,job-csv,utf8,LibcMemmem,static,qgram,full-scan,contains_champion,%Champion%,0,2528312,41409377,41409377,2528312,2528312,0,0,0,732255756,1004699400,5740,520,59282568,59283088,2528312,2138136,1870,23.447694746534445,23.44748907571534,1.431634385612708,literal-shorter-than-qgram
job_title_title,title.title,benchmarks/job/../../data/job/title__title.csv,job-csv,utf8,LibcMemmem,static,qgram,full-scan,contains_champion,%Champion%,1,2528312,41409377,41409377,2528312,2528312,0,0,0,732255756,1004699400,5740,120,59979979,59980099,2528312,2138136,1870,23.723377099028916,23.7233296365322,1.448466587652357,literal-shorter-than-qgram
job_title_title,title.title,benchmarks/job/../../data/job/title__title.csv,job-csv,utf8,LibcMemmem,static,qgram,full-scan,contains_champion,%Champion%,2,2528312,41409377,41409377,2528312,2528312,0,0,0,732255756,1004699400,5740,110,73335502,73335612,2528312,2138136,1870,29.00576036501824,29.005716857729585,1.7709904691393932,literal-shorter-than-qgram
job_title_title,title.title,benchmarks/job/../../data/job/title__title.csv,job-csv,utf8,LibcMemmem,static,qgram,full-scan,contains_champion,%Champion%,3,2528312,41409377,41409377,2528312,2528312,0,0,0,732255756,1004699400,5740,110,63219447,63219557,2528312,2138136,1870,25.004650138115867,25.004606630827208,1.526696646510765,literal-shorter-than-qgram
job_title_title,title.title,benchmarks/job/../../data/job/title__title.csv,job-csv,utf8,LibcMemmem,static,qgram,full-scan,contains_champion,%Champion%,4,2528312,41409377,41409377,2528312,2528312,0,0,0,732255756,1004699400,5740,110,59568916,59569026,2528312,2138136,1870,23.560789174753747,23.560745667465092,1.4385395365885365,literal-shorter-than-qgram
job_title_title,title.title,benchmarks/job/../../data/job/title__title.csv,job-csv,utf8,LibcMemmem,static,trigram,trigram,contains_champion,%Champion%,0,2528312,41409377,41409377,2528312,2528312,0,0,0,732255756,2371910032,5740,127852,92357,220209,1870,1870,1870,0.08709724116327415,49.38877005347594,0.005317853490044055,
job_title_title,title.title,benchmarks/job/../../data/job/title__title.csv,job-csv,utf8,LibcMemmem,static,trigram,trigram,contains_champion,%Champion%,1,2528312,41409377,41409377,2528312,2528312,0,0,0,732255756,2371910032,5740,125623,90288,215911,1870,1870,1870,0.08539729273918725,48.28235294117647,0.005214060573768111,
job_title_title,title.title,benchmarks/job/../../data/job/title__title.csv,job-csv,utf8,LibcMemmem,static,trigram,trigram,contains_champion,%Champion%,2,2528312,41409377,41409377,2528312,2528312,0,0,0,732255756,2371910032,5740,124203,89548,213751,1870,1870,1870,0.08454296779827807,47.88663101604278,0.0051618984753139365,
job_title_title,title.title,benchmarks/job/../../data/job/title__title.csv,job-csv,utf8,LibcMemmem,static,trigram,trigram,contains_champion,%Champion%,3,2528312,41409377,41409377,2528312,2528312,0,0,0,732255756,2371910032,5740,123453,88758,212211,1870,1870,1870,0.08393386575707429,47.46417112299465,0.005124708831045683,
job_title_title,title.title,benchmarks/job/../../data/job/title__title.csv,job-csv,utf8,LibcMemmem,static,trigram,trigram,contains_champion,%Champion%,4,2528312,41409377,41409377,2528312,2528312,0,0,0,732255756,2371910032,5740,123083,88278,211361,1870,1870,1870,0.08359767307199428,47.207486631016046,0.00510418207933918,
job_title_title,title.title,benchmarks/job/../../data/job/title__title.csv,job-csv,utf8,LibcMemmem,static,fm,fm,contains_freddy,%Freddy%,0,2528312,41409377,41409377,2528312,2528312,0,0,0,732255756,50052993057,1869,1290,5019,6309,146,146,146,0.002495340764905597,34.37671232876713,0.00015235679590156596,
job_title_title,title.title,benchmarks/job/../../data/job/title__title.csv,job-csv,utf8,LibcMemmem,static,fm,fm,contains_freddy,%Freddy%,1,2528312,41409377,41409377,2528312,2528312,0,0,0,732255756,50052993057,1869,1030,4179,5209,146,146,146,0.002060267878331472,28.623287671232877,0.00012579276428138487,
job_title_title,title.title,benchmarks/job/../../data/job/title__title.csv,job-csv,utf8,LibcMemmem,static,fm,fm,contains_freddy,%Freddy%,2,2528312,41409377,41409377,2528312,2528312,0,0,0,732255756,50052993057,1869,920,3690,4610,146,146,146,0.0018233509155515617,25.273972602739725,0.00011132744160821353,
job_title_title,title.title,benchmarks/job/../../data/job/title__title.csv,job-csv,utf8,LibcMemmem,static,fm,fm,contains_freddy,%Freddy%,3,2528312,41409377,41409377,2528312,2528312,0,0,0,732255756,50052993057,1869,909,3510,4419,146,146,146,0.0017478064416100545,24.041095890410958,0.00010671495975416389,
job_title_title,title.title,benchmarks/job/../../data/job/title__title.csv,job-csv,utf8,LibcMemmem,static,fm,fm,contains_freddy,%Freddy%,4,2528312,41409377,41409377,2528312,2528312,0,0,0,732255756,50052993057,1869,980,3459,4439,146,146,146,0.001755716857729584,23.69178082191781,0.0001071979421472581,
job_title_title,title.title,benchmarks/job/../../data/job/title__title.csv,job-csv,utf8,LibcMemmem,static,full-scan,full-scan,contains_freddy,%Freddy%,0,2528312,41409377,41409377,2528312,2528312,0,0,0,732255756,0,1869,480,65691641,65692121,2528312,2471557,146,25.982600644224288,25.98241079423742,1.5864068904006936,
job_title_title,title.title,benchmarks/job/../../data/job/title__title.csv,job-csv,utf8,LibcMemmem,static,full-scan,full-scan,contains_freddy,%Freddy%,1,2528312,41409377,41409377,2528312,2528312,0,0,0,732255756,0,1869,420,65238251,65238671,2528312,2471557,146,25.803251734754255,25.803085616015746,1.5754564720932653,
job_title_title,title.title,benchmarks/job/../../data/job/title__title.csv,job-csv,utf8,LibcMemmem,static,full-scan,full-scan,contains_freddy,%Freddy%,2,2528312,41409377,41409377,2528312,2528312,0,0,0,732255756,0,1869,100,64415144,64415244,2528312,2471557,146,25.47756922405146,25.477529671970863,1.5555714349433463,
job_title_title,title.title,benchmarks/job/../../data/job/title__title.csv,job-csv,utf8,LibcMemmem,static,full-scan,full-scan,contains_freddy,%Freddy%,3,2528312,41409377,41409377,2528312,2528312,0,0,0,732255756,0,1869,130,63171903,63172033,2528312,2471557,146,24.98585340733264,24.985801989627863,1.5255489837482945,
job_title_title,title.title,benchmarks/job/../../data/job/title__title.csv,job-csv,utf8,LibcMemmem,static,full-scan,full-scan,contains_freddy,%Freddy%,4,2528312,41409377,41409377,2528312,2528312,0,0,0,732255756,0,1869,100,64487226,64487326,2528312,2471557,146,25.50607915478786,25.50603960270726,1.5573121517862971,
job_title_title,title.title,benchmarks/job/../../data/job/title__title.csv,job-csv,utf8,LibcMemmem,static,prefix-btree,full-scan,contains_freddy,%Freddy%,0,2528312,41409377,41409377,2528312,2528312,0,0,0,732255756,1436756712,1869,810,64515040,64515850,2528312,2471557,146,25.517360990257533,25.51704061840469,1.5580009812753282,no-indexable-prefix
job_title_title,title.title,benchmarks/job/../../data/job/title__title.csv,job-csv,utf8,LibcMemmem,static,prefix-btree,full-scan,contains_freddy,%Freddy%,1,2528312,41409377,41409377,2528312,2528312,0,0,0,732255756,1436756712,1869,460,64462087,64462547,2528312,2471557,146,25.49627854473657,25.496096605165818,1.556713760750373,no-indexable-prefix
job_title_title,title.title,benchmarks/job/../../data/job/title__title.csv,job-csv,utf8,LibcMemmem,static,prefix-btree,full-scan,contains_freddy,%Freddy%,2,2528312,41409377,41409377,2528312,2528312,0,0,0,732255756,1436756712,1869,510,64265696,64266206,2528312,2471557,146,25.41862159417034,25.41841987855929,1.5519722984482476,no-indexable-prefix
job_title_title,title.title,benchmarks/job/../../data/job/title__title.csv,job-csv,utf8,LibcMemmem,static,prefix-btree,full-scan,contains_freddy,%Freddy%,3,2528312,41409377,41409377,2528312,2528312,0,0,0,732255756,1436756712,1869,350,64592548,64592898,2528312,2471557,146,25.547835077316407,25.547696645034314,1.559861622646484,no-indexable-prefix
job_title_title,title.title,benchmarks/job/../../data/job/title__title.csv,job-csv,utf8,LibcMemmem,static,prefix-btree,full-scan,contains_freddy,%Freddy%,4,2528312,41409377,41409377,2528312,2528312,0,0,0,732255756,1436756712,1869,390,64960074,64960464,2528312,2471557,146,25.693215077885956,25.693060824771628,1.5687380179614874,no-indexable-prefix
job_title_title,title.title,benchmarks/job/../../data/job/title__title.csv,job-csv,utf8,LibcMemmem,static,qgram,full-scan,contains_freddy,%Freddy%,0,2528312,41409377,41409377,2528312,2528312,0,0,0,732255756,1004699400,1869,790,63727227,63728017,2528312,2471557,146,25.205756647122666,25.205444185685945,1.5389755078903988,literal-shorter-than-qgram
job_title_title,title.title,benchmarks/job/../../data/job/title__title.csv,job-csv,utf8,LibcMemmem,static,qgram,full-scan,contains_freddy,%Freddy%,1,2528312,41409377,41409377,2528312,2528312,0,0,0,732255756,1004699400,1869,99,65039782,65039881,2528312,2471557,146,25.724626153734192,25.7245869971744,1.5706558685971055,literal-shorter-than-qgram
job_title_title,title.title,benchmarks/job/../../data/job/title__title.csv,job-csv,utf8,LibcMemmem,static,qgram,full-scan,contains_freddy,%Freddy%,2,2528312,41409377,41409377,2528312,2528312,0,0,0,732255756,1004699400,1869,110,63761900,63762010,2528312,2471557,146,25.219201585880224,25.219158078591565,1.5397964089148215,literal-shorter-than-qgram
job_title_title,title.title,benchmarks/job/../../data/job/title__title.csv,job-csv,utf8,LibcMemmem,static,qgram,full-scan,contains_freddy,%Freddy%,3,2528312,41409377,41409377,2528312,2528312,0,0,0,732255756,1004699400,1869,120,63548592,63548712,2528312,2471557,146,25.134837789007054,25.134790326510334,1.534645449990711,literal-shorter-than-qgram
job_title_title,title.title,benchmarks/job/../../data/job/title__title.csv,job-csv,utf8,LibcMemmem,static,qgram,full-scan,contains_freddy,%Freddy%,4,2528312,41409377,41409377,2528312,2528312,0,0,0,732255756,1004699400,1869,110,63391815,63391925,2528312,2471557,146,25.07282526840042,25.072781761111763,1.530859181967408,literal-shorter-than-qgram
job_title_title,title.title,benchmarks/job/../../data/job/title__title.csv,job-csv,utf8,LibcMemmem,static,trigram,trigram,contains_freddy,%Freddy%,0,2528312,41409377,41409377,2528312,2528312,0,0,0,732255756,2371910032,1869,27376,5270,32646,146,146,146,0.012912172231908088,36.0958904109589,0.0007883721602476657,
job_title_title,title.title,benchmarks/job/../../data/job/title__title.csv,job-csv,utf8,LibcMemmem,static,trigram,trigram,contains_freddy,%Freddy%,1,2528312,41409377,41409377,2528312,2528312,0,0,0,732255756,2371910032,1869,23527,4439,27966,146,146,146,0.011061134859938173,30.404109589041095,0.0006753542802636224,
job_title_title,title.title,benchmarks/job/../../data/job/title__title.csv,job-csv,utf8,LibcMemmem,static,trigram,trigram,contains_freddy,%Freddy%,2,2528312,41409377,41409377,2528312,2528312,0,0,0,732255756,2371910032,1869,23477,5229,28706,146,146,146,0.011353820256360765,35.81506849315068,0.0006932246288081079,
job_title_title,title.title,benchmarks/job/../../data/job/title__title.csv,job-csv,utf8,LibcMemmem,static,trigram,trigram,contains_freddy,%Freddy%,3,2528312,41409377,41409377,2528312,2528312,0,0,0,732255756,2371910032,1869,21017,3669,24686,146,146,146,0.009763826616335326,25.13013698630137,0.0005961451677961733,
job_title_title,title.title,benchmarks/job/../../data/job/title__title.csv,job-csv,utf8,LibcMemmem,static,trigram,trigram,contains_freddy,%Freddy%,4,2528312,41409377,41409377,2528312,2528312,0,0,0,732255756,2371910032,1869,20457,3560,24017,146,146,146,0.009499223197137063,24.383561643835616,0.0005799894067471722,
job_title_title,title.title,benchmarks/job/../../data/job/title__title.csv,job-csv,utf8,LibcMemmem,static,fm,fm,contains_jason,%Jason%,0,2528312,41409377,41409377,2528312,2528312,0,0,0,732255756,50052993057,1579,4749,18587,23336,482,482,482,0.00922987352826708,38.56224066390042,0.0005635438562623146,
job_title_title,title.title,benchmarks/job/../../data/job/title__title.csv,job-csv,utf8,LibcMemmem,static,fm,fm,contains_jason,%Jason%,1,2528312,41409377,41409377,2528312,2528312,0,0,0,732255756,50052993057,1579,3770,15397,19167,482,482,482,0.0075809472881511455,31.943983402489625,0.0004628661764218283,
job_title_title,title.title,benchmarks/job/../../data/job/title__title.csv,job-csv,utf8,LibcMemmem,static,fm,fm,contains_jason,%Jason%,2,2528312,41409377,41409377,2528312,2528312,0,0,0,732255756,50052993057,1579,3330,13348,16678,482,482,482,0.006596496002075693,27.692946058091287,0.0004027590176012549,
job_title_title,title.title,benchmarks/job/../../data/job/title__title.csv,job-csv,utf8,LibcMemmem,static,fm,fm,contains_jason,%Jason%,3,2528312,41409377,41409377,2528312,2528312,0,0,0,732255756,50052993057,1579,3269,12519,15788,482,482,482,0.006244482484756628,25.973029045643152,0.00038126630110856295,
job_title_title,title.title,benchmarks/job/../../data/job/title__title.csv,job-csv,utf8,LibcMemmem,static,fm,fm,contains_jason,%Jason%,4,2528312,41409377,41409377,2528312,2528312,0,0,0,732255756,50052993057,1579,3260,12298,15558,482,482,482,0.006153512699382038,25.514522821576765,0.00037571200358797963,
job_title_title,title.title,benchmarks/job/../../data/job/title__title.csv,job-csv,utf8,LibcMemmem,static,full-scan,full-scan,contains_jason,%Jason%,0,2528312,41409377,41409377,2528312,2528312,0,0,0,732255756,0,1579,490,74831263,74831753,2528312,2502331,482,29.597515259192694,29.597321453997765,1.8071209571687108,
job_title_title,title.title,benchmarks/job/../../data/job/title__title.csv,job-csv,utf8,LibcMemmem,static,full-scan,full-scan,contains_jason,%Jason%,1,2528312,41409377,41409377,2528312,2528312,0,0,0,732255756,0,1579,110,64994644,64994754,2528312,2502331,482,25.706777486322892,25.706733979034233,1.5695660912744474,
job_title_title,title.title,benchmarks/job/../../data/job/title__title.csv,job-csv,utf8,LibcMemmem,static,full-scan,full-scan,contains_jason,%Jason%,2,2528312,41409377,41409377,2528312,2528312,0,0,0,732255756,0,1579,110,75112227,75112337,2528312,2502331,482,29.7084920690168,29.70844856172814,1.8138968137579081,
job_title_title,title.title,benchmarks/job/../../data/job/title__title.csv,job-csv,utf8,LibcMemmem,static,full-scan,full-scan,contains_jason,%Jason%,3,2528312,41409377,41409377,2528312,2528312,0,0,0,732255756,0,1579,110,65014414,65014524,2528312,2502331,482,25.714596932657045,25.71455342536839,1.5700435193700208,
job_title_title,title.title,benchmarks/job/../../data/job/title__title.csv,job-csv,utf8,LibcMemmem,static,full-scan,full-scan,contains_jason,%Jason%,4,2528312,41409377,41409377,2528312,2528312,0,0,0,732255756,0,1579,110,65010465,65010575,2528312,2502331,482,25.713035020994244,25.712991513705585,1.5699481544965046,
job_title_title,title.title,benchmarks/job/../../data/job/title__title.csv,job-csv,utf8,LibcMemmem,static,prefix-btree,full-scan,contains_jason,%Jason%,0,2528312,41409377,41409377,2528312,2528312,0,0,0,732255756,1436756712,1579,949,64298857,64299806,2528312,2502331,482,25.43191109325115,25.43153574400628,1.5527837088686458,no-indexable-prefix
job_title_title,title.title,benchmarks/job/../../data/job/title__title.csv,job-csv,utf8,LibcMemmem,static,prefix-btree,full-scan,contains_jason,%Jason%,1,2528312,41409377,41409377,2528312,2528312,0,0,0,732255756,1436756712,1579,510,65456163,65456673,2528312,2502331,482,25.88947606149874,25.889274345887692,1.5807210284762314,no-indexable-prefix
job_title_title,title.title,benchmarks/job/../../data/job/title__title.csv,job-csv,utf8,LibcMemmem,static,prefix-btree,full-scan,contains_jason,%Jason%,2,2528312,41409377,41409377,2528312,2528312,0,0,0,732255756,1436756712,1579,580,64277580,64278160,2528312,2502331,482,25.423349649884983,25.423120247817515,1.5522609770246,no-indexable-prefix
job_title_title,title.title,benchmarks/job/../../data/job/title__title.csv,job-csv,utf8,LibcMemmem,static,prefix-btree,full-scan,contains_jason,%Jason%,3,2528312,41409377,41409377,2528312,2528312,0,0,0,732255756,1436756712,1579,570,64860108,64860678,2528312,2502331,482,25.65374763874079,25.653522191881382,1.5663282739076225,no-indexable-prefix
job_title_title,title.title,benchmarks/job/../../data/job/title__title.csv,job-csv,utf8,LibcMemmem,static,prefix-btree,full-scan,contains_jason,%Jason%,4,2528312,41409377,41409377,2528312,2528312,0,0,0,732255756,1436756712,1579,490,63842080,63842570,2528312,2502331,482,25.25106474200969,25.25087093681476,1.541741861994205,no-indexable-prefix
job_title_title,title.title,benchmarks/job/../../data/job/title__title.csv,job-csv,utf8,LibcMemmem,static,qgram,full-scan,contains_jason,%Jason%,0,2528312,41409377,41409377,2528312,2528312,0,0,0,732255756,1004699400,1579,600,64285039,64285639,2528312,2502331,482,25.42630774999288,25.426070437509296,1.5524415882904976,literal-shorter-than-qgram
job_title_title,title.title,benchmarks/job/../../data/job/title__title.csv,job-csv,utf8,LibcMemmem,static,qgram,full-scan,contains_jason,%Jason%,1,2528312,41409377,41409377,2528312,2528312,0,0,0,732255756,1004699400,1579,110,63840609,63840719,2528312,2502331,482,25.250332632997825,25.25028912570917,1.5416971619737239,literal-shorter-than-qgram
job_title_title,title.title,benchmarks/job/../../data/job/title__title.csv,job-csv,utf8,LibcMemmem,static,qgram,full-scan,contains_jason,%Jason%,2,2528312,41409377,41409377,2528312,2528312,0,0,0,732255756,1004699400,1579,100,64134632,64134732,2528312,2502331,482,25.36662089172539,25.366581339644792,1.5487973170907643,literal-shorter-than-qgram
job_title_title,title.title,benchmarks/job/../../data/job/title__title.csv,job-csv,utf8,LibcMemmem,static,qgram,full-scan,contains_jason,%Jason%,3,2528312,41409377,41409377,2528312,2528312,0,0,0,732255756,1004699400,1579,100,64859740,64859840,2528312,2502331,482,25.65341619230538,25.65337664022478,1.5663080369453517,literal-shorter-than-qgram
job_title_title,title.title,benchmarks/job/../../data/job/title__title.csv,job-csv,utf8,LibcMemmem,static,qgram,full-scan,contains_jason,%Jason%,4,2528312,41409377,41409377,2528312,2528312,0,0,0,732255756,1004699400,1579,100,64515896,64515996,2528312,2502331,482,25.517418736295205,25.517379184214608,1.5580045070467976,literal-shorter-than-qgram
job_title_title,title.title,benchmarks/job/../../data/job/title__title.csv,job-csv,utf8,LibcMemmem,static,trigram,trigram,contains_jason,%Jason%,0,2528312,41409377,41409377,2528312,2528312,0,0,0,732255756,2371910032,1579,19557,18317,37874,482,482,482,0.014979955005553111,38.00207468879668,0.00091462375780249,
job_title_title,title.title,benchmarks/job/../../data/job/title__title.csv,job-csv,utf8,LibcMemmem,static,trigram,trigram,contains_jason,%Jason%,1,2528312,41409377,41409377,2528312,2528312,0,0,0,732255756,2371910032,1579,18617,19097,37714,482,482,482,0.014916671676596875,39.62033195020747,0.0009107598986577364,
job_title_title,title.title,benchmarks/job/../../data/job/title__title.csv,job-csv,utf8,LibcMemmem,static,trigram,trigram,contains_jason,%Jason%,2,2528312,41409377,41409377,2528312,2528312,0,0,0,732255756,2371910032,1579,18017,13187,31204,482,482,482,0.012341831229690006,27.358921161825727,0.0007535491297055737,
job_title_title,title.title,benchmarks/job/../../data/job/title__title.csv,job-csv,utf8,LibcMemmem,static,trigram,trigram,contains_jason,%Jason%,3,2528312,41409377,41409377,2528312,2528312,0,0,0,732255756,2371910032,1579,17727,12188,29915,482,482,482,0.011832004910786327,25.286307053941908,0.0007224209144706524,
job_title_title,title.title,benchmarks/job/../../data/job/title__title.csv,job-csv,utf8,LibcMemmem,static,trigram,trigram,contains_jason,%Jason%,4,2528312,41409377,41409377,2528312,2528312,0,0,0,732255756,2371910032,1579,17497,12018,29515,482,482,482,0.011673796588395737,24.933609958506224,0.0007127612666087684,
job_title_title,title.title,benchmarks/job/../../data/job/title__title.csv,job-csv,utf8,LibcMemmem,static,fm,fm,contains_kung_fu_panda,%Kung%Fu%Panda%,0,2528312,41409377,41409377,2528312,2528312,0,0,0,732255756,50052993057,2100,2400,9488,11888,253,232,20,0.0047019513414483655,37.50197628458498,0.00028708473445519355,
job_title_title,title.title,benchmarks/job/../../data/job/title__title.csv,job-csv,utf8,LibcMemmem,static,fm,fm,contains_kung_fu_panda,%Kung%Fu%Panda%,1,2528312,41409377,41409377,2528312,2528312,0,0,0,732255756,50052993057,2100,1860,8268,10128,253,232,20,0.004005834722929765,32.6798418972332,0.0002445822838629038,
job_title_title,title.title,benchmarks/job/../../data/job/title__title.csv,job-csv,utf8,LibcMemmem,static,fm,fm,contains_kung_fu_panda,%Kung%Fu%Panda%,2,2528312,41409377,41409377,2528312,2528312,0,0,0,732255756,50052993057,2100,1680,7729,9409,253,232,20,0.0037214552634326774,30.549407114624508,0.00022721906683116725,
job_title_title,title.title,benchmarks/job/../../data/job/title__title.csv,job-csv,utf8,LibcMemmem,static,fm,fm,contains_kung_fu_panda,%Kung%Fu%Panda%,3,2528312,41409377,41409377,2528312,2528312,0,0,0,732255756,50052993057,2100,1609,7549,9158,253,232,20,0.0036221795411325816,29.83794466403162,0.000221157637797835,
job_title_title,title.title,benchmarks/job/../../data/job/title__title.csv,job-csv,utf8,LibcMemmem,static,fm,fm,contains_kung_fu_panda,%Kung%Fu%Panda%,4,2528312,41409377,41409377,2528312,2528312,0,0,0,732255756,50052993057,2100,2289,9259,11548,253,232,20,0.0045674742674163635,36.59683794466403,0.0002788740337725921,
job_title_title,title.title,benchmarks/job/../../data/job/title__title.csv,job-csv,utf8,LibcMemmem,static,full-scan,full-scan,contains_kung_fu_panda,%Kung%Fu%Panda%,0,2528312,41409377,41409377,2528312,2528312,0,0,0,732255756,0,2100,530,56820051,56820581,2528312,1799921,20,22.47372199317173,22.47351236714456,1.3721670094191467,
job_title_title,title.title,benchmarks/job/../../data/job/title__title.csv,job-csv,utf8,LibcMemmem,static,full-scan,full-scan,contains_kung_fu_panda,%Kung%Fu%Panda%,1,2528312,41409377,41409377,2528312,2528312,0,0,0,732255756,0,2100,100,57107162,57107262,2528312,1799921,20,22.58711029334987,22.587070741269272,1.3790901031908787,
job_title_title,title.title,benchmarks/job/../../data/job/title__title.csv,job-csv,utf8,LibcMemmem,static,full-scan,full-scan,contains_kung_fu_panda,%Kung%Fu%Panda%,2,2528312,41409377,41409377,2528312,2528312,0,0,0,732255756,0,2100,110,58684966,58685076,2528312,1799921,20,23.211168558310842,23.211125051022183,1.4171929222697555,
job_title_title,title.title,benchmarks/job/../../data/job/title__title.csv,job-csv,utf8,LibcMemmem,static,full-scan,full-scan,contains_kung_fu_panda,%Kung%Fu%Panda%,3,2528312,41409377,41409377,2528312,2528312,0,0,0,732255756,0,2100,110,56922523,56922633,2528312,1799921,20,22.51408568246324,22.514042175174584,1.3746314753781492,
job_title_title,title.title,benchmarks/job/../../data/job/title__title.csv,job-csv,utf8,LibcMemmem,static,full-scan,full-scan,contains_kung_fu_panda,%Kung%Fu%Panda%,4,2528312,41409377,41409377,2528312,2528312,0,0,0,732255756,0,2100,100,56726476,56726576,2528312,1799921,20,22.43654105980591,22.436501507725314,1.3698968714260058,
job_title_title,title.title,benchmarks/job/../../data/job/title__title.csv,job-csv,utf8,LibcMemmem,static,prefix-btree,full-scan,contains_kung_fu_panda,%Kung%Fu%Panda%,0,2528312,41409377,41409377,2528312,2528312,0,0,0,732255756,1436756712,2100,459,57940203,57940662,2528312,1799921,20,22.91673733305067,22.916555789000725,1.399215979511114,no-indexable-prefix
job_title_title,title.title,benchmarks/job/../../data/job/title__title.csv,job-csv,utf8,LibcMemmem,static,prefix-btree,full-scan,contains_kung_fu_panda,%Kung%Fu%Panda%,1,2528312,41409377,41409377,2528312,2528312,0,0,0,732255756,1436756712,2100,130,58059253,58059383,2528312,1799921,20,22.963693958657,22.963642540952225,1.402082987145641,no-indexable-prefix
job_title_title,title.title,benchmarks/job/../../data/job/title__title.csv,job-csv,utf8,LibcMemmem,static,prefix-btree,full-scan,contains_kung_fu_panda,%Kung%Fu%Panda%,2,2528312,41409377,41409377,2528312,2528312,0,0,0,732255756,1436756712,2100,140,57115329,57115469,2528312,1799921,20,22.59035633260452,22.590300959691685,1.379288295015885,no-indexable-prefix
job_title_title,title.title,benchmarks/job/../../data/job/title__title.csv,job-csv,utf8,LibcMemmem,static,prefix-btree,full-scan,contains_kung_fu_panda,%Kung%Fu%Panda%,3,2528312,41409377,41409377,2528312,2528312,0,0,0,732255756,1436756712,2100,140,56895918,56896058,2528312,1799921,20,22.503574717044415,22.50351934413158,1.3739897125233254,no-indexable-prefix
job_title_title,title.title,benchmarks/job/../../data/job/title__title.csv,job-csv,utf8,LibcMemmem,static,prefix-btree,full-scan,contains_kung_fu_panda,%Kung%Fu%Panda%,4,2528312,41409377,41409377,2528312,2528312,0,0,0,732255756,1436756712,2100,210,57308149,57308359,2528312,1799921,20,22.666648340869322,22.66656528150007,1.383946418706082,no-indexable-prefix
job_title_title,title.title,benchmarks/job/../../data/job/title__title.csv,job-csv,utf8,LibcMemmem,static,qgram,full-scan,contains_kung_fu_panda,%Kung%Fu%Panda%,0,2528312,41409377,41409377,2528312,2528312,0,0,0,732255756,1004699400,2100,500,70427166,70427666,2528312,1799921,20,27.855607219362167,27.85540945895918,1.7007661332359576,literal-shorter-than-qgram
job_title_title,title.title,benchmarks/job/../../data/job/title__title.csv,job-csv,utf8,LibcMemmem,static,qgram,full-scan,contains_kung_fu_panda,%Kung%Fu%Panda%,1,2528312,41409377,41409377,2528312,2528312,0,0,0,732255756,1004699400,2100,110,57946452,57946562,2528312,1799921,20,22.919070905805928,22.919027398517272,1.399358459317077,literal-shorter-than-qgram
job_title_title,title.title,benchmarks/job/../../data/job/title__title.csv,job-csv,utf8,LibcMemmem,static,qgram,full-scan,contains_kung_fu_panda,%Kung%Fu%Panda%,2,2528312,41409377,41409377,2528312,2528312,0,0,0,732255756,1004699400,2100,110,57389453,57389563,2528312,1799921,20,22.698766212397835,22.69872270510918,1.385907423818523,literal-shorter-than-qgram
job_title_title,title.title,benchmarks/job/../../data/job/title__title.csv,job-csv,utf8,LibcMemmem,static,qgram,full-scan,contains_kung_fu_panda,%Kung%Fu%Panda%,3,2528312,41409377,41409377,2528312,2528312,0,0,0,732255756,1004699400,2100,100,58386370,58386470,2528312,1799921,20,23.093063672521428,23.09302412044083,1.4099818502461412,literal-shorter-than-qgram
job_title_title,title.title,benchmarks/job/../../data/job/title__title.csv,job-csv,utf8,LibcMemmem,static,qgram,full-scan,contains_kung_fu_panda,%Kung%Fu%Panda%,4,2528312,41409377,41409377,2528312,2528312,0,0,0,732255756,1004699400,2100,110,58395018,58395128,2528312,1799921,20,23.096488091659573,23.096444584370918,1.4101909333241116,literal-shorter-than-qgram
job_title_title,title.title,benchmarks/job/../../data/job/title__title.csv,job-csv,utf8,LibcMemmem,static,trigram,trigram,contains_kung_fu_panda,%Kung%Fu%Panda%,0,2528312,41409377,41409377,2528312,2528312,0,0,0,732255756,2371910032,2100,101572,11488,113060,267,245,20,0.04471758232370056,43.02621722846442,0.002730299468161523,
job_title_title,title.title,benchmarks/job/../../data/job/title__title.csv,job-csv,utf8,LibcMemmem,static,trigram,trigram,contains_kung_fu_panda,%Kung%Fu%Panda%,1,2528312,41409377,41409377,2528312,2528312,0,0,0,732255756,2371910032,2100,98363,10968,109331,267,245,20,0.04324268523821427,41.07865168539326,0.002640247400969109,
job_title_title,title.title,benchmarks/job/../../data/job/title__title.csv,job-csv,utf8,LibcMemmem,static,trigram,trigram,contains_kung_fu_panda,%Kung%Fu%Panda%,2,2528312,41409377,41409377,2528312,2528312,0,0,0,732255756,2371910032,2100,97043,10468,107511,267,245,20,0.04252283737133708,39.2059925093633,0.0025962960031975365,
job_title_title,title.title,benchmarks/job/../../data/job/title__title.csv,job-csv,utf8,LibcMemmem,static,trigram,trigram,contains_kung_fu_panda,%Kung%Fu%Panda%,3,2528312,41409377,41409377,2528312,2528312,0,0,0,732255756,2371910032,2100,95383,10238,105621,267,245,20,0.041775303048041536,38.344569288389515,0.0025506541670501344,
job_title_title,title.title,benchmarks/job/../../data/job/title__title.csv,job-csv,utf8,LibcMemmem,static,trigram,trigram,contains_kung_fu_panda,%Kung%Fu%Panda%,4,2528312,41409377,41409377,2528312,2528312,0,0,0,732255756,2371910032,2100,94753,10128,104881,267,245,20,0.041482617651618946,37.93258426966292,0.002532783818505649,
job_title_title,title.title,benchmarks/job/../../data/job/title__title.csv,job-csv,utf8,LibcMemmem,static,fm,fm,contains_loser,%Loser%,0,2528312,41409377,41409377,2528312,2528312,0,0,0,732255756,50052993057,1790,3590,14117,17707,349,349,349,0.007003486911425489,40.449856733524356,0.0004276084617259516,
job_title_title,title.title,benchmarks/job/../../data/job/title__title.csv,job-csv,utf8,LibcMemmem,static,fm,fm,contains_loser,%Loser%,1,2528312,41409377,41409377,2528312,2528312,0,0,0,732255756,50052993057,1790,2360,11058,13418,349,349,349,0.005307098174592377,31.68481375358166,0.0003240328875269,
job_title_title,title.title,benchmarks/job/../../data/job/title__title.csv,job-csv,utf8,LibcMemmem,static,fm,fm,contains_loser,%Loser%,2,2528312,41409377,41409377,2528312,2528312,0,0,0,732255756,50052993057,1790,2209,9219,11428,349,349,349,0.004520011770699186,26.415472779369626,0.0002759761394140269,
job_title_title,title.title,benchmarks/job/../../data/job/title__title.csv,job-csv,utf8,LibcMemmem,static,fm,fm,contains_loser,%Loser%,3,2528312,41409377,41409377,2528312,2528312,0,0,0,732255756,50052993057,1790,3149,11189,14338,349,349,349,0.005670977316090736,32.060171919770774,0.0003462500776092333,
job_title_title,title.title,benchmarks/job/../../data/job/title__title.csv,job-csv,utf8,LibcMemmem,static,fm,fm,contains_loser,%Loser%,4,2528312,41409377,41409377,2528312,2528312,0,0,0,732255756,50052993057,1790,2250,8988,11238,349,349,349,0.004444862817563655,25.75358166189112,0.000271387806679632,
job_title_title,title.title,benchmarks/job/../../data/job/title__title.csv,job-csv,utf8,LibcMemmem,static,full-scan,full-scan,contains_loser,%Loser%,0,2528312,41409377,41409377,2528312,2528312,0,0,0,732255756,0,1790,440,64688091,64688531,2528312,2502331,349,25.585659918554356,25.585485889399727,1.562171075406423,
job_title_title,title.title,benchmarks/job/../../data/job/title__title.csv,job-csv,utf8,LibcMemmem,static,full-scan,full-scan,contains_loser,%Loser%,1,2528312,41409377,41409377,2528312,2528312,0,0,0,732255756,0,1790,100,66446650,66446750,2528312,2502331,349,26.281072114517514,26.281032562436913,1.6046305164166077,
job_title_title,title.title,benchmarks/job/../../data/job/title__title.csv,job-csv,utf8,LibcMemmem,static,full-scan,full-scan,contains_loser,%Loser%,2,2528312,41409377,41409377,2528312,2528312,0,0,0,732255756,0,1790,110,65498769,65498879,2528312,2502331,349,25.906169412635784,25.906125905347125,1.581740266220378,
job_title_title,title.title,benchmarks/job/../../data/job/title__title.csv,job-csv,utf8,LibcMemmem,static,full-scan,full-scan,contains_loser,%Loser%,3,2528312,41409377,41409377,2528312,2528312,0,0,0,732255756,0,1790,120,65603050,65603170,2528312,2502331,349,25.947418673011875,25.947371210515158,1.5842588020582875,
job_title_title,title.title,benchmarks/job/../../data/job/title__title.csv,job-csv,utf8,LibcMemmem,static,full-scan,full-scan,contains_loser,%Loser%,4,2528312,41409377,41409377,2528312,2528312,0,0,0,732255756,0,1790,110,64545177,64545287,2528312,2502331,349,25.52900393622306,25.528960428934404,1.5587118589106037,
job_title_title,title.title,benchmarks/job/../../data/job/title__title.csv,job-csv,utf8,LibcMemmem,static,prefix-btree,full-scan,contains_loser,%Loser%,0,2528312,41409377,41409377,2528312,2528312,0,0,0,732255756,1436756712,1790,730,66170579,66171309,2528312,2502331,349,26.172129468198545,26.171840738010182,1.5979788587497947,no-indexable-prefix
job_title_title,title.title,benchmarks/job/../../data/job/title__title.csv,job-csv,utf8,LibcMemmem,static,prefix-btree,full-scan,contains_loser,%Loser%,1,2528312,41409377,41409377,2528312,2528312,0,0,0,732255756,1436756712,1790,490,65387308,65387798,2528312,2502331,349,25.86223456598711,25.86204076079218,1.5790577578600131,no-indexable-prefix
job_title_title,title.title,benchmarks/job/../../data/job/title__title.csv,job-csv,utf8,LibcMemmem,static,prefix-btree,full-scan,contains_loser,%Loser%,2,2528312,41409377,41409377,2528312,2528312,0,0,0,732255756,1436756712,1790,540,64894125,64894665,2528312,2502331,349,25.66719020437351,25.666976623138282,1.567149030037327,no-indexable-prefix
job_title_title,title.title,benchmarks/job/../../data/job/title__title.csv,job-csv,utf8,LibcMemmem,static,prefix-btree,full-scan,contains_loser,%Loser%,3,2528312,41409377,41409377,2528312,2528312,0,0,0,732255756,1436756712,1790,480,66241607,66242087,2528312,2502331,349,26.200123639803948,26.19993378981708,1.5996880851407158,no-indexable-prefix
job_title_title,title.title,benchmarks/job/../../data/job/title__title.csv,job-csv,utf8,LibcMemmem,static,prefix-btree,full-scan,contains_loser,%Loser%,4,2528312,41409377,41409377,2528312,2528312,0,0,0,732255756,1436756712,1790,490,65250612,65251102,2528312,2502331,349,25.808168453893348,25.80797464869842,1.575756669799693,no-indexable-prefix
job_title_title,title.title,benchmarks/job/../../data/job/title__title.csv,job-csv,utf8,LibcMemmem,static,qgram,full-scan,contains_loser,%Loser%,0,2528312,41409377,41409377,2528312,2528312,0,0,0,732255756,1004699400,1790,450,65470703,65471153,2528312,2502331,349,25.895203202769277,25.895025218406587,1.5810707077288315,literal-shorter-than-qgram
job_title_title,title.title,benchmarks/job/../../data/job/title__title.csv,job-csv,utf8,LibcMemmem,static,qgram,full-scan,contains_loser,%Loser%,1,2528312,41409377,41409377,2528312,2528312,0,0,0,732255756,1004699400,1790,100,66614983,66615083,2528312,2502331,349,26.34765131834995,26.347611766269353,1.6086956101754442,literal-shorter-than-qgram
job_title_title,title.title,benchmarks/job/../../data/job/title__title.csv,job-csv,utf8,LibcMemmem,static,qgram,full-scan,contains_loser,%Loser%,2,2528312,41409377,41409377,2528312,2528312,0,0,0,732255756,1004699400,1790,110,66033512,66033622,2528312,2502331,349,26.11767139498606,26.117627887697406,1.5946538389118967,literal-shorter-than-qgram
job_title_title,title.title,benchmarks/job/../../data/job/title__title.csv,job-csv,utf8,LibcMemmem,static,qgram,full-scan,contains_loser,%Loser%,3,2528312,41409377,41409377,2528312,2528312,0,0,0,732255756,1004699400,1790,100,65229872,65229972,2528312,2502331,349,25.799811099263067,25.799771547182466,1.575246398901389,literal-shorter-than-qgram
job_title_title,title.title,benchmarks/job/../../data/job/title__title.csv,job-csv,utf8,LibcMemmem,static,qgram,full-scan,contains_loser,%Loser%,4,2528312,41409377,41409377,2528312,2528312,0,0,0,732255756,1004699400,1790,100,65199511,65199611,2528312,2502331,349,25.787802692072813,25.787763139992215,1.5745132074795523,literal-shorter-than-qgram
job_title_title,title.title,benchmarks/job/../../data/job/title__title.csv,job-csv,utf8,LibcMemmem,static,trigram,trigram,contains_loser,%Loser%,0,2528312,41409377,41409377,2528312,2528312,0,0,0,732255756,2371910032,1790,57520,15122,72642,349,349,349,0.028731422387743285,43.32951289398281,0.0017542403499574504,
job_title_title,title.title,benchmarks/job/../../data/job/title__title.csv,job-csv,utf8,LibcMemmem,static,trigram,trigram,contains_loser,%Loser%,1,2528312,41409377,41409377,2528312,2528312,0,0,0,732255756,2371910032,1790,54904,13087,67991,349,349,349,0.02689185511914669,37.49856733524355,0.0016419227944433938,
job_title_title,title.title,benchmarks/job/../../data/job/title__title.csv,job-csv,utf8,LibcMemmem,static,trigram,trigram,contains_loser,%Loser%,2,2528312,41409377,41409377,2528312,2528312,0,0,0,732255756,2371910032,1790,53229,19866,73095,349,349,349,0.02891059331285063,56.92263610315186,0.0017651799011610342,
job_title_title,title.title,benchmarks/job/../../data/job/title__title.csv,job-csv,utf8,LibcMemmem,static,trigram,trigram,contains_loser,%Loser%,3,2528312,41409377,41409377,2528312,2528312,0,0,0,732255756,2371910032,1790,51995,12355,64350,349,349,349,0.025451763864586332,35.401146131805156,0.0015539958497805945,
job_title_title,title.title,benchmarks/job/../../data/job/title__title.csv,job-csv,utf8,LibcMemmem,static,trigram,trigram,contains_loser,%Loser%,4,2528312,41409377,41409377,2528312,2528312,0,0,0,732255756,2371910032,1790,50461,11893,62354,349,349,349,0.024662304335857282,34.07736389684814,0.001505794206949793,
job_title_title,title.title,benchmarks/job/../../data/job/title__title.csv,job-csv,utf8,LibcMemmem,static,fm,fm,contains_money,%Money%,0,2528312,41409377,41409377,2528312,2528312,0,0,0,732255756,50052993057,1525,27577,137464,165041,2286,2286,2286,0.06527714933916384,60.13298337707786,0.003985594856933008,
job_title_title,title.title,benchmarks/job/../../data/job/title__title.csv,job-csv,utf8,LibcMemmem,static,fm,fm,contains_money,%Money%,1,2528312,41409377,41409377,2528312,2528312,0,0,0,732255756,50052993057,1525,36382,142809,179191,2286,2286,2286,0.070873768743731,62.471128608923884,0.004327304900047156,
job_title_title,title.title,benchmarks/job/../../data/job/title__title.csv,job-csv,utf8,LibcMemmem,static,fm,fm,contains_money,%Money%,2,2528312,41409377,41409377,2528312,2528312,0,0,0,732255756,50052993057,1525,51073,106397,157470,2286,2286,2286,0.06228266131711593,46.542869641294836,0.0038027618720271983,
job_title_title,title.title,benchmarks/job/../../data/job/title__title.csv,job-csv,utf8,LibcMemmem,static,fm,fm,contains_money,%Money%,3,2528312,41409377,41409377,2528312,2528312,0,0,0,732255756,50052993057,1525,33785,98776,132561,2286,2286,2286,0.052430633561047844,43.20909886264217,0.0032012314505480244,
job_title_title,title.title,benchmarks/job/../../data/job/title__title.csv,job-csv,utf8,LibcMemmem,static,fm,fm,contains_money,%Money%,4,2528312,41409377,41409377,2528312,2528312,0,0,0,732255756,50052993057,1525,32521,105515,138036,2286,2286,2286,0.05459610997376906,46.157042869641295,0.0033334478806575623,
job_title_title,title.title,benchmarks/job/../../data/job/title__title.csv,job-csv,utf8,LibcMemmem,static,full-scan,full-scan,contains_money,%Money%,0,2528312,41409377,41409377,2528312,2528312,0,0,0,732255756,0,1525,481,65282373,65282854,2528312,2502331,2286,25.820727030524715,25.82053678501704,1.5765234526469694,
job_title_title,title.title,benchmarks/job/../../data/job/title__title.csv,job-csv,utf8,LibcMemmem,static,full-scan,full-scan,contains_money,%Money%,1,2528312,41409377,41409377,2528312,2528312,0,0,0,732255756,0,1525,101,64659320,64659421,2528312,2502331,2286,25.57414630789238,25.574106360290976,1.5614680945332744,
job_title_title,title.title,benchmarks/job/../../data/job/title__title.csv,job-csv,utf8,LibcMemmem,static,full-scan,full-scan,contains_money,%Money%,2,2528312,41409377,41409377,2528312,2528312,0,0,0,732255756,0,1525,101,66070688,66070789,2528312,2502331,2286,26.13237171678179,26.132331769180386,1.5955513892421034,
job_title_title,title.title,benchmarks/job/../../data/job/title__title.csv,job-csv,utf8,LibcMemmem,static,full-scan,full-scan,contains_money,%Money%,3,2528312,41409377,41409377,2528312,2528312,0,0,0,732255756,0,1525,100,65836642,65836742,2528312,2502331,2286,26.039801258705413,26.039761706624816,1.5898993602342775,
job_title_title,title.title,benchmarks/job/../../data/job/title__title.csv,job-csv,utf8,LibcMemmem,static,full-scan,full-scan,contains_money,%Money%,4,2528312,41409377,41409377,2528312,2528312,0,0,0,732255756,0,1525,100,65784166,65784266,2528312,2502331,2286,26.01904590889099,26.019006356810394,1.5886321110312769,
job_title_title,title.title,benchmarks/job/../../data/job/title__title.csv,job-csv,utf8,LibcMemmem,static,prefix-btree,full-scan,contains_money,%Money%,0,2528312,41409377,41409377,2528312,2528312,0,0,0,732255756,1436756712,1525,732,81140873,81141605,2528312,2502331,2286,32.093193007824986,32.092903486595006,1.9594983281202227,no-indexable-prefix
job_title_title,title.title,benchmarks/job/../../data/job/title__title.csv,job-csv,utf8,LibcMemmem,static,prefix-btree,full-scan,contains_money,%Money%,1,2528312,41409377,41409377,2528312,2528312,0,0,0,732255756,1436756712,1525,572,67641380,67641952,2528312,2502331,2286,26.75379937286221,26.75357313496119,1.6334935925261567,no-indexable-prefix
job_title_title,title.title,benchmarks/job/../../data/job/title__title.csv,job-csv,utf8,LibcMemmem,static,prefix-btree,full-scan,contains_money,%Money%,2,2528312,41409377,41409377,2528312,2528312,0,0,0,732255756,1436756712,1525,471,65290697,65291168,2528312,2502331,2286,25.8240153905056,25.823829100205987,1.5767242284277785,no-indexable-prefix
job_title_title,title.title,benchmarks/job/../../data/job/title__title.csv,job-csv,utf8,LibcMemmem,static,prefix-btree,full-scan,contains_money,%Money%,3,2528312,41409377,41409377,2528312,2528312,0,0,0,732255756,1436756712,1525,381,64886054,64886435,2528312,2502331,2286,25.663935068140326,25.66378437471325,1.5669502827825688,no-indexable-prefix
job_title_title,title.title,benchmarks/job/../../data/job/title__title.csv,job-csv,utf8,LibcMemmem,static,prefix-btree,full-scan,contains_money,%Money%,4,2528312,41409377,41409377,2528312,2528312,0,0,0,732255756,1436756712,1525,461,65007095,65007556,2528312,2502331,2286,25.711840943681,25.711658608589445,1.5698752483042668,no-indexable-prefix
job_title_title,title.title,benchmarks/job/../../data/job/title__title.csv,job-csv,utf8,LibcMemmem,static,qgram,full-scan,contains_money,%Money%,0,2528312,41409377,41409377,2528312,2528312,0,0,0,732255756,1004699400,1525,501,70673439,70673940,2528312,2502331,2286,27.95301371033322,27.952815554409423,1.7067134335298018,literal-shorter-than-qgram
job_title_title,title.title,benchmarks/job/../../data/job/title__title.csv,job-csv,utf8,LibcMemmem,static,qgram,full-scan,contains_money,%Money%,1,2528312,41409377,41409377,2528312,2528312,0,0,0,732255756,1004699400,1525,110,64859266,64859376,2528312,2502331,2286,25.653232670651406,25.65318916336275,1.566296831753832,literal-shorter-than-qgram
job_title_title,title.title,benchmarks/job/../../data/job/title__title.csv,job-csv,utf8,LibcMemmem,static,qgram,full-scan,contains_money,%Money%,2,2528312,41409377,41409377,2528312,2528312,0,0,0,732255756,1004699400,1525,100,65925108,65925208,2528312,2502331,2286,26.074791402326927,26.07475185024633,1.592035736253651,literal-shorter-than-qgram
job_title_title,title.title,benchmarks/job/../../data/job/title__title.csv,job-csv,utf8,LibcMemmem,static,qgram,full-scan,contains_money,%Money%,3,2528312,41409377,41409377,2528312,2528312,0,0,0,732255756,1004699400,1525,111,69574573,69574684,2528312,2502331,2286,27.51823509123874,27.518191188429277,1.6801673688546437,literal-shorter-than-qgram
job_title_title,title.title,benchmarks/job/../../data/job/title__title.csv,job-csv,utf8,LibcMemmem,static,qgram,full-scan,contains_money,%Money%,4,2528312,41409377,41409377,2528312,2528312,0,0,0,732255756,1004699400,1525,180,73097268,73097448,2528312,2502331,2286,28.91156154778366,28.911490354038584,1.7652390182059488,literal-shorter-than-qgram
job_title_title,title.title,benchmarks/job/../../data/job/title__title.csv,job-csv,utf8,LibcMemmem,static,trigram,trigram,contains_money,%Money%,0,2528312,41409377,41409377,2528312,2528312,0,0,0,732255756,2371910032,1525,82741,113336,196077,2293,2293,2286,0.0775525330734498,49.426951591801135,0.004735086934536591,
job_title_title,title.title,benchmarks/job/../../data/job/title__title.csv,job-csv,utf8,LibcMemmem,static,trigram,trigram,contains_money,%Money%,1,2528312,41409377,41409377,2528312,2528312,0,0,0,732255756,2371910032,1525,79903,110378,190281,2293,2293,2286,0.07526009448201013,48.136938508504144,0.004595118637017891,
job_title_title,title.title,benchmarks/job/../../data/job/title__title.csv,job-csv,utf8,LibcMemmem,static,trigram,trigram,contains_money,%Money%,2,2528312,41409377,41409377,2528312,2528312,0,0,0,732255756,2371910032,1525,79492,106076,185568,2293,2293,2286,0.07339600492344299,46.260793720017446,0.0044813038360852426,
job_title_title,title.title,benchmarks/job/../../data/job/title__title.csv,job-csv,utf8,LibcMemmem,static,trigram,trigram,contains_money,%Money%,3,2528312,41409377,41409377,2528312,2528312,0,0,0,732255756,2371910032,1525,75842,103759,179601,2293,2293,2286,0.07103593227418135,45.25032708242477,0.004337206039105587,
job_title_title,title.title,benchmarks/job/../../data/job/title__title.csv,job-csv,utf8,LibcMemmem,static,trigram,trigram,contains_money,%Money%,4,2528312,41409377,41409377,2528312,2528312,0,0,0,732255756,2371910032,1525,74989,103559,178548,2293,2293,2286,0.07061944886548813,45.16310510248583,0.0043117770161091775,
job_title_title,title.title,benchmarks/job/../../data/job/title__title.csv,job-csv,utf8,LibcMemmem,static,fm,fm,contains_mord,%Mord%,0,2528312,41409377,41409377,2528312,2528312,0,0,0,732255756,50052993057,1795,5826,24809,30635,637,637,637,0.012116779891089391,38.94662480376766,0.0007398082806220436,
job_title_title,title.title,benchmarks/job/../../data/job/title__title.csv,job-csv,utf8,LibcMemmem,static,fm,fm,contains_mord,%Mord%,1,2528312,41409377,41409377,2528312,2528312,0,0,0,732255756,50052993057,1795,4843,19865,24708,637,637,637,0.009772528074066809,31.18524332810047,0.0005966764484285769,
job_title_title,title.title,benchmarks/job/../../data/job/title__title.csv,job-csv,utf8,LibcMemmem,static,fm,fm,contains_mord,%Mord%,2,2528312,41409377,41409377,2528312,2528312,0,0,0,732255756,50052993057,1795,4462,17338,21800,637,637,637,0.00862235357028721,27.218210361067506,0.00052645080847268,
job_title_title,title.title,benchmarks/job/../../data/job/title__title.csv,job-csv,utf8,LibcMemmem,static,fm,fm,contains_mord,%Mord%,3,2528312,41409377,41409377,2528312,2528312,0,0,0,732255756,50052993057,1795,4593,16797,21390,637,637,637,0.008460190039836855,26.368916797488225,0.0005165496694142489,
job_title_title,title.title,benchmarks/job/../../data/job/title__title.csv,job-csv,utf8,LibcMemmem,static,fm,fm,contains_mord,%Mord%,4,2528312,41409377,41409377,2528312,2528312,0,0,0,732255756,50052993057,1795,4513,16656,21169,637,637,637,0.008372779941716054,26.14756671899529,0.000511212713970558,
job_title_title,title.title,benchmarks/job/../../data/job/title__title.csv,job-csv,utf8,LibcMemmem,static,full-scan,full-scan,contains_mord,%Mord%,0,2528312,41409377,41409377,2528312,2528312,0,0,0,732255756,0,1795,451,67773783,67774234,2528312,2520211,637,26.80611965611839,26.805941276234893,1.636688086372321,
job_title_title,title.title,benchmarks/job/../../data/job/title__title.csv,job-csv,utf8,LibcMemmem,static,full-scan,full-scan,contains_mord,%Mord%,1,2528312,41409377,41409377,2528312,2528312,0,0,0,732255756,0,1795,110,66479843,66479953,2528312,2520211,637,26.294204591838348,26.294161084549692,1.6054323396365031,
job_title_title,title.title,benchmarks/job/../../data/job/title__title.csv,job-csv,utf8,LibcMemmem,static,full-scan,full-scan,contains_mord,%Mord%,2,2528312,41409377,41409377,2528312,2528312,0,0,0,732255756,0,1795,100,66330679,66330779,2528312,2520211,637,26.235203171127615,26.235163619047018,1.6018299188611314,
job_title_title,title.title,benchmarks/job/../../data/job/title__title.csv,job-csv,utf8,LibcMemmem,static,full-scan,full-scan,contains_mord,%Mord%,3,2528312,41409377,41409377,2528312,2528312,0,0,0,732255756,0,1795,100,65598537,65598637,2528312,2520211,637,25.945625777198384,25.945586225117786,1.5841493340988926,
job_title_title,title.title,benchmarks/job/../../data/job/title__title.csv,job-csv,utf8,LibcMemmem,static,full-scan,full-scan,contains_mord,%Mord%,4,2528312,41409377,41409377,2528312,2528312,0,0,0,732255756,0,1795,110,67423838,67423948,2528312,2520211,637,26.667574255076115,26.667530747787456,1.6282289878449512,
job_title_title,title.title,benchmarks/job/../../data/job/title__title.csv,job-csv,utf8,LibcMemmem,static,prefix-btree,full-scan,contains_mord,%Mord%,0,2528312,41409377,41409377,2528312,2528312,0,0,0,732255756,1436756712,1795,762,65593553,65594315,2528312,2520211,637,25.943916336274953,25.943614949420798,1.5840449616037449,no-indexable-prefix
job_title_title,title.title,benchmarks/job/../../data/job/title__title.csv,job-csv,utf8,LibcMemmem,static,prefix-btree,full-scan,contains_mord,%Mord%,1,2528312,41409377,41409377,2528312,2528312,0,0,0,732255756,1436756712,1795,371,68032671,68033042,2528312,2520211,637,26.908483604871552,26.908336866652533,1.642938071731917,no-indexable-prefix
job_title_title,title.title,benchmarks/job/../../data/job/title__title.csv,job-csv,utf8,LibcMemmem,static,prefix-btree,full-scan,contains_mord,%Mord%,2,2528312,41409377,41409377,2528312,2528312,0,0,0,732255756,1436756712,1795,563,69406142,69406705,2528312,2520211,637,27.451795901771618,27.45157322355785,1.676110823884165,no-indexable-prefix
job_title_title,title.title,benchmarks/job/../../data/job/title__title.csv,job-csv,utf8,LibcMemmem,static,prefix-btree,full-scan,contains_mord,%Mord%,3,2528312,41409377,41409377,2528312,2528312,0,0,0,732255756,1436756712,1795,400,68676122,68676522,2528312,2520211,637,27.162993333101294,27.162835124778905,1.65847754724733,no-indexable-prefix
job_title_title,title.title,benchmarks/job/../../data/job/title__title.csv,job-csv,utf8,LibcMemmem,static,prefix-btree,full-scan,contains_mord,%Mord%,4,2528312,41409377,41409377,2528312,2528312,0,0,0,732255756,1436756712,1795,503,74131505,74132008,2528312,2520211,637,29.320751552814684,29.32055260584928,1.7902227314359258,no-indexable-prefix
job_title_title,title.title,benchmarks/job/../../data/job/title__title.csv,job-csv,utf8,LibcMemmem,static,qgram,full-scan,contains_mord,%Mord%,0,2528312,41409377,41409377,2528312,2528312,0,0,0,732255756,1004699400,1795,471,69199447,69199918,2528312,2520211,637,27.37000734086616,27.369821050566543,1.6711170998781266,literal-shorter-than-qgram
job_title_title,title.title,benchmarks/job/../../data/job/title__title.csv,job-csv,utf8,LibcMemmem,static,qgram,full-scan,contains_mord,%Mord%,1,2528312,41409377,41409377,2528312,2528312,0,0,0,732255756,1004699400,1795,113,68934202,68934315,2528312,2520211,637,27.26495582823639,27.26491113438531,1.6647030212504768,literal-shorter-than-qgram
job_title_title,title.title,benchmarks/job/../../data/job/title__title.csv,job-csv,utf8,LibcMemmem,static,qgram,full-scan,contains_mord,%Mord%,2,2528312,41409377,41409377,2528312,2528312,0,0,0,732255756,1004699400,1795,102,67128311,67128413,2528312,2520211,637,26.550684013681856,26.550643670559648,1.6210920777677964,literal-shorter-than-qgram
job_title_title,title.title,benchmarks/job/../../data/job/title__title.csv,job-csv,utf8,LibcMemmem,static,qgram,full-scan,contains_mord,%Mord%,3,2528312,41409377,41409377,2528312,2528312,0,0,0,732255756,1004699400,1795,471,68561378,68561849,2528312,2520211,637,27.117637775717554,27.117451485417938,1.6557082952491655,literal-shorter-than-qgram
job_title_title,title.title,benchmarks/job/../../data/job/title__title.csv,job-csv,utf8,LibcMemmem,static,qgram,full-scan,contains_mord,%Mord%,4,2528312,41409377,41409377,2528312,2528312,0,0,0,732255756,1004699400,1795,113,69237037,69237150,2528312,2520211,637,27.384733371514276,27.3846886776632,1.6720162199011108,literal-shorter-than-qgram
job_title_title,title.title,benchmarks/job/../../data/job/title__title.csv,job-csv,utf8,LibcMemmem,static,trigram,trigram,contains_mord,%Mord%,0,2528312,41409377,41409377,2528312,2528312,0,0,0,732255756,2371910032,1795,51743,30446,82189,686,686,637,0.032507459522400715,44.38192419825073,0.0019847919953009676,
job_title_title,title.title,benchmarks/job/../../data/job/title__title.csv,job-csv,utf8,LibcMemmem,static,trigram,trigram,contains_mord,%Mord%,1,2528312,41409377,41409377,2528312,2528312,0,0,0,732255756,2371910032,1795,48529,28195,76724,686,686,637,0.030345938317739265,41.10058309037901,0.001852817056387977,
job_title_title,title.title,benchmarks/job/../../data/job/title__title.csv,job-csv,utf8,LibcMemmem,static,trigram,trigram,contains_mord,%Mord%,2,2528312,41409377,41409377,2528312,2528312,0,0,0,732255756,2371910032,1795,49584,31428,81012,686,686,637,0.0320419315337664,45.8134110787172,0.0019563684814673738,
job_title_title,title.title,benchmarks/job/../../data/job/title__title.csv,job-csv,utf8,LibcMemmem,static,trigram,trigram,contains_mord,%Mord%,3,2528312,41409377,41409377,2528312,2528312,0,0,0,732255756,2371910032,1795,45797,26434,72231,686,686,637,0.028568863336486953,38.533527696793,0.0017443150617793646,
job_title_title,title.title,benchmarks/job/../../data/job/title__title.csv,job-csv,utf8,LibcMemmem,static,trigram,trigram,contains_mord,%Mord%,4,2528312,41409377,41409377,2528312,2528312,0,0,0,732255756,2371910032,1795,44897,25719,70616,686,686,637,0.02793009723483494,37.49125364431487,0.0017053142335370077,
job_title_title,title.title,benchmarks/job/../../data/job/title__title.csv,job-csv,utf8,LibcMemmem,static,fm,fm,contains_movie,%Movie%,0,2528312,41409377,41409377,2528312,2528312,0,0,0,732255756,50052993057,1811,45173,182799,227972,3638,3638,3638,0.09016766918006955,50.247113798790544,0.005505323105923569,
job_title_title,title.title,benchmarks/job/../../data/job/title__title.csv,job-csv,utf8,LibcMemmem,static,fm,fm,contains_movie,%Movie%,1,2528312,41409377,41409377,2528312,2528312,0,0,0,732255756,50052993057,1811,42593,178594,221187,3638,3638,3638,0.08748406051151915,49.091258933479935,0.005341471329066361,
job_title_title,title.title,benchmarks/job/../../data/job/title__title.csv,job-csv,utf8,LibcMemmem,static,fm,fm,contains_movie,%Movie%,2,2528312,41409377,41409377,2528312,2528312,0,0,0,732255756,50052993057,1811,41550,174367,215917,3638,3638,3638,0.08539966586402312,47.929356789444746,0.0052142054684860386,
job_title_title,title.title,benchmarks/job/../../data/job/title__title.csv,job-csv,utf8,LibcMemmem,static,fm,fm,contains_movie,%Movie%,3,2528312,41409377,41409377,2528312,2528312,0,0,0,732255756,50052993057,1811,41028,179576,220604,3638,3638,3638,0.08725347188163486,49.36118746564046,0.005327392392307665,
job_title_title,title.title,benchmarks/job/../../data/job/title__title.csv,job-csv,utf8,LibcMemmem,static,fm,fm,contains_movie,%Movie%,4,2528312,41409377,41409377,2528312,2528312,0,0,0,732255756,50052993057,1811,40844,170202,211046,3638,3638,3638,0.0834730840181117,46.784496976360636,0.005096575106647946,
job_title_title,title.title,benchmarks/job/../../data/job/title__title.csv,job-csv,utf8,LibcMemmem,static,full-scan,full-scan,contains_movie,%Movie%,0,2528312,41409377,41409377,2528312,2528312,0,0,0,732255756,0,1811,399,66060825,66061224,2528312,2502331,3638,26.128588560272625,26.12843074747104,1.595320402912606,
job_title_title,title.title,benchmarks/job/../../data/job/title__title.csv,job-csv,utf8,LibcMemmem,static,full-scan,full-scan,contains_movie,%Movie%,1,2528312,41409377,41409377,2528312,2528312,0,0,0,732255756,0,1811,112,67659886,67659998,2528312,2502331,3638,26.76093694132686,26.76089264299659,1.6339293875394454,
job_title_title,title.title,benchmarks/job/../../data/job/title__title.csv,job-csv,utf8,LibcMemmem,static,full-scan,full-scan,contains_movie,%Movie%,2,2528312,41409377,41409377,2528312,2528312,0,0,0,732255756,0,1811,112,67500565,67500677,2528312,2502331,3638,26.697922170997884,26.697877872667615,1.6300819256469374,
job_title_title,title.title,benchmarks/job/../../data/job/title__title.csv,job-csv,utf8,LibcMemmem,static,full-scan,full-scan,contains_movie,%Movie%,3,2528312,41409377,41409377,2528312,2528312,0,0,0,732255756,0,1811,102,65707986,65708088,2528312,2502331,3638,25.988915924933316,25.988875581811104,1.5867924793942203,
job_title_title,title.title,benchmarks/job/../../data/job/title__title.csv,job-csv,utf8,LibcMemmem,static,full-scan,full-scan,contains_movie,%Movie%,4,2528312,41409377,41409377,2528312,2528312,0,0,0,732255756,0,1811,112,66181943,66182055,2528312,2502331,3638,26.17637973477957,26.1763354364493,1.5982383651896044,
job_title_title,title.title,benchmarks/job/../../data/job/title__title.csv,job-csv,utf8,LibcMemmem,static,prefix-btree,full-scan,contains_movie,%Movie%,0,2528312,41409377,41409377,2528312,2528312,0,0,0,732255756,1436756712,1811,1374,66718139,66719513,2528312,2502331,3638,26.388955556118074,26.388412110530663,1.6112175027409854,no-indexable-prefix
job_title_title,title.title,benchmarks/job/../../data/job/title__title.csv,job-csv,utf8,LibcMemmem,static,prefix-btree,full-scan,contains_movie,%Movie%,1,2528312,41409377,41409377,2528312,2528312,0,0,0,732255756,1436756712,1811,520,65580310,65580830,2528312,2502331,3638,25.93858273820636,25.938377067387254,1.5837193107252012,no-indexable-prefix
job_title_title,title.title,benchmarks/job/../../data/job/title__title.csv,job-csv,utf8,LibcMemmem,static,prefix-btree,full-scan,contains_movie,%Movie%,2,2528312,41409377,41409377,2528312,2528312,0,0,0,732255756,1436756712,1811,520,65544346,65544866,2528312,2502331,3638,25.92435822794022,25.924152557121115,1.5828508117859392,no-indexable-prefix
job_title_title,title.title,benchmarks/job/../../data/job/title__title.csv,job-csv,utf8,LibcMemmem,static,prefix-btree,full-scan,contains_movie,%Movie%,3,2528312,41409377,41409377,2528312,2528312,0,0,0,732255756,1436756712,1811,518,66327414,66327932,2528312,2502331,3638,26.234077123393,26.233872243615505,1.6017611663174744,no-indexable-prefix
job_title_title,title.title,benchmarks/job/../../data/job/title__title.csv,job-csv,utf8,LibcMemmem,static,prefix-btree,full-scan,contains_movie,%Movie%,4,2528312,41409377,41409377,2528312,2528312,0,0,0,732255756,1436756712,1811,560,66004657,66005217,2528312,2502331,3638,26.1064366264923,26.10621513484095,1.5939678831681046,no-indexable-prefix
job_title_title,title.title,benchmarks/job/../../data/job/title__title.csv,job-csv,utf8,LibcMemmem,static,qgram,full-scan,contains_movie,%Movie%,0,2528312,41409377,41409377,2528312,2528312,0,0,0,732255756,1004699400,1811,478,65424823,65425301,2528312,2502331,3638,25.877067782773644,25.876878723828387,1.5799634222944239,literal-shorter-than-qgram
job_title_title,title.title,benchmarks/job/../../data/job/title__title.csv,job-csv,utf8,LibcMemmem,static,qgram,full-scan,contains_movie,%Movie%,1,2528312,41409377,41409377,2528312,2528312,0,0,0,732255756,1004699400,1811,112,66087667,66087779,2528312,2502331,3638,26.13909161527533,26.13904731694506,1.595961682785037,literal-shorter-than-qgram
job_title_title,title.title,benchmarks/job/../../data/job/title__title.csv,job-csv,utf8,LibcMemmem,static,qgram,full-scan,contains_movie,%Movie%,2,2528312,41409377,41409377,2528312,2528312,0,0,0,732255756,1004699400,1811,112,73358104,73358216,2528312,2502331,3638,29.014700717316533,29.014656418986263,1.7715363358400682,literal-shorter-than-qgram
job_title_title,title.title,benchmarks/job/../../data/job/title__title.csv,job-csv,utf8,LibcMemmem,static,qgram,full-scan,contains_movie,%Movie%,3,2528312,41409377,41409377,2528312,2528312,0,0,0,732255756,1004699400,1811,122,65877075,65877197,2528312,2502331,3638,26.05580205291119,26.055753799372862,1.5908763128699086,literal-shorter-than-qgram
job_title_title,title.title,benchmarks/job/../../data/job/title__title.csv,job-csv,utf8,LibcMemmem,static,qgram,full-scan,contains_movie,%Movie%,4,2528312,41409377,41409377,2528312,2528312,0,0,0,732255756,1004699400,1811,112,65243998,65244110,2528312,2502331,3638,25.805402972417962,25.805358674087692,1.5755878191550672,literal-shorter-than-qgram
job_title_title,title.title,benchmarks/job/../../data/job/title__title.csv,job-csv,utf8,LibcMemmem,static,trigram,trigram,contains_movie,%Movie%,0,2528312,41409377,41409377,2528312,2528312,0,0,0,732255756,2371910032,1811,61801,180103,241904,3638,3638,3638,0.09567806504893384,49.50604727872457,0.00584176864095299,
job_title_title,title.title,benchmarks/job/../../data/job/title__title.csv,job-csv,utf8,LibcMemmem,static,trigram,trigram,contains_movie,%Movie%,1,2528312,41409377,41409377,2528312,2528312,0,0,0,732255756,2371910032,1811,59594,170832,230426,3638,3638,3638,0.09113827723793583,46.95766904892798,0.0055645850455562276,
job_title_title,title.title,benchmarks/job/../../data/job/title__title.csv,job-csv,utf8,LibcMemmem,static,trigram,trigram,contains_movie,%Movie%,2,2528312,41409377,41409377,2528312,2528312,0,0,0,732255756,2371910032,1811,58077,169224,227301,3638,3638,3638,0.08990227471925934,46.51566794942276,0.005489119046635259,
job_title_title,title.title,benchmarks/job/../../data/job/title__title.csv,job-csv,utf8,LibcMemmem,static,trigram,trigram,contains_movie,%Movie%,3,2528312,41409377,41409377,2528312,2528312,0,0,0,732255756,2371910032,1811,57497,167942,225439,3638,3638,3638,0.08916581497853113,46.1632765255635,0.005444153385838188,
job_title_title,title.title,benchmarks/job/../../data/job/title__title.csv,job-csv,utf8,LibcMemmem,static,trigram,trigram,contains_movie,%Movie%,4,2528312,41409377,41409377,2528312,2528312,0,0,0,732255756,2371910032,1811,56917,167729,224646,3638,3638,3638,0.08885216697939179,46.104727872457396,0.005425003133952003,
job_title_title,title.title,benchmarks/job/../../data/job/title__title.csv,job-csv,utf8,LibcMemmem,static,fm,fm,contains_murder_upper,%Murder%,0,2528312,41409377,41409377,2528312,2528312,0,0,0,732255756,50052993057,1700,51066,189944,241010,3622,3622,3622,0.09532446944839086,52.441744892324685,0.005820179327981679,
job_title_title,title.title,benchmarks/job/../../data/job/title__title.csv,job-csv,utf8,LibcMemmem,static,fm,fm,contains_murder_upper,%Murder%,1,2528312,41409377,41409377,2528312,2528312,0,0,0,732255756,50052993057,1700,41367,164868,206235,3622,3622,3622,0.08157023342055886,45.518498067366096,0.004980393691989136,
job_title_title,title.title,benchmarks/job/../../data/job/title__title.csv,job-csv,utf8,LibcMemmem,static,fm,fm,contains_murder_upper,%Murder%,2,2528312,41409377,41409377,2528312,2528312,0,0,0,732255756,50052993057,1700,39749,169947,209696,3622,3622,3622,0.08293913093004344,46.92076200993926,0.005063973795114088,
job_title_title,title.title,benchmarks/job/../../data/job/title__title.csv,job-csv,utf8,LibcMemmem,static,fm,fm,contains_murder_upper,%Murder%,3,2528312,41409377,41409377,2528312,2528312,0,0,0,732255756,50052993057,1700,39433,157633,197066,3622,3622,3622,0.07794370315056053,43.520982882385425,0.004758970413875099,
job_title_title,title.title,benchmarks/job/../../data/job/title__title.csv,job-csv,utf8,LibcMemmem,static,fm,fm,contains_murder_upper,%Murder%,4,2528312,41409377,41409377,2528312,2528312,0,0,0,732255756,50052993057,1700,38773,164360,203133,3622,3622,3622,0.08034332788041983,45.37824406405301,0.004905483122820225,
job_title_title,title.title,benchmarks/job/../../data/job/title__title.csv,job-csv,utf8,LibcMemmem,static,full-scan,full-scan,contains_murder_upper,%Murder%,0,2528312,41409377,41409377,2528312,2528312,0,0,0,732255756,0,1700,458,67353801,67354259,2528312,2471557,3622,26.64001080562842,26.63982965709928,1.626546059845334,
job_title_title,title.title,benchmarks/job/../../data/job/title__title.csv,job-csv,utf8,LibcMemmem,static,full-scan,full-scan,contains_murder_upper,%Murder%,1,2528312,41409377,41409377,2528312,2528312,0,0,0,732255756,0,1700,101,67590323,67590424,2528312,2471557,3622,26.733418976771855,26.73337902917045,1.6322492366885886,
job_title_title,title.title,benchmarks/job/../../data/job/title__title.csv,job-csv,utf8,LibcMemmem,static,full-scan,full-scan,contains_murder_upper,%Murder%,2,2528312,41409377,41409377,2528312,2528312,0,0,0,732255756,0,1700,112,67290636,67290748,2528312,2471557,3622,26.614890883720047,26.614846585389778,1.6250123251069437,
job_title_title,title.title,benchmarks/job/../../data/job/title__title.csv,job-csv,utf8,LibcMemmem,static,full-scan,full-scan,contains_murder_upper,%Murder%,3,2528312,41409377,41409377,2528312,2528312,0,0,0,732255756,0,1700,111,67343009,67343120,2528312,2471557,3622,26.635605099370647,26.635561196561184,1.6262770628015002,
job_title_title,title.title,benchmarks/job/../../data/job/title__title.csv,job-csv,utf8,LibcMemmem,static,full-scan,full-scan,contains_murder_upper,%Murder%,4,2528312,41409377,41409377,2528312,2528312,0,0,0,732255756,0,1700,102,66818107,66818209,2528312,2471557,3622,26.427991877584727,26.42795153446252,1.6136009242544267,
job_title_title,title.title,benchmarks/job/../../data/job/title__title.csv,job-csv,utf8,LibcMemmem,static,prefix-btree,full-scan,contains_murder_upper,%Murder%,0,2528312,41409377,41409377,2528312,2528312,0,0,0,732255756,1436756712,1700,955,65743796,65744751,2528312,2471557,3622,26.00341690424283,26.003039181873124,1.5876778585681208,no-indexable-prefix
job_title_title,title.title,benchmarks/job/../../data/job/title__title.csv,job-csv,utf8,LibcMemmem,static,prefix-btree,full-scan,contains_murder_upper,%Murder%,1,2528312,41409377,41409377,2528312,2528312,0,0,0,732255756,1436756712,1700,386,67230292,67230678,2528312,2471557,3622,26.59113194890504,26.590979277873934,1.6235616874892853,no-indexable-prefix
job_title_title,title.title,benchmarks/job/../../data/job/title__title.csv,job-csv,utf8,LibcMemmem,static,prefix-btree,full-scan,contains_murder_upper,%Murder%,2,2528312,41409377,41409377,2528312,2528312,0,0,0,732255756,1436756712,1700,448,65880648,65881096,2528312,2471557,3622,26.057344188533694,26.057166995212615,1.5909704702874423,no-indexable-prefix
job_title_title,title.title,benchmarks/job/../../data/job/title__title.csv,job-csv,utf8,LibcMemmem,static,prefix-btree,full-scan,contains_murder_upper,%Murder%,3,2528312,41409377,41409377,2528312,2528312,0,0,0,732255756,1436756712,1700,772,65489618,65490390,2528312,2471557,3622,25.902811836513848,25.902506494451636,1.5815352643436291,no-indexable-prefix
job_title_title,title.title,benchmarks/job/../../data/job/title__title.csv,job-csv,utf8,LibcMemmem,static,prefix-btree,full-scan,contains_murder_upper,%Murder%,4,2528312,41409377,41409377,2528312,2528312,0,0,0,732255756,1436756712,1700,427,77074208,77074635,2528312,2471557,3622,30.48462175554283,30.484452868158677,1.8612845829581064,no-indexable-prefix
job_title_title,title.title,benchmarks/job/../../data/job/title__title.csv,job-csv,utf8,LibcMemmem,static,qgram,full-scan,contains_murder_upper,%Murder%,0,2528312,41409377,41409377,2528312,2528312,0,0,0,732255756,1004699400,1700,569,65772187,65772756,2528312,2471557,3622,26.0144934644142,26.0142684130756,1.5883541546640512,literal-shorter-than-qgram
job_title_title,title.title,benchmarks/job/../../data/job/title__title.csv,job-csv,utf8,LibcMemmem,static,qgram,full-scan,contains_murder_upper,%Murder%,1,2528312,41409377,41409377,2528312,2528312,0,0,0,732255756,1004699400,1700,112,65973139,65973251,2528312,2471557,3622,26.093793408408455,26.093749110078186,1.5931959324092222,literal-shorter-than-qgram
job_title_title,title.title,benchmarks/job/../../data/job/title__title.csv,job-csv,utf8,LibcMemmem,static,qgram,full-scan,contains_murder_upper,%Murder%,2,2528312,41409377,41409377,2528312,2528312,0,0,0,732255756,1004699400,1700,102,73843263,73843365,2528312,2471557,3622,29.206587240815217,29.206546897693006,1.7832522570914313,literal-shorter-than-qgram
job_title_title,title.title,benchmarks/job/../../data/job/title__title.csv,job-csv,utf8,LibcMemmem,static,qgram,full-scan,contains_murder_upper,%Murder%,3,2528312,41409377,41409377,2528312,2528312,0,0,0,732255756,1004699400,1700,111,69658438,69658549,2528312,2471557,3622,27.551405443631957,27.551361540822494,1.682192634774486,literal-shorter-than-qgram
job_title_title,title.title,benchmarks/job/../../data/job/title__title.csv,job-csv,utf8,LibcMemmem,static,qgram,full-scan,contains_murder_upper,%Murder%,4,2528312,41409377,41409377,2528312,2528312,0,0,0,732255756,1004699400,1700,284,66960529,66960813,2528312,2471557,3622,26.484394726600197,26.484282398691303,1.617044685313667,literal-shorter-than-qgram
job_title_title,title.title,benchmarks/job/../../data/job/title__title.csv,job-csv,utf8,LibcMemmem,static,trigram,trigram,contains_murder_upper,%Murder%,0,2528312,41409377,41409377,2528312,2528312,0,0,0,732255756,2371910032,1700,107035,222045,329080,3622,3622,3622,0.13015798683073923,61.30452788514633,0.007946992295971997,
job_title_title,title.title,benchmarks/job/../../data/job/title__title.csv,job-csv,utf8,LibcMemmem,static,trigram,trigram,contains_murder_upper,%Murder%,1,2528312,41409377,41409377,2528312,2528312,0,0,0,732255756,2371910032,1700,93252,181833,275085,3622,3622,3622,0.10880184091203934,50.20237437879624,0.006643060580215926,
job_title_title,title.title,benchmarks/job/../../data/job/title__title.csv,job-csv,utf8,LibcMemmem,static,trigram,trigram,contains_murder_upper,%Murder%,2,2528312,41409377,41409377,2528312,2528312,0,0,0,732255756,2371910032,1700,91459,172855,264314,3622,3622,3622,0.1045416863108667,47.72363335173937,0.006382950412415043,
job_title_title,title.title,benchmarks/job/../../data/job/title__title.csv,job-csv,utf8,LibcMemmem,static,trigram,trigram,contains_murder_upper,%Murder%,3,2528312,41409377,41409377,2528312,2528312,0,0,0,732255756,2371910032,1700,90435,171395,261830,3622,3622,3622,0.10355921262882113,47.320541137493095,0.006322963999192743,
job_title_title,title.title,benchmarks/job/../../data/job/title__title.csv,job-csv,utf8,LibcMemmem,static,trigram,trigram,contains_murder_upper,%Murder%,4,2528312,41409377,41409377,2528312,2528312,0,0,0,732255756,2371910032,1700,89807,170210,260017,3622,3622,3622,0.10284213340758577,46.99337382661513,0.0062791816452587535,
job_title_title,title.title,benchmarks/job/../../data/job/title__title.csv,job-csv,utf8,LibcMemmem,static,fm,fm,contains_murder_lower,%murder%,0,2528312,41409377,41409377,2528312,2528312,0,0,0,732255756,50052993057,2361,405,314,719,7,7,7,0.0002843794594970874,44.857142857142854,0.000017363217031736556,
job_title_title,title.title,benchmarks/job/../../data/job/title__title.csv,job-csv,utf8,LibcMemmem,static,fm,fm,contains_murder_lower,%murder%,1,2528312,41409377,41409377,2528312,2528312,0,0,0,732255756,50052993057,2361,203,233,436,7,7,7,0.00017244707140574422,33.285714285714285,0.0000105290161694536,
job_title_title,title.title,benchmarks/job/../../data/job/title__title.csv,job-csv,utf8,LibcMemmem,static,fm,fm,contains_murder_lower,%murder%,2,2528312,41409377,41409377,2528312,2528312,0,0,0,732255756,50052993057,2361,223,193,416,7,7,7,0.00016453665528621468,27.571428571428573,0.000010046033776359398,
job_title_title,title.title,benchmarks/job/../../data/job/title__title.csv,job-csv,utf8,LibcMemmem,static,fm,fm,contains_murder_lower,%murder%,3,2528312,41409377,41409377,2528312,2528312,0,0,0,732255756,50052993057,2361,162,193,355,7,7,7,0.00014040988612164953,27.571428571428573,8.572937477422082e-6,
job_title_title,title.title,benchmarks/job/../../data/job/title__title.csv,job-csv,utf8,LibcMemmem,static,fm,fm,contains_murder_lower,%murder%,4,2528312,41409377,41409377,2528312,2528312,0,0,0,732255756,50052993057,2361,203,193,396,7,7,7,0.00015662623916668511,27.571428571428573,9.563051383265196e-6,
job_title_title,title.title,benchmarks/job/../../data/job/title__title.csv,job-csv,utf8,LibcMemmem,static,full-scan,full-scan,contains_murder_lower,%murder%,0,2528312,41409377,41409377,2528312,2528312,0,0,0,732255756,0,2361,456,66437333,66437789,2528312,2471557,7,26.277527852575158,26.277347495087632,1.604414116155382,
job_title_title,title.title,benchmarks/job/../../data/job/title__title.csv,job-csv,utf8,LibcMemmem,static,full-scan,full-scan,contains_murder_lower,%murder%,1,2528312,41409377,41409377,2528312,2528312,0,0,0,732255756,0,2361,111,67894059,67894170,2528312,2471557,7,26.853556839503984,26.85351293669452,1.6395844351872282,
job_title_title,title.title,benchmarks/job/../../data/job/title__title.csv,job-csv,utf8,LibcMemmem,static,full-scan,full-scan,contains_murder_lower,%murder%,2,2528312,41409377,41409377,2528312,2528312,0,0,0,732255756,0,2361,112,65517828,65517940,2528312,2471557,7,25.9137084347185,25.91366413638823,1.5822005725901165,
job_title_title,title.title,benchmarks/job/../../data/job/title__title.csv,job-csv,utf8,LibcMemmem,static,full-scan,full-scan,contains_murder_lower,%murder%,3,2528312,41409377,41409377,2528312,2528312,0,0,0,732255756,0,2361,112,65541349,65541461,2528312,2471557,7,25.92301147959587,25.922967181265605,1.5827685840335148,
job_title_title,title.title,benchmarks/job/../../data/job/title__title.csv,job-csv,utf8,LibcMemmem,static,full-scan,full-scan,contains_murder_lower,%murder%,4,2528312,41409377,41409377,2528312,2528312,0,0,0,732255756,0,2361,111,66189922,66190033,2528312,2471557,7,26.17953519976965,26.179491296960187,1.5984310268662096,
job_title_title,title.title,benchmarks/job/../../data/job/title__title.csv,job-csv,utf8,LibcMemmem,static,prefix-btree,full-scan,contains_murder_lower,%murder%,0,2528312,41409377,41409377,2528312,2528312,0,0,0,732255756,1436756712,2361,1164,66202681,66203845,2528312,2471557,7,26.184998133141796,26.18453774692364,1.5987645745068804,no-indexable-prefix
job_title_title,title.title,benchmarks/job/../../data/job/title__title.csv,job-csv,utf8,LibcMemmem,static,prefix-btree,full-scan,contains_murder_lower,%murder%,1,2528312,41409377,41409377,2528312,2528312,0,0,0,732255756,1436756712,2361,374,65958534,65958908,2528312,2471557,7,26.088120453488337,26.0879725287069,1.5928495615860148,no-indexable-prefix
job_title_title,title.title,benchmarks/job/../../data/job/title__title.csv,job-csv,utf8,LibcMemmem,static,prefix-btree,full-scan,contains_murder_lower,%murder%,2,2528312,41409377,41409377,2528312,2528312,0,0,0,732255756,1436756712,2361,426,65899706,65900132,2528312,2471557,7,26.064873322596263,26.064704830732914,1.5914301729291895,no-indexable-prefix
job_title_title,title.title,benchmarks/job/../../data/job/title__title.csv,job-csv,utf8,LibcMemmem,static,prefix-btree,full-scan,contains_murder_lower,%murder%,3,2528312,41409377,41409377,2528312,2528312,0,0,0,732255756,1436756712,2361,365,66824997,66825362,2528312,2471557,7,26.43082103790988,26.430676672815697,1.613773662907317,no-indexable-prefix
job_title_title,title.title,benchmarks/job/../../data/job/title__title.csv,job-csv,utf8,LibcMemmem,static,prefix-btree,full-scan,contains_murder_lower,%murder%,4,2528312,41409377,41409377,2528312,2528312,0,0,0,732255756,1436756712,2361,364,66485724,66486088,2528312,2471557,7,26.296631111983015,26.29648714240964,1.6055804944855847,no-indexable-prefix
job_title_title,title.title,benchmarks/job/../../data/job/title__title.csv,job-csv,utf8,LibcMemmem,static,qgram,full-scan,contains_murder_lower,%murder%,0,2528312,41409377,41409377,2528312,2528312,0,0,0,732255756,1004699400,2361,446,66601414,66601860,2528312,2471557,7,26.342421346732525,26.342244944453057,1.6083762863662499,literal-shorter-than-qgram
job_title_title,title.title,benchmarks/job/../../data/job/title__title.csv,job-csv,utf8,LibcMemmem,static,qgram,full-scan,contains_murder_lower,%murder%,1,2528312,41409377,41409377,2528312,2528312,0,0,0,732255756,1004699400,2361,111,67016324,67016435,2528312,2471557,7,26.506394384870223,26.506350482060757,1.6183879076471013,literal-shorter-than-qgram
job_title_title,title.title,benchmarks/job/../../data/job/title__title.csv,job-csv,utf8,LibcMemmem,static,qgram,full-scan,contains_murder_lower,%murder%,2,2528312,41409377,41409377,2528312,2528312,0,0,0,732255756,1004699400,2361,111,67746135,67746246,2528312,2471557,7,26.79504981980072,26.795005916991258,1.6360122008114248,literal-shorter-than-qgram
job_title_title,title.title,benchmarks/job/../../data/job/title__title.csv,job-csv,utf8,LibcMemmem,static,qgram,full-scan,contains_murder_lower,%murder%,3,2528312,41409377,41409377,2528312,2528312,0,0,0,732255756,1004699400,2361,172,66259976,66260148,2528312,2471557,7,26.20726714108069,26.20719911150206,1.6001242423907995,literal-shorter-than-qgram
job_title_title,title.title,benchmarks/job/../../data/job/title__title.csv,job-csv,utf8,LibcMemmem,static,qgram,full-scan,contains_murder_lower,%murder%,4,2528312,41409377,41409377,2528312,2528312,0,0,0,732255756,1004699400,2361,111,66978194,66978305,2528312,2471557,7,26.491313176538338,26.491269273728875,1.6174671017146671,literal-shorter-than-qgram
job_title_title,title.title,benchmarks/job/../../data/job/title__title.csv,job-csv,utf8,LibcMemmem,static,trigram,trigram,contains_murder_lower,%murder%,0,2528312,41409377,41409377,2528312,2528312,0,0,0,732255756,2371910032,2361,48651,547,49198,9,9,7,0.019458832612430744,60.77777777777778,0.0011880883887724271,
job_title_title,title.title,benchmarks/job/../../data/job/title__title.csv,job-csv,utf8,LibcMemmem,static,trigram,trigram,contains_murder_lower,%murder%,1,2528312,41409377,41409377,2528312,2528312,0,0,0,732255756,2371910032,2361,49844,557,50401,9,9,7,0.019934644142020445,61.888888888888886,0.0012171397797170432,
job_title_title,title.title,benchmarks/job/../../data/job/title__title.csv,job-csv,utf8,LibcMemmem,static,trigram,trigram,contains_murder_lower,%murder%,2,2528312,41409377,41409377,2528312,2528312,0,0,0,732255756,2371910032,2361,48023,323,48346,9,9,7,0.019121848885738785,35.888888888888886,0.0011675133388266141,
job_title_title,title.title,benchmarks/job/../../data/job/title__title.csv,job-csv,utf8,LibcMemmem,static,trigram,trigram,contains_murder_lower,%murder%,3,2528312,41409377,41409377,2528312,2528312,0,0,0,732255756,2371910032,2361,42742,344,43086,9,9,7,0.017041409446302513,38.22222222222222,0.001040488969442839,
job_title_title,title.title,benchmarks/job/../../data/job/title__title.csv,job-csv,utf8,LibcMemmem,static,trigram,trigram,contains_murder_lower,%murder%,4,2528312,41409377,41409377,2528312,2528312,0,0,0,732255756,2371910032,2361,42752,313,43065,9,9,7,0.017033103509377007,34.77777777777778,0.00103998183793009,
job_title_title,title.title,benchmarks/job/../../data/job/title__title.csv,job-csv,utf8,LibcMemmem,static,fm,fm,prefix_birdemic,Birdemic%,0,2528312,41409377,41409377,2528312,2528312,0,0,0,732255756,50052993057,1639,415,101,516,9,9,8,0.00020408873588386245,11.222222222222221,0.000012460945741830408,
job_title_title,title.title,benchmarks/job/../../data/job/title__title.csv,job-csv,utf8,LibcMemmem,static,fm,fm,prefix_birdemic,Birdemic%,1,2528312,41409377,41409377,2528312,2528312,0,0,0,732255756,50052993057,1639,243,101,344,9,9,8,0.00013605915725590828,11.222222222222221,8.307297161220271e-6,
job_title_title,title.title,benchmarks/job/../../data/job/title__title.csv,job-csv,utf8,LibcMemmem,static,fm,fm,prefix_birdemic,Birdemic%,2,2528312,41409377,41409377,2528312,2528312,0,0,0,732255756,50052993057,1639,243,71,314,9,9,8,0.00012419353307661397,7.888888888888889,7.582823571578969e-6,
job_title_title,title.title,benchmarks/job/../../data/job/title__title.csv,job-csv,utf8,LibcMemmem,static,fm,fm,prefix_birdemic,Birdemic%,3,2528312,41409377,41409377,2528312,2528312,0,0,0,732255756,50052993057,1639,263,71,334,9,9,8,0.0001321039491961435,7.888888888888889,8.065805964673171e-6,
job_title_title,title.title,benchmarks/job/../../data/job/title__title.csv,job-csv,utf8,LibcMemmem,static,fm,fm,prefix_birdemic,Birdemic%,4,2528312,41409377,41409377,2528312,2528312,0,0,0,732255756,50052993057,1639,223,71,294,9,9,8,0.00011628311695708441,7.888888888888889,7.0998411784847665e-6,
job_title_title,title.title,benchmarks/job/../../data/job/title__title.csv,job-csv,utf8,LibcMemmem,static,full-scan,full-scan,prefix_birdemic,Birdemic%,0,2528312,41409377,41409377,2528312,2528312,0,0,0,732255756,0,1639,445,9567234,9567679,2528312,2138136,8,3.7842161094042193,3.7840401026455597,0.231051024988857,
job_title_title,title.title,benchmarks/job/../../data/job/title__title.csv,job-csv,utf8,LibcMemmem,static,full-scan,full-scan,prefix_birdemic,Birdemic%,1,2528312,41409377,41409377,2528312,2528312,0,0,0,732255756,0,1639,101,9682563,9682664,2528312,2138136,8,3.8296950692794245,3.829655121678021,0.23382781151235382,
job_title_title,title.title,benchmarks/job/../../data/job/title__title.csv,job-csv,utf8,LibcMemmem,static,full-scan,full-scan,prefix_birdemic,Birdemic%,2,2528312,41409377,41409377,2528312,2528312,0,0,0,732255756,0,1639,192,9547081,9547273,2528312,2138136,8,3.776145111837463,3.7760691718427157,0.23055823805318298,
job_title_title,title.title,benchmarks/job/../../data/job/title__title.csv,job-csv,utf8,LibcMemmem,static,full-scan,full-scan,prefix_birdemic,Birdemic%,3,2528312,41409377,41409377,2528312,2528312,0,0,0,732255756,0,1639,101,9660459,9660560,2528312,2138136,8,3.8209524773841204,3.8209125297827167,0.23329401937150612,
job_title_title,title.title,benchmarks/job/../../data/job/title__title.csv,job-csv,utf8,LibcMemmem,static,full-scan,full-scan,prefix_birdemic,Birdemic%,4,2528312,41409377,41409377,2528312,2528312,0,0,0,732255756,0,1639,51,9499887,9499938,2528312,2138136,8,3.7574231344865665,3.757402962925462,0.2294151394743273,
job_title_title,title.title,benchmarks/job/../../data/job/title__title.csv,job-csv,utf8,LibcMemmem,static,prefix-btree,prefix-btree,prefix_birdemic,Birdemic%,0,2528312,41409377,41409377,2528312,2528312,0,0,0,732255756,1436756712,1639,678,91,769,8,8,8,0.00030415549979591127,11.375,0.00001857067301447206,
job_title_title,title.title,benchmarks/job/../../data/job/title__title.csv,job-csv,utf8,LibcMemmem,static,prefix-btree,prefix-btree,prefix_birdemic,Birdemic%,1,2528312,41409377,41409377,2528312,2528312,0,0,0,732255756,1436756712,1639,566,81,647,8,8,8,0.000255901961466781,10.125,0.00001562448041659743,
job_title_title,title.title,benchmarks/job/../../data/job/title__title.csv,job-csv,utf8,LibcMemmem,static,prefix-btree,prefix-btree,prefix_birdemic,Birdemic%,2,2528312,41409377,41409377,2528312,2528312,0,0,0,732255756,1436756712,1639,395,152,547,8,8,8,0.00021634988086913324,19.0,0.00001320956845112642,
job_title_title,title.title,benchmarks/job/../../data/job/title__title.csv,job-csv,utf8,LibcMemmem,static,prefix-btree,prefix-btree,prefix_birdemic,Birdemic%,3,2528312,41409377,41409377,2528312,2528312,0,0,0,732255756,1436756712,1639,445,61,506,8,8,8,0.00020013352782409765,7.625,0.000012219454545283306,
job_title_title,title.title,benchmarks/job/../../data/job/title__title.csv,job-csv,utf8,LibcMemmem,static,prefix-btree,prefix-btree,prefix_birdemic,Birdemic%,4,2528312,41409377,41409377,2528312,2528312,0,0,0,732255756,1436756712,1639,344,71,415,8,8,8,0.0001641411344802382,8.875,0.000010021884656704687,
job_title_title,title.title,benchmarks/job/../../data/job/title__title.csv,job-csv,utf8,LibcMemmem,static,qgram,full-scan,prefix_birdemic,Birdemic%,0,2528312,41409377,41409377,2528312,2528312,0,0,0,732255756,1004699400,1639,334,9304779,9305113,2528312,2138136,8,3.680365793462199,3.680233689513003,0.2247102872375984,literal-shorter-than-qgram
job_title_title,title.title,benchmarks/job/../../data/job/title__title.csv,job-csv,utf8,LibcMemmem,static,qgram,full-scan,prefix_birdemic,Birdemic%,1,2528312,41409377,41409377,2528312,2528312,0,0,0,732255756,1004699400,1639,30,9377618,9377648,2528312,2138136,8,3.7090548951237032,3.7090430294995236,0.2264619436317528,literal-shorter-than-qgram
job_title_title,title.title,benchmarks/job/../../data/job/title__title.csv,job-csv,utf8,LibcMemmem,static,qgram,full-scan,prefix_birdemic,Birdemic%,2,2528312,41409377,41409377,2528312,2528312,0,0,0,732255756,1004699400,1639,40,9856540,9856580,2528312,2138136,8,3.8984824657716293,3.8984666449393903,0.2380277298062224,literal-shorter-than-qgram
job_title_title,title.title,benchmarks/job/../../data/job/title__title.csv,job-csv,utf8,LibcMemmem,static,qgram,full-scan,prefix_birdemic,Birdemic%,3,2528312,41409377,41409377,2528312,2528312,0,0,0,732255756,1004699400,1639,41,9292740,9292781,2528312,2138136,8,3.6754882308828973,3.6754720145298525,0.2244124802940165,literal-shorter-than-qgram
job_title_title,title.title,benchmarks/job/../../data/job/title__title.csv,job-csv,utf8,LibcMemmem,static,qgram,full-scan,prefix_birdemic,Birdemic%,4,2528312,41409377,41409377,2528312,2528312,0,0,0,732255756,1004699400,1639,81,9528587,9528668,2528312,2138136,8,3.7687864472422707,3.7687544100569865,0.2301089436820071,literal-shorter-than-qgram
job_title_title,title.title,benchmarks/job/../../data/job/title__title.csv,job-csv,utf8,LibcMemmem,static,trigram,trigram,prefix_birdemic,Birdemic%,0,2528312,41409377,41409377,2528312,2528312,0,0,0,732255756,2371910032,1639,34103,101,34204,9,9,8,0.013528393647619439,11.222222222222221,0.0008259964886697039,
job_title_title,title.title,benchmarks/job/../../data/job/title__title.csv,job-csv,utf8,LibcMemmem,static,trigram,trigram,prefix_birdemic,Birdemic%,1,2528312,41409377,41409377,2528312,2528312,0,0,0,732255756,2371910032,1639,30431,101,30532,9,9,8,0.012076041248073814,11.222222222222221,0.0007373209212976085,
job_title_title,title.title,benchmarks/job/../../data/job/title__title.csv,job-csv,utf8,LibcMemmem,static,trigram,trigram,prefix_birdemic,Birdemic%,2,2528312,41409377,41409377,2528312,2528312,0,0,0,732255756,2371910032,1639,28873,81,28954,9,9,8,0.011451909416242932,9.0,0.000699213610482476,
job_title_title,title.title,benchmarks/job/../../data/job/title__title.csv,job-csv,utf8,LibcMemmem,static,trigram,trigram,prefix_birdemic,Birdemic%,3,2528312,41409377,41409377,2528312,2528312,0,0,0,732255756,2371910032,1639,27487,101,27588,9,9,8,0.010911627995279064,11.222222222222221,0.000666225913034142,
job_title_title,title.title,benchmarks/job/../../data/job/title__title.csv,job-csv,utf8,LibcMemmem,static,trigram,trigram,prefix_birdemic,Birdemic%,4,2528312,41409377,41409377,2528312,2528312,0,0,0,732255756,2371910032,1639,26728,102,26830,9,9,8,0.010611823224348893,11.333333333333334,0.0006479208803358718,
job_title_title,title.title,benchmarks/job/../../data/job/title__title.csv,job-csv,utf8,LibcMemmem,static,fm,fm,prefix_champion,Champion%,0,2528312,41409377,41409377,2528312,2528312,0,0,0,732255756,50052993057,1811,28519,46000,74519,1870,1870,222,0.029473814940561133,24.59893048128342,0.0017995682475493414,
job_title_title,title.title,benchmarks/job/../../data/job/title__title.csv,job-csv,utf8,LibcMemmem,static,fm,fm,prefix_champion,Champion%,1,2528312,41409377,41409377,2528312,2528312,0,0,0,732255756,50052993057,1811,25190,39363,64553,1870,1870,222,0.025532054588199557,21.049732620320857,0.0015588981210705006,
job_title_title,title.title,benchmarks/job/../../data/job/title__title.csv,job-csv,utf8,LibcMemmem,static,fm,fm,prefix_champion,Champion%,2,2528312,41409377,41409377,2528312,2528312,0,0,0,732255756,50052993057,1811,23299,35479,58778,1870,1870,222,0.0232479219336854,18.972727272727273,0.0014194369550645498,
job_title_title,title.title,benchmarks/job/../../data/job/title__title.csv,job-csv,utf8,LibcMemmem,static,fm,fm,prefix_champion,Champion%,3,2528312,41409377,41409377,2528312,2528312,0,0,0,732255756,50052993057,1811,22621,32829,55450,1870,1870,222,0.021931628691395682,17.55561497326203,0.0013390686848536745,
job_title_title,title.title,benchmarks/job/../../data/job/title__title.csv,job-csv,utf8,LibcMemmem,static,fm,fm,prefix_champion,Champion%,4,2528312,41409377,41409377,2528312,2528312,0,0,0,732255756,50052993057,1811,22327,31412,53739,1870,1870,222,0.02125489259236993,16.797860962566844,0.0012977495411244655,
job_title_title,title.title,benchmarks/job/../../data/job/title__title.csv,job-csv,utf8,LibcMemmem,static,full-scan,full-scan,prefix_champion,Champion%,0,2528312,41409377,41409377,2528312,2528312,0,0,0,732255756,0,1811,657,9292104,9292761,2528312,2138136,222,3.675480320466778,3.675220463297251,0.2244119973116234,
job_title_title,title.title,benchmarks/job/../../data/job/title__title.csv,job-csv,utf8,LibcMemmem,static,full-scan,full-scan,prefix_champion,Champion%,1,2528312,41409377,41409377,2528312,2528312,0,0,0,732255756,0,1811,40,9447139,9447179,2528312,2138136,222,3.7365558522840536,3.7365400314518147,0.22814105607046442,
job_title_title,title.title,benchmarks/job/../../data/job/title__title.csv,job-csv,utf8,LibcMemmem,static,full-scan,full-scan,prefix_champion,Champion%,2,2528312,41409377,41409377,2528312,2528312,0,0,0,732255756,0,1811,101,9377739,9377840,2528312,2138136,222,3.7091308351184504,3.7090908875170467,0.22646658026272648,
job_title_title,title.title,benchmarks/job/../../data/job/title__title.csv,job-csv,utf8,LibcMemmem,static,full-scan,full-scan,prefix_champion,Champion%,3,2528312,41409377,41409377,2528312,2528312,0,0,0,732255756,0,1811,81,9321147,9321228,2528312,2138136,222,3.6867396112505104,3.686707574065226,0.22509945030083403,
job_title_title,title.title,benchmarks/job/../../data/job/title__title.csv,job-csv,utf8,LibcMemmem,static,full-scan,full-scan,prefix_champion,Champion%,4,2528312,41409377,41409377,2528312,2528312,0,0,0,732255756,0,1811,354,9384175,9384529,2528312,2138136,222,3.711776473789627,3.7116364594243114,0.22662811372409683,
job_title_title,title.title,benchmarks/job/../../data/job/title__title.csv,job-csv,utf8,LibcMemmem,static,prefix-btree,prefix-btree,prefix_champion,Champion%,0,2528312,41409377,41409377,2528312,2528312,0,0,0,732255756,1436756712,1811,3126,1123,4249,222,222,222,0.0016805679045940533,5.058558558558558,0.00010260960941286318,
job_title_title,title.title,benchmarks/job/../../data/job/title__title.csv,job-csv,utf8,LibcMemmem,static,prefix-btree,prefix-btree,prefix_champion,Champion%,1,2528312,41409377,41409377,2528312,2528312,0,0,0,732255756,1436756712,1811,2529,2489,5018,222,222,222,0.0019847234043899645,11.211711711711711,0.00012118028242733524,
job_title_title,title.title,benchmarks/job/../../data/job/title__title.csv,job-csv,utf8,LibcMemmem,static,prefix-btree,prefix-btree,prefix_champion,Champion%,2,2528312,41409377,41409377,2528312,2528312,0,0,0,732255756,1436756712,1811,2053,1062,3115,222,222,222,0.0012320473106167277,4.783783783783784,0.00007522450772442194,
job_title_title,title.title,benchmarks/job/../../data/job/title__title.csv,job-csv,utf8,LibcMemmem,static,prefix-btree,prefix-btree,prefix_champion,Champion%,3,2528312,41409377,41409377,2528312,2528312,0,0,0,732255756,1436756712,1811,1983,1042,3025,222,222,222,0.0011964504380788446,4.693693693693693,0.00007305108695549802,
job_title_title,title.title,benchmarks/job/../../data/job/title__title.csv,job-csv,utf8,LibcMemmem,static,prefix-btree,prefix-btree,prefix_champion,Champion%,4,2528312,41409377,41409377,2528312,2528312,0,0,0,732255756,1436756712,1811,1933,1062,2995,222,222,222,0.0011845848138995504,4.783783783783784,0.00007232661336585672,
job_title_title,title.title,benchmarks/job/../../data/job/title__title.csv,job-csv,utf8,LibcMemmem,static,qgram,full-scan,prefix_champion,Champion%,0,2528312,41409377,41409377,2528312,2528312,0,0,0,732255756,1004699400,1811,334,10010817,10011151,2528312,2138136,222,3.9596185122722196,3.9594864083230235,0.2417604833803706,literal-shorter-than-qgram
job_title_title,title.title,benchmarks/job/../../data/job/title__title.csv,job-csv,utf8,LibcMemmem,static,qgram,full-scan,prefix_champion,Champion%,1,2528312,41409377,41409377,2528312,2528312,0,0,0,732255756,1004699400,1811,112,9156691,9156803,2528312,2138136,222,3.621706102727828,3.6216618043975584,0.22112873130160832,literal-shorter-than-qgram
job_title_title,title.title,benchmarks/job/../../data/job/title__title.csv,job-csv,utf8,LibcMemmem,static,qgram,full-scan,prefix_champion,Champion%,2,2528312,41409377,41409377,2528312,2528312,0,0,0,732255756,1004699400,1811,101,9230886,9230987,2528312,2138136,222,3.6510474181983867,3.6510074705969835,0.22292020959407335,literal-shorter-than-qgram
job_title_title,title.title,benchmarks/job/../../data/job/title__title.csv,job-csv,utf8,LibcMemmem,static,qgram,full-scan,prefix_champion,Champion%,3,2528312,41409377,41409377,2528312,2528312,0,0,0,732255756,1004699400,1811,101,9148943,9149044,2528312,2138136,222,3.618637256794256,3.618597309192853,0.22094135828220743,literal-shorter-than-qgram
job_title_title,title.title,benchmarks/job/../../data/job/title__title.csv,job-csv,utf8,LibcMemmem,static,qgram,full-scan,prefix_champion,Champion%,4,2528312,41409377,41409377,2528312,2528312,0,0,0,732255756,1004699400,1811,41,9428910,9428951,2528312,2138136,222,3.729346299032714,3.7293300826796694,0.22770086591739838,literal-shorter-than-qgram
job_title_title,title.title,benchmarks/job/../../data/job/title__title.csv,job-csv,utf8,LibcMemmem,static,trigram,trigram,prefix_champion,Champion%,0,2528312,41409377,41409377,2528312,2528312,0,0,0,732255756,2371910032,1811,138516,62834,201350,1870,1870,222,0.07963811428336376,33.60106951871658,0.004862425242475877,
job_title_title,title.title,benchmarks/job/../../data/job/title__title.csv,job-csv,utf8,LibcMemmem,static,trigram,trigram,prefix_champion,Champion%,1,2528312,41409377,41409377,2528312,2528312,0,0,0,732255756,2371910032,1811,127196,55571,182767,1870,1870,222,0.07228815114590288,29.717112299465242,0.0044136621519323994,
job_title_title,title.title,benchmarks/job/../../data/job/title__title.csv,job-csv,utf8,LibcMemmem,static,trigram,trigram,prefix_champion,Champion%,2,2528312,41409377,41409377,2528312,2528312,0,0,0,732255756,2371910032,1811,127409,49774,177183,1870,1870,222,0.07007956296533023,26.61711229946524,0.004278813467780498,
job_title_title,title.title,benchmarks/job/../../data/job/title__title.csv,job-csv,utf8,LibcMemmem,static,trigram,trigram,prefix_champion,Champion%,3,2528312,41409377,41409377,2528312,2528312,0,0,0,732255756,2371910032,1811,123291,45171,168462,1870,1870,222,0.06663022601640936,24.155614973262033,0.0040682089952717715,
job_title_title,title.title,benchmarks/job/../../data/job/title__title.csv,job-csv,utf8,LibcMemmem,static,trigram,trigram,prefix_champion,Champion%,4,2528312,41409377,41409377,2528312,2528312,0,0,0,732255756,2371910032,1811,123615,42864,166479,1870,1870,222,0.06584590825815802,22.92192513368984,0.0040203212909964816,
job_title_title,title.title,benchmarks/job/../../data/job/title__title.csv,job-csv,utf8,LibcMemmem,static,fm,fm,prefix_dragon_ball_z,Dragon Ball Z%,0,2528312,41409377,41409377,2528312,2528312,0,0,0,732255756,50052993057,2104,708,213,921,26,26,25,0.0003642746623043359,8.192307692307692,0.000022241339201987993,
job_title_title,title.title,benchmarks/job/../../data/job/title__title.csv,job-csv,utf8,LibcMemmem,static,fm,fm,prefix_dragon_ball_z,Dragon Ball Z%,1,2528312,41409377,41409377,2528312,2528312,0,0,0,732255756,50052993057,2104,445,172,617,26,26,25,0.00024403633728748667,6.615384615384615,0.000014900006826956126,
job_title_title,title.title,benchmarks/job/../../data/job/title__title.csv,job-csv,utf8,LibcMemmem,static,fm,fm,prefix_dragon_ball_z,Dragon Ball Z%,2,2528312,41409377,41409377,2528312,2528312,0,0,0,732255756,50052993057,2104,678,333,1011,26,26,25,0.00039987153484221885,12.807692307692308,0.000024414759970911902,
job_title_title,title.title,benchmarks/job/../../data/job/title__title.csv,job-csv,utf8,LibcMemmem,static,fm,fm,prefix_dragon_ball_z,Dragon Ball Z%,3,2528312,41409377,41409377,2528312,2528312,0,0,0,732255756,50052993057,2104,384,152,536,26,26,25,0.00021199915200339198,5.846153846153846,0.00001294392813492461,
job_title_title,title.title,benchmarks/job/../../data/job/title__title.csv,job-csv,utf8,LibcMemmem,static,fm,fm,prefix_dragon_ball_z,Dragon Ball Z%,4,2528312,41409377,41409377,2528312,2528312,0,0,0,732255756,50052993057,2104,364,142,506,26,26,25,0.00020013352782409765,5.461538461538462,0.000012219454545283306,
job_title_title,title.title,benchmarks/job/../../data/job/title__title.csv,job-csv,utf8,LibcMemmem,static,full-scan,full-scan,prefix_dragon_ball_z,Dragon Ball Z%,0,2528312,41409377,41409377,2528312,2528312,0,0,0,732255756,0,2104,162,9615884,9616046,2528312,1303963,25,3.8033462642268834,3.8032821898563154,0.23221904545919636,
job_title_title,title.title,benchmarks/job/../../data/job/title__title.csv,job-csv,utf8,LibcMemmem,static,full-scan,full-scan,prefix_dragon_ball_z,Dragon Ball Z%,1,2528312,41409377,41409377,2528312,2528312,0,0,0,732255756,0,2104,102,9820068,9820170,2528312,1303963,25,3.884081553226026,3.8840412101038164,0.2371484603595944,
job_title_title,title.title,benchmarks/job/../../data/job/title__title.csv,job-csv,utf8,LibcMemmem,static,full-scan,full-scan,prefix_dragon_ball_z,Dragon Ball Z%,2,2528312,41409377,41409377,2528312,2528312,0,0,0,732255756,0,2104,51,9865280,9865331,2528312,1303963,25,3.9019436683447295,3.901923496783625,0.23823905875232076,
job_title_title,title.title,benchmarks/job/../../data/job/title__title.csv,job-csv,utf8,LibcMemmem,static,full-scan,full-scan,prefix_dragon_ball_z,Dragon Ball Z%,3,2528312,41409377,41409377,2528312,2528312,0,0,0,732255756,0,2104,395,9837964,9838359,2528312,1303963,25,3.891275681165932,3.8911194504475715,0.23758770869699392,
job_title_title,title.title,benchmarks/job/../../data/job/title__title.csv,job-csv,utf8,LibcMemmem,static,full-scan,full-scan,prefix_dragon_ball_z,Dragon Ball Z%,4,2528312,41409377,41409377,2528312,2528312,0,0,0,732255756,0,2104,40,9899635,9899675,2528312,1303963,25,3.9155274349051856,3.9155116140729467,0.23906843611774212,
job_title_title,title.title,benchmarks/job/../../data/job/title__title.csv,job-csv,utf8,LibcMemmem,static,prefix-btree,prefix-btree,prefix_dragon_ball_z,Dragon Ball Z%,0,2528312,41409377,41409377,2528312,2528312,0,0,0,732255756,1436756712,2104,1447,192,1639,25,25,25,0.0006482586009954467,7.68,0.00003958040711406984,
job_title_title,title.title,benchmarks/job/../../data/job/title__title.csv,job-csv,utf8,LibcMemmem,static,prefix-btree,prefix-btree,prefix_dragon_ball_z,Dragon Ball Z%,1,2528312,41409377,41409377,2528312,2528312,0,0,0,732255756,1436756712,2104,718,141,859,25,25,25,0.00033975237233379424,5.64,0.00002074409378339597,
job_title_title,title.title,benchmarks/job/../../data/job/title__title.csv,job-csv,utf8,LibcMemmem,static,prefix-btree,prefix-btree,prefix_dragon_ball_z,Dragon Ball Z%,2,2528312,41409377,41409377,2528312,2528312,0,0,0,732255756,1436756712,2104,596,141,737,25,25,25,0.000291498834004664,5.64,0.000017797901185521338,
job_title_title,title.title,benchmarks/job/../../data/job/title__title.csv,job-csv,utf8,LibcMemmem,static,prefix-btree,prefix-btree,prefix_dragon_ball_z,Dragon Ball Z%,3,2528312,41409377,41409377,2528312,2528312,0,0,0,732255756,1436756712,2104,586,142,728,25,25,25,0.0002879391467508757,5.68,0.000017580559108628947,
job_title_title,title.title,benchmarks/job/../../data/job/title__title.csv,job-csv,utf8,LibcMemmem,static,prefix-btree,prefix-btree,prefix_dragon_ball_z,Dragon Ball Z%,4,2528312,41409377,41409377,2528312,2528312,0,0,0,732255756,1436756712,2104,516,141,657,25,25,25,0.0002598571695265458,5.64,0.00001586597161314453,
job_title_title,title.title,benchmarks/job/../../data/job/title__title.csv,job-csv,utf8,LibcMemmem,static,qgram,full-scan,prefix_dragon_ball_z,Dragon Ball Z%,0,2528312,41409377,41409377,2528312,2528312,0,0,0,732255756,1004699400,2104,283,9640782,9641065,2528312,1303963,25,3.813241799271609,3.8131298668835174,0.23282323228383756,literal-shorter-than-qgram
job_title_title,title.title,benchmarks/job/../../data/job/title__title.csv,job-csv,utf8,LibcMemmem,static,qgram,full-scan,prefix_dragon_ball_z,Dragon Ball Z%,1,2528312,41409377,41409377,2528312,2528312,0,0,0,732255756,1004699400,2104,41,9938594,9938635,2528312,1303963,25,3.930936925506029,3.9309207091529843,0.24000928581948963,literal-shorter-than-qgram
job_title_title,title.title,benchmarks/job/../../data/job/title__title.csv,job-csv,utf8,LibcMemmem,static,qgram,full-scan,prefix_dragon_ball_z,Dragon Ball Z%,2,2528312,41409377,41409377,2528312,2528312,0,0,0,732255756,1004699400,2104,112,9928194,9928306,2528312,1303963,25,3.9268515911010984,3.926807292770829,0.23975984956257612,literal-shorter-than-qgram
job_title_title,title.title,benchmarks/job/../../data/job/title__title.csv,job-csv,utf8,LibcMemmem,static,qgram,full-scan,prefix_dragon_ball_z,Dragon Ball Z%,3,2528312,41409377,41409377,2528312,2528312,0,0,0,732255756,1004699400,2104,92,9540819,9540911,2528312,1303963,25,3.773628808469841,3.773592420555691,0.23040460135393973,literal-shorter-than-qgram
job_title_title,title.title,benchmarks/job/../../data/job/title__title.csv,job-csv,utf8,LibcMemmem,static,qgram,full-scan,prefix_dragon_ball_z,Dragon Ball Z%,4,2528312,41409377,41409377,2528312,2528312,0,0,0,732255756,1004699400,2104,40,9719478,9719518,2528312,1303963,25,3.8442715930628815,3.8442557722306425,0.23471780316810853,literal-shorter-than-qgram
job_title_title,title.title,benchmarks/job/../../data/job/title__title.csv,job-csv,utf8,LibcMemmem,static,trigram,trigram,prefix_dragon_ball_z,Dragon Ball Z%,0,2528312,41409377,41409377,2528312,2528312,0,0,0,732255756,2371910032,2104,130606,981,131587,26,26,25,0.05204539629602676,37.73076923076923,0.0031777102080043367,
job_title_title,title.title,benchmarks/job/../../data/job/title__title.csv,job-csv,utf8,LibcMemmem,static,trigram,trigram,prefix_dragon_ball_z,Dragon Ball Z%,1,2528312,41409377,41409377,2528312,2528312,0,0,0,732255756,2371910032,2104,129887,769,130656,26,26,25,0.051677166425662655,29.576923076923077,0.0031552273776058017,
job_title_title,title.title,benchmarks/job/../../data/job/title__title.csv,job-csv,utf8,LibcMemmem,static,trigram,trigram,prefix_dragon_ball_z,Dragon Ball Z%,2,2528312,41409377,41409377,2528312,2528312,0,0,0,732255756,2371910032,2104,130545,577,131122,26,26,25,0.051861479121247694,22.192307692307693,0.0031664808673648966,
job_title_title,title.title,benchmarks/job/../../data/job/title__title.csv,job-csv,utf8,LibcMemmem,static,trigram,trigram,prefix_dragon_ball_z,Dragon Ball Z%,3,2528312,41409377,41409377,2528312,2528312,0,0,0,732255756,2371910032,2104,137050,698,137748,26,26,25,0.054482199981647834,26.846153846153847,0.0033264929341970057,
job_title_title,title.title,benchmarks/job/../../data/job/title__title.csv,job-csv,utf8,LibcMemmem,static,trigram,trigram,prefix_dragon_ball_z,Dragon Ball Z%,4,2528312,41409377,41409377,2528312,2528312,0,0,0,732255756,2371910032,2104,130080,587,130667,26,26,25,0.0516815171545284,22.576923076923077,0.0031554930179220034,
job_title_title,title.title,benchmarks/job/../../data/job/title__title.csv,job-csv,utf8,LibcMemmem,static,fm,fm,prefix_kung_fu_panda,Kung Fu Panda%,0,2528312,41409377,41409377,2528312,2528312,0,0,0,732255756,50052993057,1538,779,182,961,19,19,15,0.00038009549454339495,9.578947368421053,0.000023207303988176397,
job_title_title,title.title,benchmarks/job/../../data/job/title__title.csv,job-csv,utf8,LibcMemmem,static,fm,fm,prefix_kung_fu_panda,Kung Fu Panda%,1,2528312,41409377,41409377,2528312,2528312,0,0,0,732255756,50052993057,1538,1528,627,2155,19,19,15,0.0008523473368793092,33.0,0.000052041352855900245,
job_title_title,title.title,benchmarks/job/../../data/job/title__title.csv,job-csv,utf8,LibcMemmem,static,fm,fm,prefix_kung_fu_panda,Kung Fu Panda%,2,2528312,41409377,41409377,2528312,2528312,0,0,0,732255756,50052993057,1538,354,111,465,19,19,15,0.00018391717477906207,5.842105263157895,0.000011229340639440192,
job_title_title,title.title,benchmarks/job/../../data/job/title__title.csv,job-csv,utf8,LibcMemmem,static,fm,fm,prefix_kung_fu_panda,Kung Fu Panda%,3,2528312,41409377,41409377,2528312,2528312,0,0,0,732255756,50052993057,1538,324,111,435,19,19,15,0.00017205155059976776,5.842105263157895,0.00001050486704979889,
job_title_title,title.title,benchmarks/job/../../data/job/title__title.csv,job-csv,utf8,LibcMemmem,static,fm,fm,prefix_kung_fu_panda,Kung Fu Panda%,4,2528312,41409377,41409377,2528312,2528312,0,0,0,732255756,50052993057,1538,324,121,445,19,19,15,0.00017600675865953253,6.368421052631579,0.000010746358246345991,
job_title_title,title.title,benchmarks/job/../../data/job/title__title.csv,job-csv,utf8,LibcMemmem,static,full-scan,full-scan,prefix_kung_fu_panda,Kung Fu Panda%,0,2528312,41409377,41409377,2528312,2528312,0,0,0,732255756,0,1538,162,9774098,9774260,2528312,1303963,15,3.865923193023646,3.8658591186530775,0.23603977427624664,
job_title_title,title.title,benchmarks/job/../../data/job/title__title.csv,job-csv,utf8,LibcMemmem,static,full-scan,full-scan,prefix_kung_fu_panda,Kung Fu Panda%,1,2528312,41409377,41409377,2528312,2528312,0,0,0,732255756,0,1538,101,9808161,9808262,2528312,1303963,15,3.879371691468458,3.8793317438670543,0.23686089264274612,
job_title_title,title.title,benchmarks/job/../../data/job/title__title.csv,job-csv,utf8,LibcMemmem,static,full-scan,full-scan,prefix_kung_fu_panda,Kung Fu Panda%,2,2528312,41409377,41409377,2528312,2528312,0,0,0,732255756,0,1538,131,9585949,9586080,2528312,1303963,15,3.7914940877549923,3.7914422745294094,0.23149539293962332,
job_title_title,title.title,benchmarks/job/../../data/job/title__title.csv,job-csv,utf8,LibcMemmem,static,full-scan,full-scan,prefix_kung_fu_panda,Kung Fu Panda%,3,2528312,41409377,41409377,2528312,2528312,0,0,0,732255756,0,1538,101,9688319,9688420,2528312,1303963,15,3.831971687038625,3.831931739437221,0.23396681384508633,
job_title_title,title.title,benchmarks/job/../../data/job/title__title.csv,job-csv,utf8,LibcMemmem,static,full-scan,full-scan,prefix_kung_fu_panda,Kung Fu Panda%,4,2528312,41409377,41409377,2528312,2528312,0,0,0,732255756,0,1538,51,9722323,9722374,2528312,1303963,15,3.8454012004847504,3.8453810289236454,0.23478677305384238,
job_title_title,title.title,benchmarks/job/../../data/job/title__title.csv,job-csv,utf8,LibcMemmem,static,prefix-btree,prefix-btree,prefix_kung_fu_panda,Kung Fu Panda%,0,2528312,41409377,41409377,2528312,2528312,0,0,0,732255756,1436756712,1538,991,122,1113,15,15,15,0.00044021465705181955,8.133333333333333,0.000026877970175692333,
job_title_title,title.title,benchmarks/job/../../data/job/title__title.csv,job-csv,utf8,LibcMemmem,static,prefix-btree,prefix-btree,prefix_kung_fu_panda,Kung Fu Panda%,1,2528312,41409377,41409377,2528312,2528312,0,0,0,732255756,1436756712,1538,526,91,617,15,15,15,0.00024403633728748667,6.066666666666666,0.000014900006826956126,
job_title_title,title.title,benchmarks/job/../../data/job/title__title.csv,job-csv,utf8,LibcMemmem,static,prefix-btree,prefix-btree,prefix_kung_fu_panda,Kung Fu Panda%,2,2528312,41409377,41409377,2528312,2528312,0,0,0,732255756,1436756712,1538,425,91,516,15,15,15,0.00020408873588386245,6.066666666666666,0.000012460945741830408,
job_title_title,title.title,benchmarks/job/../../data/job/title__title.csv,job-csv,utf8,LibcMemmem,static,prefix-btree,prefix-btree,prefix_kung_fu_panda,Kung Fu Panda%,3,2528312,41409377,41409377,2528312,2528312,0,0,0,732255756,1436756712,1538,375,91,466,15,15,15,0.00018431269558503855,6.066666666666666,0.000011253489759094903,
job_title_title,title.title,benchmarks/job/../../data/job/title__title.csv,job-csv,utf8,LibcMemmem,static,prefix-btree,prefix-btree,prefix_kung_fu_panda,Kung Fu Panda%,4,2528312,41409377,41409377,2528312,2528312,0,0,0,732255756,1436756712,1538,425,91,516,15,15,15,0.00020408873588386245,6.066666666666666,0.000012460945741830408,
job_title_title,title.title,benchmarks/job/../../data/job/title__title.csv,job-csv,utf8,LibcMemmem,static,qgram,full-scan,prefix_kung_fu_panda,Kung Fu Panda%,0,2528312,41409377,41409377,2528312,2528312,0,0,0,732255756,1004699400,1538,688,9569510,9570198,2528312,1303963,15,3.785212426314474,3.784940307999962,0.2311118566212672,literal-shorter-than-qgram
job_title_title,title.title,benchmarks/job/../../data/job/title__title.csv,job-csv,utf8,LibcMemmem,static,qgram,full-scan,prefix_kung_fu_panda,Kung Fu Panda%,1,2528312,41409377,41409377,2528312,2528312,0,0,0,732255756,1004699400,1538,30,9816911,9816941,2528312,1303963,15,3.882804416543528,3.8827925509193486,0.23707048285222934,literal-shorter-than-qgram
job_title_title,title.title,benchmarks/job/../../data/job/title__title.csv,job-csv,utf8,LibcMemmem,static,qgram,full-scan,prefix_kung_fu_panda,Kung Fu Panda%,2,2528312,41409377,41409377,2528312,2528312,0,0,0,732255756,1004699400,1538,101,9682201,9682302,2528312,1303963,15,3.829551890747661,3.829511943146257,0.23381906953103881,literal-shorter-than-qgram
job_title_title,title.title,benchmarks/job/../../data/job/title__title.csv,job-csv,utf8,LibcMemmem,static,qgram,full-scan,prefix_kung_fu_panda,Kung Fu Panda%,3,2528312,41409377,41409377,2528312,2528312,0,0,0,732255756,1004699400,1538,30,9730029,9730059,2528312,1303963,15,3.8484407778786793,3.8484289122545,0.2349723590383888,literal-shorter-than-qgram
job_title_title,title.title,benchmarks/job/../../data/job/title__title.csv,job-csv,utf8,LibcMemmem,static,qgram,full-scan,prefix_kung_fu_panda,Kung Fu Panda%,4,2528312,41409377,41409377,2528312,2528312,0,0,0,732255756,1004699400,1538,40,9635358,9635398,2528312,1303963,15,3.8110003828641403,3.810984562031901,0.2326863792227543,literal-shorter-than-qgram
job_title_title,title.title,benchmarks/job/../../data/job/title__title.csv,job-csv,utf8,LibcMemmem,static,trigram,trigram,prefix_kung_fu_panda,Kung Fu Panda%,0,2528312,41409377,41409377,2528312,2528312,0,0,0,732255756,2371910032,1538,160520,627,161147,19,19,15,0.06373699132069144,33.0,0.003891558184997567,
job_title_title,title.title,benchmarks/job/../../data/job/title__title.csv,job-csv,utf8,LibcMemmem,static,trigram,trigram,prefix_kung_fu_panda,Kung Fu Panda%,1,2528312,41409377,41409377,2528312,2528312,0,0,0,732255756,2371910032,1538,165751,637,166388,19,19,15,0.06580991586481415,33.526315789473685,0.004018123721107903,
job_title_title,title.title,benchmarks/job/../../data/job/title__title.csv,job-csv,utf8,LibcMemmem,static,trigram,trigram,prefix_kung_fu_panda,Kung Fu Panda%,2,2528312,41409377,41409377,2528312,2528312,0,0,0,732255756,2371910032,1538,157141,941,158082,19,19,15,0.06252472005037353,49.526315789473685,0.0038175411332558805,
job_title_title,title.title,benchmarks/job/../../data/job/title__title.csv,job-csv,utf8,LibcMemmem,static,trigram,trigram,prefix_kung_fu_panda,Kung Fu Panda%,3,2528312,41409377,41409377,2528312,2528312,0,0,0,732255756,2371910032,1538,157879,445,158324,19,19,15,0.06262043608541984,23.42105263157895,0.0038233852202123205,
job_title_title,title.title,benchmarks/job/../../data/job/title__title.csv,job-csv,utf8,LibcMemmem,static,trigram,trigram,prefix_kung_fu_panda,Kung Fu Panda%,4,2528312,41409377,41409377,2528312,2528312,0,0,0,732255756,2371910032,1538,157465,445,157910,19,19,15,0.062456690471745575,23.42105263157895,0.0038133874846752705,
job_title_title,title.title,benchmarks/job/../../data/job/title__title.csv,job-csv,utf8,LibcMemmem,static,fm,fm,prefix_loser,Loser%,0,2528312,41409377,41409377,2528312,2528312,0,0,0,732255756,50052993057,1295,3025,3531,6556,349,349,72,0.002593034403981787,10.117478510028654,0.00015832162845627937,
job_title_title,title.title,benchmarks/job/../../data/job/title__title.csv,job-csv,utf8,LibcMemmem,static,fm,fm,prefix_loser,Loser%,1,2528312,41409377,41409377,2528312,2528312,0,0,0,732255756,50052993057,1295,2286,3105,5391,349,349,72,0.0021322526650191906,8.896848137535816,0.0001301879040585421,
job_title_title,title.title,benchmarks/job/../../data/job/title__title.csv,job-csv,utf8,LibcMemmem,static,fm,fm,prefix_loser,Loser%,2,2528312,41409377,41409377,2528312,2528312,0,0,0,732255756,50052993057,1295,2125,2812,4937,349,349,72,0.0019526862191058699,8.05730659025788,0.00011922420373530372,
job_title_title,title.title,benchmarks/job/../../data/job/title__title.csv,job-csv,utf8,LibcMemmem,static,fm,fm,prefix_loser,Loser%,3,2528312,41409377,41409377,2528312,2528312,0,0,0,732255756,50052993057,1295,2165,2813,4978,349,349,72,0.0019689025721509055,8.060171919770774,0.00012021431764114684,
job_title_title,title.title,benchmarks/job/../../data/job/title__title.csv,job-csv,utf8,LibcMemmem,static,fm,fm,prefix_loser,Loser%,4,2528312,41409377,41409377,2528312,2528312,0,0,0,732255756,50052993057,1295,2124,2802,4926,349,349,72,0.0019483354902401287,8.02865329512894,0.00011895856341910191,
job_title_title,title.title,benchmarks/job/../../data/job/title__title.csv,job-csv,utf8,LibcMemmem,static,full-scan,full-scan,prefix_loser,Loser%,0,2528312,41409377,41409377,2528312,2528312,0,0,0,732255756,0,1295,274,10512307,10512581,2528312,2502331,72,4.157944510013005,4.1578361373121675,0.25386957644883185,
job_title_title,title.title,benchmarks/job/../../data/job/title__title.csv,job-csv,utf8,LibcMemmem,static,full-scan,full-scan,prefix_loser,Loser%,1,2528312,41409377,41409377,2528312,2528312,0,0,0,732255756,0,1295,81,10560373,10560454,2528312,2502331,72,4.176879277557517,4.176847240372233,0.2550256672540618,
job_title_title,title.title,benchmarks/job/../../data/job/title__title.csv,job-csv,utf8,LibcMemmem,static,full-scan,full-scan,prefix_loser,Loser%,2,2528312,41409377,41409377,2528312,2528312,0,0,0,732255756,0,1295,81,10493126,10493207,2528312,2502331,72,4.150281689918017,4.150249652732732,0.2534017114046415,
job_title_title,title.title,benchmarks/job/../../data/job/title__title.csv,job-csv,utf8,LibcMemmem,static,full-scan,full-scan,prefix_loser,Loser%,3,2528312,41409377,41409377,2528312,2528312,0,0,0,732255756,0,1295,91,10479185,10479276,2528312,2502331,72,4.144771689569958,4.144735697176614,0.25306529001873174,
job_title_title,title.title,benchmarks/job/../../data/job/title__title.csv,job-csv,utf8,LibcMemmem,static,full-scan,full-scan,prefix_loser,Loser%,4,2528312,41409377,41409377,2528312,2528312,0,0,0,732255756,0,1295,81,10540390,10540471,2528312,2502331,72,4.1689755852916885,4.168943548106404,0.25454309539600173,
job_title_title,title.title,benchmarks/job/../../data/job/title__title.csv,job-csv,utf8,LibcMemmem,static,prefix-btree,prefix-btree,prefix_loser,Loser%,0,2528312,41409377,41409377,2528312,2528312,0,0,0,732255756,1436756712,1295,1649,456,2105,72,72,72,0.0008325712965804854,6.333333333333333,0.000050833896873164744,
job_title_title,title.title,benchmarks/job/../../data/job/title__title.csv,job-csv,utf8,LibcMemmem,static,prefix-btree,prefix-btree,prefix_loser,Loser%,1,2528312,41409377,41409377,2528312,2528312,0,0,0,732255756,1436756712,1295,1163,465,1628,72,72,72,0.0006439078721297055,6.458333333333333,0.00003931476679786803,
job_title_title,title.title,benchmarks/job/../../data/job/title__title.csv,job-csv,utf8,LibcMemmem,static,prefix-btree,prefix-btree,prefix_loser,Loser%,2,2528312,41409377,41409377,2528312,2528312,0,0,0,732255756,1436756712,1295,951,435,1386,72,72,72,0.0005481918370833979,6.041666666666667,0.000033470679841428185,
job_title_title,title.title,benchmarks/job/../../data/job/title__title.csv,job-csv,utf8,LibcMemmem,static,prefix-btree,prefix-btree,prefix_loser,Loser%,3,2528312,41409377,41409377,2528312,2528312,0,0,0,732255756,1436756712,1295,859,435,1294,72,72,72,0.000511803922933562,6.041666666666667,0.00003124896083319486,
job_title_title,title.title,benchmarks/job/../../data/job/title__title.csv,job-csv,utf8,LibcMemmem,static,prefix-btree,prefix-btree,prefix_loser,Loser%,4,2528312,41409377,41409377,2528312,2528312,0,0,0,732255756,1436756712,1295,1012,445,1457,72,72,72,0.0005762738143077279,6.180555555555555,0.000035185267336912606,
job_title_title,title.title,benchmarks/job/../../data/job/title__title.csv,job-csv,utf8,LibcMemmem,static,qgram,full-scan,prefix_loser,Loser%,0,2528312,41409377,41409377,2528312,2528312,0,0,0,732255756,1004699400,1295,354,10475411,10475765,2528312,2502331,72,4.143383016020175,4.143243001654859,0.25298050245962406,literal-shorter-than-qgram
job_title_title,title.title,benchmarks/job/../../data/job/title__title.csv,job-csv,utf8,LibcMemmem,static,qgram,full-scan,prefix_loser,Loser%,1,2528312,41409377,41409377,2528312,2528312,0,0,0,732255756,1004699400,1295,40,10669488,10669528,2528312,2502331,72,4.220020313948595,4.220004493116356,0.25765970833127966,literal-shorter-than-qgram
job_title_title,title.title,benchmarks/job/../../data/job/title__title.csv,job-csv,utf8,LibcMemmem,static,qgram,full-scan,prefix_loser,Loser%,2,2528312,41409377,41409377,2528312,2528312,0,0,0,732255756,1004699400,1295,111,10664805,10664916,2528312,2502331,72,4.218196171991432,4.218152269181968,0.2575483325914321,literal-shorter-than-qgram
job_title_title,title.title,benchmarks/job/../../data/job/title__title.csv,job-csv,utf8,LibcMemmem,static,qgram,full-scan,prefix_loser,Loser%,3,2528312,41409377,41409377,2528312,2528312,0,0,0,732255756,1004699400,1295,41,10515798,10515839,2528312,2502331,72,4.159233116798876,4.1592169004458315,0.2539482542806669,literal-shorter-than-qgram
job_title_title,title.title,benchmarks/job/../../data/job/title__title.csv,job-csv,utf8,LibcMemmem,static,qgram,full-scan,prefix_loser,Loser%,4,2528312,41409377,41409377,2528312,2528312,0,0,0,732255756,1004699400,1295,344,10304987,10305331,2528312,2502331,72,4.0759728229743795,4.075836763817124,0.2488646714003932,literal-shorter-than-qgram
job_title_title,title.title,benchmarks/job/../../data/job/title__title.csv,job-csv,utf8,LibcMemmem,static,trigram,trigram,prefix_loser,Loser%,0,2528312,41409377,41409377,2528312,2528312,0,0,0,732255756,2371910032,1295,53800,4512,58312,349,349,72,0.02306360923810036,12.928366762177651,0.0014081834653054549,
job_title_title,title.title,benchmarks/job/../../data/job/title__title.csv,job-csv,utf8,LibcMemmem,static,trigram,trigram,prefix_loser,Loser%,1,2528312,41409377,41409377,2528312,2528312,0,0,0,732255756,2371910032,1295,50735,3601,54336,349,349,72,0.021491018513537886,10.318051575931232,0.0013121665655583276,
job_title_title,title.title,benchmarks/job/../../data/job/title__title.csv,job-csv,utf8,LibcMemmem,static,trigram,trigram,prefix_loser,Loser%,2,2528312,41409377,41409377,2528312,2528312,0,0,0,732255756,2371910032,1295,49429,3277,52706,349,349,72,0.02084631959979623,9.38968481375358,0.00127280350052115,
job_title_title,title.title,benchmarks/job/../../data/job/title__title.csv,job-csv,utf8,LibcMemmem,static,trigram,trigram,prefix_loser,Loser%,3,2528312,41409377,41409377,2528312,2528312,0,0,0,732255756,2371910032,1295,48590,3480,52070,349,349,72,0.020594768367195187,9.97134670487106,0.0012574446604207545,
job_title_title,title.title,benchmarks/job/../../data/job/title__title.csv,job-csv,utf8,LibcMemmem,static,trigram,trigram,prefix_loser,Loser%,4,2528312,41409377,41409377,2528312,2528312,0,0,0,732255756,2371910032,1295,48306,8002,56308,349,349,72,0.0222709855429235,22.92836676217765,0.0013597886295174159,
job_title_title,title.title,benchmarks/job/../../data/job/title__title.csv,job-csv,utf8,LibcMemmem,static,fm,fm,prefix_one_piece,One Piece%,0,2528312,41409377,41409377,2528312,2528312,0,0,0,732255756,50052993057,1609,566,141,707,17,17,14,0.00027963320982536964,8.294117647058824,0.000017073427595880033,
job_title_title,title.title,benchmarks/job/../../data/job/title__title.csv,job-csv,utf8,LibcMemmem,static,fm,fm,prefix_one_piece,One Piece%,1,2528312,41409377,41409377,2528312,2528312,0,0,0,732255756,50052993057,1609,313,111,424,17,17,14,0.0001677008217340265,6.529411764705882,0.000010239226733597078,
job_title_title,title.title,benchmarks/job/../../data/job/title__title.csv,job-csv,utf8,LibcMemmem,static,fm,fm,prefix_one_piece,One Piece%,2,2528312,41409377,41409377,2528312,2528312,0,0,0,732255756,50052993057,1609,273,101,374,17,17,14,0.0001479247814352026,5.9411764705882355,9.031770750861574e-6,
job_title_title,title.title,benchmarks/job/../../data/job/title__title.csv,job-csv,utf8,LibcMemmem,static,fm,fm,prefix_one_piece,One Piece%,3,2528312,41409377,41409377,2528312,2528312,0,0,0,732255756,50052993057,1609,264,111,375,17,17,14,0.0001483203022411791,6.529411764705882,9.055919870516285e-6,
job_title_title,title.title,benchmarks/job/../../data/job/title__title.csv,job-csv,utf8,LibcMemmem,static,fm,fm,prefix_one_piece,One Piece%,4,2528312,41409377,41409377,2528312,2528312,0,0,0,732255756,50052993057,1609,263,101,364,17,17,14,0.00014396957337543784,5.9411764705882355,8.790279554314473e-6,
job_title_title,title.title,benchmarks/job/../../data/job/title__title.csv,job-csv,utf8,LibcMemmem,static,full-scan,full-scan,prefix_one_piece,One Piece%,0,2528312,41409377,41409377,2528312,2528312,0,0,0,732255756,0,1609,405,9575731,9576136,2528312,2000434,14,3.7875610288603623,3.7874008429339416,0.23125525409377687,
job_title_title,title.title,benchmarks/job/../../data/job/title__title.csv,job-csv,utf8,LibcMemmem,static,full-scan,full-scan,prefix_one_piece,One Piece%,1,2528312,41409377,41409377,2528312,2528312,0,0,0,732255756,0,1609,71,9454606,9454677,2528312,2000434,14,3.739521467287265,3.7394933853100407,0.22832212616963543,
job_title_title,title.title,benchmarks/job/../../data/job/title__title.csv,job-csv,utf8,LibcMemmem,static,full-scan,full-scan,prefix_one_piece,One Piece%,2,2528312,41409377,41409377,2528312,2528312,0,0,0,732255756,0,1609,91,9492928,9493019,2528312,2000434,14,3.754686526030015,3.7546505336366716,0.22924805171543633,
job_title_title,title.title,benchmarks/job/../../data/job/title__title.csv,job-csv,utf8,LibcMemmem,static,full-scan,full-scan,prefix_one_piece,One Piece%,3,2528312,41409377,41409377,2528312,2528312,0,0,0,732255756,0,1609,111,9660226,9660337,2528312,2000434,14,3.8208642762443876,3.820820373434924,0.2332886341178231,
job_title_title,title.title,benchmarks/job/../../data/job/title__title.csv,job-csv,utf8,LibcMemmem,static,full-scan,full-scan,prefix_one_piece,One Piece%,4,2528312,41409377,41409377,2528312,2528312,0,0,0,732255756,0,1609,81,9561932,9562013,2528312,2000434,14,3.7819750885175565,3.7819430513322723,0.2309141960768934,
job_title_title,title.title,benchmarks/job/../../data/job/title__title.csv,job-csv,utf8,LibcMemmem,static,prefix-btree,prefix-btree,prefix_one_piece,One Piece%,0,2528312,41409377,41409377,2528312,2528312,0,0,0,732255756,1436756712,1609,1063,101,1164,14,14,14,0.0004603862181566199,7.214285714285714,0.000028109575278082547,
job_title_title,title.title,benchmarks/job/../../data/job/title__title.csv,job-csv,utf8,LibcMemmem,static,prefix-btree,prefix-btree,prefix_one_piece,One Piece%,1,2528312,41409377,41409377,2528312,2528312,0,0,0,732255756,1436756712,1609,546,101,647,14,14,14,0.000255901961466781,7.214285714285714,0.00001562448041659743,
job_title_title,title.title,benchmarks/job/../../data/job/title__title.csv,job-csv,utf8,LibcMemmem,static,prefix-btree,prefix-btree,prefix_one_piece,One Piece%,2,2528312,41409377,41409377,2528312,2528312,0,0,0,732255756,1436756712,1609,415,81,496,14,14,14,0.00019617831976433288,5.785714285714286,0.000011977963348736205,
job_title_title,title.title,benchmarks/job/../../data/job/title__title.csv,job-csv,utf8,LibcMemmem,static,prefix-btree,prefix-btree,prefix_one_piece,One Piece%,3,2528312,41409377,41409377,2528312,2528312,0,0,0,732255756,1436756712,1609,466,91,557,14,14,14,0.000220305088928898,6.5,0.000013451059647673521,
job_title_title,title.title,benchmarks/job/../../data/job/title__title.csv,job-csv,utf8,LibcMemmem,static,prefix-btree,prefix-btree,prefix_one_piece,One Piece%,4,2528312,41409377,41409377,2528312,2528312,0,0,0,732255756,1436756712,1609,384,91,475,14,14,14,0.00018787238283882686,6.5,0.000011470831835987294,
job_title_title,title.title,benchmarks/job/../../data/job/title__title.csv,job-csv,utf8,LibcMemmem,static,qgram,full-scan,prefix_one_piece,One Piece%,0,2528312,41409377,41409377,2528312,2528312,0,0,0,732255756,1004699400,1609,294,9512180,9512474,2528312,2000434,14,3.7623813833102875,3.7622651001933307,0.2297178728383187,literal-shorter-than-qgram
job_title_title,title.title,benchmarks/job/../../data/job/title__title.csv,job-csv,utf8,LibcMemmem,static,qgram,full-scan,prefix_one_piece,One Piece%,1,2528312,41409377,41409377,2528312,2528312,0,0,0,732255756,1004699400,1609,41,9549367,9549408,2528312,2000434,14,3.776989548758223,3.776973332405178,0.2306097964236458,literal-shorter-than-qgram
job_title_title,title.title,benchmarks/job/../../data/job/title__title.csv,job-csv,utf8,LibcMemmem,static,qgram,full-scan,prefix_one_piece,One Piece%,2,2528312,41409377,41409377,2528312,2528312,0,0,0,732255756,1004699400,1609,40,9394178,9394218,2528312,2000434,14,3.7156086748787334,3.7155928540464944,0.22686209454443132,literal-shorter-than-qgram
job_title_title,title.title,benchmarks/job/../../data/job/title__title.csv,job-csv,utf8,LibcMemmem,static,qgram,full-scan,prefix_one_piece,One Piece%,3,2528312,41409377,41409377,2528312,2528312,0,0,0,732255756,1004699400,1609,41,9539089,9539130,2528312,2000434,14,3.7729243859143966,3.7729081695613518,0.23036159177183468,literal-shorter-than-qgram
job_title_title,title.title,benchmarks/job/../../data/job/title__title.csv,job-csv,utf8,LibcMemmem,static,qgram,full-scan,prefix_one_piece,One Piece%,4,2528312,41409377,41409377,2528312,2528312,0,0,0,732255756,1004699400,1609,50,9526829,9526879,2528312,2000434,14,3.768078860520379,3.76805908448008,0.23006574090694482,literal-shorter-than-qgram
job_title_title,title.title,benchmarks/job/../../data/job/title__title.csv,job-csv,utf8,LibcMemmem,static,trigram,trigram,prefix_one_piece,One Piece%,0,2528312,41409377,41409377,2528312,2528312,0,0,0,732255756,2371910032,1609,67145,576,67721,17,17,14,0.026785064501533038,33.88235294117647,0.001635402532136622,
job_title_title,title.title,benchmarks/job/../../data/job/title__title.csv,job-csv,utf8,LibcMemmem,static,trigram,trigram,prefix_one_piece,One Piece%,1,2528312,41409377,41409377,2528312,2528312,0,0,0,732255756,2371910032,1609,63054,373,63427,17,17,14,0.025086698160670044,21.941176470588236,0.001531706212339297,
job_title_title,title.title,benchmarks/job/../../data/job/title__title.csv,job-csv,utf8,LibcMemmem,static,trigram,trigram,prefix_one_piece,One Piece%,2,2528312,41409377,41409377,2528312,2528312,0,0,0,732255756,2371910032,1609,61498,303,61801,17,17,14,0.02444358133015229,17.823529411764707,0.0014924397437807383,
job_title_title,title.title,benchmarks/job/../../data/job/title__title.csv,job-csv,utf8,LibcMemmem,static,trigram,trigram,prefix_one_piece,One Piece%,3,2528312,41409377,41409377,2528312,2528312,0,0,0,732255756,2371910032,1609,60810,757,61567,17,17,14,0.024351029461553795,44.529411764705884,0.0014867888497815361,
job_title_title,title.title,benchmarks/job/../../data/job/title__title.csv,job-csv,utf8,LibcMemmem,static,trigram,trigram,prefix_one_piece,One Piece%,4,2528312,41409377,41409377,2528312,2528312,0,0,0,732255756,2371910032,1609,67276,343,67619,17,17,14,0.026744721379323436,20.176470588235293,0.0016329393219318416,
job_title_title,title.title,benchmarks/job/../../data/job/title__title.csv,job-csv,utf8,LibcMemmem,static,fm,fm,prefix_saw,Saw%,0,2528312,41409377,41409377,2528312,2528312,0,0,0,732255756,50052993057,1960,5969,6909,12878,570,570,131,0.005093516939365078,12.121052631578948,0.00031099236291335655,
job_title_title,title.title,benchmarks/job/../../data/job/title__title.csv,job-csv,utf8,LibcMemmem,static,fm,fm,prefix_saw,Saw%,1,2528312,41409377,41409377,2528312,2528312,0,0,0,732255756,50052993057,1960,4425,5869,10294,570,570,131,0.00407149117672186,10.296491228070176,0.00024859103772558567,
job_title_title,title.title,benchmarks/job/../../data/job/title__title.csv,job-csv,utf8,LibcMemmem,static,fm,fm,prefix_saw,Saw%,2,2528312,41409377,41409377,2528312,2528312,0,0,0,732255756,50052993057,1960,4071,5313,9384,570,570,131,0.0037115672432832657,9.321052631578947,0.0002266153388397995,
job_title_title,title.title,benchmarks/job/../../data/job/title__title.csv,job-csv,utf8,LibcMemmem,static,fm,fm,prefix_saw,Saw%,3,2528312,41409377,41409377,2528312,2528312,0,0,0,732255756,50052993057,1960,4061,5182,9243,570,570,131,0.0036557988096405825,9.091228070175438,0.00022321031296848538,
job_title_title,title.title,benchmarks/job/../../data/job/title__title.csv,job-csv,utf8,LibcMemmem,static,fm,fm,prefix_saw,Saw%,4,2528312,41409377,41409377,2528312,2528312,0,0,0,732255756,50052993057,1960,3969,5171,9140,570,570,131,0.0036150601666250053,9.071929824561403,0.00022072295364405025,
job_title_title,title.title,benchmarks/job/../../data/job/title__title.csv,job-csv,utf8,LibcMemmem,static,full-scan,full-scan,prefix_saw,Saw%,0,2528312,41409377,41409377,2528312,2528312,0,0,0,732255756,0,1960,465,9621726,9622191,2528312,2526814,131,3.805776739579609,3.80559282240483,0.23236744179947455,
job_title_title,title.title,benchmarks/job/../../data/job/title__title.csv,job-csv,utf8,LibcMemmem,static,full-scan,full-scan,prefix_saw,Saw%,1,2528312,41409377,41409377,2528312,2528312,0,0,0,732255756,0,1960,41,9715738,9715779,2528312,2526814,131,3.8427927407693354,3.8427765244162906,0.23462750960971956,
job_title_title,title.title,benchmarks/job/../../data/job/title__title.csv,job-csv,utf8,LibcMemmem,static,full-scan,full-scan,prefix_saw,Saw%,2,2528312,41409377,41409377,2528312,2528312,0,0,0,732255756,0,1960,91,9624323,9624414,2528312,2526814,131,3.8066559823312947,3.8066199899379507,0.23242112529246697,
job_title_title,title.title,benchmarks/job/../../data/job/title__title.csv,job-csv,utf8,LibcMemmem,static,full-scan,full-scan,prefix_saw,Saw%,3,2528312,41409377,41409377,2528312,2528312,0,0,0,732255756,0,1960,61,9626858,9626919,2528312,2526814,131,3.8076467619502656,3.807622635181101,0.23248161883720203,
job_title_title,title.title,benchmarks/job/../../data/job/title__title.csv,job-csv,utf8,LibcMemmem,static,full-scan,full-scan,prefix_saw,Saw%,4,2528312,41409377,41409377,2528312,2528312,0,0,0,732255756,0,1960,30,9519823,9519853,2528312,2526814,131,3.765299931337588,3.765288065713409,0.22989606919225083,
job_title_title,title.title,benchmarks/job/../../data/job/title__title.csv,job-csv,utf8,LibcMemmem,static,prefix-btree,prefix-btree,prefix_saw,Saw%,0,2528312,41409377,41409377,2528312,2528312,0,0,0,732255756,1436756712,1960,2131,707,2838,131,131,131,0.0011224880473612434,5.396946564885496,0.00006853520158006723,
job_title_title,title.title,benchmarks/job/../../data/job/title__title.csv,job-csv,utf8,LibcMemmem,static,prefix-btree,prefix-btree,prefix_saw,Saw%,1,2528312,41409377,41409377,2528312,2528312,0,0,0,732255756,1436756712,1960,1565,657,2222,131,131,131,0.0008788472308797332,5.015267175572519,0.00005365934387276582,
job_title_title,title.title,benchmarks/job/../../data/job/title__title.csv,job-csv,utf8,LibcMemmem,static,prefix-btree,prefix-btree,prefix_saw,Saw%,2,2528312,41409377,41409377,2528312,2528312,0,0,0,732255756,1436756712,1960,1505,697,2202,131,131,131,0.0008709368147602036,5.320610687022901,0.00005317636147967162,
job_title_title,title.title,benchmarks/job/../../data/job/title__title.csv,job-csv,utf8,LibcMemmem,static,prefix-btree,prefix-btree,prefix_saw,Saw%,3,2528312,41409377,41409377,2528312,2528312,0,0,0,732255756,1436756712,1960,1475,656,2131,131,131,131,0.0008428548375358737,5.00763358778626,0.00005146177398418721,
job_title_title,title.title,benchmarks/job/../../data/job/title__title.csv,job-csv,utf8,LibcMemmem,static,prefix-btree,prefix-btree,prefix_saw,Saw%,4,2528312,41409377,41409377,2528312,2528312,0,0,0,732255756,1436756712,1960,1727,1788,3515,131,131,131,0.0013902556330073186,13.648854961832061,0.00008488415558630597,
job_title_title,title.title,benchmarks/job/../../data/job/title__title.csv,job-csv,utf8,LibcMemmem,static,qgram,full-scan,prefix_saw,Saw%,0,2528312,41409377,41409377,2528312,2528312,0,0,0,732255756,1004699400,1960,424,9648525,9648949,2528312,2526814,131,3.8163600853059276,3.8161923844841934,0.23301362394319527,literal-shorter-than-qgram
job_title_title,title.title,benchmarks/job/../../data/job/title__title.csv,job-csv,utf8,LibcMemmem,static,qgram,full-scan,prefix_saw,Saw%,1,2528312,41409377,41409377,2528312,2528312,0,0,0,732255756,1004699400,1960,30,9795359,9795389,2528312,2526814,131,3.8742801521331227,3.8742682865089435,0.23655002102543102,literal-shorter-than-qgram
job_title_title,title.title,benchmarks/job/../../data/job/title__title.csv,job-csv,utf8,LibcMemmem,static,qgram,full-scan,prefix_saw,Saw%,2,2528312,41409377,41409377,2528312,2528312,0,0,0,732255756,1004699400,1960,31,9785076,9785107,2528312,2526814,131,3.8702134072060725,3.8702011460610874,0.2363017197771413,literal-shorter-than-qgram
job_title_title,title.title,benchmarks/job/../../data/job/title__title.csv,job-csv,utf8,LibcMemmem,static,qgram,full-scan,prefix_saw,Saw%,3,2528312,41409377,41409377,2528312,2528312,0,0,0,732255756,1004699400,1960,40,9636878,9636918,2528312,2526814,131,3.8116015744892247,3.8115857536569853,0.23272308588462948,literal-shorter-than-qgram
job_title_title,title.title,benchmarks/job/../../data/job/title__title.csv,job-csv,utf8,LibcMemmem,static,qgram,full-scan,prefix_saw,Saw%,4,2528312,41409377,41409377,2528312,2528312,0,0,0,732255756,1004699400,1960,40,9683586,9683626,2528312,2526814,131,3.8300755602947736,3.8300597394625346,0.23385104296546166,literal-shorter-than-qgram
job_title_title,title.title,benchmarks/job/../../data/job/title__title.csv,job-csv,utf8,LibcMemmem,static,trigram,trigram,prefix_saw,Saw%,0,2528312,41409377,41409377,2528312,2528312,0,0,0,732255756,2371910032,1960,333,5021,5354,570,570,131,0.002117618395198061,8.80877192982456,0.00012929438663131782,
job_title_title,title.title,benchmarks/job/../../data/job/title__title.csv,job-csv,utf8,LibcMemmem,static,trigram,trigram,prefix_saw,Saw%,1,2528312,41409377,41409377,2528312,2528312,0,0,0,732255756,2371910032,1960,222,4273,4495,570,570,131,0.0017778660228642668,7.496491228070176,0.00010855029284792187,
job_title_title,title.title,benchmarks/job/../../data/job/title__title.csv,job-csv,utf8,LibcMemmem,static,trigram,trigram,prefix_saw,Saw%,2,2528312,41409377,41409377,2528312,2528312,0,0,0,732255756,2371910032,1960,263,7950,8213,570,570,131,0.0032484123794848103,13.947368421052632,0.000198336719724134,
job_title_title,title.title,benchmarks/job/../../data/job/title__title.csv,job-csv,utf8,LibcMemmem,static,trigram,trigram,prefix_saw,Saw%,3,2528312,41409377,41409377,2528312,2528312,0,0,0,732255756,2371910032,1960,192,3879,4071,570,570,131,0.0016101652011302403,6.8052631578947365,0.00009831106611432478,
job_title_title,title.title,benchmarks/job/../../data/job/title__title.csv,job-csv,utf8,LibcMemmem,static,trigram,trigram,prefix_saw,Saw%,4,2528312,41409377,41409377,2528312,2528312,0,0,0,732255756,2371910032,1960,182,3697,3879,570,570,131,0.0015342252063827565,6.485964912280702,0.00009367443514062045,
job_title_title,title.title,benchmarks/job/../../data/job/title__title.csv,job-csv,utf8,LibcMemmem,static,fm,fm,prefix_vampire,Vampire%,0,2528312,41409377,41409377,2528312,2528312,0,0,0,732255756,50052993057,1697,12152,23021,35173,935,935,284,0.013911653308610647,24.62139037433155,0.000849396985615118,
job_title_title,title.title,benchmarks/job/../../data/job/title__title.csv,job-csv,utf8,LibcMemmem,static,fm,fm,prefix_vampire,Vampire%,1,2528312,41409377,41409377,2528312,2528312,0,0,0,732255756,50052993057,1697,10162,19455,29617,935,935,284,0.011714139710605337,20.807486631016044,0.0007152244768135488,
job_title_title,title.title,benchmarks/job/../../data/job/title__title.csv,job-csv,utf8,LibcMemmem,static,fm,fm,prefix_vampire,Vampire%,2,2528312,41409377,41409377,2528312,2528312,0,0,0,732255756,50052993057,1697,9414,17849,27263,935,935,284,0.010783083733336708,19.089839572192513,0.0006583774491463612,
job_title_title,title.title,benchmarks/job/../../data/job/title__title.csv,job-csv,utf8,LibcMemmem,static,fm,fm,prefix_vampire,Vampire%,3,2528312,41409377,41409377,2528312,2528312,0,0,0,732255756,50052993057,1697,9395,16920,26315,935,935,284,0.010408130009271007,18.09625668449198,0.0006354840837136961,
job_title_title,title.title,benchmarks/job/../../data/job/title__title.csv,job-csv,utf8,LibcMemmem,static,fm,fm,prefix_vampire,Vampire%,4,2528312,41409377,41409377,2528312,2528312,0,0,0,732255756,50052993057,1697,8939,16798,25737,935,935,284,0.010179518983416604,17.965775401069518,0.0006215258925532736,
job_title_title,title.title,benchmarks/job/../../data/job/title__title.csv,job-csv,utf8,LibcMemmem,static,full-scan,full-scan,prefix_vampire,Vampire%,0,2528312,41409377,41409377,2528312,2528312,0,0,0,732255756,0,1697,222,11515773,11515995,2528312,2317545,284,4.554815624021086,4.554727818402159,0.27810114119804313,
job_title_title,title.title,benchmarks/job/../../data/job/title__title.csv,job-csv,utf8,LibcMemmem,static,full-scan,full-scan,prefix_vampire,Vampire%,1,2528312,41409377,41409377,2528312,2528312,0,0,0,732255756,0,1697,101,11322926,11323027,2528312,2317545,284,4.478492765133417,4.4784528175320135,0.27344113387651303,
job_title_title,title.title,benchmarks/job/../../data/job/title__title.csv,job-csv,utf8,LibcMemmem,static,full-scan,full-scan,prefix_vampire,Vampire%,2,2528312,41409377,41409377,2528312,2528312,0,0,0,732255756,0,1697,81,13890869,13890950,2528312,2317545,284,5.494159739778952,5.4941277025936675,0.33545421366759515,
job_title_title,title.title,benchmarks/job/../../data/job/title__title.csv,job-csv,utf8,LibcMemmem,static,full-scan,full-scan,prefix_vampire,Vampire%,3,2528312,41409377,41409377,2528312,2528312,0,0,0,732255756,0,1697,101,16028846,16028947,2528312,2317545,284,6.339782036394243,6.339742088792839,0.38708495904200635,
job_title_title,title.title,benchmarks/job/../../data/job/title__title.csv,job-csv,utf8,LibcMemmem,static,full-scan,full-scan,prefix_vampire,Vampire%,4,2528312,41409377,41409377,2528312,2528312,0,0,0,732255756,0,1697,101,11346958,11347059,2528312,2317545,284,4.487997921142644,4.48795797354124,0.274021485520055,
job_title_title,title.title,benchmarks/job/../../data/job/title__title.csv,job-csv,utf8,LibcMemmem,static,prefix-btree,prefix-btree,prefix_vampire,Vampire%,0,2528312,41409377,41409377,2528312,2528312,0,0,0,732255756,1436756712,1697,3930,2374,6304,284,284,284,0.002493363160875715,8.359154929577464,0.0001522360503032924,
job_title_title,title.title,benchmarks/job/../../data/job/title__title.csv,job-csv,utf8,LibcMemmem,static,prefix-btree,prefix-btree,prefix_vampire,Vampire%,1,2528312,41409377,41409377,2528312,2528312,0,0,0,732255756,1436756712,1697,3000,2192,5192,284,284,284,0.0020535440246298715,7.71830985915493,0.0001253822292472548,
job_title_title,title.title,benchmarks/job/../../data/job/title__title.csv,job-csv,utf8,LibcMemmem,static,prefix-btree,prefix-btree,prefix_vampire,Vampire%,2,2528312,41409377,41409377,2528312,2528312,0,0,0,732255756,1436756712,1697,2677,2142,4819,284,284,284,0.0019060147640006454,7.542253521126761,0.00011637460761604792,
job_title_title,title.title,benchmarks/job/../../data/job/title__title.csv,job-csv,utf8,LibcMemmem,static,prefix-btree,prefix-btree,prefix_vampire,Vampire%,3,2528312,41409377,41409377,2528312,2528312,0,0,0,732255756,1436756712,1697,2909,4525,7434,284,284,284,0.0029403016716291345,15.933098591549296,0.0001795245555131148,
job_title_title,title.title,benchmarks/job/../../data/job/title__title.csv,job-csv,utf8,LibcMemmem,static,prefix-btree,prefix-btree,prefix_vampire,Vampire%,4,2528312,41409377,41409377,2528312,2528312,0,0,0,732255756,1436756712,1697,2536,2121,4657,284,284,284,0.0018419403934324561,7.46830985915493,0.0001124624502319849,
job_title_title,title.title,benchmarks/job/../../data/job/title__title.csv,job-csv,utf8,LibcMemmem,static,qgram,full-scan,prefix_vampire,Vampire%,0,2528312,41409377,41409377,2528312,2528312,0,0,0,732255756,1004699400,1697,363,11437113,11437476,2528312,2317545,284,4.523759725856619,4.52361615180405,0.276204976471875,literal-shorter-than-qgram
job_title_title,title.title,benchmarks/job/../../data/job/title__title.csv,job-csv,utf8,LibcMemmem,static,qgram,full-scan,prefix_vampire,Vampire%,1,2528312,41409377,41409377,2528312,2528312,0,0,0,732255756,1004699400,1697,40,11291551,11291591,2528312,2317545,284,4.466059173076741,4.466043352244501,0.27268198215104755,literal-shorter-than-qgram
job_title_title,title.title,benchmarks/job/../../data/job/title__title.csv,job-csv,utf8,LibcMemmem,static,qgram,full-scan,prefix_vampire,Vampire%,2,2528312,41409377,41409377,2528312,2528312,0,0,0,732255756,1004699400,1697,51,11344948,11344999,2528312,2317545,284,4.487183148282332,4.487162976721227,0.2739717383335663,literal-shorter-than-qgram
job_title_title,title.title,benchmarks/job/../../data/job/title__title.csv,job-csv,utf8,LibcMemmem,static,qgram,full-scan,prefix_vampire,Vampire%,3,2528312,41409377,41409377,2528312,2528312,0,0,0,732255756,1004699400,1697,30,11264276,11264306,2528312,2317545,284,4.455267387885672,4.455255522261493,0.2720230734212688,literal-shorter-than-qgram
job_title_title,title.title,benchmarks/job/../../data/job/title__title.csv,job-csv,utf8,LibcMemmem,static,qgram,full-scan,prefix_vampire,Vampire%,4,2528312,41409377,41409377,2528312,2528312,0,0,0,732255756,1004699400,1697,41,11339695,11339736,2528312,2317545,284,4.485101522280478,4.485085305927433,0.2738446415168236,literal-shorter-than-qgram
job_title_title,title.title,benchmarks/job/../../data/job/title__title.csv,job-csv,utf8,LibcMemmem,static,trigram,trigram,prefix_vampire,Vampire%,0,2528312,41409377,41409377,2528312,2528312,0,0,0,732255756,2371910032,1697,45870,25153,71023,936,936,284,0.02809107420286737,26.872863247863247,0.001715142925236475,
job_title_title,title.title,benchmarks/job/../../data/job/title__title.csv,job-csv,utf8,LibcMemmem,static,trigram,trigram,prefix_vampire,Vampire%,1,2528312,41409377,41409377,2528312,2528312,0,0,0,732255756,2371910032,1697,42668,25758,68426,936,936,284,0.027063906669746455,27.51923076923077,0.0016524276614931926,
job_title_title,title.title,benchmarks/job/../../data/job/title__title.csv,job-csv,utf8,LibcMemmem,static,trigram,trigram,prefix_vampire,Vampire%,2,2528312,41409377,41409377,2528312,2528312,0,0,0,732255756,2371910032,1697,40891,19526,60417,936,936,284,0.023896180534680848,20.86111111111111,0.0014590173621786195,
job_title_title,title.title,benchmarks/job/../../data/job/title__title.csv,job-csv,utf8,LibcMemmem,static,trigram,trigram,prefix_vampire,Vampire%,3,2528312,41409377,41409377,2528312,2528312,0,0,0,732255756,2371910032,1697,40295,18577,58872,936,936,284,0.02328510088944719,19.84722222222222,0.0014217069723120924,
job_title_title,title.title,benchmarks/job/../../data/job/title__title.csv,job-csv,utf8,LibcMemmem,static,trigram,trigram,prefix_vampire,Vampire%,4,2528312,41409377,41409377,2528312,2528312,0,0,0,732255756,2371910032,1697,45082,20233,65315,936,936,284,0.025833441442353635,21.61645299145299,0.0015772997502473897,
