dataset,column,storage,generic_matcher,requested_index,actual_index,pattern_name,pattern,algorithm,runs,sum_query_total_ns,median_query_total_ns,mean_query_total_ns,geomean_query_total_ns,p90_query_total_ns,median_execute_ns,median_candidate_prepare_ns,median_ns_per_table_row,geomean_ns_per_table_row,rows_matched,candidate_rows_seen
job_title_title,title.title,utf8,adaptive,fm,fm,contains_champion,%Champion%,NaiveVectorizedV2,5,485288.0,100398.0,97057.6,96064.14971504726,118246.0,77006.0,23392.0,0.0397094978784264,0.03799536992074054,1870,1870
job_title_title,title.title,utf8,adaptive,fm,fm,contains_champion,%Champion%,NaiveVectorizedV2Wildcard,5,661429.0,101888.0,132285.8,122593.07896908918,237131.0,78225.0,23663.0,0.04029882387933135,0.04848811340099211,1870,1870
job_title_title,title.title,utf8,adaptive,fm,fm,contains_champion,%Champion%,StdSearch,5,790600.0,145374.0,158120.0,156029.8411325289,207197.0,122019.0,23355.0,0.05749844164802445,0.061713048521119626,1870,1870
job_title_title,title.title,utf8,adaptive,fm,fm,contains_freddy,%Freddy%,NaiveVectorizedV2,5,14620.0,2520.0,2924.0,2857.4986264116046,4237.0,1616.0,904.0,0.0009967124310607234,0.0011302001597949972,146,146
job_title_title,title.title,utf8,adaptive,fm,fm,contains_freddy,%Freddy%,NaiveVectorizedV2Wildcard,5,17309.0,3287.0,3461.8,3392.338836667491,4390.0,2295.0,992.0,0.0013000768892446818,0.0013417405908240343,146,146
job_title_title,title.title,utf8,adaptive,fm,fm,contains_freddy,%Freddy%,StdSearch,5,25961.0,4948.0,5192.2,5138.729658575786,6428.0,3938.0,1010.0,0.001957036947971611,0.0020324744962551254,146,146
job_title_title,title.title,utf8,adaptive,fm,fm,contains_jason,%Jason%,NaiveVectorizedV2,5,59223.0,10754.0,11844.6,11657.98199556055,15966.0,7360.0,3394.0,0.00425343074747104,0.0046109744349433724,482,482
job_title_title,title.title,utf8,adaptive,fm,fm,contains_jason,%Jason%,NaiveVectorizedV2Wildcard,5,71199.0,14150.0,14239.8,14086.725975018502,17286.0,10372.0,3778.0,0.005596619404567158,0.005571593211209103,482,482
job_title_title,title.title,utf8,adaptive,fm,fm,contains_jason,%Jason%,StdSearch,5,112032.0,20761.0,22406.4,22055.045713532545,27868.0,17102.0,3659.0,0.00821140745287765,0.008723229456464456,482,482
job_title_title,title.title,utf8,adaptive,fm,fm,contains_kung_fu_panda,%Kung%Fu%Panda%,NaiveVectorizedV2Wildcard,5,38195.0,7254.0,7639.0,7507.885674426585,9579.0,5341.0,1913.0,0.0028691079265533684,0.002969524993128452,20,253
job_title_title,title.title,utf8,adaptive,fm,fm,contains_kung_fu_panda,%Kung%Fu%Panda%,NaiveVectorizedV2,5,38057.0,7268.0,7611.4,7484.334617823546,9457.0,5351.0,1917.0,0.002874645217837039,0.0029602100602392233,20,253
job_title_title,title.title,utf8,adaptive,fm,fm,contains_kung_fu_panda,%Kung%Fu%Panda%,StdSearch,5,44703.0,8115.0,8940.6,8831.36978762256,11713.0,6446.0,1669.0,0.0032096513404991154,0.0034929904962767845,20,253
job_title_title,title.title,utf8,adaptive,fm,fm,contains_loser,%Loser%,NaiveVectorizedV2Wildcard,5,51142.0,8626.0,10228.4,9931.421500971703,13905.0,6221.0,2464.0,0.0034117624723530955,0.003928083836556452,349,349
job_title_title,title.title,utf8,adaptive,fm,fm,contains_loser,%Loser%,NaiveVectorizedV2,5,47441.0,9137.0,9488.2,9314.544886059164,12226.0,6780.0,2357.0,0.0036138736042070755,0.003684096300638204,349,349
job_title_title,title.title,utf8,adaptive,fm,fm,contains_loser,%Loser%,StdSearch,5,68654.0,13151.0,13730.8,13648.473900995403,16599.0,10933.0,2218.0,0.005201494119396657,0.005398255397670619,349,349
job_title_title,title.title,utf8,adaptive,fm,fm,contains_money,%Money%,NaiveVectorizedV2Wildcard,5,496422.0,97936.0,99284.4,99192.32831976404,106421.0,73602.0,24334.0,0.03873572565411231,0.039232629643716446,2286,2286
job_title_title,title.title,utf8,adaptive,fm,fm,contains_money,%Money%,NaiveVectorizedV2,5,525531.0,103287.0,105106.2,104876.72352186701,117289.0,77350.0,25325.0,0.04085215748689244,0.041480926215541045,2286,2286
job_title_title,title.title,utf8,adaptive,fm,fm,contains_money,%Money%,StdSearch,5,677069.0,134493.0,135413.8,135363.7865870619,141262.0,109630.0,24863.0,0.0531947797581944,0.053539193970942665,2286,2286
job_title_title,title.title,utf8,adaptive,fm,fm,contains_mord,%Mord%,NaiveVectorizedV2,5,87621.0,15813.0,17524.2,17252.10014348616,21780.0,11130.0,4683.0,0.00625437050490604,0.006823564553538549,637,637
job_title_title,title.title,utf8,adaptive,fm,fm,contains_mord,%Mord%,NaiveVectorizedV2Wildcard,5,87226.0,16247.0,17445.2,17274.030516635954,22107.0,11509.0,4738.0,0.006426026534699832,0.006832238472402119,637,637
job_title_title,title.title,utf8,adaptive,fm,fm,contains_mord,%Mord%,StdSearch,5,123798.0,23546.0,24759.6,24649.53289995986,29148.0,19000.0,4546.0,0.009312932897522141,0.00974940311953582,637,637
job_title_title,title.title,utf8,adaptive,fm,fm,contains_movie,%Movie%,NaiveVectorizedV2,5,832798.0,168359.0,166559.6,166491.3996541815,173353.0,127286.0,40804.0,0.06658948737339379,0.06585081257937378,3638,3638
job_title_title,title.title,utf8,adaptive,fm,fm,contains_movie,%Movie%,NaiveVectorizedV2Wildcard,5,851888.0,171305.0,170377.6,170322.07184835183,175282.0,127507.0,41464.0,0.06775469166780049,0.06736592313304356,3638,3638
job_title_title,title.title,utf8,adaptive,fm,fm,contains_movie,%Movie%,StdSearch,5,1234134.0,246354.0,246826.8,246501.8683270802,261396.0,195459.0,45802.0,0.09743813263552915,0.09749661763543434,3638,3638
job_title_title,title.title,utf8,adaptive,fm,fm,contains_murder_lower,%murder%,NaiveVectorizedV2,5,1674.0,271.0,334.8,316.268154995098,582.0,110.0,161.0,0.00010718613841962543,0.00012509063556835476,7,7
job_title_title,title.title,utf8,adaptive,fm,fm,contains_murder_lower,%murder%,NaiveVectorizedV2Wildcard,5,2110.0,390.0,422.0,400.15657736964323,640.0,170.0,220.0,0.00015425311433082625,0.00015827025199803023,7,7
job_title_title,title.title,utf8,adaptive,fm,fm,contains_murder_lower,%murder%,StdSearch,5,2503.0,459.0,500.6,480.66370406585037,677.0,230.0,229.0,0.0001815440499432032,0.00019011249563576419,7,7
job_title_title,title.title,utf8,adaptive,fm,fm,contains_murder_upper,%Murder%,NaiveVectorizedV2Wildcard,5,784883.0,153252.0,156976.6,156775.9123377286,172552.0,114614.0,38638.0,0.06061435455750714,0.06200813520551602,3622,3622
job_title_title,title.title,utf8,adaptive,fm,fm,contains_murder_upper,%Murder%,StdSearch,5,1078948.0,216519.0,215789.6,215716.53522709134,222659.0,174238.0,39451.0,0.08563776938922095,0.08532037787547236,3622,3622
job_title_title,title.title,utf8,adaptive,fm,fm,contains_murder_upper,%Murder%,NaiveVectorizedV2,5,1230774.0,247472.0,246154.8,242722.61862765456,302703.0,193113.0,54359.0,0.09788032489661086,0.09600184574833101,3622,3622
job_title_title,title.title,utf8,adaptive,fm,fm,prefix_birdemic,Birdemic%,NaiveVectorizedV2,5,1835.0,351.0,367.0,356.77734446369436,522.0,80.0,271.0,0.00013882780289774363,0.00014111286283642786,8,9
job_title_title,title.title,utf8,adaptive,fm,fm,prefix_birdemic,Birdemic%,StdSearch,5,2114.0,359.0,422.8,405.12880906259863,638.0,90.0,269.0,0.00014199196934555546,0.0001602368730847296,8,9
job_title_title,title.title,utf8,adaptive,fm,fm,prefix_birdemic,Birdemic%,NaiveVectorizedV2Wildcard,5,2300.0,370.0,460.0,442.4213163020548,670.0,120.0,270.0,0.0001463426982112967,0.00017498683560496277,8,9
job_title_title,title.title,utf8,adaptive,fm,fm,prefix_champion,Champion%,NaiveVectorizedV2Wildcard,5,299464.0,58471.0,59892.8,59405.31735005358,73159.0,34295.0,24176.0,0.02312649704625062,0.02349603899758161,222,1870
job_title_title,title.title,utf8,adaptive,fm,fm,prefix_champion,Champion%,NaiveVectorizedV2,5,320921.0,61708.0,64184.2,63637.74723775767,79080.0,38642.0,23066.0,0.02440679789519648,0.025170053078005277,222,1870
job_title_title,title.title,utf8,adaptive,fm,fm,prefix_champion,Champion%,StdSearch,5,354753.0,63552.0,70950.6,68932.63749217325,105608.0,39604.0,23948.0,0.025136138261417102,0.027264292338988732,222,1870
job_title_title,title.title,utf8,adaptive,fm,fm,prefix_dragon_ball_z,Dragon Ball Z%,StdSearch,5,3218.0,567.0,643.6,627.4279873258165,917.0,140.0,428.0,0.0002242602969886628,0.0002481608232393058,25,26
job_title_title,title.title,utf8,adaptive,fm,fm,prefix_dragon_ball_z,Dragon Ball Z%,NaiveVectorizedV2,5,3498.0,571.0,699.6,662.7774602086361,1062.0,140.0,431.0,0.0002258423802125687,0.0002621422752447622,25,26
job_title_title,title.title,utf8,adaptive,fm,fm,prefix_dragon_ball_z,Dragon Ball Z%,NaiveVectorizedV2Wildcard,5,4150.0,650.0,830.0,793.6215573324607,1260.0,280.0,370.0,0.00025708852388471045,0.0003138938379964421,25,26
job_title_title,title.title,utf8,adaptive,fm,fm,prefix_kung_fu_panda,Kung Fu Panda%,StdSearch,5,2692.0,449.0,538.4,512.5113087276164,897.0,110.0,339.0,0.00017758884188343843,0.00020270888590000614,15,19
job_title_title,title.title,utf8,adaptive,fm,fm,prefix_kung_fu_panda,Kung Fu Panda%,NaiveVectorizedV2,5,3360.0,522.0,672.0,626.3913937200616,1063.0,150.0,401.0,0.0002064618607197213,0.000247750828900888,15,19
job_title_title,title.title,utf8,adaptive,fm,fm,prefix_kung_fu_panda,Kung Fu Panda%,NaiveVectorizedV2Wildcard,5,3129.0,530.0,625.8,605.3550848888815,950.0,190.0,340.0,0.00020962602716753312,0.00023943053107720912,15,19
job_title_title,title.title,utf8,adaptive,fm,fm,prefix_loser,Loser%,NaiveVectorizedV2Wildcard,5,25153.0,4539.0,5030.6,4963.24994144303,6768.0,2310.0,2230.0,0.0017952689383272317,0.0019630686171022518,72,349
job_title_title,title.title,utf8,adaptive,fm,fm,prefix_loser,Loser%,StdSearch,5,28124.0,5123.0,5624.8,5565.319994296679,7335.0,2930.0,2193.0,0.0020262530890174948,0.0022011998496612277,72,349
job_title_title,title.title,utf8,adaptive,fm,fm,prefix_loser,Loser%,NaiveVectorizedV2,5,31554.0,5162.0,6310.8,6095.523957433517,9603.0,2887.0,2275.0,0.002041678400450577,0.0024109065484930344,72,349
job_title_title,title.title,utf8,adaptive,fm,fm,prefix_one_piece,One Piece%,NaiveVectorizedV2,5,2326.0,381.0,465.2,447.87916681596323,742.0,110.0,271.0,0.00015069342707703796,0.00017714552903912314,14,17
job_title_title,title.title,utf8,adaptive,fm,fm,prefix_one_piece,One Piece%,NaiveVectorizedV2Wildcard,5,2650.0,430.0,530.0,510.89495103708447,830.0,150.0,280.0,0.00017007394656988535,0.00020206958280350064,14,17
job_title_title,title.title,utf8,adaptive,fm,fm,prefix_one_piece,One Piece%,StdSearch,5,2760.0,488.0,552.0,525.5100022391682,787.0,119.0,369.0,0.00019301415331652105,0.0002078501396343363,14,17
job_title_title,title.title,utf8,adaptive,fm,fm,prefix_saw,Saw%,NaiveVectorizedV2,5,52485.0,9603.0,10497.0,10408.558575153413,13121.0,5453.0,4210.0,0.003798186299792114,0.00411680147669805,131,570
job_title_title,title.title,utf8,adaptive,fm,fm,prefix_saw,Saw%,NaiveVectorizedV2Wildcard,5,182314.0,9698.0,36462.8,16703.234478706025,142804.0,5329.0,4369.0,0.0038357607763598797,0.006606476763431888,131,570
job_title_title,title.title,utf8,adaptive,fm,fm,prefix_saw,Saw%,StdSearch,5,53846.0,10235.0,10769.2,10678.441418341943,12587.0,5850.0,4385.0,0.004048155449169248,0.004223545756355201,131,570
job_title_title,title.title,utf8,adaptive,fm,fm,prefix_vampire,Vampire%,NaiveVectorizedV2Wildcard,5,131706.0,25083.0,26341.2,26141.622622310275,30492.0,15376.0,9707.0,0.009920848376307988,0.010339555649109076,284,935
job_title_title,title.title,utf8,adaptive,fm,fm,prefix_vampire,Vampire%,NaiveVectorizedV2,5,141829.0,25708.0,28365.8,28069.25803746351,36512.0,17069.0,8740.0,0.010168048880043285,0.011101975562139297,284,935
job_title_title,title.title,utf8,adaptive,fm,fm,prefix_vampire,Vampire%,StdSearch,5,147205.0,29090.0,29441.0,29212.52430410791,36385.0,19274.0,9816.0,0.011505700245855732,0.011554161157368197,284,935
job_title_title,title.title,utf8,adaptive,full-scan,full-scan,contains_champion,%Champion%,NaiveVectorizedV2,5,180281649.0,34701777.0,36056329.8,35958615.349256,39411217.0,34701667.0,101.0,13.725274807855993,14.222380524735893,1870,2528312
job_title_title,title.title,utf8,adaptive,full-scan,full-scan,contains_champion,%Champion%,NaiveVectorizedV2Wildcard,5,181603088.0,36345825.0,36320617.6,36319005.167206675,36866370.0,36345715.0,111.0,14.375529997880008,14.364922195997433,1870,2528312
job_title_title,title.title,utf8,adaptive,full-scan,full-scan,contains_champion,%Champion%,StdSearch,5,336498657.0,65553968.0,67299731.4,67193951.5042596,74237037.0,65553868.0,100.0,25.92795825831622,26.5766058557091,1870,2528312
job_title_title,title.title,utf8,adaptive,full-scan,full-scan,contains_freddy,%Freddy%,NaiveVectorizedV2,5,184626388.0,36739065.0,36925277.6,36922137.83934745,37874434.0,36738442.0,111.0,14.531064599622198,14.603473716593307,146,2528312
job_title_title,title.title,utf8,adaptive,full-scan,full-scan,contains_freddy,%Freddy%,NaiveVectorizedV2Wildcard,5,200986209.0,39937429.0,40197241.8,40187173.94181492,41929888.0,39937309.0,120.0,15.79608410670835,15.894863427383571,146,2528312
job_title_title,title.title,utf8,adaptive,full-scan,full-scan,contains_freddy,%Freddy%,StdSearch,5,319255836.0,63873873.0,63851167.2,63849242.40682894,64359329.0,63873773.0,110.0,25.26344572979917,25.253703817736532,146,2528312
job_title_title,title.title,utf8,adaptive,full-scan,full-scan,contains_jason,%Jason%,NaiveVectorizedV2,5,188495923.0,37865618.0,37699184.6,37697731.112523004,38062536.0,37864865.0,100.0,14.976639750157418,14.91023699310967,482,2528312
job_title_title,title.title,utf8,adaptive,full-scan,full-scan,contains_jason,%Jason%,NaiveVectorizedV2Wildcard,5,201442899.0,40419653.0,40288579.8,40285425.12723876,40919913.0,40419492.0,110.0,15.98681373184955,15.933723815430483,482,2528312
job_title_title,title.title,utf8,adaptive,full-scan,full-scan,contains_jason,%Jason%,StdSearch,5,332225274.0,66457393.0,66445054.8,66444866.19147229,66616614.0,66456653.0,110.0,26.28528164245552,26.280327029050355,482,2528312
job_title_title,title.title,utf8,adaptive,full-scan,full-scan,contains_kung_fu_panda,%Kung%Fu%Panda%,NaiveVectorizedV2,5,204298856.0,41002027.0,40859771.2,40856640.72145509,41493350.0,41001916.0,341.0,16.217154765709296,16.159651467641293,20,2528312
job_title_title,title.title,utf8,adaptive,full-scan,full-scan,contains_kung_fu_panda,%Kung%Fu%Panda%,NaiveVectorizedV2Wildcard,5,208424682.0,41739142.0,41684936.4,41684669.413842395,41827081.0,41738560.0,100.0,16.508699084606647,16.487154043425978,20,2528312
job_title_title,title.title,utf8,adaptive,full-scan,full-scan,contains_kung_fu_panda,%Kung%Fu%Panda%,StdSearch,5,260979517.0,52187397.0,52195903.4,52195264.42896549,52575156.0,52187297.0,100.0,20.641201323254407,20.644313055099857,20,2528312
job_title_title,title.title,utf8,adaptive,full-scan,full-scan,contains_loser,%Loser%,NaiveVectorizedV2,5,189734910.0,37909790.0,37946982.0,37946414.62469431,38192681.0,37909679.0,110.0,14.99411069519901,15.008596496276693,349,2528312
job_title_title,title.title,utf8,adaptive,full-scan,full-scan,contains_loser,%Loser%,NaiveVectorizedV2Wildcard,5,201631021.0,40335714.0,40326204.2,40325554.52237873,40674382.0,40335603.0,111.0,15.953614110916691,15.949595826139628,349,2528312
job_title_title,title.title,utf8,adaptive,full-scan,full-scan,contains_loser,%Loser%,StdSearch,5,339739032.0,67844362.0,67947806.4,67946594.27889252,68492329.0,67844262.0,100.0,26.83385673919991,26.87429173254422,349,2528312
job_title_title,title.title,utf8,adaptive,full-scan,full-scan,contains_money,%Money%,NaiveVectorizedV2,5,193567156.0,38749525.0,38713431.2,38712753.85319814,39013022.0,38749425.0,100.0,15.326243359205668,15.311699605585966,2286,2528312
job_title_title,title.title,utf8,adaptive,full-scan,full-scan,contains_money,%Money%,NaiveVectorizedV2Wildcard,5,214820302.0,41451496.0,42964060.4,42824890.84725935,50116265.0,41451396.0,110.0,16.394929106850736,16.938135343762713,2286,2528312
job_title_title,title.title,utf8,adaptive,full-scan,full-scan,contains_money,%Money%,StdSearch,5,324265352.0,64868421.0,64853070.4,64852359.427281685,65323596.0,64867653.0,109.0,25.656810156341464,25.650457470154638,2286,2528312
job_title_title,title.title,utf8,adaptive,full-scan,full-scan,contains_mord,%Mord%,NaiveVectorizedV2,5,193443196.0,38776078.0,38688639.2,38687481.299408495,38981264.0,38775466.0,100.0,15.336745623166761,15.301703784741912,637,2528312
job_title_title,title.title,utf8,adaptive,full-scan,full-scan,contains_mord,%Mord%,NaiveVectorizedV2Wildcard,5,206040469.0,41212548.0,41208093.8,41208020.84668079,41324495.0,41212438.0,120.0,16.30042020130427,16.29862961797469,637,2528312
job_title_title,title.title,utf8,adaptive,full-scan,full-scan,contains_mord,%Mord%,StdSearch,5,302866902.0,60575370.0,60573380.4,60573123.134031996,60783271.0,60575261.0,110.0,23.95881916472334,23.95793048248475,637,2528312
job_title_title,title.title,utf8,adaptive,full-scan,full-scan,contains_movie,%Movie%,NaiveVectorizedV2,5,193145649.0,38260052.0,38629129.8,38622453.100394465,39562702.0,38259942.0,110.0,15.132646603741943,15.275983779056755,3638,2528312
job_title_title,title.title,utf8,adaptive,full-scan,full-scan,contains_movie,%Movie%,NaiveVectorizedV2Wildcard,5,204759356.0,41207289.0,40951871.2,40947402.44355938,41613106.0,41207188.0,101.0,16.29834015738564,16.19554961711976,3638,2528312
job_title_title,title.title,utf8,adaptive,full-scan,full-scan,contains_movie,%Movie%,StdSearch,5,317024701.0,63459745.0,63404940.2,63403614.99253456,64035577.0,63459646.0,110.0,25.099649489461743,25.07744890366961,3638,2528312
job_title_title,title.title,utf8,adaptive,full-scan,full-scan,contains_murder_lower,%murder%,NaiveVectorizedV2,5,184384921.0,36767359.0,36876984.2,36876088.28976595,37348238.0,36767249.0,110.0,14.542255465306496,14.58526016162797,7,2528312
job_title_title,title.title,utf8,adaptive,full-scan,full-scan,contains_murder_lower,%murder%,NaiveVectorizedV2Wildcard,5,211389683.0,40571435.0,42277936.6,42077750.29419327,50763991.0,40571325.0,110.0,16.046846670822273,16.64262571003634,7,2528312
job_title_title,title.title,utf8,adaptive,full-scan,full-scan,contains_murder_lower,%murder%,StdSearch,5,328753354.0,65594461.0,65750670.8,65749482.78593284,66422739.0,65594361.0,109.0,25.943974082312625,26.00528842402864,7,2528312
job_title_title,title.title,utf8,adaptive,full-scan,full-scan,contains_murder_upper,%Murder%,NaiveVectorizedV2,5,187820008.0,37717885.0,37564001.6,37560306.696739405,38086081.0,37717143.0,110.0,14.918208274928094,14.85588277741806,3622,2528312
job_title_title,title.title,utf8,adaptive,full-scan,full-scan,contains_murder_upper,%Murder%,NaiveVectorizedV2Wildcard,5,199327233.0,39658559.0,39865446.6,39864196.68104234,40319339.0,39658389.0,180.0,15.68578521954569,15.767119200890715,3622,2528312
job_title_title,title.title,utf8,adaptive,full-scan,full-scan,contains_murder_upper,%Murder%,StdSearch,5,313731939.0,62813850.0,62746387.8,62745461.22859102,63225340.0,62813741.0,109.0,24.844184578485567,24.817135396498138,3622,2528312
job_title_title,title.title,utf8,adaptive,full-scan,full-scan,prefix_birdemic,Birdemic%,NaiveVectorizedV2,5,46316692.0,9288838.0,9263338.4,9262826.411357692,9366966.0,9288737.0,101.0,3.673928692344932,3.6636405678404014,8,2528312
job_title_title,title.title,utf8,adaptive,full-scan,full-scan,prefix_birdemic,Birdemic%,StdSearch,5,46764868.0,9411891.0,9352973.6,9351787.662710767,9496491.0,9411792.0,110.0,3.7225987140827557,3.6988265936762508,8,2528312
job_title_title,title.title,utf8,adaptive,full-scan,full-scan,prefix_birdemic,Birdemic%,NaiveVectorizedV2Wildcard,5,52636862.0,10633760.0,10527372.4,10524948.732574487,10715875.0,10633620.0,80.0,4.205873325760428,4.162836205568964,8,2528312
job_title_title,title.title,utf8,adaptive,full-scan,full-scan,prefix_champion,Champion%,NaiveVectorizedV2,5,46478187.0,9270202.0,9295637.4,9294083.371432247,9616444.0,9270112.0,90.0,3.6665577666047544,3.6760033458814627,222,2528312
job_title_title,title.title,utf8,adaptive,full-scan,full-scan,prefix_champion,Champion%,StdSearch,5,46275785.0,9297254.0,9255157.0,9254876.676294437,9337946.0,9297164.0,90.0,3.6772573954480303,3.6604962822208744,222,2528312
job_title_title,title.title,utf8,adaptive,full-scan,full-scan,prefix_champion,Champion%,NaiveVectorizedV2Wildcard,5,51265212.0,10221831.0,10253042.4,10252719.544251703,10382097.0,10221761.0,80.0,4.042946835675344,4.055163897593228,222,2528312
job_title_title,title.title,utf8,adaptive,full-scan,full-scan,prefix_dragon_ball_z,Dragon Ball Z%,StdSearch,5,48590579.0,9672398.0,9718115.8,9717536.087083356,9907100.0,9672319.0,80.0,3.82563465268527,3.84348770526872,25,2528312
job_title_title,title.title,utf8,adaptive,full-scan,full-scan,prefix_dragon_ball_z,Dragon Ball Z%,NaiveVectorizedV2,5,48858772.0,9725616.0,9771754.4,9770961.008957399,9933047.0,9725516.0,80.0,3.846683478937726,3.864618373427573,25,2528312
job_title_title,title.title,utf8,adaptive,full-scan,full-scan,prefix_dragon_ball_z,Dragon Ball Z%,NaiveVectorizedV2Wildcard,5,52823693.0,10641186.0,10564738.6,10563595.313802993,10710466.0,10641046.0,70.0,4.20881046326561,4.178121732524704,25,2528312
job_title_title,title.title,utf8,adaptive,full-scan,full-scan,prefix_kung_fu_panda,Kung Fu Panda%,StdSearch,5,48452973.0,9717203.0,9690594.6,9690037.28661667,9806107.0,9717163.0,40.0,3.843355962397046,3.8326113575447387,15,2528312
job_title_title,title.title,utf8,adaptive,full-scan,full-scan,prefix_kung_fu_panda,Kung Fu Panda%,NaiveVectorizedV2,5,48786417.0,9783888.0,9757283.4,9757013.292798989,9841906.0,9783808.0,81.0,3.8697312673435875,3.859101761491052,15,2528312
job_title_title,title.title,utf8,adaptive,full-scan,full-scan,prefix_kung_fu_panda,Kung Fu Panda%,NaiveVectorizedV2Wildcard,5,51252441.0,10218193.0,10250488.2,10247840.741049903,10646462.0,10218153.0,150.0,4.041507930983202,4.053234229418642,15,2528312
job_title_title,title.title,utf8,adaptive,full-scan,full-scan,prefix_loser,Loser%,NaiveVectorizedV2Wildcard,5,49710332.0,9932073.0,9942066.4,9941994.144382168,10014191.0,9931983.0,90.0,3.928341517977212,3.932265536999449,72,2528312
job_title_title,title.title,utf8,adaptive,full-scan,full-scan,prefix_loser,Loser%,NaiveVectorizedV2,5,54277654.0,10881695.0,10855530.8,10855175.531251984,10963262.0,10881244.0,40.0,4.303936776790207,4.293447775136932,72,2528312
job_title_title,title.title,utf8,adaptive,full-scan,full-scan,prefix_loser,Loser%,StdSearch,5,54367161.0,10916544.0,10873432.2,10865969.971336585,11486283.0,10916434.0,120.0,4.317720281357681,4.29771720077925,72,2528312
job_title_title,title.title,utf8,adaptive,full-scan,full-scan,prefix_one_piece,One Piece%,StdSearch,5,47246943.0,9450251.0,9449388.6,9448814.67540762,9622089.0,9450211.0,49.0,3.7377708922000132,3.737202795939593,14,2528312
job_title_title,title.title,utf8,adaptive,full-scan,full-scan,prefix_one_piece,One Piece%,NaiveVectorizedV2,5,47912345.0,9542937.0,9582469.0,9581872.117433164,9778625.0,9542857.0,81.0,3.774430133622749,3.789829782650706,14,2528312
job_title_title,title.title,utf8,adaptive,full-scan,full-scan,prefix_one_piece,One Piece%,NaiveVectorizedV2Wildcard,5,51845180.0,10294041.0,10369036.0,10366411.946880596,10813290.0,10293961.0,90.0,4.0715073930749055,4.100131608314394,14,2528312
job_title_title,title.title,utf8,adaptive,full-scan,full-scan,prefix_saw,Saw%,StdSearch,5,47668624.0,9547027.0,9533724.8,9533603.456040837,9596735.0,9546519.0,89.0,3.776047813719193,3.770738522793407,131,2528312
job_title_title,title.title,utf8,adaptive,full-scan,full-scan,prefix_saw,Saw%,NaiveVectorizedV2,5,48261732.0,9687472.0,9652346.4,9651230.10508778,9862151.0,9686149.0,80.0,3.831596733314559,3.8172623098287604,131,2528312
job_title_title,title.title,utf8,adaptive,full-scan,full-scan,prefix_saw,Saw%,NaiveVectorizedV2Wildcard,5,51306266.0,10284363.0,10261253.2,10260558.61578957,10378840.0,10284243.0,130.0,4.067679542714665,4.058264413485989,131,2528312
job_title_title,title.title,utf8,adaptive,full-scan,full-scan,prefix_vampire,Vampire%,NaiveVectorizedV2Wildcard,5,48072228.0,9595828.0,9614445.6,9613851.043799128,9770843.0,9595728.0,110.0,3.795349624571651,3.802478113381233,284,2528312
job_title_title,title.title,utf8,adaptive,full-scan,full-scan,prefix_vampire,Vampire%,StdSearch,5,57502329.0,11514125.0,11500465.8,11500073.069487303,11633974.0,11514055.0,89.0,4.55407600011391,4.5485181692320005,284,2528312
job_title_title,title.title,utf8,adaptive,full-scan,full-scan,prefix_vampire,Vampire%,NaiveVectorizedV2,5,57931101.0,11585527.0,11586220.2,11586085.807550455,11687704.0,11585457.0,110.0,4.582316976702242,4.58253799671498,284,2528312
job_title_title,title.title,utf8,adaptive,prefix-btree,full-scan,contains_champion,%Champion%,NaiveVectorizedV2,5,167840860.0,33408383.0,33568172.0,33567338.901232146,33857111.0,33407710.0,452.0,13.213710570530852,13.27658093670092,1870,2528312
job_title_title,title.title,utf8,adaptive,prefix-btree,full-scan,contains_champion,%Champion%,NaiveVectorizedV2Wildcard,5,179934888.0,35981672.0,35986977.6,35986897.165091686,36128159.0,35981231.0,632.0,14.231499909821256,14.233566571329701,1870,2528312
job_title_title,title.title,utf8,adaptive,prefix-btree,full-scan,contains_champion,%Champion%,StdSearch,5,326335430.0,65323395.0,65267086.0,65266902.97663153,65412724.0,65322855.0,540.0,25.836761839519806,25.814418068905894,1870,2528312
job_title_title,title.title,utf8,adaptive,prefix-btree,full-scan,contains_freddy,%Freddy%,NaiveVectorizedV2,5,182589078.0,36483567.0,36517815.6,36516542.16041716,36891069.0,36483216.0,442.0,14.430009824736821,14.443052186762223,146,2528312
job_title_title,title.title,utf8,adaptive,prefix-btree,full-scan,contains_freddy,%Freddy%,NaiveVectorizedV2Wildcard,5,199811925.0,40027716.0,39962385.0,39960905.38201832,40457671.0,40027276.0,511.0,15.831794493717547,15.805369504245663,146,2528312
job_title_title,title.title,utf8,adaptive,prefix-btree,full-scan,contains_freddy,%Freddy%,StdSearch,5,318050945.0,63803495.0,63610189.0,63606362.41872535,64644099.0,63803076.0,419.0,25.23560976651616,25.15763972908619,146,2528312
job_title_title,title.title,utf8,adaptive,prefix-btree,full-scan,contains_jason,%Jason%,NaiveVectorizedV2,5,189200622.0,37665703.0,37840124.4,37838135.13335609,38319908.0,37665221.0,442.0,14.89756920823063,14.96576970459187,482,2528312
job_title_title,title.title,utf8,adaptive,prefix-btree,full-scan,contains_jason,%Jason%,NaiveVectorizedV2Wildcard,5,203896200.0,40586219.0,40779240.0,40776435.54936168,41624179.0,40585779.0,461.0,16.052694050417827,16.12792865333139,482,2528312
job_title_title,title.title,utf8,adaptive,prefix-btree,full-scan,contains_jason,%Jason%,StdSearch,5,327727706.0,65396564.0,65545541.2,65544591.93492839,66043350.0,65396124.0,440.0,25.8657017013723,25.924249829502177,482,2528312
job_title_title,title.title,utf8,adaptive,prefix-btree,full-scan,contains_kung_fu_panda,%Kung%Fu%Panda%,NaiveVectorizedV2,5,200848846.0,40148463.0,40169769.2,40169710.1246365,40279558.0,40148272.0,292.0,15.87955244447679,15.887956124337704,20,2528312
job_title_title,title.title,utf8,adaptive,prefix-btree,full-scan,contains_kung_fu_panda,%Kung%Fu%Panda%,NaiveVectorizedV2Wildcard,5,209060441.0,41848782.0,41812088.2,41811760.329541765,42038832.0,41848241.0,201.0,16.55206398577391,16.53742114483569,20,2528312
job_title_title,title.title,utf8,adaptive,prefix-btree,full-scan,contains_kung_fu_panda,%Kung%Fu%Panda%,StdSearch,5,257008678.0,51396267.0,51401735.6,51401249.07983209,51652075.0,51396007.0,260.0,20.328292948022238,20.330263464252898,20,2528312
job_title_title,title.title,utf8,adaptive,prefix-btree,full-scan,contains_loser,%Loser%,NaiveVectorizedV2,5,190835501.0,38204605.0,38167100.2,38166299.767142706,38551938.0,38204204.0,773.0,15.110716161612965,15.09556564504014,349,2528312
job_title_title,title.title,utf8,adaptive,prefix-btree,full-scan,contains_loser,%Loser%,NaiveVectorizedV2Wildcard,5,213053114.0,40528760.0,42610622.8,42407816.801522255,51311133.0,40527788.0,451.0,16.029967820427224,16.773173881040908,349,2528312
job_title_title,title.title,utf8,adaptive,prefix-btree,full-scan,contains_loser,%Loser%,StdSearch,5,341971690.0,68364886.0,68394338.0,68391476.3323578,69207102.0,68363957.0,410.0,27.03973481121001,27.050251840895335,349,2528312
job_title_title,title.title,utf8,adaptive,prefix-btree,full-scan,contains_money,%Money%,NaiveVectorizedV2,5,204681991.0,38782576.0,40936398.2,40700873.94546141,50172447.0,38782155.0,431.0,15.339315717363997,16.098042466855915,2286,2528312
job_title_title,title.title,utf8,adaptive,prefix-btree,full-scan,contains_money,%Money%,NaiveVectorizedV2Wildcard,5,202860915.0,40714536.0,40572183.0,40571222.195188716,40838975.0,40713434.0,541.0,16.10344609367831,16.04676250209179,2286,2528312
job_title_title,title.title,utf8,adaptive,prefix-btree,full-scan,contains_money,%Money%,StdSearch,5,326720940.0,64957924.0,65344188.0,65341303.22310835,66254576.0,64957585.0,448.0,25.692210455038776,25.843844914357266,2286,2528312
job_title_title,title.title,utf8,adaptive,prefix-btree,full-scan,contains_mord,%Mord%,NaiveVectorizedV2,5,196820091.0,39359348.0,39364018.2,39359392.682018235,40376123.0,39358255.0,542.0,15.56744104366866,15.567458716336535,637,2528312
job_title_title,title.title,utf8,adaptive,prefix-btree,full-scan,contains_mord,%Mord%,NaiveVectorizedV2Wildcard,5,208463229.0,41600024.0,41692645.8,41690314.82336446,42216253.0,41599473.0,551.0,16.453675021120812,16.48938692035024,637,2528312
job_title_title,title.title,utf8,adaptive,prefix-btree,full-scan,contains_mord,%Mord%,StdSearch,5,315720518.0,60575865.0,63144103.6,62921885.610101655,74148920.0,60575416.0,468.0,23.9590149475223,24.886914910067137,637,2528312
job_title_title,title.title,utf8,adaptive,prefix-btree,full-scan,contains_movie,%Movie%,NaiveVectorizedV2,5,189449047.0,37756989.0,37889809.4,37888409.57905018,38335386.0,37756648.0,502.0,14.933674720524998,14.985654293872818,3638,2528312
job_title_title,title.title,utf8,adaptive,prefix-btree,full-scan,contains_movie,%Movie%,NaiveVectorizedV2Wildcard,5,202156791.0,40551553.0,40431358.2,40431009.35318602,40585135.0,40551042.0,511.0,16.038982926157846,15.991305405814654,3638,2528312
job_title_title,title.title,utf8,adaptive,prefix-btree,full-scan,contains_movie,%Movie%,StdSearch,5,318758481.0,63779834.0,63751696.2,63747981.73484562,64737446.0,63779286.0,539.0,25.22625134872595,25.213653115139905,3638,2528312
job_title_title,title.title,utf8,adaptive,prefix-btree,full-scan,contains_murder_lower,%murder%,NaiveVectorizedV2,5,187314887.0,37418239.0,37462977.4,37460034.386287056,38249549.0,37417005.0,471.0,14.799692047500466,14.816222992370802,7,2528312
job_title_title,title.title,utf8,adaptive,prefix-btree,full-scan,contains_murder_lower,%murder%,NaiveVectorizedV2Wildcard,5,200891449.0,39948268.0,40178289.8,40173680.97655633,41353863.0,39947419.0,470.0,15.800371156724328,15.88952667888947,7,2528312
job_title_title,title.title,utf8,adaptive,prefix-btree,full-scan,contains_murder_lower,%murder%,StdSearch,5,343079570.0,67188874.0,68615914.0,68584039.04498826,71479960.0,67188345.0,529.0,26.574597597131998,27.126414400195994,7,2528312
job_title_title,title.title,utf8,adaptive,prefix-btree,full-scan,contains_murder_upper,%Murder%,NaiveVectorizedV2,5,189549936.0,36888752.0,37909987.2,37858671.08149256,41933917.0,36888261.0,491.0,14.5902689225064,14.973892099350298,3622,2528312
job_title_title,title.title,utf8,adaptive,prefix-btree,full-scan,contains_murder_upper,%Murder%,NaiveVectorizedV2Wildcard,5,199288956.0,39995675.0,39857791.2,39853590.607888415,40721401.0,39994785.0,530.0,15.819121611573255,15.762924278288619,3622,2528312
job_title_title,title.title,utf8,adaptive,prefix-btree,full-scan,contains_murder_upper,%Murder%,StdSearch,5,311260751.0,62045717.0,62252150.2,62250869.72484434,63049717.0,62045369.0,379.0,24.540371995228437,24.621514166307197,3622,2528312
job_title_title,title.title,utf8,adaptive,prefix-btree,prefix-btree,prefix_birdemic,Birdemic%,StdSearch,5,2373.0,399.0,474.6,460.46390473031323,648.0,70.0,319.0,0.00015781280158461456,0.00018212305472200944,8,8
job_title_title,title.title,utf8,adaptive,prefix-btree,prefix-btree,prefix_birdemic,Birdemic%,NaiveVectorizedV2Wildcard,5,3129.0,530.0,625.8,592.0472817464736,910.0,90.0,440.0,0.00020962602716753312,0.00023416701805254806,8,8
job_title_title,title.title,utf8,adaptive,prefix-btree,prefix-btree,prefix_birdemic,Birdemic%,NaiveVectorizedV2,5,2706.0,541.0,541.2,526.3483069757673,752.0,70.0,381.0,0.00021397675603327437,0.00020818170659940986,8,8
job_title_title,title.title,utf8,adaptive,prefix-btree,prefix-btree,prefix_champion,Champion%,StdSearch,5,15945.0,3179.0,3189.0,3173.44035423648,3787.0,1037.0,2132.0,0.0012573606421992223,0.0012551616866258908,222,222
job_title_title,title.title,utf8,adaptive,prefix-btree,prefix-btree,prefix_champion,Champion%,NaiveVectorizedV2,5,19959.0,3358.0,3991.8,3839.2877015332433,6185.0,1163.0,2255.0,0.0013281588664690116,0.0015185181660860047,222,222
job_title_title,title.title,utf8,adaptive,prefix-btree,prefix-btree,prefix_champion,Champion%,NaiveVectorizedV2Wildcard,5,19637.0,3690.0,3927.4,3903.553538600658,4809.0,1710.0,1990.0,0.0014594717740532023,0.0015439366417596644,222,222
job_title_title,title.title,utf8,adaptive,prefix-btree,prefix-btree,prefix_dragon_ball_z,Dragon Ball Z%,StdSearch,5,3935.0,738.0,787.0,771.6018175676676,1066.0,140.0,598.0,0.00029189435481064046,0.0003051845727772794,25,25
job_title_title,title.title,utf8,adaptive,prefix-btree,prefix-btree,prefix_dragon_ball_z,Dragon Ball Z%,NaiveVectorizedV2,5,4740.0,742.0,948.0,900.7661496158998,1412.0,151.0,592.0,0.0002934764380345464,0.000356271753492409,25,25
job_title_title,title.title,utf8,adaptive,prefix-btree,prefix-btree,prefix_dragon_ball_z,Dragon Ball Z%,NaiveVectorizedV2Wildcard,5,4649.0,840.0,929.8,907.3585775119719,1370.0,250.0,600.0,0.00033223747702024116,0.00035887919588720526,25,25
job_title_title,title.title,utf8,adaptive,prefix-btree,prefix-btree,prefix_kung_fu_panda,Kung Fu Panda%,NaiveVectorizedV2,5,3016.0,471.0,603.2,567.346594231673,952.0,100.0,381.0,0.00018629029961492093,0.000224397382218521,15,15
job_title_title,title.title,utf8,adaptive,prefix-btree,prefix-btree,prefix_kung_fu_panda,Kung Fu Panda%,NaiveVectorizedV2Wildcard,5,3680.0,710.0,736.0,717.6055853778823,1070.0,160.0,540.0,0.00028081977224329906,0.0002838279395018819,15,15
job_title_title,title.title,utf8,adaptive,prefix-btree,prefix-btree,prefix_kung_fu_panda,Kung Fu Panda%,StdSearch,5,3596.0,727.0,719.2,698.1833374567066,1016.0,99.0,598.0,0.0002875436259448992,0.0002761460363502238,15,15
job_title_title,title.title,utf8,adaptive,prefix-btree,prefix-btree,prefix_loser,Loser%,NaiveVectorizedV2,5,7048.0,1273.0,1409.6,1385.3596162384263,1955.0,441.0,832.0,0.000503497986008056,0.0005479385519818854,72,72
job_title_title,title.title,utf8,adaptive,prefix-btree,prefix-btree,prefix_loser,Loser%,NaiveVectorizedV2Wildcard,5,7179.0,1300.0,1435.8,1413.2224030529708,1929.0,440.0,870.0,0.0005141770477694209,0.0005589588638795253,72,72
job_title_title,title.title,utf8,adaptive,prefix-btree,prefix-btree,prefix_loser,Loser%,StdSearch,5,7942.0,1405.0,1588.4,1534.7001078784783,2332.0,438.0,847.0,0.000555706732396951,0.0006070058236002827,72,72
job_title_title,title.title,utf8,adaptive,prefix-btree,prefix-btree,prefix_one_piece,One Piece%,StdSearch,5,3827.0,648.0,765.4,739.8316887788809,1076.0,100.0,548.0,0.0002562974822727575,0.0002926188258327614,14,14
job_title_title,title.title,utf8,adaptive,prefix-btree,prefix-btree,prefix_one_piece,One Piece%,NaiveVectorizedV2,5,3939.0,712.0,787.8,731.8611383940448,1313.0,100.0,602.0,0.000281610813855252,0.0002894663073204747,14,14
job_title_title,title.title,utf8,adaptive,prefix-btree,prefix-btree,prefix_one_piece,One Piece%,NaiveVectorizedV2Wildcard,5,4248.0,890.0,849.6,826.1947669956161,1139.0,140.0,580.0,0.00035201351731906506,0.00032677722013565406,14,14
job_title_title,title.title,utf8,adaptive,prefix-btree,prefix-btree,prefix_saw,Saw%,StdSearch,5,12069.0,2013.0,2413.8,2334.095642440626,3648.0,667.0,1365.0,0.0007961833824306494,0.0009231833897243002,131,131
job_title_title,title.title,utf8,adaptive,prefix-btree,prefix-btree,prefix_saw,Saw%,NaiveVectorizedV2,5,11474.0,2215.0,2294.8,2269.6382432973355,2936.0,671.0,1524.0,0.0008760785852378978,0.0008976891472639985,131,131
job_title_title,title.title,utf8,adaptive,prefix-btree,prefix-btree,prefix_saw,Saw%,NaiveVectorizedV2Wildcard,5,12497.0,2290.0,2499.4,2452.83597736973,3249.0,680.0,1440.0,0.0009057426456861336,0.0009701476626973756,131,131
job_title_title,title.title,utf8,adaptive,prefix-btree,prefix-btree,prefix_vampire,Vampire%,StdSearch,5,23818.0,4494.0,4763.6,4737.7750933088455,5780.0,2043.0,2451.0,0.0017774705020582903,0.0018738886234407955,284,284
job_title_title,title.title,utf8,adaptive,prefix-btree,prefix-btree,prefix_vampire,Vampire%,NaiveVectorizedV2,5,27480.0,4891.0,5496.0,5416.851954716201,6855.0,2085.0,2796.0,0.001934492262030952,0.0021424776509846076,284,284
job_title_title,title.title,utf8,adaptive,prefix-btree,prefix-btree,prefix_vampire,Vampire%,NaiveVectorizedV2Wildcard,5,27083.0,5049.0,5416.6,5358.943737476975,6528.0,2129.0,2889.0,0.0019969845493752352,0.0021195737462294914,284,284
job_title_title,title.title,utf8,adaptive,qgram,full-scan,contains_champion,%Champion%,NaiveVectorizedV2,5,168651878.0,33875711.0,33730375.6,33728616.55978931,34213638.0,33875611.0,110.0,13.398548517746228,13.340369606199454,1870,2528312
job_title_title,title.title,utf8,adaptive,qgram,full-scan,contains_champion,%Champion%,NaiveVectorizedV2Wildcard,5,184377505.0,36698726.0,36875501.0,36873186.68991034,37496179.0,36698625.0,101.0,14.515109685829913,14.584112518514445,1870,2528312
job_title_title,title.title,utf8,adaptive,qgram,full-scan,contains_champion,%Champion%,StdSearch,5,322073198.0,64336407.0,64414639.6,64411535.73100207,65351275.0,64336297.0,110.0,25.446387550270696,25.47610252650865,1870,2528312
job_title_title,title.title,utf8,adaptive,qgram,full-scan,contains_freddy,%Freddy%,NaiveVectorizedV2,5,183307637.0,36656125.0,36661527.4,36660635.210048765,37013462.0,36656025.0,110.0,14.49826010397451,14.500043985888123,146,2528312
job_title_title,title.title,utf8,adaptive,qgram,full-scan,contains_freddy,%Freddy%,NaiveVectorizedV2Wildcard,5,197040129.0,39487294.0,39408025.8,39406055.27432994,39887996.0,39487204.0,100.0,15.618046348710127,15.58591474245664,146,2528312
job_title_title,title.title,utf8,adaptive,qgram,full-scan,contains_freddy,%Freddy%,StdSearch,5,319472630.0,63965374.0,63894526.0,63893907.76432214,64262357.0,63965264.0,110.0,25.299636279066824,25.271369895931414,146,2528312
job_title_title,title.title,utf8,adaptive,qgram,full-scan,contains_jason,%Jason%,NaiveVectorizedV2,5,189486032.0,38048982.0,37897206.4,37895613.81470214,38328842.0,38048872.0,110.0,15.049164027224489,14.988503718964322,482,2528312
job_title_title,title.title,utf8,adaptive,qgram,full-scan,contains_jason,%Jason%,NaiveVectorizedV2Wildcard,5,200394119.0,40035957.0,40078823.8,40077675.11534198,40490596.0,40035857.0,100.0,15.8350539806796,15.851554363283459,482,2528312
job_title_title,title.title,utf8,adaptive,qgram,full-scan,contains_jason,%Jason%,StdSearch,5,331102798.0,66084637.0,66220559.6,66217039.80756258,67230191.0,66084527.0,110.0,26.13784888890295,26.190216954063622,482,2528312
job_title_title,title.title,utf8,adaptive,qgram,full-scan,contains_kung_fu_panda,%Kung%Fu%Panda%,NaiveVectorizedV2,5,200833487.0,40313319.0,40166697.4,40164460.59673406,40714614.0,40313219.0,101.0,15.944756422466847,15.885879826830735,20,2528312
job_title_title,title.title,utf8,adaptive,qgram,full-scan,contains_kung_fu_panda,%Kung%Fu%Panda%,NaiveVectorizedV2Wildcard,5,211316904.0,42237311.0,42263380.8,42257271.70085994,43562388.0,42237210.0,101.0,16.705735288999144,16.71363016149114,20,2528312
job_title_title,title.title,utf8,adaptive,qgram,full-scan,contains_kung_fu_panda,%Kung%Fu%Panda%,StdSearch,5,255209124.0,51056769.0,51041824.8,51039638.345624045,51863724.0,51056379.0,100.0,20.194014425434837,20.1872388952092,20,2528312
job_title_title,title.title,utf8,adaptive,qgram,full-scan,contains_loser,%Loser%,NaiveVectorizedV2,5,190412301.0,38008031.0,38082460.2,38081844.694591336,38385243.0,38007931.0,101.0,15.032967054698945,15.062161906675794,349,2528312
job_title_title,title.title,utf8,adaptive,qgram,full-scan,contains_loser,%Loser%,NaiveVectorizedV2Wildcard,5,201916144.0,40394619.0,40383228.8,40382891.43877719,40626595.0,40394519.0,100.0,15.976912263992736,15.972273769525756,349,2528312
job_title_title,title.title,utf8,adaptive,qgram,full-scan,contains_loser,%Loser%,StdSearch,5,356439227.0,68553109.0,71287845.4,71125150.08272438,81160989.0,68552379.0,110.0,27.11418092387332,28.131476685917068,349,2528312
job_title_title,title.title,utf8,adaptive,qgram,full-scan,contains_money,%Money%,NaiveVectorizedV2,5,189085925.0,37797120.0,37817185.0,37816558.81405618,38162156.0,37797020.0,100.0,14.949547365989641,14.957235821392404,2286,2528312
job_title_title,title.title,utf8,adaptive,qgram,full-scan,contains_money,%Money%,NaiveVectorizedV2Wildcard,5,201929042.0,40506289.0,40385808.4,40384651.83100057,40733199.0,40505938.0,351.0,16.021080072396128,15.972970041276763,2286,2528312
job_title_title,title.title,utf8,adaptive,qgram,full-scan,contains_money,%Money%,StdSearch,5,325161913.0,65105250.0,65032382.6,65031958.78354812,65281760.0,65104782.0,100.0,25.750480953300066,25.72149275229796,2286,2528312
job_title_title,title.title,utf8,adaptive,qgram,full-scan,contains_mord,%Mord%,NaiveVectorizedV2,5,198457900.0,39735984.0,39691580.0,39691515.051425815,39754250.0,39735883.0,101.0,15.716408417948418,15.698820023567453,637,2528312
job_title_title,title.title,utf8,adaptive,qgram,full-scan,contains_mord,%Mord%,NaiveVectorizedV2Wildcard,5,215725100.0,41757169.0,43145020.0,43076255.38178969,48021842.0,41756648.0,110.0,16.515829138175985,17.03755524705405,637,2528312
job_title_title,title.title,utf8,adaptive,qgram,full-scan,contains_mord,%Mord%,StdSearch,5,302647291.0,60711337.0,60529458.2,60527367.8294296,61265748.0,60711227.0,110.0,24.012596942149546,23.939833307530698,637,2528312
job_title_title,title.title,utf8,adaptive,qgram,full-scan,contains_movie,%Movie%,NaiveVectorizedV2,5,190072930.0,38036801.0,38014586.0,38014101.21932134,38296577.0,38036210.0,110.0,15.04434618828689,15.03536795273738,3638,2528312
job_title_title,title.title,utf8,adaptive,qgram,full-scan,contains_movie,%Movie%,NaiveVectorizedV2Wildcard,5,206525244.0,41349179.0,41305048.8,41304914.256705135,41438730.0,41348728.0,110.0,16.35446060454564,16.33695297760134,3638,2528312
job_title_title,title.title,utf8,adaptive,qgram,full-scan,contains_movie,%Movie%,StdSearch,5,329053980.0,63322814.0,65810796.0,65620661.57299822,76180089.0,63322705.0,110.0,25.045490429978578,25.954336954061933,3638,2528312
job_title_title,title.title,utf8,adaptive,qgram,full-scan,contains_murder_lower,%murder%,NaiveVectorizedV2,5,189328310.0,37813080.0,37865662.0,37862919.27282497,38698549.0,37812960.0,111.0,14.955859878053024,14.975572347410042,7,2528312
job_title_title,title.title,utf8,adaptive,qgram,full-scan,contains_murder_lower,%murder%,NaiveVectorizedV2Wildcard,5,200695388.0,40089546.0,40139077.6,40138523.13526279,40465509.0,40089446.0,100.0,15.856249545151073,15.875621021164624,7,2528312
job_title_title,title.title,utf8,adaptive,qgram,full-scan,contains_murder_lower,%murder%,StdSearch,5,332845788.0,66561338.0,66569157.6,66566155.80545105,67609908.0,66561228.0,110.0,26.326394052632743,26.328299594927774,7,2528312
job_title_title,title.title,utf8,adaptive,qgram,full-scan,contains_murder_upper,%Murder%,NaiveVectorizedV2,5,183726793.0,36864098.0,36745358.6,36744446.37232747,37095698.0,36863997.0,110.0,14.580517752555856,14.5331930443424,3622,2528312
job_title_title,title.title,utf8,adaptive,qgram,full-scan,contains_murder_upper,%Murder%,NaiveVectorizedV2Wildcard,5,200359774.0,40056282.0,40071954.8,40067274.10276608,40971337.0,40055842.0,110.0,15.843092941061071,15.84744054640647,3622,2528312
job_title_title,title.title,utf8,adaptive,qgram,full-scan,contains_murder_upper,%Murder%,StdSearch,5,310346222.0,61826598.0,62069244.4,62065929.5018582,63320134.0,61826499.0,110.0,24.453705871743676,24.54836646025414,3622,2528312
job_title_title,title.title,utf8,adaptive,qgram,full-scan,prefix_birdemic,Birdemic%,NaiveVectorizedV2,5,46139517.0,9268880.0,9227903.4,9227591.756503249,9307533.0,9268779.0,101.0,3.6660348880992535,3.6497045287540626,8,2528312
job_title_title,title.title,utf8,adaptive,qgram,full-scan,prefix_birdemic,Birdemic%,StdSearch,5,46668189.0,9309982.0,9333637.8,9332635.26382128,9569708.0,9309822.0,99.0,3.682291584266499,3.6912514214310934,8,2528312
job_title_title,title.title,utf8,adaptive,qgram,full-scan,prefix_birdemic,Birdemic%,NaiveVectorizedV2Wildcard,5,51527372.0,10323826.0,10305474.4,10305409.179858815,10351462.0,10323736.0,80.0,4.0832879802809146,4.076003744735155,8,2528312
job_title_title,title.title,utf8,adaptive,qgram,full-scan,prefix_champion,Champion%,NaiveVectorizedV2,5,46784543.0,9381049.0,9356908.6,9356449.613578685,9446495.0,9380969.0,100.0,3.710400061384829,3.700670492240951,222,2528312
job_title_title,title.title,utf8,adaptive,qgram,full-scan,prefix_champion,Champion%,StdSearch,5,46909101.0,9386977.0,9381820.2,9381772.769911615,9429640.0,9386878.0,100.0,3.7127447087226577,3.7106863274436135,222,2528312
job_title_title,title.title,utf8,adaptive,qgram,full-scan,prefix_champion,Champion%,NaiveVectorizedV2Wildcard,5,51842324.0,10294699.0,10368464.8,10366833.296988394,10718116.0,10294609.0,90.0,4.071767645765238,4.100298261048628,222,2528312
job_title_title,title.title,utf8,adaptive,qgram,full-scan,prefix_dragon_ball_z,Dragon Ball Z%,StdSearch,5,54016552.0,9793621.0,10803310.4,10709221.234135803,13489445.0,9793521.0,100.0,3.8735808713481563,4.2357198139057965,25,2528312
job_title_title,title.title,utf8,adaptive,qgram,full-scan,prefix_dragon_ball_z,Dragon Ball Z%,NaiveVectorizedV2,5,49097473.0,9824204.0,9819494.6,9819457.488506297,9851720.0,9824174.0,40.0,3.885677084157335,3.8837997401057733,25,2528312
job_title_title,title.title,utf8,adaptive,qgram,full-scan,prefix_dragon_ball_z,Dragon Ball Z%,NaiveVectorizedV2Wildcard,5,52520749.0,10547791.0,10504149.8,10503518.32182271,10625709.0,10547711.0,80.0,4.171870797591437,4.154360032236014,25,2528312
job_title_title,title.title,utf8,adaptive,qgram,full-scan,prefix_kung_fu_panda,Kung Fu Panda%,StdSearch,5,49124109.0,9772623.0,9824821.8,9824507.257241853,9969069.0,9772534.0,100.0,3.8652757254642625,3.885797028706053,15,2528312
job_title_title,title.title,utf8,adaptive,qgram,full-scan,prefix_kung_fu_panda,Kung Fu Panda%,NaiveVectorizedV2,5,49000131.0,9840494.0,9800026.2,9799670.207511928,9879537.0,9840463.0,41.0,3.892120118086692,3.8759734587787933,15,2528312
job_title_title,title.title,utf8,adaptive,qgram,full-scan,prefix_kung_fu_panda,Kung Fu Panda%,NaiveVectorizedV2Wildcard,5,51910066.0,10419419.0,10382013.2,10381166.304037793,10574200.0,10418930.0,100.0,4.121097000686624,4.105967263548881,15,2528312
job_title_title,title.title,utf8,adaptive,qgram,full-scan,prefix_loser,Loser%,NaiveVectorizedV2Wildcard,5,49354072.0,9888374.0,9870814.4,9869519.408007212,10069938.0,9888294.0,90.0,3.9110576542768456,3.903600270855496,72,2528312
job_title_title,title.title,utf8,adaptive,qgram,full-scan,prefix_loser,Loser%,StdSearch,5,51376001.0,10215324.0,10275200.2,10274204.444541924,10473049.0,10215245.0,99.0,4.040373181790855,4.0636616226723286,72,2528312
job_title_title,title.title,utf8,adaptive,qgram,full-scan,prefix_loser,Loser%,NaiveVectorizedV2,5,54748105.0,10862951.0,10949621.0,10948144.766146388,11308422.0,10862911.0,90.0,4.2965231348029835,4.330219041853383,72,2528312
job_title_title,title.title,utf8,adaptive,qgram,full-scan,prefix_one_piece,One Piece%,NaiveVectorizedV2,5,47361862.0,9465652.0,9472372.4,9471908.673090093,9621346.0,9465572.0,80.0,3.743862308132857,3.746336952516186,14,2528312
job_title_title,title.title,utf8,adaptive,qgram,full-scan,prefix_one_piece,One Piece%,StdSearch,5,47469412.0,9512905.0,9493882.4,9492989.127493963,9660349.0,9512815.0,100.0,3.7625518527776634,3.754674710832351,14,2528312
job_title_title,title.title,utf8,adaptive,qgram,full-scan,prefix_one_piece,One Piece%,NaiveVectorizedV2Wildcard,5,51458240.0,10252073.0,10291648.0,10290676.92228987,10549056.0,10251683.0,90.0,4.054908175889684,4.07017683034763,14,2528312
job_title_title,title.title,utf8,adaptive,qgram,full-scan,prefix_saw,Saw%,NaiveVectorizedV2,5,47676223.0,9544542.0,9535244.6,9535123.078596823,9593681.0,9544461.0,81.0,3.7750649445163416,3.771339565131528,131,2528312
job_title_title,title.title,utf8,adaptive,qgram,full-scan,prefix_saw,Saw%,StdSearch,5,48405835.0,9632873.0,9681167.0,9677334.724802544,10191455.0,9632495.0,378.0,3.8100016928290494,3.827587230058056,131,2528312
job_title_title,title.title,utf8,adaptive,qgram,full-scan,prefix_saw,Saw%,NaiveVectorizedV2Wildcard,5,50982061.0,10225688.0,10196412.2,10195327.201331371,10433807.0,10225608.0,80.0,4.044472359423995,4.032464031864488,131,2528312
job_title_title,title.title,utf8,adaptive,qgram,full-scan,prefix_vampire,Vampire%,NaiveVectorizedV2Wildcard,5,47929435.0,9588800.0,9585887.0,9584795.17118482,9795488.0,9588700.0,100.0,3.7925699043472485,3.790985911226467,284,2528312
job_title_title,title.title,utf8,adaptive,qgram,full-scan,prefix_vampire,Vampire%,StdSearch,5,58235841.0,11608362.0,11647168.2,11646449.512540806,11882023.0,11608282.0,130.0,4.591348694306715,4.6064130979644915,284,2528312
job_title_title,title.title,utf8,adaptive,qgram,full-scan,prefix_vampire,Vampire%,NaiveVectorizedV2,5,58179859.0,11683697.0,11635971.8,11635432.004431775,11764678.0,11683657.0,40.0,4.621145254224953,4.602055444277365,284,2528312
job_title_title,title.title,utf8,adaptive,trigram,trigram,contains_champion,%Champion%,NaiveVectorizedV2,5,906579.0,180038.0,181315.8,181280.76686089134,187419.0,56642.0,123396.0,0.07120877486639307,0.07170031501685369,1870,1870
job_title_title,title.title,utf8,adaptive,trigram,trigram,contains_champion,%Champion%,NaiveVectorizedV2Wildcard,5,904342.0,181646.0,180868.4,180856.1419364525,183781.0,60405.0,119838.0,0.07184477232240324,0.0715323670245019,1870,1870
job_title_title,title.title,utf8,adaptive,trigram,trigram,contains_champion,%Champion%,StdSearch,5,1303110.0,239957.0,260622.0,257291.1894660916,312992.0,99306.0,140991.0,0.09490798603969763,0.10176401862827525,1870,1870
job_title_title,title.title,utf8,adaptive,trigram,trigram,contains_freddy,%Freddy%,NaiveVectorizedV2Wildcard,5,121182.0,22928.0,24236.4,24074.368036078617,29451.0,2045.0,20883.0,0.009068501039428679,0.009521913449004153,146,146
job_title_title,title.title,utf8,adaptive,trigram,trigram,contains_freddy,%Freddy%,StdSearch,5,133882.0,25689.0,26776.4,26651.522667258378,31646.0,4228.0,21461.0,0.010160533984729733,0.0105412317258544,146,146
job_title_title,title.title,utf8,adaptive,trigram,trigram,contains_freddy,%Freddy%,NaiveVectorizedV2,5,131159.0,26479.0,26231.8,26099.757607139287,30605.0,2390.0,22543.0,0.01047299542145115,0.010322997164566422,146,146
job_title_title,title.title,utf8,adaptive,trigram,trigram,contains_jason,%Jason%,NaiveVectorizedV2,5,154465.0,26432.0,30893.0,30096.22903497057,44391.0,8001.0,18431.0,0.010454405943570255,0.011903684764764211,482,482
job_title_title,title.title,utf8,adaptive,trigram,trigram,contains_jason,%Jason%,NaiveVectorizedV2Wildcard,5,136545.0,27243.0,27309.0,27239.953359546747,30770.0,9258.0,17624.0,0.010775173317217179,0.010773968307529594,482,482
job_title_title,title.title,utf8,adaptive,trigram,trigram,contains_jason,%Jason%,StdSearch,5,175207.0,33929.0,35041.4,34947.524047836276,39757.0,15470.0,18459.0,0.013419625425975908,0.013822472878282544,482,482
job_title_title,title.title,utf8,adaptive,trigram,trigram,contains_kung_fu_panda,%Kung%Fu%Panda%,NaiveVectorizedV2,5,525150.0,104470.0,105030.0,104994.44890704079,109646.0,8214.0,96256.0,0.041320058600362614,0.04152748905476887,20,267
job_title_title,title.title,utf8,adaptive,trigram,trigram,contains_kung_fu_panda,%Kung%Fu%Panda%,NaiveVectorizedV2Wildcard,5,530331.0,105790.0,106066.2,106015.70244882644,110108.0,7804.0,97445.0,0.041842146064251566,0.041931416078722215,20,267
job_title_title,title.title,utf8,adaptive,trigram,trigram,contains_kung_fu_panda,%Kung%Fu%Panda%,StdSearch,5,542388.0,107808.0,108477.6,108445.64486616041,113125.0,10813.0,96735.0,0.0426403070507121,0.04289250886210269,20,267
job_title_title,title.title,utf8,adaptive,trigram,trigram,contains_loser,%Loser%,NaiveVectorizedV2Wildcard,5,302656.0,60139.0,60531.2,60444.438300322174,66028.0,8285.0,51854.0,0.023786225750619387,0.023907032953338923,349,349
job_title_title,title.title,utf8,adaptive,trigram,trigram,contains_loser,%Loser%,NaiveVectorizedV2,5,321144.0,61723.0,64228.8,64033.53785995988,72425.0,8706.0,53017.0,0.024412730707286126,0.025326596503896615,349,349
job_title_title,title.title,utf8,adaptive,trigram,trigram,contains_loser,%Loser%,StdSearch,5,341542.0,68248.0,68308.4,68245.97521797234,73153.0,13827.0,52298.0,0.026993503966282643,0.0269927031228631,349,349
job_title_title,title.title,utf8,adaptive,trigram,trigram,contains_money,%Money%,NaiveVectorizedV2,5,766283.0,150334.0,153256.6,153195.26349894598,159600.0,75017.0,75317.0,0.059460224845667785,0.060591914090882056,2286,2293
job_title_title,title.title,utf8,adaptive,trigram,trigram,contains_money,%Money%,NaiveVectorizedV2Wildcard,5,810212.0,161079.0,162042.4,162004.8080376617,166387.0,80855.0,79112.0,0.06371009590588503,0.06407627224712059,2286,2293
job_title_title,title.title,utf8,adaptive,trigram,trigram,contains_money,%Money%,StdSearch,5,961804.0,191254.0,192360.8,192325.53192434617,196907.0,112295.0,78959.0,0.07564493622622524,0.07606874939657216,2286,2293
job_title_title,title.title,utf8,adaptive,trigram,trigram,contains_mord,%Mord%,NaiveVectorizedV2Wildcard,5,309958.0,61144.0,61991.6,61923.13229074939,65881.0,15655.0,44869.0,0.024183724160625746,0.024491887192225236,637,686
job_title_title,title.title,utf8,adaptive,trigram,trigram,contains_mord,%Mord%,NaiveVectorizedV2,5,312659.0,61628.0,62531.8,62410.8888374367,69187.0,15350.0,46278.0,0.02437515623071836,0.02468480505469133,637,686
job_title_title,title.title,utf8,adaptive,trigram,trigram,contains_mord,%Mord%,StdSearch,5,597969.0,89979.0,119593.8,108520.44350990005,241312.0,34917.0,57095.0,0.03558856660095747,0.04292209328196044,637,686
job_title_title,title.title,utf8,adaptive,trigram,trigram,contains_movie,%Movie%,NaiveVectorizedV2Wildcard,5,919627.0,184651.0,183925.4,183854.946544223,191001.0,124884.0,56718.0,0.07303331234436257,0.07271845663993322,3638,3638
job_title_title,title.title,utf8,adaptive,trigram,trigram,contains_movie,%Movie%,StdSearch,5,1250065.0,247686.0,250013.0,249963.20548454905,257743.0,188929.0,58757.0,0.09796496634908983,0.09886564849771283,3638,3638
job_title_title,title.title,utf8,adaptive,trigram,trigram,contains_movie,%Movie%,NaiveVectorizedV2,5,1357547.0,259593.0,271509.4,267272.7338641606,358506.0,200051.0,59542.0,0.10267443258585175,0.10571192711348947,3638,3638
job_title_title,title.title,utf8,adaptive,trigram,trigram,contains_murder_lower,%murder%,NaiveVectorizedV2Wildcard,5,215957.0,42414.0,43191.4,43168.152807741084,45823.0,230.0,42194.0,0.01677561946468632,0.01707390259103349,7,9
job_title_title,title.title,utf8,adaptive,trigram,trigram,contains_murder_lower,%murder%,StdSearch,5,217743.0,42873.0,43548.6,43520.79132066303,46381.0,349.0,42534.0,0.016957163514629524,0.017213378459882744,7,9
job_title_title,title.title,utf8,adaptive,trigram,trigram,contains_murder_lower,%murder%,NaiveVectorizedV2,5,218786.0,43505.0,43757.2,43735.14262537924,46261.0,220.0,42924.0,0.01720713266400666,0.017298158860686204,7,9
job_title_title,title.title,utf8,adaptive,trigram,trigram,contains_murder_upper,%Murder%,NaiveVectorizedV2,5,1137847.0,203134.0,227569.4,222569.7240761868,332398.0,114446.0,86282.0,0.0803437234012258,0.08803095665257561,3622,3622
job_title_title,title.title,utf8,adaptive,trigram,trigram,contains_murder_upper,%Murder%,NaiveVectorizedV2Wildcard,5,1060900.0,210850.0,212180.0,212159.52726541457,217730.0,122564.0,88286.0,0.0833955619401403,0.08391350721960533,3622,3622
job_title_title,title.title,utf8,adaptive,trigram,trigram,contains_murder_upper,%Murder%,StdSearch,5,1336181.0,266381.0,267236.2,267181.681810412,275969.0,174956.0,88415.0,0.10535922781682007,0.10567591413180495,3622,3622
job_title_title,title.title,utf8,adaptive,trigram,trigram,prefix_birdemic,Birdemic%,NaiveVectorizedV2Wildcard,5,144937.0,28096.0,28987.4,28869.020783696178,33715.0,110.0,27996.0,0.011112552564715114,0.011418298368119202,8,9
job_title_title,title.title,utf8,adaptive,trigram,trigram,prefix_birdemic,Birdemic%,StdSearch,5,158655.0,28233.0,31731.0,31219.188840330833,42016.0,89.0,28153.0,0.011166738915133891,0.012347838732059524,8,9
job_title_title,title.title,utf8,adaptive,trigram,trigram,prefix_birdemic,Birdemic%,NaiveVectorizedV2,5,148137.0,28839.0,29627.4,29499.77657921335,34413.0,111.0,28729.0,0.011406424523555636,0.011667775408736467,8,9
job_title_title,title.title,utf8,adaptive,trigram,trigram,prefix_champion,Champion%,NaiveVectorizedV2,5,879855.0,171563.0,175971.0,175470.29330448055,196592.0,49760.0,121803.0,0.06785673603574242,0.06940215183271711,222,1870
job_title_title,title.title,utf8,adaptive,trigram,trigram,prefix_champion,Champion%,StdSearch,5,894600.0,173077.0,178920.0,178466.71567206515,200622.0,52929.0,120148.0,0.06845555453599081,0.07058729922259002,222,1870
job_title_title,title.title,utf8,adaptive,trigram,trigram,prefix_champion,Champion%,NaiveVectorizedV2Wildcard,5,911610.0,178432.0,182322.0,182124.36000862764,197650.0,54351.0,125361.0,0.07057356845199485,0.07203397365856261,222,1870
job_title_title,title.title,utf8,adaptive,trigram,trigram,prefix_dragon_ball_z,Dragon Ball Z%,NaiveVectorizedV2,5,638054.0,126575.0,127610.8,127583.02092920034,132899.0,782.0,125943.0,0.05006304601647265,0.05046173926683113,25,26
job_title_title,title.title,utf8,adaptive,trigram,trigram,prefix_dragon_ball_z,Dragon Ball Z%,StdSearch,5,636743.0,127093.0,127348.6,127335.19883302503,130661.0,807.0,125609.0,0.050267925793968465,0.050363720471613076,25,26
job_title_title,title.title,utf8,adaptive,trigram,trigram,prefix_dragon_ball_z,Dragon Ball Z%,NaiveVectorizedV2Wildcard,5,663868.0,131420.0,132773.6,132748.1360335461,137789.0,1180.0,130170.0,0.051979344321428686,0.05250464975586327,25,26
job_title_title,title.title,utf8,adaptive,trigram,trigram,prefix_kung_fu_panda,Kung Fu Panda%,NaiveVectorizedV2,5,828952.0,161408.0,165790.4,165556.23475177324,183842.0,752.0,160626.0,0.06384022225105129,0.06548093540345226,15,19
job_title_title,title.title,utf8,adaptive,trigram,trigram,prefix_kung_fu_panda,Kung Fu Panda%,StdSearch,5,824178.0,164345.0,164835.6,164816.81926435672,169587.0,837.0,163429.0,0.06500186685820421,0.06518848119391785,15,19
job_title_title,title.title,utf8,adaptive,trigram,trigram,prefix_kung_fu_panda,Kung Fu Panda%,NaiveVectorizedV2Wildcard,5,833178.0,165158.0,166635.6,166589.5021614964,174296.0,1239.0,164329.0,0.06532342527346309,0.0658896141621352,15,19
job_title_title,title.title,utf8,adaptive,trigram,trigram,prefix_loser,Loser%,NaiveVectorizedV2,5,275100.0,54060.0,55020.0,54930.62129895148,60856.0,3468.0,50682.0,0.02138185477108838,0.02172620360894993,72,349
job_title_title,title.title,utf8,adaptive,trigram,trigram,prefix_loser,Loser%,NaiveVectorizedV2Wildcard,5,276412.0,54887.0,55282.4,55229.942166094785,59625.0,3290.0,50818.0,0.021708950477630926,0.021844591239568046,72,349
job_title_title,title.title,utf8,adaptive,trigram,trigram,prefix_loser,Loser%,StdSearch,5,305081.0,59824.0,61016.2,60590.96711975306,74594.0,6089.0,52081.0,0.023661636696736797,0.023964988150098978,72,349
job_title_title,title.title,utf8,adaptive,trigram,trigram,prefix_one_piece,One Piece%,StdSearch,5,311291.0,61449.0,62258.2,62211.62319907081,66681.0,359.0,60821.0,0.024304358006448572,0.024605991348801443,14,17
job_title_title,title.title,utf8,adaptive,trigram,trigram,prefix_one_piece,One Piece%,NaiveVectorizedV2Wildcard,5,311400.0,62034.0,62280.0,62231.059159194934,66773.0,310.0,61054.0,0.02453573767794481,0.02461367867541463,14,17
job_title_title,title.title,utf8,adaptive,trigram,trigram,prefix_one_piece,One Piece%,NaiveVectorizedV2,5,321000.0,62569.0,64200.0,64134.248089268345,69807.0,351.0,62369.0,0.024747341309142225,0.02536642949496278,14,17
job_title_title,title.title,utf8,adaptive,trigram,trigram,prefix_saw,Saw%,NaiveVectorizedV2Wildcard,5,22844.0,3549.0,4568.8,4315.169091770232,7548.0,3359.0,190.0,0.0014037033404105189,0.0017067391571017477,131,570
job_title_title,title.title,utf8,adaptive,trigram,trigram,prefix_saw,Saw%,StdSearch,5,21276.0,3946.0,4255.2,4215.609593667647,5411.0,3777.0,169.0,0.0015607251003831805,0.0016673613041696012,131,570
job_title_title,title.title,utf8,adaptive,trigram,trigram,prefix_saw,Saw%,NaiveVectorizedV2,5,25597.0,4259.0,5119.4,4920.779320319258,7828.0,4009.0,250.0,0.001684523112653818,0.0019462706028050576,131,570
job_title_title,title.title,utf8,adaptive,trigram,trigram,prefix_vampire,Vampire%,NaiveVectorizedV2Wildcard,5,297344.0,56745.0,59468.8,59155.69371870403,71042.0,17235.0,40820.0,0.02244382813513522,0.023397307657719496,284,936
job_title_title,title.title,utf8,adaptive,trigram,trigram,prefix_vampire,Vampire%,StdSearch,5,327316.0,64409.0,65463.2,65189.48677411618,74724.0,19234.0,42354.0,0.025475099592138947,0.025783798350091373,284,936
job_title_title,title.title,utf8,adaptive,trigram,trigram,prefix_vampire,Vampire%,NaiveVectorizedV2,5,322150.0,65226.0,64430.0,64202.84757875774,73474.0,23382.0,40541.0,0.025798240090621725,0.025393562020335186,284,936
job_title_title,title.title,utf8,recursive,fm,fm,contains_champion,%Champion%,NaiveVectorizedV2,5,357294.0,71176.0,71458.8,71357.24935190738,77992.0,50846.0,19722.0,0.02815158888618177,0.028223276775930853,1870,1870
job_title_title,title.title,utf8,recursive,fm,fm,contains_champion,%Champion%,NaiveVectorizedV2Wildcard,5,387721.0,76174.0,77544.2,77447.15447898864,84194.0,56475.0,19699.0,0.030128401874452204,0.030631960960114345,1870,1870
job_title_title,title.title,utf8,recursive,fm,fm,contains_champion,%Champion%,StdSearch,5,1073458.0,223293.0,214691.6,205671.6342497739,296135.0,183116.0,40177.0,0.0883170273289056,0.08134741054496986,1870,1870
job_title_title,title.title,utf8,recursive,fm,fm,contains_freddy,%Freddy%,NaiveVectorizedV2,5,13563.0,2342.0,2712.6,2651.0476424777185,3926.0,1465.0,877.0,0.0009263097275969105,0.0010485445002348277,146,146
job_title_title,title.title,utf8,recursive,fm,fm,contains_freddy,%Freddy%,NaiveVectorizedV2Wildcard,5,15329.0,2709.0,3065.8,3015.7137936969893,4140.0,1779.0,930.0,0.0010714658633902779,0.001192777550277415,146,146
job_title_title,title.title,utf8,recursive,fm,fm,contains_freddy,%Freddy%,StdSearch,5,27579.0,5394.0,5515.8,5488.317215613631,6274.0,4383.0,1011.0,0.00213343922743712,0.0021707436485740817,146,146
job_title_title,title.title,utf8,recursive,fm,fm,contains_jason,%Jason%,NaiveVectorizedV2,5,52963.0,9511.0,10592.6,10411.95306396216,14510.0,6331.0,3180.0,0.0037617983856422783,0.004118144067647571,482,482
job_title_title,title.title,utf8,recursive,fm,fm,contains_jason,%Jason%,NaiveVectorizedV2Wildcard,5,58954.0,10949.0,11790.8,11658.343636934944,15128.0,7619.0,3330.0,0.004330557304636453,0.004611117471631242,482,482
job_title_title,title.title,utf8,recursive,fm,fm,contains_jason,%Jason%,StdSearch,5,100286.0,19695.0,20057.2,19962.111498959104,22916.0,16094.0,3601.0,0.007789782273706726,0.007895430429060627,482,482
job_title_title,title.title,utf8,recursive,fm,fm,contains_kung_fu_panda,%Kung%Fu%Panda%,NaiveVectorizedV2,5,30782.0,5541.0,6156.4,6052.256166568562,8331.0,3913.0,1628.0,0.0021915807859156622,0.002393793236977308,20,253
job_title_title,title.title,utf8,recursive,fm,fm,contains_kung_fu_panda,%Kung%Fu%Panda%,NaiveVectorizedV2Wildcard,5,37140.0,7006.0,7428.0,7335.868691387508,8967.0,5175.0,1831.0,0.002771018766671202,0.0029014886973551942,20,253
job_title_title,title.title,utf8,recursive,fm,fm,contains_kung_fu_panda,%Kung%Fu%Panda%,StdSearch,5,46170.0,8722.0,9234.0,9094.88127800468,11203.0,6872.0,1850.0,0.0034497324697268373,0.003597214773336789,20,253
job_title_title,title.title,utf8,recursive,fm,fm,contains_loser,%Loser%,NaiveVectorizedV2,5,43804.0,7521.0,8760.8,8510.246469072457,12731.0,5291.0,2230.0,0.002974711981749088,0.003365979542506007,349,349
job_title_title,title.title,utf8,recursive,fm,fm,contains_loser,%Loser%,NaiveVectorizedV2Wildcard,5,46187.0,8887.0,9237.4,9065.84898081144,11579.0,6605.0,2282.0,0.0035149934027129564,0.003585731895751574,349,349
job_title_title,title.title,utf8,recursive,fm,fm,contains_loser,%Loser%,StdSearch,5,71456.0,12933.0,14291.2,14061.32211736209,18424.0,10652.0,2281.0,0.005115270583693785,0.005561545456953927,349,349
job_title_title,title.title,utf8,recursive,fm,fm,contains_money,%Money%,NaiveVectorizedV2Wildcard,5,478014.0,94464.0,95602.8,95512.75652234585,102760.0,70185.0,24279.0,0.03736247741576198,0.03777728244075329,2286,2286
job_title_title,title.title,utf8,recursive,fm,fm,contains_money,%Money%,StdSearch,5,674154.0,132438.0,134830.8,134694.65949876464,146101.0,106873.0,25565.0,0.05238198450191274,0.05327454028567856,2286,2286
job_title_title,title.title,utf8,recursive,fm,fm,contains_money,%Money%,NaiveVectorizedV2,5,707094.0,137406.0,141418.8,140062.86177998155,175829.0,105175.0,32231.0,0.05434693186600388,0.05539777597859027,2286,2286
job_title_title,title.title,utf8,recursive,fm,fm,contains_mord,%Mord%,NaiveVectorizedV2,5,82925.0,16021.0,16585.0,16419.464590043917,20781.0,10990.0,5031.0,0.006336638832549147,0.006494239868356407,637,637
job_title_title,title.title,utf8,recursive,fm,fm,contains_mord,%Mord%,NaiveVectorizedV2Wildcard,5,92190.0,16282.0,18438.0,18015.94732734167,24248.0,11389.0,4893.0,0.006439869762909008,0.007125682007339936,637,637
job_title_title,title.title,utf8,recursive,fm,fm,contains_mord,%Mord%,StdSearch,5,154372.0,29156.0,30874.4,30397.698983446706,39788.0,23594.0,5261.0,0.01153180461905018,0.01202292240176319,637,637
job_title_title,title.title,utf8,recursive,fm,fm,contains_movie,%Movie%,NaiveVectorizedV2Wildcard,5,800611.0,158017.0,160122.2,160014.16531539327,170686.0,119238.0,38779.0,0.06249901119798506,0.06328893163319765,3638,3638
job_title_title,title.title,utf8,recursive,fm,fm,contains_movie,%Movie%,NaiveVectorizedV2,5,792531.0,160292.0,158506.2,158415.48092555322,165862.0,115562.0,41911.0,0.06339882103158155,0.06265661869482611,3638,3638
job_title_title,title.title,utf8,recursive,fm,fm,contains_movie,%Movie%,StdSearch,5,1132407.0,225453.0,226481.4,226382.47318897824,239256.0,182455.0,41388.0,0.0891713522698148,0.08953897825465298,3638,3638
job_title_title,title.title,utf8,recursive,fm,fm,contains_murder_lower,%murder%,NaiveVectorizedV2Wildcard,5,1830.0,290.0,366.0,341.6946870078694,660.0,110.0,180.0,0.0001147010337331785,0.00013514735800323284,7,7
job_title_title,title.title,utf8,recursive,fm,fm,contains_murder_lower,%murder%,NaiveVectorizedV2,5,2430.0,410.0,486.0,469.2384376155087,760.0,160.0,250.0,0.0001621635304503558,0.00018559356504082905,7,7
job_title_title,title.title,utf8,recursive,fm,fm,contains_murder_lower,%murder%,StdSearch,5,2352.0,440.0,470.4,451.48662683959367,650.0,220.0,220.0,0.00017402915462965015,0.00017857235453519737,7,7
job_title_title,title.title,utf8,recursive,fm,fm,contains_murder_upper,%Murder%,NaiveVectorizedV2,5,740337.0,145758.0,148067.4,147930.0477853253,158967.0,105558.0,40200.0,0.05765032163751942,0.058509411728190665,3622,3622
job_title_title,title.title,utf8,recursive,fm,fm,contains_murder_upper,%Murder%,NaiveVectorizedV2Wildcard,5,755409.0,151072.0,151081.8,150929.23113289333,163411.0,111903.0,38719.0,0.059752119200478425,0.05969565114309202,3622,3622
job_title_title,title.title,utf8,recursive,fm,fm,contains_murder_upper,%Murder%,StdSearch,5,1068085.0,210877.0,213617.0,213429.961943322,230270.0,169960.0,39537.0,0.08340624100190167,0.08441599056735179,3622,3622
job_title_title,title.title,utf8,recursive,fm,fm,prefix_birdemic,Birdemic%,NaiveVectorizedV2,5,1760.0,310.0,352.0,339.48274989101293,540.0,70.0,240.0,0.00012261144985270804,0.00013427249085200436,8,9
job_title_title,title.title,utf8,recursive,fm,fm,prefix_birdemic,Birdemic%,NaiveVectorizedV2Wildcard,5,1931.0,361.0,386.2,378.0238749329113,540.0,90.0,281.0,0.0001427830109575084,0.00014951630769181634,8,9
job_title_title,title.title,utf8,recursive,fm,fm,prefix_birdemic,Birdemic%,StdSearch,5,1992.0,370.0,398.4,383.7191562768009,540.0,100.0,260.0,0.0001463426982112967,0.00015176890995921436,8,9
job_title_title,title.title,utf8,recursive,fm,fm,prefix_champion,Champion%,NaiveVectorizedV2Wildcard,5,273483.0,50796.0,54696.6,54258.401004721956,67267.0,29371.0,21956.0,0.020090874860381157,0.021460326496382524,222,1870
job_title_title,title.title,utf8,recursive,fm,fm,prefix_champion,Champion%,NaiveVectorizedV2,5,286217.0,54347.0,57243.4,56630.89102951932,72507.0,31328.0,23019.0,0.02149536924240363,0.022398695663161557,222,1870
job_title_title,title.title,utf8,recursive,fm,fm,prefix_champion,Champion%,StdSearch,5,324816.0,54628.0,64963.2,61767.8785577451,106033.0,31023.0,23605.0,0.021606510588883018,0.024430481110616523,222,1870
job_title_title,title.title,utf8,recursive,fm,fm,prefix_dragon_ball_z,Dragon Ball Z%,NaiveVectorizedV2,5,2880.0,520.0,576.0,565.9211434319269,800.0,120.0,400.0,0.00020567081910776835,0.00022383358676932545,25,26
job_title_title,title.title,utf8,recursive,fm,fm,prefix_dragon_ball_z,Dragon Ball Z%,StdSearch,5,3774.0,580.0,754.8,692.4608591142885,1352.0,200.0,370.0,0.000229402067466357,0.0002738826771040471,25,26
job_title_title,title.title,utf8,recursive,fm,fm,prefix_dragon_ball_z,Dragon Ball Z%,NaiveVectorizedV2Wildcard,5,4104.0,671.0,820.8,789.1187670140644,1221.0,240.0,440.0,0.00026539446081021644,0.00031211289074056716,25,26
job_title_title,title.title,utf8,recursive,fm,fm,prefix_kung_fu_panda,Kung Fu Panda%,StdSearch,5,2652.0,430.0,530.4,505.1440807252521,891.0,110.0,330.0,0.00017007394656988535,0.0001997949939426985,15,19
job_title_title,title.title,utf8,recursive,fm,fm,prefix_kung_fu_panda,Kung Fu Panda%,NaiveVectorizedV2Wildcard,5,4083.0,600.0,816.6,739.803772787788,1522.0,220.0,390.0,0.00023731248358588655,0.0002926077844774652,15,19
job_title_title,title.title,utf8,recursive,fm,fm,prefix_kung_fu_panda,Kung Fu Panda%,NaiveVectorizedV2,5,3530.0,630.0,706.0,679.7705458337884,1000.0,140.0,460.0,0.00024917810776518086,0.00026886339416724983,15,19
job_title_title,title.title,utf8,recursive,fm,fm,prefix_loser,Loser%,StdSearch,5,30903.0,4775.0,6180.6,5792.6360429590995,11041.0,2542.0,2233.0,0.0018886118485376806,0.002291108076439574,72,349
job_title_title,title.title,utf8,recursive,fm,fm,prefix_loser,Loser%,NaiveVectorizedV2,5,30288.0,5799.0,6057.6,5915.678998478058,8030.0,3069.0,2730.0,0.0022936251538575934,0.0023397741253761667,72,349
job_title_title,title.title,utf8,recursive,fm,fm,prefix_loser,Loser%,NaiveVectorizedV2Wildcard,5,47151.0,9826.0,9430.2,9164.250042791202,12258.0,5143.0,4683.0,0.0038863874395248686,0.0036246515630947475,72,349
job_title_title,title.title,utf8,recursive,fm,fm,prefix_one_piece,One Piece%,NaiveVectorizedV2Wildcard,5,2363.0,400.0,472.6,455.83883560382424,741.0,130.0,270.0,0.00015820832239059104,0.00018029374365340374,14,17
job_title_title,title.title,utf8,recursive,fm,fm,prefix_one_piece,One Piece%,StdSearch,5,2460.0,443.0,492.0,477.0231079654347,746.0,101.0,342.0,0.00017521571704757957,0.0001886725641318931,14,17
job_title_title,title.title,utf8,recursive,fm,fm,prefix_one_piece,One Piece%,NaiveVectorizedV2,5,2840.0,520.0,568.0,532.6816094153445,860.0,100.0,420.0,0.00020567081910776835,0.00021068665948480422,14,17
job_title_title,title.title,utf8,recursive,fm,fm,prefix_saw,Saw%,NaiveVectorizedV2Wildcard,5,44701.0,7965.0,8940.2,8793.839184962771,12318.0,4003.0,3963.0,0.003150323219602644,0.003478146362064002,131,570
job_title_title,title.title,utf8,recursive,fm,fm,prefix_saw,Saw%,StdSearch,5,47363.0,8659.0,9472.6,9380.963175072957,12186.0,4697.0,4011.0,0.003424814658950319,0.003710366115840514,131,570
job_title_title,title.title,utf8,recursive,fm,fm,prefix_saw,Saw%,NaiveVectorizedV2,5,51817.0,9229.0,10363.4,10182.492391346646,13599.0,5009.0,4220.0,0.0036502615183569118,0.004027387597474778,131,570
job_title_title,title.title,utf8,recursive,fm,fm,prefix_vampire,Vampire%,NaiveVectorizedV2Wildcard,5,111877.0,20774.0,22375.4,22128.187255377088,29060.0,12028.0,8746.0,0.008216549223355345,0.008752158458045162,284,935
job_title_title,title.title,utf8,recursive,fm,fm,prefix_vampire,Vampire%,NaiveVectorizedV2,5,110822.0,21448.0,22164.4,22134.124412759964,24038.0,13229.0,8219.0,0.008483130246583492,0.008754506727318454,284,935
job_title_title,title.title,utf8,recursive,fm,fm,prefix_vampire,Vampire%,StdSearch,5,133520.0,25904.0,26704.0,26408.10103186253,34601.0,15391.0,9596.0,0.010245570958014675,0.010444953404430513,284,935
job_title_title,title.title,utf8,recursive,full-scan,full-scan,contains_champion,%Champion%,NaiveVectorizedV2,5,159277745.0,31814645.0,31855549.0,31854253.593176212,32274616.0,31814536.0,110.0,12.583354032255512,12.599020054952142,1870,2528312
job_title_title,title.title,utf8,recursive,full-scan,full-scan,contains_champion,%Champion%,NaiveVectorizedV2Wildcard,5,176883001.0,35295266.0,35376600.2,35375466.59394703,35851246.0,35294716.0,100.0,13.960012055474166,13.991733059031908,1870,2528312
job_title_title,title.title,utf8,recursive,full-scan,full-scan,contains_champion,%Champion%,StdSearch,5,313538609.0,62566660.0,62707721.8,62707149.769326836,63192000.0,62566550.0,110.0,24.74641579045624,24.80198241725181,1870,2528312
job_title_title,title.title,utf8,recursive,full-scan,full-scan,contains_freddy,%Freddy%,NaiveVectorizedV2,5,173655575.0,34733678.0,34731115.0,34730429.55117142,34974282.0,34733578.0,110.0,13.737892317087448,13.73660748798864,146,2528312
job_title_title,title.title,utf8,recursive,full-scan,full-scan,contains_freddy,%Freddy%,NaiveVectorizedV2Wildcard,5,192305431.0,38538153.0,38461086.2,38458548.856006734,39090448.0,38537993.0,160.0,15.242641335404807,15.211156240213544,146,2528312
job_title_title,title.title,utf8,recursive,full-scan,full-scan,contains_freddy,%Freddy%,StdSearch,5,310215267.0,61869923.0,62043053.4,62039258.02842457,63005606.0,61869813.0,110.0,24.47084181066261,24.537817337585167,146,2528312
job_title_title,title.title,utf8,recursive,full-scan,full-scan,contains_jason,%Jason%,NaiveVectorizedV2,5,171337046.0,34201797.0,34267409.2,34265300.39153064,34762392.0,34194456.0,105.0,13.527522315283873,13.552639227884283,482,2528312
job_title_title,title.title,utf8,recursive,full-scan,full-scan,contains_jason,%Jason%,NaiveVectorizedV2Wildcard,5,193047527.0,38634943.0,38609505.4,38608175.05337983,39120384.0,38634843.0,170.0,15.280923794215271,15.270336514393694,482,2528312
job_title_title,title.title,utf8,recursive,full-scan,full-scan,contains_jason,%Jason%,StdSearch,5,336117182.0,66159956.0,67223436.4,67186521.44650471,71747208.0,66159846.0,110.0,26.167639120488293,26.57366711327741,482,2528312
job_title_title,title.title,utf8,recursive,full-scan,full-scan,contains_kung_fu_panda,%Kung%Fu%Panda%,NaiveVectorizedV2,5,178192113.0,35452339.0,35638422.6,35635417.86327415,36361486.0,35452234.0,105.0,14.02213769503131,14.09454919459078,20,2528312
job_title_title,title.title,utf8,recursive,full-scan,full-scan,contains_kung_fu_panda,%Kung%Fu%Panda%,NaiveVectorizedV2Wildcard,5,195672935.0,39160756.0,39134587.0,39134347.56018723,39298336.0,39160646.0,120.0,15.488893775768181,15.47844868836884,20,2528312
job_title_title,title.title,utf8,recursive,full-scan,full-scan,contains_kung_fu_panda,%Kung%Fu%Panda%,StdSearch,5,249994631.0,49575104.0,49998926.2,49991437.6085672,51603837.0,49575004.0,100.0,19.6079850904477,19.772653694863305,20,2528312
job_title_title,title.title,utf8,recursive,full-scan,full-scan,contains_loser,%Loser%,NaiveVectorizedV2,5,180117256.0,36184080.0,36023451.2,36021575.19000973,36299711.0,36183970.0,120.0,14.311556485117343,14.247282451694932,349,2528312
job_title_title,title.title,utf8,recursive,full-scan,full-scan,contains_loser,%Loser%,NaiveVectorizedV2Wildcard,5,195644891.0,39148941.0,39128978.2,39128565.548310556,39349079.0,39148831.0,110.0,15.484220697445569,15.476161782371246,349,2528312
job_title_title,title.title,utf8,recursive,full-scan,full-scan,contains_loser,%Loser%,StdSearch,5,336262913.0,67287397.0,67252582.6,67251223.2554157,67936385.0,67287297.0,110.0,26.61356549349922,26.599258024886076,349,2528312
job_title_title,title.title,utf8,recursive,full-scan,full-scan,contains_money,%Money%,NaiveVectorizedV2,5,181026824.0,36145622.0,36205364.8,36205148.684297875,36369053.0,36145502.0,120.0,14.296345545961099,14.319889588111717,2286,2528312
job_title_title,title.title,utf8,recursive,full-scan,full-scan,contains_money,%Money%,NaiveVectorizedV2Wildcard,5,198597344.0,39474367.0,39719468.8,39711376.13682419,41087542.0,39473837.0,130.0,15.61293345125127,15.706675496071773,2286,2528312
job_title_title,title.title,utf8,recursive,full-scan,full-scan,contains_money,%Money%,StdSearch,5,321368574.0,64072002.0,64273714.8,64272095.58061235,65151544.0,64071892.0,110.0,25.341809871566483,25.420951045841026,2286,2528312
job_title_title,title.title,utf8,recursive,full-scan,full-scan,contains_mord,%Mord%,NaiveVectorizedV2,5,189135415.0,37937717.0,37827083.0,37826059.28925219,38133305.0,37937617.0,110.0,15.005156404747515,14.960993456999036,637,2528312
job_title_title,title.title,utf8,recursive,full-scan,full-scan,contains_mord,%Mord%,NaiveVectorizedV2Wildcard,5,199508114.0,39893926.0,39901622.8,39900491.049735576,40362101.0,39893816.0,111.0,15.778877765085955,15.781474378848655,637,2528312
job_title_title,title.title,utf8,recursive,full-scan,full-scan,contains_mord,%Mord%,StdSearch,5,302809742.0,60473004.0,60561948.4,60559001.46234057,61287832.0,60472904.0,100.0,23.91833128189875,23.95234506751564,637,2528312
job_title_title,title.title,utf8,recursive,full-scan,full-scan,contains_movie,%Movie%,NaiveVectorizedV2,5,181949399.0,36338249.0,36389879.8,36389308.147204265,36671125.0,36337559.0,100.0,14.37253353225393,14.39272848730861,3638,2528312
job_title_title,title.title,utf8,recursive,full-scan,full-scan,contains_movie,%Movie%,NaiveVectorizedV2Wildcard,5,198494080.0,39630719.0,39698816.0,39696507.09122765,40496600.0,39630619.0,100.0,15.674773920307304,15.700794479173279,3638,2528312
job_title_title,title.title,utf8,recursive,full-scan,full-scan,contains_movie,%Movie%,StdSearch,5,320742372.0,63343694.0,64148474.4,64133191.99479244,66892579.0,63343334.0,110.0,25.053748904407367,25.366011787624455,3638,2528312
job_title_title,title.title,utf8,recursive,full-scan,full-scan,contains_murder_lower,%murder%,NaiveVectorizedV2,5,179896150.0,36073722.0,35979230.0,35973461.23399871,37044152.0,36073612.0,110.0,14.267907600011391,14.228252381034725,7,2528312
job_title_title,title.title,utf8,recursive,full-scan,full-scan,contains_murder_lower,%murder%,NaiveVectorizedV2Wildcard,5,199937741.0,38941214.0,39987548.2,39923202.92638832,44644419.0,38941094.0,120.0,15.402060346982493,15.790457398607575,7,2528312
job_title_title,title.title,utf8,recursive,full-scan,full-scan,contains_murder_lower,%murder%,StdSearch,5,345743650.0,65122729.0,69148730.0,68744010.84351534,84886073.0,65121958.0,101.0,25.75739426146773,27.189686574882845,7,2528312
job_title_title,title.title,utf8,recursive,full-scan,full-scan,contains_murder_upper,%Murder%,NaiveVectorizedV2,5,188587183.0,36071371.0,37717436.6,37476609.36469008,46632032.0,36070921.0,110.0,14.26697773059654,14.822778741187832,3622,2528312
job_title_title,title.title,utf8,recursive,full-scan,full-scan,contains_murder_upper,%Murder%,NaiveVectorizedV2Wildcard,5,194304141.0,38992226.0,38860828.2,38858546.03898254,39340582.0,38992126.0,100.0,15.422236654336965,15.369363448412477,3622,2528312
job_title_title,title.title,utf8,recursive,full-scan,full-scan,contains_murder_upper,%Murder%,StdSearch,5,307098628.0,61028734.0,61419725.6,61415020.910121456,62569090.0,61028634.0,110.0,24.13813405940406,24.290918569433455,3622,2528312
job_title_title,title.title,utf8,recursive,full-scan,full-scan,prefix_birdemic,Birdemic%,StdSearch,5,37908051.0,7584378.0,7581610.2,7581523.642378474,7630809.0,7583968.0,100.0,2.999779299390265,2.998650341563259,8,2528312
job_title_title,title.title,utf8,recursive,full-scan,full-scan,prefix_birdemic,Birdemic%,NaiveVectorizedV2,5,38182179.0,7620422.0,7636435.8,7636364.305250609,7694549.0,7620292.0,110.0,3.0140354513208814,3.0203409647427297,8,2528312
job_title_title,title.title,utf8,recursive,full-scan,full-scan,prefix_birdemic,Birdemic%,NaiveVectorizedV2Wildcard,5,43480192.0,8690843.0,8696038.4,8695938.84401924,8759580.0,8690763.0,90.0,3.4374092279750283,3.4394247403086524,8,2528312
job_title_title,title.title,utf8,recursive,full-scan,full-scan,prefix_champion,Champion%,NaiveVectorizedV2,5,37676254.0,7541586.0,7535250.8,7534587.031227119,7681990.0,7541366.0,100.0,2.9828541730609195,2.980085935290863,222,2528312
job_title_title,title.title,utf8,recursive,full-scan,full-scan,prefix_champion,Champion%,StdSearch,5,39450139.0,7710484.0,7890027.8,7881109.607196284,8641601.0,7710444.0,90.0,3.049656846148735,3.117142823827235,222,2528312
job_title_title,title.title,utf8,recursive,full-scan,full-scan,prefix_champion,Champion%,NaiveVectorizedV2Wildcard,5,44621815.0,8930652.0,8924363.0,8923791.735301364,9095828.0,8930572.0,110.0,3.5322586769354416,3.529545299512625,222,2528312
job_title_title,title.title,utf8,recursive,full-scan,full-scan,prefix_dragon_ball_z,Dragon Ball Z%,NaiveVectorizedV2,5,44904756.0,8976230.0,8980951.2,8980775.113021879,9059205.0,8976130.0,110.0,3.5502857242302372,3.552083410995906,25,2528312
job_title_title,title.title,utf8,recursive,full-scan,full-scan,prefix_dragon_ball_z,Dragon Ball Z%,StdSearch,5,46409766.0,9280890.0,9281953.2,9281883.967255294,9339072.0,9280570.0,90.0,3.670785092979031,3.6711782277089644,25,2528312
job_title_title,title.title,utf8,recursive,full-scan,full-scan,prefix_dragon_ball_z,Dragon Ball Z%,NaiveVectorizedV2Wildcard,5,49389423.0,9914542.0,9877884.6,9877303.210533708,10000082.0,9914482.0,80.0,3.921407642727638,3.9066789267043354,25,2528312
job_title_title,title.title,utf8,recursive,full-scan,full-scan,prefix_kung_fu_panda,Kung Fu Panda%,NaiveVectorizedV2,5,43887293.0,8769568.0,8777458.6,8777140.311680544,8898143.0,8769508.0,80.0,3.468546603425527,3.471541610244517,15,2528312
job_title_title,title.title,utf8,recursive,full-scan,full-scan,prefix_kung_fu_panda,Kung Fu Panda%,StdSearch,5,45310479.0,9070347.0,9062095.8,9061673.177930364,9184407.0,9070267.0,80.0,3.5875109559263256,3.5840802788304544,15,2528312
job_title_title,title.title,utf8,recursive,full-scan,full-scan,prefix_kung_fu_panda,Kung Fu Panda%,NaiveVectorizedV2Wildcard,5,48337943.0,9614021.0,9667588.6,9667142.052167786,9851007.0,9613951.0,90.0,3.802545334594781,3.8235558159624996,15,2528312
job_title_title,title.title,utf8,recursive,full-scan,full-scan,prefix_loser,Loser%,NaiveVectorizedV2Wildcard,5,38893502.0,7768095.0,7778700.4,7778243.753341772,7919100.0,7768035.0,60.0,3.0724431953018456,3.076457238403242,72,2528312
job_title_title,title.title,utf8,recursive,full-scan,full-scan,prefix_loser,Loser%,StdSearch,5,43798305.0,8805835.0,8759661.0,8758728.31306236,8903250.0,8805714.0,110.0,3.4828909564958757,3.464259281711416,72,2528312
job_title_title,title.title,utf8,recursive,full-scan,full-scan,prefix_loser,Loser%,NaiveVectorizedV2,5,55800179.0,11129680.0,11160035.8,10908572.51653617,14288062.0,11128910.0,140.0,4.402020003860283,4.314567393793239,72,2528312
job_title_title,title.title,utf8,recursive,full-scan,full-scan,prefix_one_piece,One Piece%,NaiveVectorizedV2,5,40692947.0,8139610.0,8138589.4,8138503.684959881,8192681.0,8139530.0,80.0,3.2193851075341966,3.218947536917864,14,2528312
job_title_title,title.title,utf8,recursive,full-scan,full-scan,prefix_one_piece,One Piece%,StdSearch,5,43332905.0,8304600.0,8666581.0,8633592.12365927,10234585.0,8304499.0,81.0,3.2846420853122558,3.4147653152218833,14,2528312
job_title_title,title.title,utf8,recursive,full-scan,full-scan,prefix_one_piece,One Piece%,NaiveVectorizedV2Wildcard,5,43534620.0,8634223.0,8706924.0,8705878.83799686,8939676.0,8634153.0,90.0,3.4150148399406404,3.443356214738078,14,2528312
job_title_title,title.title,utf8,recursive,full-scan,full-scan,prefix_saw,Saw%,NaiveVectorizedV2,5,35816218.0,7112431.0,7163243.6,7162774.741057921,7263591.0,7112381.0,80.0,2.8131144415720843,2.8330264386111828,131,2528312
job_title_title,title.title,utf8,recursive,full-scan,full-scan,prefix_saw,Saw%,StdSearch,5,36094513.0,7155956.0,7218902.6,7218050.968345658,7410094.0,7155845.0,111.0,2.8303294846522107,2.8548893365793697,131,2528312
job_title_title,title.title,utf8,recursive,full-scan,full-scan,prefix_saw,Saw%,NaiveVectorizedV2Wildcard,5,40062265.0,8026231.0,8012453.0,8012143.291355448,8077150.0,8026141.0,90.0,3.1745413540733898,3.168969372195929,131,2528312
job_title_title,title.title,utf8,recursive,full-scan,full-scan,prefix_vampire,Vampire%,NaiveVectorizedV2Wildcard,5,38106794.0,7656671.0,7621358.8,7621147.50774207,7668159.0,7656591.0,80.0,3.0283726850167225,3.0143224047277686,284,2528312
job_title_title,title.title,utf8,recursive,full-scan,full-scan,prefix_vampire,Vampire%,NaiveVectorizedV2,5,48988238.0,9771283.0,9797647.6,9797314.394984812,9915573.0,9771173.0,110.0,3.864745727584254,3.875041685909334,284,2528312
job_title_title,title.title,utf8,recursive,full-scan,full-scan,prefix_vampire,Vampire%,StdSearch,5,49562132.0,9896196.0,9912426.4,9912337.79332109,9994217.0,9896086.0,80.0,3.9141514180211936,3.9205358331254545,284,2528312
job_title_title,title.title,utf8,recursive,prefix-btree,full-scan,contains_champion,%Champion%,NaiveVectorizedV2,5,159057651.0,31802198.0,31811530.2,31810268.106576804,32205277.0,31801850.0,348.0,12.578430984783523,12.581622879841076,1870,2528312
job_title_title,title.title,utf8,recursive,prefix-btree,full-scan,contains_champion,%Champion%,NaiveVectorizedV2Wildcard,5,176779780.0,35320744.0,35355956.0,35352514.11180229,36042191.0,35319744.0,380.0,13.970089134568834,13.982654874794834,1870,2528312
job_title_title,title.title,utf8,recursive,prefix-btree,full-scan,contains_champion,%Champion%,StdSearch,5,310744783.0,62359878.0,62148956.6,62147367.87989185,62453014.0,62359598.0,321.0,24.664629207154814,24.58057703317145,1870,2528312
job_title_title,title.title,utf8,recursive,prefix-btree,full-scan,contains_freddy,%Freddy%,NaiveVectorizedV2,5,173819098.0,34783856.0,34763819.6,34763441.34791863,34959503.0,34783317.0,428.0,13.757738760089735,13.749664340444777,146,2528312
job_title_title,title.title,utf8,recursive,prefix-btree,full-scan,contains_freddy,%Freddy%,NaiveVectorizedV2Wildcard,5,191626010.0,38154351.0,38325202.0,38321856.92401159,38978179.0,38153951.0,400.0,15.090839659029424,15.157091737100357,146,2528312
job_title_title,title.title,utf8,recursive,prefix-btree,full-scan,contains_freddy,%Freddy%,StdSearch,5,308751098.0,61581691.0,61750219.6,61744668.683748566,62971192.0,61581390.0,350.0,24.356840057714397,24.421301122546843,146,2528312
job_title_title,title.title,utf8,recursive,prefix-btree,full-scan,contains_jason,%Jason%,NaiveVectorizedV2,5,171739963.0,34195125.0,34347992.6,34343816.57236518,35280410.0,34194534.0,523.0,13.524883400466399,13.583694011010156,482,2528312
job_title_title,title.title,utf8,recursive,prefix-btree,full-scan,contains_jason,%Jason%,NaiveVectorizedV2Wildcard,5,193293245.0,38744876.0,38658649.0,38657034.7420678,39077627.0,38744466.0,439.0,15.324404582978683,15.289661537843381,482,2528312
job_title_title,title.title,utf8,recursive,prefix-btree,full-scan,contains_jason,%Jason%,StdSearch,5,332677091.0,66002165.0,66535418.2,66492142.545311034,71020550.0,66001775.0,500.0,26.10522949699246,26.299025810624283,482,2528312
job_title_title,title.title,utf8,recursive,prefix-btree,full-scan,contains_kung_fu_panda,%Kung%Fu%Panda%,NaiveVectorizedV2,5,176802971.0,35332195.0,35360594.2,35357809.537564985,36065686.0,35331995.0,200.0,13.974618243318071,13.984749325860498,20,2528312
job_title_title,title.title,utf8,recursive,prefix-btree,full-scan,contains_kung_fu_panda,%Kung%Fu%Panda%,NaiveVectorizedV2Wildcard,5,202544366.0,40400973.0,40508873.2,40500555.844071485,41847080.0,40400333.0,220.0,15.97942540319391,16.018812489942505,20,2528312
job_title_title,title.title,utf8,recursive,prefix-btree,full-scan,contains_kung_fu_panda,%Kung%Fu%Panda%,StdSearch,5,249191492.0,49868203.0,49838298.4,49835189.69726278,50742126.0,49868013.0,250.0,19.723911843158596,19.710854395052046,20,2528312
job_title_title,title.title,utf8,recursive,prefix-btree,full-scan,contains_loser,%Loser%,NaiveVectorizedV2,5,180365188.0,35881796.0,36073037.6,36070663.913439065,36813572.0,35881476.0,440.0,14.19199687380355,14.266698063150084,349,2528312
job_title_title,title.title,utf8,recursive,prefix-btree,full-scan,contains_loser,%Loser%,NaiveVectorizedV2Wildcard,5,195494082.0,38984142.0,39098816.4,39097906.791437864,39474174.0,38982851.0,441.0,15.419039264141452,15.464035606142732,349,2528312
job_title_title,title.title,utf8,recursive,prefix-btree,full-scan,contains_loser,%Loser%,StdSearch,5,338897263.0,67802919.0,67779452.6,67777294.00991997,68593658.0,67802319.0,530.0,26.817465170437824,26.807329953708233,349,2528312
job_title_title,title.title,utf8,recursive,prefix-btree,full-scan,contains_money,%Money%,NaiveVectorizedV2,5,186582263.0,36944700.0,37316452.6,37290606.52300813,39443277.0,36944090.0,500.0,14.612397520559172,14.749210747331842,2286,2528312
job_title_title,title.title,utf8,recursive,prefix-btree,full-scan,contains_money,%Money%,NaiveVectorizedV2Wildcard,5,197416047.0,39690832.0,39483209.4,39480436.638529174,39980352.0,39689851.0,481.0,15.698549862516968,15.61533411957431,2286,2528312
job_title_title,title.title,utf8,recursive,prefix-btree,full-scan,contains_money,%Money%,StdSearch,5,320388544.0,63599046.0,64077708.8,64071253.574210525,65312512.0,63598466.0,570.0,25.15474593325507,25.341513853595043,2286,2528312
job_title_title,title.title,utf8,recursive,prefix-btree,full-scan,contains_mord,%Mord%,NaiveVectorizedV2,5,188924694.0,37739200.0,37784938.8,37784094.32428405,38095223.0,37738710.0,400.0,14.926638800907483,14.944395440232102,637,2528312
job_title_title,title.title,utf8,recursive,prefix-btree,full-scan,contains_mord,%Mord%,NaiveVectorizedV2Wildcard,5,199689331.0,39732184.0,39937866.2,39935505.19019944,40499926.0,39731843.0,490.0,15.714905438885706,15.795323199905539,637,2528312
job_title_title,title.title,utf8,recursive,prefix-btree,full-scan,contains_mord,%Mord%,StdSearch,5,301667550.0,60262383.0,60333510.0,60332754.4895826,60772143.0,60261993.0,400.0,23.83502629422318,23.86285968250066,637,2528312
job_title_title,title.title,utf8,recursive,prefix-btree,full-scan,contains_movie,%Movie%,NaiveVectorizedV2,5,193472167.0,36680403.0,38694433.4,38584992.15043302,43153392.0,36680013.0,390.0,14.507862558102007,15.261167193935318,3638,2528312
job_title_title,title.title,utf8,recursive,prefix-btree,full-scan,contains_movie,%Movie%,NaiveVectorizedV2Wildcard,5,208610381.0,39939879.0,41722076.2,41633972.78631993,46070685.0,39939489.0,481.0,15.797053132682992,16.46710247244801,3638,2528312
job_title_title,title.title,utf8,recursive,prefix-btree,full-scan,contains_movie,%Movie%,StdSearch,5,315101799.0,62864497.0,63020359.8,63019145.72561564,63785384.0,62864087.0,490.0,24.864216520745856,24.92538330934454,3638,2528312
job_title_title,title.title,utf8,recursive,prefix-btree,full-scan,contains_murder_lower,%murder%,NaiveVectorizedV2,5,189532922.0,35812841.0,37906584.4,37681364.68148216,46602618.0,35812061.0,380.0,14.164723736627442,14.903763729113397,7,2528312
job_title_title,title.title,utf8,recursive,prefix-btree,full-scan,contains_murder_lower,%murder%,NaiveVectorizedV2Wildcard,5,194461291.0,38964500.0,38892258.2,38890700.45616037,39324488.0,38964110.0,400.0,15.41127044447046,15.382081189410307,7,2528312
job_title_title,title.title,utf8,recursive,prefix-btree,full-scan,contains_murder_lower,%murder%,StdSearch,5,327491633.0,65811845.0,65498326.6,65494644.4757143,66249054.0,65811475.0,541.0,26.029953977199018,25.904494570177345,7,2528312
job_title_title,title.title,utf8,recursive,prefix-btree,full-scan,contains_murder_upper,%Murder%,NaiveVectorizedV2,5,181566637.0,35291151.0,36313327.4,36249418.1513998,40728217.0,35290281.0,500.0,13.958384487357574,14.337399083419987,3622,2528312
job_title_title,title.title,utf8,recursive,prefix-btree,full-scan,contains_murder_upper,%Murder%,NaiveVectorizedV2Wildcard,5,193129343.0,38498028.0,38625868.6,38624064.15224625,39156057.0,38497628.0,550.0,15.226771063065001,15.276620983583596,3622,2528312
job_title_title,title.title,utf8,recursive,prefix-btree,full-scan,contains_murder_upper,%Murder%,StdSearch,5,340813912.0,61927649.0,68162782.4,67629629.06561843,83017577.0,61927109.0,540.0,24.493673644708405,26.748925395923543,3622,2528312
job_title_title,title.title,utf8,recursive,prefix-btree,prefix-btree,prefix_birdemic,Birdemic%,NaiveVectorizedV2,5,3030.0,380.0,606.0,511.560236954977,1420.0,60.0,320.0,0.00015029790627106148,0.00020233271722595048,8,8
job_title_title,title.title,utf8,recursive,prefix-btree,prefix-btree,prefix_birdemic,Birdemic%,StdSearch,5,2572.0,460.0,514.4,497.2738558904043,731.0,70.0,390.0,0.00018193957074917968,0.00019668215627280343,8,8
job_title_title,title.title,utf8,recursive,prefix-btree,prefix-btree,prefix_birdemic,Birdemic%,NaiveVectorizedV2Wildcard,5,2862.0,551.0,572.4,563.7916422976086,750.0,80.0,471.0,0.00021793196409303914,0.00022299132476435226,8,8
job_title_title,title.title,utf8,recursive,prefix-btree,prefix-btree,prefix_champion,Champion%,StdSearch,5,14777.0,2893.0,2955.4,2935.0041850409775,3634.0,861.0,2032.0,0.0011442416916899497,0.001160855220811743,222,222
job_title_title,title.title,utf8,recursive,prefix-btree,prefix-btree,prefix_champion,Champion%,NaiveVectorizedV2,5,17370.0,3160.0,3474.0,3408.1029096835973,4670.0,930.0,2230.0,0.0012498457468856693,0.0013479756096888332,222,222
job_title_title,title.title,utf8,recursive,prefix-btree,prefix-btree,prefix_champion,Champion%,NaiveVectorizedV2Wildcard,5,20595.0,3813.0,4119.0,4066.2702621486524,5244.0,1591.0,2172.0,0.001508120833188309,0.001608294491403216,222,222
job_title_title,title.title,utf8,recursive,prefix-btree,prefix-btree,prefix_dragon_ball_z,Dragon Ball Z%,StdSearch,5,3725.0,671.0,745.0,719.4406305648713,1171.0,130.0,541.0,0.00026539446081021644,0.0002845537380532433,25,25
job_title_title,title.title,utf8,recursive,prefix-btree,prefix-btree,prefix_dragon_ball_z,Dragon Ball Z%,NaiveVectorizedV2Wildcard,5,5174.0,771.0,1034.8,969.1436304410183,1691.0,240.0,531.0,0.00030494654140786424,0.00038331646981900166,25,25
job_title_title,title.title,utf8,recursive,prefix-btree,prefix-btree,prefix_dragon_ball_z,Dragon Ball Z%,NaiveVectorizedV2,5,5059.0,810.0,1011.8,932.2560535283799,1690.0,120.0,700.0,0.00032037185284094686,0.00036872666566799495,25,25
job_title_title,title.title,utf8,recursive,prefix-btree,prefix-btree,prefix_kung_fu_panda,Kung Fu Panda%,NaiveVectorizedV2,5,3020.0,520.0,604.0,584.2676210450277,870.0,90.0,430.0,0.00020567081910776835,0.00023109000038168845,15,15
job_title_title,title.title,utf8,recursive,prefix-btree,prefix-btree,prefix_kung_fu_panda,Kung Fu Panda%,StdSearch,5,3042.0,550.0,608.4,590.5314720892901,931.0,80.0,470.0,0.00021753644328706268,0.00023356748379523175,15,15
job_title_title,title.title,utf8,recursive,prefix-btree,prefix-btree,prefix_kung_fu_panda,Kung Fu Panda%,NaiveVectorizedV2Wildcard,5,3273.0,630.0,654.6,646.5174554219374,831.0,160.0,470.0,0.00024917810776518086,0.000255711105046346,15,15
job_title_title,title.title,utf8,recursive,prefix-btree,prefix-btree,prefix_loser,Loser%,StdSearch,5,7027.0,1311.0,1405.4,1395.2846378736426,1751.0,431.0,891.0,0.0005185277766351621,0.0005518641045383811,72,72
job_title_title,title.title,utf8,recursive,prefix-btree,prefix-btree,prefix_loser,Loser%,NaiveVectorizedV2,5,8559.0,1419.0,1711.8,1602.4313785873899,2950.0,390.0,1029.0,0.0005612440236806217,0.000633794950380883,72,72
job_title_title,title.title,utf8,recursive,prefix-btree,prefix-btree,prefix_loser,Loser%,NaiveVectorizedV2Wildcard,5,9527.0,1861.0,1905.4,1902.5305861444836,2082.0,871.0,1090.0,0.0007360642199222248,0.0007524904308267676,72,72
job_title_title,title.title,utf8,recursive,prefix-btree,prefix-btree,prefix_one_piece,One Piece%,NaiveVectorizedV2,5,3590.0,610.0,718.0,670.4673506008371,1300.0,90.0,520.0,0.00024126769164565132,0.00026518378689055684,14,14
job_title_title,title.title,utf8,recursive,prefix-btree,prefix-btree,prefix_one_piece,One Piece%,NaiveVectorizedV2Wildcard,5,3421.0,670.0,684.2,675.8574487892685,870.0,130.0,540.0,0.00026499894000424,0.0002673156828703373,14,14
job_title_title,title.title,utf8,recursive,prefix-btree,prefix-btree,prefix_one_piece,One Piece%,StdSearch,5,5322.0,837.0,1064.4,1001.3350699875497,1713.0,131.0,706.0,0.00033105091460231174,0.0003960488539339881,14,14
job_title_title,title.title,utf8,recursive,prefix-btree,prefix-btree,prefix_saw,Saw%,NaiveVectorizedV2Wildcard,5,9757.0,1811.0,1951.4,1936.149326484469,2412.0,551.0,1271.0,0.0007162881796234009,0.0007657873421019511,131,131
job_title_title,title.title,utf8,recursive,prefix-btree,prefix-btree,prefix_saw,Saw%,NaiveVectorizedV2,5,10359.0,2050.0,2071.8,2057.6782185360935,2519.0,580.0,1480.0,0.0008108176522517791,0.000813854547435638,131,131
job_title_title,title.title,utf8,recursive,prefix-btree,prefix-btree,prefix_saw,Saw%,StdSearch,5,11995.0,2217.0,2399.0,2353.560393309593,3236.0,605.0,1602.0,0.0008768696268498508,0.0009308821036761256,131,131
job_title_title,title.title,utf8,recursive,prefix-btree,prefix-btree,prefix_vampire,Vampire%,NaiveVectorizedV2,5,23228.0,4340.0,4645.6,4613.985856811295,5770.0,1909.0,2430.0,0.0017165602979379126,0.0018249274048500715,284,284
job_title_title,title.title,utf8,recursive,prefix-btree,prefix-btree,prefix_vampire,Vampire%,StdSearch,5,24876.0,4525.0,4975.2,4921.462489693885,6159.0,1925.0,2600.0,0.001789731647043561,0.001946540810506727,284,284
job_title_title,title.title,utf8,recursive,prefix-btree,prefix-btree,prefix_vampire,Vampire%,NaiveVectorizedV2Wildcard,5,24637.0,4683.0,4927.4,4894.061695718371,5834.0,1891.0,2591.0,0.0018522239343878445,0.001935703226389138,284,284
job_title_title,title.title,utf8,recursive,qgram,full-scan,contains_champion,%Champion%,NaiveVectorizedV2,5,157829211.0,31495924.0,31565842.2,31564024.892253265,32150896.0,31495835.0,109.0,12.457293245453885,12.484228565245587,1870,2528312
job_title_title,title.title,utf8,recursive,qgram,full-scan,contains_champion,%Champion%,NaiveVectorizedV2Wildcard,5,178590444.0,35688417.0,35718088.8,35714976.87698748,36482907.0,35688287.0,130.0,14.115511455864624,14.126016439817395,1870,2528312
job_title_title,title.title,utf8,recursive,qgram,full-scan,contains_champion,%Champion%,StdSearch,5,311822410.0,62431802.0,62364482.0,62363552.74081193,62799216.0,62431702.0,110.0,24.693076645603867,24.666082643602497,1870,2528312
job_title_title,title.title,utf8,recursive,qgram,full-scan,contains_freddy,%Freddy%,NaiveVectorizedV2,5,166134145.0,33078143.0,33226829.0,33222956.17279149,34174295.0,33078038.0,105.0,13.08309377956518,13.140370402383711,146,2528312
job_title_title,title.title,utf8,recursive,qgram,full-scan,contains_freddy,%Freddy%,NaiveVectorizedV2Wildcard,5,193610400.0,38875010.0,38722080.0,38720908.13211531,39010855.0,38874910.0,100.0,15.375875287543625,15.314924792555416,146,2528312
job_title_title,title.title,utf8,recursive,qgram,full-scan,contains_freddy,%Freddy%,StdSearch,5,307860540.0,61432710.0,61572108.0,61570603.891090825,62109209.0,61432330.0,140.0,24.297914972519216,24.352454875462684,146,2528312
job_title_title,title.title,utf8,recursive,qgram,full-scan,contains_jason,%Jason%,NaiveVectorizedV2,5,171052689.0,34161248.0,34210537.8,34208216.062923476,34969091.0,34161153.0,96.0,13.511484342122333,13.530061188225007,482,2528312
job_title_title,title.title,utf8,recursive,qgram,full-scan,contains_jason,%Jason%,NaiveVectorizedV2Wildcard,5,192877502.0,38534574.0,38575500.4,38574927.18133192,38811115.0,38534473.0,110.0,15.241225766440218,15.257186289244348,482,2528312
job_title_title,title.title,utf8,recursive,qgram,full-scan,contains_jason,%Jason%,StdSearch,5,327265472.0,65874985.0,65453094.4,65440669.100296035,67206330.0,65874885.0,110.0,26.054927160888372,25.883146186189087,482,2528312
job_title_title,title.title,utf8,recursive,qgram,full-scan,contains_kung_fu_panda,%Kung%Fu%Panda%,NaiveVectorizedV2,5,185115909.0,36916812.0,37023181.8,37022638.81071574,37394629.0,36916692.0,130.0,14.6013672363221,14.64322394179031,20,2528312
job_title_title,title.title,utf8,recursive,qgram,full-scan,contains_kung_fu_panda,%Kung%Fu%Panda%,NaiveVectorizedV2Wildcard,5,197861698.0,39477769.0,39572339.6,39570270.330272615,40065252.0,39477659.0,190.0,15.614279013033201,15.650865213736518,20,2528312
job_title_title,title.title,utf8,recursive,qgram,full-scan,contains_kung_fu_panda,%Kung%Fu%Panda%,StdSearch,5,249588423.0,49903789.0,49917684.6,49916659.90244416,50281953.0,49903689.0,100.0,19.737986846560077,19.743077556268386,20,2528312
job_title_title,title.title,utf8,recursive,qgram,full-scan,contains_loser,%Loser%,NaiveVectorizedV2,5,180049285.0,36000796.0,36009857.0,36008252.74040248,36578432.0,36000696.0,100.0,14.23906384971475,14.242013145688695,349,2528312
job_title_title,title.title,utf8,recursive,qgram,full-scan,contains_loser,%Loser%,NaiveVectorizedV2Wildcard,5,196160483.0,39053637.0,39232096.6,39230303.23481417,39693087.0,39053527.0,110.0,15.446525982552787,15.51640115413534,349,2528312
job_title_title,title.title,utf8,recursive,qgram,full-scan,contains_loser,%Loser%,StdSearch,5,338266697.0,67398954.0,67653339.4,67651611.38495335,68590028.0,67398844.0,110.0,26.657688608051537,26.757619860584203,349,2528312
job_title_title,title.title,utf8,recursive,qgram,full-scan,contains_money,%Money%,NaiveVectorizedV2,5,183322540.0,36732390.0,36664508.0,36663485.91668838,37107865.0,36732270.0,120.0,14.528424498242305,14.501171499675845,2286,2528312
job_title_title,title.title,utf8,recursive,qgram,full-scan,contains_money,%Money%,NaiveVectorizedV2Wildcard,5,197250682.0,39364715.0,39450136.4,39446657.76773146,40242762.0,39364604.0,110.0,15.569563803834336,15.601973873371422,2286,2528312
job_title_title,title.title,utf8,recursive,qgram,full-scan,contains_money,%Money%,StdSearch,5,323047790.0,64188635.0,64609558.0,64591286.0731525,67619678.0,64188525.0,100.0,25.387940649729938,25.547197526710445,2286,2528312
job_title_title,title.title,utf8,recursive,qgram,full-scan,contains_mord,%Mord%,NaiveVectorizedV2,5,197505781.0,37233653.0,39501156.2,39262701.98759726,48651407.0,37233553.0,110.0,14.726684444008493,15.529215534948733,637,2528312
job_title_title,title.title,utf8,recursive,qgram,full-scan,contains_mord,%Mord%,NaiveVectorizedV2Wildcard,5,199810389.0,39886189.0,39962077.8,39960876.70647251,40530460.0,39886089.0,110.0,15.775817620610114,15.805358162470673,637,2528312
job_title_title,title.title,utf8,recursive,qgram,full-scan,contains_mord,%Mord%,StdSearch,5,297864510.0,59277214.0,59572902.0,59571204.577162184,60175787.0,59277114.0,110.0,23.445371457320142,23.56165084734879,637,2528312
job_title_title,title.title,utf8,recursive,qgram,full-scan,contains_movie,%Movie%,NaiveVectorizedV2,5,193643940.0,37079191.0,38728788.0,38653160.177057505,42097827.0,37078721.0,110.0,14.665591509275753,15.28812906676766,3638,2528312
job_title_title,title.title,utf8,recursive,qgram,full-scan,contains_movie,%Movie%,NaiveVectorizedV2Wildcard,5,209019652.0,39818547.0,41803930.4,41621158.33887836,49914641.0,39818437.0,110.0,15.749063802252254,16.46203409186773,3638,2528312
job_title_title,title.title,utf8,recursive,qgram,full-scan,contains_movie,%Movie%,StdSearch,5,314353036.0,63169093.0,62870607.2,62866704.803710684,63642018.0,63168983.0,110.0,24.984690576163068,24.86508975304895,3638,2528312
job_title_title,title.title,utf8,recursive,qgram,full-scan,contains_murder_lower,%murder%,NaiveVectorizedV2,5,179134199.0,35832942.0,35826839.8,35824194.72684627,36552847.0,35832842.0,110.0,14.172674100348376,14.169214371820516,7,2528312
job_title_title,title.title,utf8,recursive,qgram,full-scan,contains_murder_lower,%murder%,NaiveVectorizedV2Wildcard,5,193197145.0,38526353.0,38639429.0,38638824.44134197,39062111.0,38526263.0,110.0,15.237974189894285,15.282458985023192,7,2528312
job_title_title,title.title,utf8,recursive,qgram,full-scan,contains_murder_lower,%murder%,StdSearch,5,324708582.0,64866813.0,64941716.4,64941074.818320304,65295328.0,64866703.0,110.0,25.656174158885452,25.685546253120727,7,2528312
job_title_title,title.title,utf8,recursive,qgram,full-scan,contains_murder_upper,%Murder%,NaiveVectorizedV2,5,180348388.0,35670685.0,36069677.6,36040222.99025988,38972756.0,35670575.0,110.0,14.10849808093305,14.25465804467959,3622,2528312
job_title_title,title.title,utf8,recursive,qgram,full-scan,contains_murder_upper,%Murder%,NaiveVectorizedV2Wildcard,5,192647725.0,38446238.0,38529545.0,38528477.60970153,39055507.0,38446138.0,100.0,15.20628704052348,15.238814517235781,3622,2528312
job_title_title,title.title,utf8,recursive,qgram,full-scan,contains_murder_upper,%Murder%,StdSearch,5,321344932.0,61815672.0,64268986.4,64170983.9657159,70872017.0,61815572.0,110.0,24.44938441141758,25.380959298423612,3622,2528312
job_title_title,title.title,utf8,recursive,qgram,full-scan,prefix_birdemic,Birdemic%,NaiveVectorizedV2,5,38380821.0,7568236.0,7676164.2,7670575.743873044,8228335.0,7568136.0,100.0,2.993394802540193,3.0338723005202883,8,2528312
job_title_title,title.title,utf8,recursive,qgram,full-scan,prefix_birdemic,Birdemic%,StdSearch,5,38753997.0,7614571.0,7750799.4,7746558.023178409,8248033.0,7614121.0,90.0,3.011721259085113,3.063924872871075,8,2528312
job_title_title,title.title,utf8,recursive,qgram,full-scan,prefix_birdemic,Birdemic%,NaiveVectorizedV2Wildcard,5,43071385.0,8618412.0,8614277.0,8613477.878048569,8777993.0,8618302.0,110.0,3.408761260477346,3.4068097125863277,8,2528312
job_title_title,title.title,utf8,recursive,qgram,full-scan,prefix_champion,Champion%,NaiveVectorizedV2,5,37762131.0,7566516.0,7552426.2,7552265.655001146,7607583.0,7566416.0,100.0,2.9927145067539134,2.9870781988145225,222,2528312
job_title_title,title.title,utf8,recursive,qgram,full-scan,prefix_champion,Champion%,StdSearch,5,38002811.0,7647797.0,7600562.2,7599988.036559683,7715929.0,7647686.0,110.0,3.0248628333844874,3.005953393631671,222,2528312
job_title_title,title.title,utf8,recursive,qgram,full-scan,prefix_champion,Champion%,NaiveVectorizedV2Wildcard,5,45426139.0,8985250.0,9085227.8,9083063.526595702,9483620.0,8985220.0,110.0,3.5538533219001454,3.592540606774681,222,2528312
job_title_title,title.title,utf8,recursive,qgram,full-scan,prefix_dragon_ball_z,Dragon Ball Z%,NaiveVectorizedV2,5,45138327.0,9004188.0,9027665.4,9027533.582031725,9121143.0,9004088.0,100.0,3.561343694923728,3.5705773583449063,25,2528312
job_title_title,title.title,utf8,recursive,qgram,full-scan,prefix_dragon_ball_z,Dragon Ball Z%,StdSearch,5,46705900.0,9327940.0,9341180.0,9338791.95023398,9677791.0,9327830.0,120.0,3.689394346900224,3.693686519003182,25,2528312
job_title_title,title.title,utf8,recursive,qgram,full-scan,prefix_dragon_ball_z,Dragon Ball Z%,NaiveVectorizedV2Wildcard,5,58215901.0,10738960.0,11643180.2,11518059.170975482,13856070.0,10738860.0,100.0,4.247482114549154,4.555632046588988,25,2528312
job_title_title,title.title,utf8,recursive,qgram,full-scan,prefix_kung_fu_panda,Kung Fu Panda%,NaiveVectorizedV2,5,45056949.0,8986549.0,9011389.8,9008514.967372319,9407179.0,8986129.0,40.0,3.5543671034271087,3.56305510054626,15,2528312
job_title_title,title.title,utf8,recursive,qgram,full-scan,prefix_kung_fu_panda,Kung Fu Panda%,StdSearch,5,45965675.0,9132072.0,9193135.0,9189219.119961478,9637459.0,9132032.0,80.0,3.6119244776752235,3.6345273526216157,15,2528312
job_title_title,title.title,utf8,recursive,qgram,full-scan,prefix_kung_fu_panda,Kung Fu Panda%,NaiveVectorizedV2Wildcard,5,56920768.0,10385273.0,11384153.6,11248715.9721937,13745230.0,10385243.0,100.0,4.107591547245751,4.449101207522513,15,2528312
job_title_title,title.title,utf8,recursive,qgram,full-scan,prefix_loser,Loser%,NaiveVectorizedV2Wildcard,5,38166913.0,7595764.0,7633382.6,7632789.801821851,7766194.0,7595684.0,100.0,3.0042826992871134,3.0189271742656167,72,2528312
job_title_title,title.title,utf8,recursive,qgram,full-scan,prefix_loser,Loser%,NaiveVectorizedV2,5,42658793.0,8501503.0,8531758.6,8531522.101763068,8628025.0,8501393.0,100.0,3.362521318571442,3.374394497895458,72,2528312
job_title_title,title.title,utf8,recursive,qgram,full-scan,prefix_loser,Loser%,StdSearch,5,43629603.0,8538131.0,8725920.6,8719448.08642188,9353578.0,8537681.0,111.0,3.3770084546527483,3.44872313481164,72,2528312
job_title_title,title.title,utf8,recursive,qgram,full-scan,prefix_one_piece,One Piece%,NaiveVectorizedV2,5,40288267.0,8076540.0,8057653.4,8057157.281187699,8136596.0,8076450.0,90.0,3.1944396103012602,3.1867733417346034,14,2528312
job_title_title,title.title,utf8,recursive,qgram,full-scan,prefix_one_piece,One Piece%,StdSearch,5,40963492.0,8197984.0,8192698.4,8192681.221030611,8213849.0,8197904.0,81.0,3.2424732390622677,3.24037587965038,14,2528312
job_title_title,title.title,utf8,recursive,qgram,full-scan,prefix_one_piece,One Piece%,NaiveVectorizedV2Wildcard,5,44526356.0,8914490.0,8905271.2,8905039.341006115,8978005.0,8914410.0,80.0,3.5258662696692498,3.52212833740699,14,2528312
job_title_title,title.title,utf8,recursive,qgram,full-scan,prefix_saw,Saw%,StdSearch,5,36223097.0,7239544.0,7244619.4,7244602.147920247,7269862.0,7239433.0,111.0,2.8633902777821723,2.865390880524337,131,2528312
job_title_title,title.title,utf8,recursive,qgram,full-scan,prefix_saw,Saw%,NaiveVectorizedV2,5,36531576.0,7341205.0,7306315.2,7304757.276423995,7545079.0,7340875.0,90.0,2.9035993184385473,2.8891834854337524,131,2528312
job_title_title,title.title,utf8,recursive,qgram,full-scan,prefix_saw,Saw%,NaiveVectorizedV2Wildcard,5,40391963.0,8082804.0,8078392.6,8077701.320597883,8240081.0,8082704.0,110.0,3.1969171526298967,3.1948989367601297,131,2528312
job_title_title,title.title,utf8,recursive,qgram,full-scan,prefix_vampire,Vampire%,NaiveVectorizedV2Wildcard,5,38101933.0,7608839.0,7620386.6,7620231.255386771,7695518.0,7608738.0,110.0,3.0094541338252556,3.013960007857723,284,2528312
job_title_title,title.title,utf8,recursive,qgram,full-scan,prefix_vampire,Vampire%,StdSearch,5,49334344.0,9837082.0,9866868.8,9865822.333100243,10076706.0,9836871.0,81.0,3.8907706010967003,3.902138000808541,284,2528312
job_title_title,title.title,utf8,recursive,qgram,full-scan,prefix_vampire,Vampire%,NaiveVectorizedV2,5,49158316.0,9856588.0,9831663.2,9831401.1811691,9892734.0,9856488.0,80.0,3.8984856299380772,3.888523719054088,284,2528312
job_title_title,title.title,utf8,recursive,trigram,trigram,contains_champion,%Champion%,NaiveVectorizedV2Wildcard,5,930280.0,184666.0,186056.0,186036.45250216624,190966.0,60436.0,124751.0,0.07303924515645221,0.07358128763466149,1870,1870
job_title_title,title.title,utf8,recursive,trigram,trigram,contains_champion,%Champion%,StdSearch,5,1149871.0,228844.0,229974.2,229961.9721950917,234197.0,99146.0,129877.0,0.09051256332288103,0.09095474458654297,1870,1870
job_title_title,title.title,utf8,recursive,trigram,trigram,contains_champion,%Champion%,NaiveVectorizedV2,5,1276552.0,238133.0,255310.4,251730.73831359317,315403.0,112121.0,126012.0,0.09418655608959654,0.09956474450684628,1870,1870
job_title_title,title.title,utf8,recursive,trigram,trigram,contains_freddy,%Freddy%,NaiveVectorizedV2,5,120547.0,22937.0,24109.4,23992.956342703277,28572.0,1962.0,21127.0,0.009072060726682466,0.009489713430424438,146,146
job_title_title,title.title,utf8,recursive,trigram,trigram,contains_freddy,%Freddy%,NaiveVectorizedV2Wildcard,5,124786.0,25017.0,24957.2,24826.379930945302,29167.0,2289.0,21197.0,0.00989474400311354,0.009819349799765722,146,146
job_title_title,title.title,utf8,recursive,trigram,trigram,contains_freddy,%Freddy%,StdSearch,5,133874.0,25557.0,26774.8,26643.19327206522,31718.0,3891.0,21666.0,0.010108325238340838,0.010537937276754289,146,146
job_title_title,title.title,utf8,recursive,trigram,trigram,contains_jason,%Jason%,NaiveVectorizedV2,5,130781.0,25755.0,26156.2,26075.80267898903,29572.0,7779.0,17738.0,0.01018663835792418,0.010313522492077341,482,482
job_title_title,title.title,utf8,recursive,trigram,trigram,contains_jason,%Jason%,StdSearch,5,170360.0,33047.0,34072.0,33976.9069974139,38769.0,14663.0,18384.0,0.013070776075104654,0.013438573640204975,482,482
job_title_title,title.title,utf8,recursive,trigram,trigram,contains_jason,%Jason%,NaiveVectorizedV2Wildcard,5,252653.0,52873.0,50530.6,49855.58607977592,58737.0,17364.0,34928.0,0.0209123715743943,0.019718921588702625,482,482
job_title_title,title.title,utf8,recursive,trigram,trigram,contains_kung_fu_panda,%Kung%Fu%Panda%,NaiveVectorizedV2Wildcard,5,509577.0,101329.0,101915.4,101875.19085172378,106753.0,7255.0,94074.0,0.040077727748790495,0.04029375759468127,20,267
job_title_title,title.title,utf8,recursive,trigram,trigram,contains_kung_fu_panda,%Kung%Fu%Panda%,NaiveVectorizedV2,5,514223.0,102339.0,102844.6,102702.14225278342,113129.0,7901.0,92918.0,0.04047720376282674,0.04062083407933178,20,267
job_title_title,title.title,utf8,recursive,trigram,trigram,contains_kung_fu_panda,%Kung%Fu%Panda%,StdSearch,5,536150.0,107584.0,107230.0,107175.33079369819,111745.0,10252.0,96881.0,0.042551710390173365,0.042390073216319095,20,267
job_title_title,title.title,utf8,recursive,trigram,trigram,contains_loser,%Loser%,NaiveVectorizedV2,5,329846.0,61173.0,65969.2,65523.986972545885,78254.0,8661.0,52512.0,0.024195194263999062,0.02591610013817358,349,349
job_title_title,title.title,utf8,recursive,trigram,trigram,contains_loser,%Loser%,NaiveVectorizedV2Wildcard,5,312313.0,62879.0,62462.6,62400.440961370405,66332.0,8807.0,52201.0,0.024869952758994934,0.024680672702328852,349,349
job_title_title,title.title,utf8,recursive,trigram,trigram,contains_loser,%Loser%,StdSearch,5,331821.0,65214.0,66364.2,66284.51576659763,72086.0,12873.0,52341.0,0.025793493840950008,0.026216905099765223,349,349
job_title_title,title.title,utf8,recursive,trigram,trigram,contains_money,%Money%,NaiveVectorizedV2,5,766585.0,152717.0,153317.0,153284.25443526203,157107.0,73193.0,79034.0,0.06040275092630973,0.0606271118577382,2286,2293
job_title_title,title.title,utf8,recursive,trigram,trigram,contains_money,%Money%,NaiveVectorizedV2Wildcard,5,793803.0,155748.0,158760.6,158651.95762649016,170599.0,77019.0,78490.0,0.06160157448922443,0.06275015015017542,2286,2293
job_title_title,title.title,utf8,recursive,trigram,trigram,contains_money,%Money%,StdSearch,5,961354.0,192999.0,192270.8,192242.77241102298,197490.0,112373.0,78566.0,0.07633512003265419,0.07603601628716032,2286,2293
job_title_title,title.title,utf8,recursive,trigram,trigram,contains_mord,%Mord%,NaiveVectorizedV2,5,293864.0,58171.0,58772.8,58655.400356636535,65361.0,13221.0,44950.0,0.02300784080445768,0.023199431223929846,637,686
job_title_title,title.title,utf8,recursive,trigram,trigram,contains_mord,%Mord%,NaiveVectorizedV2Wildcard,5,305035.0,60865.0,61007.0,60917.23263921751,65548.0,15102.0,45763.0,0.02407337385575831,0.02409403295131989,637,686
job_title_title,title.title,utf8,recursive,trigram,trigram,contains_mord,%Mord%,StdSearch,5,346026.0,69403.0,69205.2,69143.29426626908,73584.0,23344.0,44709.0,0.027450330497185475,0.0273476114760635,637,686
job_title_title,title.title,utf8,recursive,trigram,trigram,contains_movie,%Movie%,NaiveVectorizedV2Wildcard,5,897021.0,176180.0,179404.2,179315.7093029491,190050.0,118818.0,57362.0,0.06968285559693582,0.0709230938677462,3638,3638
job_title_title,title.title,utf8,recursive,trigram,trigram,contains_movie,%Movie%,NaiveVectorizedV2,5,897694.0,178217.0,179538.8,179504.15700089608,184216.0,118338.0,58449.0,0.07048853147870991,0.07099762885312257,3638,3638
job_title_title,title.title,utf8,recursive,trigram,trigram,contains_movie,%Movie%,StdSearch,5,1285582.0,248643.0,257116.4,256454.11742242056,293671.0,190873.0,59450.0,0.09834347976040932,0.10143293921890216,3638,3638
job_title_title,title.title,utf8,recursive,trigram,trigram,contains_murder_lower,%murder%,NaiveVectorizedV2Wildcard,5,208465.0,41559.0,41693.0,41658.7175421378,44761.0,270.0,41008.0,0.01643744917557643,0.016476889538212774,7,9
job_title_title,title.title,utf8,recursive,trigram,trigram,contains_murder_lower,%murder%,NaiveVectorizedV2,5,215610.0,42398.0,43122.0,43091.432586374125,46108.0,230.0,42198.0,0.016769291131790695,0.017043558147243724,7,9
job_title_title,title.title,utf8,recursive,trigram,trigram,contains_murder_lower,%murder%,StdSearch,5,216528.0,42735.0,43305.6,43278.12485462736,46079.0,330.0,42415.0,0.01690258164340477,0.01711739882365285,7,9
job_title_title,title.title,utf8,recursive,trigram,trigram,contains_murder_upper,%Murder%,NaiveVectorizedV2Wildcard,5,1021396.0,202196.0,204279.2,204220.7551023326,213704.0,114913.0,87283.0,0.07997272488521986,0.0807735576551994,3622,3622
job_title_title,title.title,utf8,recursive,trigram,trigram,contains_murder_upper,%Murder%,StdSearch,5,1284734.0,250148.0,256946.8,256753.22975539922,274994.0,165377.0,84921.0,0.09893873857340392,0.10155124436991925,3622,3622
job_title_title,title.title,utf8,recursive,trigram,trigram,contains_murder_upper,%Murder%,NaiveVectorizedV2,5,1423785.0,285435.0,284757.0,284661.76227297756,294435.0,147257.0,136308.0,0.11289548125389588,0.11258964964489261,3622,3622
job_title_title,title.title,utf8,recursive,trigram,trigram,prefix_birdemic,Birdemic%,NaiveVectorizedV2Wildcard,5,144642.0,28220.0,28928.4,28774.553549755856,33773.0,100.0,28120.0,0.011161597144656197,0.011380934611612758,8,9
job_title_title,title.title,utf8,recursive,trigram,trigram,prefix_birdemic,Birdemic%,NaiveVectorizedV2,5,148293.0,28408.0,29658.6,29576.107626760826,33788.0,140.0,28228.0,0.011235955056179775,0.011697965926183504,8,9
job_title_title,title.title,utf8,recursive,trigram,trigram,prefix_birdemic,Birdemic%,StdSearch,5,144583.0,28921.0,28916.6,28780.842555316292,32665.0,91.0,28830.0,0.011438857229645709,0.011383422044160802,8,9
job_title_title,title.title,utf8,recursive,trigram,trigram,prefix_champion,Champion%,NaiveVectorizedV2,5,856461.0,170072.0,171292.2,170850.8859324045,188781.0,47558.0,122514.0,0.0672670145140315,0.06757508010577994,222,1870
job_title_title,title.title,utf8,recursive,trigram,trigram,prefix_champion,Champion%,StdSearch,5,931559.0,170621.0,186311.8,183717.61583452107,243839.0,49102.0,121519.0,0.06748415543651258,0.07266413948694674,222,1870
job_title_title,title.title,utf8,recursive,trigram,trigram,prefix_champion,Champion%,NaiveVectorizedV2Wildcard,5,879159.0,177025.0,175831.8,175621.06894557085,187442.0,49344.0,126329.0,0.07001707067798595,0.06946178673580271,222,1870
job_title_title,title.title,utf8,recursive,trigram,trigram,prefix_dragon_ball_z,Dragon Ball Z%,NaiveVectorizedV2Wildcard,5,726742.0,127170.0,145348.4,141371.04662178602,221005.0,980.0,126249.0,0.05029838089602866,0.05591519030158695,25,26
job_title_title,title.title,utf8,recursive,trigram,trigram,prefix_dragon_ball_z,Dragon Ball Z%,NaiveVectorizedV2,5,658068.0,130983.0,131613.6,131600.68049993497,134463.0,890.0,129943.0,0.05180650172921696,0.05205080721838728,25,26
job_title_title,title.title,utf8,recursive,trigram,trigram,prefix_dragon_ball_z,Dragon Ball Z%,StdSearch,5,680493.0,131740.0,136098.6,135884.5493870287,150720.0,601.0,130819.0,0.052105910979341155,0.05374516649330807,25,26
job_title_title,title.title,utf8,recursive,trigram,trigram,prefix_kung_fu_panda,Kung Fu Panda%,NaiveVectorizedV2,5,777004.0,152703.0,155400.8,155287.58418999572,167472.0,220.0,152503.0,0.06039721363502606,0.061419470456967204,15,19
job_title_title,title.title,utf8,recursive,trigram,trigram,prefix_kung_fu_panda,Kung Fu Panda%,StdSearch,5,798176.0,159529.0,159635.2,159624.95847103852,162282.0,740.0,158068.0,0.06309703865662149,0.06313499222842699,15,19
job_title_title,title.title,utf8,recursive,trigram,trigram,prefix_kung_fu_panda,Kung Fu Panda%,NaiveVectorizedV2Wildcard,5,1905508.0,348765.0,381101.6,377264.27107889415,494577.0,1391.0,347374.0,0.1379438138963862,0.14921586856325242,15,19
job_title_title,title.title,utf8,recursive,trigram,trigram,prefix_loser,Loser%,NaiveVectorizedV2Wildcard,5,270410.0,53428.0,54082.0,54018.98452350369,58451.0,2782.0,50475.0,0.021131885621711245,0.02136563229676707,72,349
job_title_title,title.title,utf8,recursive,trigram,trigram,prefix_loser,Loser%,NaiveVectorizedV2,5,275737.0,53897.0,55147.4,55038.61272236589,61838.0,2929.0,51008.0,0.021317384879714213,0.021768916463777373,72,349
job_title_title,title.title,utf8,recursive,trigram,trigram,prefix_loser,Loser%,StdSearch,5,280435.0,56262.0,56087.0,56047.22348548488,59659.0,3538.0,51878.0,0.022252791585848582,0.022167843005722727,72,349
job_title_title,title.title,utf8,recursive,trigram,trigram,prefix_one_piece,One Piece%,NaiveVectorizedV2Wildcard,5,312650.0,61643.0,62530.0,62481.46736350085,67327.0,550.0,60673.0,0.02438108904280801,0.02471272033020484,14,17
job_title_title,title.title,utf8,recursive,trigram,trigram,prefix_one_piece,One Piece%,NaiveVectorizedV2,5,325636.0,62275.0,65127.2,64898.8521160821,76284.0,360.0,61915.0,0.02463105819218514,0.025668846295901025,14,17
job_title_title,title.title,utf8,recursive,trigram,trigram,prefix_one_piece,One Piece%,StdSearch,5,338239.0,68619.0,67647.8,67451.3826702344,75997.0,423.0,68196.0,0.027140242185299916,0.026678425237958915,14,17
job_title_title,title.title,utf8,recursive,trigram,trigram,prefix_saw,Saw%,NaiveVectorizedV2Wildcard,5,20554.0,3372.0,4110.8,3886.00951510381,6684.0,3132.0,240.0,0.0013336961577526823,0.0015369976154461207,131,570
job_title_title,title.title,utf8,recursive,trigram,trigram,prefix_saw,Saw%,NaiveVectorizedV2,5,18349.0,3390.0,3669.8,3643.855114231718,4500.0,3220.0,170.0,0.001340815532260259,0.0014412205116424385,131,570
job_title_title,title.title,utf8,recursive,trigram,trigram,prefix_saw,Saw%,StdSearch,5,24238.0,3678.0,4847.6,4536.6852314831385,8517.0,3467.0,211.0,0.0014547255243814847,0.0017943533992177932,131,570
job_title_title,title.title,utf8,recursive,trigram,trigram,prefix_vampire,Vampire%,StdSearch,5,283911.0,55043.0,56782.2,56637.03564804132,64195.0,15079.0,39964.0,0.021770651723363257,0.02240112598763178,284,936
job_title_title,title.title,utf8,recursive,trigram,trigram,prefix_vampire,Vampire%,NaiveVectorizedV2Wildcard,5,292002.0,58871.0,58400.4,58155.01189998613,67897.0,17342.0,40768.0,0.02328470536864121,0.023001517178254164,284,936
job_title_title,title.title,utf8,recursive,trigram,trigram,prefix_vampire,Vampire%,NaiveVectorizedV2,5,367581.0,70315.0,73516.2,72034.3312568976,101542.0,17309.0,53006.0,0.02781104547223602,0.028491076756704724,284,936
job_title_title,title.title,utf8,static,fm,fm,contains_champion,%Champion%,NaiveVectorizedV2,5,400578.0,83365.0,80115.6,79820.00912338562,88606.0,60318.0,19993.0,0.032972591990229054,0.031570474341531284,1870,1870
job_title_title,title.title,utf8,static,fm,fm,contains_champion,%Champion%,NaiveVectorizedV2Wildcard,5,541480.0,104397.0,108296.0,106969.53695254134,139020.0,80187.0,24210.0,0.04129118558152633,0.0423086774703997,1870,1870
job_title_title,title.title,utf8,static,fm,fm,contains_champion,%Champion%,StdSearch,5,881684.0,154220.0,176336.8,172855.09339865192,226571.0,129189.0,25031.0,0.060997218697692375,0.06836778585817406,1870,1870
job_title_title,title.title,utf8,static,fm,fm,contains_freddy,%Freddy%,NaiveVectorizedV2,5,14813.0,2556.0,2962.6,2900.159519294073,4232.0,1637.0,958.0,0.0010109511800758767,0.0011470734305315453,146,146
job_title_title,title.title,utf8,static,fm,fm,contains_freddy,%Freddy%,NaiveVectorizedV2Wildcard,5,17536.0,2737.0,3507.2,3357.312506255369,5366.0,1838.0,899.0,0.0010825404459576192,0.00132788694838903,146,146
job_title_title,title.title,utf8,static,fm,fm,contains_freddy,%Freddy%,StdSearch,5,24389.0,4648.0,4877.8,4859.9384937371415,5657.0,3759.0,899.0,0.0018383807061786678,0.0019222067900390239,146,146
job_title_title,title.title,utf8,static,fm,fm,contains_jason,%Jason%,NaiveVectorizedV2,5,58700.0,10488.0,11740.0,11562.903257658063,15797.0,7119.0,3369.0,0.0041482222130812966,0.004573368815896958,482,482
job_title_title,title.title,utf8,static,fm,fm,contains_jason,%Jason%,NaiveVectorizedV2Wildcard,5,72350.0,11411.0,14470.0,13576.705213078756,25698.0,8143.0,3268.0,0.004513287916997586,0.005369869388381953,482,482
job_title_title,title.title,utf8,static,fm,fm,contains_jason,%Jason%,StdSearch,5,90957.0,17268.0,18191.4,18091.358191777377,21827.0,14058.0,3210.0,0.006829853277601815,0.0071555085732209305,482,482
job_title_title,title.title,utf8,static,fm,fm,contains_kung_fu_panda,%Kung%Fu%Panda%,NaiveVectorizedV2Wildcard,5,35561.0,6385.0,7112.2,7027.35274872343,9312.0,4736.0,1678.0,0.0025254003461598093,0.0027794642230561054,20,253
job_title_title,title.title,utf8,static,fm,fm,contains_kung_fu_panda,%Kung%Fu%Panda%,NaiveVectorizedV2,5,37864.0,7078.0,7572.8,7456.339446527701,9369.0,5189.0,1889.0,0.0027994962647015084,0.002949137387524838,20,253
job_title_title,title.title,utf8,static,fm,fm,contains_kung_fu_panda,%Kung%Fu%Panda%,StdSearch,5,44223.0,8099.0,8844.6,8758.671035441948,11328.0,6439.0,1660.0,0.003203323007603492,0.003464236627220831,20,253
job_title_title,title.title,utf8,static,fm,fm,contains_loser,%Loser%,NaiveVectorizedV2Wildcard,5,44775.0,7965.0,8955.0,8809.792672697626,12074.0,5759.0,2206.0,0.003150323219602644,0.0034844562983910275,349,349
job_title_title,title.title,utf8,static,fm,fm,contains_loser,%Loser%,NaiveVectorizedV2,5,47915.0,9113.0,9583.0,9389.228588082144,12511.0,6655.0,2458.0,0.00360438110486364,0.003713635258655636,349,349
job_title_title,title.title,utf8,static,fm,fm,contains_loser,%Loser%,StdSearch,5,72802.0,14186.0,14560.4,14479.49386139117,16572.0,11719.0,2467.0,0.005610858153582311,0.005726941082188894,349,349
job_title_title,title.title,utf8,static,fm,fm,contains_money,%Money%,NaiveVectorizedV2Wildcard,5,523891.0,105544.0,104778.2,104692.8219333361,110391.0,76931.0,26133.0,0.04174484794598135,0.041408189311024954,2286,2286
job_title_title,title.title,utf8,static,fm,fm,contains_money,%Money%,StdSearch,5,684291.0,135675.0,136858.2,136810.01374212856,142970.0,110345.0,25330.0,0.053662285350858596,0.054111206900939644,2286,2286
job_title_title,title.title,utf8,static,fm,fm,contains_money,%Money%,NaiveVectorizedV2,5,783019.0,146186.0,156603.8,155288.02679983742,195320.0,111170.0,35275.0,0.05781960454247735,0.0614196455183685,2286,2286
job_title_title,title.title,utf8,static,fm,fm,contains_mord,%Mord%,NaiveVectorizedV2,5,89355.0,15819.0,17871.0,17607.241968202274,23842.0,11142.0,4786.0,0.006256743629741899,0.006964030534286229,637,637
job_title_title,title.title,utf8,static,fm,fm,contains_mord,%Mord%,NaiveVectorizedV2Wildcard,5,94105.0,18773.0,18821.0,18686.881418170142,22442.0,13625.0,5148.0,0.007425112090596413,0.007391050399701521,637,637
job_title_title,title.title,utf8,static,fm,fm,contains_mord,%Mord%,StdSearch,5,136414.0,27171.0,27282.8,27186.36009728693,31083.0,21930.0,5241.0,0.010746695819186872,0.010752771057245683,637,637
job_title_title,title.title,utf8,static,fm,fm,contains_movie,%Movie%,NaiveVectorizedV2Wildcard,5,819384.0,161812.0,163876.8,163798.11460574868,173377.0,122326.0,39486.0,0.06400001265666579,0.06478556230629313,3638,3638
job_title_title,title.title,utf8,static,fm,fm,contains_movie,%Movie%,StdSearch,5,1170349.0,235971.0,234069.8,233996.2458404153,241148.0,187835.0,41076.0,0.09333144010707539,0.0925503837502711,3638,3638
job_title_title,title.title,utf8,static,fm,fm,contains_movie,%Movie%,NaiveVectorizedV2,5,1346880.0,257611.0,269376.0,267098.68768383365,323663.0,203910.0,53701.0,0.10189051034840636,0.10564308822796942,3638,3638
job_title_title,title.title,utf8,static,fm,fm,contains_murder_lower,%murder%,NaiveVectorizedV2Wildcard,5,1959.0,270.0,391.8,362.06235864137443,590.0,110.0,160.0,0.00010679061761364894,0.00014320319590358099,7,7
job_title_title,title.title,utf8,static,fm,fm,contains_murder_lower,%murder%,NaiveVectorizedV2,5,1850.0,320.0,370.0,354.9014315675794,590.0,110.0,220.0,0.00012656665791247284,0.0001403709002558148,7,7
job_title_title,title.title,utf8,static,fm,fm,contains_murder_lower,%murder%,StdSearch,5,2192.0,372.0,438.4,422.3608397835263,684.0,201.0,171.0,0.00014713373982324968,0.00016705249976408203,7,7
job_title_title,title.title,utf8,static,fm,fm,contains_murder_upper,%Murder%,NaiveVectorizedV2,5,762153.0,153214.0,152430.6,152288.41192671232,162747.0,113814.0,38681.0,0.060599324766880035,0.060233235426131064,3622,3622
job_title_title,title.title,utf8,static,fm,fm,contains_murder_upper,%Murder%,NaiveVectorizedV2Wildcard,5,821564.0,158051.0,164312.8,163853.27111651108,189410.0,117247.0,40804.0,0.06251245890538826,0.06480737785388474,3622,3622
job_title_title,title.title,utf8,static,fm,fm,contains_murder_upper,%Murder%,StdSearch,5,1066344.0,209187.0,213268.8,213042.27335340338,229535.0,169455.0,38345.0,0.08273781083980142,0.08426265166379909,3622,3622
job_title_title,title.title,utf8,static,fm,fm,prefix_birdemic,Birdemic%,StdSearch,5,1730.0,291.0,346.0,334.50004056335445,533.0,71.0,221.0,0.00011509655453915498,0.00013230172564278225,8,9
job_title_title,title.title,utf8,static,fm,fm,prefix_birdemic,Birdemic%,NaiveVectorizedV2Wildcard,5,1869.0,320.0,373.8,363.5947065319554,560.0,90.0,230.0,0.00012656665791247284,0.00014380927137629994,8,9
job_title_title,title.title,utf8,static,fm,fm,prefix_birdemic,Birdemic%,NaiveVectorizedV2,5,1888.0,340.0,377.6,369.5516887113905,529.0,70.0,270.0,0.00013447707403200238,0.0001461653817690975,8,9
job_title_title,title.title,utf8,static,fm,fm,prefix_champion,Champion%,NaiveVectorizedV2,5,307940.0,57036.0,61588.0,60832.5899118778,78879.0,34023.0,23013.0,0.022558924689674374,0.024060554991582443,222,1870
job_title_title,title.title,utf8,static,fm,fm,prefix_champion,Champion%,StdSearch,5,307258.0,57185.0,61451.6,60441.794328996984,82966.0,34741.0,22444.0,0.02261785728976487,0.02390598720766937,222,1870
job_title_title,title.title,utf8,static,fm,fm,prefix_champion,Champion%,NaiveVectorizedV2Wildcard,5,336607.0,61555.0,67321.4,65942.8485213256,93723.0,38374.0,23181.0,0.024346283211882078,0.02608176859553947,222,1870
job_title_title,title.title,utf8,static,fm,fm,prefix_dragon_ball_z,Dragon Ball Z%,NaiveVectorizedV2,5,2848.0,480.0,569.6,555.7553728872981,830.0,140.0,340.0,0.00018984998686870925,0.0002198128130101421,25,26
job_title_title,title.title,utf8,static,fm,fm,prefix_dragon_ball_z,Dragon Ball Z%,StdSearch,5,3064.0,552.0,612.8,595.7614725919033,924.0,141.0,412.0,0.00021832748489901562,0.00023563605780928287,25,26
job_title_title,title.title,utf8,static,fm,fm,prefix_dragon_ball_z,Dragon Ball Z%,NaiveVectorizedV2Wildcard,5,3588.0,660.0,717.6,705.4774242819794,999.0,260.0,400.0,0.0002610437319444752,0.0002790309994502179,25,26
job_title_title,title.title,utf8,static,fm,fm,prefix_kung_fu_panda,Kung Fu Panda%,NaiveVectorizedV2,5,2709.0,480.0,541.8,518.7851309468258,869.0,110.0,370.0,0.00018984998686870925,0.00020519031312070076,15,19
job_title_title,title.title,utf8,static,fm,fm,prefix_kung_fu_panda,Kung Fu Panda%,NaiveVectorizedV2Wildcard,5,3289.0,599.0,657.8,633.8311960637144,1020.0,199.0,400.0,0.00023691696277991007,0.00025069342552015526,15,19
job_title_title,title.title,utf8,static,fm,fm,prefix_kung_fu_panda,Kung Fu Panda%,StdSearch,5,3416.0,603.0,683.2,650.0463882731365,944.0,121.0,482.0,0.00023849904600381597,0.00025710687141188937,15,19
job_title_title,title.title,utf8,static,fm,fm,prefix_loser,Loser%,NaiveVectorizedV2Wildcard,5,26718.0,4848.0,5343.6,5246.798566603638,6937.0,2549.0,2299.0,0.0019174848673739634,0.0020752179978592977,72,349
job_title_title,title.title,utf8,static,fm,fm,prefix_loser,Loser%,NaiveVectorizedV2,5,28009.0,5176.0,5601.8,5565.220690809919,6885.0,2928.0,2259.0,0.002047215691734248,0.0022011605730661095,72,349
job_title_title,title.title,utf8,static,fm,fm,prefix_loser,Loser%,StdSearch,5,30121.0,5516.0,6024.2,5919.842281484077,8107.0,3105.0,2411.0,0.00218169276576625,0.002341420790426213,72,349
job_title_title,title.title,utf8,static,fm,fm,prefix_one_piece,One Piece%,NaiveVectorizedV2,5,2378.0,389.0,475.6,456.11003716954497,770.0,110.0,279.0,0.0001538575935248498,0.00018040100951525968,14,17
job_title_title,title.title,utf8,static,fm,fm,prefix_one_piece,One Piece%,NaiveVectorizedV2Wildcard,5,3189.0,540.0,637.8,606.8301371500977,919.0,160.0,380.0,0.00021358123522729789,0.0002400139449364232,14,17
job_title_title,title.title,utf8,static,fm,fm,prefix_one_piece,One Piece%,StdSearch,5,2951.0,543.0,590.2,554.0083217129576,903.0,121.0,422.0,0.00021476779764522733,0.0002191218179215844,14,17
job_title_title,title.title,utf8,static,fm,fm,prefix_saw,Saw%,StdSearch,5,56766.0,9993.0,11353.2,11147.517920671511,14684.0,5725.0,4268.0,0.00395243941412294,0.00440907527262123,131,570
job_title_title,title.title,utf8,static,fm,fm,prefix_saw,Saw%,NaiveVectorizedV2,5,55507.0,10561.0,11101.4,10975.459329212217,13190.0,5965.0,4596.0,0.00417709523191758,0.004341022519852069,131,570
job_title_title,title.title,utf8,static,fm,fm,prefix_saw,Saw%,NaiveVectorizedV2Wildcard,5,66463.0,13255.0,13292.6,13132.284440081754,15793.0,7477.0,5887.0,0.00524262828321821,0.005194091726053494,131,570
job_title_title,title.title,utf8,static,fm,fm,prefix_vampire,Vampire%,NaiveVectorizedV2Wildcard,5,141525.0,23661.0,28305.0,27329.354851661883,43113.0,14674.0,8987.0,0.009358417790209437,0.010809328457746454,284,935
job_title_title,title.title,utf8,static,fm,fm,prefix_vampire,Vampire%,StdSearch,5,141647.0,27189.0,28329.4,28138.334613758187,34641.0,17838.0,9351.0,0.01075381519369445,0.011129296785269442,284,935
job_title_title,title.title,utf8,static,fm,fm,prefix_vampire,Vampire%,NaiveVectorizedV2,5,231967.0,42506.0,46393.4,45801.82199157368,57015.0,26908.0,15598.0,0.016812007378836157,0.018115573549298353,284,935
job_title_title,title.title,utf8,static,full-scan,full-scan,contains_champion,%Champion%,NaiveVectorizedV2,5,168612485.0,33777362.0,33722497.0,33721797.022358015,34066380.0,33777262.0,110.0,13.359649441999247,13.33767233725822,1870,2528312
job_title_title,title.title,utf8,static,full-scan,full-scan,contains_champion,%Champion%,NaiveVectorizedV2Wildcard,5,190362448.0,35713730.0,38072489.6,37863068.177771464,46208332.0,35713650.0,110.0,14.125523274026307,14.975631242414458,1870,2528312
job_title_title,title.title,utf8,static,full-scan,full-scan,contains_champion,%Champion%,StdSearch,5,324066569.0,64693754.0,64813313.8,64812150.7849392,65539322.0,64693654.0,110.0,25.58772572372397,25.63455411552815,1870,2528312
job_title_title,title.title,utf8,static,full-scan,full-scan,contains_freddy,%Freddy%,NaiveVectorizedV2,5,189504112.0,38033393.0,37900822.4,37900031.925406605,38181772.0,38033293.0,100.0,15.042998253380121,14.990251173671048,146,2528312
job_title_title,title.title,utf8,static,full-scan,full-scan,contains_freddy,%Freddy%,NaiveVectorizedV2Wildcard,5,195263445.0,38903285.0,39052689.0,39051387.85040201,39472275.0,38903186.0,110.0,15.387058638332611,15.44563639709103,146,2528312
job_title_title,title.title,utf8,static,full-scan,full-scan,contains_freddy,%Freddy%,StdSearch,5,320240712.0,63975744.0,64048142.4,64045706.582845144,64951680.0,63975644.0,110.0,25.3037378298248,25.331409486979968,146,2528312
job_title_title,title.title,utf8,static,full-scan,full-scan,contains_jason,%Jason%,NaiveVectorizedV2,5,203256978.0,38558837.0,40651395.6,40416284.99883179,49811077.0,38558737.0,110.0,15.250822287755625,15.985481617313,482,2528312
job_title_title,title.title,utf8,static,full-scan,full-scan,contains_jason,%Jason%,NaiveVectorizedV2Wildcard,5,197729448.0,39438422.0,39545889.6,39544436.55236513,40204580.0,39437882.0,110.0,15.598716455880446,15.640647417077105,482,2528312
job_title_title,title.title,utf8,static,full-scan,full-scan,contains_jason,%Jason%,StdSearch,5,326210108.0,65194539.0,65242021.6,65240535.71888451,66068436.0,65194439.0,100.0,25.7857966105449,25.80398926987037,482,2528312
job_title_title,title.title,utf8,static,full-scan,full-scan,contains_kung_fu_panda,%Kung%Fu%Panda%,NaiveVectorizedV2,5,195882691.0,39176559.0,39176538.2,39175896.59320664,39566928.0,39176459.0,110.0,15.495144191065027,15.494882195396254,20,2528312
job_title_title,title.title,utf8,static,full-scan,full-scan,contains_kung_fu_panda,%Kung%Fu%Panda%,NaiveVectorizedV2Wildcard,5,207554502.0,41503567.0,41510900.4,41509128.247095935,41987469.0,41503192.0,111.0,16.41552427073874,16.41772385967236,20,2528312
job_title_title,title.title,utf8,static,full-scan,full-scan,contains_kung_fu_panda,%Kung%Fu%Panda%,StdSearch,5,255445633.0,51131089.0,51089126.6,51088838.11920228,51230603.0,51130709.0,110.0,20.223409531735008,20.206698429308627,20,2528312
job_title_title,title.title,utf8,static,full-scan,full-scan,contains_loser,%Loser%,NaiveVectorizedV2,5,191599398.0,38249831.0,38319879.6,38319378.73310145,38630527.0,38249731.0,100.0,15.128603985584057,15.156111561034203,349,2528312
job_title_title,title.title,utf8,static,full-scan,full-scan,contains_loser,%Loser%,NaiveVectorizedV2Wildcard,5,201459466.0,40376723.0,40291893.2,40290857.94071612,40720097.0,40376034.0,131.0,15.96983402364898,15.935872606195803,349,2528312
job_title_title,title.title,utf8,static,full-scan,full-scan,contains_loser,%Loser%,StdSearch,5,342139039.0,68307218.0,68427807.8,68425455.5318155,69452461.0,68307117.0,101.0,27.01692591737096,27.063691321251298,349,2528312
job_title_title,title.title,utf8,static,full-scan,full-scan,contains_money,%Money%,NaiveVectorizedV2,5,193610620.0,38661320.0,38722124.0,38721707.909425795,39004043.0,38660910.0,100.0,15.291356446514513,15.315241121121845,2286,2528312
job_title_title,title.title,utf8,static,full-scan,full-scan,contains_money,%Money%,NaiveVectorizedV2Wildcard,5,203835164.0,40840763.0,40767032.8,40760968.97178311,41808163.0,40840641.0,120.0,16.153371498454305,16.121811300101815,2286,2528312
job_title_title,title.title,utf8,static,full-scan,full-scan,contains_money,%Money%,StdSearch,5,332518091.0,66331179.0,66503618.2,66501799.63689316,67423835.0,66331078.0,111.0,26.235361379450005,26.302845391270154,2286,2528312
job_title_title,title.title,utf8,static,full-scan,full-scan,contains_mord,%Mord%,NaiveVectorizedV2,5,203145143.0,39348234.0,40629028.6,40562842.768822394,45338203.0,39347624.0,110.0,15.563045225431038,16.043448264621773,637,2528312
job_title_title,title.title,utf8,static,full-scan,full-scan,contains_mord,%Mord%,NaiveVectorizedV2Wildcard,5,205997963.0,41216454.0,41199592.6,41196211.01074031,41917441.0,41216344.0,110.0,16.301965105572414,16.29395858214509,637,2528312
job_title_title,title.title,utf8,static,full-scan,full-scan,contains_mord,%Mord%,StdSearch,5,304078025.0,60562443.0,60815605.0,60809506.85319337,62204808.0,60562333.0,111.0,23.953706267264483,24.051425161607217,637,2528312
job_title_title,title.title,utf8,static,full-scan,full-scan,contains_movie,%Movie%,NaiveVectorizedV2,5,195474620.0,38687649.0,39094924.0,39090592.99692429,39990329.0,38686770.0,110.0,15.301770113815067,15.461142848241968,3638,2528312
job_title_title,title.title,utf8,static,full-scan,full-scan,contains_movie,%Movie%,NaiveVectorizedV2Wildcard,5,202551277.0,40816753.0,40510255.4,40507292.159068264,40889624.0,40816653.0,110.0,16.14387504390281,16.021476842679334,3638,2528312
job_title_title,title.title,utf8,static,full-scan,full-scan,contains_movie,%Movie%,StdSearch,5,332875806.0,63946742.0,66575161.2,66387959.30761361,76872941.0,63946641.0,110.0,25.29226693540987,26.25781917248092,3638,2528312
job_title_title,title.title,utf8,static,full-scan,full-scan,contains_murder_lower,%murder%,NaiveVectorizedV2,5,189180740.0,37852202.0,37836148.0,37835980.084148265,38000577.0,37852102.0,110.0,14.971333443024436,14.96491733779228,7,2528312
job_title_title,title.title,utf8,static,full-scan,full-scan,contains_murder_lower,%murder%,NaiveVectorizedV2Wildcard,5,197036945.0,39313066.0,39407389.0,39406086.08516643,39974472.0,39312466.0,100.0,15.549135549726458,15.585926928783502,7,2528312
job_title_title,title.title,utf8,static,full-scan,full-scan,contains_murder_lower,%murder%,StdSearch,5,331567669.0,66207850.0,66313533.8,66312156.15504218,66856500.0,66207749.0,110.0,26.18658219396973,26.227837448480326,7,2528312
job_title_title,title.title,utf8,static,full-scan,full-scan,contains_murder_upper,%Murder%,NaiveVectorizedV2,5,187413958.0,37541969.0,37482791.6,37482065.978069484,37830671.0,37541869.0,100.0,14.848629836823937,14.824936945309535,3622,2528312
job_title_title,title.title,utf8,static,full-scan,full-scan,contains_murder_upper,%Murder%,NaiveVectorizedV2Wildcard,5,198919088.0,40000887.0,39783817.6,39781765.229196854,40229102.0,40000787.0,110.0,15.821183066014004,15.734515846618946,3622,2528312
job_title_title,title.title,utf8,static,full-scan,full-scan,contains_murder_upper,%Murder%,StdSearch,5,314672396.0,62894479.0,62934479.2,62932158.70036928,63584329.0,62894349.0,130.0,24.876075025550644,24.890978131009692,3622,2528312
job_title_title,title.title,utf8,static,full-scan,full-scan,prefix_birdemic,Birdemic%,NaiveVectorizedV2,5,45257926.0,9072791.0,9051585.2,9051402.282518907,9123901.0,9072711.0,80.0,3.588477608776132,3.5800179259992073,8,2528312
job_title_title,title.title,utf8,static,full-scan,full-scan,prefix_birdemic,Birdemic%,StdSearch,5,46152813.0,9216524.0,9230562.6,9230450.480986862,9296545.0,9216423.0,111.0,3.645327000781549,3.650835213765888,8,2528312
job_title_title,title.title,utf8,static,full-scan,full-scan,prefix_birdemic,Birdemic%,NaiveVectorizedV2Wildcard,5,49593932.0,9839082.0,9918786.4,9916734.485993147,10322789.0,9838962.0,119.0,3.8915616427086532,3.922274816554742,8,2528312
job_title_title,title.title,utf8,static,full-scan,full-scan,prefix_champion,Champion%,StdSearch,5,46275458.0,9235511.0,9255091.6,9254678.167708639,9396961.0,9235300.0,70.0,3.6528367543246243,3.660417767945045,222,2528312
job_title_title,title.title,utf8,static,full-scan,full-scan,prefix_champion,Champion%,NaiveVectorizedV2,5,46316992.0,9279980.0,9263398.4,9262985.25839657,9368640.0,9279810.0,170.0,3.6704251690455925,3.663703395149236,222,2528312
job_title_title,title.title,utf8,static,full-scan,full-scan,prefix_champion,Champion%,NaiveVectorizedV2Wildcard,5,49625370.0,9955287.0,9925074.0,9924711.74503578,10001088.0,9955187.0,100.0,3.93752313796715,3.925429988480773,222,2528312
job_title_title,title.title,utf8,static,full-scan,full-scan,prefix_dragon_ball_z,Dragon Ball Z%,StdSearch,5,48514462.0,9724149.0,9702892.4,9702672.411330918,9787313.0,9724119.0,100.0,3.8461032499153585,3.8376088122553385,25,2528312
job_title_title,title.title,utf8,static,full-scan,full-scan,prefix_dragon_ball_z,Dragon Ball Z%,NaiveVectorizedV2,5,48377149.0,9739929.0,9675429.8,9673996.182275541,9899741.0,9739829.0,100.0,3.852344568233667,3.8262667670269885,25,2528312
job_title_title,title.title,utf8,static,full-scan,full-scan,prefix_dragon_ball_z,Dragon Ball Z%,NaiveVectorizedV2Wildcard,5,52335462.0,10467594.0,10467092.4,10466758.445234206,10604710.0,10467564.0,100.0,4.140151215514541,4.139820736220143,25,2528312
job_title_title,title.title,utf8,static,full-scan,full-scan,prefix_kung_fu_panda,Kung Fu Panda%,StdSearch,5,48065358.0,9579297.0,9613071.6,9612747.80597512,9717127.0,9579257.0,61.0,3.7888112701280536,3.8020417598679037,15,2528312
job_title_title,title.title,utf8,static,full-scan,full-scan,prefix_kung_fu_panda,Kung Fu Panda%,NaiveVectorizedV2,5,57934532.0,9790977.0,11586906.4,11377890.747789152,14357483.0,9790887.0,90.0,3.8725351143371545,4.500192518877864,15,2528312
job_title_title,title.title,utf8,static,full-scan,full-scan,prefix_kung_fu_panda,Kung Fu Panda%,NaiveVectorizedV2Wildcard,5,51709699.0,10044761.0,10341939.8,10325603.886421876,11526767.0,10044191.0,90.0,3.972911966561089,4.083991171351435,15,2528312
job_title_title,title.title,utf8,static,full-scan,full-scan,prefix_loser,Loser%,NaiveVectorizedV2Wildcard,5,46821456.0,9381422.0,9364291.2,9363112.698606873,9617749.0,9381342.0,100.0,3.7105475906454584,3.703305881001587,72,2528312
job_title_title,title.title,utf8,static,full-scan,full-scan,prefix_loser,Loser%,NaiveVectorizedV2,5,52456851.0,10501754.0,10491370.2,10491269.181584576,10544920.0,10501675.0,80.0,4.153662206246698,4.149515242416523,72,2528312
job_title_title,title.title,utf8,static,full-scan,full-scan,prefix_loser,Loser%,StdSearch,5,53287558.0,10621234.0,10657511.6,10657324.458705992,10774695.0,10621104.0,120.0,4.200919032144767,4.2151935594602294,72,2528312
job_title_title,title.title,utf8,static,full-scan,full-scan,prefix_one_piece,One Piece%,NaiveVectorizedV2,5,47390453.0,9500919.0,9478090.6,9477850.275153192,9558042.0,9500879.0,99.0,3.7578111403972296,3.748686979752964,14,2528312
job_title_title,title.title,utf8,static,full-scan,full-scan,prefix_one_piece,One Piece%,StdSearch,5,48146971.0,9614727.0,9629394.2,9628791.25751511,9765054.0,9614697.0,81.0,3.8028245722838006,3.8083872787516446,14,2528312
job_title_title,title.title,utf8,static,full-scan,full-scan,prefix_one_piece,One Piece%,NaiveVectorizedV2Wildcard,5,49326059.0,9842260.0,9865211.8,9864851.47999231,10026307.0,9842170.0,90.0,3.8928186078300464,3.901754008204803,14,2528312
job_title_title,title.title,utf8,static,full-scan,full-scan,prefix_saw,Saw%,NaiveVectorizedV2,5,48542577.0,9638469.0,9708515.4,9707932.603926538,9882566.0,9638439.0,40.0,3.812215027259294,3.839689327870353,131,2528312
job_title_title,title.title,utf8,static,full-scan,full-scan,prefix_saw,Saw%,StdSearch,5,48669099.0,9707966.0,9733819.8,9733062.053594483,9944659.0,9707092.0,101.0,3.8397025367122413,3.849628548056755,131,2528312
job_title_title,title.title,utf8,static,full-scan,full-scan,prefix_saw,Saw%,NaiveVectorizedV2Wildcard,5,48699646.0,9757634.0,9739929.2,9739700.422717433,9805636.0,9757604.0,110.0,3.859347264103481,3.852254161162632,131,2528312
job_title_title,title.title,utf8,static,full-scan,full-scan,prefix_vampire,Vampire%,NaiveVectorizedV2Wildcard,5,46009265.0,9188369.0,9201853.0,9201118.438682586,9406373.0,9188289.0,100.0,3.6341911124892814,3.6392337807527597,284,2528312
job_title_title,title.title,utf8,static,full-scan,full-scan,prefix_vampire,Vampire%,NaiveVectorizedV2,5,57692435.0,11549222.0,11538487.0,11537991.946242316,11703931.0,11549182.0,90.0,4.567957593841267,4.563515873927873,284,2528312
job_title_title,title.title,utf8,static,full-scan,full-scan,prefix_vampire,Vampire%,StdSearch,5,58441475.0,11674276.0,11688295.0,11687213.47854532,11891203.0,11674196.0,80.0,4.617419052711849,4.622536094653397,284,2528312
job_title_title,title.title,utf8,static,prefix-btree,full-scan,contains_champion,%Champion%,NaiveVectorizedV2,5,171572234.0,34179078.0,34314446.8,34311581.6436975,34958358.0,34178110.0,589.0,13.518536478092894,13.57094442604292,1870,2528312
job_title_title,title.title,utf8,static,prefix-btree,full-scan,contains_champion,%Champion%,NaiveVectorizedV2Wildcard,5,177621846.0,35633457.0,35524369.2,35523757.26036348,35697446.0,35633097.0,360.0,14.093773632368157,14.05038510293172,1870,2528312
job_title_title,title.title,utf8,static,prefix-btree,full-scan,contains_champion,%Champion%,StdSearch,5,326288193.0,64206841.0,65257638.6,65221690.78495394,69651260.0,64206342.0,499.0,25.395141501523547,25.796535706413607,1870,2528312
job_title_title,title.title,utf8,static,prefix-btree,full-scan,contains_freddy,%Freddy%,NaiveVectorizedV2,5,192773276.0,38609097.0,38554655.2,38553613.39041816,38867720.0,38608797.0,300.0,15.270701163464002,15.248756241483722,146,2528312
job_title_title,title.title,utf8,static,prefix-btree,full-scan,contains_freddy,%Freddy%,NaiveVectorizedV2Wildcard,5,206881220.0,39335276.0,41376244.0,41264495.12317423,46147994.0,39334916.0,390.0,15.557920066827196,16.320966369330293,146,2528312
job_title_title,title.title,utf8,static,prefix-btree,full-scan,contains_freddy,%Freddy%,StdSearch,5,334889914.0,64387254.0,66977982.8,66797704.1590033,77022040.0,64386904.0,420.0,25.46649859669218,26.419881786347286,146,2528312
job_title_title,title.title,utf8,static,prefix-btree,full-scan,contains_jason,%Jason%,NaiveVectorizedV2,5,191248899.0,38115617.0,38249779.8,38248333.00570914,38826193.0,38115348.0,270.0,15.07551955613073,15.128011497674763,482,2528312
job_title_title,title.title,utf8,static,prefix-btree,full-scan,contains_jason,%Jason%,NaiveVectorizedV2Wildcard,5,198729081.0,39829659.0,39745816.2,39745301.25634312,40003775.0,39829289.0,570.0,15.753458829448265,15.720093586686747,482,2528312
job_title_title,title.title,utf8,static,prefix-btree,full-scan,contains_jason,%Jason%,StdSearch,5,330763667.0,66170606.0,66152733.4,66150954.76839023,66936938.0,66169816.0,460.0,26.171851417071945,26.16407894610722,482,2528312
job_title_title,title.title,utf8,static,prefix-btree,full-scan,contains_kung_fu_panda,%Kung%Fu%Panda%,NaiveVectorizedV2,5,196496601.0,39350589.0,39299320.2,39298859.03111415,39522230.0,39350369.0,220.0,15.563976676929114,15.543516397942248,20,2528312
job_title_title,title.title,utf8,static,prefix-btree,full-scan,contains_kung_fu_panda,%Kung%Fu%Panda%,NaiveVectorizedV2Wildcard,5,206318481.0,41242540.0,41263696.2,41263423.76365293,41508061.0,41242054.0,374.0,16.312282661317116,16.32054262434891,20,2528312
job_title_title,title.title,utf8,static,prefix-btree,full-scan,contains_kung_fu_panda,%Kung%Fu%Panda%,StdSearch,5,256084896.0,51416020.0,51216979.2,51215918.69088067,51514672.0,51415860.0,210.0,20.33610567050269,20.25696143944284,20,2528312
job_title_title,title.title,utf8,static,prefix-btree,full-scan,contains_loser,%Loser%,NaiveVectorizedV2,5,191751302.0,38360104.0,38350260.4,38348912.44921332,38821186.0,38359904.0,260.0,15.172219251421502,15.16779276023421,349,2528312
job_title_title,title.title,utf8,static,prefix-btree,full-scan,contains_loser,%Loser%,NaiveVectorizedV2Wildcard,5,204100435.0,40688035.0,40820087.0,40816913.10215647,41516301.0,40687559.0,699.0,16.09296439679913,16.143938367636785,349,2528312
job_title_title,title.title,utf8,static,prefix-btree,full-scan,contains_loser,%Loser%,StdSearch,5,346516199.0,69024972.0,69303239.8,69298818.76742716,70714996.0,69024610.0,442.0,27.300812557943797,27.409124652110645,349,2528312
job_title_title,title.title,utf8,static,prefix-btree,full-scan,contains_money,%Money%,NaiveVectorizedV2,5,191398220.0,38087019.0,38279644.0,38277465.950828545,38928218.0,38086750.0,269.0,15.064208452121415,15.139534183608898,2286,2528312
job_title_title,title.title,utf8,static,prefix-btree,full-scan,contains_money,%Money%,NaiveVectorizedV2Wildcard,5,199535987.0,39846074.0,39907197.4,39906193.96180717,40349620.0,39845704.0,380.0,15.759951303478369,15.783729999227582,2286,2528312
job_title_title,title.title,utf8,static,prefix-btree,full-scan,contains_money,%Money%,StdSearch,5,329429880.0,65750218.0,65885976.0,65881427.714728735,66839124.0,65749715.0,503.0,26.005579216489103,26.05747538861056,2286,2528312
job_title_title,title.title,utf8,static,prefix-btree,full-scan,contains_mord,%Mord%,NaiveVectorizedV2,5,196852096.0,39313229.0,39370419.2,39367906.715490304,40130438.0,39313029.0,200.0,15.549200019617832,15.570826193717517,637,2528312
job_title_title,title.title,utf8,static,prefix-btree,full-scan,contains_mord,%Mord%,NaiveVectorizedV2Wildcard,5,206171442.0,41145651.0,41234288.4,41230545.37657433,42138951.0,41145291.0,440.0,16.273961045946862,16.307538538192407,637,2528312
job_title_title,title.title,utf8,static,prefix-btree,full-scan,contains_mord,%Mord%,StdSearch,5,301657629.0,60171812.0,60331525.8,60330126.25890328,61005183.0,60171248.0,512.0,23.799203579305086,23.861820162584063,637,2528312
job_title_title,title.title,utf8,static,prefix-btree,full-scan,contains_movie,%Movie%,NaiveVectorizedV2,5,193928428.0,38825188.0,38785685.6,38785261.99029281,39066256.0,38824918.0,270.0,15.356169649948265,15.34037808240947,3638,2528312
job_title_title,title.title,utf8,static,prefix-btree,full-scan,contains_movie,%Movie%,NaiveVectorizedV2Wildcard,5,204903589.0,40200982.0,40980717.8,40956452.34581682,43796505.0,40200612.0,480.0,15.900324801685867,16.199129041754674,3638,2528312
job_title_title,title.title,utf8,static,prefix-btree,full-scan,contains_movie,%Movie%,StdSearch,5,321476629.0,64254547.0,64295325.8,64294855.93523466,64767206.0,64254245.0,502.0,25.41401021709346,25.429953239645496,3638,2528312
job_title_title,title.title,utf8,static,prefix-btree,full-scan,contains_murder_lower,%murder%,NaiveVectorizedV2,5,187686329.0,37489563.0,37537265.8,37536183.33622591,38056473.0,37489333.0,280.0,14.827902173465933,14.846341486424869,7,2528312
job_title_title,title.title,utf8,static,prefix-btree,full-scan,contains_murder_lower,%murder%,NaiveVectorizedV2Wildcard,5,197465191.0,39383498.0,39493038.2,39489966.743785776,40240769.0,39381729.0,370.0,15.576992871132994,15.619103474486428,7,2528312
job_title_title,title.title,utf8,static,prefix-btree,full-scan,contains_murder_lower,%murder%,StdSearch,5,334524507.0,66979943.0,66904901.4,66902394.40673231,67707993.0,66978938.0,441.0,26.491961039618527,26.461288957506884,7,2528312
job_title_title,title.title,utf8,static,prefix-btree,full-scan,contains_murder_upper,%Murder%,NaiveVectorizedV2,5,188483489.0,37739319.0,37696697.8,37696590.50059138,37789593.0,37739109.0,210.0,14.926685867883394,14.909785857359141,3622,2528312
job_title_title,title.title,utf8,static,prefix-btree,full-scan,contains_murder_upper,%Murder%,NaiveVectorizedV2Wildcard,5,202072028.0,40401666.0,40414405.6,40411778.56756147,41064941.0,40401236.0,950.0,15.979699499112451,15.983699229984794,3622,2528312
job_title_title,title.title,utf8,static,prefix-btree,full-scan,contains_murder_upper,%Murder%,StdSearch,5,312472958.0,62455826.0,62494591.6,62493431.04283698,62986181.0,62454892.0,543.0,24.702578637446646,24.717452214298298,3622,2528312
job_title_title,title.title,utf8,static,prefix-btree,prefix-btree,prefix_birdemic,Birdemic%,NaiveVectorizedV2Wildcard,5,2478.0,420.0,495.6,472.93256080457985,809.0,90.0,340.0,0.00016611873851012058,0.0001870546676219472,8,8
job_title_title,title.title,utf8,static,prefix-btree,prefix-btree,prefix_birdemic,Birdemic%,NaiveVectorizedV2,5,2709.0,459.0,541.8,516.4676143422275,760.0,70.0,389.0,0.0001815440499432032,0.00020427368708538638,8,8
job_title_title,title.title,utf8,static,prefix-btree,prefix-btree,prefix_birdemic,Birdemic%,StdSearch,5,2682.0,482.0,536.4,526.3792547427936,753.0,70.0,412.0,0.00019064102848066218,0.00020819394708516725,8,8
job_title_title,title.title,utf8,static,prefix-btree,prefix-btree,prefix_champion,Champion%,NaiveVectorizedV2,5,17098.0,3128.0,3419.6,3392.3590328128707,4248.0,1109.0,2019.0,0.0012371890810944218,0.001341748578819729,222,222
job_title_title,title.title,utf8,static,prefix-btree,prefix-btree,prefix_champion,Champion%,StdSearch,5,18657.0,3255.0,3731.4,3665.156543236685,4933.0,1085.0,2170.0,0.0012874202234534346,0.0014496456700109337,222,222
job_title_title,title.title,utf8,static,prefix-btree,prefix-btree,prefix_champion,Champion%,NaiveVectorizedV2Wildcard,5,20201.0,3898.0,4040.2,4027.807450721389,4648.0,1799.0,2109.0,0.0015417401016963096,0.0015930816492273833,222,222
job_title_title,title.title,utf8,static,prefix-btree,prefix-btree,prefix_dragon_ball_z,Dragon Ball Z%,NaiveVectorizedV2,5,4396.0,729.0,879.2,836.4610467914366,1499.0,140.0,590.0,0.00028833466755685214,0.00033083774739487673,25,25
job_title_title,title.title,utf8,static,prefix-btree,prefix-btree,prefix_dragon_ball_z,Dragon Ball Z%,NaiveVectorizedV2Wildcard,5,4907.0,819.0,981.4,959.652124539735,1260.0,250.0,580.0,0.00032393154009473517,0.0003795623817549956,25,25
job_title_title,title.title,utf8,static,prefix-btree,prefix-btree,prefix_dragon_ball_z,Dragon Ball Z%,StdSearch,5,4749.0,824.0,949.8,904.4662092236455,1355.0,140.0,693.0,0.00032590914412461755,0.00035773520405062587,25,25
job_title_title,title.title,utf8,static,prefix-btree,prefix-btree,prefix_kung_fu_panda,Kung Fu Panda%,NaiveVectorizedV2Wildcard,5,3769.0,670.0,753.8,718.9824374538114,1190.0,170.0,500.0,0.00026499894000424,0.000284372513144664,15,15
job_title_title,title.title,utf8,static,prefix-btree,prefix-btree,prefix_kung_fu_panda,Kung Fu Panda%,StdSearch,5,3958.0,683.0,791.6,740.966937468627,1206.0,100.0,593.0,0.0002701407104819342,0.0002930678403095132,15,15
job_title_title,title.title,utf8,static,prefix-btree,prefix-btree,prefix_kung_fu_panda,Kung Fu Panda%,NaiveVectorizedV2,5,4507.0,730.0,901.4,848.0117499278908,1559.0,130.0,600.0,0.00028873018836282865,0.00033540629080900275,15,15
job_title_title,title.title,utf8,static,prefix-btree,prefix-btree,prefix_loser,Loser%,StdSearch,5,8799.0,1316.0,1759.8,1665.4680009994738,2853.0,441.0,884.0,0.0005205053806650445,0.0006587272460833447,72,72
job_title_title,title.title,utf8,static,prefix-btree,prefix-btree,prefix_loser,Loser%,NaiveVectorizedV2,5,9202.0,1368.0,1840.4,1739.7789235715427,2768.0,439.0,900.0,0.0005410724625758214,0.0006881187620719049,72,72
job_title_title,title.title,utf8,static,prefix-btree,prefix-btree,prefix_loser,Loser%,NaiveVectorizedV2Wildcard,5,11376.0,1859.0,2275.2,2102.1258481712484,3448.0,479.0,1289.0,0.0007352731783102719,0.0008314345097326792,72,72
job_title_title,title.title,utf8,static,prefix-btree,prefix-btree,prefix_one_piece,One Piece%,StdSearch,5,3465.0,533.0,693.0,636.7683607938783,1326.0,100.0,442.0,0.00021081258958546256,0.00025185513528151493,14,14
job_title_title,title.title,utf8,static,prefix-btree,prefix-btree,prefix_one_piece,One Piece%,NaiveVectorizedV2Wildcard,5,4258.0,660.0,851.6,765.8047200562594,1679.0,130.0,530.0,0.0002610437319444752,0.00030289170009724294,14,14
job_title_title,title.title,utf8,static,prefix-btree,prefix-btree,prefix_one_piece,One Piece%,NaiveVectorizedV2,5,4058.0,680.0,811.6,760.6977155730347,1249.0,100.0,580.0,0.00026895414806400476,0.00030087177356791244,14,14
job_title_title,title.title,utf8,static,prefix-btree,prefix-btree,prefix_saw,Saw%,NaiveVectorizedV2Wildcard,5,10535.0,2009.0,2107.0,2091.004187245774,2549.0,640.0,1369.0,0.0007946012992067435,0.0008270356614396377,131,131
job_title_title,title.title,utf8,static,prefix-btree,prefix-btree,prefix_saw,Saw%,StdSearch,5,11632.0,2130.0,2326.4,2297.45780305883,3074.0,673.0,1467.0,0.0008424593167298972,0.0009086923619627766,131,131
job_title_title,title.title,utf8,static,prefix-btree,prefix-btree,prefix_saw,Saw%,NaiveVectorizedV2,5,21284.0,3248.0,4256.8,3558.7666471056023,9913.0,720.0,2008.0,0.0012846515778115993,0.0014075662525454167,131,131
job_title_title,title.title,utf8,static,prefix-btree,prefix-btree,prefix_vampire,Vampire%,StdSearch,5,25210.0,4701.0,5042.0,5007.679067323676,6237.0,2089.0,2632.0,0.0018593433088954212,0.001980641260779395,284,284
job_title_title,title.title,utf8,static,prefix-btree,prefix-btree,prefix_vampire,Vampire%,NaiveVectorizedV2Wildcard,5,25699.0,4908.0,5139.8,5112.321789610143,6167.0,2189.0,2719.0,0.001941216115732552,0.00202202963463771,284,284
job_title_title,title.title,utf8,static,prefix-btree,prefix-btree,prefix_vampire,Vampire%,NaiveVectorizedV2,5,37211.0,6255.0,7442.2,6994.94482492393,12850.0,2688.0,3098.0,0.0024739826413828674,0.002766646214914903,284,284
job_title_title,title.title,utf8,static,qgram,full-scan,contains_champion,%Champion%,NaiveVectorizedV2,5,183602405.0,35193884.0,36720481.0,36579774.02511633,43384984.0,35193785.0,109.0,13.919913365122659,14.46806170485144,1870,2528312
job_title_title,title.title,utf8,static,qgram,full-scan,contains_champion,%Champion%,NaiveVectorizedV2Wildcard,5,179086187.0,35776840.0,35817237.4,35816568.598079816,36236946.0,35776730.0,110.0,14.150484592091482,14.166198079224328,1870,2528312
job_title_title,title.title,utf8,static,qgram,full-scan,contains_champion,%Champion%,StdSearch,5,321924770.0,63847456.0,64384954.0,64378497.32690661,66059163.0,63846856.0,110.0,25.25299725666769,25.463035150292647,1870,2528312
job_title_title,title.title,utf8,static,qgram,full-scan,contains_freddy,%Freddy%,NaiveVectorizedV2,5,189627218.0,37862997.0,37925443.6,37920936.5629539,38688126.0,37862667.0,100.0,14.975603090124952,14.998519392762391,146,2528312
job_title_title,title.title,utf8,static,qgram,full-scan,contains_freddy,%Freddy%,NaiveVectorizedV2Wildcard,5,194059776.0,38831873.0,38811955.2,38811609.65169805,39042100.0,38831763.0,110.0,15.35881370653622,15.350799130684006,146,2528312
job_title_title,title.title,utf8,static,qgram,full-scan,contains_freddy,%Freddy%,StdSearch,5,320367041.0,64556169.0,64073408.2,64066653.33915222,65010495.0,64556069.0,100.0,25.5333079936337,25.339694364917097,146,2528312
job_title_title,title.title,utf8,static,qgram,full-scan,contains_jason,%Jason%,NaiveVectorizedV2,5,198811707.0,38658720.0,39762341.4,39696745.96881822,44455498.0,38658620.0,130.0,15.290328092418974,15.700888960230492,482,2528312
job_title_title,title.title,utf8,static,qgram,full-scan,contains_jason,%Jason%,NaiveVectorizedV2Wildcard,5,195672016.0,39047546.0,39134403.2,39134072.583552666,39396127.0,39047026.0,110.0,15.444116865323583,15.478339929388747,482,2528312
job_title_title,title.title,utf8,static,qgram,full-scan,contains_jason,%Jason%,StdSearch,5,325964166.0,65169974.0,65192833.2,65191724.79525396,65685719.0,65169884.0,120.0,25.776080641946088,25.78468353401551,482,2528312
job_title_title,title.title,utf8,static,qgram,full-scan,contains_kung_fu_panda,%Kung%Fu%Panda%,NaiveVectorizedV2,5,195058727.0,38944511.0,39011745.4,39009745.15364541,39568028.0,38944401.0,110.0,15.403364379079797,15.429165844106826,20,2528312
job_title_title,title.title,utf8,static,qgram,full-scan,contains_kung_fu_panda,%Kung%Fu%Panda%,NaiveVectorizedV2Wildcard,5,207038921.0,41375645.0,41407784.2,41406673.55962026,41754131.0,41375543.0,102.0,16.364928458196616,16.377200899105876,20,2528312
job_title_title,title.title,utf8,static,qgram,full-scan,contains_kung_fu_panda,%Kung%Fu%Panda%,StdSearch,5,257721325.0,51520436.0,51544265.0,51543929.00874178,51832096.0,51519741.0,110.0,20.37740437097953,20.386696344731902,20,2528312
job_title_title,title.title,utf8,static,qgram,full-scan,contains_loser,%Loser%,NaiveVectorizedV2,5,195173573.0,38145668.0,39034714.6,38996603.31792836,42508580.0,38145558.0,110.0,15.08740535187113,15.423967974651964,349,2528312
job_title_title,title.title,utf8,static,qgram,full-scan,contains_loser,%Loser%,NaiveVectorizedV2Wildcard,5,199978957.0,40061362.0,39995791.4,39995450.66356153,40193403.0,40061251.0,111.0,15.845102186755431,15.81903288184434,349,2528312
job_title_title,title.title,utf8,static,qgram,full-scan,contains_loser,%Loser%,StdSearch,5,349401766.0,69770189.0,69880353.2,69877622.59654413,70986389.0,69770078.0,111.0,27.59556138641117,27.63805360910526,349,2528312
job_title_title,title.title,utf8,static,qgram,full-scan,contains_money,%Money%,NaiveVectorizedV2,5,192333099.0,38552147.0,38466619.8,38464570.18334592,39014288.0,38552047.0,100.0,15.248176253563642,15.213537800455763,2286,2528312
job_title_title,title.title,utf8,static,qgram,full-scan,contains_money,%Money%,NaiveVectorizedV2Wildcard,5,202915117.0,40803385.0,40583023.4,40579316.98412971,41306258.0,40803275.0,110.0,16.138587721768516,16.04996415953795,2286,2528312
job_title_title,title.title,utf8,static,qgram,full-scan,contains_money,%Money%,StdSearch,5,344092632.0,66583338.0,68818526.4,68736048.84498732,74645342.0,66583227.0,111.0,26.335095510364226,27.18653743880792,2286,2528312
job_title_title,title.title,utf8,static,qgram,full-scan,contains_mord,%Mord%,NaiveVectorizedV2,5,198704583.0,39809824.0,39740916.6,39739637.64540534,40142449.0,39809714.0,110.0,15.74561367426172,15.717853510723913,637,2528312
job_title_title,title.title,utf8,static,qgram,full-scan,contains_mord,%Mord%,NaiveVectorizedV2Wildcard,5,206123390.0,41169131.0,41224678.0,41222576.758436024,41735297.0,41169032.0,110.0,16.28324787447119,16.304386783923853,637,2528312
job_title_title,title.title,utf8,static,qgram,full-scan,contains_mord,%Mord%,StdSearch,5,303542083.0,60697347.0,60708416.6,60707834.45815964,61106029.0,60697246.0,101.0,24.007063606073935,24.01121161397787,637,2528312
job_title_title,title.title,utf8,static,qgram,full-scan,contains_movie,%Movie%,NaiveVectorizedV2,5,194323802.0,38862360.0,38864760.4,38864176.813835755,39080265.0,38862220.0,110.0,15.370871949348023,15.371590537020639,3638,2528312
job_title_title,title.title,utf8,static,qgram,full-scan,contains_movie,%Movie%,NaiveVectorizedV2Wildcard,5,204289768.0,40667229.0,40857953.6,40856092.41769591,41363389.0,40667119.0,110.0,16.08473519090998,16.15943460209653,3638,2528312
job_title_title,title.title,utf8,static,qgram,full-scan,contains_movie,%Movie%,StdSearch,5,325076978.0,65175417.0,65015395.6,65013292.19888914,65468597.0,65175317.0,100.0,25.77823346169302,25.714109729688822,3638,2528312
job_title_title,title.title,utf8,static,qgram,full-scan,contains_murder_lower,%murder%,NaiveVectorizedV2,5,187569769.0,37366258.0,37513953.8,37513070.99521223,37878661.0,37366159.0,100.0,14.779132480485003,14.837200074679172,7,2528312
job_title_title,title.title,utf8,static,qgram,full-scan,contains_murder_lower,%murder%,NaiveVectorizedV2Wildcard,5,207231871.0,40177804.0,41446374.2,41383410.540899225,46118544.0,40177694.0,110.0,15.891157420444944,16.36799989119192,7,2528312
job_title_title,title.title,utf8,static,qgram,full-scan,contains_murder_lower,%murder%,StdSearch,5,333888575.0,66686408.0,66777715.0,66777518.67010906,67085600.0,66686297.0,110.0,26.375861839836222,26.41189800551075,7,2528312
job_title_title,title.title,utf8,static,qgram,full-scan,contains_murder_upper,%Murder%,NaiveVectorizedV2,5,187839755.0,37735169.0,37567951.0,37565687.7640373,38106003.0,37735059.0,110.0,14.925044456538592,14.858011101492705,3622,2528312
job_title_title,title.title,utf8,static,qgram,full-scan,contains_murder_upper,%Murder%,NaiveVectorizedV2Wildcard,5,197218744.0,39501763.0,39443748.8,39442757.73262454,39828487.0,39501663.0,110.0,15.6237691392518,15.600431328342609,3622,2528312
job_title_title,title.title,utf8,static,qgram,full-scan,contains_murder_upper,%Murder%,StdSearch,5,328035856.0,63251108.0,65607171.2,65419240.1009157,75883483.0,63251007.0,110.0,25.01712921506523,25.87467057108291,3622,2528312
job_title_title,title.title,utf8,static,qgram,full-scan,prefix_birdemic,Birdemic%,StdSearch,5,46456108.0,9235944.0,9291221.6,9290858.566816287,9404787.0,9235863.0,90.0,3.6530080148336124,3.67472786856064,8,2528312
job_title_title,title.title,utf8,static,qgram,full-scan,prefix_birdemic,Birdemic%,NaiveVectorizedV2,5,46413918.0,9290792.0,9282783.6,9282644.05902117,9355560.0,9290712.0,80.0,3.67470153999981,3.6714788598168155,8,2528312
job_title_title,title.title,utf8,static,qgram,full-scan,prefix_birdemic,Birdemic%,NaiveVectorizedV2Wildcard,5,49895206.0,9975588.0,9979041.2,9978952.657630414,10045301.0,9975548.0,100.0,3.945552605849278,3.9468833979470967,8,2528312
job_title_title,title.title,utf8,static,qgram,full-scan,prefix_champion,Champion%,NaiveVectorizedV2,5,45613188.0,9085180.0,9122637.6,9122338.154532013,9251216.0,9085080.0,90.0,3.5933777160413745,3.6080745392704707,222,2528312
job_title_title,title.title,utf8,static,qgram,full-scan,prefix_champion,Champion%,StdSearch,5,46525783.0,9241278.0,9305156.6,9304692.615499688,9455503.0,9241037.0,81.0,3.6551177228126908,3.680199522645816,222,2528312
job_title_title,title.title,utf8,static,qgram,full-scan,prefix_champion,Champion%,NaiveVectorizedV2Wildcard,5,50050761.0,10009534.0,10010152.2,10009968.89966552,10092932.0,10009454.0,80.0,3.9589789551289556,3.9591509669951854,222,2528312
job_title_title,title.title,utf8,static,qgram,full-scan,prefix_dragon_ball_z,Dragon Ball Z%,NaiveVectorizedV2,5,48296993.0,9643925.0,9659398.6,9658864.796754416,9819445.0,9643845.0,80.0,3.8143729887767015,3.820281989230131,25,2528312
job_title_title,title.title,utf8,static,qgram,full-scan,prefix_dragon_ball_z,Dragon Ball Z%,StdSearch,5,49061735.0,9813093.0,9812347.0,9812202.651713107,9882042.0,9812992.0,81.0,3.8812824524821306,3.880930301210096,25,2528312
job_title_title,title.title,utf8,static,qgram,full-scan,prefix_dragon_ball_z,Dragon Ball Z%,NaiveVectorizedV2Wildcard,5,52575377.0,10549342.0,10515075.4,10513965.075644413,10658129.0,10549302.0,80.0,4.172484250361506,4.158491940727405,25,2528312
job_title_title,title.title,utf8,static,qgram,full-scan,prefix_kung_fu_panda,Kung Fu Panda%,StdSearch,5,48282538.0,9668923.0,9656507.6,9655557.731958121,9882645.0,9668883.0,41.0,3.8242602178845018,3.8189739762964905,15,2528312
job_title_title,title.title,utf8,static,qgram,full-scan,prefix_kung_fu_panda,Kung Fu Panda%,NaiveVectorizedV2,5,48955588.0,9796323.0,9791117.6,9790851.754335184,9870174.0,9796223.0,100.0,3.874649568565905,3.872485577070852,15,2528312
job_title_title,title.title,utf8,static,qgram,full-scan,prefix_kung_fu_panda,Kung Fu Panda%,NaiveVectorizedV2Wildcard,5,50489141.0,10138464.0,10097828.2,10097369.281633558,10214644.0,10138384.0,80.0,4.009973452643503,3.9937196365138212,15,2528312
job_title_title,title.title,utf8,static,qgram,full-scan,prefix_loser,Loser%,NaiveVectorizedV2Wildcard,5,46643556.0,9348085.0,9328711.2,9328094.736843558,9463441.0,9347386.0,40.0,3.6973621135366206,3.689455548541297,72,2528312
job_title_title,title.title,utf8,static,qgram,full-scan,prefix_loser,Loser%,NaiveVectorizedV2,5,52324505.0,10481899.0,10464901.0,10464720.528279023,10528353.0,10481799.0,100.0,4.145809140644034,4.13901469766351,72,2528312
job_title_title,title.title,utf8,static,qgram,full-scan,prefix_loser,Loser%,StdSearch,5,52921496.0,10594071.0,10584299.2,10584148.883265294,10644995.0,10593981.0,101.0,4.190175500492028,4.186251096884132,72,2528312
job_title_title,title.title,utf8,static,qgram,full-scan,prefix_one_piece,One Piece%,StdSearch,5,48005092.0,9567201.0,9601018.4,9600105.10732681,9800860.0,9567111.0,90.0,3.7840270504589624,3.7970413095087983,14,2528312
job_title_title,title.title,utf8,static,qgram,full-scan,prefix_one_piece,One Piece%,NaiveVectorizedV2,5,47946663.0,9576259.0,9589332.6,9589282.533328328,9639199.0,9576219.0,90.0,3.787609677919497,3.792760756318187,14,2528312
job_title_title,title.title,utf8,static,qgram,full-scan,prefix_one_piece,One Piece%,NaiveVectorizedV2Wildcard,5,49285954.0,9815242.0,9857190.8,9856879.365382617,10011494.0,9815142.0,90.0,3.8821324266941737,3.8986008710090485,14,2528312
job_title_title,title.title,utf8,static,qgram,full-scan,prefix_saw,Saw%,StdSearch,5,47217815.0,9434009.0,9443563.0,9442932.814470211,9640441.0,9433246.0,80.0,3.7313468432693435,3.7348763975609827,131,2528312
job_title_title,title.title,utf8,static,qgram,full-scan,prefix_saw,Saw%,NaiveVectorizedV2Wildcard,5,48422714.0,9693698.0,9684542.8,9684223.547062736,9770758.0,9693589.0,100.0,3.834059245852569,3.8303119025906365,131,2528312
job_title_title,title.title,utf8,static,qgram,full-scan,prefix_saw,Saw%,NaiveVectorizedV2,5,59922494.0,9777498.0,11984498.8,11598768.21606256,18215460.0,9777418.0,90.0,3.8672038893933975,4.587554153151425,131,2528312
job_title_title,title.title,utf8,static,qgram,full-scan,prefix_vampire,Vampire%,NaiveVectorizedV2Wildcard,5,49715144.0,10095191.0,9943028.8,9930162.863084348,10482149.0,10095021.0,110.0,3.992858080806483,3.9275860190848086,284,2528312
job_title_title,title.title,utf8,static,qgram,full-scan,prefix_vampire,Vampire%,NaiveVectorizedV2,5,57454924.0,11480388.0,11490984.8,11490908.288379323,11570136.0,11480308.0,90.0,4.540732314682682,4.544893307621579,284,2528312
job_title_title,title.title,utf8,static,qgram,full-scan,prefix_vampire,Vampire%,StdSearch,5,58183420.0,11677782.0,11636684.0,11635489.584881904,11820736.0,11677692.0,90.0,4.618805748657603,4.602078218543402,284,2528312
job_title_title,title.title,utf8,static,trigram,trigram,contains_champion,%Champion%,NaiveVectorizedV2Wildcard,5,907213.0,182022.0,181442.6,181405.20678550805,187168.0,58892.0,120392.0,0.07199348814545041,0.07174953359613383,1870,1870
job_title_title,title.title,utf8,static,trigram,trigram,contains_champion,%Champion%,NaiveVectorizedV2,5,936993.0,186508.0,187398.6,187327.6241527088,196040.0,59508.0,126501.0,0.07376779448106088,0.074091972886538,1870,1870
job_title_title,title.title,utf8,static,trigram,trigram,contains_champion,%Champion%,StdSearch,5,1095288.0,217390.0,219057.6,219043.68042284553,223558.0,99659.0,118601.0,0.08598226801122646,0.08663633302489786,1870,1870
job_title_title,title.title,utf8,static,trigram,trigram,contains_freddy,%Freddy%,NaiveVectorizedV2Wildcard,5,122389.0,23131.0,24477.8,24357.746957532865,29086.0,2398.0,20932.0,0.009148791763041904,0.0096339957084145,146,146
job_title_title,title.title,utf8,static,trigram,trigram,contains_freddy,%Freddy%,NaiveVectorizedV2,5,129730.0,24296.0,25946.0,25749.53430324648,30656.0,2020.0,22276.0,0.0096095735020045,0.01018447656113901,146,146
job_title_title,title.title,utf8,static,trigram,trigram,contains_freddy,%Freddy%,StdSearch,5,131472.0,25706.0,26294.4,26192.73824719044,30516.0,4229.0,21007.0,0.010167257838431332,0.010359772942259688,146,146
job_title_title,title.title,utf8,static,trigram,trigram,contains_jason,%Jason%,NaiveVectorizedV2,5,134668.0,25686.0,26933.6,26802.530455835957,31825.0,7648.0,18038.0,0.010159347422311803,0.010600958448101312,482,482
job_title_title,title.title,utf8,static,trigram,trigram,contains_jason,%Jason%,NaiveVectorizedV2Wildcard,5,138793.0,27367.0,27758.6,27674.773920502033,30674.0,9052.0,17935.0,0.010824217897158261,0.010945948886253772,482,482
job_title_title,title.title,utf8,static,trigram,trigram,contains_jason,%Jason%,StdSearch,5,174994.0,34435.0,34998.8,34920.597091341726,37834.0,15768.0,18107.0,0.013619758953800005,0.013811822706747301,482,482
job_title_title,title.title,utf8,static,trigram,trigram,contains_kung_fu_panda,%Kung%Fu%Panda%,NaiveVectorizedV2Wildcard,5,514919.0,103167.0,102983.8,102951.04976694976,107345.0,7945.0,93764.0,0.040804694990175264,0.04071928217994845,20,267
job_title_title,title.title,utf8,static,trigram,trigram,contains_kung_fu_panda,%Kung%Fu%Panda%,NaiveVectorizedV2,5,522628.0,103878.0,104525.6,104486.02764823064,109245.0,7934.0,95944.0,0.04108591028322454,0.041326397868708675,20,267
job_title_title,title.title,utf8,static,trigram,trigram,contains_kung_fu_panda,%Kung%Fu%Panda%,StdSearch,5,561158.0,113091.0,112231.6,112039.3580466594,123643.0,11859.0,99037.0,0.044729843468685825,0.04431389719570184,20,267
job_title_title,title.title,utf8,static,trigram,trigram,contains_loser,%Loser%,NaiveVectorizedV2,5,313536.0,60747.0,62707.2,62589.50516639758,69710.0,8464.0,52283.0,0.024026702400653084,0.02475545152908247,349,349
job_title_title,title.title,utf8,static,trigram,trigram,contains_loser,%Loser%,NaiveVectorizedV2Wildcard,5,330609.0,66415.0,66121.8,66003.12459659285,71810.0,10232.0,54786.0,0.02626851432892776,0.026105609037410302,349,349
job_title_title,title.title,utf8,static,trigram,trigram,contains_loser,%Loser%,StdSearch,5,354867.0,68341.0,70973.4,70760.40789395612,80930.0,14622.0,53719.0,0.027030287401238456,0.027987213561441848,349,349
job_title_title,title.title,utf8,static,trigram,trigram,contains_money,%Money%,NaiveVectorizedV2Wildcard,5,799971.0,156593.0,159994.2,159896.4864143185,169789.0,78662.0,78052.0,0.061935789570274555,0.06324238717939816,2286,2293
job_title_title,title.title,utf8,static,trigram,trigram,contains_money,%Money%,StdSearch,5,980276.0,198348.0,196055.2,196024.20588407703,199154.0,113197.0,80797.0,0.07845076082382238,0.07753165190216924,2286,2293
job_title_title,title.title,utf8,static,trigram,trigram,contains_money,%Money%,NaiveVectorizedV2,5,1020230.0,205569.0,204046.0,203352.46187863106,230870.0,126597.0,78972.0,0.08130681656377853,0.08043012961953706,2286,2293
job_title_title,title.title,utf8,static,trigram,trigram,contains_mord,%Mord%,NaiveVectorizedV2Wildcard,5,303450.0,59158.0,60690.0,60551.10266875887,68035.0,15354.0,43804.0,0.02339821983995646,0.023949220930311942,637,686
job_title_title,title.title,utf8,static,trigram,trigram,contains_mord,%Mord%,NaiveVectorizedV2,5,318286.0,61515.0,63657.2,63369.26348927358,71617.0,16518.0,44997.0,0.02433046237964302,0.025063862169413264,637,686
job_title_title,title.title,utf8,static,trigram,trigram,contains_mord,%Mord%,StdSearch,5,354253.0,69433.0,70850.6,70762.63304420447,76924.0,23580.0,45853.0,0.027462196121364767,0.02798809365466152,637,686
job_title_title,title.title,utf8,static,trigram,trigram,contains_movie,%Movie%,NaiveVectorizedV2,5,906732.0,180203.0,181346.4,181277.70457078607,189726.0,122487.0,57716.0,0.07127403579937919,0.07169910381740309,3638,3638
job_title_title,title.title,utf8,static,trigram,trigram,contains_movie,%Movie%,NaiveVectorizedV2Wildcard,5,946737.0,185511.0,189347.4,189027.4467282146,211581.0,124324.0,58958.0,0.07337346023750234,0.07476428808161922,3638,3638
job_title_title,title.title,utf8,static,trigram,trigram,contains_movie,%Movie%,StdSearch,5,1212184.0,242145.0,242436.8,242417.04983274435,247461.0,183945.0,57215.0,0.09577338556317416,0.09588098693228686,3638,3638
job_title_title,title.title,utf8,static,trigram,trigram,contains_murder_lower,%murder%,StdSearch,5,209232.0,41272.0,41846.4,41827.78126314844,44236.0,342.0,40829.0,0.016323934704261182,0.016543757757408288,7,9
job_title_title,title.title,utf8,static,trigram,trigram,contains_murder_lower,%murder%,NaiveVectorizedV2Wildcard,5,208818.0,41354.0,41763.6,41738.43540093587,44392.0,230.0,41124.0,0.016356367410351253,0.016508419609975296,7,9
job_title_title,title.title,utf8,static,trigram,trigram,contains_murder_lower,%murder%,NaiveVectorizedV2,5,211835.0,41637.0,42367.0,42311.15728725717,45984.0,200.0,41438.0,0.0164682997984426,0.016734943032053477,7,9
job_title_title,title.title,utf8,static,trigram,trigram,contains_murder_upper,%Murder%,NaiveVectorizedV2,5,1030439.0,204821.0,206087.8,206060.5204912511,212085.0,116969.0,87852.0,0.08101096700090811,0.08150122314463216,3622,3622
job_title_title,title.title,utf8,static,trigram,trigram,contains_murder_upper,%Murder%,NaiveVectorizedV2Wildcard,5,1045989.0,208520.0,209197.8,209112.20086875145,215897.0,120983.0,85877.0,0.0824739984622151,0.08270822622712362,3622,3622
job_title_title,title.title,utf8,static,trigram,trigram,contains_murder_upper,%Murder%,StdSearch,5,1292965.0,255854.0,258593.0,258557.8206805042,265179.0,171256.0,84929.0,0.1011955802923057,0.10226499762707456,3622,3622
job_title_title,title.title,utf8,static,trigram,trigram,prefix_birdemic,Birdemic%,StdSearch,5,144279.0,27839.0,28855.8,28749.262539818414,33244.0,90.0,27759.0,0.01101090371757916,0.01137093149097834,8,9
job_title_title,title.title,utf8,static,trigram,trigram,prefix_birdemic,Birdemic%,NaiveVectorizedV2,5,147296.0,28418.0,29459.2,29334.36251615756,34414.0,110.0,28318.0,0.01123991026423954,0.011602350705196817,8,9
job_title_title,title.title,utf8,static,trigram,trigram,prefix_birdemic,Birdemic%,NaiveVectorizedV2Wildcard,5,158507.0,30528.0,31701.4,31456.193205749078,38115.0,210.0,30398.0,0.012074459164849907,0.01244157888968968,8,9
job_title_title,title.title,utf8,static,trigram,trigram,prefix_champion,Champion%,NaiveVectorizedV2Wildcard,5,919638.0,175651.0,183927.6,183387.62961933983,208377.0,52979.0,124841.0,0.06947362509057427,0.07253362307315703,222,1870
job_title_title,title.title,utf8,static,trigram,trigram,prefix_champion,Champion%,StdSearch,5,886607.0,176721.0,177321.4,177063.2166338723,192725.0,49902.0,126819.0,0.06989683235296909,0.07003218615181671,222,1870
job_title_title,title.title,utf8,static,trigram,trigram,prefix_champion,Champion%,NaiveVectorizedV2,5,892143.0,177989.0,178428.6,177857.0294530584,205068.0,48741.0,125410.0,0.07039835273494727,0.07034615563785587,222,1870
job_title_title,title.title,utf8,static,trigram,trigram,prefix_dragon_ball_z,Dragon Ball Z%,NaiveVectorizedV2,5,643928.0,128288.0,128785.6,128748.99494289345,133024.0,979.0,126989.0,0.05074057315711036,0.05092290624847468,25,26
job_title_title,title.title,utf8,static,trigram,trigram,prefix_dragon_ball_z,Dragon Ball Z%,StdSearch,5,664805.0,131450.0,132961.0,132913.83355036017,139980.0,593.0,130365.0,0.05199120994560798,0.05257018657126183,25,26
job_title_title,title.title,utf8,static,trigram,trigram,prefix_dragon_ball_z,Dragon Ball Z%,NaiveVectorizedV2Wildcard,5,682191.0,136986.0,136438.2,136382.40029323837,142394.0,1009.0,135817.0,0.05418081312749376,0.05394207688498819,25,26
job_title_title,title.title,utf8,static,trigram,trigram,prefix_kung_fu_panda,Kung Fu Panda%,StdSearch,5,805658.0,159551.0,161131.6,161101.09499345193,165527.0,663.0,158888.0,0.06310574011435298,0.06371883493550314,15,19
job_title_title,title.title,utf8,static,trigram,trigram,prefix_kung_fu_panda,Kung Fu Panda%,NaiveVectorizedV2,5,819780.0,162431.0,163956.0,163938.36024494728,167927.0,659.0,161772.0,0.06424484003556523,0.06484103237454368,15,19
job_title_title,title.title,utf8,static,trigram,trigram,prefix_kung_fu_panda,Kung Fu Panda%,NaiveVectorizedV2Wildcard,5,808930.0,162555.0,161786.0,161751.67174860166,166064.0,930.0,161636.0,0.06429388461550631,0.06397615157804958,15,19
job_title_title,title.title,utf8,static,trigram,trigram,prefix_loser,Loser%,StdSearch,5,287313.0,53262.0,57462.6,56970.93008511912,73119.0,3415.0,49958.0,0.02106622916791915,0.022533188184495862,72,349
job_title_title,title.title,utf8,static,trigram,trigram,prefix_loser,Loser%,NaiveVectorizedV2,5,281677.0,56305.0,56335.4,56238.40713800877,60801.0,3757.0,50530.0,0.02226979898050557,0.02224346011805851,72,349
job_title_title,title.title,utf8,static,trigram,trigram,prefix_loser,Loser%,NaiveVectorizedV2Wildcard,5,300321.0,62046.0,60064.2,59934.620767296234,64174.0,4418.0,55947.0,0.024540483927616527,0.02370538951177556,72,349
job_title_title,title.title,utf8,static,trigram,trigram,prefix_one_piece,One Piece%,NaiveVectorizedV2Wildcard,5,311477.0,61006.0,62295.4,62233.7436563253,67483.0,370.0,60636.0,0.024129142289400992,0.024614740449883276,14,17
job_title_title,title.title,utf8,static,trigram,trigram,prefix_one_piece,One Piece%,NaiveVectorizedV2,5,324691.0,62380.0,64938.2,64823.821792643255,70663.0,349.0,62031.0,0.02467258787681267,0.02563917024190178,14,17
job_title_title,title.title,utf8,static,trigram,trigram,prefix_one_piece,One Piece%,StdSearch,5,322750.0,63206.0,64550.0,64495.56034542944,69614.0,272.0,62934.0,0.02499928806254924,0.025509336009728826,14,17
job_title_title,title.title,utf8,static,trigram,trigram,prefix_saw,Saw%,NaiveVectorizedV2Wildcard,5,18832.0,3368.0,3766.4,3719.6238275564824,4908.0,3198.0,170.0,0.0013321140745287765,0.0014711886142044512,131,570
job_title_title,title.title,utf8,static,trigram,trigram,prefix_saw,Saw%,StdSearch,5,20551.0,3706.0,4110.2,4068.0633217528466,5284.0,3535.0,171.0,0.0014658001069488258,0.001609003683783032,131,570
job_title_title,title.title,utf8,static,trigram,trigram,prefix_saw,Saw%,NaiveVectorizedV2,5,34594.0,6275.0,6918.8,6834.179657269476,9163.0,5935.0,340.0,0.0024818930575023967,0.0027030602462312717,131,570
job_title_title,title.title,utf8,static,trigram,trigram,prefix_vampire,Vampire%,NaiveVectorizedV2Wildcard,5,308398.0,58987.0,61679.6,61343.76055324413,74071.0,17523.0,41464.0,0.023330585782134483,0.024262733615647143,284,936
job_title_title,title.title,utf8,static,trigram,trigram,prefix_vampire,Vampire%,StdSearch,5,308717.0,60283.0,61743.4,61610.28240814842,69463.0,20981.0,39703.0,0.023843180746679998,0.024368148554509268,284,936
job_title_title,title.title,utf8,static,trigram,trigram,prefix_vampire,Vampire%,NaiveVectorizedV2,5,342168.0,63949.0,68433.6,67654.29539726603,89309.0,22582.0,41367.0,0.025293160021389764,0.026758681443297364,284,936
