dataset,column,storage,generic_matcher,requested_index,actual_index,pattern_name,pattern,algorithm,runs,sum_query_total_ns,median_query_total_ns,mean_query_total_ns,geomean_query_total_ns,p90_query_total_ns,median_execute_ns,median_candidate_prepare_ns,median_ns_per_table_row,geomean_ns_per_table_row,rows_matched,candidate_rows_seen
job_name_name,name.name,utf8,adaptive,fm,fm,contains_an,%An%,NaiveVectorizedV2,5,61754165.0,12425935.0,12350833.0,12349277.973581988,12569985.0,9383011.0,3115153.0,2.9816345134278635,2.963240466165853,163621,163621
job_name_name,name.name,utf8,adaptive,fm,fm,contains_an,%An%,NaiveVectorizedV2Wildcard,5,66183538.0,13221222.0,13236707.6,13234644.810398018,13587146.0,10005780.0,3307250.0,3.1724656393979016,3.1756864766829738,163621,163621
job_name_name,name.name,utf8,adaptive,fm,fm,contains_an,%An%,StdSearch,5,79718745.0,15793370.0,15943749.0,15940641.986057611,16528679.0,12705135.0,3189116.0,3.7896590538527857,3.8249973391802543,163621,163621
job_name_name,name.name,utf8,adaptive,fm,fm,contains_ang,%Ang%,NaiveVectorizedV2Wildcard,5,2999886.0,562079.0,599977.2,595823.353231409,747570.0,379808.0,185270.0,0.13487227686874428,0.14296931972532342,15803,15803
job_name_name,name.name,utf8,adaptive,fm,fm,contains_ang,%Ang%,NaiveVectorizedV2,5,3157743.0,607925.0,631548.6,628924.1486081709,747808.0,425678.0,182247.0,0.14587314045789182,0.1509119392479003,15803,15803
job_name_name,name.name,utf8,adaptive,fm,fm,contains_ang,%Ang%,StdSearch,5,3538213.0,698712.0,707642.6,707374.8773307855,744367.0,517979.0,183630.0,0.16765771059853518,0.1697363899120085,15803,15803
job_name_name,name.name,utf8,adaptive,fm,fm,contains_angel,%Angel%,NaiveVectorizedV2,5,2395951.0,477860.0,479190.2,479054.48416917433,497803.0,341578.0,135417.0,0.11466371493063812,0.11495033442643873,12221,12221
job_name_name,name.name,utf8,adaptive,fm,fm,contains_angel,%Angel%,NaiveVectorizedV2Wildcard,5,2481864.0,495891.0,496372.8,496308.1765338168,506727.0,356368.0,141372.0,0.1189902989592539,0.11909040152307884,12221,12221
job_name_name,name.name,utf8,adaptive,fm,fm,contains_angel,%Angel%,StdSearch,5,3194227.0,636091.0,638845.4,638748.9773472169,660254.0,489872.0,142222.0,0.15263164335567853,0.1532694317389569,12221,12221
job_name_name,name.name,utf8,adaptive,fm,fm,contains_b,%B%,NaiveVectorizedV2,5,106235903.0,21135168.0,21247180.6,21244694.63385874,21868669.0,10367475.0,10767693.0,5.071436986906511,5.097718179561455,536716,536716
job_name_name,name.name,utf8,adaptive,fm,fm,contains_b,%B%,NaiveVectorizedV2Wildcard,5,120859594.0,24178719.0,24171918.8,24169011.535121486,24754718.0,13011537.0,11126046.0,5.80174474282008,5.799415412084029,536716,536716
job_name_name,name.name,utf8,adaptive,fm,fm,contains_b,%B%,StdSearch,5,142130942.0,28569592.0,28426188.4,28421615.941557422,29225960.0,17539587.0,10701064.0,6.855345818383291,6.819838589107316,536716,536716
job_name_name,name.name,utf8,adaptive,fm,fm,contains_bert,%Bert%,NaiveVectorizedV2Wildcard,5,928639.0,170252.0,185727.8,183474.12789227266,247851.0,119693.0,50559.0,0.04085239776162684,0.0440250807721654,5216,5216
job_name_name,name.name,utf8,adaptive,fm,fm,contains_bert,%Bert%,NaiveVectorizedV2,5,1273930.0,276817.0,254786.0,245141.46983109912,344164.0,204661.0,72156.0,0.06642293888577083,0.05882231535259445,5216,5216
job_name_name,name.name,utf8,adaptive,fm,fm,contains_bert,%Bert%,StdSearch,5,1795601.0,359932.0,359120.2,359088.060647988,365454.0,276833.0,80656.0,0.08636659323319475,0.08616408785237639,5216,5216
job_name_name,name.name,utf8,adaptive,fm,fm,contains_downey_robert,%Downey%Robert%,NaiveVectorizedV2,5,9695959.0,1614042.0,1939191.8,1854612.4570080289,3073136.0,1075458.0,538584.0,0.3872934578622965,0.4450189471334267,2,38048
job_name_name,name.name,utf8,adaptive,fm,fm,contains_downey_robert,%Downey%Robert%,NaiveVectorizedV2Wildcard,5,12872626.0,2303823.0,2574525.2,2475070.2330621523,3752644.0,1678294.0,625529.0,0.5528081524351223,0.5938993588857544,2,38048
job_name_name,name.name,utf8,adaptive,fm,fm,contains_downey_robert,%Downey%Robert%,StdSearch,5,14738774.0,2734713.0,2947754.8,2841418.6653645863,3917821.0,2102682.0,632031.0,0.6562012971353748,0.6818055912693245,2,38048
job_name_name,name.name,utf8,adaptive,fm,fm,contains_tim,%Tim%,NaiveVectorizedV2Wildcard,5,3371821.0,579061.0,674364.2,656686.6776476927,1012757.0,410586.0,170174.0,0.13894715069570637,0.1575736282688298,15502,15502
job_name_name,name.name,utf8,adaptive,fm,fm,contains_tim,%Tim%,NaiveVectorizedV2,5,3243782.0,607516.0,648756.4,640397.2917438517,870533.0,416279.0,187057.0,0.14577499987402492,0.15366494894502525,15502,15502
job_name_name,name.name,utf8,adaptive,fm,fm,contains_tim,%Tim%,StdSearch,5,4592388.0,719023.0,918477.6,866964.3309315394,1620068.0,535667.0,184853.0,0.1725313863905165,0.20803028271243776,15502,15502
job_name_name,name.name,utf8,adaptive,fm,fm,contains_yo,%Yo%,NaiveVectorizedV2,5,3872095.0,636928.0,774419.0,749512.9445326776,1180494.0,396108.0,254917.0,0.15283248362144033,0.1798475256533674,21066,21066
job_name_name,name.name,utf8,adaptive,fm,fm,contains_yo,%Yo%,NaiveVectorizedV2Wildcard,5,3849064.0,671361.0,769812.8,754611.329784866,1089077.0,419636.0,256542.0,0.1610947690108989,0.18107089608228671,21066,21066
job_name_name,name.name,utf8,adaptive,fm,fm,contains_yo,%Yo%,StdSearch,5,3989542.0,776874.0,797908.4,795533.4201685117,906243.0,531559.0,245315.0,0.1864128800758058,0.19089025511237148,21066,21066
job_name_name,name.name,utf8,adaptive,fm,fm,not_contains_yu,%Yu%,NaiveVectorizedV2Wildcard,5,4093254.0,554480.0,818650.8,750733.9034813766,1365852.0,371424.0,183056.0,0.13304887761005363,0.1801404978394378,16079,16079
job_name_name,name.name,utf8,adaptive,fm,fm,not_contains_yu,%Yu%,StdSearch,5,4057033.0,734945.0,811406.6,784256.0278214137,1273757.0,538922.0,184849.0,0.17635191053801916,0.18818421631178406,16079,16079
job_name_name,name.name,utf8,adaptive,fm,fm,not_contains_yu,%Yu%,NaiveVectorizedV2,5,4938073.0,788644.0,987614.6,897697.5726328783,1624324.0,535610.0,253034.0,0.18923712132791648,0.2154048017459135,16079,16079
job_name_name,name.name,utf8,adaptive,fm,fm,prefix_a,A%,StdSearch,5,84404002.0,16810268.0,16880800.4,16880298.49124953,17115958.0,5795443.0,11014825.0,4.033666299459315,4.0504702928571445,177263,552032
job_name_name,name.name,utf8,adaptive,fm,fm,prefix_a,A%,NaiveVectorizedV2,5,88401556.0,17476911.0,17680311.2,17637453.287106715,19523240.0,6083615.0,11393296.0,4.193628972444092,4.2321515000528365,177263,552032
job_name_name,name.name,utf8,adaptive,fm,fm,prefix_a,A%,NaiveVectorizedV2Wildcard,5,88280545.0,17826148.0,17656109.0,17653531.86625931,17943173.0,6016047.0,11423234.0,4.277429273392552,4.2360095957638055,177263,552032
job_name_name,name.name,utf8,adaptive,fm,fm,prefix_b,B%,StdSearch,5,88886759.0,17783561.0,17777351.8,17774155.98119104,18227526.0,6981730.0,10845685.0,4.267210415091478,4.264953657054336,343399,536716
job_name_name,name.name,utf8,adaptive,fm,fm,prefix_b,B%,NaiveVectorizedV2Wildcard,5,89890908.0,17815291.0,17978181.6,17975803.118619237,18437541.0,7038394.0,10808757.0,4.274824108798315,4.313339397402242,343399,536716
job_name_name,name.name,utf8,adaptive,fm,fm,prefix_b,B%,NaiveVectorizedV2,5,90918754.0,18195299.0,18183750.8,18181474.91482158,18625751.0,7161193.0,11034106.0,4.366007988979461,4.362690864796491,343399,536716
job_name_name,name.name,utf8,adaptive,fm,fm,prefix_x,X%,NaiveVectorizedV2,5,848399.0,164935.0,169679.8,169490.0982324764,179971.0,76739.0,88196.0,0.0395765701713573,0.04066957750658039,2664,8750
job_name_name,name.name,utf8,adaptive,fm,fm,prefix_x,X%,NaiveVectorizedV2Wildcard,5,1660968.0,356105.0,332193.6,315951.7107994399,438697.0,223421.0,134445.0,0.08544829490933514,0.07581341166650148,2664,8750
job_name_name,name.name,utf8,adaptive,fm,fm,prefix_x,X%,StdSearch,5,1851171.0,366950.0,370234.2,366368.66288606,442193.0,227582.0,139368.0,0.08805058007323831,0.08791108676324903,2664,8750
job_name_name,name.name,utf8,adaptive,fm,fm,prefix_z,Z%,StdSearch,5,7547343.0,1252591.0,1509468.6,1439619.975112544,2303615.0,399283.0,853308.0,0.3005623767393859,0.3454404520879692,36174,59261
job_name_name,name.name,utf8,adaptive,fm,fm,prefix_z,Z%,NaiveVectorizedV2Wildcard,5,8189670.0,1435727.0,1637934.0,1563515.3162564482,2375770.0,535168.0,900559.0,0.34450632286908356,0.37516945237708904,36174,59261
job_name_name,name.name,utf8,adaptive,fm,fm,prefix_z,Z%,NaiveVectorizedV2,5,9236141.0,1864223.0,1847228.2,1770648.6087391418,2515518.0,771110.0,1093113.0,0.44732502121780227,0.4248716094981704,36174,59261
job_name_name,name.name,utf8,adaptive,full-scan,full-scan,contains_an,%An%,NaiveVectorizedV2,5,319637254.0,63996400.0,63927450.8,63927114.73585264,64205098.0,63996290.0,110.0,15.356097949581654,15.339472775310762,163621,4167491
job_name_name,name.name,utf8,adaptive,full-scan,full-scan,contains_an,%An%,NaiveVectorizedV2Wildcard,5,341500307.0,68335244.0,68300061.4,68299834.66430561,68543220.0,68335114.0,129.0,16.39721453507638,16.388717975469085,163621,4167491
job_name_name,name.name,utf8,adaptive,full-scan,full-scan,contains_an,%An%,StdSearch,5,461769947.0,92303701.0,92353989.4,92353215.41270128,92907215.0,92303591.0,110.0,22.14850637949788,22.16038748798772,163621,4167491
job_name_name,name.name,utf8,adaptive,full-scan,full-scan,contains_ang,%Ang%,NaiveVectorizedV2,5,310782683.0,61940850.0,62156536.6,62154318.977634385,63014091.0,61940392.0,119.0,14.862863531079011,14.914085951867545,15803,4167491
job_name_name,name.name,utf8,adaptive,full-scan,full-scan,contains_ang,%Ang%,NaiveVectorizedV2Wildcard,5,337740099.0,67431454.0,67548019.8,67546369.8256989,68232119.0,67431324.0,110.0,16.180347839983337,16.207922182843117,15803,4167491
job_name_name,name.name,utf8,adaptive,full-scan,full-scan,contains_ang,%Ang%,StdSearch,5,443426323.0,88919960.0,88685264.6,88683389.52397265,89341947.0,88919850.0,110.0,21.336569173154782,21.27980348943111,15803,4167491
job_name_name,name.name,utf8,adaptive,full-scan,full-scan,contains_angel,%Angel%,NaiveVectorizedV2,5,298412157.0,59545899.0,59682431.4,59681364.55549845,60160782.0,59545699.0,110.0,14.288188984691269,14.32069428716186,12221,4167491
job_name_name,name.name,utf8,adaptive,full-scan,full-scan,contains_angel,%Angel%,NaiveVectorizedV2Wildcard,5,323202567.0,64705282.0,64640513.4,64639367.28628706,65129738.0,64705182.0,100.0,15.526195977387834,15.510379575213753,12221,4167491
job_name_name,name.name,utf8,adaptive,full-scan,full-scan,contains_angel,%Angel%,StdSearch,5,531604599.0,106319820.0,106320919.8,106312692.59415229,107696952.0,106319709.0,111.0,25.51170956337998,25.509999324330185,12221,4167491
job_name_name,name.name,utf8,adaptive,full-scan,full-scan,contains_b,%B%,NaiveVectorizedV2,5,263724736.0,52864640.0,52744947.2,52743390.29825822,53261495.0,52864130.0,110.0,12.685003998808876,12.655909826381903,536716,4167491
job_name_name,name.name,utf8,adaptive,full-scan,full-scan,contains_b,%B%,NaiveVectorizedV2Wildcard,5,349255543.0,68158394.0,69851108.6,69781088.04534543,76225187.0,68158294.0,100.0,16.354778930536384,16.744148468549888,536716,4167491
job_name_name,name.name,utf8,adaptive,full-scan,full-scan,contains_b,%B%,StdSearch,5,463509107.0,89513475.0,92701821.4,92504119.37785475,105075562.0,89513365.0,110.0,21.478984597687194,22.196597275880027,536716,4167491
job_name_name,name.name,utf8,adaptive,full-scan,full-scan,contains_bert,%Bert%,NaiveVectorizedV2,5,304007082.0,60754875.0,60801416.4,60800374.51388365,61190494.0,60754765.0,110.0,14.57828583193101,14.5892035553007,5216,4167491
job_name_name,name.name,utf8,adaptive,full-scan,full-scan,contains_bert,%Bert%,NaiveVectorizedV2Wildcard,5,336767107.0,66382390.0,67353421.4,67315199.17549847,71932027.0,66382280.0,110.0,15.928622281367854,16.152452200976196,5216,4167491
job_name_name,name.name,utf8,adaptive,full-scan,full-scan,contains_bert,%Bert%,StdSearch,5,501855171.0,100165679.0,100371034.2,100370237.87786718,101133571.0,100165569.0,111.0,24.0350078740422,24.08409229386871,5216,4167491
job_name_name,name.name,utf8,adaptive,full-scan,full-scan,contains_downey_robert,%Downey%Robert%,NaiveVectorizedV2,5,332530948.0,66104367.0,66506189.6,66501717.59482906,67698872.0,66104267.0,110.0,15.861909959733566,15.957255239382434,2,4167491
job_name_name,name.name,utf8,adaptive,full-scan,full-scan,contains_downey_robert,%Downey%Robert%,NaiveVectorizedV2Wildcard,5,356714276.0,70664869.0,71342855.2,71334653.63937494,72838941.0,70664349.0,110.0,16.95621394263359,17.116930459927797,2,4167491
job_name_name,name.name,utf8,adaptive,full-scan,full-scan,contains_downey_robert,%Downey%Robert%,StdSearch,5,505850773.0,101109666.0,101170154.6,101169792.63261987,101628689.0,101109545.0,111.0,24.261519940894892,24.275947478379656,2,4167491
job_name_name,name.name,utf8,adaptive,full-scan,full-scan,contains_tim,%Tim%,NaiveVectorizedV2,5,308671070.0,61541876.0,61734214.0,61732513.30774313,62621403.0,61541356.0,110.0,14.767128711255765,14.812872615140178,15502,4167491
job_name_name,name.name,utf8,adaptive,full-scan,full-scan,contains_tim,%Tim%,NaiveVectorizedV2Wildcard,5,350219405.0,69065082.0,70043881.0,69998448.2643889,75098783.0,69064562.0,110.0,16.572341008054966,16.796304602550745,15502,4167491
job_name_name,name.name,utf8,adaptive,full-scan,full-scan,contains_tim,%Tim%,StdSearch,5,437757575.0,87375661.0,87551515.0,87549327.08483224,88599781.0,87375139.0,111.0,20.966010724438277,21.007682340485548,15502,4167491
job_name_name,name.name,utf8,adaptive,full-scan,full-scan,contains_yo,%Yo%,NaiveVectorizedV2,5,314656397.0,63015448.0,62931279.4,62926546.3246487,64072978.0,63015308.0,130.0,15.120716037539133,15.099383855813631,21066,4167491
job_name_name,name.name,utf8,adaptive,full-scan,full-scan,contains_yo,%Yo%,NaiveVectorizedV2Wildcard,5,336206955.0,67544858.0,67241391.0,67239763.50527987,67715606.0,67544748.0,110.0,16.20755941644505,16.134351221221568,21066,4167491
job_name_name,name.name,utf8,adaptive,full-scan,full-scan,contains_yo,%Yo%,StdSearch,5,435397471.0,87253879.0,87079494.2,87078405.91249268,87696200.0,87253769.0,100.0,20.936788825698724,20.894683614791916,21066,4167491
job_name_name,name.name,utf8,adaptive,full-scan,full-scan,not_contains_yu,%Yu%,NaiveVectorizedV2,5,319627441.0,63956837.0,63925488.2,63919207.55916415,65256969.0,63956717.0,120.0,15.346604707724623,15.337575428276685,16079,4167491
job_name_name,name.name,utf8,adaptive,full-scan,full-scan,not_contains_yu,%Yu%,NaiveVectorizedV2Wildcard,5,339178700.0,67942306.0,67835740.0,67832957.62586695,68692640.0,67942176.0,130.0,16.302928068710887,16.276689649927736,16079,4167491
job_name_name,name.name,utf8,adaptive,full-scan,full-scan,not_contains_yu,%Yu%,StdSearch,5,411995959.0,82125923.0,82399191.8,82398059.44785203,83064209.0,82125793.0,111.0,19.706322821093075,19.771622649659438,16079,4167491
job_name_name,name.name,utf8,adaptive,full-scan,full-scan,prefix_a,A%,StdSearch,5,74522377.0,14824389.0,14904475.4,14902018.843043393,15435100.0,14824289.0,100.0,3.557149613520461,3.5757770905908113,177263,4167491
job_name_name,name.name,utf8,adaptive,full-scan,full-scan,prefix_a,A%,NaiveVectorizedV2Wildcard,5,74774882.0,14856900.0,14954976.4,14953941.252881581,15241031.0,14856800.0,110.0,3.5649507101515034,3.58823600408054,177263,4167491
job_name_name,name.name,utf8,adaptive,full-scan,full-scan,prefix_a,A%,NaiveVectorizedV2,5,76766883.0,15225312.0,15353376.6,15350799.11653462,15799824.0,15225182.0,110.0,3.6533521008203738,3.683463051638173,177263,4167491
job_name_name,name.name,utf8,adaptive,full-scan,full-scan,prefix_b,B%,StdSearch,5,74371550.0,14943247.0,14874310.0,14874034.047586506,14948580.0,14942425.0,101.0,3.585669891068751,3.569062068181195,343399,4167491
job_name_name,name.name,utf8,adaptive,full-scan,full-scan,prefix_b,B%,NaiveVectorizedV2Wildcard,5,75525355.0,15115416.0,15105071.0,15104623.163503839,15302796.0,15115316.0,80.0,3.626982277826155,3.624392509426848,343399,4167491
job_name_name,name.name,utf8,adaptive,full-scan,full-scan,prefix_b,B%,NaiveVectorizedV2,5,77925927.0,15411011.0,15585185.4,15581330.189803733,16268699.0,15410901.0,110.0,3.697911045278802,3.7387795654036715,343399,4167491
job_name_name,name.name,utf8,adaptive,full-scan,full-scan,prefix_x,X%,NaiveVectorizedV2Wildcard,5,73298177.0,14734200.0,14659635.4,14658957.961003259,14839357.0,14734170.0,110.0,3.5355085349914375,3.517454017537948,2664,4167491
job_name_name,name.name,utf8,adaptive,full-scan,full-scan,prefix_x,X%,NaiveVectorizedV2,5,73807304.0,14743900.0,14761460.8,14761335.59748273,14850003.0,14743471.0,110.0,3.5378360745110187,3.5420197902005617,2664,4167491
job_name_name,name.name,utf8,adaptive,full-scan,full-scan,prefix_x,X%,StdSearch,5,89095188.0,14932888.0,17819037.6,17449202.764877662,22389695.0,14932788.0,100.0,3.5831842228333546,4.18698031138583,2664,4167491
job_name_name,name.name,utf8,adaptive,full-scan,full-scan,prefix_z,Z%,StdSearch,5,73962929.0,14772154.0,14792585.8,14792067.34243028,15014209.0,14772053.0,110.0,3.544615693231251,3.549393950084178,36174,4167491
job_name_name,name.name,utf8,adaptive,full-scan,full-scan,prefix_z,Z%,NaiveVectorizedV2Wildcard,5,74768557.0,14879172.0,14953711.4,14952830.623810519,15159961.0,14878661.0,120.0,3.570294932850485,3.587969505827486,36174,4167491
job_name_name,name.name,utf8,adaptive,full-scan,full-scan,prefix_z,Z%,NaiveVectorizedV2,5,74271242.0,14956539.0,14854248.4,14853336.207548125,15040272.0,14956439.0,110.0,3.588859340068161,3.5640955691441563,36174,4167491
job_name_name,name.name,utf8,adaptive,prefix-btree,full-scan,contains_an,%An%,NaiveVectorizedV2,5,319887795.0,63798267.0,63977559.0,63974517.90342118,65165111.0,63796923.0,408.0,15.308555435392663,15.35084728519419,163621,4167491
job_name_name,name.name,utf8,adaptive,prefix-btree,full-scan,contains_an,%An%,NaiveVectorizedV2Wildcard,5,355569154.0,68346108.0,71113830.8,70952119.87680584,80911234.0,68345618.0,380.0,16.399821379338313,17.0251405166336,163621,4167491
job_name_name,name.name,utf8,adaptive,prefix-btree,full-scan,contains_an,%An%,StdSearch,5,463959340.0,92907405.0,92791868.0,92788758.57471742,93910175.0,92907044.0,361.0,22.29336668033596,22.26489717067593,163621,4167491
job_name_name,name.name,utf8,adaptive,prefix-btree,full-scan,contains_ang,%Ang%,NaiveVectorizedV2,5,311724518.0,62451934.0,62344903.6,62341932.01828503,63100770.0,62451417.0,517.0,14.985499428793007,14.959104175218386,15803,4167491
job_name_name,name.name,utf8,adaptive,prefix-btree,full-scan,contains_ang,%Ang%,NaiveVectorizedV2Wildcard,5,350274038.0,67449888.0,70054807.6,69892502.82443461,79872654.0,67448908.0,470.0,16.184771124880655,16.770882726425715,15803,4167491
job_name_name,name.name,utf8,adaptive,prefix-btree,full-scan,contains_ang,%Ang%,StdSearch,5,440949294.0,88631188.0,88189858.8,88187179.37711458,88912533.0,88630798.0,570.0,21.26727760179926,21.16073661037648,15803,4167491
job_name_name,name.name,utf8,adaptive,prefix-btree,full-scan,contains_angel,%Angel%,NaiveVectorizedV2,5,299697384.0,59994047.0,59939476.8,59937669.919458516,60567530.0,59992507.0,450.0,14.395723230116154,14.382195407130702,12221,4167491
job_name_name,name.name,utf8,adaptive,prefix-btree,full-scan,contains_angel,%Angel%,NaiveVectorizedV2Wildcard,5,324410112.0,64886188.0,64882022.4,64881077.44264198,65500634.0,64885778.0,410.0,15.569604829380555,15.568378538224035,12221,4167491
job_name_name,name.name,utf8,adaptive,prefix-btree,full-scan,contains_angel,%Angel%,StdSearch,5,525514811.0,105198138.0,105102962.2,105098322.15826805,106801980.0,105196728.0,484.0,25.242559132101306,25.21860806856401,12221,4167491
job_name_name,name.name,utf8,adaptive,prefix-btree,full-scan,contains_b,%B%,NaiveVectorizedV2,5,263139483.0,52323650.0,52627896.6,52624851.64550322,53657563.0,52322830.0,590.0,12.555192080798735,12.6274661770123,536716,4167491
job_name_name,name.name,utf8,adaptive,prefix-btree,full-scan,contains_b,%B%,NaiveVectorizedV2Wildcard,5,337571450.0,67649302.0,67514290.0,67513547.71517754,67888515.0,67648892.0,520.0,16.23262101825775,16.200046434456027,536716,4167491
job_name_name,name.name,utf8,adaptive,prefix-btree,full-scan,contains_b,%B%,StdSearch,5,445410115.0,89057365.0,89082023.0,89079644.19332828,90138018.0,89056992.0,373.0,21.36953985023603,21.37488579899229,536716,4167491
job_name_name,name.name,utf8,adaptive,prefix-btree,full-scan,contains_bert,%Bert%,NaiveVectorizedV2,5,305425866.0,61135667.0,61085173.2,61084287.25891223,61467442.0,61135237.0,430.0,14.669657834893945,14.657329136142643,5216,4167491
job_name_name,name.name,utf8,adaptive,prefix-btree,full-scan,contains_bert,%Bert%,NaiveVectorizedV2Wildcard,5,330543231.0,65614360.0,66108646.2,66103034.65731467,67354102.0,65613960.0,400.0,15.74433154144784,15.861590260738371,5216,4167491
job_name_name,name.name,utf8,adaptive,prefix-btree,full-scan,contains_bert,%Bert%,StdSearch,5,502843576.0,100678063.0,100568715.2,100567514.76571219,101149472.0,100677731.0,393.0,24.157955710042327,24.13142938178208,5216,4167491
job_name_name,name.name,utf8,adaptive,prefix-btree,full-scan,contains_downey_robert,%Downey%Robert%,NaiveVectorizedV2,5,328900010.0,65827173.0,65780002.0,65777094.66484805,66772561.0,65826543.0,330.0,15.795396558744818,15.783380135637474,2,4167491
job_name_name,name.name,utf8,adaptive,prefix-btree,full-scan,contains_downey_robert,%Downey%Robert%,NaiveVectorizedV2Wildcard,5,351168167.0,70633761.0,70233633.4,70229467.94262008,70980077.0,70633481.0,280.0,16.94874949939904,16.851738358311994,2,4167491
job_name_name,name.name,utf8,adaptive,prefix-btree,full-scan,contains_downey_robert,%Downey%Robert%,StdSearch,5,508152240.0,101486680.0,101630448.0,101627538.9030027,102557156.0,101486480.0,201.0,24.35198540320783,24.38578485304532,2,4167491
job_name_name,name.name,utf8,adaptive,prefix-btree,full-scan,contains_tim,%Tim%,NaiveVectorizedV2,5,308352586.0,61691913.0,61670517.2,61670126.737269476,61910767.0,61690504.0,590.0,14.803130468668078,14.797902799854755,15502,4167491
job_name_name,name.name,utf8,adaptive,prefix-btree,full-scan,contains_tim,%Tim%,NaiveVectorizedV2Wildcard,5,338884360.0,66816631.0,67776872.0,67761883.67944337,70053257.0,66816181.0,500.0,16.032819506988737,16.259635276823282,15502,4167491
job_name_name,name.name,utf8,adaptive,prefix-btree,full-scan,contains_tim,%Tim%,StdSearch,5,450913955.0,87490964.0,90182791.0,90047566.39376885,100313515.0,87489940.0,371.0,20.993677970750266,21.607141177693954,15502,4167491
job_name_name,name.name,utf8,adaptive,prefix-btree,full-scan,contains_yo,%Yo%,NaiveVectorizedV2,5,309878002.0,61943933.0,61975600.4,61975121.45765992,62421209.0,61943483.0,450.0,14.863603304722194,14.8710870539756,21066,4167491
job_name_name,name.name,utf8,adaptive,prefix-btree,full-scan,contains_yo,%Yo%,NaiveVectorizedV2Wildcard,5,348354636.0,67429795.0,69670927.2,69509753.72861265,79435804.0,67429355.0,440.0,16.17994975873973,16.679041113373156,21066,4167491
job_name_name,name.name,utf8,adaptive,prefix-btree,full-scan,contains_yo,%Yo%,StdSearch,5,446670019.0,88326668.0,89334003.8,89297986.14902292,94337205.0,88326227.0,371.0,21.19420725803607,21.427277503184314,21066,4167491
job_name_name,name.name,utf8,adaptive,prefix-btree,full-scan,not_contains_yu,%Yu%,NaiveVectorizedV2,5,313387991.0,62598795.0,62677598.2,62677212.70138513,63025342.0,62597585.0,370.0,15.020739096977055,15.039555622648018,16079,4167491
job_name_name,name.name,utf8,adaptive,prefix-btree,full-scan,not_contains_yu,%Yu%,NaiveVectorizedV2Wildcard,5,341237275.0,68352981.0,68247455.0,68245967.15102145,68888933.0,68352721.0,351.0,16.401470573061825,16.375792329490658,16079,4167491
job_name_name,name.name,utf8,adaptive,prefix-btree,full-scan,not_contains_yu,%Yu%,StdSearch,5,409449089.0,81659969.0,81889817.8,81886256.27858694,83117340.0,81659508.0,461.0,19.594515980958327,19.64881418546244,16079,4167491
job_name_name,name.name,utf8,adaptive,prefix-btree,prefix-btree,prefix_a,A%,NaiveVectorizedV2,5,29116262.0,5792744.0,5823252.4,5822482.051893904,5984531.0,709458.0,5096672.0,1.3899835656513715,1.397119286374922,177263,177263
job_name_name,name.name,utf8,adaptive,prefix-btree,prefix-btree,prefix_a,A%,StdSearch,5,30976129.0,6192375.0,6195225.8,6190933.8788403245,6448617.0,716619.0,5470403.0,1.485876034285377,1.4855302336202574,177263,177263
job_name_name,name.name,utf8,adaptive,prefix-btree,prefix-btree,prefix_a,A%,NaiveVectorizedV2Wildcard,5,30784316.0,6208730.0,6156863.2,6151152.608268661,6554223.0,715460.0,5483234.0,1.4898004578774136,1.4759846171878135,177263,177263
job_name_name,name.name,utf8,adaptive,prefix-btree,prefix-btree,prefix_b,B%,StdSearch,5,59298257.0,11869449.0,11859651.4,11859222.91297198,12011684.0,1385672.0,10459738.0,2.848104291047059,2.845650515615271,343399,343399
job_name_name,name.name,utf8,adaptive,prefix-btree,prefix-btree,prefix_b,B%,NaiveVectorizedV2Wildcard,5,60305807.0,12104403.0,12061161.4,12058151.623557983,12468030.0,1376469.0,10727934.0,2.904482097261878,2.8933839625707636,343399,343399
job_name_name,name.name,utf8,adaptive,prefix-btree,prefix-btree,prefix_b,B%,NaiveVectorizedV2,5,64291359.0,12383209.0,12858271.8,12833840.099939598,14092858.0,1439370.0,10980229.0,2.9713823017254266,3.079512373257574,343399,343399
job_name_name,name.name,utf8,adaptive,prefix-btree,prefix-btree,prefix_x,X%,NaiveVectorizedV2Wildcard,5,271172.0,47140.0,54234.4,52321.90493707372,85033.0,13458.0,33682.0,0.011311362160110243,0.01255477334853841,2664,2664
job_name_name,name.name,utf8,adaptive,prefix-btree,prefix-btree,prefix_x,X%,NaiveVectorizedV2,5,272478.0,49675.0,54495.6,53246.574861194844,77277.0,15415.0,34260.0,0.011919641818062715,0.01277665023420442,2664,2664
job_name_name,name.name,utf8,adaptive,prefix-btree,prefix-btree,prefix_x,X%,StdSearch,5,276531.0,50642.0,55306.2,54580.26262624861,67800.0,14893.0,35749.0,0.012151675912437484,0.013096671984714203,2664,2664
job_name_name,name.name,utf8,adaptive,prefix-btree,prefix-btree,prefix_z,Z%,StdSearch,5,4192863.0,668960.0,838572.6,809851.7755347529,1238510.0,145071.0,523889.0,0.16051864299167054,0.1943259806763239,36174,36174
job_name_name,name.name,utf8,adaptive,prefix-btree,prefix-btree,prefix_z,Z%,NaiveVectorizedV2,5,3376950.0,673309.0,675390.0,675164.3049158965,695582.0,143387.0,528222.0,0.1615621965350375,0.16200738163943135,36174,36174
job_name_name,name.name,utf8,adaptive,prefix-btree,prefix-btree,prefix_z,Z%,NaiveVectorizedV2Wildcard,5,4168571.0,703554.0,833714.2,805476.9664390483,1274595.0,143961.0,559203.0,0.16881956073810359,0.19327623417520268,36174,36174
job_name_name,name.name,utf8,adaptive,qgram,full-scan,contains_an,%An%,NaiveVectorizedV2,5,320922447.0,64284540.0,64184489.4,64183329.08187766,64662486.0,64284431.0,110.0,15.425237870939613,15.400952055295996,163621,4167491
job_name_name,name.name,utf8,adaptive,qgram,full-scan,contains_an,%An%,NaiveVectorizedV2Wildcard,5,342814636.0,68707610.0,68562927.2,68561136.18690859,69152654.0,68707500.0,120.0,16.48656469804014,16.451417936333574,163621,4167491
job_name_name,name.name,utf8,adaptive,qgram,full-scan,contains_an,%An%,StdSearch,5,461837929.0,92452118.0,92367585.8,92365988.31352489,93111417.0,92452018.0,100.0,22.18411941381517,22.163452377827532,163621,4167491
job_name_name,name.name,utf8,adaptive,qgram,full-scan,contains_ang,%Ang%,NaiveVectorizedV2,5,310695449.0,61863726.0,62139089.8,62135465.403013945,63469594.0,61863268.0,110.0,14.84435743232559,14.909561988979432,15803,4167491
job_name_name,name.name,utf8,adaptive,qgram,full-scan,contains_ang,%Ang%,NaiveVectorizedV2Wildcard,5,338382572.0,67424200.0,67676514.4,67674223.97641803,68497002.0,67424090.0,120.0,16.178607224346734,16.23860110949686,15803,4167491
job_name_name,name.name,utf8,adaptive,qgram,full-scan,contains_ang,%Ang%,StdSearch,5,444560101.0,88943374.0,88912020.2,88907808.73683703,89970479.0,88943263.0,111.0,21.342187421640503,21.33365344684296,15803,4167491
job_name_name,name.name,utf8,adaptive,qgram,full-scan,contains_angel,%Angel%,NaiveVectorizedV2,5,299968657.0,60067290.0,59993731.4,59993471.776543476,60151664.0,60067180.0,110.0,14.413298073109216,14.395585203793718,12221,4167491
job_name_name,name.name,utf8,adaptive,qgram,full-scan,contains_angel,%Angel%,NaiveVectorizedV2Wildcard,5,326070291.0,65231781.0,65214058.2,65212316.33394064,65890105.0,65231671.0,110.0,15.652530743317742,15.64786014749413,12221,4167491
job_name_name,name.name,utf8,adaptive,qgram,full-scan,contains_angel,%Angel%,StdSearch,5,538859011.0,105155834.0,107771802.2,107637342.94578831,118674617.0,105155723.0,110.0,25.232408180365596,25.827852524645724,12221,4167491
job_name_name,name.name,utf8,adaptive,qgram,full-scan,contains_b,%B%,NaiveVectorizedV2,5,263844459.0,52608908.0,52768891.8,52764683.914289765,54042722.0,52608448.0,110.0,12.623640458971597,12.661019283374523,536716,4167491
job_name_name,name.name,utf8,adaptive,qgram,full-scan,contains_b,%B%,NaiveVectorizedV2Wildcard,5,354678854.0,69074984.0,70935770.8,70853032.922152,77593189.0,69074394.0,110.0,16.57471701798516,17.001364351393175,536716,4167491
job_name_name,name.name,utf8,adaptive,qgram,full-scan,contains_b,%B%,StdSearch,5,450051868.0,89841556.0,90010373.6,90007204.27096717,90990565.0,89841446.0,110.0,21.557708462957688,21.597456184300576,536716,4167491
job_name_name,name.name,utf8,adaptive,qgram,full-scan,contains_bert,%Bert%,NaiveVectorizedV2,5,303973054.0,60828270.0,60794610.8,60793809.619982615,61160336.0,60828170.0,110.0,14.595897147708298,14.587628292414434,5216,4167491
job_name_name,name.name,utf8,adaptive,qgram,full-scan,contains_bert,%Bert%,NaiveVectorizedV2Wildcard,5,328893325.0,65764073.0,65778665.0,65775933.76065955,66477451.0,65763963.0,110.0,15.78025555424115,15.783101573742906,5216,4167491
job_name_name,name.name,utf8,adaptive,qgram,full-scan,contains_bert,%Bert%,StdSearch,5,498521134.0,99654086.0,99704226.8,99701282.9100226,100753609.0,99653965.0,111.0,23.912249840491558,23.923574858355412,5216,4167491
job_name_name,name.name,utf8,adaptive,qgram,full-scan,contains_downey_robert,%Downey%Robert%,NaiveVectorizedV2,5,333733458.0,65817377.0,66746691.6,66717468.65456699,70751192.0,65817267.0,110.0,15.793045983782568,16.00902525154032,2,4167491
job_name_name,name.name,utf8,adaptive,qgram,full-scan,contains_downey_robert,%Downey%Robert%,NaiveVectorizedV2Wildcard,5,349062295.0,69753077.0,69812459.0,69811673.80637887,70412438.0,69752647.0,140.0,16.737427147413158,16.75148759922428,2,4167491
job_name_name,name.name,utf8,adaptive,qgram,full-scan,contains_downey_robert,%Downey%Robert%,StdSearch,5,505279974.0,100934389.0,101055994.8,101050618.44655004,102720016.0,100934278.0,111.0,24.21946178168111,24.247351331184625,2,4167491
job_name_name,name.name,utf8,adaptive,qgram,full-scan,contains_tim,%Tim%,NaiveVectorizedV2,5,307779656.0,61463099.0,61555931.2,61554357.83754507,62332950.0,61462999.0,100.0,14.748225970973902,14.770123759726175,15502,4167491
job_name_name,name.name,utf8,adaptive,qgram,full-scan,contains_tim,%Tim%,NaiveVectorizedV2Wildcard,5,347603036.0,67229710.0,69520607.2,69340406.16422504,79868160.0,67229150.0,110.0,16.13193885721649,16.638405737222953,15502,4167491
job_name_name,name.name,utf8,adaptive,qgram,full-scan,contains_tim,%Tim%,StdSearch,5,439571887.0,88003546.0,87914377.4,87913154.78673044,88667603.0,88003446.0,110.0,21.116673317350894,21.094983717236683,15502,4167491
job_name_name,name.name,utf8,adaptive,qgram,full-scan,contains_yo,%Yo%,NaiveVectorizedV2,5,314309108.0,62986383.0,62861821.6,62860797.725318104,63295408.0,62986273.0,110.0,15.113741817318862,15.083607313205558,21066,4167491
job_name_name,name.name,utf8,adaptive,qgram,full-scan,contains_yo,%Yo%,NaiveVectorizedV2Wildcard,5,338898995.0,68106674.0,67779799.0,67778007.72959036,68212302.0,68106573.0,101.0,16.342368585798987,16.263504283414214,21066,4167491
job_name_name,name.name,utf8,adaptive,qgram,full-scan,contains_yo,%Yo%,StdSearch,5,438032965.0,87730394.0,87606593.0,87604885.27131023,88252058.0,87730283.0,111.0,21.051129804479483,21.021013667770383,21066,4167491
job_name_name,name.name,utf8,adaptive,qgram,full-scan,not_contains_yu,%Yu%,NaiveVectorizedV2,5,314548074.0,62740637.0,62909614.8,62904231.19722151,64485088.0,62740527.0,110.0,15.054774443424114,15.094029284579479,16079,4167491
job_name_name,name.name,utf8,adaptive,qgram,full-scan,not_contains_yu,%Yu%,NaiveVectorizedV2Wildcard,5,340415596.0,68073677.0,68083119.2,68082141.23070297,68450305.0,68073567.0,110.0,16.334450872239437,16.336481885792402,16079,4167491
job_name_name,name.name,utf8,adaptive,qgram,full-scan,not_contains_yu,%Yu%,StdSearch,5,417822165.0,84043141.0,83564433.0,83559469.01247706,84581605.0,84043031.0,111.0,20.16636412652121,20.050305810492915,16079,4167491
job_name_name,name.name,utf8,adaptive,qgram,full-scan,prefix_a,A%,StdSearch,5,73813273.0,14772011.0,14762654.6,14762176.594865479,14942586.0,14771921.0,100.0,3.544581380019777,3.542221589648418,177263,4167491
job_name_name,name.name,utf8,adaptive,qgram,full-scan,prefix_a,A%,NaiveVectorizedV2,5,73738873.0,14811044.0,14747774.6,14747204.987933148,14914114.0,14810924.0,110.0,3.553947447037078,3.538629114719899,177263,4167491
job_name_name,name.name,utf8,adaptive,qgram,full-scan,prefix_a,A%,NaiveVectorizedV2Wildcard,5,74305842.0,14846543.0,14861168.4,14860750.206208438,15066815.0,14846023.0,110.0,3.5624655218211627,3.565874576863742,177263,4167491
job_name_name,name.name,utf8,adaptive,qgram,full-scan,prefix_b,B%,StdSearch,5,74911711.0,14939047.0,14982342.2,14982185.437187001,15093060.0,14939007.0,40.0,3.5846620904520248,3.5950132675000313,343399,4167491
job_name_name,name.name,utf8,adaptive,qgram,full-scan,prefix_b,B%,NaiveVectorizedV2,5,76031440.0,15080319.0,15206288.0,15203865.912600389,15753537.0,15079849.0,100.0,3.6185606639582426,3.6482060579375957,343399,4167491
job_name_name,name.name,utf8,adaptive,qgram,full-scan,prefix_b,B%,NaiveVectorizedV2Wildcard,5,89688615.0,15262384.0,17937723.0,17592104.689727437,23042076.0,15262244.0,120.0,3.662247620930675,4.221269989479866,343399,4167491
job_name_name,name.name,utf8,adaptive,qgram,full-scan,prefix_x,X%,NaiveVectorizedV2,5,73085898.0,14646971.0,14617179.6,14616833.291262658,14753989.0,14646871.0,100.0,3.5145777159446774,3.507346096551298,2664,4167491
job_name_name,name.name,utf8,adaptive,qgram,full-scan,prefix_x,X%,NaiveVectorizedV2Wildcard,5,73632180.0,14781531.0,14726436.0,14725825.59803289,14863272.0,14781141.0,90.0,3.546865728084356,3.533499076070682,2664,4167491
job_name_name,name.name,utf8,adaptive,qgram,full-scan,prefix_x,X%,StdSearch,5,75755704.0,15089363.0,15151140.8,15150499.486187737,15372170.0,15089252.0,111.0,3.6207307946195924,3.6354006490206574,2664,4167491
job_name_name,name.name,utf8,adaptive,qgram,full-scan,prefix_z,Z%,StdSearch,5,73885457.0,14750685.0,14777091.4,14776302.95027636,15058175.0,14750103.0,110.0,3.5394641524120867,3.5456112443377443,36174,4167491
job_name_name,name.name,utf8,adaptive,qgram,full-scan,prefix_z,Z%,NaiveVectorizedV2,5,73985627.0,14799594.0,14797125.4,14795729.530430196,15132486.0,14799064.0,110.0,3.5511999905938607,3.550272701352016,36174,4167491
job_name_name,name.name,utf8,adaptive,qgram,full-scan,prefix_z,Z%,NaiveVectorizedV2Wildcard,5,74109571.0,14819036.0,14821914.2,14821184.2165075,15018189.0,14818575.0,110.0,3.555865147639191,3.5563806176204125,36174,4167491
job_name_name,name.name,utf8,adaptive,trigram,full-scan,contains_an,%An%,NaiveVectorizedV2,5,322039427.0,64270098.0,64407885.4,64403520.53800378,65832696.0,64269988.0,110.0,15.421772476533242,15.45378755179167,163621,4167491
job_name_name,name.name,utf8,adaptive,trigram,full-scan,contains_an,%An%,NaiveVectorizedV2Wildcard,5,346951385.0,69408688.0,69390277.0,69387087.6898637,70504968.0,69408098.0,110.0,16.65479013631943,16.64960708730111,163621,4167491
job_name_name,name.name,utf8,adaptive,trigram,full-scan,contains_an,%An%,StdSearch,5,465328484.0,92795511.0,93065696.8,93064146.57510169,93967972.0,92795100.0,110.0,22.266517432191215,22.33097721749166,163621,4167491
job_name_name,name.name,utf8,adaptive,trigram,trigram,contains_ang,%Ang%,NaiveVectorizedV2Wildcard,5,2063807.0,399564.0,412761.4,411653.3692296834,475088.0,395045.0,4928.0,0.09587639181464339,0.09877726652071542,15803,15803
job_name_name,name.name,utf8,adaptive,trigram,trigram,contains_ang,%Ang%,NaiveVectorizedV2,5,2167169.0,426820.0,433433.8,432782.0535080703,479851.0,422561.0,4658.0,0.10241653791213946,0.10384714772223144,15803,15803
job_name_name,name.name,utf8,adaptive,trigram,trigram,contains_ang,%Ang%,StdSearch,5,2785575.0,547029.0,557115.0,556682.3862723475,601578.0,542518.0,4511.0,0.13126099132547617,0.13357734576327734,15803,15803
job_name_name,name.name,utf8,adaptive,trigram,trigram,contains_angel,%Angel%,NaiveVectorizedV2,5,2427948.0,482850.0,485589.6,485546.7650986162,496170.0,334453.0,146906.0,0.1158610780443197,0.11650817364659347,12221,12227
job_name_name,name.name,utf8,adaptive,trigram,trigram,contains_angel,%Angel%,NaiveVectorizedV2Wildcard,5,2465398.0,486064.0,493079.6,492729.34868756717,530477.0,339240.0,146824.0,0.11663228546864289,0.11823165273483931,12221,12227
job_name_name,name.name,utf8,adaptive,trigram,trigram,contains_angel,%Angel%,StdSearch,5,3357216.0,651982.0,671443.2,670300.0616618632,751923.0,492061.0,158834.0,0.15644472897481962,0.16084019417483147,12221,12227
job_name_name,name.name,utf8,adaptive,trigram,full-scan,contains_b,%B%,NaiveVectorizedV2,5,262470256.0,52806507.0,52494051.2,52491823.08269007,53028277.0,52806407.0,100.0,12.671054838510749,12.595545637096771,536716,4167491
job_name_name,name.name,utf8,adaptive,trigram,full-scan,contains_b,%B%,NaiveVectorizedV2Wildcard,5,355303785.0,68736707.0,71060757.0,70904872.25024307,80771800.0,68736607.0,110.0,16.4935465967413,17.013803329207658,536716,4167491
job_name_name,name.name,utf8,adaptive,trigram,full-scan,contains_b,%B%,StdSearch,5,450090147.0,89770820.0,90018029.4,90015207.38429911,91121978.0,89770357.0,110.0,21.5407351809518,21.599376551574792,536716,4167491
job_name_name,name.name,utf8,adaptive,trigram,trigram,contains_bert,%Bert%,NaiveVectorizedV2,5,1382541.0,274127.0,276508.2,276465.59649770404,286026.0,129998.0,145168.0,0.06577746658601062,0.06633861872712007,5216,5512
job_name_name,name.name,utf8,adaptive,trigram,trigram,contains_bert,%Bert%,NaiveVectorizedV2Wildcard,5,1520168.0,281488.0,304033.6,302470.0108951975,347810.0,132813.0,149575.0,0.06754375714308682,0.07257844369554667,5216,5512
job_name_name,name.name,utf8,adaptive,trigram,trigram,contains_bert,%Bert%,StdSearch,5,1660571.0,328361.0,332114.2,332072.11950278556,339756.0,182062.0,146299.0,0.07879105197827661,0.07968154448390782,5216,5512
job_name_name,name.name,utf8,adaptive,trigram,trigram,contains_downey_robert,%Downey%Robert%,NaiveVectorizedV2,5,9294871.0,1564249.0,1858974.2,1796096.4973896174,2776140.0,1014116.0,550133.0,0.37534550164595437,0.43097789470681896,2,38049
job_name_name,name.name,utf8,adaptive,trigram,trigram,contains_downey_robert,%Downey%Robert%,NaiveVectorizedV2Wildcard,5,9805793.0,1830771.0,1961158.6,1940642.3668034275,2539754.0,1268552.0,562219.0,0.4392981292581076,0.4656620414545412,2,38049
job_name_name,name.name,utf8,adaptive,trigram,trigram,contains_downey_robert,%Downey%Robert%,StdSearch,5,10370910.0,2002145.0,2074182.0,2059886.4850230704,2568039.0,1438138.0,564007.0,0.48041975375591695,0.4942749690456613,2,38049
job_name_name,name.name,utf8,adaptive,trigram,trigram,contains_tim,%Tim%,NaiveVectorizedV2,5,2056363.0,415764.0,411272.6,411221.3824639401,417674.0,410825.0,4729.0,0.0997636227648722,0.09867361020430297,15502,15502
job_name_name,name.name,utf8,adaptive,trigram,trigram,contains_tim,%Tim%,NaiveVectorizedV2Wildcard,5,2230549.0,444355.0,446109.8,445674.6139824052,477389.0,438738.0,5157.0,0.10662410548697046,0.1069407501977581,15502,15502
job_name_name,name.name,utf8,adaptive,trigram,trigram,contains_tim,%Tim%,StdSearch,5,4139886.0,559989.0,827977.2,752428.2804721703,1559850.0,554843.0,5146.0,0.13437077608565923,0.18054706788141123,15502,15502
job_name_name,name.name,utf8,adaptive,trigram,full-scan,contains_yo,%Yo%,NaiveVectorizedV2,5,322936629.0,63166651.0,64587325.8,64512322.46078412,68527732.0,63166531.0,120.0,15.156997579598853,15.479894848191421,21066,4167491
job_name_name,name.name,utf8,adaptive,trigram,full-scan,contains_yo,%Yo%,NaiveVectorizedV2Wildcard,5,344058729.0,67924098.0,68811745.8,68791697.44747889,71787544.0,67923988.0,110.0,16.29855901308485,16.506741693618274,21066,4167491
job_name_name,name.name,utf8,adaptive,trigram,full-scan,contains_yo,%Yo%,StdSearch,5,441103415.0,88194497.0,88220683.0,88217008.25867292,89438989.0,88194387.0,110.0,21.16249249248529,21.167894125907655,21066,4167491
job_name_name,name.name,utf8,adaptive,trigram,full-scan,not_contains_yu,%Yu%,NaiveVectorizedV2,5,311372372.0,62222715.0,62274474.4,62274222.49996959,62611357.0,62222195.0,110.0,14.930497750325076,14.942857105143002,16079,4167491
job_name_name,name.name,utf8,adaptive,trigram,full-scan,not_contains_yu,%Yu%,NaiveVectorizedV2Wildcard,5,352969349.0,67852253.0,70593869.8,70415293.1560615,80836887.0,67852143.0,170.0,16.281319623725643,16.896327588004784,16079,4167491
job_name_name,name.name,utf8,adaptive,trigram,full-scan,not_contains_yu,%Yu%,StdSearch,5,410495006.0,82400927.0,82099001.2,82095871.65512997,82923329.0,82400816.0,110.0,19.77231072604596,19.69911192492792,16079,4167491
job_name_name,name.name,utf8,adaptive,trigram,full-scan,prefix_a,A%,StdSearch,5,73762723.0,14793705.0,14752544.6,14752255.484813485,14863323.0,14793594.0,111.0,3.549786910157694,3.539840994212939,177263,4167491
job_name_name,name.name,utf8,adaptive,trigram,full-scan,prefix_a,A%,NaiveVectorizedV2,5,75040867.0,14878773.0,15008173.4,15006735.122747518,15300251.0,14878303.0,100.0,3.570199191791896,3.600904026606783,177263,4167491
job_name_name,name.name,utf8,adaptive,trigram,full-scan,prefix_a,A%,NaiveVectorizedV2Wildcard,5,74587844.0,14946807.0,14917568.8,14917080.166123213,15048102.0,14946767.0,110.0,3.58652412206769,3.579391093135708,177263,4167491
job_name_name,name.name,utf8,adaptive,trigram,full-scan,prefix_b,B%,StdSearch,5,74643821.0,14887241.0,14928764.2,14926382.852413503,15408555.0,14887141.0,100.0,3.572231109797238,3.5816232962263213,343399,4167491
job_name_name,name.name,utf8,adaptive,trigram,full-scan,prefix_b,B%,NaiveVectorizedV2Wildcard,5,74653196.0,14939330.0,14930639.2,14930142.571649415,15104485.0,14939220.0,110.0,3.5847299970173903,3.5825254503607624,343399,4167491
job_name_name,name.name,utf8,adaptive,trigram,full-scan,prefix_b,B%,NaiveVectorizedV2,5,75897347.0,15076652.0,15179469.4,15177828.239971342,15622234.0,15076132.0,50.0,3.6176807580388295,3.6419582525724294,343399,4167491
job_name_name,name.name,utf8,adaptive,trigram,full-scan,prefix_x,X%,StdSearch,5,73005512.0,14582933.0,14601102.4,14600549.092034893,14757460.0,14582412.0,111.0,3.4992116359699397,3.5034386617835267,2664,4167491
job_name_name,name.name,utf8,adaptive,trigram,full-scan,prefix_x,X%,NaiveVectorizedV2,5,73676590.0,14657218.0,14735318.0,14734730.792437771,14954528.0,14657128.0,110.0,3.517036509496961,3.5356358999786157,2664,4167491
job_name_name,name.name,utf8,adaptive,trigram,full-scan,prefix_x,X%,NaiveVectorizedV2Wildcard,5,73813585.0,14717540.0,14762717.0,14762010.958090298,14997898.0,14717500.0,100.0,3.531510925878424,3.5421818446855187,2664,4167491
job_name_name,name.name,utf8,adaptive,trigram,full-scan,prefix_z,Z%,StdSearch,5,73993469.0,14801799.0,14798693.8,14797962.852446156,14992511.0,14801668.0,90.0,3.5517290859176422,3.550808592615116,36174,4167491
job_name_name,name.name,utf8,adaptive,trigram,full-scan,prefix_z,Z%,NaiveVectorizedV2,5,74772951.0,14927285.0,14954590.2,14952807.022521682,15361397.0,14927185.0,100.0,3.5818397688201364,3.587963842638573,36174,4167491
job_name_name,name.name,utf8,adaptive,trigram,full-scan,prefix_z,Z%,NaiveVectorizedV2Wildcard,5,74582830.0,14956333.0,14916566.0,14915856.51033567,15079328.0,14956233.0,101.0,3.588809909847436,3.579097473836343,36174,4167491
job_name_name,name.name,utf8,recursive,fm,fm,contains_an,%An%,NaiveVectorizedV2,5,59934889.0,12016782.0,11986977.8,11971286.442934433,12980337.0,8911545.0,3105237.0,2.8834572168242234,2.872540442903041,163621,163621
job_name_name,name.name,utf8,recursive,fm,fm,contains_an,%An%,NaiveVectorizedV2Wildcard,5,62617225.0,12571523.0,12523445.0,12521474.016933125,12782843.0,9374249.0,3190391.0,3.0165687220440307,3.0045593420437204,163621,163621
job_name_name,name.name,utf8,recursive,fm,fm,contains_an,%An%,StdSearch,5,79384703.0,15909192.0,15876940.6,15872626.913785487,16511427.0,12703251.0,3243919.0,3.8174508355266994,3.80867695066059,163621,163621
job_name_name,name.name,utf8,recursive,fm,fm,contains_ang,%Ang%,NaiveVectorizedV2,5,2970732.0,555282.0,594146.4,590972.7662288051,692953.0,370743.0,180710.0,0.13324131953734272,0.14180540911277426,15803,15803
job_name_name,name.name,utf8,recursive,fm,fm,contains_ang,%Ang%,NaiveVectorizedV2Wildcard,5,3385877.0,568780.0,677175.4,653572.8263863964,1074295.0,380740.0,188040.0,0.13648019875747783,0.15682645178751323,15803,15803
job_name_name,name.name,utf8,recursive,fm,fm,contains_ang,%Ang%,StdSearch,5,3501427.0,699944.0,700285.4,700231.2566969082,716111.0,507807.0,189647.0,0.1679533321127748,0.1680222600833232,15803,15803
job_name_name,name.name,utf8,recursive,fm,fm,contains_angel,%Angel%,NaiveVectorizedV2,5,2325647.0,464639.0,465129.4,465080.78606472677,477460.0,318065.0,145563.0,0.11149130256070139,0.11159731024367585,12221,12221
job_name_name,name.name,utf8,recursive,fm,fm,contains_angel,%Angel%,NaiveVectorizedV2Wildcard,5,2401549.0,479304.0,480309.8,480252.138597846,492811.0,334329.0,141484.0,0.11501020638076963,0.11523771463401972,12221,12221
job_name_name,name.name,utf8,recursive,fm,fm,contains_angel,%Angel%,StdSearch,5,3086106.0,616150.0,617221.2,617147.6974585243,634336.0,471805.0,140875.0,0.1478467499989802,0.14808615002612463,12221,12221
job_name_name,name.name,utf8,recursive,fm,fm,contains_b,%B%,NaiveVectorizedV2,5,100434398.0,20087364.0,20086879.6,20086396.62120073,20325983.0,9326260.0,10643608.0,4.820013768476045,4.819781643487825,536716,536716
job_name_name,name.name,utf8,recursive,fm,fm,contains_b,%B%,NaiveVectorizedV2Wildcard,5,117496049.0,23357938.0,23499209.8,23496148.81711852,24014822.0,12372877.0,11047857.0,5.604796267106516,5.637960302042283,536716,536716
job_name_name,name.name,utf8,recursive,fm,fm,contains_b,%B%,StdSearch,5,138337511.0,27600050.0,27667502.2,27666164.646587722,28140145.0,17011879.0,10662385.0,6.622701764682875,6.638566141255677,536716,536716
job_name_name,name.name,utf8,recursive,fm,fm,contains_bert,%Bert%,NaiveVectorizedV2,5,858236.0,167670.0,171647.2,171450.54745053407,187447.0,114797.0,52873.0,0.04023284033486815,0.041139992252061,5216,5216
job_name_name,name.name,utf8,recursive,fm,fm,contains_bert,%Bert%,NaiveVectorizedV2Wildcard,5,860224.0,170431.0,172044.8,171985.68726024037,180753.0,118535.0,52925.0,0.04089534926410159,0.041268400402122145,5216,5216
job_name_name,name.name,utf8,recursive,fm,fm,contains_bert,%Bert%,StdSearch,5,1105699.0,218570.0,221139.8,221045.23931404928,233578.0,165638.0,52932.0,0.052446423999475945,0.053040363929771954,5216,5216
job_name_name,name.name,utf8,recursive,fm,fm,contains_downey_robert,%Downey%Robert%,StdSearch,5,11038217.0,2200357.0,2207643.4,2195906.996919669,2619384.0,1639555.0,540986.0,0.5279812241946054,0.5269134347067982,2,38048
job_name_name,name.name,utf8,recursive,fm,fm,contains_downey_robert,%Downey%Robert%,NaiveVectorizedV2,5,14692368.0,3121782.0,2938473.6,2825047.854526508,3693623.0,2437531.0,684251.0,0.7490794821152583,0.6778773738267234,2,38048
job_name_name,name.name,utf8,recursive,fm,fm,contains_downey_robert,%Downey%Robert%,NaiveVectorizedV2Wildcard,5,17410273.0,3418811.0,3482054.6,3479421.033494155,3708720.0,2704154.0,716714.0,0.820352341492759,0.8348958722392343,2,38048
job_name_name,name.name,utf8,recursive,fm,fm,contains_tim,%Tim%,NaiveVectorizedV2Wildcard,5,3174964.0,585298.0,634992.8,628958.1493209129,819500.0,409400.0,178618.0,0.14044373461154444,0.15092009780486923,15502,15502
job_name_name,name.name,utf8,recursive,fm,fm,contains_tim,%Tim%,NaiveVectorizedV2,5,3766021.0,635263.0,753204.2,723211.3055150602,1223705.0,444649.0,190915.0,0.15243296266266682,0.17353638088601994,15502,15502
job_name_name,name.name,utf8,recursive,fm,fm,contains_tim,%Tim%,StdSearch,5,5062477.0,764551.0,1012495.4,945730.4243200808,1756625.0,546186.0,218365.0,0.1834559450758262,0.22693040592531108,15502,15502
job_name_name,name.name,utf8,recursive,fm,fm,contains_yo,%Yo%,NaiveVectorizedV2,5,3251285.0,604961.0,650257.0,644512.4839060219,831710.0,366230.0,239902.0,0.14516192116551663,0.15465239970668745,21066,21066
job_name_name,name.name,utf8,recursive,fm,fm,contains_yo,%Yo%,NaiveVectorizedV2Wildcard,5,3111738.0,608852.0,622347.6,621350.6955846165,692632.0,373251.0,235601.0,0.1460955764511549,0.14909467005078536,21066,21066
job_name_name,name.name,utf8,recursive,fm,fm,contains_yo,%Yo%,StdSearch,5,3763420.0,743374.0,752684.0,752320.5845363551,799582.0,504667.0,238097.0,0.1783744703947771,0.18052122596937933,21066,21066
job_name_name,name.name,utf8,recursive,fm,fm,not_contains_yu,%Yu%,NaiveVectorizedV2Wildcard,5,4718811.0,1061314.0,943762.2,899449.6269845599,1277667.0,797306.0,264008.0,0.25466497708093433,0.21582521161642806,16079,16079
job_name_name,name.name,utf8,recursive,fm,fm,not_contains_yu,%Yu%,StdSearch,5,6465451.0,1270310.0,1293090.2,1285337.8380788993,1504519.0,999763.0,282790.0,0.3048140955793306,0.3084200633136096,16079,16079
job_name_name,name.name,utf8,recursive,fm,fm,not_contains_yu,%Yu%,NaiveVectorizedV2,5,5267650.0,1276037.0,1053530.0,987830.3495274443,1395974.0,973662.0,290452.0,0.3061883037059948,0.23703238939866803,16079,16079
job_name_name,name.name,utf8,recursive,fm,fm,prefix_a,A%,NaiveVectorizedV2Wildcard,5,81715408.0,16239374.0,16343081.6,16341314.424822219,16730664.0,5258367.0,11109481.0,3.896678841058085,3.9211397036783566,177263,552032
job_name_name,name.name,utf8,recursive,fm,fm,prefix_a,A%,StdSearch,5,84536203.0,16893791.0,16907240.6,16905569.947188057,17304632.0,5767513.0,11061438.0,4.053707854438078,4.056534242590576,177263,552032
job_name_name,name.name,utf8,recursive,fm,fm,prefix_a,A%,NaiveVectorizedV2,5,89841745.0,17845648.0,17968349.0,17960001.536069565,19041235.0,6207169.0,11638479.0,4.282108347684494,4.309547767726337,177263,552032
job_name_name,name.name,utf8,recursive,fm,fm,prefix_b,B%,NaiveVectorizedV2Wildcard,5,83293970.0,16389979.0,16658794.0,16644482.27139967,17486389.0,5843939.0,10633312.0,3.9328168915061843,3.993885594809844,343399,536716
job_name_name,name.name,utf8,recursive,fm,fm,prefix_b,B%,NaiveVectorizedV2,5,84358683.0,16559939.0,16871736.6,16862514.98912559,17882101.0,5908387.0,10666741.0,3.973599223129696,4.046203096569516,343399,536716
job_name_name,name.name,utf8,recursive,fm,fm,prefix_b,B%,StdSearch,5,84380863.0,16877059.0,16876172.6,16873700.93813594,17382107.0,6152680.0,10758416.0,4.049692968743064,4.048887193310296,343399,536716
job_name_name,name.name,utf8,recursive,fm,fm,prefix_x,X%,StdSearch,5,1131192.0,167348.0,226238.4,205788.4345883655,454172.0,75380.0,92728.0,0.040155575620919155,0.049379455069816766,2664,8750
job_name_name,name.name,utf8,recursive,fm,fm,prefix_x,X%,NaiveVectorizedV2,5,1697991.0,330574.0,339598.2,337676.60573748715,398924.0,193535.0,137039.0,0.0793220669222801,0.08102635512289934,2664,8750
job_name_name,name.name,utf8,recursive,fm,fm,prefix_x,X%,NaiveVectorizedV2Wildcard,5,1825922.0,362371.0,365184.4,338697.9600955607,541146.0,202004.0,159577.0,0.08695183744847919,0.08127143168289044,2664,8750
job_name_name,name.name,utf8,recursive,fm,fm,prefix_z,Z%,StdSearch,5,5951384.0,1113543.0,1190276.8,1174288.099434616,1578808.0,338890.0,774653.0,0.26719745765497754,0.28177339781528404,36174,59261
job_name_name,name.name,utf8,recursive,fm,fm,prefix_z,Z%,NaiveVectorizedV2Wildcard,5,6454188.0,1127349.0,1290837.6,1257713.3439534293,1829562.0,299846.0,827503.0,0.27051024225367254,0.3017914961192304,36174,59261
job_name_name,name.name,utf8,recursive,fm,fm,prefix_z,Z%,NaiveVectorizedV2,5,8279126.0,1615363.0,1655825.2,1614703.1124883,2129014.0,604333.0,1011030.0,0.3876104351515096,0.3874520934750183,36174,59261
job_name_name,name.name,utf8,recursive,full-scan,full-scan,contains_an,%An%,NaiveVectorizedV2,5,313373230.0,62754806.0,62674646.0,62672200.26333401,63443430.0,62754696.0,130.0,15.058174330790397,15.038352875467279,163621,4167491
job_name_name,name.name,utf8,recursive,full-scan,full-scan,contains_an,%An%,NaiveVectorizedV2Wildcard,5,333494491.0,66094908.0,66698898.2,66694191.92899706,67696967.0,66094788.0,110.0,15.859640248773182,16.003439942401123,163621,4167491
job_name_name,name.name,utf8,recursive,full-scan,full-scan,contains_an,%An%,StdSearch,5,452059692.0,90108264.0,90411938.4,90408013.94590196,91602953.0,90108154.0,110.0,21.62170572174001,21.69363147896464,163621,4167491
job_name_name,name.name,utf8,recursive,full-scan,full-scan,contains_ang,%Ang%,NaiveVectorizedV2,5,318074254.0,61006571.0,63614850.8,63437413.01812311,73406346.0,61006442.0,119.0,14.63868092336612,15.22196761027748,15803,4167491
job_name_name,name.name,utf8,recursive,full-scan,full-scan,contains_ang,%Ang%,NaiveVectorizedV2Wildcard,5,325832878.0,65119283.0,65166575.6,65166152.45659182,65542320.0,65119133.0,140.0,15.62553656384621,15.636783008431639,15803,4167491
job_name_name,name.name,utf8,recursive,full-scan,full-scan,contains_ang,%Ang%,StdSearch,5,430251814.0,85750777.0,86050362.8,86047736.17688009,87330236.0,85750667.0,110.0,20.57611570126966,20.647371806413027,15803,4167491
job_name_name,name.name,utf8,recursive,full-scan,full-scan,contains_angel,%Angel%,NaiveVectorizedV2,5,295225248.0,58922619.0,59045049.6,59042021.02536137,59914581.0,58922173.0,139.0,14.138631373169133,14.167282190978094,12221,4167491
job_name_name,name.name,utf8,recursive,full-scan,full-scan,contains_angel,%Angel%,NaiveVectorizedV2Wildcard,5,315440221.0,62562775.0,63088044.2,63077587.348505214,64720298.0,62562625.0,110.0,15.01209600692599,15.135626531288304,12221,4167491
job_name_name,name.name,utf8,recursive,full-scan,full-scan,contains_angel,%Angel%,StdSearch,5,514398415.0,101858102.0,102879683.0,102861643.34349485,106622601.0,101857992.0,110.0,24.441109050985354,24.681911333100587,12221,4167491
job_name_name,name.name,utf8,recursive,full-scan,full-scan,contains_b,%B%,NaiveVectorizedV2,5,246780458.0,49142194.0,49356091.6,49353758.85246584,50156988.0,49141728.0,109.0,11.791793671540022,11.84255919268111,536716,4167491
job_name_name,name.name,utf8,recursive,full-scan,full-scan,contains_b,%B%,NaiveVectorizedV2Wildcard,5,324343967.0,64711030.0,64868793.4,64867695.68262752,65416466.0,64710610.0,120.0,15.527575224517582,15.565167551082316,536716,4167491
job_name_name,name.name,utf8,recursive,full-scan,full-scan,contains_b,%B%,StdSearch,5,437799050.0,87620893.0,87559810.0,87558684.68700026,88281404.0,87620793.0,110.0,21.024854762733742,21.009927720779835,536716,4167491
job_name_name,name.name,utf8,recursive,full-scan,full-scan,contains_bert,%Bert%,NaiveVectorizedV2,5,301240427.0,60234214.0,60248085.4,60248006.324957,60382988.0,60234104.0,120.0,14.453351908858352,14.456661412095876,5216,4167491
job_name_name,name.name,utf8,recursive,full-scan,full-scan,contains_bert,%Bert%,NaiveVectorizedV2Wildcard,5,320498956.0,64147776.0,64099791.2,64093983.42089624,65457414.0,64147667.0,109.0,15.392421003428682,15.379513338096292,5216,4167491
job_name_name,name.name,utf8,recursive,full-scan,full-scan,contains_bert,%Bert%,StdSearch,5,497384347.0,97361139.0,99476869.4,99367313.21836224,108992879.0,97361029.0,110.0,23.3620514117487,23.843437986635657,5216,4167491
job_name_name,name.name,utf8,recursive,full-scan,full-scan,contains_downey_robert,%Downey%Robert%,NaiveVectorizedV2,5,307120725.0,61476340.0,61424145.0,61422322.31997949,62107275.0,61475810.0,130.0,14.751403182394395,14.738441503528016,2,4167491
job_name_name,name.name,utf8,recursive,full-scan,full-scan,contains_downey_robert,%Downey%Robert%,NaiveVectorizedV2Wildcard,5,327015097.0,65371181.0,65403019.4,65400652.85231733,66164628.0,65371071.0,110.0,15.685980125691932,15.693051971154178,2,4167491
job_name_name,name.name,utf8,recursive,full-scan,full-scan,contains_downey_robert,%Downey%Robert%,StdSearch,5,492047426.0,98064750.0,98409485.2,98403896.2706093,99820954.0,98064640.0,110.0,23.530884649780887,23.612263654704794,2,4167491
job_name_name,name.name,utf8,recursive,full-scan,full-scan,contains_tim,%Tim%,NaiveVectorizedV2,5,308726885.0,61972091.0,61745377.0,61742989.69783617,62423969.0,61971491.0,120.0,14.870359887999758,14.815386451425127,15502,4167491
job_name_name,name.name,utf8,recursive,full-scan,full-scan,contains_tim,%Tim%,NaiveVectorizedV2Wildcard,5,324630506.0,64912147.0,64926101.2,64924586.14801194,65681263.0,64911627.0,110.0,15.575833757049505,15.57881856205855,15502,4167491
job_name_name,name.name,utf8,recursive,full-scan,full-scan,contains_tim,%Tim%,StdSearch,5,431802229.0,86579301.0,86360445.8,86359309.86155906,86844728.0,86579181.0,120.0,20.77492212940592,20.72213469964522,15502,4167491
job_name_name,name.name,utf8,recursive,full-scan,full-scan,contains_yo,%Yo%,NaiveVectorizedV2,5,309517598.0,61418833.0,61903519.6,61890429.99212304,64446632.0,61418693.0,140.0,14.737604232378667,14.850765122737645,21066,4167491
job_name_name,name.name,utf8,recursive,full-scan,full-scan,contains_yo,%Yo%,NaiveVectorizedV2Wildcard,5,328145545.0,65655914.0,65629109.0,65627611.09268793,66376466.0,65655804.0,110.0,15.754302528787704,15.747511174634289,21066,4167491
job_name_name,name.name,utf8,recursive,full-scan,full-scan,contains_yo,%Yo%,StdSearch,5,435547185.0,86967550.0,87109437.0,87106635.15876739,87985225.0,86967420.0,110.0,20.868083458368595,20.901457293793136,21066,4167491
job_name_name,name.name,utf8,recursive,full-scan,full-scan,not_contains_yu,%Yu%,NaiveVectorizedV2,5,309055122.0,61856120.0,61811024.4,61805770.032619976,63136011.0,61856010.0,119.0,14.842532353399204,14.830450751452092,16079,4167491
job_name_name,name.name,utf8,recursive,full-scan,full-scan,not_contains_yu,%Yu%,NaiveVectorizedV2Wildcard,5,327805456.0,65439878.0,65561091.2,65558009.91131816,66331895.0,65439768.0,110.0,15.702464144493653,15.730810195227333,16079,4167491
job_name_name,name.name,utf8,recursive,full-scan,full-scan,not_contains_yu,%Yu%,StdSearch,5,405531420.0,81325887.0,81106284.0,81105379.80967519,81422319.0,81325777.0,111.0,19.514352160568553,19.461440902853838,16079,4167491
job_name_name,name.name,utf8,recursive,full-scan,full-scan,prefix_a,A%,StdSearch,5,52253372.0,10465606.0,10450674.4,10450596.89279512,10493476.0,10465506.0,110.0,2.5112486145740927,2.5076471413603785,177263,4167491
job_name_name,name.name,utf8,recursive,full-scan,full-scan,prefix_a,A%,NaiveVectorizedV2,5,57102753.0,10761662.0,11420550.6,11353196.735183537,14022507.0,10761543.0,120.0,2.582288000142052,2.7242282551260493,177263,4167491
job_name_name,name.name,utf8,recursive,full-scan,full-scan,prefix_a,A%,NaiveVectorizedV2Wildcard,5,56331440.0,11297455.0,11266288.0,11265837.04211974,11365971.0,11297355.0,80.0,2.7108528848652584,2.703266075948279,177263,4167491
job_name_name,name.name,utf8,recursive,full-scan,full-scan,prefix_b,B%,StdSearch,5,52578438.0,10482853.0,10515687.6,10515431.645925535,10647688.0,10482453.0,80.0,2.51538707582092,2.523204404262787,343399,4167491
job_name_name,name.name,utf8,recursive,full-scan,full-scan,prefix_b,B%,NaiveVectorizedV2,5,53906862.0,10731466.0,10781372.4,10776706.47653171,11354246.0,10731037.0,99.0,2.5750423936128475,2.58589796031514,343399,4167491
job_name_name,name.name,utf8,recursive,full-scan,full-scan,prefix_b,B%,NaiveVectorizedV2Wildcard,5,55928909.0,11105635.0,11185781.8,11184433.622760525,11401420.0,11105595.0,70.0,2.6648251909842156,2.683733119702124,343399,4167491
job_name_name,name.name,utf8,recursive,full-scan,full-scan,prefix_x,X%,NaiveVectorizedV2,5,53065717.0,10427709.0,10613143.4,10604694.033665141,11469850.0,10427479.0,230.0,2.502155133628363,2.544623139837652,2664,4167491
job_name_name,name.name,utf8,recursive,full-scan,full-scan,prefix_x,X%,StdSearch,5,52768129.0,10544758.0,10553625.8,10553500.29688894,10638338.0,10544658.0,120.0,2.5302413370538774,2.5323390732910873,2664,4167491
job_name_name,name.name,utf8,recursive,full-scan,full-scan,prefix_x,X%,NaiveVectorizedV2Wildcard,5,56080976.0,11193937.0,11216195.2,11215704.108064853,11387883.0,11193257.0,80.0,2.686013479093296,2.6912365516961723,2664,4167491
job_name_name,name.name,utf8,recursive,full-scan,full-scan,prefix_z,Z%,NaiveVectorizedV2,5,51855884.0,10335751.0,10371176.8,10370794.92169054,10504310.0,10335661.0,110.0,2.480089579077675,2.4884984566710577,36174,4167491
job_name_name,name.name,utf8,recursive,full-scan,full-scan,prefix_z,Z%,StdSearch,5,52791826.0,10536160.0,10558365.2,10558171.370608402,10675227.0,10536059.0,101.0,2.5281782252199223,2.533459909237577,36174,4167491
job_name_name,name.name,utf8,recursive,full-scan,full-scan,prefix_z,Z%,NaiveVectorizedV2Wildcard,5,55614121.0,11134481.0,11122824.2,11122500.144041058,11234613.0,11134401.0,80.0,2.671746861600901,2.66887202492845,36174,4167491
job_name_name,name.name,utf8,recursive,prefix-btree,full-scan,contains_an,%An%,NaiveVectorizedV2,5,312534119.0,62758434.0,62506823.8,62505325.96487689,62929606.0,62758004.0,430.0,15.059044878561226,14.998310965729019,163621,4167491
job_name_name,name.name,utf8,recursive,prefix-btree,full-scan,contains_an,%An%,NaiveVectorizedV2Wildcard,5,332039881.0,66185832.0,66407976.2,66405188.637387946,67176429.0,66185453.0,499.0,15.881457692410134,15.934092872039322,163621,4167491
job_name_name,name.name,utf8,recursive,prefix-btree,full-scan,contains_an,%An%,StdSearch,5,455707990.0,90613507.0,91141598.0,91138456.92294839,92360734.0,90613207.0,380.0,21.742940056739176,21.8689031177148,163621,4167491
job_name_name,name.name,utf8,recursive,prefix-btree,full-scan,contains_ang,%Ang%,NaiveVectorizedV2,5,312786771.0,61462277.0,62557354.2,62499581.45220965,67994234.0,61461901.0,436.0,14.748028729996058,14.996932555393586,15803,4167491
job_name_name,name.name,utf8,recursive,prefix-btree,full-scan,contains_ang,%Ang%,NaiveVectorizedV2Wildcard,5,328025130.0,65469274.0,65605026.0,65604030.83216533,66140983.0,65468775.0,798.0,15.709517789000625,15.741853031515928,15803,4167491
job_name_name,name.name,utf8,recursive,prefix-btree,full-scan,contains_ang,%Ang%,StdSearch,5,443586150.0,85933938.0,88717230.0,88546140.74705268,99967920.0,85933478.0,430.0,20.620065646212552,21.24687029847281,15803,4167491
job_name_name,name.name,utf8,recursive,prefix-btree,full-scan,contains_angel,%Angel%,NaiveVectorizedV2,5,294688470.0,59076003.0,58937694.0,58935425.77607447,59518376.0,59075487.0,427.0,14.175436251691965,14.141704391461046,12221,4167491
job_name_name,name.name,utf8,recursive,prefix-btree,full-scan,contains_angel,%Angel%,NaiveVectorizedV2Wildcard,5,318634571.0,64253880.0,63726914.2,63720356.09713644,64689988.0,64253470.0,520.0,15.417880926437514,15.289860517307998,12221,4167491
job_name_name,name.name,utf8,recursive,prefix-btree,full-scan,contains_angel,%Angel%,StdSearch,5,514433917.0,102855092.0,102886783.4,102886654.0468058,103171927.0,102854652.0,590.0,24.6803393216686,24.687912714581913,12221,4167491
job_name_name,name.name,utf8,recursive,prefix-btree,full-scan,contains_b,%B%,NaiveVectorizedV2,5,246174606.0,49094985.0,49234921.2,49231788.189650446,50125443.0,49094609.0,376.0,11.780465752655495,11.81329202382208,536716,4167491
job_name_name,name.name,utf8,recursive,prefix-btree,full-scan,contains_b,%B%,NaiveVectorizedV2Wildcard,5,322248179.0,63905903.0,64449635.8,64445723.50348051,65562067.0,63905567.0,395.0,15.33438296567407,15.463914260038127,536716,4167491
job_name_name,name.name,utf8,recursive,prefix-btree,full-scan,contains_b,%B%,StdSearch,5,438808382.0,87805984.0,87761676.4,87759152.5850604,88870974.0,87805614.0,520.0,21.069267816055273,21.058030499660422,536716,4167491
job_name_name,name.name,utf8,recursive,prefix-btree,full-scan,contains_bert,%Bert%,NaiveVectorizedV2,5,302756049.0,60489033.0,60551209.8,60546441.52312948,61710181.0,60488492.0,461.0,14.514496372037756,14.528271692279478,5216,4167491
job_name_name,name.name,utf8,recursive,prefix-btree,full-scan,contains_bert,%Bert%,NaiveVectorizedV2Wildcard,5,320823708.0,63998272.0,64164741.6,64160992.01400002,65426026.0,63997145.0,584.0,15.356547140713682,15.395592219395358,5216,4167491
job_name_name,name.name,utf8,recursive,prefix-btree,full-scan,contains_bert,%Bert%,StdSearch,5,505558467.0,97162932.0,101111693.4,100796330.13201049,117698047.0,97162092.0,580.0,23.31449114107265,24.186334207322947,5216,4167491
job_name_name,name.name,utf8,recursive,prefix-btree,full-scan,contains_downey_robert,%Downey%Robert%,NaiveVectorizedV2,5,304847084.0,60686617.0,60969416.8,60966974.589163944,61857512.0,60686447.0,250.0,14.561907152288992,14.629179664494508,2,4167491
job_name_name,name.name,utf8,recursive,prefix-btree,full-scan,contains_downey_robert,%Downey%Robert%,NaiveVectorizedV2Wildcard,5,328573094.0,65830975.0,65714618.8,65712320.81545934,66432104.0,65830815.0,220.0,15.796308858255482,15.767837486741875,2,4167491
job_name_name,name.name,utf8,recursive,prefix-btree,full-scan,contains_downey_robert,%Downey%Robert%,StdSearch,5,485786332.0,96490477.0,97157266.4,97149370.91476792,98852913.0,96490267.0,240.0,23.15313386399635,23.31123712439167,2,4167491
job_name_name,name.name,utf8,recursive,prefix-btree,full-scan,contains_tim,%Tim%,NaiveVectorizedV2,5,305153623.0,61007305.0,61030724.6,61027672.702920206,61931029.0,61006834.0,471.0,14.63885704852152,14.643744330322537,15502,4167491
job_name_name,name.name,utf8,recursive,prefix-btree,full-scan,contains_tim,%Tim%,NaiveVectorizedV2Wildcard,5,324487287.0,64593351.0,64897457.4,64894211.823304124,65783468.0,64592931.0,420.0,15.499337850999558,15.571530166064926,15502,4167491
job_name_name,name.name,utf8,recursive,prefix-btree,full-scan,contains_tim,%Tim%,StdSearch,5,427696779.0,85632410.0,85539355.8,85538254.6658926,86224670.0,85632030.0,450.0,20.547713240412516,20.525120429988416,15502,4167491
job_name_name,name.name,utf8,recursive,prefix-btree,full-scan,contains_yo,%Yo%,NaiveVectorizedV2,5,307620990.0,61670352.0,61524198.0,61521674.02582041,62331576.0,61670011.0,351.0,14.797956852216357,14.762281196485002,21066,4167491
job_name_name,name.name,utf8,recursive,prefix-btree,full-scan,contains_yo,%Yo%,NaiveVectorizedV2Wildcard,5,327118714.0,65458933.0,65423742.8,65421573.16589148,65972218.0,65458403.0,530.0,15.707036439910729,15.69807185327852,21066,4167491
job_name_name,name.name,utf8,recursive,prefix-btree,full-scan,contains_yo,%Yo%,StdSearch,5,434891598.0,86542086.0,86978319.6,86975161.80367474,88371960.0,86541646.0,440.0,20.765992296084143,20.869909929901404,21066,4167491
job_name_name,name.name,utf8,recursive,prefix-btree,full-scan,not_contains_yu,%Yu%,NaiveVectorizedV2,5,305242118.0,60933552.0,61048423.6,61047119.45121049,61710398.0,60933004.0,548.0,14.621159829739284,14.64841062673213,16079,4167491
job_name_name,name.name,utf8,recursive,prefix-btree,full-scan,not_contains_yu,%Yu%,NaiveVectorizedV2Wildcard,5,327513239.0,65527160.0,65502647.8,65501465.7665734,66076573.0,65526780.0,410.0,15.723407681024387,15.717242284763982,16079,4167491
job_name_name,name.name,utf8,recursive,prefix-btree,full-scan,not_contains_yu,%Yu%,StdSearch,5,406198953.0,81343796.0,81239790.6,81236684.05181345,82379606.0,81343496.0,391.0,19.518649470388777,19.49294768766466,16079,4167491
job_name_name,name.name,utf8,recursive,prefix-btree,prefix-btree,prefix_a,A%,NaiveVectorizedV2Wildcard,5,27938214.0,5580039.0,5587642.8,5583652.319802464,5833559.0,536227.0,5043812.0,1.338944463227395,1.3398114884477164,177263,177263
job_name_name,name.name,utf8,recursive,prefix-btree,prefix-btree,prefix_a,A%,StdSearch,5,29574564.0,5789974.0,5914912.8,5910537.216449886,6254698.0,534027.0,5276228.0,1.389318897149388,1.4182483456952617,177263,177263
job_name_name,name.name,utf8,recursive,prefix-btree,prefix-btree,prefix_a,A%,NaiveVectorizedV2,5,31878490.0,6317447.0,6375698.0,6374398.529518734,6542822.0,508710.0,5777042.0,1.5158873768413657,1.5295530403109996,177263,177263
job_name_name,name.name,utf8,recursive,prefix-btree,prefix-btree,prefix_b,B%,NaiveVectorizedV2Wildcard,5,56477993.0,11341227.0,11295598.6,11294795.672273757,11443666.0,1008269.0,10356056.0,2.7213560869117654,2.7102147724551213,343399,343399
job_name_name,name.name,utf8,recursive,prefix-btree,prefix-btree,prefix_b,B%,StdSearch,5,58560775.0,11698555.0,11712155.0,11711578.076244267,11919839.0,1020645.0,10676619.0,2.80709784376259,2.810222763827025,343399,343399
job_name_name,name.name,utf8,recursive,prefix-btree,prefix-btree,prefix_b,B%,NaiveVectorizedV2,5,59266713.0,11909738.0,11853342.6,11846056.307603288,12572725.0,973154.0,10936584.0,2.857771738439267,2.8424911553746037,343399,343399
job_name_name,name.name,utf8,recursive,prefix-btree,prefix-btree,prefix_x,X%,StdSearch,5,194616.0,38050.0,38923.2,38895.798903630835,41835.0,9620.0,28460.0,0.009130193682481857,0.00933314526741169,2664,2664
job_name_name,name.name,utf8,recursive,prefix-btree,prefix-btree,prefix_x,X%,NaiveVectorizedV2Wildcard,5,244640.0,46436.0,48928.0,48493.41805885343,61555.0,11869.0,34567.0,0.011142435580544745,0.011636118244491326,2664,2664
job_name_name,name.name,utf8,recursive,prefix-btree,prefix-btree,prefix_x,X%,NaiveVectorizedV2,5,256317.0,51348.0,51263.4,50871.63204139513,62044.0,12323.0,38027.0,0.012321082397058565,0.012206776701232274,2664,2664
job_name_name,name.name,utf8,recursive,prefix-btree,prefix-btree,prefix_z,Z%,StdSearch,5,3229693.0,634264.0,645938.6,645084.4634499518,712518.0,106313.0,527951.0,0.1521932500874027,0.15478964764409828,36174,36174
job_name_name,name.name,utf8,recursive,prefix-btree,prefix-btree,prefix_z,Z%,NaiveVectorizedV2,5,4245567.0,773742.0,849113.4,814884.2652129799,1178871.0,98624.0,675118.0,0.18566134875876156,0.1955335392957012,36174,36174
job_name_name,name.name,utf8,recursive,prefix-btree,prefix-btree,prefix_z,Z%,NaiveVectorizedV2Wildcard,5,4313403.0,851741.0,862680.6,833464.2771482161,1145478.0,106171.0,745570.0,0.2043774059740021,0.19999186012596418,36174,36174
job_name_name,name.name,utf8,recursive,qgram,full-scan,contains_an,%An%,NaiveVectorizedV2,5,314072074.0,62758435.0,62814414.8,62814242.87558184,63060396.0,62758325.0,110.0,15.059045118513753,15.072436359330355,163621,4167491
job_name_name,name.name,utf8,recursive,qgram,full-scan,contains_an,%An%,NaiveVectorizedV2Wildcard,5,330460906.0,65908643.0,66092181.2,66091375.3851547,66600714.0,65908524.0,110.0,15.814945491184025,15.858792588911342,163621,4167491
job_name_name,name.name,utf8,recursive,qgram,full-scan,contains_an,%An%,StdSearch,5,461993727.0,91451067.0,92398745.4,92368941.27436876,97040246.0,91450547.0,110.0,21.94391469591656,22.164160948246497,163621,4167491
job_name_name,name.name,utf8,recursive,qgram,full-scan,contains_ang,%Ang%,NaiveVectorizedV2,5,304469911.0,60665444.0,60893982.2,60892342.44450978,61689082.0,60665345.0,109.0,14.556826637418053,14.611271492730255,15803,4167491
job_name_name,name.name,utf8,recursive,qgram,full-scan,contains_ang,%Ang%,NaiveVectorizedV2Wildcard,5,327789103.0,65543268.0,65557820.6,65556461.13259653,66171218.0,65543168.0,139.0,15.727272836342058,15.730438561858092,15803,4167491
job_name_name,name.name,utf8,recursive,qgram,full-scan,contains_ang,%Ang%,StdSearch,5,430835307.0,86224446.0,86167061.4,86162163.78633158,87639333.0,86224346.0,110.0,20.689773775156322,20.674829000550105,15803,4167491
job_name_name,name.name,utf8,recursive,qgram,full-scan,contains_angel,%Angel%,NaiveVectorizedV2,5,293095602.0,58601277.0,58619120.4,58614790.998899445,59610659.0,58601168.0,109.0,14.061524547983426,14.06476726617993,12221,4167491
job_name_name,name.name,utf8,recursive,qgram,full-scan,contains_angel,%Angel%,NaiveVectorizedV2Wildcard,5,311606761.0,62326409.0,62321352.2,62321244.24534477,62462213.0,62326299.0,110.0,14.95537938774193,14.954140091807005,12221,4167491
job_name_name,name.name,utf8,recursive,qgram,full-scan,contains_angel,%Angel%,StdSearch,5,509919915.0,101961685.0,101983983.0,101983107.26803976,102579959.0,101961565.0,110.0,24.465964053671623,24.471104381038774,12221,4167491
job_name_name,name.name,utf8,recursive,qgram,full-scan,contains_b,%B%,NaiveVectorizedV2,5,246370163.0,49236974.0,49274032.6,49270248.99165362,50348398.0,49236458.0,110.0,11.814536372124138,11.822520790483683,536716,4167491
job_name_name,name.name,utf8,recursive,qgram,full-scan,contains_b,%B%,NaiveVectorizedV2Wildcard,5,322768373.0,64377643.0,64553674.6,64552282.60753872,65186830.0,64377535.0,109.0,15.447578171134623,15.48948338641613,536716,4167491
job_name_name,name.name,utf8,recursive,qgram,full-scan,contains_b,%B%,StdSearch,5,438637983.0,87758785.0,87727596.6,87726368.94201693,88304133.0,87758675.0,110.0,21.057942296696023,21.05016398164195,536716,4167491
job_name_name,name.name,utf8,recursive,qgram,full-scan,contains_bert,%Bert%,NaiveVectorizedV2,5,301949226.0,60237460.0,60389845.2,60386074.3979669,61626276.0,60236929.0,110.0,14.454130794763564,14.489791195221978,5216,4167491
job_name_name,name.name,utf8,recursive,qgram,full-scan,contains_bert,%Bert%,NaiveVectorizedV2Wildcard,5,316039201.0,63026203.0,63207840.2,63206619.378981024,63889789.0,63026095.0,108.0,15.123296726975536,15.166588093167078,5216,4167491
job_name_name,name.name,utf8,recursive,qgram,full-scan,contains_bert,%Bert%,StdSearch,5,486410504.0,96828645.0,97282100.8,97279626.7684158,98381437.0,96828545.0,110.0,23.23427813041468,23.342492345734087,5216,4167491
job_name_name,name.name,utf8,recursive,qgram,full-scan,contains_downey_robert,%Downey%Robert%,NaiveVectorizedV2,5,305675113.0,61153160.0,61135022.6,61133053.75769193,61894433.0,61153050.0,110.0,14.673855324462608,14.669030780796353,2,4167491
job_name_name,name.name,utf8,recursive,qgram,full-scan,contains_downey_robert,%Downey%Robert%,NaiveVectorizedV2Wildcard,5,338085412.0,65679553.0,67617082.4,67513407.60391195,75163865.0,65679433.0,111.0,15.759974766592178,16.2000128144037,2,4167491
job_name_name,name.name,utf8,recursive,qgram,full-scan,contains_downey_robert,%Downey%Robert%,StdSearch,5,485699868.0,97101710.0,97139973.6,97138021.97710536,97910754.0,97101600.0,110.0,23.299800767416173,23.308513918111785,2,4167491
job_name_name,name.name,utf8,recursive,qgram,full-scan,contains_tim,%Tim%,NaiveVectorizedV2,5,308079478.0,61718023.0,61615895.6,61614408.59569187,62224284.0,61717913.0,110.0,14.809395629168725,14.78453309093934,15502,4167491
job_name_name,name.name,utf8,recursive,qgram,full-scan,contains_tim,%Tim%,NaiveVectorizedV2Wildcard,5,334824038.0,64797198.0,66964807.6,66816180.77587583,76157602.0,64796398.0,110.0,15.548251453932354,16.03271147457207,15502,4167491
job_name_name,name.name,utf8,recursive,qgram,full-scan,contains_tim,%Tim%,StdSearch,5,431340107.0,86310747.0,86268021.4,86265814.65379618,87277071.0,86310647.0,110.0,20.71048191825729,20.699700288206106,15502,4167491
job_name_name,name.name,utf8,recursive,qgram,full-scan,contains_yo,%Yo%,NaiveVectorizedV2,5,307083647.0,61154883.0,61416729.4,61414793.218072586,62114193.0,61154365.0,110.0,14.674268762667994,14.73663487649348,21066,4167491
job_name_name,name.name,utf8,recursive,qgram,full-scan,contains_yo,%Yo%,NaiveVectorizedV2Wildcard,5,326911894.0,65249353.0,65382378.8,65377346.06282861,66758652.0,65248783.0,100.0,15.656747189136102,15.68745944810161,21066,4167491
job_name_name,name.name,utf8,recursive,qgram,full-scan,contains_yo,%Yo%,StdSearch,5,432294741.0,86454653.0,86458948.2,86458178.10673308,86939871.0,86454534.0,120.0,20.745012526721712,20.745858384993003,21066,4167491
job_name_name,name.name,utf8,recursive,qgram,full-scan,not_contains_yu,%Yu%,NaiveVectorizedV2,5,317947561.0,61821205.0,63589512.2,63438799.374321654,72580191.0,61821095.0,110.0,14.83415441089135,15.222300269951814,16079,4167491
job_name_name,name.name,utf8,recursive,qgram,full-scan,not_contains_yu,%Yu%,NaiveVectorizedV2Wildcard,5,329931709.0,65468314.0,65986341.8,65975230.49800854,67472675.0,65468214.0,110.0,15.709287434573945,15.83092332965051,16079,4167491
job_name_name,name.name,utf8,recursive,qgram,full-scan,not_contains_yu,%Yu%,StdSearch,5,415389755.0,80609424.0,83077951.0,82922196.27306129,93539433.0,80609324.0,111.0,19.342435052649183,19.89739060577731,16079,4167491
job_name_name,name.name,utf8,recursive,qgram,full-scan,prefix_a,A%,StdSearch,5,52229077.0,10438976.0,10445815.4,10445576.227604114,10559604.0,10438506.0,110.0,2.5048586787589944,2.5064424200566022,177263,4167491
job_name_name,name.name,utf8,recursive,qgram,full-scan,prefix_a,A%,NaiveVectorizedV2,5,53970548.0,10795482.0,10794109.6,10793260.836133901,11007915.0,10795382.0,109.0,2.590403194631974,2.5898702207476623,177263,4167491
job_name_name,name.name,utf8,recursive,qgram,full-scan,prefix_a,A%,NaiveVectorizedV2Wildcard,5,57499201.0,11304397.0,11499840.2,11490068.549208045,12457786.0,11304317.0,120.0,2.71251863531319,2.7570709928847053,177263,4167491
job_name_name,name.name,utf8,recursive,qgram,full-scan,prefix_b,B%,StdSearch,5,52261261.0,10445863.0,10452252.2,10451964.18783022,10578845.0,10445833.0,90.0,2.506511231817897,2.507975227260294,343399,4167491
job_name_name,name.name,utf8,recursive,qgram,full-scan,prefix_b,B%,NaiveVectorizedV2,5,53117369.0,10615048.0,10623473.8,10623383.192465866,10675943.0,10614968.0,100.0,2.54710760023237,2.5491076507341845,343399,4167491
job_name_name,name.name,utf8,recursive,qgram,full-scan,prefix_b,B%,NaiveVectorizedV2Wildcard,5,57643959.0,11447256.0,11528791.8,11526769.492383411,11955496.0,11447146.0,100.0,2.746798013481013,2.765877476971977,343399,4167491
job_name_name,name.name,utf8,recursive,qgram,full-scan,prefix_x,X%,StdSearch,5,51958220.0,10335606.0,10391644.0,10391080.190517284,10551927.0,10335476.0,120.0,2.4800547859611455,2.493365958202975,2664,4167491
job_name_name,name.name,utf8,recursive,qgram,full-scan,prefix_x,X%,NaiveVectorizedV2,5,53465427.0,10598404.0,10693085.4,10691757.555027043,10966784.0,10598324.0,120.0,2.5431138303598018,2.565514251866905,2664,4167491
job_name_name,name.name,utf8,recursive,qgram,full-scan,prefix_x,X%,NaiveVectorizedV2Wildcard,5,55998601.0,11197877.0,11199720.2,11198064.495076798,11534150.0,11197847.0,40.0,2.6869588920527963,2.6870038819704223,2664,4167491
job_name_name,name.name,utf8,recursive,qgram,full-scan,prefix_z,Z%,NaiveVectorizedV2,5,52241995.0,10368449.0,10448399.0,10446285.30046609,10826632.0,10367631.0,110.0,2.487935546831415,2.5066125638822245,36174,4167491
job_name_name,name.name,utf8,recursive,qgram,full-scan,prefix_z,Z%,StdSearch,5,54104890.0,10712297.0,10820978.0,10819379.370500684,11074191.0,10712187.0,120.0,2.5704427436076047,2.596137429091188,36174,4167491
job_name_name,name.name,utf8,recursive,qgram,full-scan,prefix_z,Z%,NaiveVectorizedV2Wildcard,5,56089393.0,11234414.0,11217878.6,11216940.408103064,11415208.0,11234374.0,40.0,2.695726037560729,2.691533205015454,36174,4167491
job_name_name,name.name,utf8,recursive,trigram,full-scan,contains_an,%An%,NaiveVectorizedV2,5,312635446.0,62439673.0,62527089.2,62522580.85482568,63618259.0,62439266.0,110.0,14.98255737084975,15.002451320188982,163621,4167491
job_name_name,name.name,utf8,recursive,trigram,full-scan,contains_an,%An%,NaiveVectorizedV2Wildcard,5,331504370.0,66187744.0,66300874.0,66300126.101682074,66772963.0,66187285.0,110.0,15.881916481643271,15.908882851020477,163621,4167491
job_name_name,name.name,utf8,recursive,trigram,full-scan,contains_an,%An%,StdSearch,5,461245422.0,91269557.0,92249084.4,92205638.04200055,97899860.0,91269447.0,110.0,21.90036091259705,22.124975924843135,163621,4167491
job_name_name,name.name,utf8,recursive,trigram,trigram,contains_ang,%Ang%,NaiveVectorizedV2Wildcard,5,2144175.0,376193.0,428835.0,418275.7477816964,639511.0,372243.0,4978.0,0.09026846128761885,0.10036632299426598,15803,15803
job_name_name,name.name,utf8,recursive,trigram,trigram,contains_ang,%Ang%,NaiveVectorizedV2,5,1952511.0,376861.0,390502.2,389618.47996105277,444521.0,372578.0,4333.0,0.09042874957618385,0.09348993914109319,15803,15803
job_name_name,name.name,utf8,recursive,trigram,trigram,contains_ang,%Ang%,StdSearch,5,2585425.0,515987.0,517085.0,517024.316915677,528915.0,511138.0,4740.0,0.12381238495775995,0.12406129177379775,15803,15803
job_name_name,name.name,utf8,recursive,trigram,trigram,contains_angel,%Angel%,NaiveVectorizedV2,5,2270984.0,448897.0,454196.8,454090.4259868377,467247.0,302840.0,145284.0,0.10771396986820128,0.10896014556164296,12221,12227
job_name_name,name.name,utf8,recursive,trigram,trigram,contains_angel,%Angel%,NaiveVectorizedV2Wildcard,5,2472249.0,485159.0,494449.8,494096.68387780804,531584.0,330389.0,152830.0,0.11641512843099121,0.11855974827007605,12221,12227
job_name_name,name.name,utf8,recursive,trigram,trigram,contains_angel,%Angel%,StdSearch,5,3213091.0,630915.0,642618.2,642206.1669025434,678664.0,477670.0,148426.0,0.15138964907182764,0.15409899311181302,12221,12227
job_name_name,name.name,utf8,recursive,trigram,full-scan,contains_b,%B%,NaiveVectorizedV2,5,249837073.0,50259962.0,49967414.6,49962765.667951986,50870650.0,50259862.0,110.0,12.06000492862492,11.988691917499517,536716,4167491
job_name_name,name.name,utf8,recursive,trigram,full-scan,contains_b,%B%,NaiveVectorizedV2Wildcard,5,338333070.0,65068316.0,67666614.0,67575120.44585355,72146565.0,65068207.0,119.0,15.613306903362238,16.21482096682481,536716,4167491
job_name_name,name.name,utf8,recursive,trigram,full-scan,contains_b,%B%,StdSearch,5,438113256.0,87516375.0,87622651.2,87620289.74081928,88591630.0,87516265.0,110.0,20.999775404433986,21.02471000916838,536716,4167491
job_name_name,name.name,utf8,recursive,trigram,trigram,contains_bert,%Bert%,NaiveVectorizedV2Wildcard,5,1348810.0,265687.0,269762.0,269625.6068438877,286864.0,121039.0,144826.0,0.06375226725144698,0.0646973459196163,5216,5512
job_name_name,name.name,utf8,recursive,trigram,trigram,contains_bert,%Bert%,NaiveVectorizedV2,5,1359800.0,272108.0,271960.0,271852.79596103216,280789.0,121671.0,150437.0,0.06529300243239877,0.06523176557814575,5216,5512
job_name_name,name.name,utf8,recursive,trigram,trigram,contains_bert,%Bert%,StdSearch,5,1679408.0,337232.0,335881.6,335867.7713872214,339501.0,187777.0,149334.0,0.08091967085231858,0.08059232074819626,5216,5512
job_name_name,name.name,utf8,recursive,trigram,trigram,contains_downey_robert,%Downey%Robert%,NaiveVectorizedV2Wildcard,5,8284420.0,1483361.0,1656884.0,1637121.8998046364,2167625.0,913554.0,570678.0,0.35593622157792304,0.39283153816160293,2,38049
job_name_name,name.name,utf8,recursive,trigram,trigram,contains_downey_robert,%Downey%Robert%,NaiveVectorizedV2,5,11154296.0,2071346.0,2230859.2,2209313.3422999396,2604344.0,1530318.0,547014.0,0.49702470863164433,0.5301303211692463,2,38049
job_name_name,name.name,utf8,recursive,trigram,trigram,contains_downey_robert,%Downey%Robert%,StdSearch,5,15936716.0,3678576.0,3187343.2,3016704.456939692,4471740.0,3119092.0,566042.0,0.8826836098746224,0.7238658600437762,2,38049
job_name_name,name.name,utf8,recursive,trigram,trigram,contains_tim,%Tim%,NaiveVectorizedV2Wildcard,5,2121495.0,407991.0,424299.0,423060.52629431465,490791.0,403201.0,4810.0,0.09789847176634575,0.10151444269329292,15502,15502
job_name_name,name.name,utf8,recursive,trigram,trigram,contains_tim,%Tim%,NaiveVectorizedV2,5,2182667.0,424919.0,436533.4,435956.5624967281,465641.0,419844.0,5225.0,0.10196038815680705,0.10460887917855813,15502,15502
job_name_name,name.name,utf8,recursive,trigram,trigram,contains_tim,%Tim%,StdSearch,5,2683233.0,524623.0,536646.6,536364.1996792211,568304.0,520114.0,4939.0,0.12588461498777082,0.1287019455301096,15502,15502
job_name_name,name.name,utf8,recursive,trigram,full-scan,contains_yo,%Yo%,NaiveVectorizedV2,5,312639250.0,62310833.0,62527850.0,62526354.30274594,63090603.0,62310244.0,159.0,14.951641887169043,15.003356768555898,21066,4167491
job_name_name,name.name,utf8,recursive,trigram,full-scan,contains_yo,%Yo%,NaiveVectorizedV2Wildcard,5,325226111.0,64944255.0,65045222.2,65043165.63147188,65996023.0,64944125.0,110.0,15.583538152811848,15.607272008859022,21066,4167491
job_name_name,name.name,utf8,recursive,trigram,full-scan,contains_yo,%Yo%,StdSearch,5,434303319.0,86988348.0,86860663.8,86859825.3969063,87352908.0,86988238.0,110.0,20.87307399104161,20.84223466755088,21066,4167491
job_name_name,name.name,utf8,recursive,trigram,full-scan,not_contains_yu,%Yu%,NaiveVectorizedV2,5,303821414.0,60800557.0,60764282.8,60763332.69679978,61199964.0,60800447.0,110.0,14.589247343305601,14.580315277657418,16079,4167491
job_name_name,name.name,utf8,recursive,trigram,full-scan,not_contains_yu,%Yu%,NaiveVectorizedV2Wildcard,5,329996741.0,65962885.0,65999348.2,65996365.691605255,66751297.0,65962465.0,110.0,15.827960996196513,15.83599477277939,16079,4167491
job_name_name,name.name,utf8,recursive,trigram,full-scan,not_contains_yu,%Yu%,StdSearch,5,416062475.0,80629294.0,83212495.0,83069891.0966808,93195404.0,80629184.0,110.0,19.34720290937641,19.93283035204654,16079,4167491
job_name_name,name.name,utf8,recursive,trigram,full-scan,prefix_a,A%,StdSearch,5,52643429.0,10487007.0,10528685.8,10527988.372467322,10768707.0,10486907.0,120.0,2.5163838386213673,2.526217422537286,177263,4167491
job_name_name,name.name,utf8,recursive,trigram,full-scan,prefix_a,A%,NaiveVectorizedV2,5,55108456.0,10952700.0,11021691.2,11013099.36928249,11842319.0,10952600.0,110.0,2.628128051146361,2.642621032482727,177263,4167491
job_name_name,name.name,utf8,recursive,trigram,full-scan,prefix_a,A%,NaiveVectorizedV2Wildcard,5,56278848.0,11238273.0,11255769.6,11255171.750734223,11463054.0,11238183.0,99.0,2.696652014365478,2.7007069123206775,177263,4167491
job_name_name,name.name,utf8,recursive,trigram,full-scan,prefix_b,B%,StdSearch,5,53114437.0,10502323.0,10622887.4,10618949.37729185,11137298.0,10502213.0,110.0,2.520058951537028,2.5480437455754164,343399,4167491
job_name_name,name.name,utf8,recursive,trigram,full-scan,prefix_b,B%,NaiveVectorizedV2,5,52907593.0,10555057.0,10581518.6,10580689.823966932,10801259.0,10555027.0,30.0,2.532712608137606,2.5388632690429156,343399,4167491
job_name_name,name.name,utf8,recursive,trigram,full-scan,prefix_b,B%,NaiveVectorizedV2Wildcard,5,56265130.0,11236245.0,11253026.0,11252781.349115701,11339655.0,11236205.0,40.0,2.696165390639116,2.7001333294098777,343399,4167491
job_name_name,name.name,utf8,recursive,trigram,full-scan,prefix_x,X%,NaiveVectorizedV2,5,52930882.0,10356325.0,10586176.4,10572973.680411058,11661769.0,10356226.0,99.0,2.485026362384466,2.537011760891877,2664,4167491
job_name_name,name.name,utf8,recursive,trigram,full-scan,prefix_x,X%,StdSearch,5,52111941.0,10417633.0,10422388.2,10421806.104771063,10563758.0,10417513.0,130.0,2.499737371958332,2.500738718996892,2664,4167491
job_name_name,name.name,utf8,recursive,trigram,full-scan,prefix_x,X%,NaiveVectorizedV2Wildcard,5,55917246.0,11190706.0,11183449.2,11183415.737068493,11218884.0,11190606.0,70.0,2.6852381924760005,2.683488875457324,2664,4167491
job_name_name,name.name,utf8,recursive,trigram,full-scan,prefix_z,Z%,StdSearch,5,52354061.0,10529192.0,10470812.2,10469976.634034567,10555520.0,10529112.0,110.0,2.5265062360062687,2.5122973592587394,36174,4167491
job_name_name,name.name,utf8,recursive,trigram,full-scan,prefix_z,Z%,NaiveVectorizedV2,5,53167055.0,10714708.0,10633411.0,10631325.87054057,10846749.0,10714609.0,100.0,2.571021269152111,2.5510135164156496,36174,4167491
job_name_name,name.name,utf8,recursive,trigram,full-scan,prefix_z,Z%,NaiveVectorizedV2Wildcard,5,56034859.0,11194226.0,11206971.8,11206900.114003193,11258631.0,11194116.0,40.0,2.6860828253738283,2.6891240110664256,36174,4167491
job_name_name,name.name,utf8,static,fm,fm,contains_an,%An%,NaiveVectorizedV2,5,71609016.0,13032506.0,14321803.2,14215634.040633114,16718134.0,10042106.0,3140763.0,3.127182758163125,3.4110773222145268,163621,163621
job_name_name,name.name,utf8,static,fm,fm,contains_an,%An%,NaiveVectorizedV2Wildcard,5,66455407.0,13336551.0,13291081.4,13289569.773158744,13483015.0,9963869.0,3309422.0,3.200139124475614,3.1888658603362834,163621,163621
job_name_name,name.name,utf8,static,fm,fm,contains_an,%An%,StdSearch,5,78034612.0,15505237.0,15606922.4,15603645.237371499,16061048.0,12578144.0,2979842.0,3.7205208121625217,3.7441341174753635,163621,163621
job_name_name,name.name,utf8,static,fm,fm,contains_ang,%Ang%,NaiveVectorizedV2Wildcard,5,3207755.0,613397.0,641551.0,640047.7971562201,701167.0,420213.0,186753.0,0.1471861606899691,0.15358108683527325,15803,15803
job_name_name,name.name,utf8,static,fm,fm,contains_ang,%Ang%,NaiveVectorizedV2,5,3408349.0,653050.0,681669.8,678796.1247816806,811686.0,461621.0,188320.0,0.15670099827450137,0.16287884599671146,15803,15803
job_name_name,name.name,utf8,static,fm,fm,contains_ang,%Ang%,StdSearch,5,3941780.0,791625.0,788356.0,788327.9932701552,796052.0,593461.0,191003.0,0.18995241981326413,0.18916129471429094,15803,15803
job_name_name,name.name,utf8,static,fm,fm,contains_angel,%Angel%,NaiveVectorizedV2,5,2520585.0,504343.0,504117.0,504085.5731717178,512101.0,363956.0,139207.0,0.12101837772415105,0.12095660750598337,12221,12221
job_name_name,name.name,utf8,static,fm,fm,contains_angel,%Angel%,NaiveVectorizedV2Wildcard,5,2670625.0,532817.0,534125.0,533853.7115275607,565310.0,385871.0,143043.0,0.12785078600049765,0.1280995475521269,12221,12221
job_name_name,name.name,utf8,static,fm,fm,contains_angel,%Angel%,StdSearch,5,3340805.0,667980.0,668161.0,668077.0215890565,684899.0,518479.0,143456.0,0.16028348951443447,0.1603067700899792,12221,12221
job_name_name,name.name,utf8,static,fm,fm,contains_b,%B%,NaiveVectorizedV2,5,108291608.0,21669203.0,21658321.6,21656373.844284628,22152956.0,10796626.0,10802814.0,5.199580035085859,5.196501646742519,536716,536716
job_name_name,name.name,utf8,static,fm,fm,contains_b,%B%,NaiveVectorizedV2Wildcard,5,120848012.0,24301372.0,24169602.4,24167552.314726315,24518040.0,13144137.0,10943970.0,5.831175640211341,5.799065268461614,536716,536716
job_name_name,name.name,utf8,static,fm,fm,contains_b,%B%,StdSearch,5,142122391.0,28398669.0,28424478.2,28423819.53871764,28784594.0,17561609.0,10869404.0,6.814332412475516,6.82036734781614,536716,536716
job_name_name,name.name,utf8,static,fm,fm,contains_bert,%Bert%,NaiveVectorizedV2Wildcard,5,956835.0,187539.0,191367.0,191281.76393390042,198402.0,136331.0,51208.0,0.04500045710956544,0.04589854277643317,5216,5216
job_name_name,name.name,utf8,static,fm,fm,contains_bert,%Bert%,NaiveVectorizedV2,5,961984.0,192087.0,192396.8,192350.6464908942,199374.0,139612.0,52926.0,0.04609176120596301,0.04615502384789651,5216,5216
job_name_name,name.name,utf8,static,fm,fm,contains_bert,%Bert%,StdSearch,5,1218228.0,240632.0,243645.6,243478.27236255145,259984.0,186233.0,54059.0,0.05774025666762088,0.05842322691579929,5216,5216
job_name_name,name.name,utf8,static,fm,fm,contains_downey_robert,%Downey%Robert%,NaiveVectorizedV2,5,9745401.0,1611905.0,1949080.2,1863367.4786124295,3106012.0,1093718.0,518187.0,0.3867806793104052,0.44711973669827465,2,38048
job_name_name,name.name,utf8,static,fm,fm,contains_downey_robert,%Downey%Robert%,StdSearch,5,10603863.0,1814026.0,2120772.6,2073774.969952712,3047795.0,1367739.0,479049.0,0.4352801241802322,0.4976075461117281,2,38048
job_name_name,name.name,utf8,static,fm,fm,contains_downey_robert,%Downey%Robert%,NaiveVectorizedV2Wildcard,5,11846210.0,1932480.0,2369242.0,2243853.549132162,3792876.0,1388463.0,544017.0,0.4637034609072941,0.5384183311090915,2,38048
job_name_name,name.name,utf8,static,fm,fm,contains_tim,%Tim%,NaiveVectorizedV2Wildcard,5,3611789.0,650800.0,722357.8,708076.5162021131,1036454.0,461282.0,179526.0,0.1561611050869696,0.16990474993278054,15502,15502
job_name_name,name.name,utf8,static,fm,fm,contains_tim,%Tim%,NaiveVectorizedV2,5,3988050.0,671758.0,797610.0,773894.5119775223,1219435.0,495269.0,191338.0,0.16119003016443226,0.18569794439328646,15502,15502
job_name_name,name.name,utf8,static,fm,fm,contains_tim,%Tim%,StdSearch,5,3978305.0,744301.0,795661.0,787816.4191664514,1032804.0,565438.0,177073.0,0.17859690638804018,0.1890385412149544,15502,15502
job_name_name,name.name,utf8,static,fm,fm,contains_yo,%Yo%,NaiveVectorizedV2Wildcard,5,3263272.0,619837.0,652654.4,650349.4037571457,764032.0,391600.0,225870.0,0.14873145496894893,0.156052983379483,21066,21066
job_name_name,name.name,utf8,static,fm,fm,contains_yo,%Yo%,NaiveVectorizedV2,5,3846464.0,726079.0,769292.8,758169.6282320534,1034429.0,456791.0,255491.0,0.17422449142661617,0.1819247187893273,21066,21066
job_name_name,name.name,utf8,static,fm,fm,contains_yo,%Yo%,StdSearch,5,4266819.0,779735.0,853363.8,841520.518062253,1159409.0,541796.0,237779.0,0.18709938425781844,0.20192497549778857,21066,21066
job_name_name,name.name,utf8,static,fm,fm,not_contains_yu,%Yu%,NaiveVectorizedV2,5,4872354.0,934436.0,974470.8,907591.8627330211,1436147.0,666767.0,267669.0,0.2242202802597534,0.2177789616661494,16079,16079
job_name_name,name.name,utf8,static,fm,fm,not_contains_yu,%Yu%,NaiveVectorizedV2Wildcard,5,5701460.0,1172555.0,1140292.0,1093764.0397742754,1498573.0,902725.0,271062.0,0.28135753622503323,0.2624514461517193,16079,16079
job_name_name,name.name,utf8,static,fm,fm,not_contains_yu,%Yu%,StdSearch,5,5827065.0,1356453.0,1165413.0,1103827.581151067,1539853.0,1083340.0,273113.0,0.3254843261809084,0.26486621834361934,16079,16079
job_name_name,name.name,utf8,static,fm,fm,prefix_a,A%,StdSearch,5,86816221.0,17210787.0,17363244.2,17358752.80718508,18138624.0,5909451.0,11221102.0,4.1297718459379995,4.16527661539884,177263,552032
job_name_name,name.name,utf8,static,fm,fm,prefix_a,A%,NaiveVectorizedV2,5,89501736.0,17840027.0,17900347.2,17898358.25972312,18326865.0,6710220.0,11028324.0,4.280759574525776,4.294756307745616,177263,552032
job_name_name,name.name,utf8,static,fm,fm,prefix_a,A%,NaiveVectorizedV2Wildcard,5,89796798.0,17862104.0,17959359.6,17953260.443203803,18665931.0,6542321.0,11398641.0,4.286057006481838,4.307930225453108,177263,552032
job_name_name,name.name,utf8,static,fm,fm,prefix_b,B%,NaiveVectorizedV2Wildcard,5,89491282.0,17951576.0,17898256.4,17896377.50836567,18197715.0,7235811.0,10715202.0,4.307526039048435,4.294281021450472,343399,536716
job_name_name,name.name,utf8,static,fm,fm,prefix_b,B%,NaiveVectorizedV2,5,94075891.0,18141237.0,18815178.2,18738957.982489035,22297732.0,7564522.0,10576715.0,4.353035675421975,4.496460336084483,343399,536716
job_name_name,name.name,utf8,static,fm,fm,prefix_b,B%,StdSearch,5,90652633.0,18191970.0,18130526.6,18128444.07364333,18473454.0,7050962.0,10999502.0,4.365209187014441,4.349965980404843,343399,536716
job_name_name,name.name,utf8,static,fm,fm,prefix_x,X%,NaiveVectorizedV2,5,1601431.0,281656.0,320286.2,297902.4303370716,486502.0,144665.0,136991.0,0.06758406916775585,0.0714824411947312,2664,8750
job_name_name,name.name,utf8,static,fm,fm,prefix_x,X%,StdSearch,5,1694591.0,347502.0,338918.2,306134.57032023446,538023.0,200786.0,146716.0,0.08338398331274141,0.07345776399282795,2664,8750
job_name_name,name.name,utf8,static,fm,fm,prefix_x,X%,NaiveVectorizedV2Wildcard,5,1731986.0,388138.0,346397.2,329320.1633416805,463649.0,250451.0,137687.0,0.09313469423209313,0.07902120564667806,2664,8750
job_name_name,name.name,utf8,static,fm,fm,prefix_z,Z%,StdSearch,5,7779704.0,1365147.0,1555940.8,1481178.6572097128,2355951.0,474920.0,890227.0,0.32757047345753115,0.3554125629088848,36174,59261
job_name_name,name.name,utf8,static,fm,fm,prefix_z,Z%,NaiveVectorizedV2Wildcard,5,8398001.0,1549587.0,1679600.2,1648860.041905222,2342656.0,626830.0,876670.0,0.3718273176834695,0.39564813503021884,36174,59261
job_name_name,name.name,utf8,static,fm,fm,prefix_z,Z%,NaiveVectorizedV2,5,10067351.0,1952134.0,2013470.2,1973254.6699605477,2509614.0,913174.0,1038960.0,0.4684194878885161,0.47348744603420867,36174,59261
job_name_name,name.name,utf8,static,full-scan,full-scan,contains_an,%An%,NaiveVectorizedV2,5,329533468.0,65979239.0,65906693.6,65905411.93716886,66328600.0,65979139.0,110.0,15.831885179836021,15.814170189490191,163621,4167491
job_name_name,name.name,utf8,static,full-scan,full-scan,contains_an,%An%,NaiveVectorizedV2Wildcard,5,339979511.0,67971491.0,67995902.2,67995446.19779417,68384036.0,67971391.0,110.0,16.309931083234492,16.315679193498976,163621,4167491
job_name_name,name.name,utf8,static,full-scan,full-scan,contains_an,%An%,StdSearch,5,478895771.0,93441852.0,95779154.2,95635021.04796143,106526803.0,93441741.0,110.0,22.42160858895676,22.947865045890094,163621,4167491
job_name_name,name.name,utf8,static,full-scan,full-scan,contains_ang,%Ang%,NaiveVectorizedV2,5,324093813.0,64885900.0,64818762.6,64815503.083550125,65856691.0,64885490.0,110.0,15.569535723052551,15.552643805001681,15803,4167491
job_name_name,name.name,utf8,static,full-scan,full-scan,contains_ang,%Ang%,NaiveVectorizedV2Wildcard,5,339807928.0,67793526.0,67961585.6,67958909.15590164,69065459.0,67793174.0,111.0,16.267227931626007,16.306912037938783,15803,4167491
job_name_name,name.name,utf8,static,full-scan,full-scan,contains_ang,%Ang%,StdSearch,5,438445734.0,87795929.0,87689146.8,87686156.661022,88487203.0,87795819.0,110.0,21.066855093388323,21.040514943168926,15803,4167491
job_name_name,name.name,utf8,static,full-scan,full-scan,contains_angel,%Angel%,NaiveVectorizedV2,5,313878011.0,62817590.0,62775602.2,62773466.180985324,63439167.0,62817460.0,110.0,15.073239510295283,15.062651888386895,12221,4167491
job_name_name,name.name,utf8,static,full-scan,full-scan,contains_angel,%Angel%,NaiveVectorizedV2Wildcard,5,327549508.0,64397430.0,65509901.6,65469286.51317754,70088628.0,64397319.0,111.0,15.45232611180204,15.709520791569181,12221,4167491
job_name_name,name.name,utf8,static,full-scan,full-scan,contains_angel,%Angel%,StdSearch,5,523506084.0,103864816.0,104701216.8,104666769.8005093,109997423.0,103864360.0,109.0,24.92262514784075,25.115055989445256,12221,4167491
job_name_name,name.name,utf8,static,full-scan,full-scan,contains_b,%B%,NaiveVectorizedV2,5,269601201.0,53444564.0,53920240.2,53915038.719794676,55083632.0,53444454.0,180.0,12.824158228536067,12.93704982681297,536716,4167491
job_name_name,name.name,utf8,static,full-scan,full-scan,contains_b,%B%,NaiveVectorizedV2Wildcard,5,345375642.0,69125588.0,69075128.4,69069325.19436315,70477338.0,69125206.0,111.0,16.586859575701542,16.57335917326831,536716,4167491
job_name_name,name.name,utf8,static,full-scan,full-scan,contains_b,%B%,StdSearch,5,446597769.0,89315336.0,89319553.8,89319209.0257482,89739655.0,89315225.0,110.0,21.431440643783034,21.43236998610155,536716,4167491
job_name_name,name.name,utf8,static,full-scan,full-scan,contains_bert,%Bert%,NaiveVectorizedV2,5,318407143.0,63570758.0,63681428.6,63680260.74425203,64349291.0,63570648.0,110.0,15.253964075747254,15.280239536030733,5216,4167491
job_name_name,name.name,utf8,static,full-scan,full-scan,contains_bert,%Bert%,NaiveVectorizedV2Wildcard,5,329279306.0,65544768.0,65855861.2,65852557.777588874,66989093.0,65544668.0,110.0,15.727632765133746,15.801487700294695,5216,4167491
job_name_name,name.name,utf8,static,full-scan,full-scan,contains_bert,%Bert%,StdSearch,5,514384933.0,100313771.0,102876986.6,102741943.1670731,113683585.0,100313660.0,111.0,24.070542923787958,24.65318897319114,5216,4167491
job_name_name,name.name,utf8,static,full-scan,full-scan,contains_downey_robert,%Downey%Robert%,NaiveVectorizedV2,5,329369708.0,65643817.0,65873941.6,65872667.67390822,66484388.0,65643346.0,110.0,15.751399823059007,15.806313120750147,2,4167491
job_name_name,name.name,utf8,static,full-scan,full-scan,contains_downey_robert,%Downey%Robert%,NaiveVectorizedV2Wildcard,5,365650159.0,70306755.0,73130031.8,72970760.29578894,81692794.0,70306645.0,110.0,16.87028358309592,17.509518387871516,2,4167491
job_name_name,name.name,utf8,static,full-scan,full-scan,contains_downey_robert,%Downey%Robert%,StdSearch,5,511726773.0,102181639.0,102345354.6,102341626.46160144,103470398.0,102181489.0,110.0,24.51874257196956,24.55713196779581,2,4167491
job_name_name,name.name,utf8,static,full-scan,full-scan,contains_tim,%Tim%,NaiveVectorizedV2,5,321332576.0,63964412.0,64266515.2,64262108.46701298,65581315.0,63964302.0,110.0,15.348422348122648,15.419855367897107,15502,4167491
job_name_name,name.name,utf8,static,full-scan,full-scan,contains_tim,%Tim%,NaiveVectorizedV2Wildcard,5,334290580.0,67066382.0,66858116.0,66856961.61583813,67285321.0,67066272.0,111.0,16.09274789075729,16.04249694020654,15502,4167491
job_name_name,name.name,utf8,static,full-scan,full-scan,contains_tim,%Tim%,StdSearch,5,437315329.0,87647967.0,87463065.8,87462002.06215733,88049541.0,87647847.0,109.0,21.031351237471178,20.986728480555126,15502,4167491
job_name_name,name.name,utf8,static,full-scan,full-scan,contains_yo,%Yo%,NaiveVectorizedV2,5,334880152.0,64355313.0,66976030.4,66797924.16442444,77078972.0,64355213.0,110.0,15.442220031189029,16.02833075450538,21066,4167491
job_name_name,name.name,utf8,static,full-scan,full-scan,contains_yo,%Yo%,NaiveVectorizedV2Wildcard,5,344463307.0,67903331.0,68892661.4,68845779.43638465,74018746.0,67902869.0,110.0,16.293575918940196,16.51971880356423,21066,4167491
job_name_name,name.name,utf8,static,full-scan,full-scan,contains_yo,%Yo%,StdSearch,5,437620291.0,87358941.0,87524058.2,87523368.43182565,88086886.0,87358832.0,109.0,20.961998718173597,21.00145349607844,21066,4167491
job_name_name,name.name,utf8,static,full-scan,full-scan,not_contains_yu,%Yu%,NaiveVectorizedV2,5,321126028.0,63987966.0,64225205.6,64223941.61299288,64756196.0,63987496.0,110.0,15.354074189962258,15.410697134797148,16079,4167491
job_name_name,name.name,utf8,static,full-scan,full-scan,not_contains_yu,%Yu%,NaiveVectorizedV2Wildcard,5,350096298.0,67433602.0,70019259.6,69855385.62934478,79912395.0,67433151.0,111.0,16.180863258013034,16.761976361639366,16079,4167491
job_name_name,name.name,utf8,static,full-scan,full-scan,not_contains_yu,%Yu%,StdSearch,5,416385064.0,83692040.0,83277012.8,83268661.05182168,84618899.0,83691930.0,110.0,20.082116554060946,19.98052570523163,16079,4167491
job_name_name,name.name,utf8,static,full-scan,full-scan,prefix_a,A%,NaiveVectorizedV2,5,69211432.0,13860742.0,13842286.4,13842153.936626196,13915381.0,13860702.0,90.0,3.3259200799713784,3.3214598271780797,177263,4167491
job_name_name,name.name,utf8,static,full-scan,full-scan,prefix_a,A%,NaiveVectorizedV2Wildcard,5,70762607.0,14204611.0,14152521.4,14152180.160696624,14238744.0,14204571.0,100.0,3.4084323157506518,3.395851403325555,177263,4167491
job_name_name,name.name,utf8,static,full-scan,full-scan,prefix_a,A%,StdSearch,5,76344006.0,15231520.0,15268801.2,15267250.07222817,15596924.0,15231350.0,130.0,3.654841726112906,3.663415247262248,177263,4167491
job_name_name,name.name,utf8,static,full-scan,full-scan,prefix_b,B%,NaiveVectorizedV2,5,69875253.0,13954892.0,13975050.6,13974523.200822415,14161957.0,13954111.0,40.0,3.348511610462986,3.353222166723914,343399,4167491
job_name_name,name.name,utf8,static,full-scan,full-scan,prefix_b,B%,NaiveVectorizedV2Wildcard,5,70527446.0,14090452.0,14105489.2,14105431.640175931,14180478.0,14090412.0,111.0,3.381039575130456,3.384633977656076,343399,4167491
job_name_name,name.name,utf8,static,full-scan,full-scan,prefix_b,B%,StdSearch,5,75232737.0,15016654.0,15046547.4,15045934.21565352,15296225.0,15016194.0,100.0,3.603284086276371,3.610309948036728,343399,4167491
job_name_name,name.name,utf8,static,full-scan,full-scan,prefix_x,X%,NaiveVectorizedV2,5,76078043.0,13861741.0,15215608.6,15093936.288063465,19041842.0,13860920.0,101.0,3.3261597925466426,3.6218281666507344,2664,4167491
job_name_name,name.name,utf8,static,full-scan,full-scan,prefix_x,X%,NaiveVectorizedV2Wildcard,5,69458839.0,13981906.0,13891767.8,13890666.71761944,14047493.0,13981866.0,50.0,3.3549936880487565,3.333100591607625,2664,4167491
job_name_name,name.name,utf8,static,full-scan,full-scan,prefix_x,X%,StdSearch,5,73911378.0,14800849.0,14782275.6,14781668.003637502,14997083.0,14800759.0,80.0,3.5515011310162397,3.5468986024534965,2664,4167491
job_name_name,name.name,utf8,static,full-scan,full-scan,prefix_z,Z%,NaiveVectorizedV2,5,69315601.0,13838569.0,13863120.2,13862688.957721723,14031039.0,13838459.0,100.0,3.3205996125726487,3.326387257398214,36174,4167491
job_name_name,name.name,utf8,static,full-scan,full-scan,prefix_z,Z%,NaiveVectorizedV2Wildcard,5,69625917.0,13955881.0,13925183.4,13924809.282031247,14031954.0,13955761.0,100.0,3.3487489235129724,3.341293186243536,36174,4167491
job_name_name,name.name,utf8,static,full-scan,full-scan,prefix_z,Z%,StdSearch,5,73983294.0,14771488.0,14796658.8,14796500.479464948,14903897.0,14771448.0,40.0,3.544455884847742,3.5504576925216984,36174,4167491
job_name_name,name.name,utf8,static,prefix-btree,full-scan,contains_an,%An%,NaiveVectorizedV2,5,342855768.0,66451927.0,68571153.6,68403434.42511913,78428062.0,66451417.0,550.0,15.94530786029292,16.41357699995491,163621,4167491
job_name_name,name.name,utf8,static,prefix-btree,full-scan,contains_an,%An%,NaiveVectorizedV2Wildcard,5,343401082.0,68671164.0,68680216.4,68679058.68143566,69320613.0,68670882.0,393.0,16.477819388212236,16.479713736978837,163621,4167491
job_name_name,name.name,utf8,static,prefix-btree,full-scan,contains_an,%An%,StdSearch,5,457380250.0,91454453.0,91476050.0,91475819.0672188,91823499.0,91453112.0,371.0,21.944727175175665,21.94985401701379,163621,4167491
job_name_name,name.name,utf8,static,prefix-btree,full-scan,contains_ang,%Ang%,NaiveVectorizedV2,5,326277348.0,65413287.0,65255469.6,65250203.868900344,66398159.0,65412037.0,670.0,15.69608356682714,15.656951357279569,15803,4167491
job_name_name,name.name,utf8,static,prefix-btree,full-scan,contains_ang,%Ang%,NaiveVectorizedV2Wildcard,5,351800098.0,68273844.0,70360019.6,70217913.61634189,79552423.0,68273320.0,514.0,16.382481449869957,16.84896586851463,15803,4167491
job_name_name,name.name,utf8,static,prefix-btree,full-scan,contains_ang,%Ang%,StdSearch,5,439793342.0,87952976.0,87958668.4,87954561.05401887,89021130.0,87952520.0,456.0,21.10453891802046,21.104919255738967,15803,4167491
job_name_name,name.name,utf8,static,prefix-btree,full-scan,contains_angel,%Angel%,NaiveVectorizedV2,5,310142126.0,61865756.0,62028425.2,62025238.6916861,63004532.0,61865216.0,560.0,14.844844535957007,14.883112810966146,12221,4167491
job_name_name,name.name,utf8,static,prefix-btree,full-scan,contains_angel,%Angel%,NaiveVectorizedV2Wildcard,5,320487603.0,64229174.0,64097520.6,64096666.23227908,64404791.0,64228621.0,553.0,15.411952659285888,15.380157085469207,12221,4167491
job_name_name,name.name,utf8,static,prefix-btree,full-scan,contains_angel,%Angel%,StdSearch,5,529141929.0,103415331.0,105828385.8,105775771.43820019,110219343.0,103414974.0,575.0,24.81477008588621,25.38116373573454,12221,4167491
job_name_name,name.name,utf8,static,prefix-btree,full-scan,contains_b,%B%,NaiveVectorizedV2,5,267562874.0,53517984.0,53512574.8,53511594.21073539,53968506.0,53517254.0,730.0,12.841775543126548,12.840242297040428,536716,4167491
job_name_name,name.name,utf8,static,prefix-btree,full-scan,contains_b,%B%,NaiveVectorizedV2Wildcard,5,360286824.0,69218250.0,72057364.8,71844052.1996823,83474240.0,69217848.0,473.0,16.609094056831797,17.23916193212709,536716,4167491
job_name_name,name.name,utf8,static,prefix-btree,full-scan,contains_b,%B%,StdSearch,5,464155971.0,89861942.0,92831194.2,92663747.95437896,104235920.0,89861121.0,451.0,21.562600135189253,22.234900556324895,536716,4167491
job_name_name,name.name,utf8,static,prefix-btree,full-scan,contains_bert,%Bert%,NaiveVectorizedV2,5,332281040.0,63851083.0,66456208.0,66270664.36202472,76652231.0,63850203.0,600.0,15.32122876810052,15.90181343211652,5216,4167491
job_name_name,name.name,utf8,static,prefix-btree,full-scan,contains_bert,%Bert%,NaiveVectorizedV2Wildcard,5,340398878.0,66004769.0,68079775.6,67938561.62473822,77100689.0,66004367.0,422.0,15.83801116787055,16.302029596401802,5216,4167491
job_name_name,name.name,utf8,static,prefix-btree,full-scan,contains_bert,%Bert%,StdSearch,5,495828294.0,98846764.0,99165658.8,99156565.13107617,101471181.0,98846314.0,571.0,23.718530885849542,23.792868450364022,5216,4167491
job_name_name,name.name,utf8,static,prefix-btree,full-scan,contains_downey_robert,%Downey%Robert%,NaiveVectorizedV2,5,332511113.0,66070809.0,66502222.6,66492481.22332572,68728704.0,66070669.0,290.0,15.853857632805926,15.95503894869259,2,4167491
job_name_name,name.name,utf8,static,prefix-btree,full-scan,contains_downey_robert,%Downey%Robert%,NaiveVectorizedV2Wildcard,5,351288691.0,69080551.0,70257738.2,70214596.61726198,75262532.0,69080340.0,220.0,16.57605283370738,16.84816994620076,2,4167491
job_name_name,name.name,utf8,static,prefix-btree,full-scan,contains_downey_robert,%Downey%Robert%,StdSearch,5,507827403.0,100433553.0,101565480.6,101530749.85567021,106587078.0,100432827.0,248.0,24.099284917471927,24.36256007647534,2,4167491
job_name_name,name.name,utf8,static,prefix-btree,full-scan,contains_tim,%Tim%,NaiveVectorizedV2,5,321023594.0,64113405.0,64204718.8,64202156.282560326,65216481.0,64112854.0,551.0,15.384173595095946,15.405469689691072,15502,4167491
job_name_name,name.name,utf8,static,prefix-btree,full-scan,contains_tim,%Tim%,NaiveVectorizedV2Wildcard,5,333825312.0,66554503.0,66765062.4,66762765.89791007,67458068.0,66554072.0,431.0,15.969921230783703,16.019894439582465,15502,4167491
job_name_name,name.name,utf8,static,prefix-btree,full-scan,contains_tim,%Tim%,StdSearch,5,434832625.0,86886293.0,86966525.0,86965346.57522002,87783243.0,86885896.0,428.0,20.84858563581781,20.86755474102282,15502,4167491
job_name_name,name.name,utf8,static,prefix-btree,full-scan,contains_yo,%Yo%,NaiveVectorizedV2,5,320119004.0,63878016.0,64023800.8,64021911.66234405,64930983.0,63876805.0,610.0,15.327691409531539,15.362219537449267,21066,4167491
job_name_name,name.name,utf8,static,prefix-btree,full-scan,contains_yo,%Yo%,NaiveVectorizedV2Wildcard,5,347575176.0,66911662.0,69515035.2,69327193.662242,80088064.0,66911281.0,461.0,16.05562243565733,16.635235363973653,21066,4167491
job_name_name,name.name,utf8,static,prefix-btree,full-scan,contains_yo,%Yo%,StdSearch,5,434329255.0,87080874.0,86865851.0,86864986.13155542,87288497.0,87080437.0,457.0,20.895275838628084,20.84347299887521,21066,4167491
job_name_name,name.name,utf8,static,prefix-btree,full-scan,not_contains_yu,%Yu%,NaiveVectorizedV2,5,323789417.0,64755705.0,64757883.4,64757091.140152775,65233129.0,64755295.0,410.0,15.538295103696685,15.538627711530202,16079,4167491
job_name_name,name.name,utf8,static,prefix-btree,full-scan,not_contains_yu,%Yu%,NaiveVectorizedV2Wildcard,5,336647337.0,67444098.0,67329467.4,67329261.14125904,67489922.0,67443727.0,421.0,16.183381799744737,16.155826405206184,16079,4167491
job_name_name,name.name,utf8,static,prefix-btree,full-scan,not_contains_yu,%Yu%,StdSearch,5,422655922.0,82052018.0,84531184.4,84366231.30566324,95405320.0,82050787.0,440.0,19.688589129526616,20.24389046207014,16079,4167491
job_name_name,name.name,utf8,static,prefix-btree,prefix-btree,prefix_a,A%,NaiveVectorizedV2Wildcard,5,29159828.0,5817845.0,5831965.6,5822353.445522623,6357287.0,641366.0,5176479.0,1.396006614051476,1.3970884269510415,177263,177263
job_name_name,name.name,utf8,static,prefix-btree,prefix-btree,prefix_a,A%,NaiveVectorizedV2,5,29883728.0,5932388.0,5976745.6,5974794.532368865,6236059.0,678619.0,5253769.0,1.4234914964423437,1.433667051079142,177263,177263
job_name_name,name.name,utf8,static,prefix-btree,prefix-btree,prefix_a,A%,StdSearch,5,28748111.0,6029354.0,5749622.2,5730481.153332723,6185263.0,687408.0,5367087.0,1.4467587332522134,1.3750434382060395,177263,177263
job_name_name,name.name,utf8,static,prefix-btree,prefix-btree,prefix_b,B%,StdSearch,5,59083819.0,11942038.0,11816763.8,11814107.57025205,12096315.0,1311456.0,10610144.0,2.8655222050869456,2.834824975087415,343399,343399
job_name_name,name.name,utf8,static,prefix-btree,prefix-btree,prefix_b,B%,NaiveVectorizedV2,5,69412221.0,11976772.0,13882444.2,13654884.64583257,17600815.0,1312432.0,10664340.0,2.8738567161872695,3.2765240874743546,343399,343399
job_name_name,name.name,utf8,static,prefix-btree,prefix-btree,prefix_b,B%,NaiveVectorizedV2Wildcard,5,61298849.0,12379097.0,12259769.8,12257678.471885882,12524763.0,1253580.0,11125517.0,2.9703956169311465,2.9412609341893914,343399,343399
job_name_name,name.name,utf8,static,prefix-btree,prefix-btree,prefix_x,X%,NaiveVectorizedV2Wildcard,5,252695.0,48893.0,50539.0,50232.53744613378,60994.0,13564.0,35329.0,0.011731998941329447,0.012053424337601149,2664,2664
job_name_name,name.name,utf8,static,prefix-btree,prefix-btree,prefix_x,X%,NaiveVectorizedV2,5,261715.0,50096.0,52343.0,51971.34132897705,63533.0,14687.0,35409.0,0.012020661832263106,0.012470654724623774,2664,2664
job_name_name,name.name,utf8,static,prefix-btree,prefix-btree,prefix_x,X%,StdSearch,5,264931.0,51870.0,52986.2,52484.319311819556,67305.0,14195.0,36644.0,0.012446337616565939,0.012593745088308437,2664,2664
job_name_name,name.name,utf8,static,prefix-btree,prefix-btree,prefix_z,Z%,NaiveVectorizedV2,5,3857104.0,640133.0,771420.8,744817.5159145434,1216102.0,133469.0,504792.0,0.1536015314730134,0.17872084568737942,36174,36174
job_name_name,name.name,utf8,static,prefix-btree,prefix-btree,prefix_z,Z%,NaiveVectorizedV2Wildcard,5,4313007.0,799967.0,862601.4,830809.6516628214,1181444.0,132985.0,666982.0,0.1919541038001042,0.1993548760304034,36174,36174
job_name_name,name.name,utf8,static,prefix-btree,prefix-btree,prefix_z,Z%,StdSearch,5,4496820.0,906503.0,899364.0,866510.0808671399,1218171.0,137022.0,769481.0,0.21751768630094223,0.20792128426123566,36174,36174
job_name_name,name.name,utf8,static,qgram,full-scan,contains_an,%An%,NaiveVectorizedV2,5,329655005.0,66005110.0,65931001.0,65929999.97114152,66511350.0,66005000.0,110.0,15.838092991682526,15.820070150395429,163621,4167491
job_name_name,name.name,utf8,static,qgram,full-scan,contains_an,%An%,NaiveVectorizedV2Wildcard,5,358553527.0,69539642.0,71710705.4,71559151.7572684,81304924.0,69539531.0,111.0,16.68621287964389,17.17079935080086,163621,4167491
job_name_name,name.name,utf8,static,qgram,full-scan,contains_an,%An%,StdSearch,5,460794121.0,92084679.0,92158824.2,92156193.4701572,93377065.0,92084269.0,111.0,22.09595149695584,22.113111574843778,163621,4167491
job_name_name,name.name,utf8,static,qgram,full-scan,contains_ang,%Ang%,NaiveVectorizedV2,5,324239819.0,65012999.0,64847963.8,64846767.291347444,65345863.0,65012889.0,100.0,15.600033449382375,15.560145730692016,15803,4167491
job_name_name,name.name,utf8,static,qgram,full-scan,contains_ang,%Ang%,NaiveVectorizedV2Wildcard,5,338943570.0,67846366.0,67788714.0,67787809.6637818,68259781.0,67846255.0,111.0,16.279907023194532,16.26585628230074,15803,4167491
job_name_name,name.name,utf8,static,qgram,full-scan,contains_ang,%Ang%,StdSearch,5,437488756.0,87467864.0,87497751.2,87495047.48673168,88313494.0,87467735.0,109.0,20.988135067358275,20.994657813713705,15803,4167491
job_name_name,name.name,utf8,static,qgram,full-scan,contains_angel,%Angel%,NaiveVectorizedV2,5,309188742.0,61947164.0,61837748.4,61837206.58483662,62160314.0,61947044.0,120.0,14.86437859133949,14.837994031621577,12221,4167491
job_name_name,name.name,utf8,static,qgram,full-scan,contains_angel,%Angel%,NaiveVectorizedV2Wildcard,5,323846578.0,64759424.0,64769315.6,64767332.221865535,65582284.0,64759314.0,111.0,15.539187487147542,15.541085084974515,12221,4167491
job_name_name,name.name,utf8,static,qgram,full-scan,contains_angel,%Angel%,StdSearch,5,536183791.0,104431279.0,107236758.2,107111980.67641243,117695992.0,104431180.0,99.0,25.058549376591333,25.70179052010252,12221,4167491
job_name_name,name.name,utf8,static,qgram,full-scan,contains_b,%B%,NaiveVectorizedV2,5,269847411.0,53668659.0,53969482.2,53957851.45542471,55671279.0,53668559.0,100.0,12.877930390251592,12.94732285094909,536716,4167491
job_name_name,name.name,utf8,static,qgram,full-scan,contains_b,%B%,NaiveVectorizedV2Wildcard,5,339338959.0,67786793.0,67867791.8,67861972.45818678,69122059.0,67786331.0,111.0,16.265612331256385,16.28365183228629,536716,4167491
job_name_name,name.name,utf8,static,qgram,full-scan,contains_b,%B%,StdSearch,5,468307881.0,90180783.0,93661576.2,93433678.22943898,106983111.0,90180683.0,111.0,21.63910683910295,22.419647272048987,536716,4167491
job_name_name,name.name,utf8,static,qgram,full-scan,contains_bert,%Bert%,NaiveVectorizedV2,5,319924283.0,63870215.0,63984856.6,63983450.80538134,64796289.0,63870105.0,110.0,15.325819539862234,15.352990757600043,5216,4167491
job_name_name,name.name,utf8,static,qgram,full-scan,contains_bert,%Bert%,NaiveVectorizedV2Wildcard,5,325453065.0,65041035.0,65090613.0,65089212.74610894,65846553.0,65040573.0,111.0,15.606760758451548,15.618321130413715,5216,4167491
job_name_name,name.name,utf8,static,qgram,full-scan,contains_bert,%Bert%,StdSearch,5,500447387.0,99631974.0,100089477.4,100086416.19800384,101334242.0,99631864.0,110.0,23.906944010197023,24.01598856434336,5216,4167491
job_name_name,name.name,utf8,static,qgram,full-scan,contains_downey_robert,%Downey%Robert%,NaiveVectorizedV2,5,334557772.0,66768212.0,66911554.4,66901358.55567595,68188010.0,66768092.0,110.0,16.02120124554558,16.053150098146787,2,4167491
job_name_name,name.name,utf8,static,qgram,full-scan,contains_downey_robert,%Downey%Robert%,NaiveVectorizedV2Wildcard,5,343666940.0,68678088.0,68733388.0,68732777.43385518,69081938.0,68677988.0,110.0,16.479480819514666,16.49260368741173,2,4167491
job_name_name,name.name,utf8,static,qgram,full-scan,contains_downey_robert,%Downey%Robert%,StdSearch,5,497207398.0,99324419.0,99441479.6,99439858.54439396,100105306.0,99324309.0,110.0,23.833145410511985,23.860845420996508,2,4167491
job_name_name,name.name,utf8,static,qgram,full-scan,contains_tim,%Tim%,NaiveVectorizedV2,5,321510213.0,64324150.0,64302042.6,64300446.85142357,64775888.0,64324030.0,110.0,15.43474239056545,15.429054760147892,15502,4167491
job_name_name,name.name,utf8,static,qgram,full-scan,contains_tim,%Tim%,NaiveVectorizedV2Wildcard,5,370602612.0,67019829.0,74120522.4,73516029.16854276,91606252.0,67019729.0,111.0,16.081577380730995,17.640357032215004,15502,4167491
job_name_name,name.name,utf8,static,qgram,full-scan,contains_tim,%Tim%,StdSearch,5,433865707.0,86748319.0,86773141.4,86772510.40834296,87195985.0,86748210.0,109.0,20.81547842574825,20.821283215331015,15502,4167491
job_name_name,name.name,utf8,static,qgram,full-scan,contains_yo,%Yo%,NaiveVectorizedV2,5,324106874.0,64759878.0,64821374.8,64819613.75477284,65438246.0,64759768.0,110.0,15.539296425595161,15.55363017095245,21066,4167491
job_name_name,name.name,utf8,static,qgram,full-scan,contains_yo,%Yo%,NaiveVectorizedV2Wildcard,5,337051960.0,67507478.0,67410392.0,67409815.67305093,67659718.0,67507378.0,110.0,16.19858999095619,16.17515566873474,21066,4167491
job_name_name,name.name,utf8,static,qgram,full-scan,contains_yo,%Yo%,StdSearch,5,440498598.0,88018727.0,88099719.6,88099517.018874,88404363.0,88018618.0,110.0,21.120316036675305,21.13970180592451,21066,4167491
job_name_name,name.name,utf8,static,qgram,full-scan,not_contains_yu,%Yu%,NaiveVectorizedV2,5,322242847.0,64371381.0,64448569.4,64445528.054920144,65557715.0,64371271.0,110.0,15.44607558840559,15.463867361661988,16079,4167491
job_name_name,name.name,utf8,static,qgram,full-scan,not_contains_yu,%Yu%,NaiveVectorizedV2Wildcard,5,347429084.0,67520296.0,69485816.8,69341884.40297787,78680369.0,67519845.0,111.0,16.201665702457426,16.63876044434838,16079,4167491
job_name_name,name.name,utf8,static,qgram,full-scan,not_contains_yu,%Yu%,StdSearch,5,427362768.0,83168256.0,85472553.6,85337278.43375705,95331615.0,83168146.0,110.0,19.95643325924399,20.476895675061343,16079,4167491
job_name_name,name.name,utf8,static,qgram,full-scan,prefix_a,A%,NaiveVectorizedV2,5,69341369.0,13922115.0,13868273.8,13867881.135578476,14000756.0,13922005.0,100.0,3.340646686459551,3.327633133599675,177263,4167491
job_name_name,name.name,utf8,static,qgram,full-scan,prefix_a,A%,NaiveVectorizedV2Wildcard,5,70536840.0,14106051.0,14107368.0,14107263.28665521,14187966.0,14105940.0,100.0,3.3847825946114822,3.38507348585881,177263,4167491
job_name_name,name.name,utf8,static,qgram,full-scan,prefix_a,A%,StdSearch,5,79417283.0,14991792.0,15883456.6,15792456.084889228,19452214.0,14991682.0,110.0,3.597318386530409,3.789439757611763,177263,4167491
job_name_name,name.name,utf8,static,qgram,full-scan,prefix_b,B%,NaiveVectorizedV2,5,70787505.0,14134384.0,14157501.0,14156038.856151596,14379700.0,14134284.0,100.0,3.39158116958141,3.3967773070539637,343399,4167491
job_name_name,name.name,utf8,static,qgram,full-scan,prefix_b,B%,NaiveVectorizedV2Wildcard,5,71275222.0,14235667.0,14255044.4,14254230.193328055,14415632.0,14235577.0,111.0,3.4158842814537573,3.420338566616713,343399,4167491
job_name_name,name.name,utf8,static,qgram,full-scan,prefix_b,B%,StdSearch,5,75312059.0,15090548.0,15062411.8,15062319.320250487,15101102.0,15090448.0,90.0,3.621015138365026,3.6142415953029015,343399,4167491
job_name_name,name.name,utf8,static,qgram,full-scan,prefix_x,X%,NaiveVectorizedV2Wildcard,5,68701633.0,13756158.0,13740326.6,13740205.896651983,13802706.0,13756067.0,40.0,3.3008248848047903,3.2969971372828404,2664,4167491
job_name_name,name.name,utf8,static,qgram,full-scan,prefix_x,X%,StdSearch,5,74336360.0,14859260.0,14867272.0,14866967.777773501,14975915.0,14858860.0,40.0,3.5655169981170927,3.567366498877508,2664,4167491
job_name_name,name.name,utf8,static,qgram,full-scan,prefix_x,X%,NaiveVectorizedV2,5,88169075.0,17123095.0,17633815.0,17215135.751500946,25264314.0,17122995.0,100.0,4.108729928870872,4.1308153398533864,2664,4167491
job_name_name,name.name,utf8,static,qgram,full-scan,prefix_z,Z%,NaiveVectorizedV2Wildcard,5,83330317.0,13847705.0,16666063.4,16115559.394226331,26050032.0,13847244.0,81.0,3.3227918188665555,3.8669692134251394,36174,4167491
job_name_name,name.name,utf8,static,qgram,full-scan,prefix_z,Z%,NaiveVectorizedV2,5,69342854.0,13865603.0,13868570.8,13868341.59452086,13965284.0,13865493.0,110.0,3.327086489208975,3.3277436218868557,36174,4167491
job_name_name,name.name,utf8,static,qgram,full-scan,prefix_z,Z%,StdSearch,5,75091706.0,15046162.0,15018341.2,15018146.00786838,15103023.0,15046052.0,110.0,3.6103646054664544,3.603642097335881,36174,4167491
job_name_name,name.name,utf8,static,trigram,full-scan,contains_an,%An%,NaiveVectorizedV2,5,343209140.0,66837681.0,68641828.0,68541477.55138835,75886568.0,66837221.0,110.0,16.037870507698756,16.44670079704752,163621,4167491
job_name_name,name.name,utf8,static,trigram,full-scan,contains_an,%An%,NaiveVectorizedV2Wildcard,5,358718716.0,69459145.0,71743743.2,71594469.59575777,81288785.0,69459034.0,111.0,16.666897421014227,17.1792739554225,163621,4167491
job_name_name,name.name,utf8,static,trigram,full-scan,contains_an,%An%,StdSearch,5,459798323.0,91865196.0,91959664.6,91958445.90347652,92700229.0,91865096.0,100.0,22.043285996298494,22.065661546354033,163621,4167491
job_name_name,name.name,utf8,static,trigram,trigram,contains_ang,%Ang%,NaiveVectorizedV2,5,2269324.0,446186.0,453864.8,453436.4612231325,492726.0,442097.0,4059.0,0.10706345856535743,0.10880322506350512,15803,15803
job_name_name,name.name,utf8,static,trigram,trigram,contains_ang,%Ang%,NaiveVectorizedV2Wildcard,5,2262262.0,457871.0,452452.4,452140.3984873225,471461.0,452881.0,4507.0,0.1098673038526058,0.10849223153387086,15803,15803
job_name_name,name.name,utf8,static,trigram,trigram,contains_ang,%Ang%,StdSearch,5,3058037.0,582644.0,611607.4,608569.1724821725,739283.0,578105.0,4242.0,0.13980690060278475,0.1460277112733231,15803,15803
job_name_name,name.name,utf8,static,trigram,trigram,contains_angel,%Angel%,NaiveVectorizedV2,5,2682307.0,529729.0,536461.4,536074.2369445557,577398.0,377827.0,151902.0,0.12710981259467627,0.12863236823896101,12221,12227
job_name_name,name.name,utf8,static,trigram,trigram,contains_angel,%Angel%,NaiveVectorizedV2Wildcard,5,2754403.0,540479.0,550880.6,550468.2115176313,593363.0,385255.0,154711.0,0.12968930226843922,0.13208623882274273,12221,12227
job_name_name,name.name,utf8,static,trigram,trigram,contains_angel,%Angel%,StdSearch,5,3866229.0,671904.0,773245.8,752124.1807100391,1173205.0,520227.0,154292.0,0.1612250632334899,0.1804740983747872,12221,12227
job_name_name,name.name,utf8,static,trigram,full-scan,contains_b,%B%,NaiveVectorizedV2,5,272326979.0,54703307.0,54465395.8,54462180.797915064,55111425.0,54702848.0,110.0,13.126196793226429,13.068337951519256,536716,4167491
job_name_name,name.name,utf8,static,trigram,full-scan,contains_b,%B%,NaiveVectorizedV2Wildcard,5,341160237.0,68206644.0,68232047.4,68230731.0785357,68850232.0,68206543.0,110.0,16.36635664000234,16.37213639538411,536716,4167491
job_name_name,name.name,utf8,static,trigram,full-scan,contains_b,%B%,StdSearch,5,448193919.0,89324332.0,89638783.8,89632330.21290852,91092595.0,89324232.0,110.0,21.43359925672305,21.507504206465786,536716,4167491
job_name_name,name.name,utf8,static,trigram,trigram,contains_bert,%Bert%,NaiveVectorizedV2,5,1524853.0,300783.0,304970.6,304922.70909856854,311658.0,149666.0,151117.0,0.07217364116683156,0.07316697482935623,5216,5512
job_name_name,name.name,utf8,static,trigram,trigram,contains_bert,%Bert%,NaiveVectorizedV2Wildcard,5,1525775.0,301271.0,305155.0,305036.1472593799,322337.0,151595.0,149676.0,0.072290738000394,0.07319419460279099,5216,5512
job_name_name,name.name,utf8,static,trigram,trigram,contains_bert,%Bert%,StdSearch,5,1750304.0,349392.0,350060.8,350052.71137919027,353436.0,195891.0,153801.0,0.0838374935902681,0.0839960329558456,5216,5512
job_name_name,name.name,utf8,static,trigram,trigram,contains_downey_robert,%Downey%Robert%,NaiveVectorizedV2Wildcard,5,8919115.0,1587775.0,1783823.0,1749602.3061526318,2508613.0,1043544.0,547967.0,0.3809906248147866,0.41982149599186436,2,38049
job_name_name,name.name,utf8,static,trigram,trigram,contains_downey_robert,%Downey%Robert%,StdSearch,5,10067420.0,1894513.0,2013484.0,2006635.2138835518,2306494.0,1352402.0,552795.0,0.45459318328461895,0.48149719192760065,2,38049
job_name_name,name.name,utf8,static,trigram,trigram,contains_downey_robert,%Downey%Robert%,NaiveVectorizedV2,5,15681043.0,3203389.0,3136208.6,3088397.2922256715,3730024.0,2661415.0,548648.0,0.768661288050772,0.7410687370952137,2,38049
job_name_name,name.name,utf8,static,trigram,trigram,contains_tim,%Tim%,NaiveVectorizedV2Wildcard,5,2273731.0,452062.0,454746.2,454692.0108569773,468240.0,447228.0,4654.0,0.10847341961866265,0.10910449737191462,15502,15502
job_name_name,name.name,utf8,static,trigram,trigram,contains_tim,%Tim%,NaiveVectorizedV2,5,2519746.0,472050.0,503949.2,500028.71424343577,632057.0,466597.0,4703.0,0.11326959074416718,0.11998315395124684,15502,15502
job_name_name,name.name,utf8,static,trigram,trigram,contains_tim,%Tim%,StdSearch,5,2741464.0,542234.0,548292.8,548004.0707293528,583887.0,537500.0,4724.0,0.130110418954714,0.13149496201176022,15502,15502
job_name_name,name.name,utf8,static,trigram,full-scan,contains_yo,%Yo%,NaiveVectorizedV2,5,328538992.0,64549034.0,65707798.4,65650517.00836373,71288421.0,64548884.0,110.0,15.488703874825404,15.753007507002142,21066,4167491
job_name_name,name.name,utf8,static,trigram,full-scan,contains_yo,%Yo%,NaiveVectorizedV2Wildcard,5,336842053.0,67549334.0,67368410.6,67367381.60866287,67743048.0,67548873.0,110.0,16.208633443959446,16.164973507720326,21066,4167491
job_name_name,name.name,utf8,static,trigram,full-scan,contains_yo,%Yo%,StdSearch,5,439315426.0,87781976.0,87863085.2,87861672.51765119,88557342.0,87781866.0,110.0,21.063507035768044,21.082630416634597,21066,4167491
job_name_name,name.name,utf8,static,trigram,full-scan,not_contains_yu,%Yu%,NaiveVectorizedV2,5,330582465.0,65050214.0,66116493.0,66085631.90348748,70011409.0,65050094.0,110.0,15.60896328270415,15.857414425966939,16079,4167491
job_name_name,name.name,utf8,static,trigram,full-scan,not_contains_yu,%Yu%,NaiveVectorizedV2Wildcard,5,335147950.0,66859957.0,67029590.0,67028537.82849697,67673756.0,66859857.0,100.0,16.043215690207848,16.08366708614293,16079,4167491
job_name_name,name.name,utf8,static,trigram,full-scan,not_contains_yu,%Yu%,StdSearch,5,423752536.0,82492480.0,84750507.2,84613782.51892054,94637124.0,82491860.0,109.0,19.79427909982289,20.303291001449164,16079,4167491
job_name_name,name.name,utf8,static,trigram,full-scan,prefix_a,A%,NaiveVectorizedV2,5,69927341.0,13922885.0,13985468.2,13984555.625228671,14278133.0,13922785.0,100.0,3.340831449905951,3.355629472320075,177263,4167491
job_name_name,name.name,utf8,static,trigram,full-scan,prefix_a,A%,NaiveVectorizedV2Wildcard,5,71411944.0,14291930.0,14282388.8,14281837.76677074,14480724.0,14291800.0,90.0,3.4293847305249128,3.426963073650498,177263,4167491
job_name_name,name.name,utf8,static,trigram,full-scan,prefix_a,A%,StdSearch,5,96056375.0,15077521.0,19211275.0,18530880.078536488,26284596.0,15077421.0,100.0,3.6178892767854807,4.446531517053424,177263,4167491
job_name_name,name.name,utf8,static,trigram,full-scan,prefix_b,B%,NaiveVectorizedV2,5,69876592.0,13957362.0,13975318.4,13974998.404541334,14113202.0,13957322.0,80.0,3.349104293206632,3.353336193057475,343399,4167491
job_name_name,name.name,utf8,static,trigram,full-scan,prefix_b,B%,NaiveVectorizedV2Wildcard,5,70334467.0,13959801.0,14066893.4,14064650.656547973,14563704.0,13959721.0,81.0,3.3496895374219164,3.3748484775487206,343399,4167491
job_name_name,name.name,utf8,static,trigram,full-scan,prefix_b,B%,StdSearch,5,75841678.0,15174390.0,15168335.6,15168282.035912637,15231150.0,15174290.0,90.0,3.6411332382001547,3.6396676167777287,343399,4167491
job_name_name,name.name,utf8,static,trigram,full-scan,prefix_x,X%,NaiveVectorizedV2Wildcard,5,68702673.0,13721711.0,13740534.6,13739849.456108274,13920452.0,13721671.0,40.0,3.2925592400799424,3.2969116084733714,2664,4167491
job_name_name,name.name,utf8,static,trigram,full-scan,prefix_x,X%,NaiveVectorizedV2,5,69100188.0,13844782.0,13820037.6,13819593.523657177,13979612.0,13844742.0,90.0,3.3220904376278195,3.3160463990581297,2664,4167491
job_name_name,name.name,utf8,static,trigram,full-scan,prefix_x,X%,StdSearch,5,74827932.0,14964060.0,14965586.4,14965126.283637667,15152121.0,14963980.0,110.0,3.590664023029684,3.590919880483898,2664,4167491
job_name_name,name.name,utf8,static,trigram,full-scan,prefix_z,Z%,NaiveVectorizedV2,5,69500246.0,13942793.0,13900049.2,13899741.116772974,14015581.0,13942703.0,90.0,3.3456084248292317,3.335278016622698,36174,4167491
job_name_name,name.name,utf8,static,trigram,full-scan,prefix_z,Z%,NaiveVectorizedV2Wildcard,5,69865891.0,13956134.0,13973178.2,13972578.909653522,14189301.0,13956054.0,80.0,3.3488096315025033,3.3527556291431773,36174,4167491
job_name_name,name.name,utf8,static,trigram,full-scan,prefix_z,Z%,StdSearch,5,74509102.0,14860841.0,14901820.4,14901316.401858253,15141818.0,14860321.0,90.0,3.5658963630635316,3.575608538052819,36174,4167491
